l,branch_name,from_bus,to_bus,suscept,available
1,Branch_1,4365,4456,143.67816091954023,1
2,Branch_2,3332,4285,2000.0,1
3,Branch_3,3067,3081,2000.0,1
4,Branch_4,3724,3988,51.4668039114771,1
5,Branch_5,2956,3482,127.2264631043257,1
6,Branch_6,3170,3369,89.28571428571429,1
7,Branch_7,8787,8954,2000.0,1
8,Branch_8,5312,5400,67.24949562878278,1
9,Branch_9,5312,5489,72.67441860465117,1
10,Branch_10,5312,5343,129.5336787564767,1
11,Branch_11,3741,4669,2000.0,1
12,Branch_12,2003,2027,28.153153153153152,1
13,Branch_13,3789,4649,1123.5955056179776,1
14,Branch_14,3789,3964,182.4817518248175,1
15,Branch_15,2819,3915,159.4896331738437,1
16,Branch_16,3573,3642,77.22007722007721,1
17,Branch_17,3573,4311,96.43201542912247,1
18,Branch_18,3034,3573,138.69625520110958,1
19,Branch_19,3034,3377,87.71929824561404,1
20,Branch_20,3377,3915,107.29613733905579,1
21,Branch_24,3576,4563,57.93742757821553,1
22,Branch_25,3576,3642,74.96251874062969,1
23,Branch_26,1803,2484,11.723329425556859,1
24,Branch_27,4386,4649,289.8550724637681,1
25,Branch_28,2688,4563,36.205648081100655,1
26,Branch_29,3126,3858,112.73957158962796,1
27,Branch_30,3703,3858,75.24454477050413,1
28,Branch_31,3126,3246,58.75440658049354,1
29,Branch_32,2688,3858,50.53057099545225,1
30,Branch_33,2853,4563,28.951939779965258,1
31,Branch_35,3770,4563,46.403712296983755,1
32,Branch_36,3770,4256,18.96453631708705,1
33,Branch_38,2069,2379,342.4657534246575,1
34,Branch_39,3367,4045,160.0,1
35,Branch_40,4497,4615,256.4102564102564,1
36,Branch_41,3435,4045,649.3506493506494,1
37,Branch_42,3435,3682,1639.344262295082,1
38,Branch_43,3682,4615,156.49452269170578,1
39,Branch_47,2173,2489,117.78563015312132,1
40,Branch_48,3367,4046,150.6024096385542,1
41,Branch_49,3681,4499,97.18172983479106,1
42,Branch_50,3681,4025,826.4462809917355,1
43,Branch_51,4025,4046,793.6507936507936,1
44,Branch_56,3565,5038,112.61261261261261,1
45,Branch_59,3444,4439,207.0393374741201,1
46,Branch_60,3329,4001,78.98894154818325,1
47,Branch_61,3562,3738,230.4147465437788,1
48,Branch_62,4455,4797,434.7826086956522,1
49,Branch_63,3329,3762,115.2073732718894,1
50,Branch_64,3381,3762,346.02076124567475,1
51,Branch_65,3091,3381,134.2281879194631,1
52,Branch_66,3960,4439,166.9449081803005,1
53,Branch_67,3738,4584,291.5451895043732,1
54,Branch_68,3831,4584,980.3921568627451,1
55,Branch_70,3960,4001,200.40080160320642,1
56,Branch_71,3348,4001,165.56291390728478,1
57,Branch_72,4584,4797,107.9913606911447,1
58,Branch_73,2736,3381,50.25125628140704,1
59,Branch_74,4440,5038,126.90355329949239,1
60,Branch_75,3564,5038,138.50415512465375,1
61,Branch_77,1927,2575,76.21951219512195,1
62,Branch_78,4209,4386,283.28611898017,1
63,Branch_79,4209,4456,118.48341232227489,1
64,Branch_80,3832,4583,980.3921568627451,1
65,Branch_81,3961,4002,200.40080160320642,1
66,Branch_83,4002,4160,80.84074373484236,1
67,Branch_84,3367,4189,201.61290322580646,1
68,Branch_85,3615,4583,222.22222222222223,1
69,Branch_87,3737,4583,291.5451895043732,1
70,Branch_88,3563,3737,230.4147465437788,1
71,Branch_89,3563,3644,222.22222222222223,1
72,Branch_90,4160,4189,177.3049645390071,1
73,Branch_91,2940,4189,248.75621890547265,1
74,Branch_92,3347,4002,165.56291390728478,1
75,Branch_93,2726,3615,2000.0,1
76,Branch_94,2726,4798,163.3986928104575,1
77,Branch_95,4455,4798,434.7826086956522,1
78,Branch_96,3443,3737,840.3361344537815,1
79,Branch_97,3443,5038,2000.0,1
80,Branch_98,2735,3298,59.73715651135006,1
81,Branch_99,2735,4585,55.40166204986149,1
82,Branch_100,4411,4455,98.91196834817013,1
83,Branch_101,4063,4411,59.171597633136095,1
84,Branch_102,4063,4343,58.445353594389246,1
85,Branch_103,3378,4585,163.3986928104575,1
86,Branch_104,2735,4343,37.764350453172206,1
87,Branch_105,4719,4726,276.24309392265195,1
88,Branch_106,4718,4726,276.24309392265195,1
89,Branch_107,2069,2234,147.27540500736376,1
90,Branch_108,3122,4762,370.3703703703704,1
91,Branch_109,3122,4456,578.0346820809249,1
92,Branch_112,3367,4188,201.61290322580646,1
93,Branch_113,3328,4159,116.95906432748538,1
94,Branch_114,3380,3750,145.5604075691412,1
95,Branch_115,3328,3763,115.2073732718894,1
96,Branch_116,3380,3763,346.02076124567475,1
97,Branch_117,4159,4188,173.91304347826087,1
98,Branch_118,2736,3750,76.74597083653109,1
99,Branch_119,3090,3380,134.2281879194631,1
100,Branch_120,2939,4188,248.75621890547265,1
101,Branch_124,3444,3738,840.3361344537815,1
102,Branch_125,3444,5038,2000.0,1
103,Branch_129,4456,4762,222.22222222222223,1
104,Branch_131,5122,5431,32.102728731942214,1
105,Branch_132,5431,5501,26.845637583892618,1
106,Branch_133,3961,5038,70.77140835102618,1
107,Branch_140,1829,2234,90.66183136899366,1
108,Branch_142,3489,3577,188.32391713747646,1
109,Branch_143,3956,4276,68.87052341597796,1
110,Branch_144,3352,4276,51.84033177812338,1
111,Branch_145,3956,4819,65.7030223390276,1
112,Branch_146,3489,4819,134.40860215053763,1
113,Branch_147,1899,2544,75.52870090634441,1
114,Branch_149,1928,2042,73.31378299120234,1
115,Branch_150,2632,5159,68.1663258350375,1
116,Branch_151,3719,4028,137.5515818431912,1
117,Branch_152,3577,4681,52.43838489774515,1
118,Branch_153,2619,3719,85.98452278589853,1
119,Branch_154,2619,4681,138.50415512465375,1
120,Branch_155,5198,5448,29.585798816568047,1
121,Branch_156,3578,4265,139.08205841446454,1
122,Branch_157,3577,4318,66.09385327164574,1
123,Branch_158,4318,4692,202.83975659229208,1
124,Branch_159,4318,4681,253.80710659898477,1
125,Branch_160,4690,4789,2000.0,1
126,Branch_161,4692,4789,2000.0,1
127,Branch_162,6018,6095,212.7659574468085,1
128,Branch_163,3238,3333,209.20502092050208,1
129,Branch_164,3238,3577,58.37711617046118,1
130,Branch_165,3102,3238,571.4285714285714,1
131,Branch_166,3238,4369,71.02272727272727,1
132,Branch_167,5708,6056,24.81389578163772,1
133,Branch_168,8666,8905,63.45177664974619,1
134,Branch_169,8666,8744,63.73486297004462,1
135,Branch_170,8666,8817,21.734405564007826,1
136,Branch_171,8955,8987,258.3979328165375,1
137,Branch_172,8817,8896,123.60939431396787,1
138,Branch_173,8896,8955,2000.0,1
139,Branch_174,8987,8988,31.12356053532524,1
140,Branch_175,8840,8987,27.151778441487917,1
141,Branch_176,8655,8988,2000.0,1
142,Branch_177,8655,9169,61.61429451632779,1
143,Branch_178,2156,2591,67.02412868632707,1
144,Branch_179,2727,4498,104.9317943336831,1
145,Branch_180,3226,3511,1538.4615384615386,1
146,Branch_181,3226,4174,149.7005988023952,1
147,Branch_182,4174,4496,1123.5955056179776,1
148,Branch_183,4496,4648,245.09803921568627,1
149,Branch_184,2727,3511,751.8796992481203,1
150,Branch_186,1716,1829,21.408691928923144,1
151,Branch_187,4495,4648,242.13075060532688,1
152,Branch_188,3157,4255,117.9245283018868,1
153,Branch_189,3227,3584,147.05882352941177,1
154,Branch_190,3157,4501,119.47431302270012,1
155,Branch_191,3157,3510,621.1180124223603,1
156,Branch_192,4173,4495,1123.5955056179776,1
157,Branch_193,3584,4368,95.23809523809524,1
158,Branch_194,4173,4368,1282.051282051282,1
159,Branch_195,3227,3510,1538.4615384615386,1
160,Branch_197,5926,6407,401.60642570281124,1
161,Branch_198,2115,5619,15.299877600979192,1
162,Branch_200,3788,4648,116.95906432748538,1
163,Branch_201,3788,3939,109.40919037199124,1
164,Branch_203,1965,2213,20.837674515524068,1
165,Branch_204,5231,5524,19.04036557501904,1
166,Branch_205,5116,5414,34.73428273706148,1
167,Branch_206,5116,5524,31.201248049921997,1
168,Branch_207,1965,2144,46.2962962962963,1
169,Branch_208,5119,5353,2000.0,1
170,Branch_209,5115,5119,77.9423226812159,1
171,Branch_210,5115,5161,97.46588693957115,1
172,Branch_211,5119,5524,40.19292604501608,1
173,Branch_215,5100,5206,64.06149903907752,1
174,Branch_216,5100,5307,126.26262626262626,1
175,Branch_217,5100,5445,45.20795660036166,1
176,Branch_218,5117,5206,73.96449704142012,1
177,Branch_219,5112,5445,45.20795660036166,1
178,Branch_220,5117,5524,35.4735721887194,1
179,Branch_223,2303,2323,59.701492537313435,1
180,Branch_225,2342,6264,17.911517105498834,1
181,Branch_226,7637,8569,223.71364653243847,1
182,Branch_227,3480,3993,15.559358954411078,1
183,Branch_236,1937,2028,7.957981855801369,1
184,Branch_238,3812,4437,13.05653479566523,1
185,Branch_239,3812,4355,17.37921445950643,1
186,Branch_241,4437,4953,46.62004662004662,1
187,Branch_242,2837,4953,2000.0,1
188,Branch_243,2967,3993,35.98416696653472,1
189,Branch_244,2967,4953,19.952114924181963,1
190,Branch_245,5066,5184,165.8374792703151,1
191,Branch_246,5066,5398,72.04610951008645,1
192,Branch_247,5066,5345,333.3333333333333,1
193,Branch_248,5070,5184,763.3587786259542,1
194,Branch_249,5064,5398,47.57373929590866,1
195,Branch_250,4665,5064,29.394473838918284,1
196,Branch_251,2823,3516,23.507287259050305,1
197,Branch_252,3516,4665,16.863406408094434,1
198,Branch_253,2823,3246,32.733224222585925,1
199,Branch_255,2497,5895,20.755500207555002,1
200,Branch_257,5181,5491,85.5431993156544,1
201,Branch_258,5246,5345,34.18803418803419,1
202,Branch_259,5142,5246,34.18803418803419,1
203,Branch_260,5107,5181,28.240609997175937,1
204,Branch_261,5107,5322,28.87669650591972,1
205,Branch_262,5107,5142,15.688735487919674,1
206,Branch_263,5491,5492,43.440486533449175,1
207,Branch_264,5437,5492,9.96710854181202,1
208,Branch_265,5161,5437,45.08566275924256,1
209,Branch_266,5134,5322,65.57377049180327,1
210,Branch_267,5097,5322,2000.0,1
211,Branch_270,2281,2592,43.38394793926247,1
212,Branch_272,5242,5261,56.882821387940844,1
213,Branch_273,5196,5228,82.98755186721992,1
214,Branch_277,5242,5533,42.62574595055413,1
215,Branch_278,5261,5550,892.8571428571429,1
216,Branch_279,5122,5418,14.84560570071259,1
217,Branch_280,5418,5533,20.990764063811923,1
218,Branch_282,5179,5426,24.33682161109759,1
219,Branch_283,5189,5512,143.88489208633092,1
220,Branch_284,5096,5189,77.33952049497293,1
221,Branch_285,5345,5426,12.12856276531231,1
222,Branch_286,5270,5372,62.93266205160478,1
223,Branch_287,5096,5295,50.70993914807302,1
224,Branch_288,5188,5270,42.5531914893617,1
225,Branch_289,5189,5195,23.872045834328002,1
226,Branch_290,5270,5426,42.99226139294927,1
227,Branch_291,5188,5207,30.497102775236353,1
228,Branch_292,5295,5372,27.01242571582928,1
229,Branch_293,5215,5512,38.02281368821293,1
230,Branch_294,5195,5533,81.76614881439085,1
231,Branch_295,5158,5195,847.457627118644,1
232,Branch_296,5374,5415,16.331863465621428,1
233,Branch_297,5198,5341,273.972602739726,1
234,Branch_298,5207,5415,26.72367717797969,1
235,Branch_299,5341,5374,20.124773596297043,1
236,Branch_300,1970,2027,15.121729925903523,1
237,Branch_302,5531,5550,33.244680851063826,1
238,Branch_303,5196,5531,48.2392667631452,1
239,Branch_304,5196,5345,23.674242424242426,1
240,Branch_305,1904,5419,11.665888940737284,1
241,Branch_306,1904,2107,37.85011355034065,1
242,Branch_309,3331,4467,32.6797385620915,1
243,Branch_310,3684,4287,41.63197335553705,1
244,Branch_311,3331,4287,216.91973969631238,1
245,Branch_312,3336,3713,90.66183136899366,1
246,Branch_313,3419,3791,68.4931506849315,1
247,Branch_314,3791,4412,526.3157894736842,1
248,Branch_315,2952,3336,80.32128514056225,1
249,Branch_316,2952,4412,189.3939393939394,1
250,Branch_317,2952,3022,117.37089201877934,1
251,Branch_318,3941,4759,173.61111111111111,1
252,Branch_319,3420,4759,113.25028312570781,1
253,Branch_322,3355,3941,16.142050040355127,1
254,Branch_323,3246,4403,37.93626707132018,1
255,Branch_324,4311,4403,122.24938875305624,1
256,Branch_327,1729,1969,12.856775520699408,1
257,Branch_328,3246,3865,35.842293906810035,1
258,Branch_329,4480,4537,116.14401858304298,1
259,Branch_330,3392,3658,2000.0,1
260,Branch_332,3392,4480,105.3740779768177,1
261,Branch_333,3865,4537,98.13542688910697,1
262,Branch_334,4480,4872,222.71714922048997,1
263,Branch_335,2819,4872,869.5652173913044,1
264,Branch_336,3170,4091,62.18905472636816,1
265,Branch_337,1969,2487,6.699718611818303,1
266,Branch_338,7676,8065,134.04825737265415,1
267,Branch_339,4091,4967,14.940983116689079,1
268,Branch_340,7079,7591,59.45303210463734,1
269,Branch_341,7113,7591,81.9000819000819,1
270,Branch_345,3246,4967,27.616680475006905,1
271,Branch_346,2213,2305,93.10986964618249,1
272,Branch_347,3518,3551,343.64261168384877,1
273,Branch_348,3551,4499,140.0560224089636,1
274,Branch_349,3551,4639,217.3913043478261,1
275,Branch_350,3439,3943,43.936731107205624,1
276,Branch_351,3652,4639,108.57763300760044,1
277,Branch_352,3518,4628,174.21602787456445,1
278,Branch_353,3943,3998,227.79043280182233,1
279,Branch_354,3691,3943,160.25641025641025,1
280,Branch_355,3530,3691,103.41261633919338,1
281,Branch_356,3652,3998,282.4858757062147,1
282,Branch_357,1970,2407,19.440124416796266,1
283,Branch_358,3672,3931,68.68131868131869,1
284,Branch_359,3920,3931,226.75736961451247,1
285,Branch_360,2620,3862,129.5336787564767,1
286,Branch_361,3224,3837,92.08103130755065,1
287,Branch_362,3920,4641,60.09615384615385,1
288,Branch_363,3862,4497,103.95010395010395,1
289,Branch_364,3224,4349,129.87012987012986,1
290,Branch_365,3929,4641,153.60983102918587,1
291,Branch_366,3131,3920,787.4015748031496,1
292,Branch_367,2620,3931,103.30578512396694,1
293,Branch_368,3224,3929,2000.0,1
294,Branch_369,6677,7036,30.084235860409144,1
295,Branch_370,2026,2502,133.5113484646195,1
296,Branch_371,4044,4250,869.5652173913044,1
297,Branch_372,3261,4044,264.55026455026456,1
298,Branch_373,3590,4044,215.05376344086022,1
299,Branch_374,3861,4499,103.41261633919338,1
300,Branch_375,3590,3861,98.71668311944718,1
301,Branch_376,3261,3721,729.92700729927,1
302,Branch_377,3721,4816,534.75935828877,1
303,Branch_378,4194,4816,153.60983102918587,1
304,Branch_379,5603,6214,17.23543605653223,1
305,Branch_380,5187,5318,23.91772303276728,1
306,Branch_381,5187,5340,43.2338953739732,1
307,Branch_382,5198,5340,11.560693641618498,1
308,Branch_383,5161,5318,37.453183520599254,1
309,Branch_384,5750,5827,139.66480446927375,1
310,Branch_385,5231,5404,114.41647597254004,1
311,Branch_386,5262,5304,558.659217877095,1
312,Branch_387,5262,5404,114.41647597254004,1
313,Branch_388,5161,5304,16.046213093709884,1
314,Branch_389,2393,2487,15.733165512901195,1
315,Branch_390,2081,2210,12.196609342602756,1
316,Branch_391,5111,5417,578.0346820809249,1
317,Branch_392,5106,5417,32.1646831778707,1
318,Branch_393,5103,5106,80.64516129032258,1
319,Branch_394,5094,5106,151.9756838905775,1
320,Branch_395,5091,5103,134.9527665317139,1
321,Branch_396,5094,5098,95.51098376313276,1
322,Branch_397,5091,5161,353.35689045936397,1
323,Branch_398,5091,5452,144.50867052023122,1
324,Branch_399,5094,5307,183.8235294117647,1
325,Branch_400,5110,5111,2000.0,1
326,Branch_401,7481,7576,2000.0,1
327,Branch_402,2976,4681,102.56410256410257,1
328,Branch_403,2976,3160,186.9158878504673,1
329,Branch_404,3106,3160,215.9827213822894,1
330,Branch_405,2547,2568,34.36426116838488,1
331,Branch_406,1096,1344,1515.1515151515152,1
332,Branch_407,1096,1344,1515.1515151515152,1
333,Branch_408,294,1096,178.57142857142858,1
334,Branch_409,294,1096,178.57142857142858,1
335,Branch_410,294,303,1030.9278350515465,1
336,Branch_411,294,303,1030.9278350515465,1
337,Branch_412,303,1683,448.4304932735426,1
338,Branch_413,303,1683,448.4304932735426,1
339,Branch_414,6779,7265,1315.7894736842106,1
340,Branch_415,6495,6779,258.3979328165375,1
341,Branch_417,6970,7502,90.00900090009002,1
342,Branch_418,6566,6970,1190.4761904761904,1
343,Branch_419,6970,7481,100.50251256281408,1
344,Branch_420,7502,7503,20.3210729526519,1
345,Branch_423,362,1054,19.036740909956215,1
346,Branch_424,228,1054,132.4503311258278,1
347,Branch_425,7265,7266,390.625,1
348,Branch_426,99,1306,485.43689320388347,1
349,Branch_427,384,1306,184.1620626151013,1
350,Branch_428,453,746,645.1612903225806,1
351,Branch_429,7234,7236,75.18796992481202,1
352,Branch_430,7234,7235,75.18796992481202,1
353,Branch_431,419,423,374.53183520599254,1
354,Branch_433,9046,9047,2000.0,1
355,Branch_434,7316,7318,235.2941176470588,1
356,Branch_435,7316,7317,724.6376811594203,1
357,Branch_436,7012,7317,28.555111364934323,1
358,Branch_437,6546,7040,62.93266205160478,1
359,Branch_438,7164,7165,806.4516129032259,1
360,Branch_439,7163,7164,2000.0,1
361,Branch_440,1139,1173,45.433893684688776,1
362,Branch_441,6717,7054,50.403225806451616,1
363,Branch_442,6494,7054,2000.0,1
364,Branch_443,6493,7054,2000.0,1
365,Branch_444,7054,7323,42.99226139294927,1
366,Branch_445,7040,7041,2000.0,1
367,Branch_446,7041,7531,31.575623618566468,1
368,Branch_447,21,299,116.95906432748538,1
369,Branch_448,7183,7185,75.18796992481202,1
370,Branch_449,7183,7184,75.18796992481202,1
371,Branch_450,6516,7183,71.78750897343862,1
372,Branch_451,6550,7041,71.32667617689016,1
373,Branch_452,6550,7348,253.16455696202533,1
374,Branch_453,6550,7348,263.85224274406335,1
375,Branch_454,6550,7499,2000.0,1
376,Branch_455,6540,7531,1818.1818181818182,1
377,Branch_456,6540,7531,1639.344262295082,1
378,Branch_457,99,1613,526.3157894736842,1
379,Branch_458,99,529,239.8081534772182,1
380,Branch_459,6540,6935,49.14004914004914,1
381,Branch_460,2771,4065,2000.0,1
382,Branch_461,7023,7360,2000.0,1
383,Branch_462,7023,7223,81.23476848090984,1
384,Branch_463,7024,7163,129.87012987012986,1
385,Branch_464,7024,7360,2000.0,1
386,Branch_467,7320,7504,183.8235294117647,1
387,Branch_471,6550,6880,33.467202141900934,1
388,Branch_472,6550,6880,36.48303538854433,1
389,Branch_474,7428,7512,292.39766081871346,1
390,Branch_477,7360,7361,2000.0,1
391,Branch_478,7151,7152,450.45045045045043,1
392,Branch_479,6635,7150,1111.111111111111,1
393,Branch_480,7150,7428,1315.7894736842106,1
394,Branch_481,7150,7151,2000.0,1
395,Branch_482,7225,7226,241.54589371980677,1
396,Branch_483,7224,7225,2000.0,1
397,Branch_484,7224,7317,65.1890482398957,1
398,Branch_486,6880,7379,2000.0,1
399,Branch_487,6717,7519,32.22687721559781,1
400,Branch_488,6717,7479,1851.851851851852,1
401,Branch_490,308,415,431.0344827586207,1
402,Branch_492,6882,7481,2000.0,1
403,Branch_493,2668,2675,2000.0,1
404,Branch_494,362,974,64.35006435006434,1
405,Branch_495,7519,7520,221.72949002217294,1
406,Branch_496,7227,7519,1470.5882352941176,1
407,Branch_497,7227,7519,1470.5882352941176,1
408,Branch_498,7308,7310,191.57088122605364,1
409,Branch_499,7308,7500,2000.0,1
410,Branch_500,7308,7309,191.57088122605364,1
411,Branch_501,7291,7308,2000.0,1
412,Branch_502,529,1485,161.81229773462783,1
413,Branch_503,6977,7477,2000.0,1
414,Branch_504,7173,7183,2000.0,1
415,Branch_505,7237,7238,2000.0,1
416,Branch_506,7249,7320,2000.0,1
417,Branch_507,7237,7249,2000.0,1
418,Branch_509,383,937,147.49262536873155,1
419,Branch_510,383,937,143.88489208633092,1
420,Branch_511,6420,7503,8.88651915044877,1
421,Branch_513,7163,7303,81.9000819000819,1
422,Branch_514,7302,7303,2000.0,1
423,Branch_515,6926,7024,99.10802775024777,1
424,Branch_516,6926,7378,1369.86301369863,1
425,Branch_517,6926,7379,140.0560224089636,1
426,Branch_518,6880,6926,120.33694344163658,1
427,Branch_519,6926,7241,66.66666666666667,1
428,Branch_521,6656,7545,341.29692832764505,1
429,Branch_522,6655,6656,27.586206896551722,1
430,Branch_524,2771,4551,62.38303181534623,1
431,Branch_525,415,416,2000.0,1
432,Branch_526,415,1344,286.5329512893983,1
433,Branch_528,6935,7501,1190.4761904761904,1
434,Branch_529,7199,7234,2000.0,1
435,Branch_530,6614,7199,1000.0,1
436,Branch_531,6495,7531,26.116479498563592,1
437,Branch_532,6495,6496,1449.2753623188405,1
438,Branch_533,6550,7145,1851.851851851852,1
439,Branch_535,7145,7531,22.967386311437757,1
440,Branch_536,6496,6497,2000.0,1
441,Branch_537,6427,7275,2000.0,1
442,Branch_538,228,236,2000.0,1
443,Branch_539,228,239,2000.0,1
444,Branch_540,228,1231,109.64912280701755,1
445,Branch_541,6576,6880,63.13131313131313,1
446,Branch_542,6843,7475,1369.86301369863,1
447,Branch_543,6529,6843,67.34006734006734,1
448,Branch_544,6563,6843,307.6923076923077,1
449,Branch_545,6502,7315,2000.0,1
450,Branch_546,7224,7315,110.86474501108647,1
451,Branch_547,6576,7315,50.8646998982706,1
452,Branch_548,6565,6902,334.44816053511704,1
453,Branch_549,6565,6902,316.45569620253167,1
454,Branch_551,746,887,37.174721189591075,1
455,Branch_552,7271,7272,2000.0,1
456,Branch_553,7269,7271,2000.0,1
457,Branch_554,7313,7314,61.576354679802954,1
458,Branch_555,7312,7313,2000.0,1
459,Branch_556,6529,7312,37.5234521575985,1
460,Branch_557,6517,7304,172.1170395869191,1
461,Branch_558,7304,7306,2000.0,1
462,Branch_559,7304,7305,172.41379310344828,1
463,Branch_560,308,1344,377.35849056603774,1
464,Branch_561,7290,7304,2000.0,1
465,Branch_562,6518,7323,1369.86301369863,1
466,Branch_563,7323,7324,2000.0,1
467,Branch_564,7242,7243,303.030303030303,1
468,Branch_565,7241,7323,584.7953216374269,1
469,Branch_566,7241,7243,1449.2753623188405,1
470,Branch_568,6478,6481,2000.0,1
471,Branch_569,7448,7502,8.631851532153647,1
472,Branch_570,6565,7448,127.7139208173691,1
473,Branch_571,7448,7503,14.74491300501327,1
474,Branch_572,7301,7448,318.47133757961785,1
475,Branch_573,7301,7448,362.3188405797101,1
476,Branch_577,543,1139,2000.0,1
477,Branch_578,308,1139,75.18796992481202,1
478,Branch_579,6609,7502,2000.0,1
479,Branch_580,529,1211,2000.0,1
480,Branch_581,2771,4930,2000.0,1
481,Branch_582,2771,4930,2000.0,1
482,Branch_583,7187,7189,134.9527665317139,1
483,Branch_584,7187,7188,305.8103975535168,1
484,Branch_585,7187,7190,112.4859392575928,1
485,Branch_586,7188,7512,537.6344086021505,1
486,Branch_587,7188,7428,819.672131147541,1
487,Branch_588,6477,7519,125.94458438287154,1
488,Branch_589,6477,7481,13.877324451845684,1
489,Branch_590,6565,7007,17.094017094017094,1
490,Branch_591,6419,7007,11.862396204033214,1
491,Branch_592,6656,7007,65.359477124183,1
492,Branch_593,7275,7276,71.94244604316546,1
493,Branch_594,6429,6430,76.92307692307692,1
494,Branch_596,308,1300,41.80602006688963,1
495,Branch_597,6460,6964,44.1306266548985,1
496,Branch_599,6460,6964,50.8130081300813,1
497,Branch_600,6563,6964,24.28363283147159,1
498,Branch_601,4793,4794,2000.0,1
499,Branch_602,4792,4793,72.46376811594203,1
500,Branch_603,6779,6887,389.10505836575874,1
501,Branch_604,6887,7531,17.68972227136034,1
502,Branch_605,6887,6944,220.26431718061673,1
503,Branch_606,6624,7303,149.92503748125938,1
504,Branch_607,6624,7370,564.9717514124294,1
505,Branch_608,6624,7162,91.74311926605505,1
506,Branch_609,6624,7564,2000.0,1
507,Branch_610,6624,7312,89.92805755395683,1
508,Branch_611,3914,4027,689.6551724137931,1
509,Branch_612,3106,4533,282.4858757062147,1
510,Branch_613,3532,3797,529.1005291005291,1
511,Branch_614,3042,3914,114.5475372279496,1
512,Branch_615,3532,3914,76.27765064836004,1
513,Branch_616,3797,4533,151.9756838905775,1
514,Branch_617,3532,4243,847.457627118644,1
515,Branch_619,3042,3074,239.8081534772182,1
516,Branch_620,2737,3848,50.327126321087064,1
517,Branch_621,2700,3848,269.54177897574124,1
518,Branch_622,2700,4236,239.8081534772182,1
519,Branch_623,2737,3352,113.50737797956867,1
520,Branch_624,3074,4236,87.7963125548727,1
521,Branch_625,3074,3497,263.85224274406335,1
522,Branch_627,1987,2541,25.753283543651815,1
523,Branch_628,1838,2036,15.686274509803921,1
524,Branch_629,3476,3610,147.49262536873155,1
525,Branch_630,3610,4410,296.7359050445104,1
526,Branch_631,3684,3952,1408.4507042253522,1
527,Branch_632,3979,4693,109.64912280701755,1
528,Branch_633,3979,4410,952.3809523809524,1
529,Branch_634,3979,4681,473.93364928909955,1
530,Branch_635,3610,4339,129.19896640826875,1
531,Branch_636,4693,4790,2000.0,1
532,Branch_637,4691,4790,2000.0,1
533,Branch_638,3952,4339,122.85012285012284,1
534,Branch_641,6578,7228,2000.0,1
535,Branch_642,6616,6693,34.80682213713888,1
536,Branch_643,6428,6616,74.57121551081282,1
537,Branch_644,6616,6802,2000.0,1
538,Branch_645,6428,6983,16.949152542372882,1
539,Branch_646,6693,7002,20.89427496865859,1
540,Branch_647,6983,7002,21.03491796381994,1
541,Branch_649,5996,6391,55.55555555555556,1
542,Branch_650,6194,6391,1351.3513513513512,1
543,Branch_652,5996,6194,57.971014492753625,1
544,Branch_654,6443,7092,16.40150893882237,1
545,Branch_655,6677,6951,133.6898395721925,1
546,Branch_656,6814,6951,225.73363431151242,1
547,Branch_657,7541,7558,65.57377049180327,1
548,Branch_658,7092,7541,47.66444232602478,1
549,Branch_660,6951,7558,49.97501249375313,1
550,Branch_663,7541,7592,52.91005291005291,1
551,Branch_668,7088,7592,1333.3333333333333,1
552,Branch_672,6866,7079,51.124744376278116,1
553,Branch_673,6770,6866,99.2063492063492,1
554,Branch_674,6453,7181,1282.051282051282,1
555,Branch_675,7087,7332,1724.1379310344828,1
556,Branch_676,7105,7332,26.53927813163482,1
557,Branch_677,7332,7334,285.7142857142857,1
558,Branch_680,7087,7333,1298.7012987012988,1
559,Branch_681,7104,7333,26.673779674579887,1
560,Branch_682,7333,7335,273.224043715847,1
561,Branch_685,6535,7449,2000.0,1
562,Branch_686,6432,7248,21.24946876328092,1
563,Branch_687,6678,7248,31.877590054191902,1
564,Branch_689,6919,7533,21.326508850501174,1
565,Branch_690,7110,7533,28.129395218002813,1
566,Branch_691,6919,7605,2000.0,1
567,Branch_692,7172,7472,64.47453255963894,1
568,Branch_693,6422,7172,51.22950819672131,1
569,Branch_694,7078,7472,46.2962962962963,1
570,Branch_698,7144,7191,1351.3513513513512,1
571,Branch_699,7078,7191,45.578851412944395,1
572,Branch_701,2065,2501,18.338529249954153,1
573,Branch_702,2993,4452,96.89922480620154,1
574,Branch_704,2107,2537,56.36978579481398,1
575,Branch_705,2479,2537,79.23930269413628,1
576,Branch_706,2459,2479,26.42007926023778,1
577,Branch_711,4095,4452,86.05851979345955,1
578,Branch_712,3403,4091,49.77600796416127,1
579,Branch_714,3403,4091,49.77600796416127,1
580,Branch_715,1945,2280,16.257519102584947,1
581,Branch_716,3726,4608,60.86427267194157,1
582,Branch_717,2983,4400,54.734537493158186,1
583,Branch_718,3124,4175,2000.0,1
584,Branch_719,4175,4465,288.1844380403458,1
585,Branch_720,3141,4465,328.94736842105266,1
586,Branch_721,4344,4465,66.97923643670462,1
587,Branch_722,3124,3340,169.7792869269949,1
588,Branch_723,3124,3772,158.47860538827257,1
589,Branch_724,3401,3772,183.8235294117647,1
590,Branch_725,3772,4355,46.04051565377532,1
591,Branch_726,4344,4608,144.3001443001443,1
592,Branch_727,2983,3726,29.248318221702252,1
593,Branch_729,3726,4768,51.440329218106996,1
594,Branch_730,3383,4768,39.33910306845004,1
595,Branch_731,3383,4562,70.87172218284904,1
596,Branch_732,4562,5122,22.47696111485727,1
597,Branch_734,3954,4355,96.24639076034649,1
598,Branch_735,3726,3954,26.511134676564158,1
599,Branch_736,1794,2290,46.08294930875576,1
600,Branch_737,5231,5430,14.068655036578503,1
601,Branch_738,2047,2547,12.701638511367966,1
602,Branch_739,5222,5326,96.71179883945841,1
603,Branch_740,5231,5326,64.02048655569783,1
604,Branch_741,5222,5486,67.0690811535882,1
605,Branch_742,5271,5486,22.56317689530686,1
606,Branch_743,5271,5429,40.849673202614376,1
607,Branch_744,5429,5448,76.86395080707149,1
608,Branch_745,1887,2547,47.30368968779565,1
609,Branch_746,2404,2562,22.8675966155957,1
610,Branch_747,1887,2034,41.35649296939619,1
611,Branch_748,3473,4954,884.9557522123894,1
612,Branch_749,3025,4355,52.770448548812666,1
613,Branch_750,3025,3473,98.03921568627452,1
614,Branch_751,4954,4972,2000.0,1
615,Branch_752,4954,5122,41.63197335553705,1
616,Branch_753,1727,2034,35.16174402250352,1
617,Branch_755,3210,3618,66.00660066006601,1
618,Branch_756,3618,3939,59.347181008902076,1
619,Branch_757,3593,3618,1265.8227848101267,1
620,Branch_758,3593,4558,1098.901098901099,1
621,Branch_761,3221,4811,104.4932079414838,1
622,Branch_762,3388,3745,403.2258064516129,1
623,Branch_763,3388,3923,353.35689045936397,1
624,Branch_764,3923,4811,386.1003861003861,1
625,Branch_765,3221,4561,176.3668430335097,1
626,Branch_766,3194,4561,65.65988181221273,1
627,Branch_767,3286,4561,173.91304347826087,1
628,Branch_768,3210,3745,217.3913043478261,1
629,Branch_769,7073,7433,2000.0,1
630,Branch_770,7072,7433,20.69108214359611,1
631,Branch_771,6575,7144,48.03073967339097,1
632,Branch_778,7068,7174,36.350418029807344,1
633,Branch_779,7121,7523,149.47683109118086,1
634,Branch_780,7113,7523,50.9683995922528,1
635,Branch_781,7080,7549,34.17634996582365,1
636,Branch_782,6579,7550,2000.0,1
637,Branch_783,6579,7551,2000.0,1
638,Branch_785,7427,7473,1282.051282051282,1
639,Branch_786,6542,6543,312.5,1
640,Branch_787,6442,6543,72.46376811594203,1
641,Branch_788,6542,6585,32.40440699935191,1
642,Branch_789,7427,7549,450.45045045045043,1
643,Branch_790,6585,7473,877.1929824561404,1
644,Branch_791,6585,6586,103.62694300518135,1
645,Branch_792,6442,7110,37.878787878787875,1
646,Branch_793,6457,7110,1265.8227848101267,1
647,Branch_794,6446,6457,29.7441998810232,1
648,Branch_795,6445,6457,166.11295681063123,1
649,Branch_798,6575,7537,92.42144177449168,1
650,Branch_799,7068,7456,96.06147934678194,1
651,Branch_800,6560,7456,96.06147934678194,1
652,Branch_802,7077,7447,249.37655860349128,1
653,Branch_803,6575,7447,263.85224274406335,1
654,Branch_804,7174,7537,37.778617302606726,1
655,Branch_812,2235,2544,26.130128037627383,1
656,Branch_813,4033,4888,81.9672131147541,1
657,Branch_816,4081,4089,50.0751126690035,1
658,Branch_817,3572,4081,302.11480362537765,1
659,Branch_818,3068,3572,37.467216185837394,1
660,Branch_819,7036,7048,16.592002654720424,1
661,Branch_822,7121,7596,2000.0,1
662,Branch_823,7094,7596,19.770660340055358,1
663,Branch_828,1854,2076,5.643022402798939,1
664,Branch_829,2993,4523,272.47956403269757,1
665,Branch_830,5229,5428,96.43201542912247,1
666,Branch_831,5229,5400,25.113008538422903,1
667,Branch_832,5428,5511,51.78663904712584,1
668,Branch_833,5315,5511,14.386419220256078,1
669,Branch_834,5136,5315,19.37233630375823,1
670,Branch_835,5136,5207,144.0922190201729,1
671,Branch_836,3375,4799,64.02048655569783,1
672,Branch_837,8704,8938,380.22813688212926,1
673,Branch_838,8850,8938,40.48582995951417,1
674,Branch_839,8936,9196,9.810654370646523,1
675,Branch_840,8710,8936,19.565642731363724,1
676,Branch_841,8850,9196,18.102824040550328,1
677,Branch_842,8659,9160,36.46973012399708,1
678,Branch_843,8704,9160,78.49293563579278,1
679,Branch_845,2079,2603,30.13863773357444,1
680,Branch_846,2776,3375,159.23566878980893,1
681,Branch_847,8704,8816,207.9002079002079,1
682,Branch_848,8816,9160,75.07507507507508,1
683,Branch_850,2513,2549,25.419420437214033,1
684,Branch_851,1872,2548,29.18855808523059,1
685,Branch_853,8615,8901,29.01915264074289,1
686,Branch_854,8901,9210,925.925925925926,1
687,Branch_855,9210,9339,186.9158878504673,1
688,Branch_856,8615,8838,43.2338953739732,1
689,Branch_857,8659,8838,704.2253521126761,1
690,Branch_858,8815,9046,109.64912280701755,1
691,Branch_859,9046,9210,123.76237623762377,1
692,Branch_861,8737,8872,18.248175182481752,1
693,Branch_863,8737,9339,186.9158878504673,1
694,Branch_864,8704,9339,57.971014492753625,1
695,Branch_865,9339,9344,2000.0,1
696,Branch_866,1871,2076,3.2375032375032373,1
697,Branch_867,8704,9339,57.971014492753625,1
698,Branch_868,8732,9169,1449.2753623188405,1
699,Branch_869,1915,2077,25.913449080072557,1
700,Branch_870,8696,8710,45.662100456621005,1
701,Branch_871,8696,8732,26.737967914438503,1
702,Branch_874,1915,1935,94.2507068803016,1
703,Branch_875,8634,8643,25.207965717166626,1
704,Branch_876,8643,8710,34.87966515521451,1
705,Branch_877,8634,8865,34.72222222222222,1
706,Branch_878,8865,9169,53.61930294906166,1
707,Branch_879,1843,2077,30.48780487804878,1
708,Branch_880,5717,6049,32.010243277848915,1
709,Branch_881,4095,4295,1000.0,1
710,Branch_882,8619,8813,74.57121551081282,1
711,Branch_883,8629,8813,352.11267605633805,1
712,Branch_884,8629,9321,123.76237623762377,1
713,Branch_885,8713,8740,33.97893306150187,1
714,Branch_886,8735,8740,943.3962264150944,1
715,Branch_887,8740,8799,113.76564277588169,1
716,Branch_888,8695,8813,31.47623544224111,1
717,Branch_889,8799,9321,185.87360594795538,1
718,Branch_890,8799,8956,81.43322475570032,1
719,Branch_891,8956,9169,48.47309743092583,1
720,Branch_892,6892,7147,869.5652173913044,1
721,Branch_896,8619,8959,1000.0,1
722,Branch_897,7048,7065,35.77817531305904,1
723,Branch_899,7067,7594,29.41176470588235,1
724,Branch_902,8619,8916,123.76237623762377,1
725,Branch_903,8710,8916,11.883541295306001,1
726,Branch_904,6519,7147,144.3001443001443,1
727,Branch_905,6519,7176,28.868360277136258,1
728,Branch_909,7069,7176,28.37684449489217,1
729,Branch_919,4378,4548,200.80321285140562,1
730,Branch_920,4192,4378,719.4244604316547,1
731,Branch_921,2776,4548,1204.8192771084337,1
732,Branch_922,4026,4454,145.5604075691412,1
733,Branch_923,3065,4454,263.85224274406335,1
734,Branch_924,3346,3408,141.643059490085,1
735,Branch_925,3065,3346,67.93478260869566,1
736,Branch_926,1492,1872,15.725743041358704,1
737,Branch_927,2776,4888,60.27727546714888,1
738,Branch_928,3754,4026,74.8502994011976,1
739,Branch_929,3408,3754,118.90606420927467,1
740,Branch_930,2405,2406,2000.0,1
741,Branch_932,2954,3408,121.8026796589525,1
742,Branch_933,2198,2587,20.30869212022746,1
743,Branch_934,3036,4442,122.85012285012284,1
744,Branch_935,3026,3128,212.31422505307856,1
745,Branch_936,3906,4185,62.893081761006286,1
746,Branch_937,3095,3408,181.8181818181818,1
747,Branch_938,3026,4442,117.096018735363,1
748,Branch_939,3352,4185,53.07855626326964,1
749,Branch_940,3128,3906,71.5307582260372,1
750,Branch_942,3146,4442,500.0,1
751,Branch_943,3095,3146,273.224043715847,1
752,Branch_944,3146,3734,147.71048744460856,1
753,Branch_945,2405,2406,1923.076923076923,1
754,Branch_946,1492,2155,15.926102882624622,1
755,Branch_947,2776,4671,2000.0,1
756,Branch_948,3944,4323,47.84688995215311,1
757,Branch_949,3408,4226,61.01281269066504,1
758,Branch_950,3944,4226,151.9756838905775,1
759,Branch_951,4163,4464,64.06149903907752,1
760,Branch_952,3352,3951,28.5143997718848,1
761,Branch_953,3179,4366,136.79890560875512,1
762,Branch_954,3746,4464,172.71157167530225,1
763,Branch_955,4205,4366,2000.0,1
764,Branch_956,3179,4383,909.0909090909091,1
765,Branch_957,3746,4383,26.666666666666668,1
766,Branch_958,3951,4205,195.69471624266146,1
767,Branch_959,2618,4163,19.07304978065993,1
768,Branch_960,2618,4323,49.504950495049506,1
769,Branch_961,1475,1492,38.61003861003861,1
770,Branch_962,5080,5333,17.755681818181817,1
771,Branch_963,5080,5251,18.747656542932134,1
772,Branch_964,5251,5354,31.645569620253166,1
773,Branch_965,5251,5422,57.4052812858783,1
774,Branch_966,5317,5438,96.52509652509653,1
775,Branch_967,5212,5438,84.7457627118644,1
776,Branch_968,5422,8872,48.44961240310077,1
777,Branch_969,5477,5480,24.324981756263682,1
778,Branch_970,5294,5317,71.22507122507122,1
779,Branch_971,5317,5477,97.27626459143968,1
780,Branch_972,5354,5480,2000.0,1
781,Branch_973,2677,4809,2000.0,1
782,Branch_974,2677,4808,2000.0,1
783,Branch_975,2198,2513,57.971014492753625,1
784,Branch_976,1881,2221,74.6268656716418,1
785,Branch_977,1759,1881,51.62622612287042,1
786,Branch_978,1882,2220,74.6268656716418,1
787,Branch_979,1759,1882,50.994390617032124,1
788,Branch_981,1873,2356,224.2152466367713,1
789,Branch_982,1756,2356,30.646644192460926,1
790,Branch_983,1759,2433,77.39938080495357,1
791,Branch_984,1756,2411,540.5405405405405,1
792,Branch_985,2411,2433,40.502227622519236,1
793,Branch_987,1772,2405,121.21212121212122,1
794,Branch_988,1772,2423,99.2063492063492,1
795,Branch_989,2434,2510,56.72149744753261,1
796,Branch_990,1873,2357,224.2152466367713,1
797,Branch_991,2357,2510,76.86395080707149,1
798,Branch_992,1759,2434,77.39938080495357,1
799,Branch_994,1787,2562,45.49590536851683,1
800,Branch_995,2390,2392,67.65899864682002,1
801,Branch_996,2186,2392,35.486160397445,1
802,Branch_997,7017,7508,1190.4761904761904,1
803,Branch_998,1815,2586,110.13215859030836,1
804,Branch_999,2364,2559,189.3939393939394,1
805,Branch_1001,2002,2103,106.04453870625663,1
806,Branch_1002,2002,2221,82.44023083264634,1
807,Branch_1003,2478,2589,68.39945280437756,1
808,Branch_1004,2103,2384,107.87486515641855,1
809,Branch_1005,2384,2478,161.81229773462783,1
810,Branch_1006,2186,2406,41.18616144975288,1
811,Branch_1007,7343,7511,2000.0,1
812,Branch_1008,2220,2521,83.75209380234506,1
813,Branch_1009,2126,2201,32.195750160978754,1
814,Branch_1010,5765,6049,24.636610002463662,1
815,Branch_1011,6608,6609,7.81983109164842,1
816,Branch_1012,2706,4845,30.571690614490983,1
817,Branch_1013,4059,4821,149.7005988023952,1
818,Branch_1014,3771,4545,70.0280112044818,1
819,Branch_1015,3771,4059,39.37007874015748,1
820,Branch_1016,4821,4956,510.2040816326531,1
821,Branch_1017,3402,4821,243.30900243309003,1
822,Branch_1018,2706,4956,70.12622720897616,1
823,Branch_1019,3352,4845,72.20216606498195,1
824,Branch_1020,3352,4545,14.499057561258518,1
825,Branch_1021,4545,4715,28.24858757062147,1
826,Branch_1022,4713,4715,43.15925766076823,1
827,Branch_1023,3189,3352,43.066322136089575,1
828,Branch_1024,3189,4715,45.20795660036166,1
829,Branch_1025,3776,5401,27.159152634437806,1
830,Branch_1027,4394,4895,22.33638597274961,1
831,Branch_1028,4394,4507,518.1347150259068,1
832,Branch_1029,3649,4449,30.59039461609055,1
833,Branch_1030,2589,4507,22.7842333105491,1
834,Branch_1031,3649,4895,83.75209380234506,1
835,Branch_1032,3170,4449,28.70264064293915,1
836,Branch_1035,2126,2513,37.993920972644375,1
837,Branch_1037,2390,2459,11.879306248515087,1
838,Branch_1038,2106,2459,483.09178743961354,1
839,Branch_1040,2458,2459,409.8360655737705,1
840,Branch_1042,2130,2459,11.00957833314984,1
841,Branch_1043,2130,2789,24.015369836695484,1
842,Branch_1044,2789,3170,145.34883720930233,1
843,Branch_1045,1802,2390,1851.851851851852,1
844,Branch_1047,2513,2563,31.220730565095224,1
845,Branch_1049,2459,2552,75.98784194528875,1
846,Branch_1051,2186,2556,23.618327822390174,1
847,Branch_1052,2443,2556,68.63417982155113,1
848,Branch_1053,3352,4367,51.78663904712584,1
849,Branch_1054,2805,4367,60.82725060827251,1
850,Branch_1055,2805,4156,1282.051282051282,1
851,Branch_1056,4156,4898,14.806040864672786,1
852,Branch_1057,3863,4898,36.85956505713233,1
853,Branch_1058,2948,4156,2000.0,1
854,Branch_1059,1927,2513,12.027904738994467,1
855,Branch_1060,3326,3980,116.14401858304298,1
856,Branch_1061,3326,3953,92.5925925925926,1
857,Branch_1062,3326,4687,52.826201796090864,1
858,Branch_1063,3684,3953,1587.3015873015872,1
859,Branch_1064,4055,4687,89.28571428571429,1
860,Branch_1065,3057,4687,75.47169811320755,1
861,Branch_1066,3057,4069,52.91005291005291,1
862,Branch_1069,1759,2423,86.73026886383347,1
863,Branch_1070,2085,2513,28.885037550548816,1
864,Branch_1071,3578,3776,137.93103448275863,1
865,Branch_1072,2390,2406,15.820281601012498,1
866,Branch_1075,1773,2423,99.2063492063492,1
867,Branch_1076,1773,2405,121.21212121212122,1
868,Branch_1077,2364,2513,14.066676044450697,1
869,Branch_1078,5292,5385,87.87346221441125,1
870,Branch_1079,5192,5220,259.7402597402597,1
871,Branch_1080,5208,5220,111.11111111111111,1
872,Branch_1081,5208,5292,467.2897196261682,1
873,Branch_1082,5292,5380,164.74464579901152,1
874,Branch_1083,5342,5489,69.97900629811056,1
875,Branch_1084,5320,5329,126.42225031605562,1
876,Branch_1085,5293,5385,1492.5373134328358,1
877,Branch_1086,5293,5329,75.24454477050413,1
878,Branch_1087,5293,5379,606.060606060606,1
879,Branch_1088,2968,2973,42.122999157540015,1
880,Branch_1089,7619,8325,68.1663258350375,1
881,Branch_1090,3154,4445,170.64846416382252,1
882,Branch_1091,2535,2591,1204.8192771084337,1
883,Branch_1092,4445,4955,95.87727708533077,1
884,Branch_1093,3041,4064,19.61553550411926,1
885,Branch_1094,4064,4476,20.79002079002079,1
886,Branch_1095,3041,4955,143.88489208633092,1
887,Branch_1097,2689,3480,12.840267077555213,1
888,Branch_1098,2690,4476,25.779840164990976,1
889,Branch_1099,2685,2690,1190.4761904761904,1
890,Branch_1100,2685,2689,1190.4761904761904,1
891,Branch_1105,2443,2552,129.5336787564767,1
892,Branch_1107,1927,1948,13.40662287169862,1
893,Branch_1109,2676,3947,70.6713780918728,1
894,Branch_1110,4332,4579,13.401232913428036,1
895,Branch_1111,3028,4332,2000.0,1
896,Branch_1112,3028,4445,18.145527127563057,1
897,Branch_1113,1927,2583,105.15247108307045,1
898,Branch_1114,5280,5401,45.392646391284615,1
899,Branch_1116,3335,3566,361.01083032490976,1
900,Branch_1117,3566,3742,869.5652173913044,1
901,Branch_1118,3742,5023,680.2721088435375,1
902,Branch_1119,3566,4874,110.86474501108647,1
903,Branch_1120,2962,5023,128.7001287001287,1
904,Branch_1121,5144,5198,17.319016279875303,1
905,Branch_1122,5144,5384,38.417210910487896,1
906,Branch_1123,5192,5303,96.06147934678194,1
907,Branch_1124,5303,5384,74.73841554559043,1
908,Branch_1125,1849,2335,79.42811755361397,1
909,Branch_1126,3454,4426,41.98152812762385,1
910,Branch_1127,3454,4062,106.15711252653928,1
911,Branch_1128,3403,4917,160.0,1
912,Branch_1129,3454,4917,16.88048615800135,1
913,Branch_1130,4062,4240,101.01010101010101,1
914,Branch_1131,4240,4657,46.2962962962963,1
915,Branch_1133,3890,4657,106.26992561105207,1
916,Branch_1134,2814,3454,199.20318725099602,1
917,Branch_1136,2836,3454,41.98152812762385,1
918,Branch_1137,2836,2839,158.22784810126583,1
919,Branch_1138,3890,3916,152.67175572519085,1
920,Branch_1139,2819,3916,188.32391713747646,1
921,Branch_1140,2839,5036,520.8333333333334,1
922,Branch_1143,1850,2498,27.578599007170435,1
923,Branch_1145,3045,3170,158.47860538827257,1
924,Branch_1146,3045,3403,62.93266205160478,1
925,Branch_1148,2955,4418,699.3006993006993,1
926,Branch_1149,3474,4919,84.03361344537815,1
927,Branch_1150,4418,4919,77.04160246533128,1
928,Branch_1151,3474,4263,42.158516020236085,1
929,Branch_1152,4263,4924,25.031289111389235,1
930,Branch_1153,4418,4869,56.08524957936063,1
931,Branch_1154,4919,5532,2000.0,1
932,Branch_1155,4868,4869,346.02076124567475,1
933,Branch_1156,2966,5122,129.03225806451613,1
934,Branch_1157,2966,4869,164.74464579901152,1
935,Branch_1158,2966,3912,164.74464579901152,1
936,Branch_1159,4309,4467,76.4525993883792,1
937,Branch_1160,4309,4924,238.6634844868735,1
938,Branch_1161,4680,4924,970.8737864077669,1
939,Branch_1162,3585,4467,53.05039787798408,1
940,Branch_1163,3585,3710,50.22601707684581,1
941,Branch_1164,3710,4545,87.41258741258741,1
942,Branch_1165,2486,2563,27.027027027027028,1
943,Branch_1167,5325,5330,69.44444444444444,1
944,Branch_1168,5141,5489,48.19277108433735,1
945,Branch_1169,5141,5425,155.52099533437013,1
946,Branch_1170,5141,5325,50.35246727089628,1
947,Branch_1171,5320,5493,76.62835249042145,1
948,Branch_1172,5325,5423,289.01734104046244,1
949,Branch_1173,5330,5493,15.432098765432098,1
950,Branch_1174,5416,5489,900.9009009009009,1
951,Branch_1175,5320,5416,41.911148365465216,1
952,Branch_1176,3315,4451,76.4525993883792,1
953,Branch_1177,4401,4982,344.82758620689657,1
954,Branch_1178,3743,4922,166.11295681063123,1
955,Branch_1179,3449,4401,144.3001443001443,1
956,Branch_1180,3449,4451,51.975051975051976,1
957,Branch_1181,3743,4982,45.91368227731864,1
958,Branch_1182,4922,4937,2000.0,1
959,Branch_1183,4874,4922,119.47431302270012,1
960,Branch_1184,3439,4252,82.16926869350863,1
961,Branch_1185,3531,4252,77.1604938271605,1
962,Branch_1186,3439,4129,247.52475247524754,1
963,Branch_1187,1987,2364,24.195499637067506,1
964,Branch_1188,3766,4311,36.350418029807344,1
965,Branch_1190,3557,4997,213.67521367521368,1
966,Branch_1191,2819,3557,59.916117435590174,1
967,Branch_1192,3766,4997,182.81535648994515,1
968,Branch_1193,2819,4528,1351.3513513513512,1
969,Branch_1194,2099,2343,22.055580061755624,1
970,Branch_1195,2931,4311,335.5704697986577,1
971,Branch_1196,3393,3659,2000.0,1
972,Branch_1198,3393,3907,107.52688172043011,1
973,Branch_1199,2931,3907,28.20078962210942,1
974,Branch_1200,2931,4329,1041.6666666666667,1
975,Branch_1201,2819,3907,363.6363636363636,1
976,Branch_1203,2851,3403,38.15337657382678,1
977,Branch_1204,2851,3152,41.459369817578775,1
978,Branch_1205,3152,3634,50.505050505050505,1
979,Branch_1206,3634,5016,170.94017094017093,1
980,Branch_1207,2858,5016,54.85463521667581,1
981,Branch_1208,2820,2858,54.43658138268917,1
982,Branch_1211,3480,3860,61.19951040391677,1
983,Branch_1212,1713,2364,12.328936012822094,1
984,Branch_1213,3702,4567,132.6259946949602,1
985,Branch_1214,5095,5240,2.44552591034702,1
986,Branch_1215,5084,5377,3.7993920972644375,1
987,Branch_1216,5085,5095,7.759155803848541,1
988,Branch_1217,5127,5535,724.6376811594203,1
989,Branch_1218,2364,2541,66.00660066006601,1
990,Branch_1220,5240,5487,5.918210333195241,1
991,Branch_1221,5487,5535,653.59477124183,1
992,Branch_1222,5122,5537,645.1612903225806,1
993,Branch_1223,1846,2364,17.568517217146873,1
994,Branch_1224,5240,5369,7.711884013264441,1
995,Branch_1225,5269,5474,9.148293843198244,1
996,Branch_1226,5269,5369,7.422802850356295,1
997,Branch_1227,5155,5474,13.10272536687631,1
998,Branch_1231,1713,1954,26.518164942985944,1
999,Branch_1232,8683,8728,6.410667350471184,1
1000,Branch_1233,8683,9170,4.527550142617829,1
1001,Branch_1234,8728,8762,69.3000693000693,1
1002,Branch_1235,1713,2071,61.387354205033766,1
1003,Branch_1236,8679,8762,5.304195618734419,1
1004,Branch_1237,8688,8849,5.09061290979434,1
1005,Branch_1238,8679,8848,11.309658448314861,1
1006,Branch_1239,8688,9159,14.992503748125937,1
1007,Branch_1240,2026,2352,183.8235294117647,1
1008,Branch_1241,5125,5359,142.45014245014244,1
1009,Branch_1242,5344,5427,5.3873505010235965,1
1010,Branch_1243,1713,2400,20.012007204322593,1
1011,Branch_1246,1975,2400,87.7963125548727,1
1012,Branch_1247,3267,3581,5.651952749675012,1
1013,Branch_1248,3582,4603,14.501160092807424,1
1014,Branch_1250,3578,3600,2000.0,1
1015,Branch_1251,8692,8775,15.487068297971193,1
1016,Branch_1252,8708,8874,108.34236186348862,1
1017,Branch_1253,8692,8708,4.570383912248629,1
1018,Branch_1255,1927,2037,79.74481658692186,1
1019,Branch_1256,3578,3603,2000.0,1
1020,Branch_1257,3054,6020,10.843634786380395,1
1021,Branch_1258,1804,1974,47.326076668244205,1
1022,Branch_1259,8667,8774,11.132138483802738,1
1023,Branch_1260,8667,8814,5.240540823813017,1
1024,Branch_1261,1846,2176,43.917435221783045,1
1025,Branch_1262,3351,3578,120.62726176115802,1
1026,Branch_1263,1803,2604,126.26262626262626,1
1027,Branch_1277,2188,2349,115.74074074074075,1
1028,Branch_1278,1802,2509,90.82652134423252,1
1029,Branch_1279,2144,2225,30.084235860409144,1
1030,Branch_1281,1815,1968,86.4304235090752,1
1031,Branch_1282,5211,5334,60.16847172081829,1
1032,Branch_1283,7762,8494,245.7002457002457,1
1033,Branch_1284,5104,5183,6.7114093959731544,1
1034,Branch_1285,5339,5420,11.285407967498026,1
1035,Branch_1286,5104,5339,8.682816705739342,1
1036,Branch_1287,5186,5339,16.43115346697338,1
1037,Branch_1288,5139,5186,23.3590282644242,1
1038,Branch_1289,5135,5420,5.863726984871584,1
1039,Branch_1290,7762,7778,53.85029617662897,1
1040,Branch_1293,2026,2252,24.84472049689441,1
1041,Branch_1294,2291,2530,54.734537493158186,1
1042,Branch_1295,5159,5235,259.0673575129534,1
1043,Branch_1296,3351,3578,120.62726176115802,1
1044,Branch_1297,3021,3807,8.442380751371887,1
1045,Branch_1298,9335,9340,10.895619960775768,1
1046,Branch_1299,2607,9340,1.9077416154756,1
1047,Branch_1300,1864,1873,34.51846738004833,1
1048,Branch_1301,2607,3807,3.6500346753294157,1
1049,Branch_1302,1864,2213,17.975912277548087,1
1050,Branch_1303,2710,3351,121.35922330097087,1
1051,Branch_1304,2199,2220,72.93946024799416,1
1052,Branch_1308,1724,1864,29.325513196480937,1
1053,Branch_1309,2710,5211,75.9301442672741,1
1054,Branch_1311,3214,3547,31.09452736318408,1
1055,Branch_1312,3547,4634,12.656625743576763,1
1056,Branch_1313,3547,4350,8.365400702693659,1
1057,Branch_1314,3924,4635,21.03491796381994,1
1058,Branch_1315,3924,4534,16.869095816464238,1
1059,Branch_1316,4336,5019,19.387359441644048,1
1060,Branch_1317,4336,4578,4.476676515355001,1
1061,Branch_1318,3924,5019,13.176966662274344,1
1062,Branch_1321,2498,2575,27.74694783573807,1
1063,Branch_1322,3776,4072,181.15942028985506,1
1064,Branch_1323,5356,5365,6.86436024162548,1
1065,Branch_1324,5249,5355,6.846970215679562,1
1066,Branch_1325,4514,4589,12.4750499001996,1
1067,Branch_1326,4589,5249,11.224604332697272,1
1068,Branch_1327,3503,4589,77.76049766718506,1
1069,Branch_1328,1873,2370,37.299515106303616,1
1070,Branch_1329,3180,4072,172.1170395869191,1
1071,Branch_1330,3889,4564,18.889308651303363,1
1072,Branch_1331,4427,4481,62.421972534332085,1
1073,Branch_1332,4427,4614,18.52537977028529,1
1074,Branch_1333,4613,4644,9.10166560480568,1
1075,Branch_1334,3889,4427,62.421972534332085,1
1076,Branch_1335,3996,4644,5.715592135345222,1
1077,Branch_1336,2213,2333,523.5602094240837,1
1078,Branch_1337,3180,4483,396.8253968253968,1
1079,Branch_1338,3889,4564,18.889308651303363,1
1080,Branch_1339,3169,3889,37.59398496240601,1
1081,Branch_1340,4427,4614,15.743073047858942,1
1082,Branch_1341,4613,4644,9.10166560480568,1
1083,Branch_1342,3889,4427,104.71204188481676,1
1084,Branch_1343,3996,4644,5.715592135345222,1
1085,Branch_1344,2337,2568,85.25149190110827,1
1086,Branch_1345,4072,4483,120.04801920768307,1
1087,Branch_1346,3815,4564,7.047216349541931,1
1088,Branch_1347,3815,4310,56.14823133071308,1
1089,Branch_1348,3075,3815,59.45303210463734,1
1090,Branch_1349,2036,5793,65.27415143603133,1
1091,Branch_1350,2605,4483,2000.0,1
1092,Branch_1351,2605,3964,377.35849056603774,1
1093,Branch_1352,5124,5235,111.11111111111111,1
1094,Branch_1353,3056,4698,21.963540522732263,1
1095,Branch_1354,6376,6407,11.453441759248655,1
1096,Branch_1355,3578,3683,264.55026455026456,1
1097,Branch_1356,3683,3776,221.72949002217294,1
1098,Branch_1358,4698,4780,6.496037417175523,1
1099,Branch_1359,3829,4780,16.68613382279326,1
1100,Branch_1360,3829,3959,31.25,1
1101,Branch_1361,2199,2520,88.10572687224669,1
1102,Branch_1363,3818,3871,8.278145695364238,1
1103,Branch_1364,5829,6236,218.8183807439825,1
1104,Branch_1365,8836,8906,59.701492537313435,1
1105,Branch_1366,8836,8870,7.416747014759326,1
1106,Branch_1369,2213,2523,50.68423720223011,1
1107,Branch_1370,8777,8906,4.936808846761453,1
1108,Branch_1371,8778,8909,7.555723460521345,1
1109,Branch_1372,6176,6182,39.96802557953637,1
1110,Branch_1373,2793,4938,2000.0,1
1111,Branch_1374,3067,4637,7.762167197081425,1
1112,Branch_1375,6146,6176,60.56935190793458,1
1113,Branch_1376,3462,5348,204.91803278688525,1
1114,Branch_1377,2682,3663,64.93506493506493,1
1115,Branch_1378,3009,3663,11.599582415033058,1
1116,Branch_1379,5745,5922,17.22949689869056,1
1117,Branch_1380,3462,5349,204.91803278688525,1
1118,Branch_1381,3305,3996,3.946329913180742,1
1119,Branch_1382,3009,3305,11.403808872163303,1
1120,Branch_1383,3305,3792,12.330456226880395,1
1121,Branch_1384,2682,3397,8.2223318533136,1
1122,Branch_1385,2056,2213,48.94762604013705,1
1123,Branch_1386,3778,3987,6.959910913140312,1
1124,Branch_1387,3928,3987,30.826140567200987,1
1125,Branch_1388,3928,4187,26.961445133459154,1
1126,Branch_1389,3928,3986,11.559357299734135,1
1127,Branch_1390,4187,4374,7.851758793969849,1
1128,Branch_1391,3241,4374,38.417210910487896,1
1129,Branch_1392,3986,3996,6.345982992765579,1
1130,Branch_1393,3241,4416,9.998000399920016,1
1131,Branch_1394,2056,2058,42.034468263976464,1
1132,Branch_1395,2632,3462,51.4668039114771,1
1133,Branch_1396,2632,4938,432.9004329004329,1
1134,Branch_1397,3161,3725,5.054334091483447,1
1135,Branch_1398,3120,3996,3.665286075578199,1
1136,Branch_1399,3161,3597,11.406410402646287,1
1137,Branch_1400,3121,3828,28.011204481792717,1
1138,Branch_1401,3597,3828,6.520179956966812,1
1139,Branch_1402,1923,2213,40.19292604501608,1
1140,Branch_1403,3462,4938,58.13953488372093,1
1141,Branch_1404,2088,2342,12.175818823815902,1
1142,Branch_1405,5057,5235,259.0673575129534,1
1143,Branch_1406,3021,4436,7.265857734505558,1
1144,Branch_1407,4233,4524,12.416190712689346,1
1145,Branch_1408,3538,4524,2000.0,1
1146,Branch_1409,3067,4524,3.5752592062924564,1
1147,Branch_1410,4234,4436,7.440476190476191,1
1148,Branch_1411,3538,4225,19.849146486701073,1
1149,Branch_1415,2234,2469,211.41649048625794,1
1150,Branch_1416,4607,4920,229.3577981651376,1
1151,Branch_1417,5344,5370,3.667571334262451,1
1152,Branch_1418,4356,4689,8.509189925119129,1
1153,Branch_1419,4689,5073,10.336985734959686,1
1154,Branch_1420,5067,5073,8.756567425569177,1
1155,Branch_1421,5065,5067,31.665611146295124,1
1156,Branch_1422,5073,5140,8.755800717975658,1
1157,Branch_1423,5068,5370,2.5872551809785,1
1158,Branch_1424,3060,3882,38.40245775729647,1
1159,Branch_1425,3027,4218,9.08595311648192,1
1160,Branch_1426,3027,3882,23.623907394283016,1
1161,Branch_1427,3882,5140,11.163206072784103,1
1162,Branch_1428,2214,2278,16.663889351774703,1
1163,Branch_1429,3248,4607,1639.344262295082,1
1164,Branch_1430,1913,2214,90.74410163339383,1
1165,Branch_1431,3496,4425,19.688915140775745,1
1166,Branch_1432,3496,4659,5.435668859053107,1
1167,Branch_1433,4525,4658,2.242403856934634,1
1168,Branch_1434,3833,4658,144.0922190201729,1
1169,Branch_1437,1724,2213,31.665611146295124,1
1170,Branch_1438,4920,4929,2000.0,1
1171,Branch_1439,2108,2111,6.509145349215648,1
1172,Branch_1441,2006,2112,11.99472232217824,1
1173,Branch_1442,2006,2444,112.10762331838565,1
1174,Branch_1444,2444,3171,2.7125264471328596,1
1175,Branch_1446,5708,5958,12.333497779970399,1
1176,Branch_1447,5958,6021,28.129395218002813,1
1177,Branch_1449,5033,5349,51.62622612287042,1
1178,Branch_1451,4356,5535,2.824778961046298,1
1179,Branch_1452,4230,4356,8.210180623973727,1
1180,Branch_1453,3158,3233,27.070925825663238,1
1181,Branch_1454,3233,4089,138.88888888888889,1
1182,Branch_1456,5673,5745,14.712373105781962,1
1183,Branch_1457,3857,4338,11.71234481143125,1
1184,Branch_1458,3159,4338,7.081651441116068,1
1185,Branch_1459,3857,4043,22.119000221190003,1
1186,Branch_1460,3135,4303,23.40276152586005,1
1187,Branch_1461,3639,4303,136.05442176870747,1
1188,Branch_1462,4043,4880,8.91503967192654,1
1189,Branch_1463,3368,4058,5.733616191732126,1
1190,Branch_1464,3515,4058,24.307243558580456,1
1191,Branch_1465,3515,4448,27.22570106180234,1
1192,Branch_1466,5324,5453,52.38344683080147,1
1193,Branch_1467,5191,5362,67.65899864682002,1
1194,Branch_1468,5108,5362,40.12841091492777,1
1195,Branch_1469,5108,5453,104.27528675703859,1
1196,Branch_1470,5349,5421,40.46944556859571,1
1197,Branch_1471,5368,5484,4.922713399625874,1
1198,Branch_1472,5114,5368,4.924895345973898,1
1199,Branch_1473,5135,5484,4.5075501464953796,1
1200,Branch_1475,5114,5535,5.214036185411127,1
1201,Branch_1478,1971,2209,4.924167815639157,1
1202,Branch_1479,1941,2073,30.637254901960784,1
1203,Branch_1480,5033,5054,2000.0,1
1204,Branch_1481,3188,4077,4.564125969876769,1
1205,Branch_1484,4800,4818,151.05740181268882,1
1206,Branch_1485,1971,2248,5.382710733125202,1
1207,Branch_1486,3397,3829,8.539709649871904,1
1208,Branch_1487,4800,4818,162.33766233766235,1
1209,Branch_1488,1905,2172,74.01924500370096,1
1210,Branch_1489,4920,5033,869.5652173913044,1
1211,Branch_1490,2703,2710,2000.0,1
1212,Branch_1491,2704,2710,2000.0,1
1213,Branch_1492,2101,2128,45.289855072463766,1
1214,Branch_1493,3101,3949,10.993843447669304,1
1215,Branch_1495,2187,3949,4.425366199052972,1
1216,Branch_1496,3552,4842,7.691716021844473,1
1217,Branch_1497,3044,3552,8.835483300936561,1
1218,Branch_1503,2174,2600,19.35733643050716,1
1219,Branch_1504,6178,6183,39.936102236421725,1
1220,Branch_1505,3044,3171,39.635354736424894,1
1221,Branch_1506,5863,5971,14.238929232521714,1
1222,Branch_1515,5069,5348,826.4462809917355,1
1223,Branch_1518,1778,2232,55.18763796909492,1
1224,Branch_1519,1911,2573,116.27906976744185,1
1225,Branch_1520,2067,2573,57.17552887364208,1
1226,Branch_1522,1911,2496,33.222591362126245,1
1227,Branch_1523,1961,2073,32.829940906106366,1
1228,Branch_1525,1883,2496,25.342118601115054,1
1229,Branch_1526,5168,5221,45.248868778280546,1
1230,Branch_1528,1716,1867,67.29475100942126,1
1231,Branch_1529,3462,5221,91.6590284142988,1
1232,Branch_1530,5790,8489,5.754071005236205,1
1233,Branch_1531,1841,2144,118.06375442739079,1
1234,Branch_1532,3462,5221,91.6590284142988,1
1235,Branch_1533,1841,1963,63.171193935565384,1
1236,Branch_1534,5863,6049,16.433853738701725,1
1237,Branch_1535,1752,1841,28.61230329041488,1
1238,Branch_1536,5348,5421,41.649312786339024,1
1239,Branch_1537,2144,2369,69.63788300835654,1
1240,Branch_1538,5081,5221,120.04801920768307,1
1241,Branch_1539,1840,2595,39.666798889329634,1
1242,Branch_1540,5081,5221,120.04801920768307,1
1243,Branch_1541,1860,2553,62.57822277847309,1
1244,Branch_1542,5221,5432,2000.0,1
1245,Branch_1543,2349,2558,123.15270935960591,1
1246,Branch_1544,5221,5432,2000.0,1
1247,Branch_1545,2063,2483,13.795006207752794,1
1248,Branch_1546,5221,5348,60.38647342995169,1
1249,Branch_1547,1747,2345,43.89815627743635,1
1250,Branch_1548,5984,6015,19.73164956590371,1
1251,Branch_1549,1897,2131,162.60162601626016,1
1252,Branch_1550,2231,5867,45.146726862302486,1
1253,Branch_1551,1897,2545,175.7469244288225,1
1254,Branch_1552,2659,3172,1282.051282051282,1
1255,Branch_1553,2079,2500,61.576354679802954,1
1256,Branch_1554,3650,3714,132.1003963011889,1
1257,Branch_1555,1730,2583,25.03755633450175,1
1258,Branch_1556,3650,3714,135.13513513513513,1
1259,Branch_1557,1950,2512,16.86056314280897,1
1260,Branch_1558,1749,1850,26.65955745134631,1
1261,Branch_1559,1749,2512,22.040996253030638,1
1262,Branch_1560,2321,2338,4.701457451810061,1
1263,Branch_1561,2254,5867,49.6031746031746,1
1264,Branch_1562,2321,2507,4.440891731059597,1
1265,Branch_1563,3248,3701,217.8649237472767,1
1266,Branch_1564,2070,2507,8.236553825879252,1
1267,Branch_1565,3702,4867,689.6551724137931,1
1268,Branch_1566,1944,2507,68.44626967830253,1
1269,Branch_1567,3248,4867,334.44816053511704,1
1270,Branch_1568,1980,2070,3.1939697850458333,1
1271,Branch_1569,1980,2329,28.6697247706422,1
1272,Branch_1570,2072,2506,49.75124378109453,1
1273,Branch_1571,2068,2125,190.83969465648855,1
1274,Branch_1572,6146,6178,60.49606775559589,1
1275,Branch_1573,1941,2597,75.18796992481202,1
1276,Branch_1574,1784,5867,19.960079840319363,1
1277,Branch_1575,1926,2403,43.327556325823224,1
1278,Branch_1576,2241,2499,35.536602700781806,1
1279,Branch_1577,1926,2046,77.76049766718506,1
1280,Branch_1578,1926,2046,77.76049766718506,1
1281,Branch_1579,2125,2499,31.436655139893116,1
1282,Branch_1580,5613,5829,19.047619047619047,1
1283,Branch_1581,1754,2241,30.8546744831842,1
1284,Branch_1582,7700,8404,4.334445841099216,1
1285,Branch_1583,1947,2585,552.4861878453039,1
1286,Branch_1584,5576,5919,27.75464890369137,1
1287,Branch_1585,1921,1974,247.52475247524754,1
1288,Branch_1586,1814,2153,10.695187165775401,1
1289,Branch_1588,3172,4980,293.2551319648094,1
1290,Branch_1589,1926,2125,24.783147459727385,1
1291,Branch_1590,6763,6827,6.680026720106881,1
1292,Branch_1591,7636,8233,5.420935653493793,1
1293,Branch_1592,1771,1814,17.885888034340905,1
1294,Branch_1593,1814,2087,5.599104143337066,1
1295,Branch_1595,3438,5005,145.98540145985402,1
1296,Branch_1596,3310,3438,199.20318725099602,1
1297,Branch_1598,3310,5005,555.5555555555555,1
1298,Branch_1599,4072,5005,555.5555555555555,1
1299,Branch_1600,8240,8547,8.605851979345955,1
1300,Branch_1601,3438,3964,173.61111111111111,1
1301,Branch_1602,2087,2585,16.501650165016503,1
1302,Branch_1603,4072,5005,552.4861878453039,1
1303,Branch_1604,8209,8398,6.190034045187248,1
1304,Branch_1605,1944,2585,17.57469244288225,1
1305,Branch_1606,3248,4980,79.87220447284345,1
1306,Branch_1608,2996,3317,746.2686567164179,1
1307,Branch_1609,3052,3505,775.1937984496124,1
1308,Branch_1610,3505,4647,84.53085376162299,1
1309,Branch_1611,3052,3317,2000.0,1
1310,Branch_1612,1719,2277,337.8378378378378,1
1311,Branch_1614,2997,3475,2000.0,1
1312,Branch_1615,3318,3475,1000.0,1
1313,Branch_1616,3051,3507,775.1937984496124,1
1314,Branch_1617,3475,3491,1063.8297872340424,1
1315,Branch_1618,3507,4647,84.60236886632826,1
1316,Branch_1619,3051,3318,2000.0,1
1317,Branch_1620,1920,2063,66.2251655629139,1
1318,Branch_1622,3514,4453,189.75332068311195,1
1319,Branch_1623,3385,4453,96.89922480620154,1
1320,Branch_1624,3228,3514,115.47344110854503,1
1321,Branch_1625,3084,3228,2000.0,1
1322,Branch_1626,3084,4069,54.141851651326476,1
1323,Branch_1631,1861,1920,30.039050765995796,1
1324,Branch_1632,2318,2533,31.585596967782692,1
1325,Branch_1635,5157,5234,259.0673575129534,1
1326,Branch_1636,6827,6976,2.0661157024793386,1
1327,Branch_1637,3964,4500,202.02020202020202,1
1328,Branch_1638,2969,2980,109.05125408942203,1
1329,Branch_1639,2969,4484,240.96385542168676,1
1330,Branch_1640,2980,4086,152.9051987767584,1
1331,Branch_1641,4086,4559,173.3102253032929,1
1332,Branch_1642,1871,1992,15.356265356265355,1
1333,Branch_1643,2868,4980,2000.0,1
1334,Branch_1645,3619,4553,1515.1515151515152,1
1335,Branch_1646,3648,4080,248.13895781637717,1
1336,Branch_1647,3327,3648,248.13895781637717,1
1337,Branch_1648,3619,3648,104.9317943336831,1
1338,Branch_1649,3181,3630,66.53359946773121,1
1339,Branch_1650,3327,4031,467.2897196261682,1
1340,Branch_1651,3630,4000,518.1347150259068,1
1341,Branch_1652,3327,4000,150.15015015015015,1
1342,Branch_1653,2980,3933,99.00990099009901,1
1343,Branch_1654,3630,3933,56.78591709256104,1
1344,Branch_1655,1851,1992,37.95066413662239,1
1345,Branch_1656,2980,3588,94.42870632672333,1
1346,Branch_1657,2986,3669,132.9787234042553,1
1347,Branch_1658,2912,2986,82.91873963515755,1
1348,Branch_1659,3669,4389,242.71844660194174,1
1349,Branch_1660,4206,4389,312.5,1
1350,Branch_1661,3588,4389,288.1844380403458,1
1351,Branch_1662,656,1992,5.459111256687411,1
1352,Branch_1663,3172,4090,346.02076124567475,1
1353,Branch_1664,2980,3589,94.42870632672333,1
1354,Branch_1665,2985,4664,2000.0,1
1355,Branch_1666,2912,2985,82.91873963515755,1
1356,Branch_1667,3880,4207,328.94736842105266,1
1357,Branch_1668,3668,4664,140.0560224089636,1
1358,Branch_1669,3668,4390,242.71844660194174,1
1359,Branch_1670,3660,4664,120.62726176115802,1
1360,Branch_1671,4207,4390,312.5,1
1361,Branch_1672,3589,4390,288.1844380403458,1
1362,Branch_1673,915,1475,37.397157816005986,1
1363,Branch_1674,2806,2980,97.37098344693281,1
1364,Branch_1675,3229,3932,70.2247191011236,1
1365,Branch_1676,2806,3932,2000.0,1
1366,Branch_1677,3085,3229,72.72727272727273,1
1367,Branch_1678,3085,4069,52.79831045406547,1
1368,Branch_1683,35,927,19.10219675262655,1
1369,Branch_1684,3439,3784,39.603960396039604,1
1370,Branch_1685,1778,1981,19.227071716977505,1
1371,Branch_1686,5661,5714,2.3573230239739753,1
1372,Branch_1687,5911,5919,21.24946876328092,1
1373,Branch_1688,5125,5234,125.62814070351759,1
1374,Branch_1689,2912,3439,44.72271914132379,1
1375,Branch_1690,2994,4377,396.8253968253968,1
1376,Branch_1691,4192,4377,714.2857142857143,1
1377,Branch_1692,2994,4135,552.4861878453039,1
1378,Branch_1693,4095,4135,277.77777777777777,1
1379,Branch_1694,2912,3439,44.72271914132379,1
1380,Branch_1695,2912,3706,72.20216606498195,1
1381,Branch_1696,1948,2086,105.26315789473684,1
1382,Branch_1697,3439,4132,75.47169811320755,1
1383,Branch_1698,4132,4404,144.3001443001443,1
1384,Branch_1699,3661,4404,243.30900243309003,1
1385,Branch_1700,3385,4404,219.2982456140351,1
1386,Branch_1701,2053,2234,58.0046403712297,1
1387,Branch_1702,4638,8902,2000.0,1
1388,Branch_1703,4268,4654,277.77777777777777,1
1389,Branch_1704,3270,3413,202.83975659229208,1
1390,Branch_1705,3413,4519,318.47133757961785,1
1391,Branch_1706,3029,4654,160.25641025641025,1
1392,Branch_1707,3029,4519,400.0,1
1393,Branch_1708,3851,4519,374.53183520599254,1
1394,Branch_1709,1884,2529,5.150126178091363,1
1395,Branch_1710,4271,4653,289.8550724637681,1
1396,Branch_1711,3412,4441,934.5794392523364,1
1397,Branch_1712,3270,3412,202.83975659229208,1
1398,Branch_1713,3035,4441,374.53183520599254,1
1399,Branch_1714,3035,4140,119.61722488038278,1
1400,Branch_1715,4441,4520,480.7692307692308,1
1401,Branch_1716,3030,4653,160.25641025641025,1
1402,Branch_1717,3030,4520,400.0,1
1403,Branch_1718,3852,4520,122.85012285012284,1
1404,Branch_1720,3599,4266,840.3361344537815,1
1405,Branch_1721,3599,4369,39.98400639744102,1
1406,Branch_1722,2524,2576,116.27906976744185,1
1407,Branch_1723,3598,4267,840.3361344537815,1
1408,Branch_1724,3598,4369,40.04805766920305,1
1409,Branch_1725,2420,2524,115.34025374855824,1
1410,Branch_1726,3764,4108,69.25207756232687,1
1411,Branch_1727,4108,4146,119.47431302270012,1
1412,Branch_1728,3194,3764,235.8490566037736,1
1413,Branch_1729,4120,4202,636.9426751592357,1
1414,Branch_1730,3270,4202,224.7191011235955,1
1415,Branch_1731,4120,4146,1428.5714285714287,1
1416,Branch_1732,1811,1838,29.01915264074289,1
1417,Branch_1733,5062,5234,259.0673575129534,1
1418,Branch_1734,3143,3844,148.5884101040119,1
1419,Branch_1735,3774,4516,602.4096385542168,1
1420,Branch_1736,3844,3965,141.24293785310735,1
1421,Branch_1737,3774,4281,448.4304932735426,1
1422,Branch_1738,2717,3143,2000.0,1
1423,Branch_1739,2717,4516,403.2258064516129,1
1424,Branch_1740,5162,5199,42.69854824935952,1
1425,Branch_1741,6979,7346,70.47216349541931,1
1426,Branch_1743,4048,4587,418.41004184100416,1
1427,Branch_1744,2979,4048,84.24599831508003,1
1428,Branch_1745,3782,4048,314.4654088050315,1
1429,Branch_1746,2987,3782,314.4654088050315,1
1430,Branch_1747,3775,4587,74.23904974016332,1
1431,Branch_1748,3775,4282,448.4304932735426,1
1432,Branch_1749,2978,4686,84.24599831508003,1
1433,Branch_1750,3783,4686,314.4654088050315,1
1434,Branch_1751,2987,3783,314.4654088050315,1
1435,Branch_1752,3876,4686,151.9756838905775,1
1436,Branch_1753,3965,4512,165.28925619834712,1
1437,Branch_1754,3876,4512,2000.0,1
1438,Branch_1755,4219,4512,170.06802721088437,1
1439,Branch_1756,3351,5017,136.986301369863,1
1440,Branch_1757,3760,4587,769.2307692307693,1
1441,Branch_1758,3760,4220,137.93103448275863,1
1442,Branch_1759,3760,3875,347.22222222222223,1
1443,Branch_1760,3875,3965,156.73981191222572,1
1444,Branch_1761,2042,2480,2000.0,1
1445,Branch_1762,2912,4568,76.5696784073507,1
1446,Branch_1763,3881,4221,189.3939393939394,1
1447,Branch_1764,4019,4221,2000.0,1
1448,Branch_1765,3032,4221,152.4390243902439,1
1449,Branch_1766,3334,4568,130.03901170351105,1
1450,Branch_1767,3334,4019,362.3188405797101,1
1451,Branch_1768,3032,4485,86.13264427217915,1
1452,Branch_1769,3437,4569,126.42225031605562,1
1453,Branch_1770,2912,3437,204.49897750511246,1
1454,Branch_1771,3437,3528,113.63636363636364,1
1455,Branch_1772,3528,4575,121.50668286755771,1
1456,Branch_1773,3033,4575,85.61643835616438,1
1457,Branch_1774,1838,1981,15.74555188159345,1
1458,Branch_1776,3410,3965,38.729666924864446,1
1459,Branch_1777,3965,4432,133.33333333333334,1
1460,Branch_1778,3526,4432,115.60693641618496,1
1461,Branch_1780,4432,4627,50.30181086519115,1
1462,Branch_1781,2912,4977,189.0359168241966,1
1463,Branch_1782,3526,4977,104.9317943336831,1
1464,Branch_1783,5745,5927,257.7319587628866,1
1465,Branch_1784,5190,5280,50.787201625190455,1
1466,Branch_1785,2975,3409,139.86013986013987,1
1467,Branch_1786,2975,3083,72.99270072992701,1
1468,Branch_1787,2421,2441,2000.0,1
1469,Branch_1789,2625,2864,245.7002457002457,1
1470,Branch_1790,2863,2864,2000.0,1
1471,Branch_1792,2421,2864,151.74506828528072,1
1472,Branch_1793,2743,4515,93.28358208955224,1
1473,Branch_1794,2998,3142,303.951367781155,1
1474,Branch_1795,2974,3409,188.32391713747646,1
1475,Branch_1796,2716,3142,2000.0,1
1476,Branch_1797,2716,4515,403.2258064516129,1
1477,Branch_1798,2743,2974,164.20361247947454,1
1478,Branch_1799,3845,3965,141.24293785310735,1
1479,Branch_1800,2998,3845,165.28925619834712,1
1480,Branch_1801,2421,5081,126.26262626262626,1
1481,Branch_1802,6902,7468,45.64125969876768,1
1482,Branch_1803,3776,5190,25.641025641025642,1
1483,Branch_1804,3166,3410,149.2537313432836,1
1484,Branch_1805,2422,2439,2000.0,1
1485,Branch_1807,2408,5081,176.05633802816902,1
1486,Branch_1809,2422,2625,121.35922330097087,1
1487,Branch_1811,2408,2422,221.72949002217294,1
1488,Branch_1814,2625,2896,2000.0,1
1489,Branch_1816,2625,5000,2000.0,1
1490,Branch_1817,1725,1906,61.881188118811885,1
1491,Branch_1818,3316,3506,769.2307692307693,1
1492,Branch_1819,3281,3506,97.46588693957115,1
1493,Branch_1820,3280,4647,75.75757575757575,1
1494,Branch_1821,3181,3281,103.95010395010395,1
1495,Branch_1823,7133,7411,190.47619047619048,1
1496,Branch_1824,3409,3432,729.92700729927,1
1497,Branch_1825,3432,3492,649.3506493506494,1
1498,Branch_1826,7133,7138,2000.0,1
1499,Branch_1827,7133,7134,2000.0,1
1500,Branch_1828,6541,7060,120.77294685990339,1
1501,Branch_1829,6541,7133,144.3001443001443,1
1502,Branch_1830,1847,2488,4.531037607612143,1
1503,Branch_1832,5801,6121,67.79661016949153,1
1504,Branch_1833,3410,3433,729.92700729927,1
1505,Branch_1834,3433,3493,649.3506493506494,1
1506,Branch_1835,5801,6121,67.79661016949153,1
1507,Branch_1836,5801,6122,142.65335235378032,1
1508,Branch_1837,5801,6122,142.65335235378032,1
1509,Branch_1838,6122,6128,66.2251655629139,1
1510,Branch_1839,6688,7063,2000.0,1
1511,Branch_1840,6122,6128,66.2251655629139,1
1512,Branch_1841,8973,9284,111.23470522803115,1
1513,Branch_1842,8989,9284,93.28358208955224,1
1514,Branch_1843,8973,8989,50.9683995922528,1
1515,Branch_1844,5886,6135,228.83295194508008,1
1516,Branch_1845,6121,6135,57.17552887364208,1
1517,Branch_1846,6121,6135,57.17552887364208,1
1518,Branch_1847,4597,4599,2000.0,1
1519,Branch_1848,4607,4742,2000.0,1
1520,Branch_1851,6662,6683,132.9787234042553,1
1521,Branch_1852,7278,7349,54.97526113249038,1
1522,Branch_1853,7278,7399,156.73981191222572,1
1523,Branch_1854,7278,7399,156.73981191222572,1
1524,Branch_1855,6462,6683,54.141851651326476,1
1525,Branch_1859,6462,6662,45.682960255824575,1
1526,Branch_1860,6462,7399,41.37360364087712,1
1527,Branch_1861,6462,7399,41.37360364087712,1
1528,Branch_1862,7627,7764,49.333991119881595,1
1529,Branch_1863,3155,3308,293.2551319648094,1
1530,Branch_1864,3017,3536,138.88888888888889,1
1531,Branch_1865,3308,3927,319.4888178913738,1
1532,Branch_1866,3017,3155,293.2551319648094,1
1533,Branch_1867,3156,3307,293.2551319648094,1
1534,Branch_1868,3018,3535,138.88888888888889,1
1535,Branch_1869,3307,3925,319.4888178913738,1
1536,Branch_1870,3018,3156,293.2551319648094,1
1537,Branch_1871,5881,5907,6.236357966947303,1
1538,Branch_1873,3622,4024,411.52263374485597,1
1539,Branch_1874,3270,4024,377.35849056603774,1
1540,Branch_1875,2841,3535,2000.0,1
1541,Branch_1876,2841,3621,201.61290322580646,1
1542,Branch_1877,1862,1919,12.769761205465457,1
1543,Branch_1878,5714,5911,6.741270055278415,1
1544,Branch_1880,3621,4023,411.52263374485597,1
1545,Branch_1881,3270,4023,377.35849056603774,1
1546,Branch_1882,2840,3536,2000.0,1
1547,Branch_1883,2840,3622,199.6007984031936,1
1548,Branch_1884,4212,4735,57.8368999421631,1
1549,Branch_1887,4592,8994,121.21212121212122,1
1550,Branch_1888,2632,4094,43.78283712784589,1
1551,Branch_1889,2632,4095,43.78283712784589,1
1552,Branch_1890,2633,5045,120.48192771084338,1
1553,Branch_1891,4094,4948,117.9245283018868,1
1554,Branch_1894,2633,4095,54.794520547945204,1
1555,Branch_1895,2644,6135,22.763487366264513,1
1556,Branch_1896,4948,5045,602.4096385542168,1
1557,Branch_1897,2644,5886,24.968789013732835,1
1558,Branch_1898,2699,3664,267.379679144385,1
1559,Branch_1899,2644,2699,50.8646998982706,1
1560,Branch_1900,2644,4933,2000.0,1
1561,Branch_1901,4958,4968,2000.0,1
1562,Branch_1903,2644,4958,38.03727653100038,1
1563,Branch_1904,3714,4958,32.552083333333336,1
1564,Branch_1905,3714,4909,28.538812785388128,1
1565,Branch_1906,2644,4909,45.78754578754579,1
1566,Branch_1908,5017,5319,31.51591553734636,1
1567,Branch_1909,4237,4762,94.07337723424271,1
1568,Branch_1910,3082,3536,78.125,1
1569,Branch_1911,3885,4762,429.18454935622316,1
1570,Branch_1912,3999,4762,54.02485143165856,1
1571,Branch_1915,3999,4762,54.02485143165856,1
1572,Branch_1918,4918,9010,100.80645161290323,1
1573,Branch_1919,3999,4918,24.277737314882252,1
1574,Branch_1920,4951,9011,47.551117451260104,1
1575,Branch_1921,3999,4951,33.67003367003367,1
1576,Branch_1924,1794,2287,112.61261261261261,1
1577,Branch_1925,3063,3535,364.963503649635,1
1578,Branch_1926,2007,2571,36.496350364963504,1
1579,Branch_1927,3062,3536,364.963503649635,1
1580,Branch_1928,2686,3536,1010.10101010101,1
1581,Branch_1929,2687,3535,1098.901098901099,1
1582,Branch_1930,2033,2524,74.73841554559043,1
1583,Branch_1932,3535,3976,411.52263374485597,1
1584,Branch_1933,3284,3976,168.35016835016836,1
1585,Branch_1934,3699,4290,236.4066193853428,1
1586,Branch_1935,3284,4290,132.27513227513228,1
1587,Branch_1936,4290,4647,617.283950617284,1
1588,Branch_1937,2279,2571,194.1747572815534,1
1589,Branch_1938,3536,3977,370.3703703703704,1
1590,Branch_1939,3285,3977,168.35016835016836,1
1591,Branch_1940,3285,4647,108.93246187363835,1
1592,Branch_1941,2222,2480,33.200531208499335,1
1593,Branch_1942,5280,5319,49.9001996007984,1
1594,Branch_1943,3698,4647,138.12154696132598,1
1595,Branch_1944,2040,2564,25.220680958385877,1
1596,Branch_1945,3165,3409,157.9778830963665,1
1597,Branch_1946,3165,4559,201.61290322580646,1
1598,Branch_1947,3167,4559,190.11406844106463,1
1599,Branch_1948,1831,2083,36.95491500369549,1
1600,Branch_1949,4513,4647,106.04453870625663,1
1601,Branch_1950,3181,4513,106.04453870625663,1
1602,Branch_1951,2929,4559,112.86681715575621,1
1603,Branch_1952,2929,3181,467.2897196261682,1
1604,Branch_1953,1969,2596,1.4900242873958847,1
1605,Branch_1954,5232,5371,68.1663258350375,1
1606,Branch_1955,5911,6021,13.892747985551543,1
1607,Branch_1956,3568,4559,649.3506493506494,1
1608,Branch_1957,3568,4087,150.6024096385542,1
1609,Branch_1958,2980,4087,154.5595054095827,1
1610,Branch_1959,4072,4899,86.80555555555556,1
1611,Branch_1960,4899,4905,2000.0,1
1612,Branch_1961,2632,4899,98.61932938856016,1
1613,Branch_1962,4072,4903,54.200542005420054,1
1614,Branch_1963,4903,4910,2000.0,1
1615,Branch_1964,2632,4903,279.3296089385475,1
1616,Branch_1965,2643,4592,118.90606420927467,1
1617,Branch_1967,2659,3650,150.6024096385542,1
1618,Branch_1968,1752,2553,59.523809523809526,1
1619,Branch_1969,5280,5371,117.50881316098707,1
1620,Branch_1970,3646,3971,103.30578512396694,1
1621,Branch_1971,3186,3646,152.9051987767584,1
1622,Branch_1972,2614,2831,86.58008658008659,1
1623,Branch_1973,3971,4079,49.9001996007984,1
1624,Branch_1974,3730,3971,47.05882352941177,1
1625,Branch_1975,3730,4030,147.49262536873155,1
1626,Branch_1976,3730,4647,67.38544474393531,1
1627,Branch_1977,3186,4056,57.50431282346176,1
1628,Branch_1978,2614,3186,2000.0,1
1629,Branch_1979,2930,4559,111.48272017837235,1
1630,Branch_1980,2930,3181,467.2897196261682,1
1631,Branch_1981,2046,2100,91.82736455463728,1
1632,Branch_1982,5125,5371,22.56317689530686,1
1633,Branch_1983,3216,4405,303.951367781155,1
1634,Branch_1984,3216,3674,246.91358024691357,1
1635,Branch_1985,2950,3216,336.7003367003367,1
1636,Branch_1986,3270,3674,617.283950617284,1
1637,Branch_1987,2831,4069,80.51529790660226,1
1638,Branch_1988,3217,4406,303.030303030303,1
1639,Branch_1989,3217,3673,246.91358024691357,1
1640,Branch_1990,2950,3217,336.7003367003367,1
1641,Branch_1991,3270,3673,617.283950617284,1
1642,Branch_1992,1967,2553,87.41258741258741,1
1643,Branch_1993,3827,4141,156.25,1
1644,Branch_1994,3270,3827,347.22222222222223,1
1645,Branch_1995,3827,4121,478.4688995215311,1
1646,Branch_1996,4121,4146,2000.0,1
1647,Branch_1997,3209,3735,278.55153203342616,1
1648,Branch_1998,3209,4146,581.3953488372093,1
1649,Branch_1999,3765,4107,69.25207756232687,1
1650,Branch_2000,3970,4146,284.9002849002849,1
1651,Branch_2001,3194,3765,235.8490566037736,1
1652,Branch_2002,3970,4107,194.55252918287937,1
1653,Branch_2003,3288,4369,30.275507114744173,1
1654,Branch_2004,3620,4554,1515.1515151515152,1
1655,Branch_2005,3106,3288,2000.0,1
1656,Branch_2006,3288,3620,93.10986964618249,1
1657,Branch_2007,2926,4647,44.38526409232135,1
1658,Branch_2008,2926,3106,2000.0,1
1659,Branch_2010,5253,5371,2000.0,1
1660,Branch_2011,3106,4369,29.895366218236173,1
1661,Branch_2012,4647,4666,80.58017727639,1
1662,Branch_2013,2925,3106,2000.0,1
1663,Branch_2014,2925,4666,98.81422924901186,1
1664,Branch_2015,1713,2176,32.927230819888045,1
1665,Branch_2017,3910,4266,89.44543828264759,1
1666,Branch_2018,3910,4085,138.12154696132598,1
1667,Branch_2019,4085,4647,83.75209380234506,1
1668,Branch_2020,4266,4369,38.74467260751646,1
1669,Branch_2022,3911,4267,89.44543828264759,1
1670,Branch_2023,3911,4084,138.12154696132598,1
1671,Branch_2024,4084,4647,83.75209380234506,1
1672,Branch_2025,4267,4369,38.74467260751646,1
1673,Branch_2026,1963,1967,55.61735261401557,1
1674,Branch_2027,5611,5911,8.429570934839417,1
1675,Branch_2028,68,70,1190.4761904761904,1
1676,Branch_2029,3222,3416,128.36970474967907,1
1677,Branch_2030,2950,3416,119.33174224343675,1
1678,Branch_2031,3222,4560,176.3668430335097,1
1679,Branch_2032,3194,4560,69.25207756232687,1
1680,Branch_2033,3287,4560,502.51256281407035,1
1681,Branch_2034,3125,4981,42.716787697565145,1
1682,Branch_2035,4981,5003,2000.0,1
1683,Branch_2036,4735,4981,617.283950617284,1
1684,Branch_2037,4735,8989,13.458950201884253,1
1685,Branch_2038,4735,8989,13.458950201884253,1
1686,Branch_2039,1905,2185,1282.051282051282,1
1687,Branch_2040,5199,5280,53.10674455655868,1
1688,Branch_2041,1905,2184,1265.8227848101267,1
1689,Branch_2042,1940,2589,40.08016032064128,1
1690,Branch_2043,2912,3707,43.38394793926247,1
1691,Branch_2044,2147,2599,144.7178002894356,1
1692,Branch_2045,2987,3149,91.15770282588879,1
1693,Branch_2046,3149,4631,179.85611510791367,1
1694,Branch_2047,2950,4631,206.61157024793388,1
1695,Branch_2048,1788,2503,57.24098454493417,1
1696,Branch_2049,2987,3148,84.31703204047217,1
1697,Branch_2050,3148,4632,188.32391713747646,1
1698,Branch_2051,2950,4632,201.61290322580646,1
1699,Branch_2052,1900,2149,66.711140760507,1
1700,Branch_2054,2987,4720,123.76237623762377,1
1701,Branch_2055,3390,3939,61.881188118811885,1
1702,Branch_2056,3390,4720,123.76237623762377,1
1703,Branch_2058,655,1476,5.1020408163265305,1
1704,Branch_2059,2987,4721,123.76237623762377,1
1705,Branch_2060,3389,3790,126.58227848101266,1
1706,Branch_2061,3790,3939,126.58227848101266,1
1707,Branch_2062,3389,4721,123.76237623762377,1
1708,Branch_2064,1864,2538,44.20866489832007,1
1709,Branch_2065,2051,2113,403.2258064516129,1
1710,Branch_2067,3592,4557,1098.901098901099,1
1711,Branch_2068,3592,3617,1265.8227848101267,1
1712,Branch_2069,3210,3617,66.00660066006601,1
1713,Branch_2070,2977,3617,110.74197120708749,1
1714,Branch_2071,2977,3939,127.7139208173691,1
1715,Branch_2072,2977,4176,584.7953216374269,1
1716,Branch_2073,3417,4812,380.22813688212926,1
1717,Branch_2074,2950,3417,119.61722488038278,1
1718,Branch_2075,3210,3744,201.61290322580646,1
1719,Branch_2076,3387,3744,403.2258064516129,1
1720,Branch_2077,3387,4812,201.61290322580646,1
1721,Branch_2078,1815,2506,36.023054755043226,1
1722,Branch_2079,2468,5837,27.662517289073307,1
1723,Branch_2080,3109,4735,31.036623215394165,1
1724,Branch_2081,2742,4735,189.0359168241966,1
1725,Branch_2082,2742,3109,37.65060240963855,1
1726,Branch_2083,4376,5542,35.27336860670194,1
1727,Branch_2084,1896,1985,87.64241893076249,1
1728,Branch_2085,3351,4376,135.13513513513513,1
1729,Branch_2086,5603,5663,46.51162790697674,1
1730,Branch_2087,5542,5544,2000.0,1
1731,Branch_2088,4542,4633,254.4529262086514,1
1732,Branch_2089,3796,4633,180.18018018018017,1
1733,Branch_2090,4542,4647,160.77170418006432,1
1734,Branch_2091,4542,4667,362.3188405797101,1
1735,Branch_2092,3796,4244,325.7328990228013,1
1736,Branch_2093,5523,5542,617.283950617284,1
1737,Branch_2094,5596,5702,3.8137370809656383,1
1738,Branch_2095,2139,2566,24.752475247524753,1
1739,Branch_2096,5334,5523,119.04761904761905,1
1740,Branch_2097,1897,2064,282.4858757062147,1
1741,Branch_2098,1804,2242,769.2307692307693,1
1742,Branch_2099,9192,9208,2000.0,1
1743,Branch_2102,5334,9192,57.306590257879655,1
1744,Branch_2104,1953,1981,40.19292604501608,1
1745,Branch_2105,8702,9192,121.21212121212122,1
1746,Branch_2107,8709,9356,58.47953216374269,1
1747,Branch_2108,3409,3926,847.457627118644,1
1748,Branch_2109,1880,2073,29.682398337785692,1
1749,Branch_2110,8702,8920,826.4462809917355,1
1750,Branch_2111,2681,3785,125.0,1
1751,Branch_2112,8702,8920,826.4462809917355,1
1752,Branch_2113,8702,9356,253.80710659898477,1
1753,Branch_2114,2913,3785,7.861635220125787,1
1754,Branch_2115,1742,2133,2000.0,1
1755,Branch_2116,3351,4164,136.6120218579235,1
1756,Branch_2118,1742,2133,2000.0,1
1757,Branch_2119,1922,2003,27.785495971103085,1
1758,Branch_2120,1789,2242,60.790273556231,1
1759,Branch_2121,9356,9377,2000.0,1
1760,Branch_2122,1981,5837,66.40106241699867,1
1761,Branch_2123,3351,4376,135.13513513513513,1
1762,Branch_2124,8614,8709,2000.0,1
1763,Branch_2125,1829,1834,106.15711252653928,1
1764,Branch_2126,3109,8614,55.15719801434087,1
1765,Branch_2127,5852,6014,5.233136218535768,1
1766,Branch_2128,8614,8702,45.80852038479157,1
1767,Branch_2129,4376,8614,69.3000693000693,1
1768,Branch_2130,7714,7998,88.02816901408451,1
1769,Branch_2132,1775,2026,47.82400765184122,1
1770,Branch_2133,3410,4484,595.2380952380952,1
1771,Branch_2134,3409,4482,595.2380952380952,1
1772,Branch_2135,1981,5837,65.57377049180327,1
1773,Branch_2136,5157,5349,62.93266205160478,1
1774,Branch_2137,4484,4757,401.60642570281124,1
1775,Branch_2138,3570,3927,2000.0,1
1776,Branch_2139,3570,4757,2000.0,1
1777,Branch_2140,1713,2049,38.2262996941896,1
1778,Branch_2141,4376,5534,59.95203836930455,1
1779,Branch_2142,4482,4756,401.60642570281124,1
1780,Branch_2143,3569,3925,2000.0,1
1781,Branch_2144,3569,4756,2000.0,1
1782,Branch_2145,3109,4376,85.1063829787234,1
1783,Branch_2146,1921,2202,2000.0,1
1784,Branch_2147,5534,5551,143.67816091954023,1
1785,Branch_2148,1747,1940,17.866714311238162,1
1786,Branch_2149,5534,5547,2000.0,1
1787,Branch_2150,1784,2056,12.292562999385371,1
1788,Branch_2151,1886,2062,26.99055330634278,1
1789,Branch_2152,5334,5523,123.30456226880395,1
1790,Branch_2153,1752,1986,31.289111389236545,1
1791,Branch_2154,1742,2189,236.96682464454977,1
1792,Branch_2155,329,333,228.83295194508008,1
1793,Branch_2156,2300,2530,66.8002672010688,1
1794,Branch_2157,5523,5551,176.3668430335097,1
1795,Branch_2158,6535,6718,22.49718785151856,1
1796,Branch_2159,2462,2625,65.96306068601584,1
1797,Branch_2160,5657,6065,66.53359946773121,1
1798,Branch_2161,5779,6065,115.47344110854503,1
1799,Branch_2162,5551,5555,2000.0,1
1800,Branch_2163,5779,6316,71.78750897343862,1
1801,Branch_2164,1792,2102,3.258390355164549,1
1802,Branch_2165,2625,3172,366.3003663003663,1
1803,Branch_2166,1886,2232,53.85029617662897,1
1804,Branch_2167,1747,1811,33.9097999321804,1
1805,Branch_2168,1719,2026,103.51966873706004,1
1806,Branch_2169,5750,6068,26.90341673392521,1
1807,Branch_2170,2102,2153,28.653295128939828,1
1808,Branch_2171,5568,5997,72.46376811594203,1
1809,Branch_2172,5568,5657,347.22222222222223,1
1810,Branch_2173,2462,2625,65.96306068601584,1
1811,Branch_2175,2447,8415,40.27386226339106,1
1812,Branch_2177,7637,8499,1369.86301369863,1
1813,Branch_2178,1925,2505,77.57951900698215,1
1814,Branch_2179,2625,3172,366.3003663003663,1
1815,Branch_2180,1832,1925,115.34025374855824,1
1816,Branch_2181,1832,2508,16.781339150864238,1
1817,Branch_2182,6765,6961,8.721437292865865,1
1818,Branch_2183,1953,2278,45.97701149425287,1
1819,Branch_2184,329,333,228.83295194508008,1
1820,Branch_2185,1974,2462,61.05006105006105,1
1821,Branch_2188,6718,6921,46.21072088724584,1
1822,Branch_2189,6695,6793,180.83182640144665,1
1823,Branch_2191,6674,6765,19.098548510313215,1
1824,Branch_2192,1900,2469,327.8688524590164,1
1825,Branch_2194,6455,6622,85.25149190110827,1
1826,Branch_2195,915,927,31.565656565656564,1
1827,Branch_2196,5924,5962,7.008199593524424,1
1828,Branch_2197,6456,6902,42.229729729729726,1
1829,Branch_2198,5674,5984,14.83459427384661,1
1830,Branch_2199,1986,2062,53.39028296849973,1
1831,Branch_2200,1974,2462,61.05006105006105,1
1832,Branch_2202,6536,6605,184.84288354898337,1
1833,Branch_2203,6695,7175,36.04902667627974,1
1834,Branch_2204,6695,6902,38.80481179666278,1
1835,Branch_2205,6695,6893,41.597337770382694,1
1836,Branch_2207,6695,7055,71.27583749109051,1
1837,Branch_2208,1728,2589,147.92899408284023,1
1838,Branch_2209,1956,2600,30.202355783751134,1
1839,Branch_2210,5675,5714,13.335111348179757,1
1840,Branch_2211,1961,2282,21.50537634408602,1
1841,Branch_2213,5971,6053,73.96449704142012,1
1842,Branch_2214,7849,7853,106.83760683760684,1
1843,Branch_2215,5937,6280,14.200511218403863,1
1844,Branch_2216,8477,8572,34.904013961605585,1
1845,Branch_2217,1891,2594,37.03703703703704,1
1846,Branch_2218,2539,2575,19.331142470520007,1
1847,Branch_2219,2037,2575,111.48272017837235,1
1848,Branch_2220,2131,2576,164.20361247947454,1
1849,Branch_2221,5837,6057,28.37684449489217,1
1850,Branch_2222,5840,6214,62.893081761006286,1
1851,Branch_2223,8709,8883,1492.5373134328358,1
1852,Branch_2224,7618,8579,17.135023989033584,1
1853,Branch_2225,7617,7646,8.909479686386314,1
1854,Branch_2226,7714,8595,41.511000415110004,1
1855,Branch_2227,7991,8595,105.9322033898305,1
1856,Branch_2228,7709,7752,6.246486351427322,1
1857,Branch_2229,8325,8494,40.46944556859571,1
1858,Branch_2230,5661,5665,93.72071227741331,1
1859,Branch_2231,7703,7778,18.942981625307823,1
1860,Branch_2232,5124,5199,30.23888720895071,1
1861,Branch_2233,6902,7014,79.80845969672785,1
1862,Branch_2234,2485,2598,310.55900621118013,1
1863,Branch_2235,6695,7014,74.34944237918215,1
1864,Branch_2236,8306,8477,19.968051118210862,1
1865,Branch_2237,5895,6205,59.844404548174744,1
1866,Branch_2238,5661,5922,4.130183380142078,1
1867,Branch_2239,1834,2048,55.865921787709496,1
1868,Branch_2240,3702,4090,59.31198102016607,1
1869,Branch_2241,1788,1989,33.3000333000333,1
1870,Branch_2242,6969,7148,5.353319057815845,1
1871,Branch_2243,1968,2183,30.931023816888338,1
1872,Branch_2244,2776,4094,122.54901960784314,1
1873,Branch_2245,1906,2523,11.090163025396473,1
1874,Branch_2246,2101,2125,46.68534080298786,1
1875,Branch_2247,1776,2352,183.8235294117647,1
1876,Branch_2248,5837,5962,93.37068160597572,1
1877,Branch_2249,1804,2189,211.41649048625794,1
1878,Branch_2250,2074,2401,84.45945945945945,1
1879,Branch_2251,2633,3701,90.82652134423252,1
1880,Branch_2255,2071,2401,21.83406113537118,1
1881,Branch_2258,1848,2353,27.925160569673274,1
1882,Branch_2259,2765,4945,2000.0,1
1883,Branch_2260,1716,2067,41.61464835622139,1
1884,Branch_2262,1776,2188,70.97232079489,1
1885,Branch_2263,2765,3702,101.01010101010101,1
1886,Branch_2264,2633,2765,892.8571428571429,1
1887,Branch_2265,5895,6073,196.46365422396858,1
1888,Branch_2266,5654,6377,4.05926527298559,1
1889,Branch_2268,8292,8569,119.18951132300357,1
1890,Branch_2269,5837,5924,6.519754857217369,1
1891,Branch_2270,5159,5348,61.05006105006105,1
1892,Branch_2271,1760,1804,27.3224043715847,1
1893,Branch_2272,1767,2429,2000.0,1
1894,Branch_2273,3776,5124,51.65289256198347,1
1895,Branch_2274,2189,2372,35.75259206292456,1
1896,Branch_2275,1760,1874,143.26647564469914,1
1897,Branch_2276,2081,2546,4.7447333459859555,1
1898,Branch_2287,5674,6057,13.498920086393088,1
1899,Branch_2288,3776,4072,181.15942028985506,1
1900,Branch_2289,1934,2049,41.82350480970305,1
1901,Branch_2290,1896,2052,26.511134676564158,1
1902,Branch_2291,1899,2317,10.895619960775768,1
1903,Branch_2292,1725,5837,27.210884353741495,1
1904,Branch_2293,3776,5125,51.20327700972862,1
1905,Branch_2294,6022,6078,80.32128514056225,1
1906,Branch_2295,8275,8292,38.08073115003808,1
1907,Branch_2296,1890,2053,67.56756756756756,1
1908,Branch_2298,1841,1890,109.17030567685589,1
1909,Branch_2299,1913,1956,55.67928730512249,1
1910,Branch_2300,2721,2878,383.1417624521073,1
1911,Branch_2301,2113,2521,189.0359168241966,1
1912,Branch_2302,2113,2220,72.5689404934688,1
1913,Branch_2304,4095,4500,84.60236886632826,1
1914,Branch_2305,1775,2533,31.27932436659368,1
1915,Branch_2306,4094,4500,84.60236886632826,1
1916,Branch_2309,2995,3438,209.64360587002096,1
1917,Branch_2310,2995,4134,561.7977528089888,1
1918,Branch_2311,4094,4134,278.55153203342616,1
1919,Branch_2312,2322,2489,30.111412225233362,1
1920,Branch_2313,2064,2485,226.75736961451247,1
1921,Branch_2314,1792,2240,10.339123242349048,1
1922,Branch_2316,2003,2225,613.4969325153374,1
1923,Branch_2317,2559,2562,45.578851412944395,1
1924,Branch_2318,3140,4323,128.2051282051282,1
1925,Branch_2319,3140,4421,127.8772378516624,1
1926,Branch_2320,3107,4814,342.4657534246575,1
1927,Branch_2321,2927,4232,268.81720430107526,1
1928,Branch_2322,2927,3794,253.16455696202533,1
1929,Branch_2323,3794,4717,381.6793893129771,1
1930,Branch_2324,2927,4214,287.35632183908046,1
1931,Branch_2325,4717,4728,381.6793893129771,1
1932,Branch_2326,4421,4728,190.83969465648855,1
1933,Branch_2327,2720,4814,103.30578512396694,1
1934,Branch_2328,2720,4232,125.31328320802005,1
1935,Branch_2331,2471,2559,2000.0,1
1936,Branch_2332,3139,4323,128.2051282051282,1
1937,Branch_2333,3139,4422,127.8772378516624,1
1938,Branch_2334,4422,4729,190.83969465648855,1
1939,Branch_2335,2928,3793,253.16455696202533,1
1940,Branch_2336,3107,4061,77.82101167315174,1
1941,Branch_2337,2721,4061,270.27027027027026,1
1942,Branch_2338,2928,4231,268.81720430107526,1
1943,Branch_2339,2928,4213,287.35632183908046,1
1944,Branch_2340,3793,4716,381.6793893129771,1
1945,Branch_2341,4716,4729,381.6793893129771,1
1946,Branch_2342,2721,4231,125.31328320802005,1
1947,Branch_2343,2880,4231,204.49897750511246,1
1948,Branch_2346,2472,2559,2000.0,1
1949,Branch_2347,1862,1969,7.746533426291735,1
1950,Branch_2348,1849,2154,120.77294685990339,1
1951,Branch_2351,2040,2286,37.50937734433609,1
1952,Branch_2352,3795,4323,123.00123001230013,1
1953,Branch_2353,2959,3795,98.81422924901186,1
1954,Branch_2354,2960,4026,108.22510822510823,1
1955,Branch_2355,2298,2323,44.36557231588287,1
1956,Branch_2356,2066,2596,4.491354143274197,1
1957,Branch_2357,1855,2354,78.92659826361484,1
1958,Branch_2358,1831,2483,17.95009872554299,1
1959,Branch_2359,8919,9345,628.930817610063,1
1960,Branch_2360,8918,9345,602.4096385542168,1
1961,Branch_2361,1830,2077,17.63357432551578,1
1962,Branch_2362,1830,2505,12.934937265554263,1
1963,Branch_2363,1914,2508,36.1794500723589,1
1964,Branch_2364,5687,5924,82.98755186721992,1
1965,Branch_2365,5657,6065,66.44518272425249,1
1966,Branch_2366,3234,4323,80.25682182985554,1
1967,Branch_2367,3234,4026,140.0560224089636,1
1968,Branch_2368,6065,6316,44.20866489832007,1
1969,Branch_2369,6793,7017,34.48275862068966,1
1970,Branch_2370,6695,7016,72.25433526011561,1
1971,Branch_2371,8868,9345,2000.0,1
1972,Branch_2374,8869,9345,2000.0,1
1973,Branch_2375,2116,6180,41.1522633744856,1
1974,Branch_2376,2116,6181,41.11842105263158,1
1975,Branch_2377,5902,5924,15.211439002129602,1
1976,Branch_2378,3768,3830,2000.0,1
1977,Branch_2379,3830,4490,95.32888465204957,1
1978,Branch_2380,2606,4490,21.934634788330776,1
1979,Branch_2382,2988,3768,85.03401360544218,1
1980,Branch_2383,2988,4286,346.02076124567475,1
1981,Branch_2384,4008,4286,43.63001745200698,1
1982,Branch_2385,3808,4286,192.30769230769232,1
1983,Branch_2386,2751,3107,140.4494382022472,1
1984,Branch_2389,2751,8980,72.7802037845706,1
1985,Branch_2390,8882,8980,2000.0,1
1986,Branch_2392,2751,4906,2000.0,1
1987,Branch_2393,8882,9345,33.244680851063826,1
1988,Branch_2394,2846,2847,2000.0,1
1989,Branch_2395,2846,2848,2000.0,1
1990,Branch_2396,2849,3768,2000.0,1
1991,Branch_2397,6065,6146,55.92841163310962,1
1992,Branch_2398,2606,2934,2000.0,1
1993,Branch_2399,2907,9345,257.0694087403599,1
1994,Branch_2401,2909,4794,33.818058843422385,1
1995,Branch_2404,2907,2908,57.6036866359447,1
1996,Branch_2405,2908,2909,38.08073115003808,1
1997,Branch_2406,8710,9094,88.96797153024912,1
1998,Branch_2407,2709,3107,57.077625570776256,1
1999,Branch_2408,2709,4794,184.50184501845018,1
2000,Branch_2409,2842,2909,2000.0,1
2001,Branch_2410,2668,4930,60.97560975609756,1
2002,Branch_2413,2668,3352,19.37608990505716,1
2003,Branch_2414,3478,4930,2000.0,1
2004,Branch_2415,3478,4047,37.65060240963855,1
2005,Branch_2416,3520,4047,87.87346221441125,1
2006,Branch_2417,2708,3520,1162.7906976744187,1
2007,Branch_2418,2708,4392,96.24639076034649,1
2008,Branch_2419,3107,4392,140.0560224089636,1
2009,Branch_2420,3352,4761,62.77463904582549,1
2010,Branch_2422,6162,6236,24.177949709864603,1
2011,Branch_2423,3301,3344,283.28611898017,1
2012,Branch_2424,3344,3810,116.0092807424594,1
2013,Branch_2425,2373,2502,80.71025020177562,1
2014,Branch_2426,2068,2277,121.8026796589525,1
2015,Branch_2427,2141,2538,85.32423208191126,1
2016,Branch_2428,2305,2545,89.68609865470852,1
2017,Branch_2429,9094,9345,21.114864864864863,1
2018,Branch_2432,1934,2281,104.38413361169103,1
2019,Branch_2434,2299,2564,47.39336492890995,1
2020,Branch_2436,2027,2500,15.349194167306216,1
2021,Branch_2438,2280,2303,24.248302618816684,1
2022,Branch_2439,9212,9214,2000.0,1
2023,Branch_2440,5619,5902,40.88307440719542,1
2024,Branch_2441,2287,2335,19.282684149633628,1
2025,Branch_2442,8773,8905,146.19883040935673,1
2026,Branch_2443,3431,8954,13.12852829197847,1
2027,Branch_2444,8773,9212,28.530670470756064,1
2028,Branch_2445,2100,2302,32.552083333333336,1
2029,Branch_2446,8954,9212,57.77007510109763,1
2030,Branch_2447,2283,2592,67.24949562878278,1
2031,Branch_2450,1880,1972,40.899795501022496,1
2032,Branch_2452,2935,3282,27.51031636863824,1
2033,Branch_2453,3282,3540,27.51031636863824,1
2034,Branch_2455,3431,3540,81.69934640522875,1
2035,Branch_2456,2115,2139,22.639800769753226,1
2036,Branch_2457,3431,3810,31.585596967782692,1
2037,Branch_2458,9169,9345,60.38647342995169,1
2038,Branch_2459,1905,2302,102.04081632653062,1
2039,Branch_2460,2233,2529,5.193725979017347,1
2040,Branch_2461,3810,4227,43.63001745200698,1
2041,Branch_2462,262,2483,19.519812609798947,1
2042,Branch_2463,4076,4471,52.11047420531527,1
2043,Branch_2464,4076,4227,162.07455429497568,1
2044,Branch_2465,185,262,57.01254275940707,1
2045,Branch_2466,3386,4385,169.4915254237288,1
2046,Branch_2467,3386,4471,97.27626459143968,1
2047,Branch_2468,5619,6208,177.3049645390071,1
2048,Branch_2469,2279,2298,30.637254901960784,1
2049,Branch_2470,4211,4430,500.0,1
2050,Branch_2471,4388,4430,50.505050505050505,1
2051,Branch_2472,2007,2299,104.0582726326743,1
2052,Branch_2473,4388,4471,93.28358208955224,1
2053,Branch_2474,4385,4388,216.45021645021646,1
2054,Branch_2475,2047,2300,110.25358324145535,1
2055,Branch_2476,4211,4227,172.71157167530225,1
2056,Branch_2477,6892,7036,15.90836780146357,1
2057,Branch_2478,2606,2935,2000.0,1
2058,Branch_2480,1728,2520,199.20318725099602,1
2059,Branch_2482,6205,6208,67.38544474393531,1
2060,Branch_2483,2318,2499,38.38771593090211,1
2061,Branch_2484,5619,6052,238.6634844868735,1
2062,Branch_2485,1742,1804,112.86681715575621,1
2063,Branch_2486,3193,4033,108.22510822510823,1
2064,Branch_2487,2776,3193,213.21961620469082,1
2065,Branch_2488,3999,4237,97.65625,1
2066,Branch_2489,3125,4709,143.67816091954023,1
2067,Branch_2490,3999,4709,529.1005291005291,1
2068,Branch_2491,4033,4237,112.2334455667789,1
2069,Branch_2492,3999,4237,97.65625,1
2070,Branch_2493,3125,9105,94.9667616334283,1
2071,Branch_2494,8781,8973,139.08205841446454,1
2072,Branch_2495,8781,8989,35.75259206292456,1
2073,Branch_2496,8973,9105,91.24087591240875,1
2074,Branch_2497,3125,3999,113.76564277588169,1
2075,Branch_2498,2643,3125,124.06947890818859,1
2076,Branch_2499,8973,8994,73.1528895391368,1
2077,Branch_2500,2993,4237,52.19206680584551,1
2078,Branch_2501,4799,4888,381.6793893129771,1
2079,Branch_2502,2028,2317,31.25,1
2080,Branch_2503,3438,3525,185.1851851851852,1
2081,Branch_2504,2776,3525,214.59227467811158,1
2082,Branch_2505,4365,4735,126.90355329949239,1
2083,Branch_2508,4592,4597,34.35245620061834,1
2084,Branch_2509,4597,5948,112.73957158962796,1
2085,Branch_2511,5948,6121,66.00660066006601,1
2086,Branch_2513,5904,5997,64.26735218508998,1
2087,Branch_2514,4592,4602,41.597337770382694,1
2088,Branch_2515,4597,4602,142.04545454545453,1
2089,Branch_2516,5997,6081,185.87360594795538,1
2090,Branch_2517,2993,4799,274.72527472527474,1
2091,Branch_2518,4523,4799,2000.0,1
2092,Branch_2519,4592,5801,14.486455164421265,1
2093,Branch_2520,5801,5997,98.71668311944718,1
2094,Branch_2521,7849,8428,33.3667000333667,1
2095,Branch_2522,4237,4592,34.45899379738112,1
2096,Branch_2523,4237,4592,34.45899379738112,1
2097,Branch_2525,4033,4237,112.2334455667789,1
2098,Branch_2529,6599,6991,40.68348250610252,1
2099,Branch_2531,5997,6599,54.55537370430987,1
2100,Branch_2535,6991,7127,121.95121951219512,1
2101,Branch_2536,6683,7127,84.60236886632826,1
2102,Branch_2537,6625,6662,2000.0,1
2103,Branch_2538,6626,6662,2000.0,1
2104,Branch_2539,6643,6662,2000.0,1
2105,Branch_2541,6643,7570,787.4015748031496,1
2106,Branch_2542,5997,7535,29.197080291970803,1
2107,Branch_2547,6662,7570,552.4861878453039,1
2108,Branch_2548,5997,6709,57.6036866359447,1
2109,Branch_2551,6709,7535,60.49606775559589,1
2110,Branch_2554,4597,6121,45.12635379061372,1
2111,Branch_2555,6081,6121,68.63417982155113,1
2112,Branch_2556,7154,7535,157.9778830963665,1
2113,Branch_2557,2154,2442,22.763487366264513,1
2114,Branch_2560,3885,4237,91.49130832570906,1
2115,Branch_2561,2993,4237,52.19206680584551,1
2116,Branch_2562,2776,2993,47.192071731949035,1
2117,Branch_2563,5809,6075,79.23930269413628,1
2118,Branch_2564,6709,7062,69.39625260235947,1
2119,Branch_2565,2026,2328,22.29157378510923,1
2120,Branch_2566,1760,3650,59.13660555884092,1
2121,Branch_2567,1760,3650,59.13660555884092,1
2122,Branch_2568,3127,3825,671.1409395973154,1
2123,Branch_2569,3127,4662,1315.7894736842106,1
2124,Branch_2570,3733,8741,30.48780487804878,1
2125,Branch_2572,3479,4008,2000.0,1
2126,Branch_2573,8743,8852,120.91898428053204,1
2127,Branch_2574,3733,8888,66.711140760507,1
2128,Branch_2575,8852,8931,46.66355576294914,1
2129,Branch_2576,3297,3651,22.670596236681025,1
2130,Branch_2577,3651,3733,21.477663230240548,1
2131,Branch_2578,8717,8743,7.316359379572725,1
2132,Branch_2579,3479,3651,151.05740181268882,1
2133,Branch_2580,8717,8888,54.054054054054056,1
2134,Branch_2581,6498,7391,2000.0,1
2135,Branch_2582,1713,2072,52.576235541535226,1
2136,Branch_2583,6749,6912,70.57163020465772,1
2137,Branch_2584,6796,6954,53.27650506126798,1
2138,Branch_2585,6749,6796,68.68131868131869,1
2139,Branch_2586,6749,6873,87.10801393728222,1
2140,Branch_2587,6538,7264,2000.0,1
2141,Branch_2588,6498,6538,36.87315634218289,1
2142,Branch_2589,6912,7131,16.149870801033593,1
2143,Branch_2590,6498,7131,361.01083032490976,1
2144,Branch_2591,6965,6982,78.74015748031496,1
2145,Branch_2592,6782,6982,1851.851851851852,1
2146,Branch_2593,6597,6965,53.908355795148246,1
2147,Branch_2594,6954,6965,27.35229759299781,1
2148,Branch_2595,6693,6782,21.64970772894566,1
2149,Branch_2596,6459,7213,2000.0,1
2150,Branch_2597,6912,6938,21.496130696474633,1
2151,Branch_2598,6555,7213,51.733057423693744,1
2152,Branch_2599,6555,6938,22.22716159146477,1
2153,Branch_2600,6919,7043,34.08316291751875,1
2154,Branch_2601,7043,7212,10.818998160770313,1
2155,Branch_2602,7043,7051,2000.0,1
2156,Branch_2603,6459,7212,2000.0,1
2157,Branch_2604,6856,7264,96.24639076034649,1
2158,Branch_2605,6856,6912,14.353380221042055,1
2159,Branch_2606,6539,7264,2000.0,1
2160,Branch_2607,6539,6859,17.5530981218185,1
2161,Branch_2608,6912,7487,39.96802557953637,1
2162,Branch_2609,6859,7487,144.3001443001443,1
2163,Branch_2610,6998,7487,2000.0,1
2164,Branch_2611,2065,2323,90.09009009009009,1
2165,Branch_2612,5619,6073,18.08972503617945,1
2166,Branch_2613,2632,5157,68.1663258350375,1
2167,Branch_2614,6619,7010,19.63093835885355,1
2168,Branch_2615,6886,7137,116.95906432748538,1
2169,Branch_2616,6835,7286,1492.5373134328358,1
2170,Branch_2617,7010,7286,87.48906386701663,1
2171,Branch_2618,7010,7389,22.045855379188712,1
2172,Branch_2619,6619,6886,48.899755501222494,1
2173,Branch_2620,6619,6820,22.060445621001545,1
2174,Branch_2621,6851,6886,917.4311926605504,1
2175,Branch_2622,7015,7137,34.9283967865875,1
2176,Branch_2623,6912,7015,14.442518775274408,1
2177,Branch_2624,7197,7295,23.408239700374533,1
2178,Branch_2625,6759,7295,564.9717514124294,1
2179,Branch_2626,7274,7295,46.468401486988846,1
2180,Branch_2627,7264,7274,2000.0,1
2181,Branch_2628,6492,7197,41.22011541632317,1
2182,Branch_2629,3134,4035,56.14823133071308,1
2183,Branch_2630,7137,7182,48.85197850512946,1
2184,Branch_2631,6492,7182,25.157232704402517,1
2185,Branch_2632,6693,7137,10.860121633362294,1
2186,Branch_2633,6786,6912,17.238407171177382,1
2187,Branch_2634,6693,6786,43.78283712784589,1
2188,Branch_2635,1989,2052,22.21235006663705,1
2189,Branch_2636,4115,4190,50.53057099545225,1
2190,Branch_2637,3170,4245,76.68711656441718,1
2191,Branch_2638,3309,4190,892.8571428571429,1
2192,Branch_2639,3309,4245,1265.8227848101267,1
2193,Branch_2640,3134,4034,56.14823133071308,1
2194,Branch_2641,6911,6912,37.835792659856224,1
2195,Branch_2642,6911,7112,33.9097999321804,1
2196,Branch_2643,7112,7264,38.955979742890534,1
2197,Branch_2644,6764,7137,31.645569620253166,1
2198,Branch_2647,3870,4034,2000.0,1
2199,Branch_2648,3040,3259,188.32391713747646,1
2200,Branch_2649,3040,3870,62.814070351758794,1
2201,Branch_2650,3259,4007,74.23904974016332,1
2202,Branch_2651,3628,4007,129.19896640826875,1
2203,Branch_2652,3015,3628,606.060606060606,1
2204,Branch_2653,3015,4474,387.5968992248062,1
2205,Branch_2654,2711,3015,259.7402597402597,1
2206,Branch_2655,3259,4114,128.53470437017995,1
2207,Branch_2656,3374,4114,118.48341232227489,1
2208,Branch_2657,3116,3259,220.7505518763797,1
2209,Branch_2659,3116,4248,220.7505518763797,1
2210,Branch_2660,2803,3116,111.85682326621924,1
2211,Branch_2661,6892,7087,64.18485237483954,1
2212,Branch_2662,3869,4035,2000.0,1
2213,Branch_2663,3039,3259,188.32391713747646,1
2214,Branch_2664,3039,3869,62.814070351758794,1
2215,Branch_2665,3259,4006,76.4525993883792,1
2216,Branch_2666,3629,4006,129.87012987012986,1
2217,Branch_2667,3016,3629,432.9004329004329,1
2218,Branch_2668,3016,4475,387.5968992248062,1
2219,Branch_2669,2711,3016,259.7402597402597,1
2220,Branch_2670,3259,4113,128.53470437017995,1
2221,Branch_2671,3374,4113,118.48341232227489,1
2222,Branch_2672,3117,3259,220.7505518763797,1
2223,Branch_2673,3117,4570,114.41647597254004,1
2224,Branch_2674,3117,4247,220.7505518763797,1
2225,Branch_2675,2802,3117,111.73184357541899,1
2226,Branch_2676,3708,4034,45.31037607612143,1
2227,Branch_2677,3636,3708,139.4700139470014,1
2228,Branch_2678,3078,3825,192.30769230769232,1
2229,Branch_2679,3078,3708,76.74597083653109,1
2230,Branch_2681,5904,6121,259.7402597402597,1
2231,Branch_2683,6659,7025,35.91954022988506,1
2232,Branch_2684,3709,4035,44.24778761061947,1
2233,Branch_2685,3635,3709,139.4700139470014,1
2234,Branch_2686,3077,3709,75.7002271006813,1
2235,Branch_2687,6484,7253,92.42144177449168,1
2236,Branch_2688,6484,7277,33.5345405767941,1
2237,Branch_2689,7253,7398,90.25270758122744,1
2238,Branch_2690,7277,7467,21.34471718249733,1
2239,Branch_2691,6524,7398,24.342745861733203,1
2240,Branch_2692,6524,7467,35.86800573888092,1
2241,Branch_2701,7398,7405,1492.5373134328358,1
2242,Branch_2702,6673,7110,33.87533875338753,1
2243,Branch_2703,6673,6941,19.286403085824492,1
2244,Branch_2704,6839,6941,17.83166904422254,1
2245,Branch_2705,6839,7513,33.88681802778719,1
2246,Branch_2706,5740,6839,10.501995379122032,1
2247,Branch_2708,7149,7546,30.807147258163894,1
2248,Branch_2709,6724,7546,1190.4761904761904,1
2249,Branch_2710,7546,7556,1351.3513513513512,1
2250,Branch_2711,7513,7556,65.96306068601584,1
2251,Branch_2715,7110,7331,2000.0,1
2252,Branch_2716,6514,7331,28.92681515765114,1
2253,Branch_2717,6514,7149,56.46527385657821,1
2254,Branch_2718,6511,6580,2000.0,1
2255,Branch_2719,7277,7368,289.01734104046244,1
2256,Branch_2721,6944,7543,42.42681374628766,1
2257,Branch_2722,7426,7543,172.41379310344828,1
2258,Branch_2723,7086,7252,31.826861871419478,1
2259,Branch_2724,6728,7426,33.41129301703976,1
2260,Branch_2725,6728,7086,65.74621959237344,1
2261,Branch_2726,7252,7398,207.0393374741201,1
2262,Branch_2728,6904,7277,95.69377990430623,1
2263,Branch_2729,6485,6904,51.62622612287042,1
2264,Branch_2730,6485,7398,45.97701149425287,1
2265,Branch_2731,6474,6944,40.22526146419952,1
2266,Branch_2732,6473,6474,103.62694300518135,1
2267,Branch_2733,7285,7390,173.61111111111111,1
2268,Branch_2734,6741,7285,27.731558513588464,1
2269,Branch_2735,7390,7544,28.019052956010086,1
2270,Branch_2737,6474,7544,268.81720430107526,1
2271,Branch_2738,6780,7255,2000.0,1
2272,Branch_2739,6741,7398,175.7469244288225,1
2273,Branch_2740,7256,7277,105.04201680672269,1
2274,Branch_2741,6770,6818,11.530035743110803,1
2275,Branch_2742,6482,6855,81.43322475570032,1
2276,Branch_2743,6613,6818,118.62396204033215,1
2277,Branch_2745,6855,6941,102.24948875255623,1
2278,Branch_2746,6482,7597,78.92659826361484,1
2279,Branch_2747,6818,7597,2000.0,1
2280,Branch_2749,6994,7250,99.50248756218906,1
2281,Branch_2750,7079,7250,26.448029621793175,1
2282,Branch_2751,7321,7489,10.344470880314471,1
2283,Branch_2752,6512,7489,67.24949562878278,1
2284,Branch_2753,6513,7277,11.239743733842868,1
2285,Branch_2754,6580,7490,19.256691700365877,1
2286,Branch_2758,7251,7277,227.79043280182233,1
2287,Branch_2759,7214,7251,28.336639274582033,1
2288,Branch_2760,7321,7497,349.65034965034965,1
2289,Branch_2761,7214,7497,27.114967462039047,1
2290,Branch_2765,7277,7296,74.73841554559043,1
2291,Branch_2766,6544,7296,266.6666666666667,1
2292,Branch_2767,6512,7298,14.539110206455366,1
2293,Branch_2768,6513,7488,67.24949562878278,1
2294,Branch_2769,6508,6510,62.53908692933083,1
2295,Branch_2770,6508,7321,29.886431560071728,1
2296,Branch_2771,6544,7298,349.65034965034965,1
2297,Branch_2772,6510,7488,20.07226013649137,1
2298,Branch_2773,6580,7488,19.256691700365877,1
2299,Branch_2774,2291,2501,30.543677458766034,1
2300,Branch_2775,6846,7081,316.45569620253167,1
2301,Branch_2776,6836,7527,140.64697609001408,1
2302,Branch_2778,6836,7408,71.17437722419929,1
2303,Branch_2779,6836,7081,448.4304932735426,1
2304,Branch_2780,7033,7256,171.82130584192439,1
2305,Branch_2781,7033,7034,2000.0,1
2306,Branch_2782,6846,7081,892.8571428571429,1
2307,Branch_2783,7033,7035,2000.0,1
2308,Branch_2784,7033,7408,88.73114463176574,1
2309,Branch_2785,7321,7356,1785.7142857142858,1
2310,Branch_2786,6962,7255,51.51983513652756,1
2311,Branch_2787,6962,7300,75.35795026375283,1
2312,Branch_2788,7300,7321,1587.3015873015872,1
2313,Branch_2789,7299,7321,1587.3015873015872,1
2314,Branch_2790,7255,7299,30.03003003003003,1
2315,Branch_2791,7398,7409,324.6753246753247,1
2316,Branch_2792,4591,9327,7.468817686160281,1
2317,Branch_2793,8970,9327,17.006802721088434,1
2318,Branch_2794,7398,7410,324.6753246753247,1
2319,Branch_2796,7294,7321,30.98853424233034,1
2320,Branch_2797,7294,7527,534.75935828877,1
2321,Branch_2798,7277,7342,26.089225150013046,1
2322,Branch_2799,7342,7348,26.35740643120717,1
2323,Branch_2800,1954,2364,23.121387283236995,1
2324,Branch_2803,8698,8972,45.87155963302752,1
2325,Branch_2805,8698,8970,46.403712296983755,1
2326,Branch_2806,8970,9326,53.44735435595938,1
2327,Branch_2807,8676,9326,2000.0,1
2328,Branch_2810,8866,8972,70.4225352112676,1
2329,Branch_2811,8866,8881,44.20866489832007,1
2330,Branch_2812,2361,2524,138.50415512465375,1
2331,Branch_2813,8867,8970,70.4225352112676,1
2332,Branch_2814,8747,8867,243.90243902439025,1
2333,Branch_2815,8747,8881,43.421623968736434,1
2334,Branch_2816,8931,8972,35.574528637495554,1
2335,Branch_2817,1911,2322,64.85084306095979,1
2336,Branch_2818,3145,3893,28.1135788585887,1
2337,Branch_2819,2609,3145,214.59227467811158,1
2338,Branch_2820,3554,4591,13.539128080151638,1
2339,Branch_2821,3554,3748,282.4858757062147,1
2340,Branch_2822,2609,3554,18.66019779809666,1
2341,Branch_2823,2774,3893,1176.4705882352941,1
2342,Branch_2824,3013,3134,101.5228426395939,1
2343,Branch_2825,2638,3883,400.0,1
2344,Branch_2826,3013,4839,200.0,1
2345,Branch_2827,2638,3343,38.49114703618168,1
2346,Branch_2828,3343,4839,28.555111364934323,1
2347,Branch_2829,4306,4839,200.0,1
2348,Branch_2831,1776,2068,45.80852038479157,1
2349,Branch_2832,3012,3134,101.5228426395939,1
2350,Branch_2833,3342,3883,34.55425017277125,1
2351,Branch_2834,3342,4837,21.299254526091588,1
2352,Branch_2836,3012,4837,60.42296072507553,1
2353,Branch_2837,3405,4623,156.98587127158555,1
2354,Branch_2838,3391,4623,109.40919037199124,1
2355,Branch_2839,3134,3405,78.125,1
2356,Branch_2840,3983,4130,2000.0,1
2357,Branch_2841,3391,4130,192.67822736030828,1
2358,Branch_2842,1855,1861,18.24484583105273,1
2359,Branch_2843,5993,6078,42.973785990545764,1
2360,Branch_2844,4095,4671,122.54901960784314,1
2361,Branch_2845,3784,4881,2000.0,1
2362,Branch_2846,4142,4881,95.51098376313276,1
2363,Branch_2847,4109,4142,167.78523489932886,1
2364,Branch_2848,4109,4193,181.8181818181818,1
2365,Branch_2849,6944,7389,109.2896174863388,1
2366,Branch_2850,6764,6944,9.523809523809524,1
2367,Branch_2851,6456,6979,1250.0,1
2368,Branch_2852,3263,4115,72.04610951008645,1
2369,Branch_2853,3263,3973,54.734537493158186,1
2370,Branch_2854,3403,3973,546.448087431694,1
2371,Branch_2856,6944,7474,19.774569903104606,1
2372,Branch_2858,5685,5740,19.48178453146308,1
2373,Branch_2859,5685,6060,45.289855072463766,1
2374,Branch_2860,6060,6687,17.301038062283737,1
2375,Branch_2861,6687,6907,64.06149903907752,1
2376,Branch_2862,6907,7011,10.453690152623876,1
2377,Branch_2863,6919,7011,27.862914460852604,1
2378,Branch_2864,6455,6778,1000.0,1
2379,Branch_2865,5742,6194,26.852846401718583,1
2380,Branch_2866,5743,6194,26.852846401718583,1
2381,Branch_2867,6455,6674,67.93478260869566,1
2382,Branch_2868,6298,6412,6.019020103527146,1
2383,Branch_2869,5796,6412,18.6046511627907,1
2384,Branch_2870,5740,6298,81.03727714748784,1
2385,Branch_2871,5623,5740,17.1909919202338,1
2386,Branch_2872,1860,1923,43.6871996505024,1
2387,Branch_2873,5623,6262,2000.0,1
2388,Branch_2874,5839,5992,186.21973929236498,1
2389,Branch_2875,5839,6262,22.08968411751712,1
2390,Branch_2877,6509,6580,63.13131313131313,1
2391,Branch_2878,6580,7322,21.547080370609784,1
2392,Branch_2879,5987,6162,21.321961620469082,1
2393,Branch_2880,6840,6941,219.78021978021977,1
2394,Branch_2881,6515,6840,35.61253561253561,1
2395,Branch_2882,5996,6515,10.311404413281089,1
2396,Branch_2885,2992,4889,19.557989438685702,1
2397,Branch_2886,6487,6931,793.6507936507936,1
2398,Branch_2887,6569,6895,471.6981132075472,1
2399,Branch_2888,6570,6577,28.793550244745177,1
2400,Branch_2889,6733,7025,68.7757909215956,1
2401,Branch_2890,6569,6733,53.648068669527895,1
2402,Branch_2891,6731,6733,118.76484560570071,1
2403,Branch_2892,6487,6921,29.647198339756894,1
2404,Branch_2893,6486,6487,272.47956403269757,1
2405,Branch_2894,6569,6577,709.2198581560284,1
2406,Branch_2896,6560,6570,30.91190108191654,1
2407,Branch_2897,1742,1804,100.0,1
2408,Branch_2898,3262,4115,72.04610951008645,1
2409,Branch_2899,3262,3972,54.734537493158186,1
2410,Branch_2900,3403,3972,546.448087431694,1
2411,Branch_2902,3509,4679,153.84615384615384,1
2412,Branch_2904,3883,4679,35.27336860670194,1
2413,Branch_2905,3990,4679,127.8772378516624,1
2414,Branch_2906,2736,3509,207.4688796680498,1
2415,Branch_2911,2639,3883,505.050505050505,1
2416,Branch_2912,3989,4057,127.8772378516624,1
2417,Branch_2913,3508,4057,153.37423312883436,1
2418,Branch_2914,2639,4057,37.69317753486619,1
2419,Branch_2915,2736,3508,207.4688796680498,1
2420,Branch_2918,2333,2334,33.3000333000333,1
2421,Branch_2919,2736,4083,38.051750380517504,1
2422,Branch_2920,4083,4763,273.224043715847,1
2423,Branch_2921,4082,4763,273.224043715847,1
2424,Branch_2922,4082,4978,99.10802775024777,1
2425,Branch_2923,4779,4978,122.85012285012284,1
2426,Branch_2924,4380,4779,2000.0,1
2427,Branch_2925,4380,4979,122.85012285012284,1
2428,Branch_2926,2736,4979,51.92107995846314,1
2429,Branch_2927,4763,4853,61.42506142506142,1
2430,Branch_2928,2694,3500,42.69854824935952,1
2431,Branch_2929,2694,4853,56.49717514124294,1
2432,Branch_2930,3500,4455,71.73601147776183,1
2433,Branch_2931,4840,4853,2000.0,1
2434,Branch_2934,4763,4852,61.42506142506142,1
2435,Branch_2935,3499,4852,24.993751562109473,1
2436,Branch_2936,3499,4455,71.73601147776183,1
2437,Branch_2937,4841,4852,2000.0,1
2438,Branch_2942,3623,3883,22.88329519450801,1
2439,Branch_2943,2968,3712,43.29004329004329,1
2440,Branch_2944,3623,3712,64.18485237483954,1
2441,Branch_2946,3883,4763,45.578851412944395,1
2442,Branch_2948,3779,3883,432.9004329004329,1
2443,Branch_2949,3779,4763,50.94243504839531,1
2444,Branch_2950,3779,4145,2000.0,1
2445,Branch_2952,7764,8207,45.12635379061372,1
2446,Branch_2955,6075,6196,25.806451612903224,1
2447,Branch_2956,5996,6223,18.681113394358302,1
2448,Branch_2957,5677,5689,148.3679525222552,1
2449,Branch_2958,5677,6196,409.8360655737705,1
2450,Branch_2959,5677,6223,13.426423200859292,1
2451,Branch_2960,6215,6223,18.733608092918697,1
2452,Branch_2962,3539,4672,63.89776357827476,1
2453,Branch_2963,3539,3878,269.54177897574124,1
2454,Branch_2964,2711,3539,359.71223021582733,1
2455,Branch_2967,3688,4672,66.53359946773121,1
2456,Branch_2968,2711,3688,1612.9032258064517,1
2457,Branch_2969,3054,6053,17.36714136853074,1
2458,Branch_2970,6052,6078,55.67928730512249,1
2459,Branch_2971,3637,4522,65.83278472679395,1
2460,Branch_2972,3837,4636,478.4688995215311,1
2461,Branch_2973,4182,4636,191.20458891013385,1
2462,Branch_2974,3671,4522,84.88964346349745,1
2463,Branch_2975,4222,4672,110.98779134295228,1
2464,Branch_2976,2923,4222,144.3001443001443,1
2465,Branch_2977,4182,4222,131.75230566534916,1
2466,Branch_2978,4139,4182,151.74506828528072,1
2467,Branch_2979,3637,4636,89.20606601248885,1
2468,Branch_2980,2711,4672,123.76237623762377,1
2469,Branch_2981,2711,4672,125.94458438287154,1
2470,Branch_2982,2711,3689,2000.0,1
2471,Branch_2983,1794,2286,38.71467286101432,1
2472,Branch_2984,3356,4115,175.7469244288225,1
2473,Branch_2985,3129,3713,52.11047420531527,1
2474,Branch_2986,3129,3356,27.495188342040144,1
2475,Branch_2987,4466,4672,114.5475372279496,1
2476,Branch_2988,3837,4181,131.75230566534916,1
2477,Branch_2989,2924,4466,144.3001443001443,1
2478,Branch_2990,4181,4466,123.15270935960591,1
2479,Branch_2991,4138,4181,151.74506828528072,1
2480,Branch_2992,3753,4844,25.980774227071965,1
2481,Branch_2993,3753,4907,18.040772145047807,1
2482,Branch_2994,6770,7142,40.27386226339106,1
2483,Branch_2995,6941,7425,33.738191632928476,1
2484,Branch_2997,7142,7425,33.97893306150187,1
2485,Branch_2998,7087,7228,89.20606601248885,1
2486,Branch_3001,3439,3786,39.61965134706814,1
2487,Branch_3002,3219,4110,144.7178002894356,1
2488,Branch_3003,4110,4194,181.8181818181818,1
2489,Branch_3004,3219,3892,103.09278350515464,1
2490,Branch_3005,3786,3892,507.61421319796955,1
2491,Branch_3008,3877,4143,485.43689320388347,1
2492,Branch_3009,2711,4143,263.1578947368421,1
2493,Branch_3010,7203,7462,21.50537634408602,1
2494,Branch_3011,6467,6468,862.0689655172414,1
2495,Branch_3012,7173,7462,101.9367991845056,1
2496,Branch_3013,3434,4130,649.3506493506494,1
2497,Branch_3014,3434,4661,877.1929824561404,1
2498,Branch_3015,6718,7175,29.533372711163615,1
2499,Branch_3016,6671,6791,373.13432835820896,1
2500,Branch_3017,7302,7311,1351.3513513513512,1
2501,Branch_3018,6726,6772,37.243947858473,1
2502,Branch_3019,6671,6692,16.515276630883566,1
2503,Branch_3020,6940,6986,31.938677738741617,1
2504,Branch_3021,6692,6726,2000.0,1
2505,Branch_3022,6940,7534,23.803856224708404,1
2506,Branch_3023,6716,7534,1492.5373134328358,1
2507,Branch_3024,6692,7609,18.646280067126607,1
2508,Branch_3025,6692,6999,160.25641025641025,1
2509,Branch_3026,6726,6986,62.266500622665006,1
2510,Branch_3027,6791,7609,421.9409282700422,1
2511,Branch_3028,6461,6940,17.796760989499912,1
2512,Branch_3029,6659,7610,454.54545454545456,1
2513,Branch_3030,7609,7610,425.531914893617,1
2514,Branch_3031,6817,7610,2000.0,1
2515,Branch_3037,6471,7175,434.7826086956522,1
2516,Branch_3038,6671,6817,478.4688995215311,1
2517,Branch_3039,7535,7570,125.31328320802005,1
2518,Branch_3040,7486,7493,19.63093835885355,1
2519,Branch_3041,6756,7486,23.946360153256705,1
2520,Branch_3044,2254,2468,36.79175864606328,1
2521,Branch_3045,3893,4253,19.849146486701073,1
2522,Branch_3046,4253,4625,389.10505836575874,1
2523,Branch_3047,4253,4630,26.53927813163482,1
2524,Branch_3048,3978,4625,13.657470636438132,1
2525,Branch_3049,3978,4579,35.99712023038157,1
2526,Branch_3050,2773,3893,1176.4705882352941,1
2527,Branch_3053,4591,4630,13.563000135630002,1
2528,Branch_3054,2822,4702,31.113876789047914,1
2529,Branch_3055,2822,4579,2000.0,1
2530,Branch_3056,2335,2341,24.582104228121928,1
2531,Branch_3057,7154,7570,584.7953216374269,1
2532,Branch_3058,2965,4591,47.34848484848485,1
2533,Branch_3059,2965,3695,141.84397163120568,1
2534,Branch_3060,3697,4655,15.453562046051616,1
2535,Branch_3061,3068,4655,20.43318348998774,1
2536,Branch_3063,3938,4591,13.157894736842104,1
2537,Branch_3064,3938,8796,6.531252041016263,1
2538,Branch_3067,1987,2343,34.141345168999656,1
2539,Branch_3068,3837,4147,101.6260162601626,1
2540,Branch_3069,3825,4147,58.8235294117647,1
2541,Branch_3070,3653,3837,38.47633705271258,1
2542,Branch_3071,3653,4663,961.5384615384615,1
2543,Branch_3072,7175,7233,245.7002457002457,1
2544,Branch_3073,5836,6022,41.01722723543888,1
2545,Branch_3074,3749,4293,61.34969325153374,1
2546,Branch_3075,3837,3866,73.31378299120234,1
2547,Branch_3076,3866,4696,117.9245283018868,1
2548,Branch_3077,3866,4293,131.92612137203167,1
2549,Branch_3078,3694,3749,130.54830287206266,1
2550,Branch_3079,2736,3694,130.54830287206266,1
2551,Branch_3080,3984,4878,2000.0,1
2552,Branch_3081,4696,4879,29.04443799012489,1
2553,Branch_3082,4130,4879,2000.0,1
2554,Branch_3083,2736,4433,116.95906432748538,1
2555,Branch_3084,3985,4130,2000.0,1
2556,Branch_3085,3985,4433,74.1839762611276,1
2557,Branch_3086,3693,4292,41.98152812762385,1
2558,Branch_3087,3093,3837,75.41478129713424,1
2559,Branch_3088,3825,4695,44.563279857397504,1
2560,Branch_3089,3093,4695,117.9245283018868,1
2561,Branch_3090,3093,4292,132.80212483399734,1
2562,Branch_3091,2736,3693,180.50541516245488,1
2563,Branch_3092,4115,4434,52.52100840336134,1
2564,Branch_3093,3460,4171,131.75230566534916,1
2565,Branch_3094,3460,4434,38.255547054322875,1
2566,Branch_3095,3757,4626,176.05633802816902,1
2567,Branch_3096,3757,4170,136.4256480218281,1
2568,Branch_3097,2760,3713,374.53183520599254,1
2569,Branch_3098,3418,4626,221.23893805309734,1
2570,Branch_3099,4170,4216,125.62814070351759,1
2571,Branch_3100,2725,3418,185.5287569573284,1
2572,Branch_3101,2725,3023,89.44543828264759,1
2573,Branch_3102,2760,4216,115.47344110854503,1
2574,Branch_3105,3138,4428,111.73184357541899,1
2575,Branch_3106,4193,4428,104.0582726326743,1
2576,Branch_3107,3692,3837,133.33333333333334,1
2577,Branch_3108,3138,3692,153.84615384615384,1
2578,Branch_3109,4194,4429,103.95010395010395,1
2579,Branch_3110,3837,4429,43.55400696864111,1
2580,Branch_3111,2360,2361,92.67840593141798,1
2581,Branch_3112,2761,3713,374.53183520599254,1
2582,Branch_3113,4171,4215,125.62814070351759,1
2583,Branch_3114,2761,4215,115.47344110854503,1
2584,Branch_3115,6522,6693,36.96857670979667,1
2585,Branch_3116,6522,6848,1298.7012987012988,1
2586,Branch_3118,6522,7123,675.6756756756756,1
2587,Branch_3120,7050,7123,31.104199066874028,1
2588,Branch_3121,6476,7050,19.584802193497847,1
2589,Branch_3122,6476,7203,18.21161901293025,1
2590,Branch_3123,5620,6129,47.192071731949035,1
2591,Branch_3124,6328,8879,10.382059800664452,1
2592,Branch_3125,6328,6347,29.18855808523059,1
2593,Branch_3126,5620,6347,2000.0,1
2594,Branch_3127,5626,6076,259.7402597402597,1
2595,Branch_3128,5913,6076,92.7643784786642,1
2596,Branch_3129,5620,5913,173.61111111111111,1
2597,Branch_3130,2220,2360,45.97701149425287,1
2598,Branch_3131,6704,6917,103.30578512396694,1
2599,Branch_3132,6693,6704,49.62779156327544,1
2600,Branch_3133,6678,6704,20.0,1
2601,Branch_3134,4249,4703,869.5652173913044,1
2602,Branch_3135,3260,4703,313.47962382445144,1
2603,Branch_3136,2621,4703,44.9842555105713,1
2604,Branch_3137,3919,4435,122.85012285012284,1
2605,Branch_3138,3223,3837,92.08103130755065,1
2606,Branch_3139,3919,4640,60.09615384615385,1
2607,Branch_3140,3930,4640,153.60983102918587,1
2608,Branch_3141,3930,4348,129.87012987012986,1
2609,Branch_3142,2621,4435,172.1170395869191,1
2610,Branch_3143,3223,3930,2000.0,1
2611,Branch_3144,3260,3720,704.2253521126761,1
2612,Branch_3145,3720,4193,108.57763300760044,1
2613,Branch_3146,5685,5860,56.08524957936063,1
2614,Branch_3147,5755,5860,20.036064916850332,1
2615,Branch_3148,5755,6129,32.62642740619902,1
2616,Branch_3149,5626,5992,108.22510822510823,1
2617,Branch_3150,2644,6244,94.07337723424271,1
2618,Branch_3151,8639,8953,98.81422924901186,1
2619,Branch_3152,8933,8953,127.7139208173691,1
2620,Branch_3153,8698,8859,228.83295194508008,1
2621,Branch_3154,8639,8881,70.8215297450425,1
2622,Branch_3155,8859,8933,2000.0,1
2623,Branch_3156,8698,9166,40.600893219650835,1
2624,Branch_3157,8698,8931,103.19917440660474,1
2625,Branch_3158,6921,7025,14.925373134328359,1
2626,Branch_3159,6459,7057,14.332807797047442,1
2627,Branch_3160,6526,7325,99.60159362549801,1
2628,Branch_3163,6721,6994,28.6286859433152,1
2629,Branch_3164,7057,7325,427.35042735042737,1
2630,Branch_3165,6423,6526,268.81720430107526,1
2631,Branch_3166,6423,6573,56.49717514124294,1
2632,Branch_3167,6573,6997,35.98416696653472,1
2633,Branch_3168,6573,6720,123.45679012345678,1
2634,Branch_3169,6994,7505,268.81720430107526,1
2635,Branch_3170,7128,7521,68.07351940095303,1
2636,Branch_3171,7326,7521,24.975024975024976,1
2637,Branch_3172,6618,7521,265.9574468085106,1
2638,Branch_3175,6425,7326,85.1063829787234,1
2639,Branch_3176,6425,6451,1388.888888888889,1
2640,Branch_3177,6451,6972,387.5968992248062,1
2641,Branch_3178,6459,6972,27.151778441487917,1
2642,Branch_3180,6678,6784,21.805494984736153,1
2643,Branch_3181,7128,7283,925.925925925926,1
2644,Branch_3182,6784,7283,15.295197308045275,1
2645,Branch_3183,6658,6994,75.98784194528875,1
2646,Branch_3186,7128,7522,70.12622720897616,1
2647,Branch_3187,6574,7522,40.22526146419952,1
2648,Branch_3188,6617,7522,265.9574468085106,1
2649,Branch_3189,6574,6658,68.3526999316473,1
2650,Branch_3190,6574,6723,123.45679012345678,1
2651,Branch_3191,7128,7284,925.925925925926,1
2652,Branch_3192,6678,6879,9.693679720822024,1
2653,Branch_3193,7284,7345,22.9147571035747,1
2654,Branch_3194,6879,7345,71.94244604316546,1
2655,Branch_3195,6677,7153,16.96928559307653,1
2656,Branch_3196,6537,7505,215.05376344086022,1
2657,Branch_3197,6641,6994,74.8502994011976,1
2658,Branch_3198,6642,7505,103.84215991692628,1
2659,Branch_3199,6537,7436,448.4304932735426,1
2660,Branch_3200,7436,7537,43.271311120726956,1
2661,Branch_3201,6677,7537,52.2466039707419,1
2662,Branch_3202,1943,2337,37.67897513187641,1
2663,Branch_3203,6955,6957,144.3001443001443,1
2664,Branch_3204,6948,7082,47.86979415988511,1
2665,Branch_3205,6443,6957,121.95121951219512,1
2666,Branch_3206,6943,6955,144.3001443001443,1
2667,Branch_3207,6957,7082,56.306306306306304,1
2668,Branch_3209,6572,6948,35.97122302158273,1
2669,Branch_3210,5996,6572,12.201073694485114,1
2670,Branch_3211,5992,5996,7.5947444368497,1
2671,Branch_3214,6719,6983,58.75440658049354,1
2672,Branch_3215,6719,6932,386.1003861003861,1
2673,Branch_3216,6678,6932,74.12898443291327,1
2674,Branch_3217,6941,7412,51.733057423693744,1
2675,Branch_3218,6948,7412,21.128248468201985,1
2676,Branch_3219,2318,2373,73.63770250368188,1
2677,Branch_3220,6678,6860,122.24938875305624,1
2678,Branch_3221,6499,6860,22.794620469569182,1
2679,Branch_3222,6449,6831,2000.0,1
2680,Branch_3223,7254,7466,110.49723756906077,1
2681,Branch_3224,6449,6677,20.903010033444815,1
2682,Branch_3225,6561,7466,27.06359945872801,1
2683,Branch_3226,6831,7254,387.5968992248062,1
2684,Branch_3227,6561,6948,9.311853990129435,1
2685,Branch_3229,6892,6894,17.205781142463866,1
2686,Branch_3230,6562,6894,17.674089784376104,1
2687,Branch_3231,6562,7603,19.164430816404753,1
2688,Branch_3234,6948,7083,13.392259274139548,1
2689,Branch_3235,6503,7083,12.19809709685289,1
2690,Branch_3236,6503,6892,25.22704339051463,1
2691,Branch_3238,6460,6488,27.277686852154936,1
2692,Branch_3239,6488,6499,24.449877750611247,1
2693,Branch_3240,6499,7394,2000.0,1
2694,Branch_3241,1713,2603,51.124744376278116,1
2695,Branch_3242,7199,7216,182.81535648994515,1
2696,Branch_3243,7199,7215,182.81535648994515,1
2697,Branch_3244,7199,7257,1250.0,1
2698,Branch_3245,7491,7493,1075.268817204301,1
2699,Branch_3246,6529,6530,813.0081300813008,1
2700,Branch_3247,6529,6531,813.0081300813008,1
2701,Branch_3248,4130,4878,2000.0,1
2702,Branch_3249,3632,4878,35.486160397445,1
2703,Branch_3250,2736,3677,163.9344262295082,1
2704,Branch_3251,3677,4446,500.0,1
2705,Branch_3252,3513,3677,57.2737686139748,1
2706,Branch_3253,3513,3632,99.9000999000999,1
2707,Branch_3254,2141,2183,146.19883040935673,1
2708,Branch_3255,5993,5994,34.39972480220158,1
2709,Branch_3256,6606,6978,313.47962382445144,1
2710,Branch_3257,6659,6978,58.8235294117647,1
2711,Branch_3258,6847,6978,88.41732979664015,1
2712,Branch_3259,6678,6847,36.95491500369549,1
2713,Branch_3260,6606,6702,900.9009009009009,1
2714,Branch_3261,7319,7328,2000.0,1
2715,Branch_3262,6742,6944,34.746351633078525,1
2716,Branch_3263,6475,6742,37.105751391465674,1
2717,Branch_3264,6475,7319,47.596382674916704,1
2718,Branch_3265,7058,7338,60.27727546714888,1
2719,Branch_3266,7248,7338,58.99705014749262,1
2720,Branch_3267,7058,7319,30.175015087507543,1
2721,Branch_3268,6830,6944,10.539629005059021,1
2722,Branch_3269,6830,7248,28.57959416976279,1
2723,Branch_3270,6607,6812,199.6007984031936,1
2724,Branch_3271,6659,6812,66.62225183211193,1
2725,Branch_3272,6791,6812,371.74721189591077,1
2726,Branch_3273,6849,7419,149.47683109118086,1
2727,Branch_3275,7419,7569,94.07337723424271,1
2728,Branch_3276,3665,4935,14.596409283316305,1
2729,Branch_3277,3266,4935,19.175455417066154,1
2730,Branch_3278,6657,6906,56.433408577878104,1
2731,Branch_3279,6657,6849,63.89776357827476,1
2732,Branch_3280,6545,6985,58.927519151443725,1
2733,Branch_3281,6657,6898,2000.0,1
2734,Branch_3282,6906,6985,386.1003861003861,1
2735,Branch_3283,6906,7000,174.52006980802793,1
2736,Branch_3285,6545,7153,22.016732716864816,1
2737,Branch_3287,6751,6994,156.98587127158555,1
2738,Branch_3288,6710,6798,70.27406886858749,1
2739,Branch_3289,6751,6798,72.09805335255948,1
2740,Branch_3290,6710,7355,74.73841554559043,1
2741,Branch_3291,6707,7355,141.643059490085,1
2742,Branch_3296,6849,7157,301.2048192771084,1
2743,Branch_3297,6659,7157,193.7984496124031,1
2744,Branch_3298,6788,7157,303.951367781155,1
2745,Branch_3299,6659,6787,495.0495049504951,1
2746,Branch_3300,6849,6983,35.829451809387315,1
2747,Branch_3301,6460,7203,235.8490566037736,1
2748,Branch_3302,6678,7365,9.845426799251747,1
2749,Branch_3303,7209,7365,27.548209366391184,1
2750,Branch_3306,7203,7244,751.8796992481203,1
2751,Branch_3308,6015,6079,80.84074373484236,1
2752,Branch_3309,3945,4342,307.6923076923077,1
2753,Branch_3310,3665,3945,60.56935190793458,1
2754,Branch_3311,3859,3945,156.73981191222572,1
2755,Branch_3312,2801,4543,89.52551477170994,1
2756,Branch_3313,4351,4445,21.477663230240548,1
2757,Branch_3314,3859,4543,53.937432578209275,1
2758,Branch_3315,2801,4351,22.716946842344388,1
2759,Branch_3317,6672,7005,154.5595054095827,1
2760,Branch_3318,6491,6672,33.62474781439139,1
2761,Branch_3319,6491,7524,47.86979415988511,1
2762,Branch_3320,7297,7524,507.61421319796955,1
2763,Branch_3321,6659,7297,8.753501400560225,1
2764,Branch_3322,6715,7524,33.62474781439139,1
2765,Branch_3323,6460,6672,142.2475106685633,1
2766,Branch_3324,7006,7203,53.937432578209275,1
2767,Branch_3325,6460,7203,204.49897750511246,1
2768,Branch_3326,6659,6816,552.4861878453039,1
2769,Branch_3327,6867,7244,2000.0,1
2770,Branch_3329,6867,7244,2000.0,1
2771,Branch_3332,2155,2498,51.75983436853002,1
2772,Branch_3333,7132,7569,151.9756838905775,1
2773,Branch_3334,7132,7420,268.81720430107526,1
2774,Branch_3335,6659,7420,141.643059490085,1
2775,Branch_3336,7239,7418,30.56234718826406,1
2776,Branch_3338,6677,7239,2000.0,1
2777,Branch_3340,7268,7418,62.53908692933083,1
2778,Branch_3342,7268,7569,48.732943469785575,1
2779,Branch_3343,2042,2480,2000.0,1
2780,Branch_3345,2968,3068,9.49397132820659,1
2781,Branch_3346,6743,7039,49.115913555992144,1
2782,Branch_3347,6810,7038,236.96682464454977,1
2783,Branch_3348,6810,6944,16.220600162206,1
2784,Branch_3349,6637,6694,103.09278350515464,1
2785,Branch_3350,6694,7038,2000.0,1
2786,Branch_3351,6694,7039,2000.0,1
2787,Branch_3352,6460,6810,704.2253521126761,1
2788,Branch_3353,1981,2534,37.92188092529389,1
2789,Branch_3354,7153,7569,45.433893684688776,1
2790,Branch_3355,8846,8881,38.08073115003808,1
2791,Branch_3356,8834,8846,71.22507122507122,1
2792,Branch_3357,8846,8889,181.15942028985506,1
2793,Branch_3358,8780,8990,42.14075010535188,1
2794,Branch_3359,8804,8932,1000.0,1
2795,Branch_3360,8804,8889,82.64462809917356,1
2796,Branch_3361,8932,8990,75.13148009015778,1
2797,Branch_3362,8764,9166,1298.7012987012988,1
2798,Branch_3363,8764,8780,76.39419404125286,1
2799,Branch_3364,6790,7228,2000.0,1
2800,Branch_3366,4345,4591,27.8473962684489,1
2801,Branch_3367,3675,4345,33.433634236041456,1
2802,Branch_3368,3675,8911,30.111412225233362,1
2803,Branch_3369,8701,8911,25.523226135783563,1
2804,Branch_3370,8864,8931,26.014568158168576,1
2805,Branch_3371,8864,8911,66.66666666666667,1
2806,Branch_3372,8780,8965,24.372410431391664,1
2807,Branch_3373,8965,9381,65.06180871828236,1
2808,Branch_3374,9368,9381,38.565368299267256,1
2809,Branch_3375,1789,2116,75.8150113722517,1
2810,Branch_3376,6946,7203,82.03445447087776,1
2811,Branch_3377,7259,7291,78.86435331230284,1
2812,Branch_3378,6946,7259,30.3951367781155,1
2813,Branch_3379,7291,7348,14.007564084605686,1
2814,Branch_3380,7269,7348,17.812611328820804,1
2815,Branch_3381,7203,7269,12.434717731907485,1
2816,Branch_3382,6944,7244,14.887598630340927,1
2817,Branch_3385,7290,7498,134.40860215053763,1
2818,Branch_3386,6481,7249,22.716946842344388,1
2819,Branch_3387,7249,7270,14.755791648221926,1
2820,Branch_3388,7255,7270,18.112660749864155,1
2821,Branch_3389,6481,7498,68.96551724137932,1
2822,Branch_3390,6440,7290,94.07337723424271,1
2823,Branch_3392,6440,7348,892.8571428571429,1
2824,Branch_3393,7258,7348,12.224938875305623,1
2825,Branch_3394,7255,7258,7.723797018614351,1
2826,Branch_3398,2353,2566,87.03220191470844,1
2827,Branch_3399,8887,8931,746.2686567164179,1
2828,Branch_3400,8651,8887,73.1528895391368,1
2829,Branch_3401,8651,9166,59.844404548174744,1
2830,Branch_3402,1922,2283,77.45933384972889,1
2831,Branch_3403,6707,7153,66.2251655629139,1
2832,Branch_3405,7343,7346,63.05170239596469,1
2833,Branch_3406,5836,5994,19.71608832807571,1
2834,Branch_3407,4094,4294,1000.0,1
2835,Branch_3408,6744,6942,13.065064018813692,1
2836,Branch_3409,6667,6744,41.511000415110004,1
2837,Branch_3410,6667,6914,7.2379849449913145,1
2838,Branch_3411,6674,7343,62.893081761006286,1
2839,Branch_3412,3322,3761,52.63157894736842,1
2840,Branch_3413,2666,3761,23.22340919647004,1
2841,Branch_3414,6762,6767,10.206164523372117,1
2842,Branch_3415,6767,6800,29.958058717795087,1
2843,Branch_3416,6918,7037,21.77226213803614,1
2844,Branch_3417,6800,7037,9.33184023889511,1
2845,Branch_3418,7037,7042,2000.0,1
2846,Branch_3419,5929,6942,22.82583884957772,1
2847,Branch_3420,5660,5912,10.630381630700542,1
2848,Branch_3421,5660,5690,15.82528881152081,1
2849,Branch_3422,5660,5704,6.0949594685195345,1
2850,Branch_3423,5704,5999,7.5125835774922995,1
2851,Branch_3424,5690,6061,787.4015748031496,1
2852,Branch_3425,5912,5929,12.564392511622064,1
2853,Branch_3427,2048,2369,81.03727714748784,1
2854,Branch_3428,2992,4445,17.65536723163842,1
2855,Branch_3429,6735,6771,23.1000231000231,1
2856,Branch_3430,6634,6804,44.44444444444444,1
2857,Branch_3431,6735,6804,3.785297902944962,1
2858,Branch_3432,6676,6804,4.316484654897052,1
2859,Branch_3435,9101,9330,9.088430428065074,1
2860,Branch_3436,9096,9106,44.464206313917295,1
2861,Branch_3437,8653,9096,2000.0,1
2862,Branch_3438,9107,9199,1333.3333333333333,1
2863,Branch_3439,8669,9106,4.625988805107092,1
2864,Branch_3441,8669,9367,2000.0,1
2865,Branch_3442,9106,9199,961.5384615384615,1
2866,Branch_3443,9330,9335,18.158707100054475,1
2867,Branch_3449,2080,5895,32.43593902043464,1
2868,Branch_3450,2993,3664,40.17677782241864,1
2869,Branch_3451,3894,4574,3.1986693535489237,1
2870,Branch_3452,3048,4629,5.660911406736485,1
2871,Branch_3453,4574,4629,6.086056843770921,1
2872,Branch_3454,3894,4752,4.543389368468878,1
2873,Branch_3455,4280,4752,8.216926869350862,1
2874,Branch_3456,3049,4578,20.22653721682848,1
2875,Branch_3457,3049,4280,13.252054068380598,1
2876,Branch_3458,1919,2329,28.32058906825262,1
2877,Branch_3459,2666,3665,23.22340919647004,1
2878,Branch_3460,3687,4444,27.359781121751027,1
2879,Branch_3461,6718,6893,26.867275658248253,1
2880,Branch_3462,8689,8891,20.53388090349076,1
2881,Branch_3463,8880,8891,26.364355391510678,1
2882,Branch_3464,8685,8856,9.447331128956069,1
2883,Branch_3465,8689,8908,40.600893219650835,1
2884,Branch_3466,8727,8736,2000.0,1
2885,Branch_3467,8880,8941,10.58873358746294,1
2886,Branch_3468,8684,8908,5.322546306152863,1
2887,Branch_3469,8681,8908,34.566194262011756,1
2888,Branch_3470,8727,8940,41.928721174004195,1
2889,Branch_3471,8856,8940,20.04008016032064,1
2890,Branch_3472,8856,8880,7.347538574577516,1
2891,Branch_3473,6863,7055,94.16195856873823,1
2892,Branch_3474,3266,4604,24.43195699975568,1
2893,Branch_3475,4604,6096,50.76142131979695,1
2894,Branch_3477,4303,4815,140.25245441795232,1
2895,Branch_3478,3638,4815,2000.0,1
2896,Branch_3479,6622,7017,35.12469265893923,1
2897,Branch_3480,6914,7260,3.754599384245701,1
2898,Branch_3481,6023,7260,4.888063349301007,1
2899,Branch_3482,1948,2541,21.753317380900587,1
2900,Branch_3483,5639,5981,94.6969696969697,1
2901,Branch_3484,5639,5741,22.75830678197542,1
2902,Branch_3485,5741,6037,5.8809691837214775,1
2903,Branch_3486,1802,2370,43.535045711798,1
2904,Branch_3487,5741,6035,7.107320540156361,1
2905,Branch_3488,5711,6035,9.30232558139535,1
2906,Branch_3489,5640,5711,6.6956812855708066,1
2907,Branch_3490,5711,6036,8.682816705739342,1
2908,Branch_3491,5621,6036,11.956001912960305,1
2909,Branch_3492,5608,6036,90.33423667570008,1
2910,Branch_3493,5630,5741,176.67844522968198,1
2911,Branch_3494,5621,5630,4.423995752964077,1
2912,Branch_3495,5630,5980,30.816640986132512,1
2913,Branch_3496,5840,6075,35.587188612099645,1
2914,Branch_3500,5999,6037,8.061265618702135,1
2915,Branch_3503,6980,7485,11.633317822242903,1
2916,Branch_3505,6603,6980,8.916629514043692,1
2917,Branch_3506,6753,7204,3.8028597505324004,1
2918,Branch_3508,6980,7492,5.405405405405405,1
2919,Branch_3509,6826,7492,9.13575735428467,1
2920,Branch_3511,1713,2509,9.017945711966814,1
2921,Branch_3512,3144,3266,52.13764337851929,1
2922,Branch_3513,3289,3322,64.72491909385113,1
2923,Branch_3514,3144,3289,75.7002271006813,1
2924,Branch_3515,6878,6915,2000.0,1
2925,Branch_3516,6876,6934,39.55696202531646,1
2926,Branch_3517,6934,7056,23.11604253351826,1
2927,Branch_3518,6930,7525,51.975051975051976,1
2928,Branch_3519,6930,6984,4.3060758730568836,1
2929,Branch_3520,7056,7526,15.820281601012498,1
2930,Branch_3521,1872,2539,85.25149190110827,1
2931,Branch_3522,6610,6975,14.596409283316305,1
2932,Branch_3524,6799,6939,18.412815319462347,1
2933,Branch_3525,6876,6939,12.719409819384381,1
2934,Branch_3526,6939,6975,10.884946119516709,1
2935,Branch_3527,6824,6975,9.811616954474097,1
2936,Branch_3530,6504,7204,8.813678829543452,1
2937,Branch_3531,5765,6020,16.147263038914904,1
2938,Branch_3532,6757,6968,11.016855789357717,1
2939,Branch_3533,6757,6918,27.862914460852604,1
2940,Branch_3534,6757,6881,3.6165057321615857,1
2941,Branch_3535,6865,6881,28.677946659019213,1
2942,Branch_3536,1975,2074,1282.051282051282,1
2943,Branch_3538,8791,8963,5.457919441109049,1
2944,Branch_3539,8675,8791,5.333617792948957,1
2945,Branch_3540,8791,8895,8.92379082634303,1
2946,Branch_3541,2088,2115,1298.7012987012988,1
2947,Branch_3543,8913,8962,26.63825253063399,1
2948,Branch_3545,5968,6074,2.9537734455767244,1
2949,Branch_3546,5732,6227,78.49293563579278,1
2950,Branch_3547,5933,5991,66.62225183211193,1
2951,Branch_3548,5933,5968,11.764705882352942,1
2952,Branch_3549,5732,5933,78.49293563579278,1
2953,Branch_3550,5836,6364,25.660764690787786,1
2954,Branch_3551,5805,6074,4.845195988177722,1
2955,Branch_3552,5795,6074,10.734220695577502,1
2956,Branch_3554,5633,5794,49.52947003467063,1
2957,Branch_3555,5633,5985,38.38771593090211,1
2958,Branch_3556,5633,5806,12.238404112103781,1
2959,Branch_3557,5795,6360,118.06375442739079,1
2960,Branch_3558,5794,6360,118.06375442739079,1
2961,Branch_3559,6364,6376,21.767522855899,1
2962,Branch_3560,5730,6074,10.171905197843556,1
2963,Branch_3561,5591,5730,7.106310403638431,1
2964,Branch_3562,5924,6407,80.25682182985554,1
2965,Branch_3563,1972,6073,24.61235540241201,1
2966,Branch_3564,4444,4539,73.69196757553426,1
2967,Branch_3565,3934,4539,123.76237623762377,1
2968,Branch_3566,3687,4539,17.1909919202338,1
2969,Branch_3567,1950,2380,20.157226365652086,1
2970,Branch_3568,3054,3322,8.587376556462,1
2971,Branch_3569,6813,6973,13.575889220743958,1
2972,Branch_3570,6676,6813,19.065776930409914,1
2973,Branch_3571,3048,3696,25.201612903225808,1
2974,Branch_3572,6902,7327,364.963503649635,1
2975,Branch_3573,4316,8992,13.653741125068269,1
2976,Branch_3574,3048,4316,2.6959264551263042,1
2977,Branch_3575,3839,3935,11.974613818704347,1
2978,Branch_3576,7045,7196,29.4811320754717,1
2979,Branch_3577,8726,8992,10.236462278636504,1
2980,Branch_3578,8700,8726,21.635655560363478,1
2981,Branch_3579,8792,8820,4.733279689496852,1
2982,Branch_3580,8700,8792,7.793624814901411,1
2983,Branch_3581,8675,8820,20.53809817210926,1
2984,Branch_3583,8694,8746,2000.0,1
2985,Branch_3584,8675,8935,2.8243002796057275,1
2986,Branch_3585,8746,8935,4.4929685042907845,1
2987,Branch_3586,8930,8935,8.480325644504749,1
2988,Branch_3587,8746,8957,107.18113612004288,1
2989,Branch_3589,8789,8958,14.43209698369173,1
2990,Branch_3590,7991,7998,47.93863854266539,1
2991,Branch_3591,6620,6984,5.549697541483989,1
2992,Branch_3592,6620,7026,9.859988168014198,1
2993,Branch_3593,6758,7026,25.647601949217748,1
2994,Branch_3594,6758,6897,78.18608287724786,1
2995,Branch_3595,6615,7026,53.304904051172706,1
2996,Branch_3596,1943,2501,23.326335432703523,1
2997,Branch_3604,4578,4854,22.527596305474205,1
2998,Branch_3605,3300,3341,25.3613999492772,1
2999,Branch_3606,3300,4854,6.476683937823834,1
3000,Branch_3607,3341,4279,5.417118093174431,1
3001,Branch_3608,5994,6073,25.76655501159495,1
3002,Branch_3609,8700,9189,9.848335631278314,1
3003,Branch_3610,5987,6280,25.374270489723422,1
3004,Branch_3611,5166,5364,39.354584809130266,1
3005,Branch_3612,5237,5364,50.94243504839531,1
3006,Branch_3613,5212,5236,49.67709885742673,1
3007,Branch_3614,5099,5237,35.08771929824562,1
3008,Branch_3615,5133,5378,367.6470588235294,1
3009,Branch_3616,5099,5133,28.20078962210942,1
3010,Branch_3617,5237,5314,23.792529145848203,1
3011,Branch_3618,5071,5314,124.53300124533001,1
3012,Branch_3619,5236,5378,58.61664712778429,1
3013,Branch_3620,4712,5071,102.98661174047373,1
3014,Branch_3621,4712,4923,85.47008547008546,1
3015,Branch_3622,3504,4712,64.59948320413437,1
3016,Branch_3623,4714,4923,34.36426116838488,1
3017,Branch_3624,2798,4923,2000.0,1
3018,Branch_3626,6525,6638,16.038492381716118,1
3019,Branch_3627,6525,6945,8.46955196070128,1
3020,Branch_3628,6636,6953,115.2073732718894,1
3021,Branch_3629,6638,7204,12.763241863433311,1
3022,Branch_3631,8689,8803,78.74015748031496,1
3023,Branch_3632,8803,8880,14.669209329617134,1
3024,Branch_3633,8803,9167,29.922202274087372,1
3025,Branch_3634,8839,8854,3.84571011037188,1
3026,Branch_3635,8749,8839,156.49452269170578,1
3027,Branch_3636,8749,8857,1000.0,1
3028,Branch_3637,8689,8830,185.5287569573284,1
3029,Branch_3638,8680,8830,12.201073694485114,1
3030,Branch_3639,8830,8855,112.99435028248588,1
3031,Branch_3640,8839,8855,22.558087074216107,1
3032,Branch_3641,8855,9167,24.06159769008662,1
3033,Branch_3642,5806,6270,11.24353496739375,1
3034,Branch_3643,6037,6270,2.973181899268597,1
3035,Branch_3646,5137,5405,52.742616033755276,1
3036,Branch_3647,5092,5137,2000.0,1
3037,Branch_3650,1927,2486,41.1522633744856,1
3038,Branch_3653,7853,8387,11.767474699929394,1
3039,Branch_3654,1872,2587,24.968789013732835,1
3040,Branch_3655,2149,2173,40.48582995951417,1
3041,Branch_3656,2232,2342,19.712201852946976,1
3042,Branch_3659,2834,4959,1886.7924528301887,1
3043,Branch_3660,309,1316,362.3188405797101,1
3044,Branch_3661,340,1466,58.47953216374269,1
3045,Branch_3662,340,341,151.05740181268882,1
3046,Branch_3663,45,340,140.64697609001408,1
3047,Branch_3664,3119,4004,5.229578495973224,1
3048,Branch_3671,3560,4959,6.269199423233653,1
3049,Branch_3674,6604,7240,4.5987583352494825,1
3050,Branch_3675,3364,4959,24.154589371980677,1
3051,Branch_3677,417,1345,543.4782608695652,1
3052,Branch_3678,6596,7240,5.091649694501018,1
3053,Branch_3679,9199,9207,675.6756756756756,1
3054,Branch_3682,269,1326,826.4462809917355,1
3055,Branch_3687,7732,8573,94.42870632672333,1
3056,Branch_3688,1804,2242,775.1937984496124,1
3057,Branch_3689,9026,9216,35.7398141529664,1
3058,Branch_3693,9103,9216,42.24757076468103,1
3059,Branch_3694,9219,9250,2000.0,1
3060,Branch_3695,9219,9249,2000.0,1
3061,Branch_3696,9126,9216,800.0,1
3062,Branch_3697,9217,9237,2000.0,1
3063,Branch_3698,9217,9238,2000.0,1
3064,Branch_3703,7267,9218,51.440329218106996,1
3065,Branch_3704,9218,9247,2000.0,1
3066,Branch_3705,9218,9246,2000.0,1
3067,Branch_3706,9026,9323,65.48788474132286,1
3068,Branch_3707,9323,9355,2000.0,1
3069,Branch_3708,9019,9323,147.49262536873155,1
3070,Branch_3709,3247,4621,4.756242568370987,1
3071,Branch_3710,1787,2201,92.5925925925926,1
3072,Branch_3711,5166,5439,23.651844843897823,1
3073,Branch_3713,5154,5439,12.567550584391102,1
3074,Branch_3714,2777,4622,7.164350193437455,1
3075,Branch_3715,2777,3384,118.90606420927467,1
3076,Branch_3716,3384,3517,8.233841086867024,1
3077,Branch_3717,4191,4622,16.71402306535183,1
3078,Branch_3718,2672,4191,4.585262964831033,1
3079,Branch_3719,3690,4191,4.585262964831033,1
3080,Branch_3720,4191,4697,59.27682276229994,1
3081,Branch_3723,9029,9360,116.68611435239207,1
3082,Branch_3724,9360,9363,2000.0,1
3083,Branch_3725,9019,9360,46.06172270842929,1
3084,Branch_3726,9026,9382,341.29692832764505,1
3085,Branch_3727,9019,9382,52.52100840336134,1
3086,Branch_3731,1729,1857,19.952114924181963,1
3087,Branch_3732,1950,2099,19.168104274487252,1
3088,Branch_3733,3516,4468,25.980774227071965,1
3089,Branch_3734,3059,4468,21.64970772894566,1
3090,Branch_3735,3061,5290,19.584802193497847,1
3091,Branch_3737,5305,5550,125.62814070351759,1
3092,Branch_3738,2626,5305,52.6592943654555,1
3093,Branch_3739,2626,5290,118.48341232227489,1
3094,Branch_3740,2083,2354,107.87486515641855,1
3095,Branch_3741,1727,1855,19.880715705765407,1
3096,Branch_3742,5143,5204,28.87669650591972,1
3097,Branch_3743,5204,5225,75.8150113722517,1
3098,Branch_3744,5226,5367,7.484469725319961,1
3099,Branch_3745,5245,5367,19.190174630589137,1
3100,Branch_3746,5245,5323,11.337868480725623,1
3101,Branch_3747,1741,1926,57.570523891767415,1
3102,Branch_3748,5132,5154,240.3846153846154,1
3103,Branch_3749,5132,5400,61.12469437652812,1
3104,Branch_3750,5143,5291,6.5915233010348695,1
3105,Branch_3751,5176,5291,11.890606420927467,1
3106,Branch_3752,5088,5177,37.90750568612585,1
3107,Branch_3753,5088,5377,99.60159362549801,1
3108,Branch_3754,5087,5377,88.49557522123894,1
3109,Branch_3755,5086,5087,41.63197335553705,1
3110,Branch_3756,5086,5217,111.23470522803115,1
3111,Branch_3757,5086,5301,24.044241404183698,1
3112,Branch_3759,5243,5377,43.97537379067722,1
3113,Branch_3760,5218,5243,103.62694300518135,1
3114,Branch_3761,5243,5424,74.01924500370096,1
3115,Branch_3762,5217,5311,33.692722371967655,1
3116,Branch_3763,5310,5373,8.663259118080221,1
3117,Branch_3764,5373,5396,10.018032458425166,1
3118,Branch_3766,4010,4386,103.51966873706004,1
3119,Branch_3767,5373,5395,8.918219923303308,1
3120,Branch_3769,3939,4385,57.077625570776256,1
3121,Branch_3771,2231,2253,22.43158366980709,1
3122,Branch_3772,1970,2484,40.93327875562833,1
3123,Branch_3773,5793,6049,79.93605115907275,1
3124,Branch_3774,2313,2549,25.720164609053498,1
3125,Branch_3775,1855,2313,704.2253521126761,1
3126,Branch_3776,4161,4385,70.17543859649123,1
3127,Branch_3777,3210,4161,112.10762331838565,1
3128,Branch_3778,3210,3258,177.61989342806393,1
3129,Branch_3779,6536,6718,32.38341968911917,1
3130,Branch_3780,2253,6049,24.551927326295115,1
3131,Branch_3781,7045,7196,29.542097488921712,1
3132,Branch_3782,6605,7468,194.1747572815534,1
3133,Branch_3783,1886,2174,67.70480704129993,1
3134,Branch_3784,3109,8709,73.74631268436578,1
3135,Branch_3785,6551,7255,26.56042496679947,1
3136,Branch_3786,3104,3235,175.43859649122808,1
3137,Branch_3787,3235,3756,108.57763300760044,1
3138,Branch_3788,3756,4531,66.75567423230974,1
3139,Branch_3789,3089,4022,81.43322475570032,1
3140,Branch_3790,3104,4385,92.93680297397769,1
3141,Branch_3791,4022,4531,235.2941176470588,1
3142,Branch_3792,5717,5785,45.146726862302486,1
3143,Branch_3794,6535,7186,1162.7906976744187,1
3144,Branch_3795,7186,7228,18.695083193120208,1
3145,Branch_3796,2173,2379,276.24309392265195,1
3146,Branch_3797,3089,3908,165.01650165016503,1
3147,Branch_3798,3908,4499,56.14823133071308,1
3148,Branch_3801,2115,6143,12.345679012345679,1
3149,Branch_3802,3798,4398,239.8081534772182,1
3150,Branch_3803,3089,4398,79.93605115907275,1
3151,Branch_3804,3798,4254,126.42225031605562,1
3152,Branch_3805,3798,4497,138.88888888888889,1
3153,Branch_3806,3103,4385,92.93680297397769,1
3154,Branch_3807,3103,3236,68.87052341597796,1
3155,Branch_3808,3755,3900,531.9148936170212,1
3156,Branch_3809,3900,4078,502.51256281407035,1
3157,Branch_3810,3900,4532,76.33587786259542,1
3158,Branch_3811,4021,4532,235.2941176470588,1
3159,Branch_3812,3089,4021,81.43322475570032,1
3160,Branch_3813,3236,3755,104.60251046025104,1
3161,Branch_3814,2033,2345,100.70493454179255,1
3162,Branch_3815,1874,2372,145.5604075691412,1
3163,Branch_3816,2404,2547,29.524653085326246,1
3164,Branch_3817,5926,6143,497.5124378109453,1
3165,Branch_3818,3939,4385,56.78591709256104,1
3166,Branch_3820,5629,6407,2000.0,1
3167,Branch_3821,3367,3849,104.60251046025104,1
3168,Branch_3822,3849,3872,84.31703204047217,1
3169,Branch_3823,2735,3872,124.06947890818859,1
3170,Branch_3824,5735,6376,2000.0,1
3171,Branch_3825,3367,3850,104.60251046025104,1
3172,Branch_3826,3850,3873,87.64241893076249,1
3173,Branch_3827,2735,3873,124.06947890818859,1
3174,Branch_3828,5736,6376,2000.0,1
3175,Branch_3830,3909,4648,40.290088638195,1
3176,Branch_3831,3366,3537,1818.1818181818182,1
3177,Branch_3832,3537,3879,2000.0,1
3178,Branch_3833,3488,3879,1428.5714285714287,1
3179,Branch_3834,3488,3909,126.42225031605562,1
3180,Branch_3835,2667,3366,552.4861878453039,1
3181,Branch_3836,2667,2735,684.931506849315,1
3182,Branch_3837,2125,2403,22.537750732476898,1
3183,Branch_3839,2393,2394,5.508427894678858,1
3184,Branch_3840,2210,2393,31.595576619273302,1
3185,Branch_3841,1941,2497,19.264110961279137,1
3186,Branch_3843,3210,4200,662.2516556291391,1
3187,Branch_3844,2949,4200,83.05647840531562,1
3188,Branch_3845,2949,4413,151.5151515151515,1
3189,Branch_3846,3197,4413,68.54009595613434,1
3190,Branch_3847,3210,3257,177.61989342806393,1
3191,Branch_3848,3210,4201,662.2516556291391,1
3192,Branch_3849,4201,4414,97.84735812133073,1
3193,Branch_3850,3197,4414,71.58196134574088,1
3194,Branch_3851,1945,2407,37.20238095238095,1
3195,Branch_3852,6065,6409,1785.7142857142858,1
3196,Branch_3853,2115,2497,337.8378378378378,1
3197,Branch_3854,3109,4010,156.98587127158555,1
3198,Branch_3855,2058,2420,90.74410163339383,1
3199,Branch_3856,2951,3315,63.371356147021544,1
3200,Branch_3857,2951,4152,126.26262626262626,1
3201,Branch_3858,3773,4152,72.20216606498195,1
3202,Branch_3859,2775,4069,101.01010101010101,1
3203,Branch_3860,2775,3773,98.03921568627452,1
3204,Branch_3862,2328,2442,36.127167630057805,1
3205,Branch_3863,3210,3939,30.581039755351682,1
3206,Branch_3864,3211,4385,42.51700680272109,1
3207,Branch_3868,3325,4099,107.41138560687433,1
3208,Branch_3870,3324,4098,106.95187165775401,1
3209,Branch_3871,4101,4874,751.8796992481203,1
3210,Branch_3872,2080,2497,163.66612111292963,1
3211,Branch_3873,3502,3777,35.99712023038157,1
3212,Branch_3874,3066,3777,42.40882103477524,1
3213,Branch_3875,3088,3502,109.17030567685589,1
3214,Branch_3876,4100,4802,44.72271914132379,1
3215,Branch_3877,3066,4802,819.672131147541,1
3216,Branch_3878,4100,4874,943.3962264150944,1
3217,Branch_3882,4874,4875,1298.7012987012988,1
3218,Branch_3883,4874,4876,1298.7012987012988,1
3219,Branch_3884,5871,5919,813.0081300813008,1
3220,Branch_3887,4549,4672,42.918454935622314,1
3221,Branch_3888,3787,4549,120.48192771084338,1
3222,Branch_3889,3787,4907,27.159152634437806,1
3223,Branch_3891,2711,3561,35.77817531305904,1
3224,Branch_3892,3561,4907,2000.0,1
3225,Branch_3894,3088,3452,34.258307639602606,1
3226,Branch_3895,2843,4907,48.49660523763337,1
3227,Branch_3896,2843,3452,83.5421888053467,1
3228,Branch_3899,1843,1863,662.2516556291391,1
3229,Branch_3900,2417,2418,11.074197120708748,1
3230,Branch_3901,2417,2419,11.074197120708748,1
3231,Branch_3902,2404,2417,2000.0,1
3232,Branch_3903,1804,2222,89.84725965858041,1
3233,Branch_3904,6956,7186,2000.0,1
3234,Branch_3905,1965,2197,2000.0,1
3235,Branch_3906,3088,3524,87.56567425569177,1
3236,Branch_3907,3524,4660,934.5794392523364,1
3237,Branch_3908,3299,4660,113.89521640091117,1
3238,Branch_3909,3299,4889,17.17622810030917,1
3239,Branch_3910,6956,7186,2000.0,1
3240,Branch_3912,1751,2293,11.824524062906468,1
3241,Branch_3913,1832,2294,109.40919037199124,1
3242,Branch_3914,7749,8440,140.8450704225352,1
3243,Branch_3915,8251,8440,122.39902080783354,1
3244,Branch_3916,2295,2505,122.39902080783354,1
3245,Branch_3917,1925,2296,27.307482250136538,1
3246,Branch_3918,2292,2596,165.8374792703151,1
3247,Branch_3919,3421,4889,317.46031746031747,1
3248,Branch_3920,3421,4889,342.4657534246575,1
3249,Branch_3921,1914,2555,15.44878727019929,1
3250,Branch_3922,1843,2591,71.17437722419929,1
3251,Branch_3923,3626,4321,344.82758620689657,1
3252,Branch_3924,1751,2555,11.791062374719962,1
3253,Branch_3925,3993,4683,17.6056338028169,1
3254,Branch_3926,3406,4393,71.68458781362007,1
3255,Branch_3927,3088,4223,510.2040816326531,1
3256,Branch_3928,3521,4223,43.459365493263796,1
3257,Branch_3929,3521,4393,25.374270489723422,1
3258,Branch_3930,3406,4683,61.804697156983934,1
3259,Branch_3932,1751,2590,69.97900629811056,1
3260,Branch_3933,3020,3813,196.07843137254903,1
3261,Branch_3934,4278,4373,124.37810945273633,1
3262,Branch_3935,4373,4850,1136.3636363636363,1
3263,Branch_3936,3813,4850,99.10802775024777,1
3264,Branch_3937,3020,4573,144.50867052023122,1
3265,Branch_3938,4385,4573,543.4782608695652,1
3266,Branch_3939,3626,4386,190.11406844106463,1
3267,Branch_3940,3178,4278,162.07455429497568,1
3268,Branch_3941,2676,4870,2000.0,1
3269,Branch_3942,4420,4870,50.0,1
3270,Branch_3944,1864,2334,151.285930408472,1
3271,Branch_3945,2334,2348,467.2897196261682,1
3272,Branch_3948,184,2590,2.49925022493252,1
3273,Branch_3952,8065,8572,64.85084306095979,1
3274,Branch_3953,1923,2237,2000.0,1
3275,Branch_3954,1923,2238,2000.0,1
3276,Branch_3955,1923,2236,2000.0,1
3277,Branch_3956,2693,4278,900.9009009009009,1
3278,Branch_3958,3237,3809,48.899755501222494,1
3279,Branch_3959,2722,4020,204.08163265306123,1
3280,Branch_3960,3237,4020,2000.0,1
3281,Branch_3961,3809,8902,101.9367991845056,1
3282,Branch_3962,2693,2932,268.81720430107526,1
3283,Branch_3963,8902,9169,17.23246596587972,1
3284,Branch_3964,2750,2932,184.50184501845018,1
3285,Branch_3965,2722,4877,2000.0,1
3286,Branch_3966,2723,4877,2000.0,1
3287,Branch_3967,2722,2750,83.82229673093043,1
3288,Branch_3970,2873,3237,1754.3859649122808,1
3289,Branch_3975,6838,7346,2000.0,1
3290,Branch_3976,2534,2600,20.3210729526519,1
3291,Branch_3977,4212,4386,231.4814814814815,1
3292,Branch_3978,4385,4572,340.13605442176873,1
3293,Branch_3979,3992,4572,52.54860746190226,1
3294,Branch_3980,3992,4705,248.75621890547265,1
3295,Branch_3981,3625,4705,373.13432835820896,1
3296,Branch_3982,2631,4705,645.1612903225806,1
3297,Branch_3983,3625,4706,375.9398496240602,1
3298,Branch_3984,3814,3991,58.47953216374269,1
3299,Branch_3985,3534,3814,148.14814814814815,1
3300,Branch_3986,4372,4851,1136.3636363636363,1
3301,Branch_3987,4278,4372,124.37810945273633,1
3302,Branch_3988,3991,4706,328.94736842105266,1
3303,Branch_3989,2631,4707,2000.0,1
3304,Branch_3990,3534,4820,546.448087431694,1
3305,Branch_3991,4820,4851,201.61290322580646,1
3306,Branch_3992,3477,4710,518.1347150259068,1
3307,Branch_3993,3197,4710,129.70168612191958,1
3308,Branch_3994,3477,4026,157.23270440251574,1
3309,Branch_3995,2627,4026,2000.0,1
3310,Branch_3996,2628,4026,2000.0,1
3311,Branch_3997,3625,4775,146.41288433382138,1
3312,Branch_3998,3293,3640,92.42144177449168,1
3313,Branch_3999,3293,4610,142.45014245014244,1
3314,Branch_4000,4278,4610,78.24726134585289,1
3315,Branch_4001,3640,4775,88.73114463176574,1
3316,Branch_4002,2173,2604,111.23470522803115,1
3317,Branch_4003,4278,4609,78.24726134585289,1
3318,Branch_4004,3679,4323,128.7001287001287,1
3319,Branch_4005,3404,4774,91.49130832570906,1
3320,Branch_4006,3294,4609,142.45014245014244,1
3321,Branch_4007,3294,3404,191.93857965451056,1
3322,Branch_4008,3679,4774,81.76614881439085,1
3323,Branch_4009,3625,3824,132.1003963011889,1
3324,Branch_4010,3197,3824,147.05882352941177,1
3325,Branch_4011,3680,4323,127.2264631043257,1
3326,Branch_4012,3680,3823,81.43322475570032,1
3327,Branch_4013,3197,3823,147.71048744460856,1
3328,Branch_4014,4026,4711,104.38413361169103,1
3329,Branch_4015,3197,4711,163.3986928104575,1
3330,Branch_4016,1788,1883,20.07226013649137,1
3331,Branch_4017,4321,5334,20.449897750511248,1
3332,Branch_4019,4014,4278,2000.0,1
3333,Branch_4020,4018,4278,2000.0,1
3334,Branch_4021,1984,2147,34.78260869565217,1
3335,Branch_4022,3863,4415,129.70168612191958,1
3336,Branch_4023,4415,5405,36.96857670979667,1
3337,Branch_4024,5224,5405,88.65248226950355,1
3338,Branch_4025,5089,5212,91.49130832570906,1
3339,Branch_4026,5089,5224,29.086678301337987,1
3340,Branch_4027,5223,5224,21.2630236019562,1
3341,Branch_4028,3542,3863,106.15711252653928,1
3342,Branch_4029,3542,5490,17.917935853789643,1
3343,Branch_4030,5074,5490,48.05382027871216,1
3344,Branch_4031,5055,5074,2000.0,1
3345,Branch_4032,5074,8704,18.98614011771407,1
3346,Branch_4035,2807,4952,2000.0,1
3347,Branch_4036,3863,4952,12.948336138806164,1
3348,Branch_4037,4952,8995,666.6666666666666,1
3349,Branch_4038,8654,8704,9.701202949165696,1
3350,Branch_4039,8654,8995,220.7505518763797,1
3351,Branch_4040,1985,2173,38.62495171881035,1
3352,Branch_4041,3940,4385,70.4225352112676,1
3353,Branch_4043,9198,9213,84.7457627118644,1
3354,Branch_4044,9198,9211,51.89413596263622,1
3355,Branch_4045,9198,9203,2000.0,1
3356,Branch_4046,1985,2148,34.78260869565217,1
3357,Branch_4047,8763,8917,60.45949214026602,1
3358,Branch_4049,8763,8946,114.15525114155251,1
3359,Branch_4050,8620,8710,26.32964718272775,1
3360,Branch_4051,8706,8763,134.2281879194631,1
3361,Branch_4052,8620,8706,228.83295194508008,1
3362,Branch_4053,8947,9213,42.3728813559322,1
3363,Branch_4054,9213,9274,471.6981132075472,1
3364,Branch_4055,3024,3918,206.18556701030928,1
3365,Branch_4056,3863,3918,20.74688796680498,1
3366,Branch_4057,3024,9211,211.864406779661,1
3367,Branch_4058,9211,9268,2000.0,1
3368,Branch_4059,1803,1984,39.29273084479372,1
3369,Branch_4060,1921,2222,181.15942028985506,1
3370,Branch_4061,2714,4169,2000.0,1
3371,Branch_4062,2715,4169,2000.0,1
3372,Branch_4063,2615,3522,234.192037470726,1
3373,Branch_4064,2616,3523,69.1085003455425,1
3374,Branch_4065,2828,2829,2000.0,1
3375,Branch_4066,2828,2830,2000.0,1
3376,Branch_4067,6887,6944,199.20318725099602,1
3377,Branch_4068,7776,8488,59.844404548174744,1
3378,Branch_4069,7709,8381,7.96241738991958,1
3379,Branch_4070,1984,2171,76.04562737642586,1
3380,Branch_4071,3195,4386,136.05442176870747,1
3381,Branch_4072,4283,4494,19.120458891013385,1
3382,Branch_4073,3883,4381,66.8002672010688,1
3383,Branch_4074,3296,4283,215.9827213822894,1
3384,Branch_4075,2606,4283,215.9827213822894,1
3385,Branch_4076,4381,4494,27.389756231169542,1
3386,Branch_4078,4382,4889,128.2051282051282,1
3387,Branch_4079,2147,2172,131.06159895150722,1
3388,Branch_4080,4111,4550,118.48341232227489,1
3389,Branch_4081,2770,4111,246.30541871921181,1
3390,Branch_4082,3957,4550,76.5696784073507,1
3391,Branch_4083,3957,4400,39.29273084479372,1
3392,Branch_4084,1864,2051,95.14747859181732,1
3393,Branch_4085,2759,3290,53.475935828877006,1
3394,Branch_4086,2759,2770,50.45408678102926,1
3395,Branch_4087,2772,3290,64.85084306095979,1
3396,Branch_4088,2068,2125,94.07337723424271,1
3397,Branch_4089,3312,3448,120.62726176115802,1
3398,Branch_4090,2772,3448,606.060606060606,1
3399,Branch_4091,5924,6079,6.700616456714018,1
3400,Branch_4092,4400,5122,19.282684149633628,1
3401,Branch_4096,2558,2599,380.22813688212926,1
3402,Branch_4097,3312,4463,141.44271570014143,1
3403,Branch_4098,3315,4463,63.653723742838956,1
3404,Branch_4099,3315,3411,189.75332068311195,1
3405,Branch_4100,3411,4547,151.9756838905775,1
3406,Branch_4101,3315,4450,75.47169811320755,1
3407,Branch_4102,4128,4547,192.30769230769232,1
3408,Branch_4103,3439,4128,247.52475247524754,1
3409,Branch_4104,6718,6877,2000.0,1
3410,Branch_4105,3312,4462,141.44271570014143,1
3411,Branch_4106,3315,4462,63.653723742838956,1
3412,Branch_4107,1741,1905,58.17335660267597,1
3413,Branch_4108,3163,5022,36.231884057971016,1
3414,Branch_4109,3398,5022,41.82350480970305,1
3415,Branch_4111,3275,3958,431.0344827586207,1
3416,Branch_4112,3345,3657,172.41379310344828,1
3417,Branch_4113,3345,3398,46.23208506703652,1
3418,Branch_4114,3275,3657,1000.0,1
3419,Branch_4115,3767,3958,324.6753246753247,1
3420,Branch_4116,3817,3913,140.8450704225352,1
3421,Branch_4117,3163,3817,53.219797764768494,1
3422,Branch_4118,3494,3817,113.63636363636364,1
3423,Branch_4119,3494,4151,38.92565200467108,1
3424,Branch_4120,2770,3913,31.220730565095224,1
3425,Branch_4121,3163,3654,2000.0,1
3426,Branch_4122,650,2239,5.858574023082782,1
3427,Branch_4123,2770,3163,21.729682746631898,1
3428,Branch_4124,3312,4694,134.40860215053763,1
3429,Branch_4125,3958,4694,45.558086560364465,1
3430,Branch_4126,1741,2128,75.47169811320755,1
3431,Branch_4127,2953,2962,49.75124378109453,1
3432,Branch_4128,2953,4699,133.15579227696404,1
3433,Branch_4129,3958,4699,124.06947890818859,1
3434,Branch_4130,2584,5596,3.6358347876672483,1
3435,Branch_4131,2248,2584,3.8504485772592507,1
3436,Branch_4132,2772,5004,209.20502092050208,1
3437,Branch_4133,1741,1926,57.50431282346176,1
3438,Branch_4134,3195,4320,282.4858757062147,1
3439,Branch_4135,5400,5406,28.818443804034583,1
3440,Branch_4136,5178,5376,27.159152634437806,1
3441,Branch_4137,5178,5198,40.502227622519236,1
3442,Branch_4138,5376,5475,57.43825387708214,1
3443,Branch_4139,5406,5475,79.36507936507937,1
3444,Branch_4141,2772,5004,209.20502092050208,1
3445,Branch_4143,1864,2113,123.00123001230013,1
3446,Branch_4144,3351,4320,95.32888465204957,1
3447,Branch_4145,5239,5375,87.7963125548727,1
3448,Branch_4147,5400,5483,13.62954886193267,1
3449,Branch_4148,5357,5375,30.111412225233362,1
3450,Branch_4149,5239,5483,28.768699654775602,1
3451,Branch_4150,5166,5238,30.33060357901122,1
3452,Branch_4151,5238,5361,19.138755980861244,1
3453,Branch_4152,5247,5485,79.11392405063292,1
3454,Branch_4153,5247,5361,23.90057361376673,1
3455,Branch_4154,5109,5485,70.77140835102618,1
3456,Branch_4155,5109,5501,107.64262648008611,1
3457,Branch_4156,1803,2173,31.07520198881293,1
3458,Branch_4157,5357,5501,51.733057423693744,1
3459,Branch_4158,7637,8391,274.72527472527474,1
3460,Branch_4159,8306,8488,18.52537977028529,1
3461,Branch_4161,1803,2173,63.0119722747322,1
3462,Branch_4162,5090,5400,120.1923076923077,1
3463,Branch_4163,5192,5328,66.62225183211193,1
3464,Branch_4164,5090,5328,925.925925925926,1
3465,Branch_4165,7627,8387,15.997440409534475,1
3466,Branch_4166,3941,5785,103.62694300518135,1
3467,Branch_4167,5191,5327,66.62225183211193,1
3468,Branch_4168,8275,8499,21.872265966754156,1
3469,Branch_4170,1803,2252,97.75171065493646,1
3470,Branch_4171,2042,2514,248.75621890547265,1
3471,Branch_4172,1918,1957,154.5595054095827,1
3472,Branch_4173,1957,1997,50.9683995922528,1
3473,Branch_4174,1793,1869,39.936102236421725,1
3474,Branch_4175,1793,2009,123.45679012345678,1
3475,Branch_4176,1793,2009,123.45679012345678,1
3476,Branch_4177,1793,1933,1010.10101010101,1
3477,Branch_4178,1793,2602,25.95380223202699,1
3478,Branch_4179,2285,2385,107.87486515641855,1
3479,Branch_4180,2312,2385,240.96385542168676,1
3480,Branch_4181,1726,2096,168.63406408094434,1
3481,Branch_4182,1726,1912,90.41591320072332,1
3482,Branch_4183,2194,2285,125.62814070351759,1
3483,Branch_4184,5943,6166,2000.0,1
3484,Branch_4185,5697,6166,41.78854993731718,1
3485,Branch_4186,6166,6167,32.25806451612903,1
3486,Branch_4187,6033,6032,9.975062344139651,1
3487,Branch_4188,6034,6032,8.053475074494644,1
3488,Branch_4189,5833,6033,56.36978579481398,1
3489,Branch_4190,5864,6034,47.80114722753346,1
3490,Branch_4191,5834,6033,20.868113522537563,1
3491,Branch_4192,5700,6032,132.27513227513228,1
3492,Branch_4193,5691,6032,56.94760820045558,1
3493,Branch_4194,3457,6032,8.682062858135092,1
3494,Branch_4195,5679,6033,18.51851851851852,1
3495,Branch_4197,5671,5698,165.28925619834712,1
3496,Branch_4198,5698,5945,63.33122229259025,1
3497,Branch_4199,4713,4733,2000.0,1
3498,Branch_4200,4713,4733,2000.0,1
3499,Branch_4201,5972,5974,11.771630370806356,1
3500,Branch_4202,5974,5973,10.770059235325794,1
3501,Branch_4203,5931,5973,12.60239445494644,1
3502,Branch_4204,5974,6249,8.442380751371887,1
3503,Branch_4205,5671,5972,83.89261744966443,1
3504,Branch_4206,5670,5974,22.22716159146477,1
3505,Branch_4207,5973,9128,6.93000693000693,1
3506,Branch_4208,5944,5973,102.45901639344262,1
3507,Branch_4209,5666,5974,18.674136321195146,1
3508,Branch_4210,5678,5972,66.8002672010688,1
3509,Branch_4211,5972,5973,2000.0,1
3510,Branch_4212,5974,6017,42.80821917808219,1
3511,Branch_4213,5774,5833,23.798191337458352,1
3512,Branch_4214,5833,5865,346.02076124567475,1
3513,Branch_4215,5597,5864,13.960631020522127,1
3514,Branch_4216,5764,5864,57.04506560182544,1
3515,Branch_4217,5864,6031,13.368983957219251,1
3516,Branch_4218,4347,4420,131.92612137203167,1
3517,Branch_4219,4346,4409,22.81021897810219,1
3518,Branch_4220,5694,5835,30.75030750307503,1
3519,Branch_4221,6418,7031,28.28854314002829,1
3520,Branch_4222,7031,7032,0.7584376185058779,1
3521,Branch_4223,559,566,2000.0,1
3522,Branch_4224,5,559,18.864365214110546,1
3523,Branch_4225,559,1199,273.972602739726,1
3524,Branch_4226,8828,9280,57.04506560182544,1
3525,Branch_4227,8828,8829,11.316057485572026,1
3526,Branch_4228,9196,9205,2000.0,1
3527,Branch_4229,7134,7136,46.57661853749418,1
3528,Branch_4230,7137,7136,-456.62100456621005,1
3529,Branch_4231,7135,7136,8.92379082634303,1
3530,Branch_4232,7138,7139,46.8384074941452,1
3531,Branch_4233,7137,7139,-564.9717514124294,1
3532,Branch_4234,7140,7139,8.949346697691068,1
3533,Branch_4235,4337,4744,709.2198581560284,1
3534,Branch_4236,8218,8548,23.13208420078649,1
3535,Branch_4237,7938,8548,34.85535029627048,1
3536,Branch_4238,217,641,168.35016835016836,1
3537,Branch_4239,220,641,184.84288354898337,1
3538,Branch_4240,217,1018,101.9367991845056,1
3539,Branch_4241,217,1015,102.56410256410257,1
3540,Branch_4242,219,1083,115.74074074074075,1
3541,Branch_4243,220,325,178.57142857142858,1
3542,Branch_4244,217,326,172.41379310344828,1
3543,Branch_4245,218,220,1149.4252873563219,1
3544,Branch_4246,101,219,186.9158878504673,1
3545,Branch_4247,219,1106,209.64360587002096,1
3546,Branch_4248,217,221,118.90606420927467,1
3547,Branch_4249,219,221,95.96928982725528,1
3548,Branch_4250,223,221,9.517464547444561,1
3549,Branch_4251,217,222,-500.0,1
3550,Branch_4252,219,222,58.13953488372093,1
3551,Branch_4253,224,222,9.912767644726408,1
3552,Branch_4256,933,1608,62.5,1
3553,Branch_4257,1390,1608,134.58950201884252,1
3554,Branch_4258,9126,9127,29.07822041291073,1
3555,Branch_4259,9126,9122,16.67778519012675,1
3556,Branch_4260,9126,9123,16.67778519012675,1
3557,Branch_4261,9126,9124,16.67778519012675,1
3558,Branch_4262,9125,9119,6.166368625516434,1
3559,Branch_4263,9125,9120,6.166368625516434,1
3560,Branch_4264,9125,9121,6.166368625516434,1
3561,Branch_4265,7847,8377,111.35857461024499,1
3562,Branch_4266,9128,9134,970.8737864077669,1
3563,Branch_4267,522,1253,1851.851851851852,1
3564,Branch_4268,527,1253,33.80662609871535,1
3565,Branch_4269,551,1253,2000.0,1
3566,Branch_4270,1253,1520,18.311664530305805,1
3567,Branch_4271,26,1253,18.825301204819276,1
3568,Branch_4272,1013,1253,22.256843979523705,1
3569,Branch_4273,391,1253,193.05019305019306,1
3570,Branch_4274,8678,8786,4.751045229950589,1
3571,Branch_4275,8761,8786,5.530361685654242,1
3572,Branch_4276,73,1340,96.61835748792271,1
3573,Branch_4277,1340,1402,77.33952049497293,1
3574,Branch_4278,3595,4277,45.45454545454545,1
3575,Branch_4279,3595,3948,396.8253968253968,1
3576,Branch_4280,2968,3595,2000.0,1
3577,Branch_4281,4968,4969,12.439358129120537,1
3578,Branch_4282,5693,5700,36.14022406938923,1
3579,Branch_4283,8225,8595,27.034333603676668,1
3580,Branch_4284,8223,8595,58.309037900874635,1
3581,Branch_4285,8443,8595,158.9825119236884,1
3582,Branch_4286,8382,8595,101.83299389002036,1
3583,Branch_4287,8595,8597,2000.0,1
3584,Branch_4288,8596,8597,2000.0,1
3585,Branch_4289,8595,8596,2000.0,1
3586,Branch_4290,8356,8595,162.60162601626016,1
3587,Branch_4291,8487,8486,6.715916722632639,1
3588,Branch_4292,6736,7115,53.61930294906166,1
3589,Branch_4293,8603,8609,87.48906386701663,1
3590,Branch_4294,8563,8603,409.8360655737705,1
3591,Branch_4295,4362,4822,157.9778830963665,1
3592,Branch_4296,766,1361,534.75935828877,1
3593,Branch_4297,907,1362,90.09009009009009,1
3594,Branch_4298,809,1361,454.54545454545456,1
3595,Branch_4299,809,1362,444.44444444444446,1
3596,Branch_4300,1360,1361,2000.0,1
3597,Branch_4301,1362,1363,2000.0,1
3598,Branch_4302,9308,9309,16.423057973394645,1
3599,Branch_4303,9308,9310,10.11326860841424,1
3600,Branch_4304,9284,9308,111.48272017837235,1
3601,Branch_4305,8037,8571,42.99226139294927,1
3602,Branch_4306,8471,8571,55.248618784530386,1
3603,Branch_4309,7964,8571,277.0083102493075,1
3604,Branch_4310,8411,8571,144.50867052023122,1
3605,Branch_4311,9029,9054,45.51661356395084,1
3606,Branch_4312,9029,9054,45.51661356395084,1
3607,Branch_4313,9054,9181,103.30578512396694,1
3608,Branch_4314,9034,9054,45.31037607612143,1
3609,Branch_4315,69,70,14.10238330277817,1
3610,Branch_4316,8225,8355,29.07822041291073,1
3611,Branch_4317,8355,8470,34.602076124567475,1
3612,Branch_4318,4136,4203,2.18751367196045,1
3613,Branch_4319,2697,4136,120.91898428053204,1
3614,Branch_4320,2697,4136,149.7005988023952,1
3615,Branch_4321,2697,6103,30.807147258163894,1
3616,Branch_4322,5638,6103,9.748488984207448,1
3617,Branch_4324,2800,6103,26.455026455026456,1
3618,Branch_4326,2799,3946,26.52519893899204,1
3619,Branch_4327,2698,3946,7.261636772928618,1
3620,Branch_4328,8384,8580,81.10300081103001,1
3621,Branch_4329,7665,8580,128.04097311139566,1
3622,Branch_4330,7698,8580,66.48936170212765,1
3623,Branch_4331,905,1321,241.54589371980677,1
3624,Branch_4332,904,1321,240.96385542168676,1
3625,Branch_4333,2714,3596,68.07351940095303,1
3626,Branch_4335,8104,8107,2000.0,1
3627,Branch_4336,8107,8106,14.355440712029859,1
3628,Branch_4337,2904,3809,2000.0,1
3629,Branch_4338,9032,9033,2.375014843842774,1
3630,Branch_4339,9031,9033,-826.4462809917355,1
3631,Branch_4340,9029,9033,22.246941045606228,1
3632,Branch_4341,9029,9038,52.35602094240838,1
3633,Branch_4342,9029,9055,102.35414534288638,1
3634,Branch_4343,9019,9029,31.79650238473768,1
3635,Branch_4345,8482,8481,7.7226040620897365,1
3636,Branch_4346,7726,8481,10.955302366345311,1
3637,Branch_4347,7643,8482,4.9147294441441,1
3638,Branch_4348,7659,8482,6.141751627564181,1
3639,Branch_4349,8431,8482,18.365472910927455,1
3640,Branch_4350,7632,8304,80.77544426494346,1
3641,Branch_4351,7632,8567,1587.3015873015872,1
3642,Branch_4352,307,1324,199.20318725099602,1
3643,Branch_4353,307,346,531.9148936170212,1
3644,Branch_4354,7115,7116,210.9704641350211,1
3645,Branch_4355,6623,7115,28.5143997718848,1
3646,Branch_4356,7003,7004,5.478851632697786,1
3647,Branch_4357,6864,7003,2.9409169779137136,1
3648,Branch_4358,7004,7362,3.725643604932752,1
3649,Branch_4359,6809,7003,105.48523206751055,1
3650,Branch_4360,6769,7003,4.190939189472361,1
3651,Branch_4361,7003,7004,5.154107823935677,1
3652,Branch_4362,6925,7003,6.800408024481469,1
3653,Branch_4363,4320,4322,70.4225352112676,1
3654,Branch_4364,4324,4322,72.25433526011561,1
3655,Branch_4365,4319,4322,5.22384161312229,1
3656,Branch_4366,4321,4326,92.42144177449168,1
3657,Branch_4367,4325,4326,207.4688796680498,1
3658,Branch_4368,4327,4326,12.420817289777668,1
3659,Branch_4369,4323,4324,63.492063492063494,1
3660,Branch_4370,4323,4325,95.23809523809524,1
3661,Branch_4371,19,1354,4.595588235294118,1
3662,Branch_4372,7868,8607,292.39766081871346,1
3663,Branch_4373,7868,8608,292.39766081871346,1
3664,Branch_4374,6763,6896,7.666360012266176,1
3665,Branch_4375,6896,7198,3.8370040672243113,1
3666,Branch_4376,6809,6896,2.6962899050905955,1
3667,Branch_4377,6769,6896,6.952169076751947,1
3668,Branch_4378,6763,6908,1.614595947364172,1
3669,Branch_4379,7605,7604,8.902341315766046,1
3670,Branch_4380,1831,1830,4.130183380142078,1
3671,Branch_4381,1831,1830,4.130183380142078,1
3672,Branch_4382,8171,8315,105.04201680672269,1
3673,Branch_4384,3778,3777,5.230946278181723,1
3674,Branch_4385,141,1647,56.33802816901409,1
3675,Branch_4386,948,1647,15.629884338855893,1
3676,Branch_4387,6325,6324,5.00175061271445,1
3677,Branch_4388,6327,6326,12.003360941063498,1
3678,Branch_4389,6312,6325,2000.0,1
3679,Branch_4391,5725,5916,10.862480990658266,1
3680,Branch_4392,5776,5916,12.81722635221738,1
3681,Branch_4395,6325,6327,168.9189189189189,1
3682,Branch_4396,5598,5802,35.19887363604364,1
3683,Branch_4397,5976,5978,3.6084148233680944,1
3684,Branch_4398,5976,5977,3.6084148233680944,1
3685,Branch_4399,5802,5976,134.2281879194631,1
3686,Branch_4400,1216,1224,13.315579227696405,1
3687,Branch_4401,1216,1226,13.422818791946309,1
3688,Branch_4402,1216,1225,13.315579227696405,1
3689,Branch_4403,1216,1222,13.717421124828531,1
3690,Branch_4404,1217,1220,13.315579227696405,1
3691,Branch_4405,1217,1227,13.315579227696405,1
3692,Branch_4406,1217,1223,13.717421124828531,1
3693,Branch_4407,1216,1221,19.611688566385567,1
3694,Branch_4408,1305,1306,14.326647564469914,1
3695,Branch_4409,1305,1306,14.326647564469914,1
3696,Branch_4410,1215,1216,2000.0,1
3697,Branch_4411,1215,1216,2000.0,1
3698,Branch_4412,1217,1228,2000.0,1
3699,Branch_4413,1217,1228,2000.0,1
3700,Branch_4414,963,964,95.60229445506693,1
3701,Branch_4415,965,1358,81.9672131147541,1
3702,Branch_4416,964,1356,85.1063829787234,1
3703,Branch_4417,963,1200,199.20318725099602,1
3704,Branch_4418,963,1170,178.89087656529517,1
3705,Branch_4419,964,966,2000.0,1
3706,Branch_4420,6169,6170,8.791208791208792,1
3707,Branch_4421,3109,3111,46.27487274409995,1
3708,Branch_4422,3107,3111,-460.8294930875576,1
3709,Branch_4423,3112,3111,8.986340762041696,1
3710,Branch_4424,3109,3108,46.59832246039143,1
3711,Branch_4425,3107,3108,-476.1904761904762,1
3712,Branch_4426,3110,3108,8.991997122560921,1
3713,Branch_4427,6162,6169,39.23107100823852,1
3714,Branch_4428,2762,2763,12.661433274246646,1
3715,Branch_4429,2762,2764,14.001680201624195,1
3716,Branch_4430,2762,4912,205.76131687242798,1
3717,Branch_4431,6387,6388,10.74922068150059,1
3718,Branch_4432,6387,6389,10.902747492368077,1
3719,Branch_4433,6370,6387,1369.86301369863,1
3720,Branch_4435,7915,8170,1351.3513513513512,1
3721,Branch_4436,8170,8169,13.689253935660506,1
3722,Branch_4437,2642,3596,23.304591004427873,1
3723,Branch_4439,5669,5724,10.676916506512919,1
3724,Branch_4440,5669,6112,2000.0,1
3725,Branch_4441,5669,5989,8.555783709787816,1
3726,Branch_4445,8079,8088,2000.0,1
3727,Branch_4447,199,8079,16.002560409665545,1
3728,Branch_4448,8079,8345,109.40919037199124,1
3729,Branch_4449,6409,6408,14.110342881332016,1
3730,Branch_4450,6409,6410,10.529640939243972,1
3731,Branch_4451,3520,4612,2000.0,1
3732,Branch_4452,7712,8248,138.69625520110958,1
3733,Branch_4453,7651,7712,79.23930269413628,1
3734,Branch_4458,5990,6071,29.735355337496284,1
3735,Branch_4459,5797,6071,7.85299198994817,1
3736,Branch_4460,5760,6071,4.391936404760859,1
3737,Branch_4461,6351,6352,13.831258644536653,1
3738,Branch_4462,6340,6351,2000.0,1
3739,Branch_4466,5990,6279,8.548469823901522,1
3740,Branch_4467,9125,9127,2000.0,1
3741,Branch_4470,5504,5506,19.79414093428345,1
3742,Branch_4471,5506,5507,92.85051067780873,1
3743,Branch_4472,842,1141,162.60162601626016,1
3744,Branch_4473,842,1107,116.82242990654206,1
3745,Branch_4474,898,1351,2000.0,1
3746,Branch_4475,898,1351,2000.0,1
3747,Branch_4476,2783,2784,8.89125989152663,1
3748,Branch_4477,2783,2786,8.89125989152663,1
3749,Branch_4478,2783,2787,8.89125989152663,1
3750,Branch_4479,2783,2785,8.89125989152663,1
3751,Branch_4480,2783,9314,369.00369003690037,1
3752,Branch_4481,7515,7516,16.54807214959457,1
3753,Branch_4482,6564,7515,2000.0,1
3754,Branch_4486,7620,8486,96.24639076034649,1
3755,Branch_4487,2753,2817,2000.0,1
3756,Branch_4488,2753,2754,20.084354288009642,1
3757,Branch_4489,2753,2755,20.084354288009642,1
3758,Branch_4490,7457,7458,12.691965985531159,1
3759,Branch_4491,6551,7457,216.45021645021646,1
3760,Branch_4492,8358,8359,22.109219544550076,1
3761,Branch_4493,7683,8358,7.503564192991671,1
3762,Branch_4494,8359,8491,53.219797764768494,1
3763,Branch_4495,7618,8359,60.93845216331505,1
3764,Branch_4496,8299,8358,20.197939810139367,1
3765,Branch_4497,7758,8391,47.596382674916704,1
3766,Branch_4498,7758,8255,94.42870632672333,1
3767,Branch_4499,7758,8242,98.32841691248771,1
3768,Branch_4503,753,917,148.14814814814815,1
3769,Branch_4504,740,753,226.75736961451247,1
3770,Branch_4505,7639,8467,9.7380465478625,1
3771,Branch_4506,7747,8467,12.802458071949815,1
3772,Branch_4507,5659,5676,25.374270489723422,1
3773,Branch_4508,5670,5676,31.357792411414238,1
3774,Branch_4509,5459,5522,375.9398496240602,1
3775,Branch_4510,5453,5459,2000.0,1
3776,Branch_4511,5627,5820,6.128201985537443,1
3777,Branch_4512,5627,5637,9.066183136899365,1
3778,Branch_4515,550,608,1315.7894736842106,1
3779,Branch_4516,185,550,30.693677102516883,1
3780,Branch_4517,550,987,30.835646006783843,1
3781,Branch_4519,4,1319,156.25,1
3782,Branch_4520,859,1319,48.99559039686428,1
3783,Branch_4523,8429,8428,13.914011409489357,1
3784,Branch_4524,8365,8428,15.878056525881233,1
3785,Branch_4525,7621,8429,8.253549026081215,1
3786,Branch_4526,7833,8428,28.727377190462512,1
3787,Branch_4527,7996,8428,7.830240388379924,1
3788,Branch_4528,8428,8430,2000.0,1
3789,Branch_4530,4902,4912,82.98755186721992,1
3790,Branch_4532,8733,8734,15.010507355148604,1
3791,Branch_4533,8722,8734,13.599891200870394,1
3792,Branch_4534,8733,8797,6.169031462060457,1
3793,Branch_4535,8734,8825,2.9324653235975484,1
3794,Branch_4536,8733,8805,5.435668859053107,1
3795,Branch_4537,8734,8884,10.15434606011373,1
3796,Branch_4538,8635,8734,19.18649270913277,1
3797,Branch_4539,9034,9157,140.4494382022472,1
3798,Branch_4540,9157,9158,10.427528675703858,1
3799,Branch_4541,5710,5725,14.511681903932665,1
3800,Branch_4542,5710,5720,3.8668264954951472,1
3801,Branch_4543,7477,7491,55.83472920156337,1
3802,Branch_4544,6745,7491,29.682398337785692,1
3803,Branch_4545,5240,5239,6.218905472636816,1
3804,Branch_4546,5503,5543,32.637075718015666,1
3805,Branch_4547,5287,5289,20.36659877800407,1
3806,Branch_4548,5287,5288,2.7404017428955085,1
3807,Branch_4549,5216,5287,72.15007215007215,1
3808,Branch_4550,5227,5287,30.3951367781155,1
3809,Branch_4551,5287,5399,19.496977968414896,1
3810,Branch_4552,6612,6703,18.01801801801802,1
3811,Branch_4553,6703,6783,15.873015873015873,1
3812,Branch_4554,6621,6981,3.45447008428907,1
3813,Branch_4555,5900,6621,5.684402000909504,1
3814,Branch_4557,1661,1691,85.17887563884156,1
3815,Branch_4558,412,1661,91.6590284142988,1
3816,Branch_4559,3382,3519,25.926886180969664,1
3817,Branch_4560,2439,2438,14.78415138971023,1
3818,Branch_4561,3816,4186,50.55611729019211,1
3819,Branch_4562,2446,2445,1.4442310191938301,1
3820,Branch_4563,1974,1976,30.111412225233362,1
3821,Branch_4564,1975,1976,-233.6448598130841,1
3822,Branch_4565,1978,1976,9.004141905276427,1
3823,Branch_4566,1974,1977,25.806451612903224,1
3824,Branch_4567,1975,1977,-108.34236186348862,1
3825,Branch_4568,1979,1977,5.991611743559018,1
3826,Branch_4569,2104,2446,2000.0,1
3827,Branch_4570,636,1668,980.3921568627451,1
3828,Branch_4571,33,1668,193.7984496124031,1
3829,Branch_4572,7925,8180,43.51610095735422,1
3830,Branch_4574,2745,3147,6.889424733034792,1
3831,Branch_4575,2745,3799,6.660893891960301,1
3832,Branch_4576,5857,5983,35.49875754348598,1
3833,Branch_4577,5828,5857,12.891581797086502,1
3834,Branch_4580,6334,6333,10.183299389002038,1
3835,Branch_4581,6334,6332,11.516756881262237,1
3836,Branch_4583,2610,2790,68.82312456985547,1
3837,Branch_4584,9018,9281,69.58942240779402,1
3838,Branch_4585,9036,9281,182.4817518248175,1
3839,Branch_4586,9281,9311,2000.0,1
3840,Branch_4587,9281,9346,123.76237623762377,1
3841,Branch_4588,5657,6334,404.8582995951417,1
3842,Branch_4589,1427,1465,46.57661853749418,1
3843,Branch_4590,4,1426,67.79661016949153,1
3844,Branch_4591,413,1427,40.51863857374392,1
3845,Branch_4592,5,1426,819.672131147541,1
3846,Branch_4593,1427,1428,132.1003963011889,1
3847,Branch_4594,1426,1429,41.06776180698152,1
3848,Branch_4597,7800,8010,200.0,1
3849,Branch_4598,7800,7938,135.50135501355012,1
3850,Branch_4599,9010,9285,2000.0,1
3851,Branch_4600,9304,9307,141.44271570014143,1
3852,Branch_4601,9305,9307,17.953321364452425,1
3853,Branch_4602,9306,9307,17.83484929552345,1
3854,Branch_4603,9285,9304,2000.0,1
3855,Branch_4604,433,1261,65.06180871828236,1
3856,Branch_4605,1261,1596,143.47202295552367,1
3857,Branch_4607,1261,1258,14.374011786689666,1
3858,Branch_4608,1261,1260,14.378145219266715,1
3859,Branch_4609,1261,1257,14.371945961483185,1
3860,Branch_4610,1261,1259,14.230823964707557,1
3861,Branch_4611,1817,2150,33.88681802778719,1
3862,Branch_4612,2150,2467,201.61290322580646,1
3863,Branch_4613,1837,2150,91.24087591240875,1
3864,Branch_4614,1859,1916,26.52519893899204,1
3865,Branch_4615,1859,1879,130.89005235602093,1
3866,Branch_4616,1859,2519,113.12217194570135,1
3867,Branch_4617,2057,2124,57.142857142857146,1
3868,Branch_4618,2124,2319,74.90636704119851,1
3869,Branch_4619,316,948,877.1929824561404,1
3870,Branch_4620,316,319,390.625,1
3871,Branch_4621,310,319,9.514747859181732,1
3872,Branch_4622,311,319,9.48676596148373,1
3873,Branch_4623,316,317,353.35689045936397,1
3874,Branch_4624,312,317,9.908838684106223,1
3875,Branch_4625,313,317,9.813542688910697,1
3876,Branch_4626,316,318,314.4654088050315,1
3877,Branch_4627,314,318,10.068465565847765,1
3878,Branch_4628,315,318,10.024057738572575,1
3879,Branch_4629,1738,2045,24.563989191844755,1
3880,Branch_4630,1737,2045,6.695232994108195,1
3881,Branch_4631,7657,8134,9.399379640943698,1
3882,Branch_4632,8134,8408,14.755791648221926,1
3883,Branch_4633,8134,8498,3.872216844143272,1
3884,Branch_4634,8128,8134,9.821253191907287,1
3885,Branch_4635,7856,7855,6.818491749624983,1
3886,Branch_4636,7856,7855,6.818491749624983,1
3887,Branch_4637,2756,2757,12.295585884667405,1
3888,Branch_4638,2756,2758,8.861320336730174,1
3889,Branch_4639,2756,4902,283.28611898017,1
3890,Branch_4640,3575,4158,9.736150326161036,1
3891,Branch_4641,3458,4158,5.590339892665474,1
3892,Branch_4642,9373,9375,37.18854592785422,1
3893,Branch_4643,9374,9376,37.18854592785422,1
3894,Branch_4644,7045,7292,520.8333333333334,1
3895,Branch_4645,9377,9375,16.68613382279326,1
3896,Branch_4646,9377,9376,16.929067208396816,1
3897,Branch_4648,7045,7387,102.77492291880782,1
3898,Branch_4649,5844,5843,8.274036074797285,1
3899,Branch_4650,5716,5844,22.893772893772894,1
3900,Branch_4654,5844,6346,13.238019592268996,1
3901,Branch_4655,5706,5843,12.414649286157665,1
3902,Branch_4656,5826,5843,8.218952905399853,1
3903,Branch_4657,5843,5903,3.6391426179991995,1
3904,Branch_4658,5705,5843,7.15922107674685,1
3905,Branch_4659,5844,6248,12.871669455528382,1
3906,Branch_4660,1971,1972,4.370629370629371,1
3907,Branch_4661,1971,1972,4.80884828083674,1
3908,Branch_4662,4603,6097,5.6104129263913824,1
3909,Branch_4663,2828,3279,111.48272017837235,1
3910,Branch_4664,2828,3323,197.23865877712032,1
3911,Branch_4665,7636,7954,17.205781142463866,1
3912,Branch_4666,663,848,123.45679012345678,1
3913,Branch_4667,662,848,61.12469437652812,1
3914,Branch_4668,6908,6909,7.987220447284345,1
3915,Branch_4669,6908,7102,7.980209081477935,1
3916,Branch_4670,6909,7194,2000.0,1
3917,Branch_4671,5721,6120,4.685376938574708,1
3918,Branch_4672,5721,5723,54.585152838427945,1
3919,Branch_4673,5721,6259,10.049241282283187,1
3920,Branch_4674,5723,6853,3.428414701042238,1
3921,Branch_4675,7413,7415,8.623663332183511,1
3922,Branch_4676,7413,7414,8.686587908269631,1
3923,Branch_4677,6492,7413,92.50693802035153,1
3924,Branch_4678,661,663,156.25,1
3925,Branch_4679,191,663,208.33333333333334,1
3926,Branch_4680,2922,4315,22.768670309653917,1
3927,Branch_4681,2554,2922,11.032656663724625,1
3928,Branch_4682,3208,3368,6.3742988271290155,1
3929,Branch_4685,6467,7173,159.4896331738437,1
3930,Branch_4686,6467,7199,367.6470588235294,1
3931,Branch_4687,2202,2205,12.232415902140673,1
3932,Branch_4688,2202,2204,12.232415902140673,1
3933,Branch_4689,2202,2203,18.25150574922431,1
3934,Branch_4690,6358,6357,8.982304859426929,1
3935,Branch_4691,6079,6358,1428.5714285714287,1
3936,Branch_4692,8474,8475,5.396654074473826,1
3937,Branch_4693,8475,8586,27.107617240444565,1
3938,Branch_4694,7776,8448,1428.5714285714287,1
3939,Branch_4695,7876,8448,11.462631820265933,1
3940,Branch_4696,7640,8448,95.69377990430623,1
3941,Branch_4697,8371,8583,3.1017369727047144,1
3942,Branch_4698,8265,8474,3.286230693394676,1
3943,Branch_4700,8672,8789,19.01863826550019,1
3944,Branch_4701,8672,8907,6.776445076912651,1
3945,Branch_4702,5187,5458,26.504108136761197,1
3946,Branch_4703,421,975,103.09278350515464,1
3947,Branch_4704,305,975,142.04545454545453,1
3948,Branch_4705,1514,1538,3.2372936225315634,1
3949,Branch_4706,1518,1538,2.857142857142857,1
3950,Branch_4707,806,1333,242.13075060532688,1
3951,Branch_4708,807,1333,245.09803921568627,1
3952,Branch_4709,978,1411,1428.5714285714287,1
3953,Branch_4710,978,1095,297.6190476190476,1
3954,Branch_4711,978,979,2.7979071654402508,1
3955,Branch_4712,978,980,2.7979071654402508,1
3956,Branch_4713,7949,8038,1470.5882352941176,1
3957,Branch_4714,7949,7950,8.64304235090752,1
3958,Branch_4715,7949,7951,8.64304235090752,1
3959,Branch_4716,8911,9009,62.93266205160478,1
3960,Branch_4718,2641,4957,265.9574468085106,1
3961,Branch_4719,2640,3396,225.22522522522522,1
3962,Branch_4720,9009,9008,14.255167498218103,1
3963,Branch_4721,522,516,4.738887309259786,1
3964,Branch_4722,522,517,4.738887309259786,1
3965,Branch_4723,522,518,4.738887309259786,1
3966,Branch_4724,522,519,4.738887309259786,1
3967,Branch_4725,522,520,4.738887309259786,1
3968,Branch_4726,522,521,4.738887309259786,1
3969,Branch_4729,469,471,2000.0,1
3970,Branch_4730,471,472,16.423057973394645,1
3971,Branch_4731,471,473,16.423057973394645,1
3972,Branch_4733,1184,1374,297.6190476190476,1
3973,Branch_4734,1235,1374,427.35042735042737,1
3974,Branch_4736,1612,1635,33.344448149383126,1
3975,Branch_4737,1612,1710,131.92612137203167,1
3976,Branch_4738,504,1312,54.70459518599562,1
3977,Branch_4739,504,1671,666.6666666666666,1
3978,Branch_4740,504,511,900.9009009009009,1
3979,Branch_4741,5145,5286,21.720243266724587,1
3980,Branch_4744,7103,7437,2000.0,1
3981,Branch_4745,7839,8327,4.198681613973212,1
3982,Branch_4749,8128,8307,21.677866897897246,1
3983,Branch_4750,8128,8307,34.34065934065934,1
3984,Branch_4752,4448,4449,9.054690329590729,1
3985,Branch_4753,6803,7198,2.2073593360263115,1
3986,Branch_4754,6803,6969,210.08403361344537,1
3987,Branch_4756,6139,6300,5.679559266200942,1
3988,Branch_4758,6144,6300,35.06311360448808,1
3989,Branch_4760,9092,9094,2000.0,1
3990,Branch_4761,1871,1872,4.883527860526445,1
3991,Branch_4762,2868,2867,13.908205841446453,1
3992,Branch_4763,2922,4448,4.546281142025823,1
3993,Branch_4764,8633,8683,7.939658594680429,1
3994,Branch_4765,660,1681,284.9002849002849,1
3995,Branch_4766,5778,5969,16.283992835043154,1
3996,Branch_4767,5827,5969,69.58942240779402,1
3997,Branch_4769,8760,9175,37.0919881305638,1
3998,Branch_4770,274,660,349.65034965034965,1
3999,Branch_4771,8907,8993,5.223023085762039,1
4000,Branch_4772,8790,8993,6.19463544570402,1
4001,Branch_4773,8267,8363,88.88888888888889,1
4002,Branch_4774,8363,8535,99.10802775024777,1
4003,Branch_4775,7776,8463,67.34006734006734,1
4004,Branch_4776,8463,8535,80.12820512820512,1
4005,Branch_4777,3741,4163,38.80481179666278,1
4006,Branch_4778,8327,8328,10.0,1
4007,Branch_4779,7657,8239,3.0700273232431767,1
4008,Branch_4780,1789,1791,38.58024691358025,1
4009,Branch_4781,1788,1791,56.91519635742743,1
4010,Branch_4782,1790,1791,12.73074474856779,1
4011,Branch_4783,23,470,1886.7924528301887,1
4012,Branch_4784,470,874,298.5074626865672,1
4013,Branch_4785,7859,8275,14.186409419775854,1
4014,Branch_4786,7711,7859,25.387154100025388,1
4015,Branch_4787,630,1654,33.05785123966942,1
4016,Branch_4788,35,630,330.03300330033005,1
4017,Branch_4789,2682,4408,8.780402142418122,1
4018,Branch_4790,7848,7849,17.55001755001755,1
4019,Branch_4791,7848,8543,9.214891264283082,1
4020,Branch_4793,72,1229,85.39709649871904,1
4021,Branch_4794,72,1141,70.92198581560284,1
4022,Branch_4795,768,996,73.20644216691069,1
4023,Branch_4796,344,996,480.7692307692308,1
4024,Branch_4797,996,997,5.01002004008016,1
4025,Branch_4798,1263,1365,78.61635220125787,1
4026,Branch_4799,366,1365,126.10340479192938,1
4027,Branch_4800,762,1174,219.2982456140351,1
4028,Branch_4801,1,1174,122.54901960784314,1
4029,Branch_4802,3320,3545,4.593477262287552,1
4030,Branch_4803,3320,3834,5.588777734309507,1
4031,Branch_4804,1530,1649,27.59381898454746,1
4032,Branch_4806,1039,1649,5.483959418700302,1
4033,Branch_4807,6852,6854,2000.0,1
4034,Branch_4808,6853,6852,5.805515239477503,1
4035,Branch_4809,6853,6852,6.053635207942369,1
4036,Branch_4810,6436,6853,9.820288716488264,1
4037,Branch_4811,6489,6854,48.03073967339097,1
4038,Branch_4812,6829,6853,8.719916288803628,1
4039,Branch_4813,6224,6852,2000.0,1
4040,Branch_4814,6852,7117,37.03703703703704,1
4041,Branch_4815,7839,8462,1.8501387604070305,1
4042,Branch_4819,739,1406,255.10204081632654,1
4043,Branch_4820,1405,1406,2000.0,1
4044,Branch_4821,1042,1405,55.005500550055004,1
4045,Branch_4822,8268,8543,5.884776084269993,1
4046,Branch_4823,7760,8268,2.9292012068308972,1
4047,Branch_4824,8260,8261,10.259567046270647,1
4048,Branch_4826,1888,8260,11.28158844765343,1
4049,Branch_4827,8261,8489,44.9034575662326,1
4050,Branch_4828,8260,8439,3.858917959404183,1
4051,Branch_4829,8261,8367,7.932730445819451,1
4052,Branch_4830,7674,8303,3.8476337052712584,1
4053,Branch_4831,2389,2387,14.355440712029859,1
4054,Branch_4832,2389,2388,5.370280865689275,1
4055,Branch_4833,8365,8556,11.640088464672331,1
4056,Branch_4834,1302,1528,344.82758620689657,1
4057,Branch_4835,274,1302,318.47133757961785,1
4058,Branch_4837,7710,8287,14.092446448703495,1
4059,Branch_4838,6910,7337,7.00770847932726,1
4060,Branch_4839,6971,7337,9.512937595129376,1
4061,Branch_4840,6823,7337,24.06159769008662,1
4062,Branch_4841,8635,8808,5.007511266900351,1
4063,Branch_4842,5590,5904,2000.0,1
4064,Branch_4843,5570,5904,2000.0,1
4065,Branch_4844,1615,1624,100.20040080160321,1
4066,Branch_4845,1616,1624,218.34061135371178,1
4067,Branch_4846,1625,1624,11.990407673860911,1
4068,Branch_4847,1615,1621,98.71668311944718,1
4069,Branch_4848,1616,1621,198.80715705765408,1
4070,Branch_4849,1619,1621,12.202562538133009,1
4071,Branch_4850,1615,1622,54.31830526887561,1
4072,Branch_4851,1616,1622,-243.90243902439025,1
4073,Branch_4852,1618,1622,10.554089709762533,1
4074,Branch_4853,1615,1623,86.13264427217915,1
4075,Branch_4854,1617,1623,134.40860215053763,1
4076,Branch_4855,1620,1623,9.489466691971911,1
4077,Branch_4857,1616,1670,112.4859392575928,1
4078,Branch_4858,1507,1615,378.7878787878788,1
4079,Branch_4859,755,1617,189.0359168241966,1
4080,Branch_4860,97,1616,173.61111111111111,1
4081,Branch_4861,96,1616,166.9449081803005,1
4082,Branch_4862,1052,1615,78.61635220125787,1
4083,Branch_4863,1034,1617,138.88888888888889,1
4084,Branch_4865,816,1616,151.05740181268882,1
4085,Branch_4866,815,1616,83.05647840531562,1
4086,Branch_4867,167,1615,79.93605115907275,1
4087,Branch_4868,8025,8094,769.2307692307693,1
4088,Branch_4869,414,467,46.01932811780948,1
4089,Branch_4870,414,1595,98.71668311944718,1
4090,Branch_4872,414,1685,2000.0,1
4091,Branch_4875,2702,4517,41.71881518564873,1
4092,Branch_4876,421,1534,14.662756598240469,1
4093,Branch_4877,8094,8093,9.160025648071814,1
4094,Branch_4878,8094,8095,8.624407072013799,1
4095,Branch_4880,2718,4871,37.664783427495294,1
4096,Branch_4881,5509,5511,26.52519893899204,1
4097,Branch_4882,634,739,25.581990278843694,1
4098,Branch_4884,4517,4845,2000.0,1
4099,Branch_4885,199,1526,147.71048744460856,1
4100,Branch_4886,1525,1526,30.339805825242717,1
4101,Branch_4887,1524,1525,7.432181345224824,1
4102,Branch_4888,741,1525,11.282861333634209,1
4103,Branch_4889,1068,1524,6.846501437765302,1
4104,Branch_4890,206,1524,5.553087516659263,1
4105,Branch_4891,1187,1524,6.8756875687568755,1
4106,Branch_4892,410,1525,26.434047052603752,1
4107,Branch_4893,1066,1525,43.78283712784589,1
4108,Branch_4894,4737,4740,29.472443265546715,1
4109,Branch_4895,4736,4737,24.65483234714004,1
4110,Branch_4896,173,273,275.4820936639118,1
4111,Branch_4898,9005,9191,177.61989342806393,1
4112,Branch_4899,9191,9190,15.441630636195182,1
4113,Branch_4900,9005,9006,19.48178453146308,1
4114,Branch_4901,9005,9007,15.441630636195182,1
4115,Branch_4902,9005,9028,260.4166666666667,1
4116,Branch_4903,4115,4678,46.554934823091244,1
4117,Branch_4904,329,1689,224.2152466367713,1
4118,Branch_4906,5530,5528,6.916107614634484,1
4119,Branch_4907,5530,5529,15.124016938898972,1
4120,Branch_4908,5101,5530,108.45986984815619,1
4121,Branch_4909,5604,5709,44.38526409232135,1
4122,Branch_4910,5604,5982,350.87719298245617,1
4123,Branch_4911,5886,5891,69.15629322268326,1
4124,Branch_4912,5884,5891,719.4244604316547,1
4125,Branch_4913,5890,5891,10.684902233144566,1
4126,Branch_4914,5886,5885,68.58710562414267,1
4127,Branch_4915,5887,5885,662.2516556291391,1
4128,Branch_4916,5889,5885,10.481081647626034,1
4129,Branch_4917,5816,5887,23.713540431586434,1
4130,Branch_4918,5886,5948,73.85524372230428,1
4131,Branch_4919,5634,5888,20.124773596297043,1
4132,Branch_4921,5779,5886,39.77724741447892,1
4133,Branch_4922,5663,5888,13.614703880190605,1
4134,Branch_4923,5594,5884,934.5794392523364,1
4135,Branch_4924,5762,5887,2000.0,1
4136,Branch_4925,631,1689,195.3125,1
4137,Branch_4926,4066,4580,8.410428931875526,1
4138,Branch_4931,329,469,131.75230566534916,1
4139,Branch_4932,329,347,41.75365344467641,1
4140,Branch_4934,329,1690,1204.8192771084337,1
4141,Branch_4936,1202,1484,81.43322475570032,1
4142,Branch_4937,1200,1483,83.2639467110741,1
4143,Branch_4938,1484,1605,152.67175572519085,1
4144,Branch_4939,1483,1603,153.84615384615384,1
4145,Branch_4941,1481,1484,2000.0,1
4146,Branch_4942,1482,1483,2000.0,1
4147,Branch_4943,3010,4517,2000.0,1
4148,Branch_4944,3011,4517,2000.0,1
4149,Branch_4945,641,643,2000.0,1
4150,Branch_4946,73,641,107.29613733905579,1
4151,Branch_4947,75,641,78.80220646178093,1
4152,Branch_4948,641,889,214.13276231263384,1
4153,Branch_4949,643,888,217.8649237472767,1
4154,Branch_4950,642,643,2000.0,1
4155,Branch_4951,641,647,107.87486515641855,1
4156,Branch_4952,641,649,79.05138339920948,1
4157,Branch_4953,4033,4040,44.54342984409799,1
4158,Branch_4954,4036,4040,-2000.0,1
4159,Branch_4955,4038,4040,7.99744081893794,1
4160,Branch_4956,4033,4041,46.27487274409995,1
4161,Branch_4957,4037,4041,-460.8294930875576,1
4162,Branch_4958,4039,4041,9.042408897730356,1
4163,Branch_4959,4164,4167,25.44529262086514,1
4164,Branch_4960,4163,4167,-112.35955056179775,1
4165,Branch_4961,4168,4167,5.813953488372093,1
4166,Branch_4962,4164,4166,30.67484662576687,1
4167,Branch_4963,4163,4166,-370.3703703703704,1
4168,Branch_4964,4165,4166,10.893246187363834,1
4169,Branch_4965,2937,4447,57.24098454493417,1
4170,Branch_4966,2938,2937,9.374707040404987,1
4171,Branch_4967,2617,2937,512.8205128205128,1
4172,Branch_4968,2832,2937,7.6464291176020796,1
4173,Branch_4969,2937,4235,50.505050505050505,1
4174,Branch_4970,345,863,284.09090909090907,1
4175,Branch_4971,79,345,641.025641025641,1
4176,Branch_4972,8762,8763,5.541701302299806,1
4177,Branch_4973,264,266,757.5757575757576,1
4178,Branch_4974,264,1519,91.74311926605505,1
4179,Branch_4975,302,1265,2000.0,1
4180,Branch_4976,40,302,34.83106931382793,1
4181,Branch_4977,2607,2606,5.589714924538849,1
4182,Branch_4978,301,302,2000.0,1
4183,Branch_4979,5504,5505,23.110700254217704,1
4184,Branch_4980,4941,4944,7.423904974016333,1
4185,Branch_4981,4941,4943,12.858428700012858,1
4186,Branch_4982,4942,4941,42.19409282700422,1
4187,Branch_4983,4938,4942,208.33333333333334,1
4188,Branch_4984,6434,6734,300.3003003003003,1
4189,Branch_4985,6434,6435,237.52969121140143,1
4190,Branch_4986,6433,6434,9.103322712790169,1
4191,Branch_4987,8621,9039,7.599939200486396,1
4192,Branch_4988,9039,9040,2000.0,1
4193,Branch_4989,8765,9039,22.639800769753226,1
4194,Branch_4990,6588,6587,10.670081092616304,1
4195,Branch_4991,385,433,129.5336787564767,1
4196,Branch_4992,433,976,120.91898428053204,1
4197,Branch_4993,433,1645,326.797385620915,1
4198,Branch_4995,433,434,6.315523556902868,1
4199,Branch_4996,434,1452,2000.0,1
4200,Branch_4997,433,440,101.01010101010101,1
4201,Branch_4998,436,440,3.951007506914263,1
4202,Branch_4999,436,1446,2000.0,1
4203,Branch_5000,437,440,3.951007506914263,1
4204,Branch_5001,437,1447,2000.0,1
4205,Branch_5002,433,435,6.315523556902868,1
4206,Branch_5003,435,1454,2000.0,1
4207,Branch_5004,433,441,101.01010101010101,1
4208,Branch_5005,438,441,3.951007506914263,1
4209,Branch_5006,438,1446,2000.0,1
4210,Branch_5007,439,441,3.951007506914263,1
4211,Branch_5008,439,1445,2000.0,1
4212,Branch_5009,433,442,101.01010101010101,1
4213,Branch_5010,444,442,3.951007506914263,1
4214,Branch_5011,444,1443,2000.0,1
4215,Branch_5012,445,442,3.951007506914263,1
4216,Branch_5013,445,1444,2000.0,1
4217,Branch_5014,433,443,101.01010101010101,1
4218,Branch_5015,446,443,3.951007506914263,1
4219,Branch_5016,446,1443,2000.0,1
4220,Branch_5017,447,443,3.951007506914263,1
4221,Branch_5018,447,1444,2000.0,1
4222,Branch_5019,8973,8976,46.27487274409995,1
4223,Branch_5020,8972,8976,-460.8294930875576,1
4224,Branch_5021,8971,8976,9.00657479960371,1
4225,Branch_5022,8973,8974,45.187528242205154,1
4226,Branch_5023,8970,8974,-467.2897196261682,1
4227,Branch_5024,8975,8974,7.662248103593594,1
4228,Branch_5025,5777,6209,5.533728072602512,1
4229,Branch_5026,5900,6209,8.037939072421832,1
4230,Branch_5027,6209,6286,1250.0,1
4231,Branch_5030,8011,8519,71.68458781362007,1
4232,Branch_5031,7770,8011,175.7469244288225,1
4233,Branch_5032,8011,8012,2000.0,1
4234,Branch_5033,8011,8013,2000.0,1
4235,Branch_5034,7630,8578,5.601299501484345,1
4236,Branch_5035,7630,7689,11.870845204178538,1
4237,Branch_5036,8827,8936,2000.0,1
4238,Branch_5037,3846,4624,38.55050115651503,1
4239,Branch_5038,8410,8422,4.466279589102278,1
4240,Branch_5039,7045,7193,1449.2753623188405,1
4241,Branch_5040,7192,7193,10.175010175010176,1
4242,Branch_5041,251,778,487.8048780487805,1
4243,Branch_5042,7881,7935,187.26591760299627,1
4244,Branch_5043,7881,7904,73.96449704142012,1
4245,Branch_5044,7935,7934,15.441630636195182,1
4246,Branch_5045,7881,7880,19.48178453146308,1
4247,Branch_5046,778,866,1724.1379310344828,1
4248,Branch_5047,4258,4567,109.89010989010988,1
4249,Branch_5048,3481,4258,2000.0,1
4250,Branch_5049,4258,4257,13.655605626109518,1
4251,Branch_5050,4258,4261,13.73437714599643,1
4252,Branch_5051,4256,4260,14.206563432305725,1
4253,Branch_5052,4256,4262,7.106310403638431,1
4254,Branch_5053,4258,4259,16.803898504453034,1
4255,Branch_5054,3058,3860,27.716186252771617,1
4256,Branch_5055,3480,4256,526.3157894736842,1
4257,Branch_5056,7729,7801,421.9409282700422,1
4258,Branch_5057,3548,8893,17.117425539198905,1
4259,Branch_5058,8885,8893,24.142926122646063,1
4260,Branch_5059,8894,8893,1.5109391998065997,1
4261,Branch_5060,8890,8894,19.42124684404739,1
4262,Branch_5061,3105,3704,73.47538574577517,1
4263,Branch_5062,3372,3704,138.50415512465375,1
4264,Branch_5063,2741,3769,41.58004158004158,1
4265,Branch_5064,2741,3277,72.67441860465117,1
4266,Branch_5066,5987,8207,5.861321141785359,1
4267,Branch_5067,5987,6213,2000.0,1
4268,Branch_5068,5987,5988,2000.0,1
4269,Branch_5069,5986,5987,2000.0,1
4270,Branch_5070,5599,5653,33.61344537815126,1
4271,Branch_5071,5787,6076,2000.0,1
4272,Branch_5072,2012,2013,22.988505747126435,1
4273,Branch_5073,2012,2025,29.585798816568047,1
4274,Branch_5074,2010,2017,25.77319587628866,1
4275,Branch_5075,2010,2015,28.41716396703609,1
4276,Branch_5076,2011,2018,44.662795891022775,1
4277,Branch_5077,2016,2025,11.750881316098708,1
4278,Branch_5078,2010,2023,133.6898395721925,1
4279,Branch_5079,2019,2023,9.355412105903264,1
4280,Branch_5080,2020,2023,9.267840593141798,1
4281,Branch_5081,2010,2024,130.3780964797914,1
4282,Branch_5082,2021,2024,9.42151874882231,1
4283,Branch_5083,2022,2024,9.270418095856122,1
4284,Branch_5084,2014,2025,10.29230135858378,1
4285,Branch_5085,1172,1173,7.604562737642586,1
4286,Branch_5086,6026,6029,26.068821689259646,1
4287,Branch_5087,6030,6025,6.984215672579969,1
4288,Branch_5088,6027,6028,4.19621501405732,1
4289,Branch_5089,4163,4228,144.50867052023122,1
4290,Branch_5090,2127,2196,6.475006475006475,1
4291,Branch_5091,3225,3382,58.13953488372093,1
4292,Branch_5092,9231,9297,826.4462809917355,1
4293,Branch_5093,5156,5440,2000.0,1
4294,Branch_5094,5156,5440,2000.0,1
4295,Branch_5095,3722,4521,34.746351633078525,1
4296,Branch_5096,8108,8109,3.955539733396622,1
4297,Branch_5097,8090,8108,354.6099290780142,1
4298,Branch_5098,5477,5478,2000.0,1
4299,Branch_5099,9111,9110,10.002000400080016,1
4300,Branch_5100,9019,9111,325.7328990228013,1
4301,Branch_5104,3893,3894,7.121999857560003,1
4302,Branch_5105,5507,5510,338.9830508474576,1
4303,Branch_5106,394,799,440.52863436123346,1
4304,Branch_5107,799,1104,127.38853503184713,1
4305,Branch_5108,3267,3266,2.881014116969173,1
4306,Branch_5109,1245,1246,4.459507670353193,1
4307,Branch_5110,1244,1246,10.464629552113855,1
4308,Branch_5111,1247,1246,0.8509841631847231,1
4309,Branch_5112,577,1245,2000.0,1
4310,Branch_5113,632,1248,11.595547309833025,1
4311,Branch_5114,1064,1248,27.480076944215444,1
4312,Branch_5115,577,1321,34.78260869565217,1
4313,Branch_5116,449,577,163.3986928104575,1
4314,Branch_5117,8468,8574,32.6797385620915,1
4315,Branch_5118,7693,8574,2.829494652255107,1
4316,Branch_5120,8053,8468,3.4236023143551644,1
4317,Branch_5121,7628,8076,2000.0,1
4318,Branch_5122,7629,8077,2000.0,1
4319,Branch_5123,8075,8311,2000.0,1
4320,Branch_5124,8078,8312,2000.0,1
4321,Branch_5125,5268,5436,2000.0,1
4322,Branch_5126,5504,5543,30.599755201958384,1
4323,Branch_5127,4655,4656,10.596587898696619,1
4324,Branch_5129,7699,8241,18.01801801801802,1
4325,Branch_5130,7699,7803,19.98800719568259,1
4326,Branch_5131,7686,7687,3.4904013961605584,1
4327,Branch_5132,7687,7699,549.4505494505495,1
4328,Branch_5133,2984,5032,6.98616738857063,1
4329,Branch_5135,6801,6864,1298.7012987012988,1
4330,Branch_5136,5130,5389,112.4859392575928,1
4331,Branch_5137,5130,5167,18.248175182481752,1
4332,Branch_5138,5547,5548,14.287755393627661,1
4333,Branch_5139,5547,5549,12.671059300557527,1
4334,Branch_5140,1202,1670,133.33333333333334,1
4335,Branch_5141,94,1189,128.53470437017995,1
4336,Branch_5142,94,1004,127.06480304955528,1
4337,Branch_5143,94,95,9.777082518576456,1
4338,Branch_5144,6941,6942,10.05126143330988,1
4339,Branch_5145,338,791,73.09941520467837,1
4340,Branch_5146,290,791,1724.1379310344828,1
4341,Branch_5147,790,791,1515.1515151515152,1
4342,Branch_5148,62,1098,2000.0,1
4343,Branch_5149,58,1098,2000.0,1
4344,Branch_5150,62,57,49.333991119881595,1
4345,Branch_5151,58,57,49.333991119881595,1
4346,Branch_5152,57,60,17.58087201125176,1
4347,Branch_5153,57,59,14.795088030773783,1
4348,Branch_5154,57,61,14.721036360959811,1
4349,Branch_5155,57,63,14.795088030773783,1
4350,Branch_5156,566,560,4.739336492890995,1
4351,Branch_5157,566,561,4.739336492890995,1
4352,Branch_5158,566,562,4.7395611166405995,1
4353,Branch_5159,566,563,4.7395611166405995,1
4354,Branch_5160,566,564,4.739336492890995,1
4355,Branch_5161,566,565,4.739336492890995,1
4356,Branch_5162,566,567,4.739336492890995,1
4357,Branch_5163,566,568,4.739336492890995,1
4358,Branch_5164,7898,7911,1470.5882352941176,1
4359,Branch_5165,7898,7912,1851.851851851852,1
4360,Branch_5166,5904,5908,109.89010989010988,1
4361,Branch_5167,5908,6350,694.4444444444445,1
4362,Branch_5168,5643,5904,2000.0,1
4363,Branch_5169,9166,9167,12.627857052658165,1
4364,Branch_5170,9166,9167,10.76426264800861,1
4365,Branch_5171,54,55,2000.0,1
4366,Branch_5172,54,1122,44.58314757021846,1
4367,Branch_5173,54,1505,141.24293785310735,1
4368,Branch_5174,54,402,84.17508417508418,1
4369,Branch_5175,55,968,35.423308537017355,1
4370,Branch_5176,54,266,85.47008547008546,1
4371,Branch_5177,55,56,2000.0,1
4372,Branch_5178,5869,5921,5.450779461462989,1
4373,Branch_5179,5868,5918,4.559547692868867,1
4374,Branch_5180,5870,5917,5.450779461462989,1
4375,Branch_5181,2692,4810,2000.0,1
4376,Branch_5182,2692,2691,6.4712353588300005,1
4377,Branch_5183,1840,1841,4.710759374411155,1
4378,Branch_5186,5598,5770,88.261253309797,1
4379,Branch_5188,6422,7079,76.86395080707149,1
4380,Branch_5189,5816,5819,11.689070718877849,1
4381,Branch_5190,5815,5817,7.8982702788089405,1
4382,Branch_5191,5815,5817,7.8982702788089405,1
4383,Branch_5192,5816,5818,9.887284951552303,1
4384,Branch_5193,5815,5816,50.0,1
4385,Branch_5194,6687,6967,13.35113484646195,1
4386,Branch_5195,6967,6966,8.257638315441783,1
4387,Branch_5196,6967,6966,8.257638315441783,1
4388,Branch_5197,8002,8123,10.400416016640666,1
4389,Branch_5198,7936,8123,79.74481658692186,1
4390,Branch_5199,5475,5476,2000.0,1
4391,Branch_5200,339,1202,139.66480446927375,1
4392,Branch_5201,339,869,248.75621890547265,1
4393,Branch_5202,7867,8000,343.64261168384877,1
4394,Branch_5203,7867,8001,343.64261168384877,1
4395,Branch_5204,7867,8275,99.30486593843098,1
4396,Branch_5205,7867,7931,20.120724346076457,1
4397,Branch_5206,7867,7896,581.3953488372093,1
4398,Branch_5207,7867,7897,680.2721088435375,1
4399,Branch_5208,6148,6307,14.338973329509606,1
4400,Branch_5210,6307,6392,7.287567409998543,1
4401,Branch_5211,5983,6307,6.612444620776301,1
4402,Branch_5212,7763,8403,25.523226135783563,1
4403,Branch_5213,7769,8403,21.021652301870926,1
4404,Branch_5215,3705,4367,2000.0,1
4405,Branch_5216,3064,3079,101.31712259371834,1
4406,Branch_5218,3113,4203,2.18751367196045,1
4407,Branch_5219,5078,5093,22.48201438848921,1
4408,Branch_5223,636,1531,158.9825119236884,1
4409,Branch_5224,1052,1471,2000.0,1
4410,Branch_5225,1052,1473,2000.0,1
4411,Branch_5226,1052,1468,2000.0,1
4412,Branch_5227,1471,1472,19.23076923076923,1
4413,Branch_5228,1468,1469,14.388489208633093,1
4414,Branch_5229,1473,1470,14.41545336600836,1
4415,Branch_5230,657,1303,62.266500622665006,1
4416,Branch_5231,657,754,51.282051282051285,1
4417,Branch_5232,7856,7865,458.7155963302752,1
4418,Branch_5233,2644,2648,17.322016282695305,1
4419,Branch_5234,2644,2649,17.283097131005878,1
4420,Branch_5236,6,896,195.3125,1
4421,Branch_5237,6,395,170.35775127768312,1
4422,Branch_5238,5505,5520,2000.0,1
4423,Branch_5239,6,392,117.50881316098707,1
4424,Branch_5240,6,847,166.11295681063123,1
4425,Branch_5241,850,1557,153.84615384615384,1
4426,Branch_5245,543,542,3.4748766418792134,1
4427,Branch_5246,789,917,66.57789613848202,1
4428,Branch_5247,27,789,438.5964912280702,1
4429,Branch_5248,1411,1682,230.94688221709006,1
4430,Branch_5249,1411,1610,1538.4615384615386,1
4431,Branch_5250,949,1411,31.695721077654518,1
4432,Branch_5252,1411,1410,8.066467693796886,1
4433,Branch_5253,1411,1408,7.769404086706549,1
4434,Branch_5254,1411,1407,7.980209081477935,1
4435,Branch_5255,1411,1409,8.166598611678236,1
4436,Branch_5256,1141,1461,202.42914979757086,1
4437,Branch_5257,1391,1461,218.8183807439825,1
4438,Branch_5258,338,1189,193.42359767891682,1
4439,Branch_5259,8232,8227,15.358623867301489,1
4440,Branch_5260,8231,8224,15.344483658124904,1
4441,Branch_5261,8230,8228,33.523298692591354,1
4442,Branch_5262,8229,8226,33.50083752093802,1
4443,Branch_5263,8225,8229,2000.0,1
4444,Branch_5264,8225,8230,2000.0,1
4445,Branch_5265,8225,8232,1428.5714285714287,1
4446,Branch_5266,8225,8231,1250.0,1
4447,Branch_5267,7998,8225,42.680324370465215,1
4448,Branch_5268,8225,8382,25.87991718426501,1
4449,Branch_5269,7642,8225,39.18495297805643,1
4450,Branch_5270,7979,8225,40.08016032064128,1
4451,Branch_5271,1995,2152,78.80220646178093,1
4452,Branch_5272,2152,2159,57.50431282346176,1
4453,Branch_5274,1717,1718,361.01083032490976,1
4454,Branch_5275,1781,1795,155.03875968992247,1
4455,Branch_5276,1781,1892,29.753049687592977,1
4456,Branch_5277,1869,2009,61.804697156983934,1
4457,Branch_5278,1869,2078,95.41984732824427,1
4458,Branch_5279,1869,2456,22.512381809995496,1
4459,Branch_5280,1869,2032,36.88675765400221,1
4460,Branch_5281,1869,2601,63.05170239596469,1
4461,Branch_5282,1869,2275,108.34236186348862,1
4462,Branch_5283,1869,1898,32.98153034300792,1
4463,Branch_5284,2351,2455,37.257824143070046,1
4464,Branch_5285,1997,2351,32.927230819888045,1
4465,Branch_5286,8223,8242,163.66612111292963,1
4466,Branch_5287,7962,7985,1219.5121951219512,1
4467,Branch_5289,7962,8164,2000.0,1
4468,Branch_5291,7985,7986,9.112447603426281,1
4469,Branch_5292,7985,7987,9.112447603426281,1
4470,Branch_5293,779,782,195.69471624266146,1
4471,Branch_5294,782,879,94.9667616334283,1
4472,Branch_5295,502,781,42.158516020236085,1
4473,Branch_5298,780,781,320.5128205128205,1
4474,Branch_5299,6858,7019,5.5589526933125795,1
4475,Branch_5300,7019,7020,81.36696501220504,1
4476,Branch_5301,6640,7019,15.246226558926665,1
4477,Branch_5302,76,781,632.9113924050633,1
4478,Branch_5303,800,920,2000.0,1
4479,Branch_5304,1822,1823,32.341526520051744,1
4480,Branch_5305,1817,1823,-378.7878787878788,1
4481,Branch_5306,1824,1823,6.811061163329247,1
4482,Branch_5307,1822,1817,36.77822728944465,1
4483,Branch_5308,1822,1819,-2000.0,1
4484,Branch_5309,1816,1819,46.04051565377532,1
4485,Branch_5310,1818,1819,4.929751047572098,1
4486,Branch_5311,1822,1821,-2000.0,1
4487,Branch_5312,1816,1821,46.125461254612546,1
4488,Branch_5313,1820,1821,4.870208931963181,1
4489,Branch_5314,8233,8278,33.47840642785403,1
4490,Branch_5315,2456,2453,43.17789291882556,1
4491,Branch_5316,2456,2450,65.359477124183,1
4492,Branch_5317,2455,2451,44.052863436123346,1
4493,Branch_5318,2455,2452,66.2251655629139,1
4494,Branch_5319,2454,2449,74.6268656716418,1
4495,Branch_5320,2454,2457,56.78591709256104,1
4496,Branch_5321,8707,9001,2000.0,1
4497,Branch_5322,5692,8707,6.749460043196544,1
4498,Branch_5323,8707,8797,86.20689655172414,1
4499,Branch_5324,2261,2270,19.4325689856199,1
4500,Branch_5325,363,364,4.784688995215311,1
4501,Branch_5326,363,365,4.784688995215311,1
4502,Branch_5327,5931,5932,8.101758081503686,1
4503,Branch_5328,5931,6303,17.83484929552345,1
4504,Branch_5329,8002,8275,961.5384615384615,1
4505,Branch_5331,2142,2359,2000.0,1
4506,Branch_5332,1785,2142,9.05961224859576,1
4507,Branch_5333,3594,4180,4.5004500450045,1
4508,Branch_5334,204,203,7.693491306354824,1
4509,Branch_5335,7658,8432,5.750100626760968,1
4510,Branch_5336,1785,3339,8.161266628580755,1
4511,Branch_5337,23,24,112.2334455667789,1
4512,Branch_5338,23,204,1030.9278350515465,1
4513,Branch_5339,24,25,862.0689655172414,1
4514,Branch_5340,25,204,1030.9278350515465,1
4515,Branch_5341,7631,8233,9.276437847866418,1
4516,Branch_5342,8233,8590,12.244398187829068,1
4517,Branch_5343,3153,3594,15.04664459825459,1
4518,Branch_5344,7658,8323,40.14452027298274,1
4519,Branch_5345,8208,8588,8.676036786395974,1
4520,Branch_5346,7814,8208,47.37091425864519,1
4521,Branch_5347,204,205,6.325510784995888,1
4522,Branch_5348,5953,6199,934.5794392523364,1
4523,Branch_5349,5702,6134,3.5655708478927477,1
4524,Branch_5350,5703,6168,7.027900766041183,1
4525,Branch_5351,3587,4857,185.5287569573284,1
4526,Branch_5352,2677,4857,552.4861878453039,1
4527,Branch_5353,2730,4857,2000.0,1
4528,Branch_5354,2731,4857,2000.0,1
4529,Branch_5355,5626,6063,34.48275862068966,1
4530,Branch_5356,327,1073,393.7007874015748,1
4531,Branch_5357,327,1546,401.60642570281124,1
4532,Branch_5358,7871,7874,2000.0,1
4533,Branch_5359,7874,7875,11.234692731153803,1
4534,Branch_5360,7067,7147,74.57121551081282,1
4535,Branch_5361,5166,5495,2000.0,1
4536,Branch_5362,5495,5496,21.27659574468085,1
4537,Branch_5363,5498,5499,49.14004914004914,1
4538,Branch_5365,6404,6401,12.003360941063498,1
4539,Branch_5366,6404,6402,11.14951499609767,1
4540,Branch_5367,6404,6403,11.161960040183056,1
4541,Branch_5368,5744,6038,200.80321285140562,1
4542,Branch_5369,5663,5744,131.57894736842104,1
4543,Branch_5370,6123,6404,65.14657980456026,1
4544,Branch_5371,6110,6249,31.959092361776925,1
4545,Branch_5372,5838,6249,15.441630636195182,1
4546,Branch_5373,5579,5581,43.55400696864111,1
4547,Branch_5374,5579,5582,40.58441558441559,1
4548,Branch_5375,5577,5578,21.128248468201985,1
4549,Branch_5376,5585,5586,38.46153846153846,1
4550,Branch_5377,5581,5584,15.4273372415921,1
4551,Branch_5378,5579,5583,10.25220422390814,1
4552,Branch_5379,5582,5580,15.176809834572772,1
4553,Branch_5380,8731,8979,6.2000124000248,1
4554,Branch_5381,1187,1414,4.224221687154142,1
4555,Branch_5382,632,1414,5.556481635828193,1
4556,Branch_5383,5929,5930,2.9269720474169474,1
4557,Branch_5387,6437,7263,2000.0,1
4558,Branch_5388,6691,7263,137.5515818431912,1
4559,Branch_5389,7848,8604,20.292207792207794,1
4560,Branch_5390,6226,6230,65.359477124183,1
4561,Branch_5391,5955,6148,591.7159763313609,1
4562,Branch_5392,5615,6148,147.71048744460856,1
4563,Branch_5393,5389,5407,26.72367717797969,1
4564,Branch_5396,7621,8426,4.428697962798937,1
4565,Branch_5398,6284,6961,7.687576875768758,1
4566,Branch_5399,5862,6284,10.990218705352236,1
4567,Branch_5400,5900,6285,272.47956403269757,1
4568,Branch_5401,6285,6284,9.601536245799329,1
4569,Branch_5402,6284,6296,207.4688796680498,1
4570,Branch_5403,5118,5407,43.308791684712,1
4571,Branch_5404,694,1643,6.8728522336769755,1
4572,Branch_5408,1299,1530,30.38590094196293,1
4573,Branch_5409,6471,6472,14.06271972999578,1
4574,Branch_5410,6259,6258,10.165700925078784,1
4575,Branch_5411,5813,6259,3.693716987404425,1
4576,Branch_5412,6184,6258,22.716946842344388,1
4577,Branch_5413,1298,1299,248.13895781637717,1
4578,Branch_5414,7014,7022,1010.10101010101,1
4579,Branch_5416,1232,1299,2000.0,1
4580,Branch_5417,1738,2059,36.350418029807344,1
4581,Branch_5418,7833,7850,46.08294930875576,1
4582,Branch_5425,7685,7733,35.701535166012135,1
4583,Branch_5426,7685,7792,79.6812749003984,1
4584,Branch_5427,1263,1520,123.91573729863693,1
4585,Branch_5428,253,528,43.956043956043956,1
4586,Branch_5429,528,1301,7.8064012490242,1
4587,Branch_5430,1637,1656,53.56186395286556,1
4588,Branch_5431,801,1656,186.56716417910448,1
4589,Branch_5432,333,330,27.75464890369137,1
4590,Branch_5433,333,331,31.695721077654518,1
4591,Branch_5434,333,332,39.77724741447892,1
4592,Branch_5435,680,687,3.257328990228013,1
4593,Branch_5436,680,688,3.257328990228013,1
4594,Branch_5437,680,685,11.109876680368847,1
4595,Branch_5438,680,686,11.109876680368847,1
4596,Branch_5439,680,681,11.109876680368847,1
4597,Branch_5440,680,682,11.109876680368847,1
4598,Branch_5441,680,684,12.49843769528809,1
4599,Branch_5442,680,683,12.49843769528809,1
4600,Branch_5443,680,879,2000.0,1
4601,Branch_5444,6135,6137,46.57661853749418,1
4602,Branch_5445,6138,6137,-480.7692307692308,1
4603,Branch_5446,6136,6137,8.85112409275978,1
4604,Branch_5447,1119,1559,781.25,1
4605,Branch_5448,1559,1562,16.854879487611665,1
4606,Branch_5449,1559,1560,16.89189189189189,1
4607,Branch_5450,1559,1561,16.854879487611665,1
4608,Branch_5451,1118,1122,19.043991620643688,1
4609,Branch_5452,1122,1369,157.48031496062993,1
4610,Branch_5453,1122,1368,147.92899408284023,1
4611,Branch_5454,1098,1119,662.2516556291391,1
4612,Branch_5455,693,1119,117.23329425556858,1
4613,Branch_5456,78,1122,42.69854824935952,1
4614,Branch_5457,947,1120,45.8295142071494,1
4615,Branch_5458,1121,1122,2000.0,1
4616,Branch_5459,1120,1124,2000.0,1
4617,Branch_5460,277,1119,217.3913043478261,1
4618,Branch_5461,967,1122,50.787201625190455,1
4619,Branch_5462,1120,1527,38.03727653100038,1
4620,Branch_5463,1120,1375,81.03727714748784,1
4621,Branch_5464,292,1120,31.545741324921135,1
4622,Branch_5465,1118,1126,-186.21973929236498,1
4623,Branch_5466,1132,1126,16.16553507921112,1
4624,Branch_5467,1118,1127,-735.2941176470588,1
4625,Branch_5468,1130,1127,7.389890629618682,1
4626,Branch_5469,1120,1123,134.40860215053763,1
4627,Branch_5470,1119,1123,86.13264427217915,1
4628,Branch_5471,1131,1123,9.475080538184574,1
4629,Branch_5472,1119,1126,31.142946122703208,1
4630,Branch_5473,1119,1127,36.61662394727206,1
4631,Branch_5474,1119,1128,55.005500550055004,1
4632,Branch_5476,1122,1128,-401.60642570281124,1
4633,Branch_5477,1129,1128,9.838646202282566,1
4634,Branch_5478,1121,1117,84.67400508044031,1
4635,Branch_5479,1124,1125,79.11392405063292,1
4636,Branch_5480,1016,1018,2000.0,1
4637,Branch_5481,1015,1017,2000.0,1
4638,Branch_5482,1018,1196,96.61835748792271,1
4639,Branch_5483,1015,1198,95.87727708533077,1
4640,Branch_5484,8320,8318,14.768867227883621,1
4641,Branch_5486,8317,8319,19.31620629708325,1
4642,Branch_5487,7493,7492,9.017132551848512,1
4643,Branch_5488,469,508,303.030303030303,1
4644,Branch_5489,5204,5455,2000.0,1
4645,Branch_5490,1357,1358,179.85611510791367,1
4646,Branch_5491,1357,1417,30.931023816888338,1
4647,Branch_5492,1038,1357,140.8450704225352,1
4648,Branch_5493,1355,1358,2000.0,1
4649,Branch_5494,2980,2981,9.182736455463727,1
4650,Branch_5496,3438,3440,46.23208506703652,1
4651,Branch_5497,3439,3440,-462.962962962963,1
4652,Branch_5498,3441,3440,8.935751943526048,1
4653,Branch_5499,3355,4133,23.82654276864427,1
4654,Branch_5500,4133,4179,27.277686852154936,1
4655,Branch_5501,407,1369,57.142857142857146,1
4656,Branch_5502,1366,1369,2000.0,1
4657,Branch_5503,1367,1368,2000.0,1
4658,Branch_5504,41,1368,74.29420505200595,1
4659,Branch_5505,7948,8038,2000.0,1
4660,Branch_5506,7771,8037,75.642965204236,1
4661,Branch_5507,8037,8038,2000.0,1
4662,Branch_5508,8037,8039,2000.0,1
4663,Branch_5509,5602,5767,68.02721088435374,1
4664,Branch_5510,5662,5767,18.542555164101614,1
4665,Branch_5511,2608,4478,92.5925925925926,1
4666,Branch_5512,7307,7387,135.50135501355012,1
4667,Branch_5513,7307,7387,135.50135501355012,1
4668,Branch_5516,5500,5501,136.23978201634878,1
4669,Branch_5517,5845,5847,9.601536245799329,1
4670,Branch_5518,5832,5845,5.318017443097213,1
4671,Branch_5519,5847,5855,8.285690612312536,1
4672,Branch_5520,5695,5846,192.30769230769232,1
4673,Branch_5521,5758,5845,13.88888888888889,1
4674,Branch_5522,5500,5513,16.672224074691563,1
4675,Branch_5523,7810,7809,13.415615776764154,1
4676,Branch_5524,7803,7810,32.02049311559398,1
4677,Branch_5525,3164,4478,35.22367030644593,1
4678,Branch_5526,8459,8456,5.555246930726071,1
4679,Branch_5527,411,841,290.69767441860466,1
4680,Branch_5528,8455,8584,43.61098996947231,1
4681,Branch_5529,8457,8472,24.437927663734115,1
4682,Branch_5530,8457,8458,2000.0,1
4683,Branch_5531,8455,8458,2000.0,1
4684,Branch_5532,840,841,2000.0,1
4685,Branch_5533,840,865,24.467824810374356,1
4686,Branch_5534,7903,7906,24.515812699190977,1
4687,Branch_5535,7669,7904,75.9301442672741,1
4688,Branch_5536,7669,7904,75.8150113722517,1
4689,Branch_5538,7903,7904,2000.0,1
4690,Branch_5539,7904,8158,135.68521031207598,1
4691,Branch_5544,8457,8459,303.030303030303,1
4692,Branch_5545,848,1088,62.18905472636816,1
4693,Branch_5546,848,1087,62.11180124223603,1
4694,Branch_5547,848,882,93.45794392523365,1
4695,Branch_5548,1577,1579,67.70480704129993,1
4696,Branch_5549,1577,1579,67.70480704129993,1
4697,Branch_5550,6276,6277,10.877841836179702,1
4698,Branch_5551,6278,6277,6.356874960269532,1
4699,Branch_5552,6275,6277,-117.6470588235294,1
4700,Branch_5553,6273,6276,148.3679525222552,1
4701,Branch_5554,3303,4602,321.54340836012864,1
4702,Branch_5555,1192,1233,390.625,1
4703,Branch_5556,1194,1233,442.4778761061947,1
4704,Branch_5557,213,1371,155.27950310559007,1
4705,Branch_5558,5741,5740,7.979572294924992,1
4706,Branch_5559,999,1371,1960.7843137254902,1
4707,Branch_5560,1399,1400,120.1923076923077,1
4708,Branch_5561,638,1398,164.74464579901152,1
4709,Branch_5562,18,1400,70.52186177715092,1
4710,Branch_5563,1400,1513,2000.0,1
4711,Branch_5564,1011,1399,100.70493454179255,1
4712,Branch_5565,1396,1399,227.27272727272728,1
4713,Branch_5566,1397,1398,118.48341232227489,1
4714,Branch_5567,813,1398,78.06401249024199,1
4715,Branch_5568,8628,8877,490.19607843137254,1
4716,Branch_5569,8877,8942,60.64281382656155,1
4717,Branch_5570,8878,8983,114.5475372279496,1
4718,Branch_5571,574,1393,34.89183531053733,1
4719,Branch_5572,305,574,39.32363350373574,1
4720,Branch_5573,8055,8054,18.005041411595247,1
4721,Branch_5574,8049,8055,23.512814483893724,1
4722,Branch_5575,7580,7581,2.6250853152727465,1
4723,Branch_5576,7579,7581,2.6250853152727465,1
4724,Branch_5577,3731,4061,2000.0,1
4725,Branch_5578,369,367,4.784688995215311,1
4726,Branch_5579,369,368,4.784688995215311,1
4727,Branch_5581,8400,8427,90.99181073703366,1
4728,Branch_5582,8427,8564,164.47368421052633,1
4729,Branch_5583,8292,8427,146.41288433382138,1
4730,Branch_5584,7929,7978,9.231053263177328,1
4731,Branch_5585,7648,7978,9.46521533364884,1
4732,Branch_5586,8342,8373,2.0071857248951246,1
4733,Branch_5587,8342,8591,6.6862797539449055,1
4734,Branch_5588,8090,8129,15.8052789631737,1
4735,Branch_5589,8090,8295,26.867275658248253,1
4736,Branch_5590,7811,8217,3.5123458958238207,1
4737,Branch_5591,7736,8407,14.602803738317757,1
4738,Branch_5592,8407,8409,2000.0,1
4739,Branch_5593,7674,8217,4.750593824228028,1
4740,Branch_5594,7614,7734,3.6845983787767134,1
4741,Branch_5595,277,1098,317.46031746031747,1
4742,Branch_5596,908,1435,2000.0,1
4743,Branch_5597,1432,1457,2000.0,1
4744,Branch_5598,1433,1457,2000.0,1
4745,Branch_5599,7868,7946,211.864406779661,1
4746,Branch_5600,7868,7946,211.864406779661,1
4747,Branch_5601,6729,6924,14.259232853272493,1
4748,Branch_5602,6706,6924,11.705489874751258,1
4749,Branch_5603,6789,6924,21.308331557639036,1
4750,Branch_5604,6729,6730,53.763440860215056,1
4751,Branch_5605,6730,7480,2000.0,1
4752,Branch_5606,8643,8691,500.0,1
4753,Branch_5607,1432,1430,16.764459346186086,1
4754,Branch_5608,1435,1434,14.398848092152628,1
4755,Branch_5609,1435,1436,16.669444907484582,1
4756,Branch_5610,1433,1431,17.540782318891424,1
4757,Branch_5611,8697,8811,4.2426813746287655,1
4758,Branch_5612,8766,8811,4.8503662026483,1
4759,Branch_5613,8628,8632,7.389890629618682,1
4760,Branch_5617,6801,6861,6.92952671332548,1
4761,Branch_5618,6675,6861,9.119095385737735,1
4762,Branch_5619,2746,4763,2000.0,1
4763,Branch_5620,2746,2747,8.11886011204027,1
4764,Branch_5621,2790,4443,67.02412868632707,1
4765,Branch_5622,3058,3220,47.641734159123395,1
4766,Branch_5623,8636,8697,64.9772579597141,1
4767,Branch_5624,8661,8697,14.9902563333833,1
4768,Branch_5625,9329,9352,2000.0,1
4769,Branch_5626,863,910,119.33174224343675,1
4770,Branch_5627,8942,8983,78.67820613690007,1
4771,Branch_5628,8674,8943,7.820442637053257,1
4772,Branch_5629,8943,8945,8.114248620577735,1
4773,Branch_5630,8942,8945,-53.908355795148246,1
4774,Branch_5631,8944,8945,0.6642355645005945,1
4775,Branch_5632,2307,7614,7.0298769771529,1
4776,Branch_5633,2307,2306,17.117425539198905,1
4777,Branch_5634,1609,2306,7.036802476954472,1
4778,Branch_5635,695,1332,21.891418563922944,1
4779,Branch_5636,1042,1332,95.32888465204957,1
4780,Branch_5637,6101,6106,152.67175572519085,1
4781,Branch_5638,5801,6106,2000.0,1
4782,Branch_5639,369,1634,33.818058843422385,1
4783,Branch_5640,3220,4172,2000.0,1
4784,Branch_5641,369,503,1282.051282051282,1
4785,Branch_5642,7999,8030,2000.0,1
4786,Branch_5643,5959,6226,65.359477124183,1
4787,Branch_5644,5823,6226,9.904912836767037,1
4788,Branch_5645,3457,4702,21.14611968703743,1
4789,Branch_5646,7637,8317,1000.0,1
4790,Branch_5647,7637,8320,1000.0,1
4791,Branch_5648,8216,8285,52.21932114882507,1
4792,Branch_5649,8216,8341,69.39625260235947,1
4793,Branch_5650,399,400,4.784688995215311,1
4794,Branch_5651,399,401,4.784688995215311,1
4795,Branch_5652,399,408,2000.0,1
4796,Branch_5653,408,783,2000.0,1
4797,Branch_5654,946,1542,90.57971014492753,1
4798,Branch_5655,455,946,116.55011655011656,1
4799,Branch_5659,1868,2577,220.26431718061673,1
4800,Branch_5660,1797,1903,1960.7843137254902,1
4801,Branch_5661,1797,1903,1754.3859649122808,1
4802,Branch_5662,1797,2492,52.35602094240838,1
4803,Branch_5663,2038,2110,175.13134851138355,1
4804,Branch_5664,1813,1973,199.6007984031936,1
4805,Branch_5665,2146,2598,152.20700152207002,1
4806,Branch_5666,1782,2492,38.255547054322875,1
4807,Branch_5667,1894,2402,389.10505836575874,1
4808,Branch_5668,2098,2284,127.8772378516624,1
4809,Branch_5669,1894,2175,88.41732979664015,1
4810,Branch_5670,2008,2082,113.63636363636364,1
4811,Branch_5671,1951,2129,91.99632014719411,1
4812,Branch_5672,1856,1958,628.930817610063,1
4813,Branch_5673,1770,2402,446.42857142857144,1
4814,Branch_5674,1903,2301,66.13756613756614,1
4815,Branch_5675,2310,2492,64.59948320413437,1
4816,Branch_5676,1739,1813,84.60236886632826,1
4817,Branch_5677,2355,2577,57.24098454493417,1
4818,Branch_5678,2391,2542,105.70824524312897,1
4819,Branch_5679,2358,2577,128.2051282051282,1
4820,Branch_5683,1768,1974,122.39902080783354,1
4821,Branch_5684,2222,2386,80.0640512409928,1
4822,Branch_5685,2084,2480,194.9317738791423,1
4823,Branch_5686,631,2084,28.58776443682104,1
4824,Branch_5687,199,631,99.10802775024777,1
4825,Branch_5688,1768,2309,101.7293997965412,1
4826,Branch_5689,1768,2042,53.36179295624333,1
4827,Branch_5690,2042,2363,106.60980810234541,1
4828,Branch_5691,1974,2309,568.1818181818181,1
4829,Branch_5692,1768,2363,102.24948875255623,1
4830,Branch_5693,2084,2386,78.43137254901961,1
4831,Branch_5694,2386,2389,2000.0,1
4832,Branch_5695,1917,2527,38.24091778202677,1
4833,Branch_5696,1783,2247,17.765144785930005,1
4834,Branch_5697,1917,2247,50.89058524173028,1
4835,Branch_5698,1786,2050,48.07692307692308,1
4836,Branch_5699,1952,1991,36.3901018922853,1
4837,Branch_5700,1991,2050,30.91190108191654,1
4838,Branch_5701,1786,1917,59.665871121718375,1
4839,Branch_5702,1893,2522,28.71912693854107,1
4840,Branch_5703,1758,2522,33.266799733865604,1
4841,Branch_5704,1758,1991,18.744142455482663,1
4842,Branch_5705,1893,1991,294.11764705882354,1
4843,Branch_5706,1813,2492,81.03727714748784,1
4844,Branch_5707,1782,1973,97.5609756097561,1
4845,Branch_5708,1813,1973,206.61157024793388,1
4846,Branch_5709,1782,1946,178.89087656529517,1
4847,Branch_5710,1946,1966,171.52658662092625,1
4848,Branch_5711,1782,1973,97.27626459143968,1
4849,Branch_5712,1942,2492,88.41732979664015,1
4850,Branch_5713,1942,1951,157.23270440251574,1
4851,Branch_5714,1951,2143,147.05882352941177,1
4852,Branch_5715,1870,2105,243.30900243309003,1
4853,Branch_5716,2230,2525,169.20473773265653,1
4854,Branch_5717,1865,2089,163.1321370309951,1
4855,Branch_5718,2089,2525,63.73486297004462,1
4856,Branch_5719,2143,2492,106.49627263045794,1
4857,Branch_5720,1853,2145,76.21951219512195,1
4858,Branch_5721,2145,2542,132.4503311258278,1
4859,Branch_5722,1975,2310,96.52509652509653,1
4860,Branch_5723,1975,2288,225.22522522522522,1
4861,Branch_5724,2008,2570,127.8772378516624,1
4862,Branch_5725,1903,2492,52.32862375719519,1
4863,Branch_5726,2197,2504,60.16847172081829,1
4864,Branch_5727,1845,2197,149.92503748125938,1
4865,Branch_5728,1845,2197,150.15015015015015,1
4866,Branch_5729,1958,2550,71.99424046076314,1
4867,Branch_5730,1845,2550,92.33610341643583,1
4868,Branch_5731,2536,2569,90.82652134423252,1
4869,Branch_5732,1755,2550,89.92805755395683,1
4870,Branch_5733,1755,2060,63.69426751592356,1
4871,Branch_5734,1782,1964,121.50668286755771,1
4872,Branch_5735,1870,2569,130.54830287206266,1
4873,Branch_5736,1964,2490,162.33766233766235,1
4874,Branch_5737,2098,2490,149.7005988023952,1
4875,Branch_5738,1951,2284,158.73015873015873,1
4876,Branch_5739,1870,1946,303.951367781155,1
4877,Branch_5740,1870,2543,63.73486297004462,1
4878,Branch_5741,1946,2543,68.7757909215956,1
4879,Branch_5742,2105,2230,218.34061135371178,1
4880,Branch_5743,2225,2504,33.00330033003301,1
4881,Branch_5744,2082,2504,128.8659793814433,1
4882,Branch_5745,2110,2175,423.728813559322,1
4883,Branch_5746,1951,2110,82.50825082508251,1
4884,Branch_5747,1903,2504,66.18133686300463,1
4885,Branch_5748,2008,2197,82.57638315441784,1
4886,Branch_5749,2146,2543,106.49627263045794,1
4887,Branch_5750,2358,2598,61.72839506172839,1
4888,Branch_5751,2301,2531,70.62146892655367,1
4889,Branch_5752,2197,2531,27.677830058123444,1
4890,Branch_5753,1769,2060,96.61835748792271,1
4891,Branch_5754,1853,1856,427.35042735042737,1
4892,Branch_5755,1770,2570,159.4896331738437,1
4893,Branch_5756,1782,1868,131.4060446780552,1
4894,Branch_5757,1739,1975,39.65107057890563,1
4895,Branch_5759,2310,2577,21.281123643328367,1
4896,Branch_5761,1782,1966,115.74074074074075,1
4897,Branch_5762,1770,2055,94.42870632672333,1
4898,Branch_5763,1966,2525,67.24949562878278,1
4899,Branch_5764,2055,2525,193.42359767891682,1
4900,Branch_5765,1770,2104,95.32888465204957,1
4901,Branch_5766,2038,2129,233.1002331002331,1
4902,Branch_5767,1769,1870,52.493438320209975,1
4903,Branch_5768,1865,2104,840.3361344537815,1
4904,Branch_5769,1769,2536,48.97159647404506,1
4905,Branch_5770,2197,2542,116.95906432748538,1
4906,Branch_5771,2225,2391,27.716186252771617,1
4907,Branch_5772,1903,2129,97.5609756097561,1
4908,Branch_5773,1135,1137,214.13276231263384,1
4909,Branch_5774,1133,1138,214.13276231263384,1
4910,Branch_5775,917,1135,186.56716417910448,1
4911,Branch_5776,918,1133,135.68521031207598,1
4912,Branch_5777,1137,1331,374.53183520599254,1
4913,Branch_5778,1138,1330,374.53183520599254,1
4914,Branch_5779,748,1135,111.60714285714286,1
4915,Branch_5780,750,1133,83.33333333333333,1
4916,Branch_5781,1134,1137,404.8582995951417,1
4917,Branch_5782,1136,1138,404.8582995951417,1
4918,Branch_5784,8275,8400,42.05214465937763,1
4919,Branch_5785,8693,8819,4.964010920824026,1
4920,Branch_5786,8642,8693,5.17437648763324,1
4921,Branch_5787,8693,9000,6.980802792321117,1
4922,Branch_5788,6237,6241,16.611295681063122,1
4923,Branch_5789,6238,6241,-172.1170395869191,1
4924,Branch_5790,6240,6241,8.981498113885396,1
4925,Branch_5791,6237,6243,16.611295681063122,1
4926,Branch_5792,6239,6243,-172.1170395869191,1
4927,Branch_5793,6242,6243,8.981498113885396,1
4928,Branch_5795,6237,6340,45.433893684688776,1
4929,Branch_5796,6122,6237,106.04453870625663,1
4930,Branch_5797,6122,6237,106.04453870625663,1
4931,Branch_5798,4753,6237,26.79528403001072,1
4932,Branch_5799,9010,9035,54.43658138268917,1
4933,Branch_5802,6171,9011,52.46589716684155,1
4934,Branch_5803,6173,9011,52.35602094240838,1
4935,Branch_5804,9010,9325,149.2537313432836,1
4936,Branch_5806,9010,9011,2000.0,1
4937,Branch_5807,4753,9011,61.27450980392157,1
4938,Branch_5808,4753,9011,61.27450980392157,1
4939,Branch_5809,2189,2192,26.041666666666668,1
4940,Branch_5810,2188,2192,-301.2048192771084,1
4941,Branch_5811,2193,2192,6.614194060453734,1
4942,Branch_5812,2189,2190,316.45569620253167,1
4943,Branch_5813,2188,2190,36.46973012399708,1
4944,Branch_5814,2191,2190,4.188306248952923,1
4945,Branch_5815,2189,2582,373.13432835820896,1
4946,Branch_5816,2189,2582,374.53183520599254,1
4947,Branch_5817,9010,9011,2000.0,1
4948,Branch_5818,254,659,17.88908765652952,1
4949,Branch_5820,5803,5893,21.81500872600349,1
4950,Branch_5821,5803,6274,2.1577766269635767,1
4951,Branch_5822,3729,4330,60.56935190793458,1
4952,Branch_5823,3014,4330,5.675368898978434,1
4953,Branch_5824,3678,4066,9.619084263178145,1
4954,Branch_5825,4067,4065,7.336757153338224,1
4955,Branch_5826,4066,4065,7.704160246533128,1
4956,Branch_5827,2921,4330,49.26108374384236,1
4957,Branch_5828,3478,4642,2000.0,1
4958,Branch_5829,184,254,3.9556962025316458,1
4959,Branch_5830,206,254,40.74979625101874,1
4960,Branch_5831,1202,1709,2000.0,1
4961,Branch_5832,7675,8010,88.02816901408451,1
4962,Branch_5833,1709,1707,7.831466833737959,1
4963,Branch_5834,1709,1708,7.831466833737959,1
4964,Branch_5835,4925,4928,43.2152117545376,1
4965,Branch_5836,1234,1243,19.047619047619047,1
4966,Branch_5837,1234,1235,19.047619047619047,1
4967,Branch_5838,1234,1235,19.047619047619047,1
4968,Branch_5839,2873,2874,2000.0,1
4969,Branch_5840,2874,2875,2000.0,1
4970,Branch_5841,3096,4732,746.2686567164179,1
4971,Branch_5842,3130,3575,13.365410318096766,1
4972,Branch_5843,4538,4732,6.188501763723003,1
4973,Branch_5844,3130,5597,22.007042253521128,1
4974,Branch_5845,3130,4732,13.5080372821829,1
4975,Branch_5846,1530,1532,-166.11295681063123,1
4976,Branch_5847,1531,1532,23.250406882120437,1
4977,Branch_5848,1533,1532,5.9315499139925265,1
4978,Branch_5850,1328,1530,14.19244961680386,1
4979,Branch_5851,1531,1669,613.4969325153374,1
4980,Branch_5852,973,1531,98.13542688910697,1
4981,Branch_5854,4888,4891,46.08294930875576,1
4982,Branch_5855,4889,4891,-432.9004329004329,1
4983,Branch_5856,4890,4891,8.977466558937069,1
4984,Branch_5859,8124,8168,2000.0,1
4985,Branch_5860,3664,3667,74.12898443291327,1
4986,Branch_5861,3665,3667,66.3129973474801,1
4987,Branch_5862,3666,3667,5.213492518638236,1
4988,Branch_5865,6453,7080,53.27650506126798,1
4989,Branch_5866,3134,3135,11.682242990654206,1
4990,Branch_5870,3134,3137,11.961722488038278,1
4991,Branch_5871,4010,4011,46.554934823091244,1
4992,Branch_5872,4012,4011,-471.6981132075472,1
4993,Branch_5873,4013,4011,9.306654257794323,1
4994,Branch_5874,4010,4015,45.97701149425287,1
4995,Branch_5875,4017,4015,-444.44444444444446,1
4996,Branch_5876,4016,4015,8.981498113885396,1
4997,Branch_5877,4017,4018,95.23809523809524,1
4998,Branch_5879,406,1681,2000.0,1
4999,Branch_5880,4265,4269,92.16589861751152,1
5000,Branch_5881,4267,4269,252.5252525252525,1
5001,Branch_5882,4273,4269,13.424620754463687,1
5002,Branch_5883,4265,4270,92.16589861751152,1
5003,Branch_5884,4266,4270,252.5252525252525,1
5004,Branch_5885,4272,4270,13.424620754463687,1
5005,Branch_5886,4266,4274,95.23809523809524,1
5006,Branch_5887,4267,4275,95.23809523809524,1
5007,Branch_5888,4268,4275,95.23809523809524,1
5008,Branch_5889,4271,4274,95.23809523809524,1
5009,Branch_5890,2818,4993,584.7953216374269,1
5010,Branch_5891,3810,4719,555.5555555555555,1
5011,Branch_5892,2989,4718,122.54901960784314,1
5012,Branch_5893,8206,8425,6.323110970597534,1
5013,Branch_5894,3105,4335,81.9000819000819,1
5014,Branch_5895,3201,4284,97.0873786407767,1
5015,Branch_5896,3042,4284,133.6898395721925,1
5016,Branch_5897,9182,9183,14.84560570071259,1
5017,Branch_5898,9181,9182,413.22314049586777,1
5018,Branch_5899,740,896,120.33694344163658,1
5019,Branch_5900,6883,6969,4.665920119447555,1
5020,Branch_5901,5508,5509,25.926886180969664,1
5021,Branch_5902,1266,1267,50.200803212851405,1
5022,Branch_5903,5712,5778,32.24766204450177,1
5023,Branch_5904,5712,6221,704.2253521126761,1
5024,Branch_5905,5716,5901,11.016855789357717,1
5025,Branch_5906,5901,6157,82.16926869350863,1
5026,Branch_5907,5901,6018,45.08566275924256,1
5027,Branch_5908,8415,8418,82.78145695364239,1
5028,Branch_5909,8412,8418,109.40919037199124,1
5029,Branch_5910,8413,8418,5.81767409389726,1
5030,Branch_5911,8415,8416,41.78854993731718,1
5031,Branch_5912,8412,8416,-552.4861878453039,1
5032,Branch_5913,8414,8416,6.17093489663684,1
5033,Branch_5914,7957,8412,7.247952453431905,1
5034,Branch_5915,8419,8417,78.43137254901961,1
5035,Branch_5916,8023,8415,40.91653027823241,1
5036,Branch_5918,7955,8412,16.49620587264929,1
5037,Branch_5919,783,8412,16.545334215751158,1
5038,Branch_5920,783,8412,17.421602787456447,1
5039,Branch_5921,5716,6141,19.569471624266146,1
5040,Branch_5922,5716,6142,35.637918745545264,1
5041,Branch_5923,5773,5853,18.99335232668566,1
5042,Branch_5924,5853,6019,9.390553103577801,1
5043,Branch_5925,4177,4586,95.51098376313276,1
5044,Branch_5926,4278,4863,43.40277777777778,1
5045,Branch_5927,4228,4586,64.55777921239509,1
5046,Branch_5928,8412,8419,71.42857142857143,1
5047,Branch_5929,9079,9083,2000.0,1
5048,Branch_5930,3769,4727,2000.0,1
5049,Branch_5932,5631,7141,4.901720503896867,1
5050,Branch_5933,5628,5631,12.706480304955527,1
5051,Branch_5934,2752,3147,48.16955684007707,1
5052,Branch_5935,2752,4605,2.5058888387711122,1
5053,Branch_5936,5979,8722,7.183908045977011,1
5054,Branch_5937,5821,5965,3.673499375505106,1
5055,Branch_5939,5718,5965,20.859407592824365,1
5056,Branch_5940,5965,6417,10.163634515702816,1
5057,Branch_5941,5966,6221,2000.0,1
5058,Branch_5942,5965,6220,396.8253968253968,1
5059,Branch_5943,5965,5983,9.659036028204385,1
5060,Branch_5944,5632,5965,69.58942240779402,1
5061,Branch_5946,5965,6051,17.304031839418585,1
5062,Branch_5947,9268,9269,9.104151493080845,1
5063,Branch_5948,865,1534,2000.0,1
5064,Branch_5949,7535,7536,46.27487274409995,1
5065,Branch_5950,7537,7536,-460.8294930875576,1
5066,Branch_5951,7538,7536,9.042408897730356,1
5067,Branch_5952,7535,7539,46.57661853749418,1
5068,Branch_5953,7537,7539,-478.4688995215311,1
5069,Branch_5954,7540,7539,8.995232526760816,1
5070,Branch_5955,3820,4397,144.3001443001443,1
5071,Branch_5956,2732,3820,26.427061310782243,1
5072,Branch_5957,2676,4771,203.66598778004072,1
5073,Branch_5958,2744,4771,115.2073732718894,1
5074,Branch_5959,2674,4771,185.5287569573284,1
5075,Branch_5960,4771,4791,254.4529262086514,1
5076,Branch_5961,3298,4317,2000.0,1
5077,Branch_5962,4984,4985,12.023566189731875,1
5078,Branch_5963,4984,4985,9.017945711966814,1
5079,Branch_5964,2823,4984,2000.0,1
5080,Branch_5968,7669,8084,512.8205128205128,1
5081,Branch_5971,1487,1679,21.677866897897246,1
5082,Branch_5972,185,397,18.65671641791045,1
5083,Branch_5973,397,1053,36.8052999631947,1
5084,Branch_5974,5871,5867,4.971908715755979,1
5085,Branch_5975,5867,5869,2.2485047443450106,1
5086,Branch_5976,5867,5868,2.2365360529611737,1
5087,Branch_5977,5867,5870,2.2355860588853367,1
5088,Branch_5978,6776,7141,36.98224852071006,1
5089,Branch_5979,7141,7161,2000.0,1
5090,Branch_5980,8357,8592,5.476151360823613,1
5091,Branch_5981,8357,8513,4.798464491362764,1
5092,Branch_5983,2971,4508,24.648755237860488,1
5093,Branch_5984,2971,4088,9.276437847866418,1
5094,Branch_5985,4402,4518,27.63957987838585,1
5095,Branch_5986,9103,9141,2000.0,1
5096,Branch_5987,9141,9142,11.755025273304337,1
5097,Branch_5988,9018,9025,23.430178069353328,1
5098,Branch_5989,9018,9025,23.430178069353328,1
5099,Branch_5991,7805,7808,9.063717937097797,1
5100,Branch_5992,7760,7761,17.31301939058172,1
5101,Branch_5993,7761,8270,57.903879559930516,1
5102,Branch_5994,7761,7845,57.903879559930516,1
5103,Branch_5995,7844,8270,102.88065843621399,1
5104,Branch_5996,3613,8992,11.971746677840297,1
5105,Branch_5997,7760,8316,3.497726477789437,1
5106,Branch_5998,7797,7805,2000.0,1
5107,Branch_5999,9018,9194,103.41261633919338,1
5108,Branch_6000,9035,9194,98.23182711198429,1
5109,Branch_6001,9194,9195,2000.0,1
5110,Branch_6002,9194,9202,526.3157894736842,1
5111,Branch_6003,6038,6211,27.159152634437806,1
5112,Branch_6004,7690,8405,6.522306287503262,1
5113,Branch_6008,7947,8405,3.3333333333333335,1
5114,Branch_6009,7818,8405,3.437371098583803,1
5115,Branch_6011,7070,7071,20.955574182732608,1
5116,Branch_6012,7071,7096,37.96507213363705,1
5117,Branch_6013,6255,6331,253.80710659898477,1
5118,Branch_6014,6331,6329,10.422094841063053,1
5119,Branch_6015,6331,6330,10.469011725293132,1
5120,Branch_6016,7721,8437,6.541933795629988,1
5121,Branch_6017,23,1517,363.6363636363636,1
5122,Branch_6018,1055,1517,43.956043956043956,1
5123,Branch_6019,3379,4317,43.7636761487965,1
5124,Branch_6020,2993,2991,55.83472920156337,1
5125,Branch_6021,2993,2991,56.21135469364812,1
5126,Branch_6022,2993,2990,55.83472920156337,1
5127,Branch_6023,2993,2990,55.83472920156337,1
5128,Branch_6024,7673,8465,112.10762331838565,1
5129,Branch_6025,2906,4287,2000.0,1
5130,Branch_6026,8024,8033,293.2551319648094,1
5131,Branch_6027,8033,8032,14.355440712029859,1
5132,Branch_6028,6877,6876,9.389671361502348,1
5133,Branch_6029,6437,7013,819.672131147541,1
5134,Branch_6030,6718,6916,2000.0,1
5135,Branch_6031,6915,6916,16.118633139909736,1
5136,Branch_6032,6915,7273,63.13131313131313,1
5137,Branch_6033,6828,6915,29.154518950437318,1
5138,Branch_6034,608,607,11.263798152737102,1
5139,Branch_6035,3058,3080,24.354603019970774,1
5140,Branch_6036,82,1641,66.40106241699867,1
5141,Branch_6037,80,972,96.71179883945841,1
5142,Branch_6038,80,175,39.8247710075667,1
5143,Branch_6039,82,175,40.38772213247173,1
5144,Branch_6040,81,82,1960.7843137254902,1
5145,Branch_6041,3847,3846,27.693159789531986,1
5146,Branch_6042,3847,3846,28.1214848143982,1
5147,Branch_6043,3846,3955,32.25806451612903,1
5148,Branch_6044,3846,4601,51.150895140664964,1
5149,Branch_6045,7199,7512,304.8780487804878,1
5150,Branch_6046,6427,7512,119.18951132300357,1
5151,Branch_6047,8203,8241,8.982304859426929,1
5152,Branch_6048,5537,5536,9.991008092716555,1
5153,Branch_6049,5535,5536,11.914690813773383,1
5154,Branch_6050,5538,5536,8.975854950184004,1
5155,Branch_6051,4729,4739,301.2048192771084,1
5156,Branch_6052,4728,4738,301.2048192771084,1
5157,Branch_6053,5181,5180,2.024701356549909,1
5158,Branch_6054,5183,5180,10.0,1
5159,Branch_6055,5182,5180,-97.0873786407767,1
5160,Branch_6056,4386,4387,46.27487274409995,1
5161,Branch_6057,4385,4387,-460.8294930875576,1
5162,Branch_6058,4384,4387,8.97021887334051,1
5163,Branch_6059,5899,6297,4.900519455062237,1
5164,Branch_6060,5747,6248,2000.0,1
5165,Branch_6061,5615,5959,11.354604292040422,1
5166,Branch_6065,5849,5899,4.261303106489964,1
5167,Branch_6066,5726,5899,17.571604287471445,1
5168,Branch_6067,6153,6392,19.19754271453254,1
5169,Branch_6068,5954,6374,3.957888070925354,1
5170,Branch_6069,6437,7262,2000.0,1
5171,Branch_6070,18,1646,169.20473773265653,1
5172,Branch_6071,271,1646,113.25028312570781,1
5173,Branch_6072,7469,7470,7.767593599502874,1
5174,Branch_6073,7469,7471,7.767593599502874,1
5175,Branch_6074,7468,7469,1098.901098901099,1
5176,Branch_6075,6695,7347,95.69377990430623,1
5177,Branch_6076,6564,7347,11.834319526627219,1
5178,Branch_6077,3147,3271,5.089058524173028,1
5179,Branch_6080,9041,9042,-51.04645227156713,1
5180,Branch_6081,9043,9044,-51.04645227156713,1
5181,Branch_6082,9013,9042,42.211903756859435,1
5182,Branch_6083,9013,9044,42.319085907744395,1
5183,Branch_6084,8682,8725,3.911138923654568,1
5184,Branch_6085,8682,9098,3.7982376177453663,1
5185,Branch_6086,8682,9002,4.189183528130368,1
5186,Branch_6087,2811,4967,2000.0,1
5187,Branch_6089,3726,3727,9.492168960607499,1
5188,Branch_6090,3725,3727,-46.728971962616825,1
5189,Branch_6091,3728,3727,2.566339886054509,1
5190,Branch_6092,5507,5508,31.377470975839348,1
5191,Branch_6093,251,809,89.28571428571429,1
5192,Branch_6094,3055,4163,129.70168612191958,1
5193,Branch_6095,7527,7581,1111.111111111111,1
5194,Branch_6097,8265,8314,18.248175182481752,1
5195,Branch_6098,3338,4137,33.42245989304813,1
5196,Branch_6099,5101,5465,46.62004662004662,1
5197,Branch_6100,6454,7179,23.557126030624264,1
5198,Branch_6101,2811,2810,6.68851581833991,1
5199,Branch_6102,6523,7369,245.09803921568627,1
5200,Branch_6103,6705,7369,58.10575246949448,1
5201,Branch_6104,7648,8426,20.275750202757504,1
5202,Branch_6105,154,692,157.72870662460568,1
5203,Branch_6106,692,1359,193.05019305019306,1
5204,Branch_6107,692,795,160.51364365971108,1
5205,Branch_6108,7723,8386,9.790483649892305,1
5206,Branch_6109,7723,8466,18.284878405558604,1
5207,Branch_6110,6063,6064,8.758101243650376,1
5208,Branch_6111,6063,6062,8.89125989152663,1
5209,Branch_6112,5138,5389,56.49717514124294,1
5210,Branch_6113,5260,5389,181.8181818181818,1
5211,Branch_6114,3239,4610,217.8649237472767,1
5212,Branch_6115,3240,4609,217.8649237472767,1
5213,Branch_6116,606,1069,217.3913043478261,1
5214,Branch_6117,1069,1691,34.81894150417827,1
5215,Branch_6120,1069,1547,90.74410163339383,1
5216,Branch_6121,1030,1069,41.11842105263158,1
5217,Branch_6122,468,1069,77.33952049497293,1
5218,Branch_6123,1069,1070,6.4238453138048435,1
5219,Branch_6125,5713,6281,8.387854386847843,1
5220,Branch_6126,5713,6296,14.541224371092046,1
5221,Branch_6127,693,1383,2000.0,1
5222,Branch_6128,693,1378,2000.0,1
5223,Branch_6129,693,1384,2000.0,1
5224,Branch_6130,693,1385,2000.0,1
5225,Branch_6131,693,1377,2000.0,1
5226,Branch_6132,693,1386,2000.0,1
5227,Branch_6133,693,950,83.33333333333333,1
5228,Branch_6134,609,1706,2000.0,1
5229,Branch_6135,1706,1704,13.698630136986301,1
5230,Branch_6136,1706,1705,13.702384214853385,1
5231,Branch_6138,187,394,869.5652173913044,1
5232,Branch_6139,187,274,561.7977528089888,1
5233,Branch_6140,357,370,64.51612903225806,1
5234,Branch_6141,321,370,124.06947890818859,1
5235,Branch_6142,1733,2065,22.93577981651376,1
5236,Branch_6143,2066,2065,119.33174224343675,1
5237,Branch_6144,5092,5250,114.5475372279496,1
5238,Branch_6145,89,1067,2000.0,1
5239,Branch_6146,91,1067,2000.0,1
5240,Branch_6147,90,1067,2000.0,1
5241,Branch_6148,89,92,293.2551319648094,1
5242,Branch_6149,87,92,15.08523155830442,1
5243,Branch_6150,88,92,15.08523155830442,1
5244,Branch_6151,91,85,17.755681818181817,1
5245,Branch_6152,90,86,17.755681818181817,1
5246,Branch_6153,78,285,122.85012285012284,1
5247,Branch_6154,43,44,2000.0,1
5248,Branch_6155,44,743,76.10350076103501,1
5249,Branch_6156,43,1184,92.50693802035153,1
5250,Branch_6157,44,398,146.19883040935673,1
5251,Branch_6158,44,304,134.58950201884252,1
5252,Branch_6159,395,669,302.11480362537765,1
5253,Branch_6160,14,1543,93.72071227741331,1
5254,Branch_6161,674,1543,76.98229407236336,1
5255,Branch_6162,674,1542,77.1604938271605,1
5256,Branch_6163,1540,1543,2000.0,1
5257,Branch_6164,1541,1542,2000.0,1
5258,Branch_6165,2491,2593,93.89671361502347,1
5259,Branch_6166,1715,2491,159.4896331738437,1
5260,Branch_6167,2491,2601,53.70569280343717,1
5261,Branch_6168,2004,2350,29.231218941829873,1
5262,Branch_6169,1938,2004,40.04805766920305,1
5263,Branch_6170,2004,2346,58.0046403712297,1
5264,Branch_6171,2009,2276,81.10300081103001,1
5265,Branch_6172,2009,2276,82.03445447087776,1
5266,Branch_6173,1753,1892,51.65289256198347,1
5267,Branch_6174,1753,2010,47.48338081671415,1
5268,Branch_6175,1835,1949,47.43833017077799,1
5269,Branch_6176,1816,1949,51.255766273705795,1
5270,Branch_6177,2096,2567,94.42870632672333,1
5271,Branch_6178,2096,2206,55.46311702717693,1
5272,Branch_6181,2096,2319,73.1528895391368,1
5273,Branch_6182,513,527,2000.0,1
5274,Branch_6183,53,527,892.8571428571429,1
5275,Branch_6184,487,539,2000.0,1
5276,Branch_6185,539,540,9.845426799251747,1
5277,Branch_6186,539,541,9.845426799251747,1
5278,Branch_6187,83,1525,17.54385964912281,1
5279,Branch_6188,84,83,5.688282138794084,1
5280,Branch_6189,7955,7960,2000.0,1
5281,Branch_6190,569,631,2000.0,1
5282,Branch_6191,5078,5077,19.157088122605366,1
5283,Branch_6192,5077,5289,30.422878004259204,1
5284,Branch_6193,5078,5076,9.70873786407767,1
5285,Branch_6194,5078,5075,13.157894736842104,1
5286,Branch_6195,5078,5079,5.497526113249038,1
5287,Branch_6196,5077,5449,23.97506593143131,1
5288,Branch_6197,5077,5466,217.3913043478261,1
5289,Branch_6198,857,931,10.355182768975872,1
5290,Branch_6200,84,857,29.832935560859188,1
5291,Branch_6201,569,570,19.50458357714063,1
5292,Branch_6202,569,571,14.353380221042055,1
5293,Branch_6203,569,572,14.34102968593145,1
5294,Branch_6204,83,1480,10.02004008016032,1
5295,Branch_6205,207,1597,206.61157024793388,1
5296,Branch_6206,811,1597,403.2258064516129,1
5297,Branch_6207,2984,3162,29.13752913752914,1
5298,Branch_6208,971,1635,26.136957658128594,1
5299,Branch_6209,971,1013,25.74002574002574,1
5300,Branch_6210,3676,4447,26.212319790301443,1
5301,Branch_6211,3295,3614,67.29475100942126,1
5302,Branch_6212,3421,3423,9.77230528681716,1
5303,Branch_6213,3421,3425,9.810654370646523,1
5304,Branch_6214,3421,3426,9.650646593321753,1
5305,Branch_6215,3421,3424,9.77230528681716,1
5306,Branch_6219,3421,3430,19.451468585878235,1
5307,Branch_6220,8776,8952,2000.0,1
5308,Branch_6221,5283,5334,89.52551477170994,1
5309,Branch_6222,7777,8536,2000.0,1
5310,Branch_6223,1377,1381,19.719976336028395,1
5311,Branch_6224,1383,1376,15.096618357487923,1
5312,Branch_6225,1378,1382,15.11030522816561,1
5313,Branch_6226,1384,1379,15.600624024960998,1
5314,Branch_6227,1385,1380,15.096618357487923,1
5315,Branch_6228,1386,1387,14.999250037498125,1
5316,Branch_6229,9034,9181,82.64462809917356,1
5317,Branch_6230,4822,4831,2000.0,1
5318,Branch_6231,4822,4832,2000.0,1
5319,Branch_6232,4822,4833,2000.0,1
5320,Branch_6233,2492,2493,5.523031039434442,1
5321,Branch_6234,2492,2494,5.523031039434442,1
5322,Branch_6235,3038,3225,225.22522522522522,1
5323,Branch_6236,3038,3295,112.61261261261261,1
5324,Branch_6237,4831,4834,-526.3157894736842,1
5325,Branch_6238,4829,4834,6.919457514530861,1
5326,Branch_6239,4830,4834,7.0467197519554645,1
5327,Branch_6240,4832,4835,495.0495049504951,1
5328,Branch_6241,4825,4835,7.160759040458289,1
5329,Branch_6242,4826,4835,7.336218912772357,1
5330,Branch_6243,4833,4836,763.3587786259542,1
5331,Branch_6244,4827,4836,7.124536905101168,1
5332,Branch_6245,4828,4836,7.2727272727272725,1
5333,Branch_6246,2329,2328,4.140615295432902,1
5334,Branch_6247,9320,9318,12.558081125204069,1
5335,Branch_6248,9320,9319,12.558081125204069,1
5336,Branch_6249,5523,9320,87.41258741258741,1
5337,Branch_6255,7907,7999,187.26591760299627,1
5338,Branch_6256,7907,7915,102.35414534288638,1
5339,Branch_6257,7907,8161,253.16455696202533,1
5340,Branch_6258,7907,8164,77.39938080495357,1
5341,Branch_6259,7906,7907,2000.0,1
5342,Branch_6261,5856,6274,65.01950585175553,1
5343,Branch_6262,5856,6108,35.62522265764161,1
5344,Branch_6263,4291,4634,2000.0,1
5345,Branch_6264,7651,8593,98.32841691248771,1
5346,Branch_6265,8385,8593,109.17030567685589,1
5347,Branch_6266,5733,5937,70.8215297450425,1
5348,Branch_6267,4701,4859,2000.0,1
5349,Branch_6268,4354,4353,11.402508551881414,1
5350,Branch_6269,4858,4861,9.719117504130624,1
5351,Branch_6270,4859,4861,-75.8150113722517,1
5352,Branch_6271,4860,4861,4.1017227235438884,1
5353,Branch_6272,2734,4858,32.32062055591467,1
5354,Branch_6273,3897,4858,63.29113924050633,1
5355,Branch_6274,3533,4353,1111.111111111111,1
5356,Branch_6275,6255,6257,8.395600705230459,1
5357,Branch_6276,6255,6256,8.395600705230459,1
5358,Branch_6277,6128,6255,2000.0,1
5359,Branch_6278,6490,7211,16.220600162206,1
5360,Branch_6279,6971,7211,9.954210631096954,1
5361,Branch_6280,6885,7211,63.492063492063494,1
5362,Branch_6281,385,874,483.09178743961354,1
5363,Branch_6282,8249,8364,8.320852055250457,1
5364,Branch_6284,3310,3313,53.53319057815846,1
5365,Branch_6285,3312,3313,-2000.0,1
5366,Branch_6286,3311,3313,8.792754770069463,1
5367,Branch_6287,1884,1883,4.88328938372888,1
5368,Branch_6288,1779,1888,9.830908375933936,1
5369,Branch_6290,1888,1960,28.481913984619766,1
5370,Branch_6291,1959,2249,9.68054211035818,1
5371,Branch_6292,1777,1959,7.423904974016333,1
5372,Branch_6293,2250,2560,12.690355329949238,1
5373,Branch_6294,6334,6336,184.1620626151013,1
5374,Branch_6295,6336,6335,7.352941176470588,1
5375,Branch_6296,1324,1637,91.24087591240875,1
5376,Branch_6297,207,1639,109.2896174863388,1
5377,Branch_6298,1638,1639,2000.0,1
5378,Branch_6299,1636,1637,202.42914979757086,1
5379,Branch_6300,1029,1639,141.84397163120568,1
5380,Branch_6302,6055,6058,5.107252298263534,1
5381,Branch_6303,1424,1655,76.51109410864575,1
5382,Branch_6304,1107,1655,66.35700066357,1
5383,Branch_6305,5373,5374,5.423875901719368,1
5384,Branch_6306,792,1549,546.448087431694,1
5385,Branch_6307,809,1549,154.320987654321,1
5386,Branch_6308,1549,1548,11.013215859030836,1
5387,Branch_6309,1549,1552,11.230907457322552,1
5388,Branch_6310,1549,1550,11.013215859030836,1
5389,Branch_6311,1549,1551,11.013215859030836,1
5390,Branch_6312,2964,3868,29.985007496251875,1
5391,Branch_6313,4556,4555,1.763668430335097,1
5392,Branch_6314,3801,4555,52.38344683080147,1
5393,Branch_6315,4204,4555,21.39952921035737,1
5394,Branch_6316,3901,4555,53.61930294906166,1
5395,Branch_6317,9156,9154,8.017960230917256,1
5396,Branch_6318,9156,9155,8.381527114240214,1
5397,Branch_6319,8989,9156,840.3361344537815,1
5398,Branch_6320,2834,2835,5.356473297980609,1
5399,Branch_6321,8557,8556,5.029169181251257,1
5400,Branch_6322,8555,8556,5.537098560354374,1
5401,Branch_6326,8373,8557,33.3889816360601,1
5402,Branch_6327,7869,8556,13.32267519317879,1
5403,Branch_6328,7845,8556,23.245002324500234,1
5404,Branch_6329,8373,8439,3.224454261116306,1
5405,Branch_6330,8555,8557,2000.0,1
5406,Branch_6331,7760,8555,4.290924694271616,1
5407,Branch_6332,8249,8555,76.33587786259542,1
5408,Branch_6333,6974,7109,27.8473962684489,1
5409,Branch_6334,6857,7109,34.19972640218878,1
5410,Branch_6335,7109,7116,154.5595054095827,1
5411,Branch_6336,5577,5657,595.2380952380952,1
5412,Branch_6337,5579,5586,47.48338081671415,1
5413,Branch_6338,5585,5657,2000.0,1
5414,Branch_6341,8833,8966,7.702973347712217,1
5415,Branch_6342,8642,8833,15.076134479119554,1
5416,Branch_6343,9372,9371,15.394088669950738,1
5417,Branch_6344,947,1505,297.6190476190476,1
5418,Branch_6345,1019,1605,155.27950310559007,1
5419,Branch_6346,1009,1019,120.33694344163658,1
5420,Branch_6347,1019,1337,1219.5121951219512,1
5421,Branch_6350,6128,6130,46.51162790697674,1
5422,Branch_6351,6129,6130,-485.43689320388347,1
5423,Branch_6352,6133,6130,8.880994671403197,1
5424,Branch_6353,6128,6131,46.27487274409995,1
5425,Branch_6354,6129,6131,-460.8294930875576,1
5426,Branch_6355,6132,6131,8.881783462119193,1
5427,Branch_6356,6128,6173,40.766408479412966,1
5428,Branch_6357,6128,6370,120.48192771084338,1
5429,Branch_6358,8959,8961,5.197505197505198,1
5430,Branch_6359,8959,8960,5.197505197505198,1
5431,Branch_6360,606,900,159.23566878980893,1
5432,Branch_6361,606,1701,2000.0,1
5433,Branch_6364,970,1313,40.17677782241864,1
5434,Branch_6365,1201,1313,9.872642906506071,1
5435,Branch_6366,1313,1422,64.64124111182934,1
5436,Branch_6370,288,290,129.5336787564767,1
5437,Branch_6371,289,348,77.9423226812159,1
5438,Branch_6372,290,348,384.61538461538464,1
5439,Branch_6373,289,1327,1960.7843137254902,1
5440,Branch_6374,288,817,751.8796992481203,1
5441,Branch_6375,287,289,2000.0,1
5442,Branch_6376,286,288,2000.0,1
5443,Branch_6377,7802,8384,43.63001745200698,1
5444,Branch_6378,6281,6299,17.247326664367023,1
5445,Branch_6379,6217,6281,28.6286859433152,1
5446,Branch_6380,396,766,507.61421319796955,1
5447,Branch_6381,2613,4337,73.74631268436578,1
5448,Branch_6384,727,735,84.10428931875526,1
5449,Branch_6385,717,718,130.3780964797914,1
5450,Branch_6386,717,735,460.8294930875576,1
5451,Branch_6387,715,718,207.0393374741201,1
5452,Branch_6388,715,722,101.21457489878543,1
5453,Branch_6389,722,727,93.02325581395348,1
5454,Branch_6390,700,713,8.009611533840609,1
5455,Branch_6391,714,735,205.3388090349076,1
5456,Branch_6392,714,735,163.3986928104575,1
5457,Branch_6393,716,719,2000.0,1
5458,Branch_6394,716,720,2000.0,1
5459,Branch_6395,718,727,236.4066193853428,1
5460,Branch_6396,722,727,94.6969696969697,1
5461,Branch_6397,718,735,117.096018735363,1
5462,Branch_6398,723,727,1149.4252873563219,1
5463,Branch_6399,724,727,1075.268817204301,1
5464,Branch_6400,725,727,990.0990099009902,1
5465,Branch_6401,726,727,1298.7012987012988,1
5466,Branch_6402,716,736,990.0990099009902,1
5467,Branch_6403,716,721,787.4015748031496,1
5468,Branch_6404,716,734,990.0990099009902,1
5469,Branch_6405,721,738,4.915454187966968,1
5470,Branch_6406,711,738,2.4986257558342913,1
5471,Branch_6407,737,738,4.959087527894868,1
5472,Branch_6409,722,713,5.612302166348636,1
5473,Branch_6410,719,712,5.7231156641675724,1
5474,Branch_6411,720,709,5.76435323956652,1
5475,Branch_6412,723,696,5.14668039114771,1
5476,Branch_6413,724,697,5.14668039114771,1
5477,Branch_6414,725,699,5.137690094533498,1
5478,Branch_6415,726,729,23.668639053254438,1
5479,Branch_6416,714,698,5.515111405250386,1
5480,Branch_6417,714,730,10.799136069114471,1
5481,Branch_6418,728,730,140.64697609001408,1
5482,Branch_6419,731,730,15.59332605644784,1
5483,Branch_6420,347,819,581.3953488372093,1
5484,Branch_6421,347,819,581.3953488372093,1
5485,Branch_6422,5441,5488,106.60980810234541,1
5486,Branch_6423,5791,5790,4.580852038479157,1
5487,Branch_6424,5790,6229,2000.0,1
5488,Branch_6425,5790,6287,85.32423208191126,1
5489,Branch_6426,1577,1584,32.278889606197545,1
5490,Branch_6427,2970,4224,18.311664530305805,1
5491,Branch_6428,819,1190,55.46311702717693,1
5492,Branch_6429,819,1190,55.46311702717693,1
5493,Branch_6431,833,1546,684.931506849315,1
5494,Branch_6432,821,1546,751.8796992481203,1
5495,Branch_6433,710,711,1492.5373134328358,1
5496,Branch_6434,707,737,900.9009009009009,1
5497,Branch_6435,819,834,47.82400765184122,1
5498,Branch_6436,836,834,78.98894154818325,1
5499,Branch_6437,835,834,4.982064567556796,1
5500,Branch_6438,819,826,48.5201358563804,1
5501,Branch_6439,820,826,77.9423226812159,1
5502,Branch_6440,825,826,4.988277547762758,1
5503,Branch_6441,819,827,69.97900629811056,1
5504,Branch_6442,818,827,56.274620146314014,1
5505,Branch_6443,824,827,4.858142246404975,1
5506,Branch_6444,819,829,53.908355795148246,1
5507,Branch_6445,828,829,66.57789613848202,1
5508,Branch_6446,830,829,5.104645227156713,1
5509,Branch_6447,819,822,54.824561403508774,1
5510,Branch_6449,821,822,-390.625,1
5511,Branch_6450,823,822,9.828009828009828,1
5512,Branch_6451,833,831,-243.30900243309003,1
5513,Branch_6452,819,831,54.34782608695652,1
5514,Branch_6453,832,831,10.53518752633797,1
5515,Branch_6454,718,836,2000.0,1
5516,Branch_6455,718,828,2000.0,1
5517,Branch_6456,718,818,2000.0,1
5518,Branch_6457,718,820,2000.0,1
5519,Branch_6459,735,736,66.00660066006601,1
5520,Branch_6460,734,735,2000.0,1
5521,Branch_6461,704,710,7.267441860465116,1
5522,Branch_6462,708,712,40.32258064516129,1
5523,Branch_6463,701,708,9.48316737790422,1
5524,Branch_6464,702,708,9.48316737790422,1
5525,Branch_6465,703,708,9.48316737790422,1
5526,Branch_6466,704,708,9.48316737790422,1
5527,Branch_6467,705,709,10.51967178624027,1
5528,Branch_6468,706,709,11.89767995240928,1
5529,Branch_6469,707,709,11.89767995240928,1
5530,Branch_6470,3549,4224,11.494252873563218,1
5531,Branch_6472,258,1536,1612.9032258064517,1
5532,Branch_6473,258,304,1886.7924528301887,1
5533,Branch_6474,908,1147,303.030303030303,1
5534,Branch_6475,910,1457,564.9717514124294,1
5535,Branch_6476,40,909,27.53303964757709,1
5536,Branch_6477,225,909,25.46473134708429,1
5537,Branch_6478,875,909,18.37897445322551,1
5538,Branch_6479,908,1067,153.1393568147014,1
5539,Branch_6480,910,911,-331.12582781456956,1
5540,Branch_6481,908,911,57.870370370370374,1
5541,Branch_6482,912,911,10.449320794148381,1
5542,Branch_6483,208,1012,285.7142857142857,1
5543,Branch_6484,1012,1044,133.5113484646195,1
5544,Branch_6487,2752,4746,17.768301350390903,1
5545,Branch_6488,2724,4746,1470.5882352941176,1
5546,Branch_6491,8206,8513,5.515719801434087,1
5547,Branch_6492,8212,8513,3.7509377344336086,1
5548,Branch_6493,2336,6390,15.223017202009439,1
5549,Branch_6494,5613,6390,15.812776723592663,1
5550,Branch_6495,637,1038,162.07455429497568,1
5551,Branch_6496,638,1038,164.74464579901152,1
5552,Branch_6497,637,1513,58.10575246949448,1
5553,Branch_6499,7510,7511,110.74197120708749,1
5554,Branch_6501,7507,7508,46.92632566870014,1
5555,Branch_6502,7510,7509,5.787037037037037,1
5556,Branch_6503,7507,7506,5.793742757821553,1
5557,Branch_6504,42,196,55.09641873278237,1
5558,Branch_6505,196,1634,126.10340479192938,1
5559,Branch_6508,153,155,-122.85012285012284,1
5560,Branch_6509,154,155,22.281639928698752,1
5561,Branch_6510,158,155,7.783918424534911,1
5562,Branch_6511,153,156,-129.5336787564767,1
5563,Branch_6512,154,156,16.79261125104954,1
5564,Branch_6513,157,156,6.628222973420826,1
5565,Branch_6514,153,1057,24.752475247524753,1
5566,Branch_6515,153,1422,57.8368999421631,1
5567,Branch_6516,154,644,862.0689655172414,1
5568,Branch_6517,4351,4350,2.1114864864864864,1
5569,Branch_6518,7938,8554,2000.0,1
5570,Branch_6519,7938,8551,2000.0,1
5571,Branch_6520,7938,8549,2000.0,1
5572,Branch_6521,8554,8552,15.105740181268882,1
5573,Branch_6522,8551,8550,15.024038461538462,1
5574,Branch_6523,8549,8553,15.042117930204572,1
5575,Branch_6524,6747,6750,43.89815627743635,1
5576,Branch_6526,6748,7230,5.964451866873434,1
5577,Branch_6527,252,689,793.6507936507936,1
5578,Branch_6528,252,274,363.6363636363636,1
5579,Branch_6529,2310,2309,50.68423720223011,1
5580,Branch_6530,2310,2309,50.68423720223011,1
5581,Branch_6531,216,335,1851.851851851852,1
5582,Branch_6532,1598,1601,2000.0,1
5583,Branch_6533,1598,1600,2000.0,1
5584,Branch_6534,337,1042,490.19607843137254,1
5585,Branch_6535,335,337,393.7007874015748,1
5586,Branch_6536,335,1600,341.29692832764505,1
5587,Branch_6537,336,1042,425.531914893617,1
5588,Branch_6538,335,336,518.1347150259068,1
5589,Branch_6539,335,1601,381.6793893129771,1
5590,Branch_6540,31,336,1369.86301369863,1
5591,Branch_6541,32,337,1298.7012987012988,1
5592,Branch_6542,215,335,1851.851851851852,1
5593,Branch_6543,1598,1599,10.208248264597795,1
5594,Branch_6544,8074,8247,88.65248226950355,1
5595,Branch_6545,7667,8074,34.940600978336825,1
5596,Branch_6548,49,893,277.0083102493075,1
5597,Branch_6549,48,892,346.02076124567475,1
5598,Branch_6550,49,1508,377.35849056603774,1
5599,Branch_6551,47,49,313.47962382445144,1
5600,Branch_6552,46,48,242.13075060532688,1
5601,Branch_6553,48,872,131.06159895150722,1
5602,Branch_6554,5659,5696,31.34796238244514,1
5603,Branch_6555,98,879,42.337002540220155,1
5604,Branch_6556,1736,1955,17.035775127768314,1
5605,Branch_6557,1736,1938,35.51136363636363,1
5606,Branch_6558,1835,1916,66.44518272425249,1
5607,Branch_6559,1835,2511,64.14368184733804,1
5608,Branch_6560,2178,2206,35.00175008750438,1
5609,Branch_6561,1938,2178,28.192839018889202,1
5610,Branch_6562,2326,8367,12.884937508053087,1
5611,Branch_6564,2075,2415,2000.0,1
5612,Branch_6565,1994,2075,69.39625260235947,1
5613,Branch_6566,1994,2075,69.39625260235947,1
5614,Branch_6567,874,976,256.4102564102564,1
5615,Branch_6568,52,1523,273.224043715847,1
5616,Branch_6569,52,809,128.8659793814433,1
5617,Branch_6570,8207,8576,155.76323987538942,1
5618,Branch_6571,8207,8576,173.3102253032929,1
5619,Branch_6572,8338,8337,20.408163265306122,1
5620,Branch_6573,7961,8338,497.5124378109453,1
5621,Branch_6574,8575,8576,2000.0,1
5622,Branch_6575,28,1104,1315.7894736842106,1
5623,Branch_6576,28,1678,116.95906432748538,1
5624,Branch_6578,8622,8621,9.601536245799329,1
5625,Branch_6579,8622,8907,57.37234652897303,1
5626,Branch_6580,8621,8797,9.370314842578711,1
5627,Branch_6581,8621,8796,9.186954524575103,1
5628,Branch_6582,8621,9175,16.716817118020728,1
5629,Branch_6583,5131,5130,19.157088122605366,1
5630,Branch_6584,5944,5946,19.043991620643688,1
5631,Branch_6586,2409,2410,13.176966662274344,1
5632,Branch_6587,2408,2409,2000.0,1
5633,Branch_6589,2436,2435,13.689253935660506,1
5634,Branch_6590,2436,2437,1351.3513513513512,1
5635,Branch_6591,3225,3555,33.82949932341001,1
5636,Branch_6592,502,1312,71.27583749109051,1
5637,Branch_6593,1312,2540,46.468401486988846,1
5638,Branch_6594,6693,7126,704.2253521126761,1
5639,Branch_6595,7126,7124,17.577781683951486,1
5640,Branch_6596,7126,7125,15.482272797646694,1
5641,Branch_6597,6212,6213,2.6688017080330932,1
5642,Branch_6598,8620,8842,2000.0,1
5643,Branch_6599,691,889,227.27272727272728,1
5644,Branch_6600,690,888,220.7505518763797,1
5645,Branch_6601,691,1282,198.80715705765408,1
5646,Branch_6602,690,1283,202.83975659229208,1
5647,Branch_6603,5850,5934,15.271838729383017,1
5648,Branch_6605,5647,5850,3.2618977721238216,1
5649,Branch_6606,5364,5363,2.087246921310791,1
5650,Branch_6607,5365,5363,-55.248618784530386,1
5651,Branch_6608,5366,5363,2.189141856392294,1
5652,Branch_6609,6180,6182,-49.6031746031746,1
5653,Branch_6610,6181,6183,-49.6031746031746,1
5654,Branch_6611,9018,9178,729.92700729927,1
5655,Branch_6612,9018,9346,159.4896331738437,1
5656,Branch_6613,8989,9018,49.97501249375313,1
5657,Branch_6614,8989,9018,49.75124378109453,1
5658,Branch_6615,9013,9018,37.79289493575208,1
5659,Branch_6616,9013,9018,37.79289493575208,1
5660,Branch_6617,5832,5866,1315.7894736842106,1
5661,Branch_6619,1053,1143,26.096033402922757,1
5662,Branch_6620,783,1143,9.683354313934347,1
5663,Branch_6621,7756,8361,4.521613311629589,1
5664,Branch_6623,8360,8449,7.250580046403712,1
5665,Branch_6624,8360,8361,3.186743148502231,1
5666,Branch_6627,195,1418,121.65450121654501,1
5667,Branch_6628,195,454,104.9317943336831,1
5668,Branch_6629,194,257,72.3589001447178,1
5669,Branch_6630,193,195,359.71223021582733,1
5670,Branch_6631,192,194,364.963503649635,1
5671,Branch_6632,194,995,92.85051067780873,1
5672,Branch_6633,2732,4577,104.4932079414838,1
5673,Branch_6634,467,1013,122.24938875305624,1
5674,Branch_6636,467,1686,2000.0,1
5675,Branch_6637,3079,4576,90.57971014492753,1
5676,Branch_6638,3546,4576,28.176951253874332,1
5677,Branch_6639,6559,6558,14.326647564469914,1
5678,Branch_6640,6559,7327,2000.0,1
5679,Branch_6641,9344,9343,16.65278934221482,1
5680,Branch_6642,6454,7074,33.818058843422385,1
5681,Branch_6643,7074,7075,19.398642095053347,1
5682,Branch_6644,6443,7074,2000.0,1
5683,Branch_6645,7179,7180,41.16920543433512,1
5684,Branch_6646,7062,7180,2000.0,1
5685,Branch_6647,7073,7179,56.882821387940844,1
5686,Branch_6648,8087,8091,2000.0,1
5687,Branch_6649,8091,8092,8.671522719389525,1
5688,Branch_6650,7070,7075,14.423770373575653,1
5689,Branch_6651,7075,7076,2.175473709400222,1
5690,Branch_6652,6890,6891,11.856770215793217,1
5691,Branch_6653,3321,4122,9.48676596148373,1
5692,Branch_6654,6709,6890,495.0495049504951,1
5693,Branch_6655,3321,3613,7.651694850409366,1
5694,Branch_6656,3321,8934,5.393743257820928,1
5695,Branch_6657,895,1339,25.393600812595228,1
5696,Branch_6658,5807,5861,28.677946659019213,1
5697,Branch_6659,5688,5807,5.593779716954747,1
5698,Branch_6660,5807,6048,22.79981760145919,1
5699,Branch_6661,7802,7831,50.505050505050505,1
5700,Branch_6662,5401,5403,69.44444444444444,1
5701,Branch_6663,5400,5403,74.01924500370096,1
5702,Branch_6664,5402,5403,4.8016901949486215,1
5703,Branch_6665,6936,7477,54.229934924078094,1
5704,Branch_6666,4937,4936,6.333924499619965,1
5705,Branch_6667,2797,4937,277.0083102493075,1
5706,Branch_6668,5670,5671,10.641694157709907,1
5707,Branch_6669,5670,5774,26.232948583420775,1
5708,Branch_6670,5671,5824,55.21811154058531,1
5709,Branch_6671,3741,4950,2000.0,1
5710,Branch_6672,3741,4950,2000.0,1
5711,Branch_6673,4564,4563,9.182736455463727,1
5712,Branch_6674,4567,4565,35.0754121360926,1
5713,Branch_6675,4563,4565,316.45569620253167,1
5714,Branch_6676,4566,4565,9.606147934678194,1
5715,Branch_6677,8980,8985,63.775510204081634,1
5716,Branch_6678,4186,4470,59.80861244019139,1
5717,Branch_6679,3614,4470,53.56186395286556,1
5718,Branch_6680,8039,8135,478.4688995215311,1
5719,Branch_6681,8135,8136,7.403568520026653,1
5720,Branch_6682,8135,8137,6.993006993006993,1
5721,Branch_6683,8218,8494,60.60606060606061,1
5722,Branch_6684,22,1062,76.51109410864575,1
5723,Branch_6685,751,1062,12.042389210019268,1
5724,Branch_6686,808,1062,89.28571428571429,1
5725,Branch_6687,5072,5413,8.071025020177563,1
5726,Branch_6688,22,1490,4.799155348658636,1
5727,Branch_6692,184,185,7.432181345224824,1
5728,Branch_6694,1418,1419,2000.0,1
5729,Branch_6695,1293,1421,91.99632014719411,1
5730,Branch_6696,1006,1421,182.14936247723134,1
5731,Branch_6697,1008,1417,175.7469244288225,1
5732,Branch_6698,8012,8045,425.531914893617,1
5733,Branch_6699,8045,8046,9.152480322167307,1
5734,Branch_6700,8045,8047,9.063717937097797,1
5735,Branch_6701,1419,1627,63.371356147021544,1
5736,Branch_6702,1416,1421,2000.0,1
5737,Branch_6703,1417,1420,2000.0,1
5738,Branch_6704,1415,1419,2000.0,1
5739,Branch_6705,1101,1418,50.0751126690035,1
5740,Branch_6706,3647,5032,26.35740643120717,1
5741,Branch_6707,5133,5257,2000.0,1
5742,Branch_6708,3885,3887,46.57661853749418,1
5743,Branch_6709,3883,3887,-478.4688995215311,1
5744,Branch_6710,3888,3887,8.92379082634303,1
5745,Branch_6711,3885,3886,826.4462809917355,1
5746,Branch_6712,3883,3886,45.47521600727603,1
5747,Branch_6713,3884,3886,23.51834430856068,1
5748,Branch_6714,5272,5457,19.18281220026856,1
5749,Branch_6715,7751,7866,210.9704641350211,1
5750,Branch_6716,7751,7990,11.154489682097044,1
5751,Branch_6717,454,948,39.52569169960474,1
5752,Branch_6718,6363,6362,4.231550440081246,1
5753,Branch_6719,6129,6363,302.11480362537765,1
5754,Branch_6720,2920,4419,60.024009603841534,1
5755,Branch_6721,2920,4677,11.75226231049477,1
5756,Branch_6722,4419,4778,680.2721088435375,1
5757,Branch_6723,6163,6297,200.80321285140562,1
5758,Branch_6724,6295,6297,70.92198581560284,1
5759,Branch_6726,4750,8995,2000.0,1
5760,Branch_6727,4750,4751,33.95585738539898,1
5761,Branch_6728,4127,4550,104.16666666666667,1
5762,Branch_6729,5314,5397,2000.0,1
5763,Branch_6730,5726,5903,16.276041666666668,1
5764,Branch_6732,5726,6161,4.8718698236383124,1
5765,Branch_6734,274,689,473.93364928909955,1
5766,Branch_6735,7735,8275,74.07407407407408,1
5767,Branch_6736,7735,7755,198.80715705765408,1
5768,Branch_6737,7736,8128,27.48763056624519,1
5769,Branch_6738,7736,8461,7.456009543692216,1
5770,Branch_6739,7871,8250,40.93327875562833,1
5771,Branch_6740,7989,8250,41.999160016799664,1
5772,Branch_6741,7961,8207,23.337222870478413,1
5773,Branch_6742,6075,6074,6.5359477124183005,1
5774,Branch_6743,6074,6075,9.950248756218906,1
5775,Branch_6744,5935,6075,87.03220191470844,1
5776,Branch_6745,5636,6074,6.014675808973896,1
5777,Branch_6746,6961,7219,12.007684918347742,1
5778,Branch_6747,7117,7219,22.099447513812155,1
5779,Branch_6748,6184,7219,26.281208935611037,1
5780,Branch_6749,411,1066,44.150110375275936,1
5781,Branch_6750,8678,8806,9.902951079421667,1
5782,Branch_6751,6732,6825,9.91768322919766,1
5783,Branch_6752,6825,7001,13.317352510320948,1
5784,Branch_6753,8625,8678,22.36636099306643,1
5785,Branch_6755,2673,4786,2000.0,1
5786,Branch_6756,4535,4786,2000.0,1
5787,Branch_6757,2739,4786,15.105740181268882,1
5788,Branch_6758,2807,2808,6.104633416763323,1
5789,Branch_6759,2807,2809,14.70155836518671,1
5790,Branch_6760,71,1056,245.09803921568627,1
5791,Branch_6761,71,644,1562.5,1
5792,Branch_6762,71,1002,125.15644555694618,1
5793,Branch_6763,3654,3656,33.32222592469177,1
5794,Branch_6764,3654,3655,33.32222592469177,1
5795,Branch_6765,866,1536,1694.915254237288,1
5796,Branch_6767,293,544,657.8947368421053,1
5797,Branch_6768,875,1474,24.73410833539451,1
5798,Branch_6769,875,1474,22.593764121102577,1
5799,Branch_6770,7918,7957,25.201612903225808,1
5800,Branch_6771,7438,7439,16.4257555847569,1
5801,Branch_6772,7438,7440,16.4257555847569,1
5802,Branch_6773,6541,7438,2000.0,1
5803,Branch_6774,5501,5543,23.980815347721823,1
5804,Branch_6775,7,97,100.10010010010011,1
5805,Branch_6778,7,1105,226.2443438914027,1
5806,Branch_6781,2909,8745,500.0,1
5807,Branch_6783,4671,4673,46.62004662004662,1
5808,Branch_6784,4672,4673,-473.93364928909955,1
5809,Branch_6785,4674,4673,8.992805755395684,1
5810,Branch_6786,4671,4675,46.59832246039143,1
5811,Branch_6787,4672,4675,-476.1904761904762,1
5812,Branch_6788,4676,4675,8.958165367732688,1
5813,Branch_6799,7879,7878,5.55926173004225,1
5814,Branch_6800,7836,7835,6.802721088435374,1
5815,Branch_6801,6436,6701,735.2941176470588,1
5816,Branch_6802,743,1505,73.20644216691069,1
5817,Branch_6803,1505,1501,12.373174956693887,1
5818,Branch_6804,1505,1501,8.788118463836893,1
5819,Branch_6805,1505,1501,9.479571523367143,1
5820,Branch_6806,1503,1493,4.563917666925288,1
5821,Branch_6807,1503,1494,4.563917666925288,1
5822,Branch_6808,1503,1495,4.558716265499635,1
5823,Branch_6809,1500,1498,12.379301807378065,1
5824,Branch_6810,1504,1502,13.672409078479628,1
5825,Branch_6811,1499,1496,2.39652982481367,1
5826,Branch_6812,1500,1496,3.150896430034345,1
5827,Branch_6813,1500,1496,3.108486167236556,1
5828,Branch_6814,1499,1497,1.9764017629503725,1
5829,Branch_6815,1499,1497,1.9764017629503725,1
5830,Branch_6816,1499,1497,2.0027638140634076,1
5831,Branch_6817,1499,1497,2.0298386278290876,1
5832,Branch_6818,5496,5497,26.63115845539281,1
5833,Branch_6819,5497,5498,43.10344827586207,1
5834,Branch_6820,5497,5513,41.16920543433512,1
5835,Branch_6821,5209,5361,2000.0,1
5836,Branch_6823,7550,7554,46.2962962962963,1
5837,Branch_6824,7549,7554,-458.7155963302752,1
5838,Branch_6825,7552,7554,8.933357155619081,1
5839,Branch_6826,7551,7555,46.2962962962963,1
5840,Branch_6827,7549,7555,-458.7155963302752,1
5841,Branch_6828,7553,7555,8.933357155619081,1
5842,Branch_6829,1180,1529,215.9827213822894,1
5843,Branch_6830,1251,1529,571.4285714285714,1
5844,Branch_6831,862,1529,2000.0,1
5845,Branch_6833,2376,2375,10.018032458425166,1
5846,Branch_6834,2370,2376,2000.0,1
5847,Branch_6836,7817,8451,63.05170239596469,1
5848,Branch_6837,2437,2477,2000.0,1
5849,Branch_6838,2320,2477,50.607287449392715,1
5850,Branch_6839,1902,2477,112.99435028248588,1
5851,Branch_6840,1723,2477,53.821313240043054,1
5852,Branch_6841,2340,2477,19.029495718363464,1
5853,Branch_6842,1795,2061,19.654088050314467,1
5854,Branch_6843,1795,1885,20.554984583761563,1
5855,Branch_6844,2040,2061,15.693659761456372,1
5856,Branch_6845,1734,2593,145.5604075691412,1
5857,Branch_6846,1734,2561,1694.915254237288,1
5858,Branch_6847,1734,2561,1449.2753623188405,1
5859,Branch_6848,1734,2035,294.11764705882354,1
5860,Branch_6849,1995,2320,24.919013207077,1
5861,Branch_6853,3399,4586,2000.0,1
5862,Branch_6854,3399,4582,232.0185614849188,1
5863,Branch_6855,8069,8300,26.469031233456857,1
5864,Branch_6856,8269,8300,54.34782608695652,1
5865,Branch_6857,8508,8511,1.2196311835301006,1
5866,Branch_6858,8508,8510,1.2225536701061177,1
5867,Branch_6859,8508,8509,1.2226284065483977,1
5868,Branch_6860,8300,8508,48.33252779120348,1
5869,Branch_6861,8300,8508,48.33252779120348,1
5870,Branch_6862,8202,8203,9.165902841429881,1
5871,Branch_6863,8203,8438,12.399256044637323,1
5872,Branch_6864,8202,8246,5.347307630607989,1
5873,Branch_6865,8203,8383,10.855405992184108,1
5874,Branch_6866,8202,8204,662.2516556291391,1
5875,Branch_6867,8204,8205,168.35016835016836,1
5876,Branch_6868,2613,3187,73.52941176470588,1
5877,Branch_6869,3187,4588,30.303030303030305,1
5878,Branch_6870,36,1280,166.66666666666666,1
5879,Branch_6871,8239,8460,6.6970265202250205,1
5880,Branch_6872,786,8460,4.5551860793513415,1
5881,Branch_6873,36,1338,421.9409282700422,1
5882,Branch_6874,7044,7267,87.48906386701663,1
5883,Branch_6878,5491,5518,2000.0,1
5884,Branch_6879,754,1303,26.75943270002676,1
5885,Branch_6880,1303,1710,77.9423226812159,1
5886,Branch_6881,592,1303,2000.0,1
5887,Branch_6882,972,1303,145.1378809869376,1
5888,Branch_6883,906,1303,625.0,1
5889,Branch_6884,3784,3785,6.079027355623101,1
5890,Branch_6885,17,1148,47.43833017077799,1
5891,Branch_6887,17,811,46.18937644341801,1
5892,Branch_6888,6960,6981,37.5234521575985,1
5893,Branch_6889,209,1033,216.91973969631238,1
5894,Branch_6890,209,1659,106.83760683760684,1
5895,Branch_6892,360,361,2000.0,1
5896,Branch_6893,360,359,13.106159895150721,1
5897,Branch_6897,4972,4973,10.60220525869381,1
5898,Branch_6898,4972,4974,10.501995379122032,1
5899,Branch_6899,6190,6193,18.315018315018314,1
5900,Branch_6900,6188,6191,15.28117359413203,1
5901,Branch_6901,6189,6192,15.377518068583731,1
5902,Branch_6902,6254,6253,10.002000400080016,1
5903,Branch_6903,5618,5791,216.45021645021646,1
5904,Branch_6904,5618,5858,5.443658138268916,1
5905,Branch_6905,5618,5963,3.5486160397444997,1
5906,Branch_6906,5359,5360,72.41129616220131,1
5907,Branch_6907,5357,5360,72.41129616220131,1
5908,Branch_6908,5358,5360,-72.41129616220131,1
5909,Branch_6909,3689,3687,12.363996043521267,1
5910,Branch_6910,6172,6312,94.5179584120983,1
5911,Branch_6911,6312,6370,176.3668430335097,1
5912,Branch_6912,4970,4971,12.009126936471718,1
5913,Branch_6913,4948,4970,321.54340836012864,1
5914,Branch_6917,6095,6096,2000.0,1
5915,Branch_6918,4605,6097,847.457627118644,1
5916,Branch_6919,5000,4998,15.420200462606013,1
5917,Branch_6920,5000,4999,8.862105636299185,1
5918,Branch_6921,5000,5001,16.803898504453034,1
5919,Branch_6922,2547,2546,3.486750348675035,1
5920,Branch_6923,3822,3868,66.75567423230974,1
5921,Branch_6924,6599,6598,17.24435247456458,1
5922,Branch_6925,6599,6598,17.24435247456458,1
5923,Branch_6926,6598,6601,7.754943776657619,1
5924,Branch_6927,6598,6602,7.814942169427947,1
5925,Branch_6928,6598,6600,7.754943776657619,1
5926,Branch_6929,8818,8996,8.091269520187717,1
5927,Branch_6931,8982,8996,15.482272797646694,1
5928,Branch_6933,7479,7478,7.767593599502874,1
5929,Branch_6934,4333,4334,4.492362982929021,1
5930,Branch_6936,6250,6251,8.031483414986749,1
5931,Branch_6937,6250,6252,8.065817067268915,1
5932,Branch_6938,6129,6250,45.78754578754579,1
5933,Branch_6939,189,754,196.8503937007874,1
5934,Branch_6940,754,854,54.525627044711015,1
5935,Branch_6941,754,855,55.46311702717693,1
5936,Branch_6942,754,1486,30.816640986132512,1
5937,Branch_6943,754,1085,54.17118093174431,1
5938,Branch_6944,309,308,14.291839359725596,1
5939,Branch_6946,855,1654,57.93742757821553,1
5940,Branch_6948,9178,9179,13.368983957219251,1
5941,Branch_6949,9178,9180,13.502565487442615,1
5942,Branch_6950,1579,1582,12.95001295001295,1
5943,Branch_6951,1579,1583,12.916559028674762,1
5944,Branch_6952,1579,1580,5.313496280552604,1
5945,Branch_6953,1579,1581,5.353319057815845,1
5946,Branch_6954,1574,1569,10.721561059290233,1
5947,Branch_6955,1574,1567,10.81665765278529,1
5948,Branch_6956,1574,1566,10.616838305552607,1
5949,Branch_6957,1574,1568,10.763104079216445,1
5950,Branch_6958,1574,1570,10.626992561105208,1
5951,Branch_6959,1574,1565,5.394616173059287,1
5952,Branch_6960,1574,1573,9.230201218386561,1
5953,Branch_6961,1574,1572,7.763372408974458,1
5954,Branch_6962,1574,1564,12.936610608020699,1
5955,Branch_6963,1576,1571,9.685230024213075,1
5956,Branch_6964,1575,1571,9.933445912387008,1
5957,Branch_6965,1571,1593,26.31578947368421,1
5958,Branch_6966,1563,1593,3.067484662576687,1
5959,Branch_6967,1563,1593,3.058103975535168,1
5960,Branch_6968,1587,1588,10.001000100010002,1
5961,Branch_6969,1586,1588,10.001000100010002,1
5962,Branch_6970,1588,1589,5.000250012500625,1
5963,Branch_6971,1588,1590,12.048192771084338,1
5964,Branch_6972,1588,1591,12.048192771084338,1
5965,Branch_6973,1571,1592,11.574074074074074,1
5966,Branch_6974,1578,1592,5.87820362097343,1
5967,Branch_6975,1585,1592,5.906325674797708,1
5968,Branch_6976,1321,1571,102.56410256410257,1
5969,Branch_6977,741,1571,21.427040925648168,1
5970,Branch_6978,6955,6958,50.25125628140704,1
5971,Branch_6979,3578,3580,46.57661853749418,1
5972,Branch_6980,3577,3580,-480.7692307692308,1
5973,Branch_6981,3579,3580,9.01144453455889,1
5974,Branch_6982,5878,6079,1818.1818181818182,1
5975,Branch_6983,5646,6079,6.421782686873876,1
5976,Branch_6984,3399,4184,333.3333333333333,1
5977,Branch_6985,214,650,4.84027105517909,1
5978,Branch_6986,4184,4646,384.61538461538464,1
5979,Branch_6987,189,605,55.80357142857143,1
5980,Branch_6988,259,1329,60.93845216331505,1
5981,Branch_6989,6936,7547,2000.0,1
5982,Branch_6991,7927,7926,16.005121638924457,1
5983,Branch_6992,7924,7926,384.61538461538464,1
5984,Branch_6993,7925,7926,39.43217665615142,1
5985,Branch_6994,7925,8330,54.7645125958379,1
5986,Branch_6995,7925,8330,54.7645125958379,1
5987,Branch_6996,8952,9129,58.78894767783657,1
5988,Branch_6997,9129,9314,74.46016381236039,1
5989,Branch_6998,8119,8117,10.529640939243972,1
5990,Branch_6999,8119,8118,10.529640939243972,1
5991,Branch_7000,8111,8119,454.54545454545456,1
5992,Branch_7001,4229,4509,68.72852233676976,1
5993,Branch_7002,4511,4509,6.031363088057901,1
5994,Branch_7003,4510,4509,5.0208364713561275,1
5995,Branch_7004,2958,4510,17.7999288002848,1
5996,Branch_7005,3158,4509,25.131942699170647,1
5997,Branch_7006,1833,2126,61.95786864931846,1
5998,Branch_7007,2042,2044,59.523809523809526,1
5999,Branch_7008,2042,2043,43.89815627743635,1
6000,Branch_7009,2480,2481,40.600893219650835,1
6001,Branch_7010,8213,8486,90.33423667570008,1
6002,Branch_7011,358,850,134.77088948787062,1
6003,Branch_7013,77,850,165.8374792703151,1
6004,Branch_7014,1459,1460,5.720823798627002,1
6005,Branch_7015,2032,2100,66.35700066357,1
6006,Branch_7016,5062,5060,14.57301078402798,1
6007,Branch_7017,5062,5063,14.57301078402798,1
6008,Branch_7018,5062,5061,15.6128024980484,1
6009,Branch_7019,5057,5056,14.330753797649756,1
6010,Branch_7020,5057,5058,14.3000143000143,1
6011,Branch_7021,5057,5059,15.5448468832582,1
6012,Branch_7022,5927,5926,3.5855145213338115,1
6013,Branch_7023,5746,5775,7.548309178743962,1
6014,Branch_7024,8372,8375,7.224389539083948,1
6015,Branch_7025,7668,8375,1.1098163253981466,1
6016,Branch_7026,7659,8375,2.355601620653915,1
6017,Branch_7027,7686,8262,1.6270745200130166,1
6018,Branch_7028,5306,5370,124.84394506866417,1
6019,Branch_7029,6785,6960,18.618506795754982,1
6020,Branch_7030,6960,6961,7.110858280594468,1
6021,Branch_7031,7928,8364,5.151187348683871,1
6022,Branch_7032,5610,5777,1.6984272563606102,1
6023,Branch_7033,8303,8371,3.250975292587776,1
6024,Branch_7034,1056,1359,141.44271570014143,1
6025,Branch_7035,3600,3606,12.169891687963977,1
6026,Branch_7036,3600,3605,12.192148256522799,1
6027,Branch_7037,3600,3601,12.169891687963977,1
6028,Branch_7038,3603,3609,12.112403100775193,1
6029,Branch_7039,3603,3608,12.19958521410272,1
6030,Branch_7040,3603,3604,12.135922330097088,1
6031,Branch_7041,3600,3602,27.878449958182326,1
6032,Branch_7042,3603,3607,27.808676307007786,1
6033,Branch_7043,2961,3489,2000.0,1
6034,Branch_7045,8664,8751,48.59086491739553,1
6035,Branch_7046,7776,7854,47.37091425864519,1
6036,Branch_7047,7776,8214,40.22526146419952,1
6037,Branch_7048,7776,8157,251.88916876574308,1
6038,Branch_7049,7776,8155,251.88916876574308,1
6039,Branch_7050,7776,8156,251.88916876574308,1
6040,Branch_7051,8154,8157,14.36988072998994,1
6041,Branch_7052,8153,8155,13.904338153503893,1
6042,Branch_7053,8152,8156,13.827433628318584,1
6043,Branch_7054,5775,5923,5.406282099799967,1
6044,Branch_7055,5775,5876,1.9062869343093523,1
6045,Branch_7056,6425,6426,2000.0,1
6046,Branch_7057,2682,4241,31.240237425804438,1
6047,Branch_7058,3178,4009,82.57638315441784,1
6048,Branch_7059,3732,3905,31.055900621118013,1
6049,Branch_7060,2642,3747,13.35291761249833,1
6050,Branch_7061,9355,9353,16.655562958027982,1
6051,Branch_7062,9355,9354,16.655562958027982,1
6052,Branch_7063,14,296,225.22522522522522,1
6053,Branch_7064,15,295,225.22522522522522,1
6054,Branch_7068,296,297,2000.0,1
6055,Branch_7069,295,298,2000.0,1
6056,Branch_7070,243,296,110.49723756906077,1
6057,Branch_7071,243,295,110.13215859030836,1
6058,Branch_7072,135,1424,103.62694300518135,1
6059,Branch_7073,8781,8782,54.112554112554115,1
6060,Branch_7074,8780,8782,101.9367991845056,1
6061,Branch_7075,8783,8782,6.914194842010648,1
6062,Branch_7076,6059,6156,2000.0,1
6063,Branch_7077,6059,6346,25.4000508001016,1
6064,Branch_7078,5854,6059,88.41732979664015,1
6065,Branch_7081,6766,6765,5.887894488930758,1
6066,Branch_7082,6765,6776,9.92950054612253,1
6067,Branch_7083,6640,6766,14.351320321469576,1
6068,Branch_7084,5995,6144,69.25207756232687,1
6069,Branch_7085,5692,6211,73.04601899196494,1
6070,Branch_7086,5678,5693,53.648068669527895,1
6071,Branch_7087,5692,5693,2000.0,1
6072,Branch_7088,5102,5412,2000.0,1
6073,Branch_7089,5412,5410,42.24757076468103,1
6074,Branch_7090,5412,5411,42.24757076468103,1
6075,Branch_7091,5412,5409,42.24757076468103,1
6076,Branch_7092,5412,5408,75.7002271006813,1
6077,Branch_7093,6883,6882,7.523888345496953,1
6078,Branch_7094,6882,7195,9.609840476648088,1
6079,Branch_7095,6421,6882,12.493753123438282,1
6080,Branch_7096,6936,7194,17.01258931609391,1
6081,Branch_7097,2696,2695,12.750223128904755,1
6082,Branch_7098,2696,2699,183.4862385321101,1
6083,Branch_7099,4362,4708,122.85012285012284,1
6084,Branch_7100,917,938,50.70993914807302,1
6085,Branch_7101,801,918,51.94805194805195,1
6086,Branch_7102,918,919,2000.0,1
6087,Branch_7103,917,1028,96.15384615384616,1
6088,Branch_7104,813,917,35.1000351000351,1
6089,Branch_7105,7645,8453,27.51031636863824,1
6090,Branch_7107,581,605,88.49557522123894,1
6091,Branch_7110,361,1200,1818.1818181818182,1
6092,Branch_7111,7843,7924,12.49843769528809,1
6093,Branch_7112,6528,6527,9.901970492127933,1
6094,Branch_7113,6528,6536,2000.0,1
6095,Branch_7114,1464,1614,28.256569652444192,1
6096,Branch_7115,1462,1464,117.37089201877934,1
6097,Branch_7116,1463,1465,118.48341232227489,1
6098,Branch_7117,989,1464,144.92753623188406,1
6099,Branch_7118,989,1465,144.3001443001443,1
6100,Branch_7119,854,1166,47.68717215069147,1
6101,Branch_7120,374,1166,86.20689655172414,1
6102,Branch_7121,2078,2593,61.652281134401974,1
6103,Branch_7122,2374,2593,43.196544276457885,1
6104,Branch_7123,21,1171,70.92198581560284,1
6105,Branch_7124,299,839,175.43859649122808,1
6106,Branch_7125,839,878,77.45933384972889,1
6107,Branch_7126,878,1423,89.04719501335708,1
6108,Branch_7127,1231,1423,35.373187124159884,1
6109,Branch_7128,974,1171,59.523809523809526,1
6110,Branch_7129,746,1392,17.88908765652952,1
6111,Branch_7130,1173,1300,25.374270489723422,1
6112,Branch_7131,887,1173,31.94888178913738,1
6113,Branch_7132,1300,1392,285.7142857142857,1
6114,Branch_7133,800,1279,366.3003663003663,1
6115,Branch_7134,758,1485,507.61421319796955,1
6116,Branch_7135,190,1485,77.88161993769471,1
6117,Branch_7136,758,1613,352.11267605633805,1
6118,Branch_7137,1306,1613,352.11267605633805,1
6119,Branch_7138,800,1485,568.1818181818181,1
6120,Branch_7139,1218,1485,93.02325581395348,1
6121,Branch_7140,1219,1485,93.98496240601504,1
6122,Branch_7141,419,948,14.757969303423849,1
6123,Branch_7142,419,1279,92.42144177449168,1
6124,Branch_7143,800,1279,185.1851851851852,1
6125,Branch_7144,800,898,1562.5,1
6126,Branch_7145,898,1306,86.35578583765113,1
6127,Branch_7146,419,948,14.723203769140165,1
6128,Branch_7147,419,974,228.83295194508008,1
6129,Branch_7148,974,1279,108.69565217391305,1
6130,Branch_7149,383,948,86.80555555555556,1
6131,Branch_7150,21,383,79.87220447284345,1
6132,Branch_7152,1300,1344,35.62522265764161,1
6133,Branch_7153,1740,1910,263.1578947368421,1
6134,Branch_7154,1740,1879,144.0922190201729,1
6135,Branch_7155,2010,2416,99.2063492063492,1
6136,Branch_7156,2362,2416,133.86880856760374,1
6137,Branch_7157,852,1350,49.26108374384236,1
6138,Branch_7158,45,1350,54.34782608695652,1
6139,Branch_7159,188,1350,925.925925925926,1
6140,Branch_7160,34,1373,279.3296089385475,1
6141,Branch_7161,34,1326,246.30541871921181,1
6142,Branch_7162,45,1305,67.47638326585695,1
6143,Branch_7163,45,261,192.67822736030828,1
6144,Branch_7164,260,261,454.54545454545456,1
6145,Branch_7165,260,1281,454.54545454545456,1
6146,Branch_7166,93,260,2000.0,1
6147,Branch_7167,1305,1326,67.56756756756756,1
6148,Branch_7168,1326,1648,58.51375073142189,1
6149,Branch_7169,1210,1648,60.31363088057901,1
6150,Branch_7170,1278,1353,26.041666666666668,1
6151,Branch_7171,1210,1353,61.652281134401974,1
6152,Branch_7172,837,1353,31.979533098816756,1
6153,Branch_7173,1314,1373,257.7319587628866,1
6154,Branch_7174,1278,1314,18.115942028985508,1
6155,Branch_7175,1210,1314,143.47202295552367,1
6156,Branch_7176,837,1278,16.31055292774425,1
6157,Branch_7177,181,1278,110.49723756906077,1
6158,Branch_7178,181,1425,93.45794392523365,1
6159,Branch_7179,852,1558,56.78591709256104,1
6160,Branch_7180,1535,1558,510.2040816326531,1
6161,Branch_7181,852,1425,42.42681374628766,1
6162,Branch_7182,1063,1172,23.457658925639223,1
6163,Branch_7183,1172,1644,78.36990595611286,1
6164,Branch_7184,16,1644,11.771630370806356,1
6165,Branch_7185,16,300,137.7410468319559,1
6166,Branch_7186,1210,1611,105.9322033898305,1
6167,Branch_7187,1345,1458,454.54545454545456,1
6168,Branch_7188,30,1458,704.2253521126761,1
6169,Branch_7189,30,1316,95.60229445506693,1
6170,Branch_7192,1210,1611,90.00900090009002,1
6171,Branch_7193,2588,2589,3.5855145213338115,1
6172,Branch_7194,190,948,76.4525993883792,1
6173,Branch_7195,8618,8626,13.119916032537391,1
6174,Branch_7196,8618,8798,9.980039920159681,1
6175,Branch_7197,6353,6354,15.832805573147562,1
6176,Branch_7198,6353,6355,6.892748828232699,1
6177,Branch_7199,6316,6353,2000.0,1
6178,Branch_7200,544,546,2000.0,1
6179,Branch_7201,262,544,11.67269756040621,1
6180,Branch_7202,453,452,6.70510929328148,1
6181,Branch_7203,7961,8454,114.41647597254004,1
6182,Branch_7204,1065,1487,18.214936247723134,1
6183,Branch_7205,1140,1487,25.012506253126563,1
6184,Branch_7206,2531,2532,32.32062055591467,1
6185,Branch_7207,2531,2532,32.701111837802486,1
6186,Branch_7208,402,902,213.21961620469082,1
6187,Branch_7209,8398,8399,9.090909090909092,1
6188,Branch_7210,7876,8399,23.860653781913623,1
6189,Branch_7211,8398,8478,10.629251700680273,1
6190,Branch_7212,8269,8399,14.766686355581808,1
6191,Branch_7216,1921,2532,2000.0,1
6192,Branch_7217,1921,2532,2000.0,1
6193,Branch_7218,7718,7722,104.82180293501048,1
6194,Branch_7219,7722,8210,41.339396444811904,1
6195,Branch_7220,7722,8385,40.11231448054553,1
6196,Branch_7221,7719,8582,105.26315789473684,1
6197,Branch_7222,7953,8582,17.6056338028169,1
6198,Branch_7223,8370,8582,79.23930269413628,1
6199,Branch_7224,7718,7720,2000.0,1
6200,Branch_7225,3732,4619,8.547008547008547,1
6201,Branch_7229,9036,9140,178.57142857142858,1
6202,Branch_7230,760,1516,135.13513513513513,1
6203,Branch_7231,759,1516,113.37868480725623,1
6204,Branch_7232,759,936,23.82654276864427,1
6205,Branch_7233,759,899,72.46376811594203,1
6206,Branch_7234,760,761,2000.0,1
6207,Branch_7235,760,989,9.686168151879116,1
6208,Branch_7236,1148,1151,23.803856224708404,1
6209,Branch_7237,1151,1153,2000.0,1
6210,Branch_7240,864,1150,8.690362388111584,1
6211,Branch_7241,1147,1630,263.85224274406335,1
6212,Branch_7242,1147,1630,263.85224274406335,1
6213,Branch_7243,654,1151,70.0280112044818,1
6214,Branch_7244,652,1148,70.17543859649123,1
6215,Branch_7245,1154,1457,45.02476361999099,1
6216,Branch_7246,1154,1192,56.40157924421884,1
6217,Branch_7247,33,1151,77.51937984496124,1
6218,Branch_7248,1151,1664,390.625,1
6219,Branch_7249,1151,1665,398.40637450199205,1
6220,Branch_7250,1067,1147,304.8780487804878,1
6221,Branch_7252,973,1151,74.57121551081282,1
6222,Branch_7253,1154,1251,105.3740779768177,1
6223,Branch_7254,1148,1252,107.87486515641855,1
6224,Branch_7255,1150,1232,10.978153474585575,1
6225,Branch_7257,1147,1159,101.7293997965412,1
6226,Branch_7259,1148,1159,211.41649048625794,1
6227,Branch_7260,1162,1159,12.026458208057727,1
6228,Branch_7261,1147,1160,54.614964500273075,1
6229,Branch_7263,1154,1160,-248.75621890547265,1
6230,Branch_7264,1163,1160,10.580890911014707,1
6231,Branch_7265,1150,1161,13.252054068380598,1
6232,Branch_7266,1154,1161,-25.284450063211125,1
6233,Branch_7267,1164,1161,3.372795035245708,1
6234,Branch_7268,1152,1144,6.527415143603133,1
6235,Branch_7269,1158,1144,6.559958016268696,1
6236,Branch_7270,1153,1144,136.986301369863,1
6237,Branch_7271,1157,1145,5.02411575562701,1
6238,Branch_7272,1146,1145,5.094762584063583,1
6239,Branch_7273,1153,1145,-27.070925825663238,1
6240,Branch_7274,1155,1149,5.024368185700648,1
6241,Branch_7275,1156,1149,5.111690436027194,1
6242,Branch_7276,1153,1149,-29.086678301337987,1
6243,Branch_7277,8221,8379,56.40157924421884,1
6244,Branch_7278,8017,8040,2000.0,1
6245,Branch_7279,8017,8041,2000.0,1
6246,Branch_7280,8017,8042,1666.6666666666667,1
6247,Branch_7281,8017,8043,1666.6666666666667,1
6248,Branch_7282,5168,5265,102.35414534288638,1
6249,Branch_7284,3473,3895,99.60159362549801,1
6250,Branch_7285,8767,8793,40.783034257748774,1
6251,Branch_7286,3567,4397,47.66444232602478,1
6252,Branch_7287,2170,2344,152.9051987767584,1
6253,Branch_7288,2344,2540,39.714058776806986,1
6254,Branch_7289,7857,8395,16.142050040355127,1
6255,Branch_7290,8395,8394,17.31301939058172,1
6256,Branch_7291,7717,8394,39.21568627450981,1
6257,Branch_7292,4469,4473,8.021819348628268,1
6258,Branch_7293,8377,8394,49.382716049382715,1
6259,Branch_7294,7713,8395,61.34969325153374,1
6260,Branch_7295,7717,8258,8.361204013377927,1
6261,Branch_7296,13,14,84.45945945945945,1
6262,Branch_7297,12,15,84.10428931875526,1
6263,Branch_7298,15,457,68.58710562414267,1
6264,Branch_7300,212,867,48.99559039686428,1
6265,Branch_7301,212,507,105.04201680672269,1
6266,Branch_7302,213,507,53.07855626326964,1
6267,Branch_7303,210,212,56.49717514124294,1
6268,Branch_7304,211,213,142.45014245014244,1
6269,Branch_7305,7930,8017,89.76660682226212,1
6270,Branch_7306,8017,8259,106.38297872340425,1
6271,Branch_7307,5168,5172,28.735632183908045,1
6272,Branch_7308,5167,5172,-120.48192771084338,1
6273,Branch_7309,5169,5172,4.477077363896848,1
6274,Branch_7310,5168,5173,31.436655139893116,1
6275,Branch_7311,5167,5173,-546.448087431694,1
6276,Branch_7312,5174,5173,9.991008092716555,1
6277,Branch_7313,5168,5171,30.693677102516883,1
6278,Branch_7314,5167,5171,-381.6793893129771,1
6279,Branch_7315,5170,5171,10.903936321011885,1
6280,Branch_7316,5167,5244,173.61111111111111,1
6281,Branch_7317,3462,5168,30.656039239730227,1
6282,Branch_7318,3462,5168,30.571690614490983,1
6283,Branch_7319,1713,1711,12.504689258471927,1
6284,Branch_7320,1713,1712,12.408487405385284,1
6285,Branch_7321,1713,1714,34.02517863218782,1
6286,Branch_7322,2432,2431,9.032607713846987,1
6287,Branch_7323,2372,2432,2000.0,1
6288,Branch_7324,7794,8391,110.13215859030836,1
6289,Branch_7325,7794,8391,110.01100110011001,1
6290,Branch_7326,7794,7834,41.49377593360996,1
6291,Branch_7327,7794,8505,57.37234652897303,1
6292,Branch_7328,7794,8506,38.328861632809506,1
6293,Branch_7329,7794,7795,2000.0,1
6294,Branch_7330,7794,7796,2000.0,1
6295,Branch_7331,7794,7877,67.24949562878278,1
6296,Branch_7332,1873,2355,2000.0,1
6297,Branch_7333,1873,2355,2000.0,1
6298,Branch_7334,1874,1875,57.77007510109763,1
6299,Branch_7335,1873,1875,-746.2686567164179,1
6300,Branch_7336,1878,1875,6.9993700566948975,1
6301,Branch_7337,1874,1876,56.433408577878104,1
6302,Branch_7338,1873,1876,-584.7953216374269,1
6303,Branch_7339,1877,1876,6.675567423230975,1
6304,Branch_7340,5922,5924,4.84824978182876,1
6305,Branch_7341,7954,8431,4.988775255674732,1
6306,Branch_7342,8729,9097,1587.3015873015872,1
6307,Branch_7343,8788,8966,51.41388174807198,1
6308,Branch_7344,8806,8966,3.8797284190106693,1
6309,Branch_7345,6549,7561,2000.0,1
6310,Branch_7346,6520,7561,211.41649048625794,1
6311,Branch_7347,6521,7561,1785.7142857142858,1
6312,Branch_7348,6521,7602,2000.0,1
6313,Branch_7351,3337,3365,3.3261267254282387,1
6314,Branch_7352,549,914,94.07337723424271,1
6315,Branch_7353,549,1653,31.133250311332503,1
6316,Branch_7355,549,557,2000.0,1
6317,Branch_7356,1854,1855,8.055421298533913,1
6318,Branch_7357,3050,3073,5.06482982171799,1
6319,Branch_7358,366,390,135.31799729364005,1
6320,Branch_7359,390,1546,120.33694344163658,1
6321,Branch_7361,5773,6116,3.9184952978056424,1
6322,Branch_7362,5617,5773,14.667057788207686,1
6323,Branch_7364,930,1516,448.4304932735426,1
6324,Branch_7365,929,1516,448.4304932735426,1
6325,Branch_7366,3804,3897,45.537340619307834,1
6326,Branch_7367,8905,8906,6.761325219743069,1
6327,Branch_7368,1280,1364,125.94458438287154,1
6328,Branch_7369,3804,3802,9.017132551848512,1
6329,Branch_7370,3803,3802,-109.89010989010988,1
6330,Branch_7371,3805,3802,3.0609121518212428,1
6331,Branch_7372,3804,3800,9.68054211035818,1
6332,Branch_7373,3801,3800,178.57142857142858,1
6333,Branch_7374,3806,3800,3.248862897985705,1
6334,Branch_7375,1,1280,2000.0,1
6335,Branch_7376,5568,5573,2000.0,1
6336,Branch_7377,5573,5574,10.584250635055039,1
6337,Branch_7378,7992,8103,202.83975659229208,1
6338,Branch_7379,7992,7993,2000.0,1
6339,Branch_7380,7992,7994,2000.0,1
6340,Branch_7381,7992,8110,58.89281507656066,1
6341,Branch_7382,695,1321,13.877324451845684,1
6342,Branch_7383,2813,2812,6.68851581833991,1
6343,Branch_7384,2813,4967,2000.0,1
6344,Branch_7386,6374,6392,3.3348896151537386,1
6345,Branch_7387,1944,1945,4.13992962119644,1
6346,Branch_7388,6418,6675,3.585385966799326,1
6347,Branch_7389,8632,9280,5.395489370885939,1
6348,Branch_7390,9363,9361,9.46880030300161,1
6349,Branch_7391,9363,9362,6.601531555320834,1
6350,Branch_7392,5077,5525,14.515894904920888,1
6351,Branch_7393,6294,6292,8.014104824491104,1
6352,Branch_7394,6294,6293,8.084074373484237,1
6353,Branch_7395,6250,6294,36.50967506389193,1
6354,Branch_7396,8793,8840,2000.0,1
6355,Branch_7397,1216,1219,1000.0,1
6356,Branch_7398,1216,1218,1000.0,1
6357,Branch_7399,9088,9129,2000.0,1
6358,Branch_7400,9088,9087,11.363636363636363,1
6359,Branch_7403,1194,1477,328.94736842105266,1
6360,Branch_7407,271,1478,261.0966057441253,1
6361,Branch_7408,1477,1478,2000.0,1
6362,Branch_7409,1477,1479,2000.0,1
6363,Branch_7411,9083,9081,10.50089257586895,1
6364,Branch_7412,9083,9082,10.50089257586895,1
6365,Branch_7413,9079,9078,10.498687664041995,1
6366,Branch_7414,9079,9080,10.498687664041995,1
6367,Branch_7417,8617,8999,14.273479874393377,1
6368,Branch_7418,8617,8668,12.307692307692308,1
6369,Branch_7419,8617,8637,5.050249987374375,1
6370,Branch_7420,9038,9139,84.38818565400844,1
6371,Branch_7421,9013,9038,19.86491855383393,1
6372,Branch_7422,9013,9038,19.9203187250996,1
6373,Branch_7423,3950,4029,5.161823155938677,1
6374,Branch_7424,3696,4029,512.8205128205128,1
6375,Branch_7425,3133,4137,151.9756838905775,1
6376,Branch_7426,2735,3133,42.918454935622314,1
6377,Branch_7427,2617,4740,98.61932938856016,1
6378,Branch_7428,2937,4862,115.47344110854503,1
6379,Branch_7429,2938,3092,240.96385542168676,1
6380,Branch_7430,3092,3571,7.549448890231013,1
6381,Branch_7431,6549,6547,9.79431929480901,1
6382,Branch_7432,6549,6548,9.782821365681862,1
6383,Branch_7436,142,1094,27.3224043715847,1
6384,Branch_7438,838,1094,3.5998416069692936,1
6385,Branch_7440,7683,8578,10.396091069757771,1
6386,Branch_7442,7700,7753,7.817997029161129,1
6387,Branch_7443,5156,5167,20.55076037813399,1
6388,Branch_7444,5156,5494,97.75171065493646,1
6389,Branch_7445,3736,4754,56.85048322910745,1
6390,Branch_7446,3736,4755,38.095238095238095,1
6391,Branch_7447,5156,5464,133.86880856760374,1
6392,Branch_7449,2697,2799,37.764350453172206,1
6393,Branch_7450,9311,9312,6.636580833554553,1
6394,Branch_7451,9311,9313,7.8277886497064575,1
6395,Branch_7455,8023,8274,63.57279084551812,1
6396,Branch_7457,8023,8024,2000.0,1
6397,Branch_7458,2791,2792,8.203445447087777,1
6398,Branch_7459,2788,2791,2000.0,1
6399,Branch_7460,3695,3697,21.159542953872197,1
6400,Branch_7461,3695,3696,10.882576994232235,1
6401,Branch_7462,5138,5440,107.52688172043011,1
6402,Branch_7463,3517,3516,4.911591355599214,1
6403,Branch_7464,4591,4595,23.540489642184557,1
6404,Branch_7465,4592,4596,41.736227045075125,1
6405,Branch_7466,4592,4593,78.06401249024199,1
6406,Branch_7467,4591,4593,63.25110689437065,1
6407,Branch_7468,4594,4593,5.185377236193933,1
6408,Branch_7469,3382,4754,62.53908692933083,1
6409,Branch_7472,573,933,93.10986964618249,1
6410,Branch_7473,573,935,116.82242990654206,1
6411,Branch_7475,935,1044,161.29032258064515,1
6412,Branch_7476,932,933,326.797385620915,1
6413,Branch_7477,934,935,326.797385620915,1
6414,Branch_7478,783,787,1785.7142857142858,1
6415,Branch_7479,783,788,1408.4507042253522,1
6416,Branch_7480,1056,1058,24.740227610094013,1
6417,Branch_7481,1057,1058,-284.9002849002849,1
6418,Branch_7482,1059,1058,7.089181908407769,1
6419,Branch_7483,1056,1060,23.435669088352473,1
6420,Branch_7484,1057,1060,-173.61111111111111,1
6421,Branch_7485,1061,1060,5.942829975634397,1
6422,Branch_7486,796,1056,175.7469244288225,1
6423,Branch_7487,762,763,2000.0,1
6424,Branch_7488,755,762,153.60983102918587,1
6425,Branch_7489,756,762,157.9778830963665,1
6426,Branch_7490,763,986,621.1180124223603,1
6427,Branch_7491,2133,2134,12.60239445494644,1
6428,Branch_7492,2133,2136,12.60239445494644,1
6429,Branch_7493,2133,2137,12.60239445494644,1
6430,Branch_7494,2133,2138,12.60239445494644,1
6431,Branch_7495,2133,2135,16.002560409665545,1
6432,Branch_7496,2133,2132,16.002560409665545,1
6433,Branch_7498,6750,7336,4.8508367693427115,1
6434,Branch_7501,8654,8986,2000.0,1
6435,Branch_7502,7149,7158,2000.0,1
6436,Branch_7503,7158,7159,10.152284263959391,1
6437,Branch_7504,2788,4677,5.823433496389471,1
6438,Branch_7505,4544,4677,4.753981459472308,1
6439,Branch_7506,9029,9079,212.31422505307856,1
6440,Branch_7507,1039,1040,-174.52006980802793,1
6441,Branch_7508,1038,1040,23.452157598499063,1
6442,Branch_7509,1041,1040,5.941770647653001,1
6443,Branch_7510,1038,1294,34.61405330564209,1
6444,Branch_7511,1038,1537,62.97229219143577,1
6445,Branch_7512,1039,1201,7.949757532395262,1
6446,Branch_7513,5362,5444,2000.0,1
6447,Branch_7514,2661,3054,60.71645415907711,1
6448,Branch_7515,2661,2660,11.276499774470004,1
6449,Branch_7516,1229,1665,53.70569280343717,1
6450,Branch_7517,8760,9283,13.724951962668131,1
6451,Branch_7518,9283,9282,31.756113051762465,1
6452,Branch_7519,8779,9282,16.733601070950467,1
6453,Branch_7520,8662,9282,6.988120195667365,1
6454,Branch_7521,79,186,70.47216349541931,1
6455,Branch_7522,11,1555,854.7008547008547,1
6456,Branch_7523,8,1553,854.7008547008547,1
6457,Branch_7524,806,1555,43.85964912280702,1
6458,Branch_7525,1554,1555,137.7410468319559,1
6459,Branch_7526,1553,1556,138.50415512465375,1
6460,Branch_7527,114,1553,63.775510204081634,1
6461,Branch_7528,1826,1828,724.6376811594203,1
6462,Branch_7529,1825,1827,724.6376811594203,1
6463,Branch_7530,1895,1918,142.2475106685633,1
6464,Branch_7531,1918,2327,78.98894154818325,1
6465,Branch_7534,1842,2324,55.09641873278237,1
6466,Branch_7535,1812,1842,64.93506493506493,1
6467,Branch_7536,1721,1842,80.0,1
6468,Branch_7537,1722,1842,79.36507936507937,1
6469,Branch_7538,1842,1879,34.32887058015791,1
6470,Branch_7539,1817,1842,36.65689149560117,1
6471,Branch_7540,1837,1842,36.114120621162876,1
6472,Branch_7541,2251,2339,103.19917440660474,1
6473,Branch_7542,1997,2339,88.10572687224669,1
6474,Branch_7543,894,1544,384.61538461538464,1
6475,Branch_7544,398,1544,273.224043715847,1
6476,Branch_7545,7691,8215,148.5884101040119,1
6477,Branch_7546,7816,8215,86.95652173913044,1
6478,Branch_7547,7724,7936,16.051364365971107,1
6479,Branch_7549,7705,8374,103.7344398340249,1
6480,Branch_7550,8267,8374,76.80491551459293,1
6481,Branch_7551,2863,2862,18.453589223103894,1
6482,Branch_7552,5937,5939,8.395600705230459,1
6483,Branch_7553,5937,5940,8.468834688346883,1
6484,Branch_7555,5937,5938,2000.0,1
6485,Branch_7556,5937,8454,5.775672865888876,1
6486,Branch_7557,5938,6246,8.386447500838646,1
6487,Branch_7558,5598,5937,28.70264064293915,1
6488,Branch_7559,5628,5937,22.286605749944282,1
6489,Branch_7561,5841,6039,44.11116012351125,1
6490,Branch_7562,6039,6140,10.0,1
6491,Branch_7563,5737,6039,9.306654257794323,1
6492,Branch_7565,5797,5841,4.225114078080108,1
6493,Branch_7567,5979,6140,366.3003663003663,1
6494,Branch_7568,5652,6140,12.489072061945798,1
6495,Branch_7569,3450,4148,58.71990604815032,1
6496,Branch_7570,639,1488,255.7544757033248,1
6497,Branch_7571,3154,4983,30.147723846849562,1
6498,Branch_7572,949,1488,41.98152812762385,1
6499,Branch_7574,7417,7416,12.426991425375917,1
6500,Branch_7575,8738,8885,91.57509157509158,1
6501,Branch_7576,6202,6210,10.641694157709907,1
6502,Branch_7577,6202,6216,41.050903119868636,1
6503,Branch_7578,6068,6202,8.089305937550558,1
6504,Branch_7579,5625,5719,11.678150181011327,1
6505,Branch_7580,5625,6051,7.780284758422158,1
6506,Branch_7581,7704,8401,32.99241174529858,1
6507,Branch_7582,7817,8401,22.456770716370986,1
6508,Branch_7583,8240,8401,21.39495079161318,1
6509,Branch_7584,7703,7704,16.299918500407497,1
6510,Branch_7585,7703,7816,78.86435331230284,1
6511,Branch_7586,7703,8044,69.25207756232687,1
6512,Branch_7587,7703,8602,13.8811771238201,1
6513,Branch_7588,8668,8913,7.1438776968138304,1
6514,Branch_7589,5676,5722,36.24501631025734,1
6515,Branch_7590,5722,6167,43.78283712784589,1
6516,Branch_7591,5662,6167,11.168192986374805,1
6517,Branch_7593,8738,8912,41.06776180698152,1
6518,Branch_7594,8677,8863,254.4529262086514,1
6519,Branch_7595,8863,8876,8.640055296353896,1
6520,Branch_7596,8825,8863,5.804841237592152,1
6521,Branch_7597,8677,8801,19.46282600233554,1
6522,Branch_7598,8802,9045,26.838432635534083,1
6523,Branch_7599,8699,8876,59.45303210463734,1
6524,Branch_7600,8699,8851,9.70591089973794,1
6525,Branch_7601,8644,8699,16.246953696181965,1
6526,Branch_7602,4224,4543,27.90957298353335,1
6527,Branch_7603,4544,4543,6.741724533135576,1
6528,Branch_7604,4544,4543,6.8455640744797375,1
6529,Branch_7605,5651,5706,6.153467478924374,1
6530,Branch_7606,265,1528,289.01734104046244,1
6531,Branch_7607,6150,6279,80.1924619085806,1
6532,Branch_7608,8861,8860,4.633920296570899,1
6533,Branch_7609,8862,8860,5.031446540880503,1
6534,Branch_7610,8652,8860,36.166365280289334,1
6535,Branch_7611,8860,8886,46.97040864255519,1
6536,Branch_7612,8687,8861,25.33569799847986,1
6537,Branch_7613,2242,2246,28.868360277136258,1
6538,Branch_7614,2242,2243,28.868360277136258,1
6539,Branch_7615,2242,2245,28.868360277136258,1
6540,Branch_7616,2242,2244,28.868360277136258,1
6541,Branch_7617,7194,7362,131.75230566534916,1
6542,Branch_7618,1021,1291,73.69196757553426,1
6543,Branch_7619,1020,1292,73.90983000739098,1
6544,Branch_7620,1294,1628,136.05442176870747,1
6545,Branch_7621,1291,1293,2000.0,1
6546,Branch_7622,1292,1294,2000.0,1
6547,Branch_7623,1100,1293,107.29613733905579,1
6548,Branch_7624,42,1632,53.937432578209275,1
6549,Branch_7625,42,640,47.39336492890995,1
6550,Branch_7626,42,1323,53.937432578209275,1
6551,Branch_7627,4762,4765,46.8384074941452,1
6552,Branch_7628,4763,4765,-502.51256281407035,1
6553,Branch_7629,4764,4765,8.949346697691068,1
6554,Branch_7630,4762,4766,47.778308647873864,1
6555,Branch_7631,4763,4766,-502.51256281407035,1
6556,Branch_7632,4767,4766,8.949346697691068,1
6557,Branch_7633,7065,7067,30.120481927710845,1
6558,Branch_7634,7356,7358,269.54177897574124,1
6559,Branch_7637,6376,6377,4.001760774740886,1
6560,Branch_7638,7753,7826,25.451768897938408,1
6561,Branch_7639,7689,7826,23.719165085388994,1
6562,Branch_7640,7826,8493,96.8054211035818,1
6563,Branch_7641,7707,7789,10.0999899000101,1
6564,Branch_7642,7707,8278,209.64360587002096,1
6565,Branch_7643,6199,6305,5.294086505373498,1
6566,Branch_7644,5672,6305,41.459369817578775,1
6567,Branch_7646,6165,6305,2000.0,1
6568,Branch_7647,5647,6305,1.796299622777079,1
6569,Branch_7648,5285,5383,15.335071308081583,1
6570,Branch_7649,5165,5383,11.20699316373417,1
6571,Branch_7651,7868,7930,121.65450121654501,1
6572,Branch_7652,7868,8124,97.27626459143968,1
6573,Branch_7653,7868,8343,48.05382027871216,1
6574,Branch_7654,7868,8343,44.642857142857146,1
6575,Branch_7655,7938,8514,362.3188405797101,1
6576,Branch_7656,7938,8514,99.60159362549801,1
6577,Branch_7657,1278,1279,14.326647564469914,1
6578,Branch_7658,1278,1279,14.326647564469914,1
6579,Branch_7661,7672,8248,143.47202295552367,1
6580,Branch_7662,9322,9324,2000.0,1
6581,Branch_7663,6228,6229,7.002801120448179,1
6582,Branch_7667,8796,9128,26.226068712300027,1
6583,Branch_7671,9034,9072,2000.0,1
6584,Branch_7676,5880,5905,6.373080109616978,1
6585,Branch_7677,5647,5880,3.3324446814182886,1
6586,Branch_7679,970,1201,5.527915975677169,1
6587,Branch_7681,970,1109,21.81976871045167,1
6588,Branch_7682,225,1328,64.14368184733804,1
6589,Branch_7683,2262,2270,206.18556701030928,1
6590,Branch_7684,5884,6082,934.5794392523364,1
6591,Branch_7685,2270,6087,416.6666666666667,1
6592,Branch_7687,5748,6082,17.14089818306479,1
6593,Branch_7688,5884,6085,1041.6666666666667,1
6594,Branch_7689,2270,6084,300.3003003003003,1
6595,Branch_7690,2260,6084,18.76172607879925,1
6596,Branch_7692,2264,2270,202.42914979757086,1
6597,Branch_7693,2269,2273,11.295606009262396,1
6598,Branch_7694,2268,2269,-21.367521367521366,1
6599,Branch_7695,2268,2271,41.35649296939619,1
6600,Branch_7696,2270,2271,41.35649296939619,1
6601,Branch_7697,2266,2271,5.226298735235706,1
6602,Branch_7698,2268,2272,41.459369817578775,1
6603,Branch_7699,2270,2272,41.459369817578775,1
6604,Branch_7700,2267,2272,5.220024012110455,1
6605,Branch_7703,2260,2255,8.171269815329302,1
6606,Branch_7704,2260,2255,8.126777732629012,1
6607,Branch_7705,2261,2256,8.101758081503686,1
6608,Branch_7706,2262,2257,15.396458814472672,1
6609,Branch_7707,5748,5749,15.20450053215752,1
6610,Branch_7710,5762,5763,10.39176971838304,1
6611,Branch_7711,6269,6267,10.26167265264238,1
6612,Branch_7712,6269,6268,10.26167265264238,1
6613,Branch_7713,6269,6458,102.04081632653062,1
6614,Branch_7716,3073,4004,5.923117929277972,1
6615,Branch_7717,8243,8244,2000.0,1
6616,Branch_7718,8243,8267,74.8502994011976,1
6617,Branch_7719,2846,3768,18.443378827001105,1
6618,Branch_7720,5975,6221,1562.5,1
6619,Branch_7721,5882,5975,98.32841691248771,1
6620,Branch_7722,2158,2169,32.48862897985705,1
6621,Branch_7723,2159,2169,-359.71223021582733,1
6622,Branch_7724,2168,2169,6.763611768684478,1
6623,Branch_7728,2158,2166,51.02040816326531,1
6624,Branch_7729,2157,2166,-574.7126436781609,1
6625,Branch_7730,2160,2166,7.112375533428165,1
6626,Branch_7731,2158,2162,57.636887608069166,1
6627,Branch_7732,2157,2162,2000.0,1
6628,Branch_7733,2167,2162,9.633911368015415,1
6629,Branch_7734,1742,2158,75.9301442672741,1
6630,Branch_7735,1742,2158,76.10350076103501,1
6631,Branch_7736,2964,4042,34.746351633078525,1
6632,Branch_7737,3337,3571,9.815469179426776,1
6633,Branch_7738,3948,4042,31.055900621118013,1
6634,Branch_7739,4042,4801,1587.3015873015872,1
6635,Branch_7740,4043,4042,8.450942280064227,1
6636,Branch_7741,2650,4042,22.872827081427264,1
6637,Branch_7742,27,669,564.9717514124294,1
6638,Branch_7743,7701,7869,9.293680297397769,1
6639,Branch_7744,8390,8391,24.65483234714004,1
6640,Branch_7745,8390,8484,53.36179295624333,1
6641,Branch_7746,8289,8391,136.986301369863,1
6642,Branch_7747,8390,8609,26.954177897574123,1
6643,Branch_7748,8391,8396,72.3589001447178,1
6644,Branch_7750,7387,7495,2000.0,1
6645,Branch_7751,7384,7386,163.9344262295082,1
6646,Branch_7752,7380,7386,8.631851532153647,1
6647,Branch_7753,7381,7386,8.631851532153647,1
6648,Branch_7754,7384,7385,163.9344262295082,1
6649,Branch_7755,7382,7385,8.631851532153647,1
6650,Branch_7756,7383,7385,8.631851532153647,1
6651,Branch_7757,7384,7387,302.11480362537765,1
6652,Branch_7758,4649,4651,-89.68609865470852,1
6653,Branch_7759,4648,4651,24.807740014884644,1
6654,Branch_7760,4650,4651,5.05382321726386,1
6655,Branch_7763,35,545,35.536602700781806,1
6656,Branch_7764,35,1214,59.73715651135006,1
6657,Branch_7765,35,1212,38.669760247486465,1
6658,Branch_7766,3322,3371,12.941633234114144,1
6659,Branch_7767,199,631,102.98661174047373,1
6660,Branch_7768,492,631,53.61930294906166,1
6661,Branch_7769,5382,5381,7.060650992021464,1
6662,Branch_7770,2989,4117,53.53319057815846,1
6663,Branch_7771,4117,4211,84.53085376162299,1
6664,Branch_7772,3993,3994,9.071940488070398,1
6665,Branch_7773,3996,3994,-82.78145695364239,1
6666,Branch_7774,3995,3994,2.1292451825827743,1
6667,Branch_7775,3837,3836,40.06410256410256,1
6668,Branch_7776,3837,3838,45.59963520291838,1
6669,Branch_7777,3837,3841,46.49000464900047,1
6670,Branch_7778,3837,3840,14.285714285714286,1
6671,Branch_7779,3839,3840,100.30090270812437,1
6672,Branch_7780,3835,3840,1.5094339622641508,1
6673,Branch_7781,5197,5413,102.98661174047373,1
6674,Branch_7782,5197,5382,3.65884892612784,1
6675,Branch_7783,5197,5300,7.7417356971433,1
6676,Branch_7786,902,1547,299.4011976047904,1
6677,Branch_7787,900,1234,84.38818565400844,1
6678,Branch_7788,900,901,63.89776357827476,1
6679,Branch_7789,902,903,92.85051067780873,1
6680,Branch_7790,5462,5463,512.8205128205128,1
6681,Branch_7791,5105,5463,65.31678641410842,1
6682,Branch_7792,2866,2865,7.909515146721506,1
6683,Branch_7793,2866,4735,2000.0,1
6684,Branch_7795,7533,7548,2000.0,1
6685,Branch_7796,1364,1537,119.33174224343675,1
6686,Branch_7797,4331,4492,337.8378378378378,1
6687,Branch_7798,3306,4492,7.009673349221926,1
6688,Branch_7799,913,1004,95.69377990430623,1
6689,Branch_7800,1200,1202,38.095238095238095,1
6690,Branch_7801,1202,1208,1234.567901234568,1
6691,Branch_7802,1200,1207,952.3809523809524,1
6692,Branch_7803,1168,1200,98.81422924901186,1
6693,Branch_7804,756,1207,52.493438320209975,1
6694,Branch_7805,501,1200,2000.0,1
6695,Branch_7807,1033,1208,113.37868480725623,1
6696,Branch_7808,1206,1208,2000.0,1
6697,Branch_7809,1205,1207,2000.0,1
6698,Branch_7810,1202,1203,21.533161068044787,1
6699,Branch_7811,1201,1203,-177.93594306049823,1
6700,Branch_7812,1204,1203,13.48254011055683,1
6701,Branch_7813,2933,3319,52.32862375719519,1
6702,Branch_7814,3319,4745,68.63417982155113,1
6703,Branch_7815,7102,7103,11.786892975011787,1
6704,Branch_7818,6789,7101,5.046681806712087,1
6705,Branch_7820,7729,7866,10.462439840970914,1
6706,Branch_7822,8676,8675,14.08649105507818,1
6707,Branch_7824,7642,8443,52.43838489774515,1
6708,Branch_7825,8442,8443,2000.0,1
6709,Branch_7826,8254,8442,149.2537313432836,1
6710,Branch_7827,8242,8442,69.06077348066299,1
6711,Branch_7828,6135,6315,1639.344262295082,1
6712,Branch_7829,6315,6313,6.516356053694774,1
6713,Branch_7830,6315,6314,6.516356053694774,1
6714,Branch_7831,8262,8316,1.952362358453729,1
6715,Branch_7832,580,578,11.743981209630064,1
6716,Branch_7833,580,579,11.743981209630064,1
6717,Branch_7834,580,1689,440.52863436123346,1
6718,Branch_7835,7666,8491,74.23904974016332,1
6719,Branch_7836,2475,2474,8.517887563884157,1
6720,Branch_7837,1738,2475,3.3604408898447478,1
6721,Branch_7838,2250,2475,6.293266205160478,1
6722,Branch_7839,2475,6058,17.793594306049823,1
6723,Branch_7840,1955,2474,27.739251040221912,1
6724,Branch_7841,3319,4382,105.26315789473684,1
6725,Branch_7842,8750,9335,4.161984434178216,1
6726,Branch_7843,5555,5553,15.513496742165684,1
6727,Branch_7844,5555,5554,8.797395970792646,1
6728,Branch_7845,407,925,272.47956403269757,1
6729,Branch_7846,8144,8147,2000.0,1
6730,Branch_7847,5956,6187,26.267402153926977,1
6731,Branch_7848,9146,9147,8.381527114240214,1
6732,Branch_7849,9146,9148,8.027614995584813,1
6733,Branch_7850,9140,9146,2000.0,1
6734,Branch_7851,6567,7198,826.4462809917355,1
6735,Branch_7852,6567,6568,12.764871074802144,1
6736,Branch_7853,7085,7194,401.60642570281124,1
6737,Branch_7854,7084,7085,4.672897196261682,1
6738,Branch_7857,9072,9073,8.336112037345782,1
6739,Branch_7858,9072,9074,8.336112037345782,1
6740,Branch_7859,9077,9076,12.990387113535983,1
6741,Branch_7860,9077,9075,12.990387113535983,1
6742,Branch_7864,9382,9386,2000.0,1
6743,Branch_7865,2127,5285,6.7123103772318435,1
6744,Branch_7866,5072,5285,11.14951499609767,1
6745,Branch_7867,5284,5525,2000.0,1
6746,Branch_7868,5285,5284,7.939658594680429,1
6747,Branch_7869,8148,8147,14.222727919214906,1
6748,Branch_7870,795,1141,121.95121951219512,1
6749,Branch_7871,1141,1390,99.50248756218906,1
6750,Branch_7872,8677,8929,5.662834815108443,1
6751,Branch_7873,8795,9045,4.986536351850005,1
6752,Branch_7874,5760,9045,5.56885894080303,1
6753,Branch_7875,893,1034,537.6344086021505,1
6754,Branch_7876,891,893,2000.0,1
6755,Branch_7877,890,892,2000.0,1
6756,Branch_7878,816,892,480.7692307692308,1
6757,Branch_7879,2799,5731,20.837674515524068,1
6758,Branch_7882,5638,6139,21.45002145002145,1
6759,Branch_7884,376,1272,90.41591320072332,1
6760,Branch_7885,376,1614,37.764350453172206,1
6761,Branch_7886,68,376,273.224043715847,1
6762,Branch_7887,68,376,273.224043715847,1
6763,Branch_7888,376,379,303.951367781155,1
6764,Branch_7889,376,380,303.951367781155,1
6765,Branch_7890,376,381,319.4888178913738,1
6766,Branch_7891,376,382,260.4166666666667,1
6767,Branch_7892,379,377,3.7037037037037037,1
6768,Branch_7893,380,378,3.745318352059925,1
6769,Branch_7894,502,505,2000.0,1
6770,Branch_7895,5637,5861,7.245851749873197,1
6771,Branch_7896,2698,3278,2000.0,1
6772,Branch_7897,2698,3458,5.274818018778352,1
6773,Branch_7898,5612,5826,5.653870074065698,1
6774,Branch_7899,6436,6612,170.64846416382252,1
6775,Branch_7900,150,639,854.7008547008547,1
6776,Branch_7901,1760,1761,46.2962962962963,1
6777,Branch_7902,1759,1761,-458.7155963302752,1
6778,Branch_7903,1762,1761,8.987148377819718,1
6779,Branch_7904,1760,1764,46.8384074941452,1
6780,Branch_7905,1759,1764,-564.9717514124294,1
6781,Branch_7906,1763,1764,8.949346697691068,1
6782,Branch_7907,7048,7587,2000.0,1
6783,Branch_7909,11,1044,93.37068160597572,1
6784,Branch_7910,8,1044,93.37068160597572,1
6785,Branch_7911,9,11,101.41987829614604,1
6786,Branch_7912,8,10,101.01010101010101,1
6787,Branch_7913,3303,3302,11.876484560570072,1
6788,Branch_7914,1868,2051,2000.0,1
6789,Branch_7915,8211,8465,241.54589371980677,1
6790,Branch_7916,8211,8594,59.594755661501786,1
6791,Branch_7917,141,936,77.10100231303007,1
6792,Branch_7918,7578,7577,15.394088669950738,1
6793,Branch_7919,7045,7578,2000.0,1
6794,Branch_7920,74,75,2000.0,1
6795,Branch_7921,75,872,89.20606601248885,1
6796,Branch_7923,3769,4747,22.22222222222222,1
6797,Branch_7927,8445,8568,793.6507936507936,1
6798,Branch_7928,8445,8567,787.4015748031496,1
6799,Branch_7929,8423,8445,2000.0,1
6800,Branch_7930,6926,6928,13.575889220743958,1
6801,Branch_7932,6775,6776,9.548362455838824,1
6802,Branch_7933,6777,7030,2.8333427778092592,1
6803,Branch_7934,9208,9209,13.16309069369488,1
6804,Branch_7935,1606,1642,247.52475247524754,1
6805,Branch_7936,1640,1642,185.5287569573284,1
6806,Branch_7937,173,1642,42.3728813559322,1
6807,Branch_7938,5751,5752,9.09338910611985,1
6808,Branch_7939,5751,5753,9.134922809902257,1
6809,Branch_7940,6838,6837,8.87154009936125,1
6810,Branch_7941,894,1370,2000.0,1
6811,Branch_7942,2744,3533,1818.1818181818182,1
6812,Branch_7943,8483,8502,41.254125412541256,1
6813,Branch_7944,8483,8484,2000.0,1
6814,Branch_7945,2920,3874,8.95094880057286,1
6815,Branch_7946,5751,6104,316.45569620253167,1
6816,Branch_7947,3896,4616,31.017369727047146,1
6817,Branch_7948,4581,4670,6.6956812855708066,1
6818,Branch_7949,5801,6104,2000.0,1
6819,Branch_7950,22,214,10.060362173038229,1
6820,Branch_7951,8445,8444,10.70663811563169,1
6821,Branch_7952,8445,8446,10.70663811563169,1
6822,Branch_7953,8445,8447,10.70663811563169,1
6823,Branch_7954,8304,8491,84.45945945945945,1
6824,Branch_7955,5576,5575,1.953125,1
6825,Branch_7956,9325,9334,2000.0,1
6826,Branch_7957,9334,9333,7.766387076731904,1
6827,Branch_7958,9333,9331,8.132726089785296,1
6828,Branch_7959,9334,9332,16.5371258475277,1
6829,Branch_7960,208,1677,222.71714922048997,1
6830,Branch_7961,5101,5244,42.034468263976464,1
6831,Branch_7962,5101,5145,35.56187766714083,1
6832,Branch_7963,3503,3504,3.9889903865331684,1
6833,Branch_7964,1168,1437,49.6031746031746,1
6834,Branch_7965,1167,1168,2000.0,1
6835,Branch_7966,1169,1170,2000.0,1
6836,Branch_7967,1170,1342,151.5151515151515,1
6837,Branch_7968,4123,4241,4.00416433090414,1
6838,Branch_7969,3586,4123,4.05104314360948,1
6839,Branch_7970,29,1677,71.58196134574088,1
6840,Branch_7971,8304,8424,170.35775127768312,1
6841,Branch_7972,8304,8423,185.1851851851852,1
6842,Branch_7973,7739,8304,289.01734104046244,1
6843,Branch_7974,7739,8304,289.01734104046244,1
6844,Branch_7976,7930,8304,145.34883720930233,1
6845,Branch_7977,8124,8304,431.0344827586207,1
6846,Branch_7978,8124,8304,319.4888178913738,1
6847,Branch_7980,8304,8577,24.49779519843214,1
6848,Branch_7981,8304,8579,24.33682161109759,1
6849,Branch_7983,1866,2567,125.0,1
6850,Branch_7984,1924,2567,226.75736961451247,1
6851,Branch_7985,1718,1796,97.65625,1
6852,Branch_7986,1735,1796,72.72727272727273,1
6853,Branch_7987,1796,2251,165.8374792703151,1
6854,Branch_7988,1735,2054,35.61253561253561,1
6855,Branch_7989,1735,1990,83.33333333333333,1
6856,Branch_7990,2157,2251,47.05882352941177,1
6857,Branch_7991,4709,4722,2000.0,1
6858,Branch_7992,4709,4722,2000.0,1
6859,Branch_7993,3245,4518,47.03668861712136,1
6860,Branch_7994,3245,3243,15.067048365225252,1
6861,Branch_7995,3245,3242,15.14004542013626,1
6862,Branch_7996,3245,3244,21.867483052700635,1
6863,Branch_7997,3245,4643,84.60236886632826,1
6864,Branch_7998,5701,5718,36.27130939426913,1
6865,Branch_7999,5718,5788,305.8103975535168,1
6866,Branch_8000,5668,5701,51.4668039114771,1
6867,Branch_8001,3245,4521,20.238818053025703,1
6868,Branch_8002,6383,6384,10.827197921178,1
6869,Branch_8003,6383,6385,10.902747492368077,1
6870,Branch_8004,1701,1693,4.7395611166405995,1
6871,Branch_8005,1701,1694,4.7395611166405995,1
6872,Branch_8006,1701,1695,4.7395611166405995,1
6873,Branch_8007,1701,1696,4.7395611166405995,1
6874,Branch_8008,1701,1697,4.7395611166405995,1
6875,Branch_8009,1701,1698,4.7395611166405995,1
6876,Branch_8021,8616,8642,5.3558995233249425,1
6877,Branch_8022,8289,8290,2000.0,1
6878,Branch_8023,8290,8389,101.11223458038423,1
6879,Branch_8024,490,492,2000.0,1
6880,Branch_8025,8663,8833,64.1025641025641,1
6881,Branch_8026,490,489,11.741223435481977,1
6882,Branch_8027,490,491,11.741223435481977,1
6883,Branch_8028,4722,4725,26.406126221283337,1
6884,Branch_8029,4722,4723,15.114873035066505,1
6885,Branch_8030,4722,4724,15.062509414068384,1
6886,Branch_8031,2846,3245,62.53908692933083,1
6887,Branch_8032,348,357,1408.4507042253522,1
6888,Branch_8033,348,358,1470.5882352941176,1
6889,Branch_8034,347,403,46.06172270842929,1
6890,Branch_8035,199,347,36.25815808556926,1
6891,Branch_8036,356,357,2000.0,1
6892,Branch_8037,355,358,2000.0,1
6893,Branch_8038,348,1546,136.05442176870747,1
6894,Branch_8039,348,1546,136.23978201634878,1
6895,Branch_8040,347,1690,43.15925766076823,1
6896,Branch_8041,348,349,-877.1929824561404,1
6897,Branch_8042,347,349,67.70480704129993,1
6898,Branch_8043,351,349,10.060362173038229,1
6899,Branch_8044,348,350,-724.6376811594203,1
6900,Branch_8045,347,350,66.53359946773121,1
6901,Branch_8046,352,350,10.006003602161297,1
6902,Branch_8047,348,353,-465.1162790697674,1
6903,Branch_8048,347,353,58.47953216374269,1
6904,Branch_8049,354,353,9.893153937475267,1
6905,Branch_8050,4822,4823,2000.0,1
6906,Branch_8051,4822,4824,2000.0,1
6907,Branch_8052,2713,4822,156.00624024961,1
6908,Branch_8053,3215,3700,6.145148405333988,1
6909,Branch_8054,5492,5516,2000.0,1
6910,Branch_8055,6201,6216,13.886960144424386,1
6911,Branch_8056,6201,6206,10.641694157709907,1
6912,Branch_8057,6201,6224,24.551927326295115,1
6913,Branch_8058,805,806,523.5602094240837,1
6914,Branch_8059,803,807,523.5602094240837,1
6915,Branch_8060,802,805,113.89521640091117,1
6916,Branch_8061,803,804,113.89521640091117,1
6917,Branch_8062,130,807,104.4932079414838,1
6918,Branch_8063,202,805,2000.0,1
6919,Branch_8064,201,803,2000.0,1
6920,Branch_8065,5344,5345,4.098360655737705,1
6921,Branch_8066,5349,5350,30.67484662576687,1
6922,Branch_8067,5345,5350,-75.87253414264036,1
6923,Branch_8068,5351,5350,8.148631029986962,1
6924,Branch_8069,5348,5347,42.955326460481096,1
6925,Branch_8070,5345,5347,252.5252525252525,1
6926,Branch_8071,5346,5347,10.350895352447987,1
6927,Branch_8072,18,1076,2000.0,1
6928,Branch_8073,18,1078,2000.0,1
6929,Branch_8074,18,1079,2000.0,1
6930,Branch_8075,18,1081,2000.0,1
6931,Branch_8076,18,874,369.00369003690037,1
6932,Branch_8077,8989,9028,91.57509157509158,1
6933,Branch_8078,9028,9329,51.255766273705795,1
6934,Branch_8086,5377,5376,5.037022112527074,1
6935,Branch_8087,5264,5392,43.365134431916736,1
6936,Branch_8088,5264,5388,27.99552071668533,1
6937,Branch_8089,5265,5267,30.67484662576687,1
6938,Branch_8090,5264,5267,-384.61538461538464,1
6939,Branch_8091,5266,5267,10.905125408942203,1
6940,Branch_8092,5221,5265,81.9000819000819,1
6941,Branch_8093,3450,4684,4.095674967234601,1
6942,Branch_8094,1507,1509,89.12655971479501,1
6943,Branch_8096,1508,1509,132.4503311258278,1
6944,Branch_8097,1510,1509,9.92358836955443,1
6945,Branch_8098,1507,1512,42.80821917808219,1
6946,Branch_8100,1508,1512,-274.72527472527474,1
6947,Branch_8101,1511,1512,11.95886151638364,1
6948,Branch_8102,167,1507,104.0582726326743,1
6949,Branch_8103,165,1507,104.16666666666667,1
6950,Branch_8104,1106,1507,173.91304347826087,1
6951,Branch_8105,1508,1659,160.25641025641025,1
6952,Branch_8106,871,1508,208.33333333333334,1
6953,Branch_8107,5837,6188,2000.0,1
6954,Branch_8108,5837,6189,2000.0,1
6955,Branch_8109,5837,6190,2000.0,1
6956,Branch_8110,3847,4452,2000.0,1
6957,Branch_8111,8890,9335,8.324315325064513,1
6958,Branch_8112,8853,8890,9.317059536010435,1
6959,Branch_8114,573,676,2000.0,1
6960,Branch_8115,573,677,2000.0,1
6961,Branch_8116,573,1030,21.150592216582066,1
6962,Branch_8117,274,284,2000.0,1
6963,Branch_8118,277,1630,103.30578512396694,1
6964,Branch_8119,277,1045,70.8215297450425,1
6965,Branch_8120,270,274,179.53321364452424,1
6966,Branch_8121,274,276,2000.0,1
6967,Branch_8122,275,284,2000.0,1
6968,Branch_8123,284,1678,363.6363636363636,1
6969,Branch_8124,274,278,-354.6099290780142,1
6970,Branch_8125,277,278,58.17335660267597,1
6971,Branch_8126,279,278,10.439503079653408,1
6972,Branch_8127,274,281,-241.54589371980677,1
6973,Branch_8128,277,281,54.43658138268917,1
6974,Branch_8129,280,281,10.700909577314071,1
6975,Branch_8130,274,282,-480.7692307692308,1
6976,Branch_8131,277,282,58.07200929152149,1
6977,Branch_8132,283,282,10.449320794148381,1
6978,Branch_8133,363,1321,2000.0,1
6979,Branch_8135,2749,3991,1851.851851851852,1
6980,Branch_8136,2748,3992,1851.851851851852,1
6981,Branch_8137,3546,3955,87.18395815170008,1
6982,Branch_8138,7947,8591,13.837000138370001,1
6983,Branch_8139,8630,8750,12.518778167250876,1
6984,Branch_8140,6448,7247,42.73504273504273,1
6985,Branch_8141,7051,7052,32.1853878339234,1
6986,Branch_8142,6448,7051,56.2429696287964,1
6987,Branch_8143,9072,9077,383.1417624521073,1
6988,Branch_8144,7877,7899,1075.268817204301,1
6989,Branch_8145,7877,7900,1075.268817204301,1
6990,Branch_8149,5754,5814,38.98635477582846,1
6991,Branch_8150,5754,5956,4.756242568370987,1
6992,Branch_8152,7444,7445,10.406910188365075,1
6993,Branch_8153,7444,7446,10.295480284155255,1
6994,Branch_8154,2954,4177,134.9527665317139,1
6995,Branch_8155,4810,4983,52.882072977260705,1
6996,Branch_8156,2946,4810,12.097749818533753,1
6997,Branch_8157,2324,2597,28.07411566535654,1
6998,Branch_8160,1933,1995,68.11989100817439,1
6999,Branch_8161,1916,2140,166.9449081803005,1
7000,Branch_8162,2140,2455,24.43195699975568,1
7001,Branch_8163,1939,2371,13.220518244315178,1
7002,Branch_8164,1816,2371,37.11952487008166,1
7003,Branch_8166,1304,1667,9.276437847866418,1
7004,Branch_8167,8004,8006,7.336757153338224,1
7005,Branch_8168,8004,8005,7.336757153338224,1
7006,Branch_8169,8007,8008,7.336757153338224,1
7007,Branch_8170,2040,2316,79.1765637371338,1
7008,Branch_8171,2297,2316,15.424957581366652,1
7009,Branch_8173,8103,8274,143.67816091954023,1
7010,Branch_8174,7260,7261,518.1347150259068,1
7011,Branch_8176,756,757,2000.0,1
7012,Branch_8177,673,5102,48.355899419729205,1
7013,Branch_8178,229,672,787.4015748031496,1
7014,Branch_8179,229,673,787.4015748031496,1
7015,Branch_8180,671,672,2000.0,1
7016,Branch_8181,670,673,2000.0,1
7017,Branch_8182,672,771,278.55153203342616,1
7018,Branch_8183,4643,4788,20.631318341242004,1
7019,Branch_8184,4788,4787,10.124531740407006,1
7020,Branch_8185,4060,4402,71.63323782234957,1
7021,Branch_8186,5244,5316,22.53267237494367,1
7022,Branch_8187,5332,5407,63.13131313131313,1
7023,Branch_8188,5244,5332,326.797385620915,1
7024,Branch_8189,5521,5520,3.881686204487229,1
7025,Branch_8190,7262,7273,32.754667540124466,1
7026,Branch_8191,7691,8048,66.48936170212765,1
7027,Branch_8192,7769,8048,65.87615283267458,1
7028,Branch_8193,8048,8049,2000.0,1
7029,Branch_8194,2116,2119,57.47126436781609,1
7030,Branch_8195,2117,2119,-714.2857142857143,1
7031,Branch_8196,2120,2119,7.02543206407194,1
7032,Branch_8197,2116,2118,49.62779156327544,1
7033,Branch_8198,2115,2118,-552.4861878453039,1
7034,Branch_8199,2121,2118,6.63129973474801,1
7035,Branch_8200,2116,2122,49.52947003467063,1
7036,Branch_8201,2115,2122,-555.5555555555555,1
7037,Branch_8202,2123,2122,6.609822195782933,1
7038,Branch_8203,2039,2040,14.473874656245476,1
7039,Branch_8204,2039,2114,33.18951211417192,1
7040,Branch_8205,2040,7955,8.357709987463435,1
7041,Branch_8206,2040,7916,14.9678191887442,1
7042,Branch_8207,2307,7721,8.60141063134354,1
7043,Branch_8208,2114,8498,4.486920626374119,1
7044,Branch_8209,3094,3853,57.17552887364208,1
7045,Branch_8210,6655,6654,14.492753623188406,1
7046,Branch_8211,7789,7898,43.15925766076823,1
7047,Branch_8212,7898,8271,46.16805170821792,1
7048,Branch_8213,7616,8315,294.11764705882354,1
7049,Branch_8214,7616,8220,67.02412868632707,1
7050,Branch_8215,7616,8214,108.34236186348862,1
7051,Branch_8216,1631,1634,1030.9278350515465,1
7052,Branch_8217,1632,1633,787.4015748031496,1
7053,Branch_8219,1045,1630,224.7191011235955,1
7054,Branch_8221,1632,1664,57.01254275940707,1
7055,Branch_8222,229,1630,81.43322475570032,1
7056,Branch_8223,229,1630,81.43322475570032,1
7057,Branch_8225,5610,5914,131.06159895150722,1
7058,Branch_8226,5610,5915,543.4782608695652,1
7059,Branch_8227,5874,5915,3.905639743790033,1
7060,Branch_8228,3232,4343,2000.0,1
7061,Branch_8229,6923,6937,48.05382027871216,1
7062,Branch_8230,6669,7432,70.72135785007072,1
7063,Branch_8231,7711,8438,16.097875080489377,1
7064,Branch_8232,1951,1952,18.18512456810329,1
7065,Branch_8233,6760,6937,42.57130693912303,1
7066,Branch_8234,7726,8585,47.25897920604915,1
7067,Branch_8237,7726,7931,11.064394777605665,1
7068,Branch_8238,6842,7432,1020.4081632653061,1
7069,Branch_8239,6501,7375,2000.0,1
7070,Branch_8240,6500,6501,416.6666666666667,1
7071,Branch_8241,6500,6696,183.8235294117647,1
7072,Branch_8242,6923,6922,8.516436722875149,1
7073,Branch_8243,6669,6670,5.546927002440648,1
7074,Branch_8244,6500,6662,46.21072088724584,1
7075,Branch_8245,6500,6557,2000.0,1
7076,Branch_8246,6760,6761,5.61104253170239,1
7077,Branch_8247,6842,6841,9.417969485778865,1
7078,Branch_8254,7230,7273,689.6551724137931,1
7079,Branch_8255,5160,5391,50.89058524173028,1
7080,Branch_8256,6171,6172,-49.6031746031746,1
7081,Branch_8258,674,977,88.33922261484099,1
7082,Branch_8259,977,1074,148.3679525222552,1
7083,Branch_8260,7639,8584,20.63983488132095,1
7084,Branch_8261,8584,8585,2000.0,1
7085,Branch_8262,3714,3718,48.56726566294318,1
7086,Branch_8263,3713,3718,-1020.4081632653061,1
7087,Branch_8264,3715,3718,7.702380035430949,1
7088,Branch_8265,3714,3717,46.49000464900047,1
7089,Branch_8266,3713,3717,-478.4688995215311,1
7090,Branch_8267,3716,3717,8.92299455697332,1
7091,Branch_8268,674,849,22.857142857142858,1
7092,Branch_8269,8753,8756,12.121212121212121,1
7093,Branch_8270,8753,8757,12.121212121212121,1
7094,Branch_8271,8753,8759,22.172949002217294,1
7095,Branch_8272,8753,8755,12.121212121212121,1
7096,Branch_8273,8753,8754,12.121212121212121,1
7097,Branch_8274,8753,8758,22.172949002217294,1
7098,Branch_8275,8753,8883,24.563989191844755,1
7099,Branch_8276,8753,8883,24.563989191844755,1
7100,Branch_8277,5814,5881,21.381227282446012,1
7101,Branch_8278,949,1271,76.10350076103501,1
7102,Branch_8279,949,1269,75.41478129713424,1
7103,Branch_8280,750,1269,39.29273084479372,1
7104,Branch_8281,1270,1271,2000.0,1
7105,Branch_8282,1268,1269,2000.0,1
7106,Branch_8283,995,1271,57.971014492753625,1
7107,Branch_8284,2674,3947,138.50415512465375,1
7108,Branch_8285,6893,7432,125.47051442910916,1
7109,Branch_8286,8662,8808,4.704996706502305,1
7110,Branch_8287,5786,5830,5.9523809523809526,1
7111,Branch_8288,5614,5786,5.480052608505042,1
7112,Branch_8289,8779,8809,7.926442612555485,1
7113,Branch_8290,8809,9048,17.46419839329375,1
7114,Branch_8291,8807,9097,16.661112962345886,1
7115,Branch_8292,8807,9048,40.88307440719542,1
7116,Branch_8293,968,969,2000.0,1
7117,Branch_8294,968,1375,155.52099533437013,1
7118,Branch_8295,867,1364,124.22360248447205,1
7119,Branch_8296,869,1338,175.13134851138355,1
7120,Branch_8297,867,870,2000.0,1
7121,Branch_8298,868,869,2000.0,1
7122,Branch_8299,7633,7790,322.5806451612903,1
7123,Branch_8300,7634,8275,41.85851820845542,1
7124,Branch_8301,7633,7634,2000.0,1
7125,Branch_8302,7791,7789,5.820044232336166,1
7126,Branch_8303,7789,7790,8.045699573577922,1
7127,Branch_8304,7790,7877,88.49557522123894,1
7128,Branch_8305,2655,2656,-39.354584809130266,1
7129,Branch_8306,2657,2658,-46.948356807511736,1
7130,Branch_8307,5461,5464,42.122999157540015,1
7131,Branch_8308,3320,4264,4.754885645000238,1
7132,Branch_8309,3942,4264,11.328877308258752,1
7133,Branch_8310,4264,5300,6.339948012426298,1
7134,Branch_8311,4116,4420,2000.0,1
7135,Branch_8312,4,1439,46.425255338904364,1
7136,Branch_8313,4,858,37.93626707132018,1
7137,Branch_8314,7857,8301,9.416195856873824,1
7138,Branch_8315,853,855,2000.0,1
7139,Branch_8317,7993,8004,2000.0,1
7140,Branch_8318,7994,8007,2000.0,1
7141,Branch_8319,412,640,71.78750897343862,1
7142,Branch_8320,1812,1816,80.1924619085806,1
7143,Branch_8321,1812,2467,200.40080160320642,1
7144,Branch_8322,1995,2054,120.77294685990339,1
7145,Branch_8325,7528,7529,11.764705882352942,1
7146,Branch_8326,7528,7530,11.764705882352942,1
7147,Branch_8327,7518,7528,148.8095238095238,1
7148,Branch_8328,5709,5822,127.7139208173691,1
7149,Branch_8329,5883,6417,17.056114617090227,1
7150,Branch_8330,6072,6417,2000.0,1
7151,Branch_8331,3853,4397,71.42857142857143,1
7152,Branch_8332,2999,4379,53.96654074473826,1
7153,Branch_8333,3000,4379,53.96654074473826,1
7154,Branch_8334,1393,1394,12.746972594008923,1
7155,Branch_8335,987,1393,184.50184501845018,1
7156,Branch_8336,285,1104,337.8378378378378,1
7157,Branch_8338,409,1393,14.695077149155033,1
7158,Branch_8339,1393,1395,2000.0,1
7159,Branch_8340,8824,8965,22.722108611679165,1
7160,Branch_8342,7391,7392,7.465472191116088,1
7161,Branch_8343,5614,7929,3.1885721573879215,1
7162,Branch_8344,7667,7803,14.156285390713476,1
7163,Branch_8347,7651,7939,2000.0,1
7164,Branch_8348,7824,7823,10.111223458038422,1
7165,Branch_8349,7825,7822,10.141987829614605,1
7166,Branch_8350,7625,7623,55.865921787709496,1
7167,Branch_8351,7745,7743,8.130081300813009,1
7168,Branch_8352,7744,7743,8.855827134254339,1
7169,Branch_8353,7746,7745,9.366804046459348,1
7170,Branch_8354,7744,8247,1515.1515151515152,1
7171,Branch_8355,7623,7746,2000.0,1
7172,Branch_8356,7651,8247,813.0081300813008,1
7173,Branch_8357,7651,8247,869.5652173913044,1
7174,Branch_8358,7956,8247,540.5405405405405,1
7175,Branch_8359,7667,8247,24.826216484607745,1
7176,Branch_8361,7651,7655,8.136034496786266,1
7177,Branch_8362,7652,7655,-51.282051282051285,1
7178,Branch_8363,7650,7655,0.8480972937215357,1
7179,Branch_8364,7651,7654,8.233841086867024,1
7180,Branch_8365,7649,7654,-54.55537370430987,1
7181,Branch_8366,7656,7654,0.8535409144837358,1
7182,Branch_8367,7649,7652,2000.0,1
7183,Branch_8368,7649,8480,11.299435028248588,1
7184,Branch_8369,7652,8480,11.312217194570136,1
7185,Branch_8370,7651,7672,98.23182711198429,1
7186,Branch_8371,7956,8340,110.13215859030836,1
7187,Branch_8372,7827,8490,169.7792869269949,1
7188,Branch_8373,7769,7827,12.322858903265558,1
7189,Branch_8374,7218,7217,5.916109566349169,1
7190,Branch_8375,7198,7218,34.19972640218878,1
7191,Branch_8376,5517,5518,18.587360594795538,1
7192,Branch_8378,4753,4902,146.84287812041117,1
7193,Branch_8379,7691,8388,28.563267637817766,1
7194,Branch_8380,7901,8388,31.90810465858328,1
7195,Branch_8381,2796,4976,2000.0,1
7196,Branch_8382,2796,4975,2000.0,1
7197,Branch_8383,677,1675,137.93103448275863,1
7198,Branch_8384,1044,1673,195.69471624266146,1
7199,Branch_8385,7693,7691,12.717792191275594,1
7200,Branch_8386,7693,7691,12.403870007442322,1
7201,Branch_8387,7694,7696,207.4688796680498,1
7202,Branch_8388,7691,7696,64.55777921239509,1
7203,Branch_8389,7692,7696,7.908264136022143,1
7204,Branch_8390,7691,8581,25.075225677031092,1
7205,Branch_8391,7691,8542,47.86979415988511,1
7206,Branch_8392,7691,7967,1886.7924528301887,1
7207,Branch_8393,7691,7968,1886.7924528301887,1
7208,Branch_8394,7647,7693,5.299417064122946,1
7209,Branch_8395,7693,8053,16.934801016088063,1
7210,Branch_8396,7694,7770,199.20318725099602,1
7211,Branch_8397,7693,8547,352.11267605633805,1
7212,Branch_8398,7622,7691,20.828993959591752,1
7213,Branch_8399,1391,1673,94.16195856873823,1
7214,Branch_8400,764,1675,143.26647564469914,1
7215,Branch_8401,1674,1675,165.01650165016503,1
7216,Branch_8402,1673,1676,126.42225031605562,1
7217,Branch_8403,9205,9206,43.15925766076823,1
7218,Branch_8404,451,1243,163.1321370309951,1
7219,Branch_8405,451,1234,163.1321370309951,1
7220,Branch_8406,2413,2414,32.39390994493035,1
7221,Branch_8407,2415,2414,12.187690432663011,1
7222,Branch_8408,2608,4699,108.69565217391305,1
7223,Branch_8409,652,796,50.27652086475616,1
7224,Branch_8410,653,654,2000.0,1
7225,Branch_8411,651,652,2000.0,1
7226,Branch_8412,654,1107,37.579857196542655,1
7227,Branch_8413,2060,2333,2000.0,1
7228,Branch_8414,6718,6902,10.612331529236974,1
7229,Branch_8415,3248,3252,-39.43217665615142,1
7230,Branch_8416,3246,3252,17.822135091783995,1
7231,Branch_8417,3250,3252,9.971083856815236,1
7232,Branch_8418,3248,3251,45.80852038479157,1
7233,Branch_8419,3246,3251,-418.41004184100416,1
7234,Branch_8420,3254,3251,9.040773890245005,1
7235,Branch_8421,3246,3253,10.88139281828074,1
7236,Branch_8422,3247,3253,20.491803278688526,1
7237,Branch_8423,3255,3253,8.00640512409928,1
7238,Branch_8424,3246,3249,10.893246187363834,1
7239,Branch_8425,3247,3249,20.449897750511248,1
7240,Branch_8426,3256,3249,8.012820512820513,1
7241,Branch_8427,98,914,54.46623093681917,1
7242,Branch_8428,98,1394,2000.0,1
7243,Branch_8429,7044,7098,181.48820326678765,1
7244,Branch_8430,259,1325,18.191740949608878,1
7245,Branch_8431,1325,1521,26.082420448617633,1
7246,Branch_8432,7076,7229,346.02076124567475,1
7247,Branch_8433,2632,5027,2000.0,1
7248,Branch_8434,4848,4851,2000.0,1
7249,Branch_8435,4849,4850,2000.0,1
7250,Branch_8436,3462,3464,2000.0,1
7251,Branch_8437,3462,3465,2000.0,1
7252,Branch_8438,3462,3470,87.87346221441125,1
7253,Branch_8439,3467,3470,32.48862897985705,1
7254,Branch_8440,3471,3470,17.806267806267805,1
7255,Branch_8441,3467,3463,33.200531208499335,1
7256,Branch_8442,3462,3463,89.92805755395683,1
7257,Branch_8443,3466,3463,17.5377060680463,1
7258,Branch_8444,3464,3468,106.72358591248666,1
7259,Branch_8445,3465,3469,105.59662090813094,1
7260,Branch_8446,1891,1890,4.289084280506112,1
7261,Branch_8447,7844,7990,137.7410468319559,1
7262,Branch_8449,4579,4578,9.558401835213152,1
7263,Branch_8450,4579,4578,8.124796880077998,1
7264,Branch_8451,3456,4579,6.629980773055758,1
7265,Branch_8452,5289,5552,133.15579227696404,1
7266,Branch_8453,2096,2090,-31.026993484331367,1
7267,Branch_8454,2092,2090,4.010427110487267,1
7268,Branch_8455,2091,2090,3.980257920713262,1
7269,Branch_8456,2096,2093,57.43825387708214,1
7270,Branch_8457,2094,2093,4.220655889925294,1
7271,Branch_8458,2095,2093,4.218697266284171,1
7272,Branch_8459,4580,8843,5.124525981346725,1
7273,Branch_8460,2096,2326,20.36659877800407,1
7274,Branch_8461,7716,8366,5.482456140350878,1
7275,Branch_8462,4755,8787,18.907165815844206,1
7276,Branch_8463,5859,7716,9.363295880149813,1
7277,Branch_8464,4854,4855,2000.0,1
7278,Branch_8465,371,373,9.216589861751151,1
7279,Branch_8466,366,371,2000.0,1
7280,Branch_8467,366,372,2000.0,1
7281,Branch_8468,5162,5163,46.53327128897161,1
7282,Branch_8469,5161,5163,-483.09178743961354,1
7283,Branch_8470,5164,5163,8.960573476702509,1
7284,Branch_8471,8810,9065,649.3506493506494,1
7285,Branch_8472,8992,9065,4.602144599383313,1
7286,Branch_8473,4847,4848,150.37593984962405,1
7287,Branch_8474,4846,4849,150.37593984962405,1
7288,Branch_8475,7431,7430,18.358729575913348,1
7289,Branch_8476,6088,6090,35.38570417551309,1
7290,Branch_8477,6090,6091,10.797969981643451,1
7291,Branch_8478,7739,7741,8.94454382826476,1
7292,Branch_8479,7739,7742,13.206550449022716,1
7293,Branch_8480,7739,7740,13.319126265316996,1
7294,Branch_8481,2616,2714,52.35602094240838,1
7295,Branch_8482,2616,2964,246.30541871921181,1
7296,Branch_8483,2615,3279,192.67822736030828,1
7297,Branch_8484,2615,4042,320.5128205128205,1
7298,Branch_8485,2671,2670,8.810572687224669,1
7299,Branch_8486,2671,2669,8.810572687224669,1
7300,Branch_8487,1036,1181,248.13895781637717,1
7301,Branch_8488,1036,1234,218.8183807439825,1
7302,Branch_8489,1036,1037,17.765144785930005,1
7303,Branch_8490,9091,9089,8.336807002917883,1
7304,Branch_8491,9091,9090,8.336807002917883,1
7305,Branch_8492,9019,9091,138.88888888888889,1
7306,Branch_8493,4588,4601,833.3333333333334,1
7307,Branch_8494,4369,4371,75.01875468867217,1
7308,Branch_8495,4369,4370,68.11989100817439,1
7309,Branch_8497,2817,4960,719.4244604316547,1
7310,Branch_8498,2633,2817,136.23978201634878,1
7311,Branch_8499,8725,8766,6.91323885240235,1
7312,Branch_8500,5185,5236,2000.0,1
7313,Branch_8501,534,535,2000.0,1
7314,Branch_8502,503,534,2000.0,1
7315,Branch_8503,4500,4503,46.53327128897161,1
7316,Branch_8504,4499,4503,-483.09178743961354,1
7317,Branch_8505,4502,4503,8.92299455697332,1
7318,Branch_8506,4500,4504,39.69829297340215,1
7319,Branch_8507,4497,4504,-467.2897196261682,1
7320,Branch_8508,4505,4504,7.14694110920526,1
7321,Branch_8509,535,532,4.740235115661736,1
7322,Branch_8510,535,533,4.740235115661736,1
7323,Branch_8511,4900,4901,12.611930886618742,1
7324,Branch_8512,2741,4900,2000.0,1
7325,Branch_8513,2732,4396,38.729666924864446,1
7326,Branch_8514,4396,4540,37.993920972644375,1
7327,Branch_8515,3304,4396,72.20216606498195,1
7328,Branch_8516,413,1437,71.58196134574088,1
7329,Branch_8517,7803,7836,2000.0,1
7330,Branch_8518,9038,9064,86.65511265164645,1
7331,Branch_8519,939,944,21.01281781886951,1
7332,Branch_8520,940,945,21.01281781886951,1
7333,Branch_8521,7160,7194,61.19951040391677,1
7334,Branch_8522,2707,3867,105.59662090813094,1
7335,Branch_8523,7996,8586,40.08016032064128,1
7336,Branch_8527,7617,8453,12.88161793121216,1
7337,Branch_8528,3332,4341,1000.0,1
7338,Branch_8529,885,913,112.10762331838565,1
7339,Branch_8530,3821,4678,54.49591280653951,1
7340,Branch_8531,8645,8927,3.9328273095528377,1
7341,Branch_8532,8927,8934,7.209805335255948,1
7342,Branch_8533,5120,5188,2000.0,1
7343,Branch_8534,5120,5248,73.26007326007326,1
7344,Branch_8537,3560,3558,9.45179584120983,1
7345,Branch_8538,4288,4493,116.55011655011656,1
7346,Branch_8539,3560,3826,7.586677793794098,1
7347,Branch_8541,114,916,44.84304932735426,1
7348,Branch_8542,916,1105,94.07337723424271,1
7349,Branch_8543,8059,8058,11.62925921618793,1
7350,Branch_8544,8059,8057,11.603620329542817,1
7351,Branch_8545,6919,7221,2000.0,1
7352,Branch_8546,7221,7220,7.8945290913397015,1
7353,Branch_8547,7221,7222,3.780289570181076,1
7354,Branch_8548,6919,6918,8.405480373203329,1
7355,Branch_8549,6919,6918,7.049203440011278,1
7356,Branch_8550,5421,5559,2000.0,1
7357,Branch_8551,5559,5558,7.909515146721506,1
7358,Branch_8552,6196,6198,2000.0,1
7359,Branch_8553,8814,8815,13.071895424836601,1
7360,Branch_8555,936,1650,47.48338081671415,1
7361,Branch_8556,7664,7738,44.563279857397504,1
7362,Branch_8557,936,989,16.246953696181965,1
7363,Branch_8558,267,1234,72.41129616220131,1
7364,Branch_8559,268,1234,81.03727714748784,1
7365,Branch_8560,2911,2910,7.425007425007425,1
7366,Branch_8561,2911,2910,7.425007425007425,1
7367,Branch_8562,4597,4598,11.901928112354202,1
7368,Branch_8563,4599,4600,18.953752843062926,1
7369,Branch_8564,3028,3670,2000.0,1
7370,Branch_8565,5113,5160,94.07337723424271,1
7371,Branch_8566,9203,9204,19.89258006763477,1
7372,Branch_8567,1500,1501,185.1851851851852,1
7373,Branch_8568,1499,1501,39.8406374501992,1
7374,Branch_8569,1500,1501,714.2857142857143,1
7375,Branch_8570,1499,1500,208.33333333333334,1
7376,Branch_8571,1505,1506,142.85714285714286,1
7377,Branch_8572,1504,1505,370.3703703703704,1
7378,Branch_8573,1499,1500,68.4931506849315,1
7379,Branch_8574,1503,1506,80.0,1
7380,Branch_8575,1503,1504,107.52688172043011,1
7381,Branch_8576,7669,7667,63.09148264984227,1
7382,Branch_8577,7669,7667,62.421972534332085,1
7383,Branch_8578,7668,7667,9.709680551509855,1
7384,Branch_8579,7669,7925,29.7000297000297,1
7385,Branch_8580,7669,7925,29.62962962962963,1
7386,Branch_8582,7669,7670,2000.0,1
7387,Branch_8583,9185,9184,11.990407673860911,1
7388,Branch_8584,9156,9185,371.74721189591077,1
7389,Branch_8585,2027,2030,5.149860953754248,1
7390,Branch_8586,2028,2030,-48.923679060665364,1
7391,Branch_8587,2031,2030,2.0663291662361813,1
7392,Branch_8588,4217,4838,160.25641025641025,1
7393,Branch_8590,4217,4957,174.52006980802793,1
7394,Branch_8591,741,783,8.874689385871495,1
7395,Branch_8592,7738,7737,6.715916722632639,1
7396,Branch_8593,259,786,10.374520178441747,1
7397,Branch_8594,6094,6092,10.835410120273052,1
7398,Branch_8595,6094,6093,10.744600838078865,1
7399,Branch_8596,6081,6094,400.0,1
7400,Branch_8597,5664,5805,8.445232666159953,1
7401,Branch_8598,5160,5250,21.743857360295717,1
7402,Branch_8599,8274,8282,-18.684603886397607,1
7403,Branch_8600,8281,8282,13.431833445265278,1
7404,Branch_8601,8280,8282,13.726835964310226,1
7405,Branch_8602,8274,8276,-18.684603886397607,1
7406,Branch_8603,8279,8276,13.431833445265278,1
7407,Branch_8604,8277,8276,13.726835964310226,1
7408,Branch_8605,8278,8275,24.342745861733203,1
7409,Branch_8606,8278,8275,24.49179524859172,1
7410,Branch_8607,8274,8525,16.105653084232564,1
7411,Branch_8608,8274,8471,94.87666034155598,1
7412,Branch_8609,8258,8275,10.095911155981828,1
7413,Branch_8610,7797,8275,24.77086945751796,1
7414,Branch_8612,7660,8278,17.618040873854827,1
7415,Branch_8613,8275,8281,2000.0,1
7416,Branch_8614,8275,8281,2000.0,1
7417,Branch_8615,8275,8279,2000.0,1
7418,Branch_8616,8275,8279,2000.0,1
7419,Branch_8617,8278,8449,23.137436372049976,1
7420,Branch_8618,8274,8345,97.84735812133073,1
7421,Branch_8619,7814,8278,35.637918745545264,1
7422,Branch_8620,513,512,5.159426271798576,1
7423,Branch_8622,152,1035,9.157509157509157,1
7424,Branch_8623,2677,2680,-72.46376811594203,1
7425,Branch_8624,2678,2680,9.633911368015415,1
7426,Branch_8625,2679,2680,5.572582892170521,1
7427,Branch_8626,2677,2954,87.26003490401396,1
7428,Branch_8627,783,1254,48.49660523763337,1
7429,Branch_8628,8069,8266,264.55026455026456,1
7430,Branch_8629,8266,8310,13.017443374121322,1
7431,Branch_8630,2179,2181,16.578249336870027,1
7432,Branch_8631,2179,2180,16.396130513198884,1
7433,Branch_8632,2179,2182,16.43115346697338,1
7434,Branch_8633,1768,2179,2000.0,1
7435,Branch_8634,1768,2179,2000.0,1
7436,Branch_8635,7199,7200,9.266123054114159,1
7437,Branch_8637,988,1140,7.686395080707149,1
7438,Branch_8639,7638,7639,5.720823798627002,1
7439,Branch_8640,8920,8923,16.54807214959457,1
7440,Branch_8641,8920,8926,16.531658125309967,1
7441,Branch_8642,8920,8922,12.21001221001221,1
7442,Branch_8643,8920,8925,12.175818823815902,1
7443,Branch_8644,8920,8921,12.858428700012858,1
7444,Branch_8645,8920,8924,12.781186094069529,1
7445,Branch_8646,9230,9231,2.7567955009097425,1
7446,Branch_8647,9230,9232,2.759838825412596,1
7447,Branch_8648,9220,9255,53.022269353128316,1
7448,Branch_8649,9220,9224,39.01677721420211,1
7449,Branch_8650,9233,9276,64.43298969072166,1
7450,Branch_8651,9227,9276,85.76329331046313,1
7451,Branch_8652,9276,9278,7.947230390209012,1
7452,Branch_8653,9277,9278,-70.57163020465772,1
7453,Branch_8654,9279,9278,5.911563017261764,1
7454,Branch_8655,9238,9235,22.639800769753226,1
7455,Branch_8656,9234,9235,-191.57088122605364,1
7456,Branch_8657,9240,9235,6.434592368573451,1
7457,Branch_8658,9237,9236,22.49212775528565,1
7458,Branch_8659,9234,9236,-192.30769230769232,1
7459,Branch_8660,9239,9236,6.463706289186219,1
7460,Branch_8661,9226,9230,34.85535029627048,1
7461,Branch_8662,9226,9271,28.042624789680314,1
7462,Branch_8663,9234,9256,86.13264427217915,1
7463,Branch_8667,9228,9277,18.726591760299627,1
7464,Branch_8668,9222,9264,46.554934823091244,1
7465,Branch_8669,9271,9277,22.3563603845294,1
7466,Branch_8670,9223,9270,56.49717514124294,1
7467,Branch_8671,9248,9270,115.87485515643105,1
7468,Branch_8672,9270,9272,7.886435331230284,1
7469,Branch_8673,9271,9272,-62.61740763932373,1
7470,Branch_8674,9273,9272,5.9262771127177905,1
7471,Branch_8675,9223,9234,39.88831272437176,1
7472,Branch_8676,9222,9229,33.72681281618887,1
7473,Branch_8677,9229,9248,110.98779134295228,1
7474,Branch_8678,9241,9255,16.084928422068522,1
7475,Branch_8679,9246,9242,22.634676324128566,1
7476,Branch_8680,9241,9242,-197.23865877712032,1
7477,Branch_8681,9244,9242,6.463288521199586,1
7478,Branch_8682,9247,9243,22.665457842248415,1
7479,Branch_8683,9241,9243,-195.3125,1
7480,Branch_8684,9245,9243,6.449532408900355,1
7481,Branch_8685,9225,9230,19.364833462432223,1
7482,Branch_8686,9224,9256,51.3347022587269,1
7483,Branch_8687,9224,9255,54.25935973955507,1
7484,Branch_8688,9224,9241,20.742584526031944,1
7485,Branch_8689,9233,9256,58.51375073142189,1
7486,Branch_8690,9224,9233,79.4912559618442,1
7487,Branch_8691,9220,9221,85.25149190110827,1
7488,Branch_8692,9228,9265,23.025558369790467,1
7489,Branch_8693,9225,9265,25.641025641025642,1
7490,Branch_8694,9221,9264,81.43322475570032,1
7491,Branch_8695,9264,9266,7.847445656438829,1
7492,Branch_8696,9265,9266,-60.790273556231,1
7493,Branch_8697,9267,9266,5.813953488372093,1
7494,Branch_8698,9227,9234,139.66480446927375,1
7495,Branch_8699,9249,9251,22.680880018144705,1
7496,Branch_8700,9248,9251,-193.7984496124031,1
7497,Branch_8701,9252,9251,6.459531038046638,1
7498,Branch_8702,9250,9253,22.568269013766646,1
7499,Branch_8703,9248,9253,-192.30769230769232,1
7500,Branch_8704,9254,9253,6.463706289186219,1
7501,Branch_8705,5005,5006,45.187528242205154,1
7502,Branch_8706,5004,5006,-467.2897196261682,1
7503,Branch_8707,5007,5006,7.662248103593594,1
7504,Branch_8708,5005,5008,45.187528242205154,1
7505,Branch_8709,5004,5008,-467.2897196261682,1
7506,Branch_8710,5009,5008,7.662248103593594,1
7507,Branch_8711,769,1324,157.9778830963665,1
7508,Branch_8712,346,768,469.4835680751174,1
7509,Branch_8713,769,1255,537.6344086021505,1
7510,Branch_8714,767,769,160.0,1
7511,Branch_8715,768,770,363.6363636363636,1
7512,Branch_8716,984,985,952.3809523809524,1
7513,Branch_8717,982,986,555.5555555555555,1
7514,Branch_8718,7923,7924,15.85288522511097,1
7515,Branch_8719,7827,8570,90.33423667570008,1
7516,Branch_8721,4183,4701,48.97159647404506,1
7517,Branch_8722,3218,4183,27.412280701754387,1
7518,Branch_8724,1969,1970,4.795013186286262,1
7519,Branch_8725,7952,8050,206.18556701030928,1
7520,Branch_8726,8050,8542,42.51700680272109,1
7521,Branch_8727,8050,8051,2000.0,1
7522,Branch_8728,6446,7096,27.816411682892905,1
7523,Branch_8729,230,1024,75.87253414264036,1
7524,Branch_8730,1022,1024,2000.0,1
7525,Branch_8731,1023,1025,2000.0,1
7526,Branch_8732,772,1025,43.61098996947231,1
7527,Branch_8733,29,1024,85.39709649871904,1
7528,Branch_8734,29,1025,85.32423208191126,1
7529,Branch_8735,7769,7840,112.73957158962796,1
7530,Branch_8736,7840,7841,934.5794392523364,1
7531,Branch_8737,7841,7842,14.275517487508923,1
7532,Branch_8738,7840,8035,49.28536224741252,1
7533,Branch_8739,8035,8036,14.84560570071259,1
7534,Branch_8740,7862,7863,13.273161667109106,1
7535,Branch_8741,7910,7999,2000.0,1
7536,Branch_8742,7909,7910,14.148273910582908,1
7537,Branch_8743,7876,7883,2000.0,1
7538,Branch_8744,7883,7882,7.756748371082842,1
7539,Branch_8745,5862,6088,14.490653528474134,1
7540,Branch_8746,5861,5862,5.7405281285878305,1
7541,Branch_8747,5861,5862,7.4649148999701405,1
7542,Branch_8749,53,609,132.9787234042553,1
7543,Branch_8750,4212,4210,48.54368932038835,1
7544,Branch_8751,4209,4211,48.54368932038835,1
7545,Branch_8752,4178,4210,2000.0,1
7546,Branch_8753,4430,4431,2000.0,1
7547,Branch_8754,676,679,1960.7843137254902,1
7548,Branch_8755,679,765,68.39945280437756,1
7549,Branch_8756,678,679,2000.0,1
7550,Branch_8757,675,677,2000.0,1
7551,Branch_8758,1180,1183,2000.0,1
7552,Branch_8759,1184,1185,2000.0,1
7553,Branch_8760,6902,7301,195.3125,1
7554,Branch_8761,6421,7301,13.865779256794232,1
7555,Branch_8762,3042,3641,64.89292667099286,1
7556,Branch_8763,2297,8367,9.813542688910697,1
7557,Branch_8764,1779,1780,10.123506782749544,1
7558,Branch_8765,2222,2223,32.78688524590164,1
7559,Branch_8766,2225,2223,-395.25691699604744,1
7560,Branch_8767,2226,2223,6.980802792321117,1
7561,Branch_8768,2222,2224,29.71768202080238,1
7562,Branch_8769,2225,2224,-369.00369003690037,1
7563,Branch_8770,2227,2224,4.919323101141283,1
7564,Branch_8771,2222,2228,30.111412225233362,1
7565,Branch_8772,2225,2228,-398.40637450199205,1
7566,Branch_8773,2229,2228,6.587615283267457,1
7567,Branch_8774,320,1181,206.18556701030928,1
7568,Branch_8775,1180,1235,245.09803921568627,1
7569,Branch_8776,1181,1182,2000.0,1
7570,Branch_8777,7963,8581,20.98635886673662,1
7571,Branch_8778,7663,7779,97.27626459143968,1
7572,Branch_8779,7663,8031,57.537399309551205,1
7573,Branch_8780,5642,5644,19.569471624266146,1
7574,Branch_8781,6913,7240,12.007684918347742,1
7575,Branch_8783,1715,2010,15.730690577316345,1
7576,Branch_8784,1715,2275,89.92805755395683,1
7577,Branch_8785,1718,1910,602.4096385542168,1
7578,Branch_8786,1828,1910,471.6981132075472,1
7579,Branch_8787,1720,1721,118.48341232227489,1
7580,Branch_8788,1720,1722,118.48341232227489,1
7581,Branch_8789,8927,9174,27.609055770292656,1
7582,Branch_8790,6088,6359,14.492753623188406,1
7583,Branch_8791,5827,6359,50.42864346949067,1
7584,Branch_8792,5827,6359,53.648068669527895,1
7585,Branch_8793,6273,6359,8.147967082212988,1
7586,Branch_8794,8098,8099,8.216926869350862,1
7587,Branch_8795,8098,8100,8.145312372729494,1
7588,Branch_8796,8098,8535,2000.0,1
7589,Branch_8797,305,306,57.6036866359447,1
7590,Branch_8798,5989,6374,45.59963520291838,1
7591,Branch_8800,1521,1522,23.293733985557886,1
7592,Branch_8801,1099,1521,18.618506795754982,1
7593,Branch_8802,1522,1732,18.355359765051396,1
7594,Branch_8803,786,1521,14.85001485001485,1
7595,Branch_8804,783,1522,60.790273556231,1
7596,Branch_8812,2441,2440,18.453589223103894,1
7597,Branch_8814,5663,5691,55.55555555555556,1
7598,Branch_8815,7821,7865,2000.0,1
7599,Branch_8816,7748,7865,2000.0,1
7600,Branch_8817,6431,7116,297.6190476190476,1
7601,Branch_8818,1906,1908,2.1872265966754156,1
7602,Branch_8819,1906,1909,2.1872265966754156,1
7603,Branch_8820,7733,7901,41.1522633744856,1
7604,Branch_8821,7901,7913,404.8582995951417,1
7605,Branch_8822,9097,9130,9.541074324968992,1
7606,Branch_8823,9145,9143,7.8982702788089405,1
7607,Branch_8824,9145,9144,7.8982702788089405,1
7608,Branch_8825,9034,9145,78.125,1
7609,Branch_8826,1742,1743,25.980774227071965,1
7610,Branch_8827,1741,1743,-296.7359050445104,1
7611,Branch_8828,1744,1743,18.17190623296384,1
7612,Branch_8829,1742,1746,25.094102885821833,1
7613,Branch_8830,1741,1746,-259.7402597402597,1
7614,Branch_8831,1745,1746,18.17190623296384,1
7615,Branch_8832,253,1068,38.15337657382678,1
7616,Branch_8833,1742,2075,146.84287812041117,1
7617,Branch_8834,1742,2075,146.84287812041117,1
7618,Branch_8835,1085,1486,67.11409395973155,1
7619,Branch_8836,4646,4645,9.297136481963555,1
7620,Branch_8837,2216,2217,-39.032006245120996,1
7621,Branch_8838,2215,2219,-38.85003885003885,1
7622,Branch_8839,2212,2217,3.391785096496286,1
7623,Branch_8840,2218,2219,3.3846674564224064,1
7624,Branch_8841,2213,2211,3.108003108003108,1
7625,Branch_8842,2213,2217,6.840413160954922,1
7626,Branch_8843,2213,2219,6.868131868131868,1
7627,Branch_8844,6345,6350,2000.0,1
7628,Branch_8845,6345,6344,14.068655036578503,1
7629,Branch_8846,3461,4645,1162.7906976744187,1
7630,Branch_8847,5873,5876,251.25628140703517,1
7631,Branch_8848,5873,5905,6.520605112154408,1
7632,Branch_8849,5873,6185,4.1128567903265605,1
7633,Branch_8851,5878,5876,15.43924656476764,1
7634,Branch_8852,6015,6014,4.765308553728854,1
7635,Branch_8853,6015,6016,4.765308553728854,1
7636,Branch_8854,6164,6185,40.91653027823241,1
7637,Branch_8856,5905,5967,15.098897780462027,1
7638,Branch_8857,9292,9295,2.700658960786432,1
7639,Branch_8858,9293,9296,2.725686873092019,1
7640,Branch_8859,9291,9294,6.476683937823834,1
7641,Branch_8863,8771,8982,7.371369600471768,1
7642,Branch_8864,8772,8823,2.361330846064842,1
7643,Branch_8865,8761,8771,8.04634695848085,1
7644,Branch_8866,8720,8772,3.4047189404514655,1
7645,Branch_8867,7757,7858,8.880206020779681,1
7646,Branch_8868,7731,8301,3.546853940554728,1
7647,Branch_8869,7731,7756,12.24889759921607,1
7648,Branch_8870,7731,8464,7.987220447284345,1
7649,Branch_8871,8907,9130,29.129041654529566,1
7650,Branch_8872,8730,9130,2000.0,1
7651,Branch_8873,6342,6341,11.054609772275038,1
7652,Branch_8874,6342,6343,5.369992482010526,1
7653,Branch_8875,6339,6342,436.68122270742356,1
7654,Branch_8876,6316,6339,140.4494382022472,1
7655,Branch_8877,6339,6337,15.160703456640388,1
7656,Branch_8878,6339,6338,5.369992482010526,1
7657,Branch_8879,6246,6247,2000.0,1
7658,Branch_8880,6217,6246,62.30529595015577,1
7659,Branch_8881,7854,8512,59.844404548174744,1
7660,Branch_8882,7834,8349,42.19409282700422,1
7661,Branch_8883,925,1104,943.3962264150944,1
7662,Branch_8884,1603,1604,2000.0,1
7663,Branch_8885,8805,8822,9.746588693957115,1
7664,Branch_8886,8914,9098,4.125072188763303,1
7665,Branch_8887,8841,9098,2000.0,1
7666,Branch_8888,6792,6884,3.143764343424817,1
7667,Branch_8889,6433,6792,454.54545454545456,1
7668,Branch_8890,6695,6811,1369.86301369863,1
7669,Branch_8891,344,1682,323.62459546925567,1
7670,Branch_8892,7930,8124,398.40637450199205,1
7671,Branch_8894,7837,7930,2000.0,1
7672,Branch_8895,7838,7930,2000.0,1
7673,Branch_8896,3202,4265,1587.3015873015872,1
7674,Branch_8897,7759,8056,5.985873338920149,1
7675,Branch_8898,7852,8056,7.947230390209012,1
7676,Branch_8899,3202,3203,30.76923076923077,1
7677,Branch_8900,3201,3203,-357.14285714285717,1
7678,Branch_8901,3205,3203,8.176614881439084,1
7679,Branch_8902,3202,3206,30.76923076923077,1
7680,Branch_8903,3201,3206,-357.14285714285717,1
7681,Branch_8904,3207,3206,8.176614881439084,1
7682,Branch_8905,3204,3201,15.928639694170117,1
7683,Branch_8906,3202,4164,312.5,1
7684,Branch_8907,3055,3201,48.44961240310077,1
7685,Branch_8908,6947,6950,9.336196433572962,1
7686,Branch_8909,6947,6949,6.355662895640015,1
7687,Branch_8910,5599,5672,37.064492216456635,1
7688,Branch_8912,5672,5682,125.0,1
7689,Branch_8913,6828,7231,34.674063800277395,1
7690,Branch_8916,19,1284,19.960079840319363,1
7691,Branch_8917,1284,8436,2.6062027625749282,1
7692,Branch_8918,4425,4426,5.920663114268798,1
7693,Branch_8919,2869,3123,69.63788300835654,1
7694,Branch_8920,3123,4668,59.38242280285036,1
7695,Branch_8923,7755,8242,21.533161068044787,1
7696,Branch_8924,2744,4791,413.22314049586777,1
7697,Branch_8925,420,1671,98.32841691248771,1
7698,Branch_8926,420,906,43.066322136089575,1
7699,Branch_8927,5934,5957,6.052536012589275,1
7700,Branch_8928,5934,6077,152.4390243902439,1
7701,Branch_8929,8127,8126,15.264845061822623,1
7702,Branch_8930,8127,8430,16.276041666666668,1
7703,Branch_8931,5825,6031,52.19206680584551,1
7704,Branch_8932,5774,5825,43.2338953739732,1
7705,Branch_8933,1783,1782,24.277737314882252,1
7706,Branch_8934,7127,7130,46.21072088724584,1
7707,Branch_8935,7128,7130,-454.54545454545456,1
7708,Branch_8936,7129,7130,8.94854586129754,1
7709,Branch_8937,1782,1864,2000.0,1
7710,Branch_8938,7641,8514,105.9322033898305,1
7711,Branch_8939,7619,7641,38.16793893129771,1
7712,Branch_8940,7644,8601,5.380972879896685,1
7713,Branch_8941,8102,8601,5.629362756136006,1
7714,Branch_8942,2912,2916,12.737230925996688,1
7715,Branch_8943,2912,2917,13.75515818431912,1
7716,Branch_8944,2912,2915,86.80555555555556,1
7717,Branch_8945,2912,2914,5.420054200542006,1
7718,Branch_8946,2913,2914,-27.3224043715847,1
7719,Branch_8947,2918,2914,8.401243384020836,1
7720,Branch_8948,844,1603,37.67897513187641,1
7721,Branch_8949,1403,1606,164.47368421052633,1
7722,Branch_8950,1605,1607,2000.0,1
7723,Branch_8951,1602,1606,66.40106241699867,1
7724,Branch_8952,4294,4301,21.81976871045167,1
7725,Branch_8953,4294,4297,21.436227224008576,1
7726,Branch_8954,4295,4296,21.715526601520086,1
7727,Branch_8955,4295,4300,21.715526601520086,1
7728,Branch_8956,4294,4299,21.468441391155004,1
7729,Branch_8957,4294,4298,21.4638334406525,1
7730,Branch_8959,6991,6995,46.51162790697674,1
7731,Branch_8960,6994,6995,-485.43689320388347,1
7732,Branch_8961,6996,6995,8.997660608241857,1
7733,Branch_8962,6991,6992,46.57661853749418,1
7734,Branch_8963,6994,6992,-478.4688995215311,1
7735,Branch_8964,6993,6992,6.815238874122538,1
7736,Branch_8965,235,1190,1136.3636363636363,1
7737,Branch_8966,235,950,113.76564277588169,1
7738,Branch_8967,235,237,38.639876352395675,1
7739,Branch_8968,236,237,2000.0,1
7740,Branch_8969,238,237,7.411250277921885,1
7741,Branch_8970,239,240,136.986301369863,1
7742,Branch_8971,235,240,87.18395815170008,1
7743,Branch_8972,241,240,9.899029895070283,1
7744,Branch_8973,7154,7155,71.4796283059328,1
7745,Branch_8974,7153,7155,69.7350069735007,1
7746,Branch_8975,7156,7155,5.13294322964788,1
7747,Branch_8976,65,899,2000.0,1
7748,Branch_8977,5799,5800,23.391812865497077,1
7749,Branch_8978,5800,6080,2000.0,1
7750,Branch_8979,20,7724,7.263746640517179,1
7751,Branch_8980,7969,8096,33.7609723160027,1
7752,Branch_8981,7969,8579,7.946598855689765,1
7753,Branch_8982,1175,7969,10.785159620362382,1
7754,Branch_8983,7969,8354,28.546959748786755,1
7755,Branch_8984,5599,5957,4.3029259896729775,1
7756,Branch_8985,5647,5956,3.5724492712203486,1
7757,Branch_8986,4960,4961,16.056518946692357,1
7758,Branch_8987,4960,4962,16.046213093709884,1
7759,Branch_8988,7665,7728,118.48341232227489,1
7760,Branch_8989,7626,7728,62.97229219143577,1
7761,Branch_8990,5838,5851,17.307026652821044,1
7762,Branch_8991,5813,5910,56.72149744753261,1
7763,Branch_8992,5813,6113,77.33952049497293,1
7764,Branch_8993,5768,5910,4.936077792586011,1
7765,Branch_8994,3365,3553,4.423995752964077,1
7766,Branch_8995,3014,4242,61.576354679802954,1
7767,Branch_8996,3365,3407,6.601531555320834,1
7768,Branch_8997,3014,3073,6.561679790026247,1
7769,Branch_8998,7108,7106,8.874689385871495,1
7770,Branch_8999,7108,7107,8.874689385871495,1
7771,Branch_9000,7952,8540,25.119316754584275,1
7772,Branch_9001,8028,8030,386.1003861003861,1
7773,Branch_9002,8028,8029,14.234875444839858,1
7774,Branch_9003,3060,3059,1.8456995201181248,1
7775,Branch_9004,664,666,2000.0,1
7776,Branch_9005,647,666,250.6265664160401,1
7777,Branch_9006,649,665,174.52006980802793,1
7778,Branch_9007,191,666,146.84287812041117,1
7779,Branch_9010,2666,2671,250.0,1
7780,Branch_9011,5996,5998,9.932459276916964,1
7781,Branch_9012,5996,6004,9.921619208254787,1
7782,Branch_9013,5996,6007,9.94431185361973,1
7783,Branch_9014,5996,6002,9.852216748768473,1
7784,Branch_9015,5996,6005,9.875567845151096,1
7785,Branch_9016,5996,6003,9.818360333824252,1
7786,Branch_9017,5997,6009,33.277870216306155,1
7787,Branch_9018,5996,6009,168.0672268907563,1
7788,Branch_9019,6001,6009,6.378364587319811,1
7789,Branch_9020,5997,6011,-25.438819638768763,1
7790,Branch_9021,5996,6011,12.971851083149565,1
7791,Branch_9022,6000,6011,2.628259041211102,1
7792,Branch_9023,5996,6010,10.827197921178,1
7793,Branch_9024,5999,6010,-72.83321194464676,1
7794,Branch_9025,6012,6010,2.8348688873139616,1
7795,Branch_9026,5997,6008,33.523298692591354,1
7796,Branch_9027,5996,6008,153.84615384615384,1
7797,Branch_9028,6006,6008,6.968641114982578,1
7798,Branch_9029,2474,8489,17.36111111111111,1
7799,Branch_9030,8234,8485,123.00123001230013,1
7800,Branch_9031,9062,9064,10.196798205363516,1
7801,Branch_9032,9063,9064,10.144045445323595,1
7802,Branch_9033,763,982,413.22314049586777,1
7803,Branch_9034,982,983,2000.0,1
7804,Branch_9035,983,984,2000.0,1
7805,Branch_9036,645,985,877.1929824561404,1
7806,Branch_9038,7859,7860,432.9004329004329,1
7807,Branch_9039,7859,7861,432.9004329004329,1
7808,Branch_9042,7977,8343,2000.0,1
7809,Branch_9043,7977,7976,11.234692731153803,1
7810,Branch_9044,8313,8376,62.73525721455458,1
7811,Branch_9045,6785,6910,3.1623553222440073,1
7812,Branch_9046,206,897,12.805736970162632,1
7813,Branch_9047,8376,8378,18.73711823121604,1
7814,Branch_9048,8344,8376,262.4671916010499,1
7815,Branch_9049,5705,5720,8.101101749837978,1
7816,Branch_9050,7678,8485,2000.0,1
7817,Branch_9051,7677,8485,2000.0,1
7818,Branch_9052,7679,8485,2000.0,1
7819,Branch_9054,7677,8296,48.804294777940456,1
7820,Branch_9055,7678,7680,2000.0,1
7821,Branch_9056,7677,7680,2000.0,1
7822,Branch_9057,7622,7678,25.588536335721596,1
7823,Branch_9058,2833,2946,2000.0,1
7824,Branch_9059,2832,2946,2000.0,1
7825,Branch_9060,5470,5471,2.031281738777168,1
7826,Branch_9061,5469,5470,62.18905472636816,1
7827,Branch_9062,5210,5471,78.80220646178093,1
7828,Branch_9063,5464,5470,129.70168612191958,1
7829,Branch_9064,2796,3741,33.67003367003367,1
7830,Branch_9065,2796,4795,884.9557522123894,1
7831,Branch_9066,2612,4284,115.2073732718894,1
7832,Branch_9067,2612,2919,120.1923076923077,1
7833,Branch_9068,8340,8479,89.84725965858041,1
7834,Branch_9069,2946,2942,6.249609399412536,1
7835,Branch_9070,2946,2943,9.80872976949485,1
7836,Branch_9071,2946,2945,30.816640986132512,1
7837,Branch_9072,2946,2944,11.109876680368847,1
7838,Branch_9073,2946,2941,11.109876680368847,1
7839,Branch_9074,2833,3867,16.406890894175554,1
7840,Branch_9075,2946,4081,21.27659574468085,1
7841,Branch_9076,7729,8479,45.33091568449683,1
7842,Branch_9077,1265,1267,1.4760583338253528,1
7843,Branch_9079,7915,7922,352.11267605633805,1
7844,Branch_9080,7922,7921,11.350737797956867,1
7845,Branch_9081,7920,7922,8.56898029134533,1
7846,Branch_9082,9186,9187,9.286775631500744,1
7847,Branch_9083,9186,9188,9.286775631500744,1
7848,Branch_9084,9013,9186,2000.0,1
7849,Branch_9085,40,875,59.20663114268798,1
7850,Branch_9086,5851,6109,21.58894645941278,1
7851,Branch_9087,5636,5851,22.951572182694516,1
7852,Branch_9090,4408,4800,408.16326530612247,1
7853,Branch_9091,4407,4800,408.16326530612247,1
7854,Branch_9092,5280,5275,54.88474204171241,1
7855,Branch_9093,5280,5279,75.41478129713424,1
7856,Branch_9094,5280,5278,62.53908692933083,1
7857,Branch_9095,5280,5282,11.983223487118035,1
7858,Branch_9096,5274,5282,-520.8333333333334,1
7859,Branch_9097,5276,5282,8.802042073761113,1
7860,Branch_9098,5280,5281,21.1864406779661,1
7861,Branch_9099,5273,5281,100.0,1
7862,Branch_9100,5277,5281,3.4904013961605584,1
7863,Branch_9101,4392,4479,2000.0,1
7864,Branch_9102,3811,4317,161.55088852988692,1
7865,Branch_9103,3811,4178,92.08103130755065,1
7866,Branch_9104,2108,2107,5.234779877506151,1
7867,Branch_9105,5334,5336,69.7350069735007,1
7868,Branch_9106,5333,5336,72.41129616220131,1
7869,Branch_9107,5335,5336,5.212677231025855,1
7870,Branch_9108,8613,8892,40.32258064516129,1
7871,Branch_9109,5482,5484,2000.0,1
7872,Branch_9110,792,856,806.4516129032259,1
7873,Branch_9111,7688,7870,177.61989342806393,1
7874,Branch_9112,7870,8402,26.70940170940171,1
7875,Branch_9115,5614,6134,3.248862897985705,1
7876,Branch_9117,9346,9380,2000.0,1
7877,Branch_9118,9380,9378,8.6617583369424,1
7878,Branch_9119,9380,9379,8.625894936599671,1
7879,Branch_9120,2869,3436,26.12330198537095,1
7880,Branch_9121,8285,8514,34.036759700476516,1
7881,Branch_9123,3436,3821,39.032006245120996,1
7882,Branch_9124,1777,8303,4.653327128897161,1
7883,Branch_9125,8397,8499,66.00660066006601,1
7884,Branch_9126,8396,8397,2000.0,1
7885,Branch_9127,8242,8397,42.30118443316413,1
7886,Branch_9128,320,1252,53.13496280552604,1
7887,Branch_9132,6683,6684,46.99248120300752,1
7888,Branch_9133,6678,6684,-543.4782608695652,1
7889,Branch_9134,6685,6684,8.943743851176102,1
7890,Branch_9135,2338,2337,5.139274334463973,1
7891,Branch_9136,2233,2232,4.88328938372888,1
7892,Branch_9138,9003,9004,2.7524703421320633,1
7893,Branch_9139,186,1669,235.8490566037736,1
7894,Branch_9140,186,1001,145.98540145985402,1
7895,Branch_9141,7832,7902,16.409583196586805,1
7896,Branch_9142,321,1546,68.1663258350375,1
7897,Branch_9144,2885,3058,2000.0,1
7898,Branch_9148,396,1324,124.53300124533001,1
7899,Branch_9149,1177,1324,2000.0,1
7900,Branch_9150,1176,1324,2000.0,1
7901,Branch_9151,8185,8184,14.222727919214906,1
7902,Branch_9152,8183,8185,2000.0,1
7903,Branch_9153,9271,9292,2000.0,1
7904,Branch_9154,9271,9293,2000.0,1
7905,Branch_9155,9270,9291,2000.0,1
7906,Branch_9156,2713,3947,115.07479861910241,1
7907,Branch_9157,1097,1272,387.5968992248062,1
7908,Branch_9159,1275,1272,3.299894403379092,1
7909,Branch_9160,1276,1272,3.4441191665231616,1
7910,Branch_9161,1275,1274,4.026089057089942,1
7911,Branch_9162,3081,3997,3.0134096730450506,1
7912,Branch_9163,3215,3997,3.1729914963827897,1
7913,Branch_9167,5517,5519,19.34984520123839,1
7914,Branch_9168,797,1545,119.76047904191617,1
7915,Branch_9169,8627,8742,27.464982147761603,1
7916,Branch_9170,1234,1545,73.52941176470588,1
7917,Branch_9171,503,1545,854.7008547008547,1
7918,Branch_9172,7749,8485,81.30081300813008,1
7919,Branch_9173,5948,5950,-138.88888888888889,1
7920,Branch_9174,5946,5950,18.939393939393938,1
7921,Branch_9175,5952,5950,2.4103936172777014,1
7922,Branch_9176,5948,5949,18.014772113132768,1
7923,Branch_9177,5947,5949,-96.89922480620154,1
7924,Branch_9178,5951,5949,4.365477801545379,1
7925,Branch_9185,5948,9314,36.19254433586681,1
7926,Branch_9186,8981,8982,2000.0,1
7927,Branch_9187,8644,8907,6.387327542156362,1
7928,Branch_9188,4131,8907,1.8868992584485913,1
7929,Branch_9189,6427,7227,37.0919881305638,1
7930,Branch_9190,6427,6430,1000.0,1
7931,Branch_9191,546,547,10.52853232259423,1
7932,Branch_9192,546,548,10.930156301235108,1
7933,Branch_9193,7827,7828,55.77244841048522,1
7934,Branch_9194,7661,8244,93.28358208955224,1
7935,Branch_9195,7661,7779,50.53057099545225,1
7936,Branch_9196,7747,8490,20.846362309776943,1
7937,Branch_9197,8822,8821,11.05094485578517,1
7938,Branch_9198,6246,6254,114.15525114155251,1
7939,Branch_9199,507,1308,684.931506849315,1
7940,Branch_9200,507,1311,684.931506849315,1
7941,Branch_9201,8892,9138,1562.5,1
7942,Branch_9202,8686,9138,23.34812047630166,1
7943,Branch_9203,551,552,12.893243940175347,1
7944,Branch_9204,551,553,12.893243940175347,1
7945,Branch_9205,551,555,24.88181139586962,1
7946,Branch_9206,6875,6888,5.426230397742688,1
7947,Branch_9207,6713,6874,21.427040925648168,1
7948,Branch_9208,6821,6888,7.103786318107551,1
7949,Branch_9209,6821,7421,108.22510822510823,1
7950,Branch_9210,6821,6874,72.46376811594203,1
7951,Branch_9211,6888,6987,30.637254901960784,1
7952,Branch_9212,6832,6987,7.605719501064801,1
7953,Branch_9213,6832,6963,9.798157946306095,1
7954,Branch_9215,6740,7009,3.4199726402188784,1
7955,Branch_9217,6608,6905,53.022269353128316,1
7956,Branch_9218,6596,6905,3.1938677738741617,1
7957,Branch_9219,6604,7027,9.325748391308403,1
7958,Branch_9220,7027,7028,8.583690987124463,1
7959,Branch_9221,7028,7029,9.099181073703367,1
7960,Branch_9222,6727,7029,7.593014426727411,1
7961,Branch_9223,1866,2456,23.685457129322597,1
7962,Branch_9225,2456,2511,17.044486108743822,1
7963,Branch_9226,2010,2456,66.84491978609626,1
7964,Branch_9227,1898,2456,71.63323782234957,1
7965,Branch_9228,1988,2455,22.696323195642307,1
7966,Branch_9229,2304,2455,35.637918745545264,1
7967,Branch_9230,2455,2476,87.56567425569177,1
7968,Branch_9231,1994,2454,98.4251968503937,1
7969,Branch_9232,1994,2454,98.4251968503937,1
7970,Branch_9233,1822,2454,54.28881650380022,1
7971,Branch_9235,2012,2454,120.48192771084338,1
7972,Branch_9236,2954,3213,45.93477262287551,1
7973,Branch_9237,3053,3213,98.52216748768473,1
7974,Branch_9238,5450,5451,10.002000400080016,1
7975,Branch_9239,5448,5450,854.7008547008547,1
7976,Branch_9240,2482,2483,4.130183380142078,1
7977,Branch_9241,1339,2482,3.9984006397441023,1
7978,Branch_9250,2842,4990,2000.0,1
7979,Branch_9251,4744,4745,73.31378299120234,1
7980,Branch_9253,1737,2560,14.444604940054889,1
7981,Branch_9254,7998,7997,23.228803716608596,1
7982,Branch_9258,7752,7997,7.133176403452457,1
7983,Branch_9259,2719,3395,63.89776357827476,1
7984,Branch_9260,2718,3394,63.89776357827476,1
7985,Branch_9261,2632,2655,22.256843979523705,1
7986,Branch_9262,2654,2656,37.778617302606726,1
7987,Branch_9263,2653,4912,95.32888465204957,1
7988,Branch_9264,3162,3724,66.09385327164574,1
7989,Branch_9265,942,938,2.5021894157387714,1
7990,Branch_9266,943,938,2.5021894157387714,1
7991,Branch_9267,944,938,2.38299494805071,1
7992,Branch_9268,945,938,2.6228132294699296,1
7993,Branch_9269,940,941,0.15270695992511252,1
7994,Branch_9270,938,989,64.02048655569783,1
7995,Branch_9271,8366,8583,17.421602787456447,1
7996,Branch_9272,1372,1467,1851.851851851852,1
7997,Branch_9273,1029,1467,230.94688221709006,1
7998,Branch_9274,7062,7246,925.925925925926,1
7999,Branch_9275,7246,7417,341.29692832764505,1
8000,Branch_9276,7246,7245,12.40694789081886,1
8001,Branch_9277,8501,8502,3.1985670419651995,1
8002,Branch_9278,1044,1046,88.88888888888889,1
8003,Branch_9279,1045,1046,134.9527665317139,1
8004,Branch_9280,1047,1046,9.926543577526305,1
8005,Branch_9281,1044,1050,50.377833753148614,1
8006,Branch_9282,1045,1050,-757.5757575757576,1
8007,Branch_9283,1048,1050,6.736728644570197,1
8008,Branch_9284,1044,1051,-315.45741324921136,1
8009,Branch_9285,1045,1051,43.802014892685065,1
8010,Branch_9286,1049,1051,11.997600479904019,1
8011,Branch_9287,101,1045,223.71364653243847,1
8012,Branch_9288,142,145,5.424758598242378,1
8013,Branch_9289,142,146,5.424758598242378,1
8014,Branch_9290,142,144,11.81753722524226,1
8015,Branch_9291,142,143,11.835720203574388,1
8016,Branch_9292,142,226,5.410377103284099,1
8017,Branch_9293,142,147,5.392289026691831,1
8018,Branch_9294,146,149,0.8576329331046312,1
8019,Branch_9295,142,148,2.1456925222615597,1
8020,Branch_9296,142,148,2.1456925222615597,1
8021,Branch_9297,142,151,6.5333856004181365,1
8022,Branch_9298,143,449,17.45810055865922,1
8023,Branch_9299,144,1175,170.06802721088437,1
8024,Branch_9300,143,144,2000.0,1
8025,Branch_9301,144,633,39.87240829346093,1
8026,Branch_9302,7813,8432,3.711676935639522,1
8027,Branch_9303,5232,5233,46.27487274409995,1
8028,Branch_9304,5231,5233,-460.8294930875576,1
8029,Branch_9305,5230,5233,8.986340762041696,1
8030,Branch_9306,462,1013,1041.6666666666667,1
8031,Branch_9307,462,463,4.1363335539377895,1
8032,Branch_9308,6211,6218,73.96449704142012,1
8033,Branch_9309,8116,8115,9.69274013763691,1
8034,Branch_9310,8051,8116,1408.4507042253522,1
8035,Branch_9311,8519,8527,48.33252779120348,1
8036,Branch_9312,8519,8520,235.2941176470588,1
8037,Branch_9313,8529,8520,61.53846153846154,1
8038,Branch_9314,8518,8520,7.928327915642591,1
8039,Branch_9315,8515,8514,7.52049334436339,1
8040,Branch_9316,8515,8514,8.00384184408516,1
8041,Branch_9317,8521,8524,34.940600978336825,1
8042,Branch_9318,8516,8523,34.940600978336825,1
8043,Branch_9319,8517,8522,34.940600978336825,1
8044,Branch_9320,8245,8514,58.445353594389246,1
8045,Branch_9321,8220,8514,29.507229271171436,1
8046,Branch_9322,7885,8519,21.34927412467976,1
8047,Branch_9323,7915,8519,75.8150113722517,1
8048,Branch_9324,7915,8519,76.10350076103501,1
8049,Branch_9325,8514,8605,36.46973012399708,1
8050,Branch_9327,8514,8528,2000.0,1
8051,Branch_9328,8514,8530,2000.0,1
8052,Branch_9329,8527,8528,9.385265133740027,1
8053,Branch_9330,8514,8521,1538.4615384615386,1
8054,Branch_9331,8514,8517,1538.4615384615386,1
8055,Branch_9332,8529,8530,9.385265133740027,1
8056,Branch_9333,8514,8516,1538.4615384615386,1
8057,Branch_9334,7784,8519,57.37234652897303,1
8058,Branch_9335,8525,8526,-49.6031746031746,1
8059,Branch_9336,8519,8526,2000.0,1
8060,Branch_9337,8245,8514,58.445353594389246,1
8061,Branch_9339,2889,4761,2000.0,1
8062,Branch_9341,6520,7045,564.9717514124294,1
8063,Branch_9343,6520,6696,174.21602787456445,1
8064,Branch_9344,4761,4772,2000.0,1
8065,Branch_9345,4761,4773,2000.0,1
8066,Branch_9346,5610,6168,2.7873010563871006,1
8067,Branch_9347,5681,5814,2000.0,1
8068,Branch_9348,2919,3053,485.43689320388347,1
8069,Branch_9349,2378,2377,8.908685968819599,1
8070,Branch_9350,1747,2378,793.6507936507936,1
8071,Branch_9352,5634,5854,168.0672268907563,1
8072,Branch_9353,5634,6263,11.75226231049477,1
8073,Branch_9354,5634,5649,18.198362147406733,1
8074,Branch_9355,3371,3645,8.670770831526923,1
8075,Branch_9358,2153,2154,3.5855145213338115,1
8076,Branch_9360,7730,7850,5.164755707055057,1
8077,Branch_9361,7729,7730,2000.0,1
8078,Branch_9362,7729,7953,61.53846153846154,1
8079,Branch_9363,8267,8379,80.25682182985554,1
8080,Branch_9364,1191,1192,141.84397163120568,1
8081,Branch_9365,1193,1194,140.4494382022472,1
8082,Branch_9366,2778,2780,14.729709824716453,1
8083,Branch_9367,2778,2781,14.3348623853211,1
8084,Branch_9368,2778,4735,2000.0,1
8085,Branch_9369,8612,8979,15.45833977430824,1
8086,Branch_9371,7307,7568,261.0966057441253,1
8087,Branch_9372,7307,7568,261.0966057441253,1
8088,Branch_9374,265,270,404.8582995951417,1
8089,Branch_9375,3089,3966,2000.0,1
8090,Branch_9376,3964,3963,46.53327128897161,1
8091,Branch_9377,3965,3963,-458.7155963302752,1
8092,Branch_9378,3969,3963,8.960573476702509,1
8093,Branch_9379,3964,3968,46.403712296983755,1
8094,Branch_9380,3966,3968,-450.45045045045043,1
8095,Branch_9381,3967,3968,9.000090000900009,1
8096,Branch_9382,5146,5467,2000.0,1
8097,Branch_9383,5146,5468,2000.0,1
8098,Branch_9384,2525,2526,22.055580061755624,1
8099,Branch_9385,2527,2526,-154.79876160990713,1
8100,Branch_9386,2528,2526,7.4766355140186915,1
8101,Branch_9387,3396,3947,198.80715705765408,1
8102,Branch_9388,6696,6698,49.75124378109453,1
8103,Branch_9389,6695,6698,-555.5555555555555,1
8104,Branch_9390,6699,6698,6.784260515603799,1
8105,Branch_9391,6696,6697,49.75124378109453,1
8106,Branch_9392,6695,6697,-555.5555555555555,1
8107,Branch_9393,6700,6697,6.784260515603799,1
8108,Branch_9394,5093,5308,20.669698222405952,1
8109,Branch_9395,5227,5308,19.98800719568259,1
8110,Branch_9396,5308,5387,23.963575365444523,1
8111,Branch_9397,4734,4736,98.61932938856016,1
8112,Branch_9398,9347,9348,9.1000091000091,1
8113,Branch_9399,9347,9349,9.1000091000091,1
8114,Branch_9400,9350,9351,8.431703204047217,1
8115,Branch_9401,5612,6117,3.9619651347068148,1
8116,Branch_9402,5612,6222,16.611295681063122,1
8117,Branch_9405,3415,8787,32.1853878339234,1
8118,Branch_9406,173,1595,15.288182235132243,1
8119,Branch_9407,794,796,2000.0,1
8120,Branch_9408,793,795,2000.0,1
8121,Branch_9409,8505,8503,15.358623867301489,1
8122,Branch_9410,8506,8504,15.358623867301489,1
8123,Branch_9411,8507,8500,36.85956505713233,1
8124,Branch_9412,8501,8499,13.535462912831619,1
8125,Branch_9413,8499,8507,2000.0,1
8126,Branch_9417,8346,8499,24.521824423737126,1
8127,Branch_9418,5893,6119,10.658708164570454,1
8128,Branch_9419,650,1515,9.25925925925926,1
8129,Branch_9420,9336,9337,56.21135469364812,1
8130,Branch_9421,4355,4358,5.717552887364208,1
8131,Branch_9422,4356,4358,-100.0,1
8132,Branch_9423,4357,4358,3.2562683165092805,1
8133,Branch_9424,8701,8700,7.162810686913545,1
8134,Branch_9425,6147,6291,621.1180124223603,1
8135,Branch_9426,5991,6147,98.61932938856016,1
8136,Branch_9427,6739,6764,273.224043715847,1
8137,Branch_9428,6739,6738,4.780114722753346,1
8138,Branch_9429,6739,6738,4.780114722753346,1
8139,Branch_9430,3917,4059,2000.0,1
8140,Branch_9431,3158,3616,36.67033370003667,1
8141,Branch_9432,3616,4801,49.97501249375313,1
8142,Branch_9433,3472,3746,2000.0,1
8143,Branch_9434,5286,5381,16.283992835043154,1
8144,Branch_9435,7643,8246,6.622955162593549,1
8145,Branch_9436,7619,8219,64.9772579597141,1
8146,Branch_9437,8219,8221,2000.0,1
8147,Branch_9438,8220,8221,2000.0,1
8148,Branch_9439,8470,8472,2000.0,1
8149,Branch_9440,8471,8470,43.49717268377555,1
8150,Branch_9441,7942,8470,54.94505494505494,1
8151,Branch_9443,8471,8473,2000.0,1
8152,Branch_9444,786,1099,21.468441391155004,1
8153,Branch_9445,1837,1879,79.11392405063292,1
8154,Branch_9446,1988,1995,45.64125969876768,1
8155,Branch_9447,1754,1885,23.391812865497077,1
8156,Branch_9448,5855,6303,17.304031839418585,1
8157,Branch_9449,5854,5855,2000.0,1
8158,Branch_9450,3292,4391,26.462026991267532,1
8159,Branch_9451,3277,3292,66.53359946773121,1
8160,Branch_9454,2676,4871,2000.0,1
8161,Branch_9455,8263,8264,5.720823798627002,1
8162,Branch_9458,165,1190,102.24948875255623,1
8163,Branch_9459,165,1190,101.5228426395939,1
8164,Branch_9460,7394,7393,13.22576378785875,1
8165,Branch_9461,1085,1090,-354.6099290780142,1
8166,Branch_9462,1083,1090,58.17335660267597,1
8167,Branch_9463,1093,1090,10.439503079653408,1
8168,Branch_9464,1085,1089,-847.457627118644,1
8169,Branch_9465,1083,1089,65.27415143603133,1
8170,Branch_9466,1082,1089,9.789525208027412,1
8171,Branch_9467,1085,1091,-250.6265664160401,1
8172,Branch_9468,1083,1091,55.005500550055004,1
8173,Branch_9469,1092,1091,10.640561821664184,1
8174,Branch_9470,1085,1088,2000.0,1
8175,Branch_9471,1085,1087,2000.0,1
8176,Branch_9472,1084,1088,1886.7924528301887,1
8177,Branch_9473,1086,1087,2000.0,1
8178,Branch_9474,165,1083,122.69938650306749,1
8179,Branch_9475,165,1083,122.69938650306749,1
8180,Branch_9476,242,1083,123.45679012345678,1
8181,Branch_9477,242,1083,123.45679012345678,1
8182,Branch_9478,8339,8575,2000.0,1
8183,Branch_9480,2315,2314,2.66865926558497,1
8184,Branch_9481,6662,6663,44.96402877697842,1
8185,Branch_9482,6659,6663,440.52863436123346,1
8186,Branch_9483,6660,6663,6.0960741282613995,1
8187,Branch_9484,6662,6664,90.00900090009002,1
8188,Branch_9485,6659,6664,265.2519893899204,1
8189,Branch_9486,6661,6664,13.35826876836762,1
8190,Branch_9487,6662,6665,69.97900629811056,1
8191,Branch_9488,6659,6665,69.01311249137336,1
8192,Branch_9489,6666,6665,5.138482092389908,1
8193,Branch_9491,8492,8588,8.180628272251308,1
8194,Branch_9493,6984,6983,12.007684918347742,1
8195,Branch_9495,6625,6628,12.727504136438844,1
8196,Branch_9496,6625,6632,12.727504136438844,1
8197,Branch_9497,6625,6629,17.711654268508678,1
8198,Branch_9498,6626,6627,12.727504136438844,1
8199,Branch_9499,6626,6630,12.727504136438844,1
8200,Branch_9500,6626,6631,17.711654268508678,1
8201,Branch_9501,9026,9034,79.93605115907275,1
8202,Branch_9504,9026,9034,80.45052292839904,1
8203,Branch_9505,5432,5434,7.519927808693036,1
8204,Branch_9506,5432,5435,71.42857142857143,1
8205,Branch_9507,5432,5433,70.87172218284904,1
8206,Branch_9509,5764,6152,176.3668430335097,1
8207,Branch_9510,5764,6260,12.600806451612904,1
8208,Branch_9511,3292,4680,2000.0,1
8209,Branch_9512,8949,8950,18.740629685157423,1
8210,Branch_9513,8949,8952,21.77226213803614,1
8211,Branch_9514,8951,8950,2.606678309829784,1
8212,Branch_9515,8952,8950,-130.89005235602093,1
8213,Branch_9516,8952,8989,628.930817610063,1
8214,Branch_9517,8952,8989,847.457627118644,1
8215,Branch_9518,8638,8949,27.88622420524261,1
8216,Branch_9519,8641,8949,34.094783498124784,1
8217,Branch_9520,2719,4420,171.82130584192439,1
8218,Branch_9521,2719,2728,33.32222592469177,1
8219,Branch_9522,2718,2729,33.32222592469177,1
8220,Branch_9523,7817,7816,13.914011409489357,1
8221,Branch_9525,3001,3002,8.333333333333334,1
8222,Branch_9526,3001,3007,9.261831990367694,1
8223,Branch_9527,3001,3004,13.640703860319192,1
8224,Branch_9528,3001,3005,9.602458229306702,1
8225,Branch_9529,3001,3008,1.1577692102856216,1
8226,Branch_9530,3001,4163,14.9678191887442,1
8227,Branch_9531,9368,9369,10.646225912913872,1
8228,Branch_9532,9367,9369,-71.07320540156361,1
8229,Branch_9533,9370,9369,2.3710166919575113,1
8230,Branch_9534,3558,4256,353.35689045936397,1
8231,Branch_9535,6691,7354,162.86644951140065,1
8232,Branch_9536,7336,7354,194.55252918287937,1
8233,Branch_9538,8296,8599,684.931506849315,1
8234,Branch_9539,2240,2241,5.203996669442132,1
8235,Branch_9540,8328,8464,8.554319931565441,1
8236,Branch_9541,3613,3612,7.017543859649122,1
8237,Branch_9542,3613,3612,7.661074082586379,1
8238,Branch_9543,3613,3700,4.705882352941177,1
8239,Branch_9544,3031,4316,2000.0,1
8240,Branch_9545,3612,4345,14.992503748125937,1
8241,Branch_9546,3364,3363,13.648150675583459,1
8242,Branch_9547,3363,4256,17.84439685938615,1
8243,Branch_9548,2921,3364,91.74311926605505,1
8244,Branch_9549,3364,4492,15.620118712902219,1
8245,Branch_9550,3364,4684,2.513004799839168,1
8246,Branch_9551,3364,4150,2.6062027625749282,1
8247,Branch_9552,2116,2273,2000.0,1
8248,Branch_9553,9216,9217,62.814070351758794,1
8249,Branch_9554,9216,9219,88.96797153024912,1
8250,Branch_9555,9217,9218,230.4147465437788,1
8251,Branch_9556,3896,4204,64.47453255963894,1
8252,Branch_9557,5666,6274,42.78990158322636,1
8253,Branch_9558,3068,3069,11.381743683132257,1
8254,Branch_9559,3067,3069,5.899705014749262,1
8255,Branch_9560,3071,3069,-11.381743683132257,1
8256,Branch_9561,3068,3070,4.209994527007115,1
8257,Branch_9562,3067,3070,-22.537750732476898,1
8258,Branch_9563,3072,3070,1.0840460936399017,1
8259,Branch_9564,8257,8386,313.47962382445144,1
8260,Branch_9567,8257,8258,8.710801393728223,1
8261,Branch_9568,1255,1610,165.56291390728478,1
8262,Branch_9569,5601,5778,22.81021897810219,1
8263,Branch_9570,5601,6263,50.505050505050505,1
8264,Branch_9573,1671,1672,2000.0,1
8265,Branch_9577,6269,6290,132.27513227513228,1
8266,Branch_9578,6290,6288,11.669973159061735,1
8267,Branch_9579,6290,6289,11.556685542586386,1
8268,Branch_9580,5662,6031,12.751849018107626,1
8269,Branch_9581,694,881,12.853470437017995,1
8270,Branch_9582,51,694,4.515692029803567,1
8271,Branch_9583,5323,5324,5.807200929152149,1
8272,Branch_9584,6958,6959,4.752851711026616,1
8273,Branch_9585,6450,6489,26.737967914438503,1
8274,Branch_9586,6490,6489,9.601536245799329,1
8275,Branch_9587,7735,7873,232.5581395348837,1
8276,Branch_9588,7364,7363,2.3245542667193564,1
8277,Branch_9589,6848,7364,2000.0,1
8278,Branch_9590,7873,7872,3.7158145065398336,1
8279,Branch_9591,8424,8445,1785.7142857142858,1
8280,Branch_9592,6633,6785,18.37897445322551,1
8281,Branch_9593,6633,7030,151.5151515151515,1
8282,Branch_9594,1901,1902,225.22522522522522,1
8283,Branch_9595,2010,2374,25.906735751295336,1
8284,Branch_9596,1902,1997,85.17887563884156,1
8285,Branch_9597,1997,2041,65.91957811470007,1
8286,Branch_9598,1994,2158,185.5287569573284,1
8287,Branch_9599,1994,2158,184.50184501845018,1
8288,Branch_9600,1816,2274,113.25028312570781,1
8289,Branch_9601,1912,2274,71.12375533428165,1
8290,Branch_9602,582,1256,363.6363636363636,1
8291,Branch_9603,582,1458,606.060606060606,1
8292,Branch_9604,417,1256,1587.3015873015872,1
8293,Branch_9609,8673,8914,101.21457489878543,1
8294,Branch_9610,8673,8823,33.921302578018995,1
8295,Branch_9611,8823,8937,43.84042086804033,1
8296,Branch_9612,8673,8674,10.673497705197994,1
8297,Branch_9613,8674,9175,4.985293384515678,1
8298,Branch_9614,5688,6394,970.8737864077669,1
8299,Branch_9615,8797,8795,10.621348911311737,1
8300,Branch_9619,8796,8797,2000.0,1
8301,Branch_9620,8795,8929,645.1612903225806,1
8302,Branch_9621,5796,8797,7.548878991469767,1
8303,Branch_9622,1187,1188,2000.0,1
8304,Branch_9623,7804,8475,9.7551458394303,1
8305,Branch_9624,7804,8556,19.801980198019802,1
8306,Branch_9625,7804,8087,96.06147934678194,1
8307,Branch_9626,7804,8302,23.364485981308412,1
8308,Branch_9628,9216,9365,2000.0,1
8309,Branch_9630,7967,7965,22.90950744558992,1
8310,Branch_9631,7968,7966,22.81021897810219,1
8311,Branch_9632,8214,8496,2000.0,1
8312,Branch_9633,8341,8497,161.81229773462783,1
8313,Branch_9634,8495,8496,2000.0,1
8314,Branch_9635,7886,7885,33.211557622052474,1
8315,Branch_9636,7887,7885,23.4246896228625,1
8316,Branch_9637,7784,7885,27.979854504756574,1
8317,Branch_9638,7886,7963,510.2040816326531,1
8318,Branch_9639,7887,7963,529.1005291005291,1
8319,Branch_9640,7989,8016,2000.0,1
8320,Branch_9641,7640,8341,126.74271229404309,1
8321,Branch_9642,8016,8015,13.297872340425531,1
8322,Branch_9643,7708,8599,104.27528675703859,1
8323,Branch_9644,6564,7450,751.8796992481203,1
8324,Branch_9645,928,1186,229.3577981651376,1
8325,Branch_9646,3330,4619,16.105653084232564,1
8326,Branch_9647,3177,3330,2.928000468480075,1
8327,Branch_9648,4088,4684,7.752538956508256,1
8328,Branch_9649,5592,5724,45.16711833785005,1
8329,Branch_9650,2659,2665,2000.0,1
8330,Branch_9651,2659,4783,2000.0,1
8331,Branch_9652,9053,9052,32.74394237066143,1
8332,Branch_9653,9053,9051,20.50020500205002,1
8333,Branch_9654,9053,9050,20.597322348094746,1
8334,Branch_9655,2665,2664,29.940119760479043,1
8335,Branch_9656,2665,2662,18.231540565177756,1
8336,Branch_9657,2665,2663,18.20167455405897,1
8337,Branch_9658,4783,4782,29.559562518474728,1
8338,Branch_9659,4783,4781,17.99208348326736,1
8339,Branch_9660,4783,4784,17.879492222420883,1
8340,Branch_9661,8089,8305,76.62835249042145,1
8341,Branch_9662,8089,8540,120.62726176115802,1
8342,Branch_9663,3330,4088,2000.0,1
8343,Branch_9664,7797,7798,2000.0,1
8344,Branch_9665,7798,7799,6.306363120388472,1
8345,Branch_9666,7798,7799,6.306363120388472,1
8346,Branch_9667,7673,7871,12.575452716297786,1
8347,Branch_9670,2100,2320,102.45901639344262,1
8348,Branch_9671,2963,4611,2000.0,1
8349,Branch_9672,50,393,452.4886877828054,1
8350,Branch_9673,393,880,144.50867052023122,1
8351,Branch_9674,7983,8473,561.7977528089888,1
8352,Branch_9675,8741,8893,74.4047619047619,1
8353,Branch_9676,5729,5778,40.16064257028113,1
8354,Branch_9677,5729,5822,79.30214115781126,1
8355,Branch_9678,8766,8765,9.380863039399625,1
8356,Branch_9679,8766,8829,9.539254030334828,1
8357,Branch_9680,8638,8765,10.058338362502514,1
8358,Branch_9681,409,410,2000.0,1
8359,Branch_9682,7589,7588,13.28374070138151,1
8360,Branch_9683,7007,7589,2000.0,1
8361,Branch_9684,2306,2448,13.659336156262805,1
8362,Branch_9685,2448,8333,9.40999341300461,1
8363,Branch_9686,2447,2454,44.18912947414936,1
8364,Branch_9687,2447,8110,164.74464579901152,1
8365,Branch_9688,2447,2448,20.716801325875284,1
8366,Branch_9689,2447,8330,69.54102920723227,1
8367,Branch_9690,6867,6871,9.94431185361973,1
8368,Branch_9691,6867,6868,9.875567845151096,1
8369,Branch_9692,6867,6872,9.909820632246557,1
8370,Branch_9693,6867,6870,9.791442279447763,1
8371,Branch_9694,6867,6869,9.754194303550527,1
8372,Branch_9695,6797,6867,2000.0,1
8373,Branch_9696,6594,6709,2000.0,1
8374,Branch_9697,6591,7021,126.10340479192938,1
8375,Branch_9698,6709,7021,2000.0,1
8376,Branch_9699,6589,6591,208.33333333333334,1
8377,Branch_9701,6594,6595,10.54407423028258,1
8378,Branch_9702,6591,6592,10.513036164844408,1
8379,Branch_9703,6589,6590,10.513036164844408,1
8380,Branch_9704,6589,6593,10.513036164844408,1
8381,Branch_9705,8616,8884,14.025245441795231,1
8382,Branch_9706,8558,8559,4.277891854893908,1
8383,Branch_9707,8558,8560,4.277891854893908,1
8384,Branch_9708,8558,8561,4.277891854893908,1
8385,Branch_9709,8558,8562,4.277891854893908,1
8386,Branch_9710,8303,8302,23.752969121140143,1
8387,Branch_9711,8302,8558,719.4244604316547,1
8388,Branch_9712,8144,8302,632.9113924050633,1
8389,Branch_9713,8302,8489,22.670596236681025,1
8390,Branch_9714,8183,8302,141.84397163120568,1
8391,Branch_9715,1737,1736,8.402655239055541,1
8392,Branch_9716,3098,4535,38.92565200467108,1
8393,Branch_9717,6441,7077,35.486160397445,1
8394,Branch_9718,6441,7094,35.1741118536757,1
8395,Branch_9719,6745,6768,16.94628029147602,1
8396,Branch_9720,1894,1893,19.443904335990666,1
8397,Branch_9721,7797,8343,77.39938080495357,1
8398,Branch_9723,7821,7820,6.242976651267324,1
8399,Branch_9724,8533,8534,9.178522257916475,1
8400,Branch_9725,8533,8534,9.178522257916475,1
8401,Branch_9726,7821,8533,2000.0,1
8402,Branch_9727,9140,9325,149.03129657228018,1
8403,Branch_9731,5695,5875,39.69829297340215,1
8404,Branch_9732,5592,5875,17.6056338028169,1
8405,Branch_9733,7928,8303,46.36068613815485,1
8406,Branch_9734,6303,6304,259.7402597402597,1
8407,Branch_9735,609,1097,141.84397163120568,1
8408,Branch_9737,404,405,8.655011251514628,1
8409,Branch_9738,403,404,729.92700729927,1
8410,Branch_9739,1308,1309,95.14747859181732,1
8411,Branch_9740,1310,1311,95.14747859181732,1
8412,Branch_9741,1100,1308,156.98587127158555,1
8413,Branch_9742,1101,1311,156.98587127158555,1
8414,Branch_9743,4058,4157,2.630402188494621,1
8415,Branch_9744,487,1653,41.23711340206186,1
8416,Branch_9745,1652,1653,2000.0,1
8417,Branch_9746,9068,9066,8.878629139660836,1
8418,Branch_9747,9068,9067,8.878629139660836,1
8419,Branch_9748,9086,9084,7.501875468867217,1
8420,Branch_9749,9086,9085,7.501875468867217,1
8421,Branch_9750,5756,6144,29.061319383900027,1
8422,Branch_9751,7665,7675,163.9344262295082,1
8423,Branch_9752,7970,7972,22.716946842344388,1
8424,Branch_9753,7971,7973,22.716946842344388,1
8425,Branch_9754,7619,7665,75.7002271006813,1
8426,Branch_9755,7619,7970,2000.0,1
8427,Branch_9756,7619,7971,2000.0,1
8428,Branch_9757,7619,8009,104.0582726326743,1
8429,Branch_9758,6781,6829,180.18018018018017,1
8430,Branch_9759,6823,6829,23.228803716608596,1
8431,Branch_9760,4885,4886,10.594342621040365,1
8432,Branch_9761,4885,4887,10.583130489998942,1
8433,Branch_9762,4753,6340,65.31678641410842,1
8434,Branch_9763,7329,7328,10.658708164570454,1
8435,Branch_9764,7330,7328,10.984182776801406,1
8436,Branch_9765,9274,9275,7.5392038600723765,1
8437,Branch_9766,599,1690,2000.0,1
8438,Branch_9768,599,603,77.82101167315174,1
8439,Branch_9772,595,603,9.424182452172275,1
8440,Branch_9773,596,603,9.406452826639075,1
8441,Branch_9776,948,1006,27.034333603676668,1
8442,Branch_9779,949,952,2000.0,1
8443,Branch_9780,949,951,2000.0,1
8444,Branch_9781,949,990,32.98153034300792,1
8445,Branch_9782,948,994,33.222591362126245,1
8446,Branch_9783,949,953,-231.4814814814815,1
8447,Branch_9784,950,953,53.50454788657036,1
8448,Branch_9785,954,953,10.278548668927947,1
8449,Branch_9786,950,957,57.8368999421631,1
8450,Branch_9788,948,957,-331.12582781456956,1
8451,Branch_9789,955,957,10.472300764477955,1
8452,Branch_9790,950,959,65.23157208088715,1
8453,Branch_9792,948,959,-781.25,1
8454,Branch_9793,960,959,9.848335631278314,1
8455,Branch_9794,950,958,58.20721769499418,1
8456,Branch_9796,949,958,-492.61083743842363,1
8457,Branch_9797,956,958,9.891196834817013,1
8458,Branch_9798,7194,7227,28.555111364934323,1
8459,Branch_9799,7850,7864,2000.0,1
8460,Branch_9808,7586,7587,24.685262898049864,1
8461,Branch_9809,7586,7585,9.937394415184338,1
8462,Branch_9810,8034,8492,96.99321047526674,1
8463,Branch_9811,8034,8461,3.7505156959081876,1
8464,Branch_9812,1519,1645,746.2686567164179,1
8465,Branch_9813,2793,2794,14.801657785671996,1
8466,Branch_9814,2793,2795,4.802151363810987,1
8467,Branch_9815,5675,5674,4.622353702505316,1
8468,Branch_9816,2837,2838,3.827751196172249,1
8469,Branch_9817,772,849,47.14757190004715,1
8470,Branch_9818,1006,1007,215.05376344086022,1
8471,Branch_9819,1005,1008,293.2551319648094,1
8472,Branch_9820,989,1008,71.89072609633357,1
8473,Branch_9821,2618,2623,2000.0,1
8474,Branch_9822,2618,2622,2000.0,1
8475,Branch_9823,2618,2624,2000.0,1
8476,Branch_9824,4237,4239,19.71608832807571,1
8477,Branch_9825,4237,4238,19.569471624266146,1
8478,Branch_9826,645,984,581.3953488372093,1
8479,Branch_9827,644,645,2000.0,1
8480,Branch_9828,658,1064,4.479483963447411,1
8481,Branch_9829,658,786,4.1995632454224765,1
8482,Branch_9830,406,468,657.8947368421053,1
8483,Branch_9833,84,998,13.345789403443213,1
8484,Branch_9834,895,998,11.571395510298542,1
8485,Branch_9835,742,928,71.94244604316546,1
8486,Branch_9836,798,1304,8.976660682226212,1
8487,Branch_9837,798,1035,9.182736455463727,1
8488,Branch_9838,8368,8367,9.63948332369385,1
8489,Branch_9839,7947,8368,847.457627118644,1
8490,Branch_9840,461,459,16.5892501658925,1
8491,Branch_9841,461,460,16.5892501658925,1
8492,Branch_9842,461,631,367.6470588235294,1
8493,Branch_9843,5443,5454,20.060180541624874,1
8494,Branch_9844,5135,5136,5.2854122621564485,1
8495,Branch_9845,5737,6151,12.790995139421847,1
8496,Branch_9846,3339,3711,5.14827018121911,1
8497,Branch_9847,8880,8881,10.650761529449355,1
8498,Branch_9849,8631,8696,2000.0,1
8499,Branch_9850,273,272,9.42951438000943,1
8500,Branch_9851,5260,5436,90.9090909090909,1
8501,Branch_9852,3301,4353,239.8081534772182,1
8502,Branch_9853,3276,3301,132.80212483399734,1
8503,Branch_9854,8129,8132,9.469696969696969,1
8504,Branch_9855,8131,8132,0.7369957106849638,1
8505,Branch_9856,8128,8132,-27.389756231169542,1
8506,Branch_9857,7916,8130,15.008254539996999,1
8507,Branch_9858,7858,8128,3.9813672014969943,1
8508,Branch_9859,8723,9048,12.16397031991242,1
8509,Branch_9860,7705,7706,2000.0,1
8510,Branch_9861,7706,8009,289.8550724637681,1
8511,Branch_9862,7915,8161,175.43859649122808,1
8512,Branch_9863,6925,7001,13.014055179593962,1
8513,Branch_9864,8259,8343,69.7350069735007,1
8514,Branch_9865,8299,8381,8.15594160345812,1
8515,Branch_9866,5003,5002,23.245002324500234,1
8516,Branch_9867,8630,8903,7.245326764237067,1
8517,Branch_9868,8630,8939,10.937329104232747,1
8518,Branch_9869,2911,4600,37.299515106303616,1
8519,Branch_9870,3098,6203,48.1000481000481,1
8520,Branch_9871,3098,4743,117.096018735363,1
8521,Branch_9872,2788,3177,8.426729586247577,1
8522,Branch_9873,7615,8263,8.32639467110741,1
8523,Branch_9874,7615,8303,1.8742034635280005,1
8524,Branch_9875,7615,7759,5.170630816959669,1
8525,Branch_9876,6231,6235,1315.7894736842106,1
8526,Branch_9877,747,748,2000.0,1
8527,Branch_9878,749,750,2000.0,1
8528,Branch_9879,748,990,118.2033096926714,1
8529,Branch_9882,8063,8234,429.18454935622316,1
8530,Branch_9883,4867,4885,250.6265664160401,1
8531,Branch_9884,1475,1476,3.069085105729982,1
8532,Branch_9885,3724,3834,3.0365601846228594,1
8533,Branch_9886,2988,3723,68.4931506849315,1
8534,Branch_9887,3548,3722,25.588536335721596,1
8535,Branch_9888,4913,4915,12.802458071949815,1
8536,Branch_9889,4913,4916,8.156606851549755,1
8537,Branch_9890,4914,4913,42.3728813559322,1
8538,Branch_9891,4909,4914,182.14936247723134,1
8539,Branch_9894,8044,8291,49.82561036372696,1
8540,Branch_9907,8105,8336,16.9061707523246,1
8541,Branch_9908,7780,8105,3.006795357507968,1
8542,Branch_9910,7863,8161,416.6666666666667,1
8543,Branch_9911,7424,7422,11.559357299734135,1
8544,Branch_9912,7424,7423,11.469205184080744,1
8545,Branch_9913,7411,7424,990.0990099009902,1
8546,Branch_9914,501,493,4.738887309259786,1
8547,Branch_9915,501,494,4.738887309259786,1
8548,Branch_9916,501,495,4.738887309259786,1
8549,Branch_9917,501,496,4.738887309259786,1
8550,Branch_9918,501,497,4.738887309259786,1
8551,Branch_9919,501,498,4.738887309259786,1
8552,Branch_9920,501,499,4.738887309259786,1
8553,Branch_9921,501,500,4.738887309259786,1
8554,Branch_9922,7902,8302,9.636696540425943,1
8555,Branch_9923,7461,7459,9.723842862699339,1
8556,Branch_9924,7461,7460,11.469205184080744,1
8557,Branch_9925,7411,7461,869.5652173913044,1
8558,Branch_9926,8702,8705,46.81647940074907,1
8559,Branch_9927,8704,8705,-507.61421319796955,1
8560,Branch_9928,8703,8705,5.130573085013596,1
8561,Branch_9929,1165,1370,495.0495049504951,1
8562,Branch_9930,1662,1667,3.1187624750499,1
8563,Branch_9931,4289,4438,187.6172607879925,1
8564,Branch_9932,151,1667,149.03129657228018,1
8565,Branch_9933,3461,4289,111.48272017837235,1
8566,Branch_9934,3804,4068,85.32423208191126,1
8567,Branch_9935,2738,4068,2000.0,1
8568,Branch_9936,3394,4863,238.6634844868735,1
8569,Branch_9937,3395,4864,238.6634844868735,1
8570,Branch_9938,4009,4864,140.8450704225352,1
8571,Branch_9939,4864,4866,85.6898029134533,1
8572,Branch_9940,4863,4865,85.6898029134533,1
8573,Branch_9941,3320,3981,5.297732570459843,1
8574,Branch_9942,3246,3982,30.864197530864196,1
8575,Branch_9943,3711,3981,5.169027189083015,1
8576,Branch_9944,3981,3982,11.538017768547364,1
8577,Branch_9945,8213,8251,172.1170395869191,1
8578,Branch_9946,7737,8251,31.017369727047146,1
8579,Branch_9947,8234,8251,58.03830528148578,1
8580,Branch_9948,37,225,129.19896640826875,1
8581,Branch_9949,37,39,2.8827582230678312,1
8582,Branch_9950,37,38,2.7092194738695783,1
8583,Branch_9951,1234,1242,15.89825119236884,1
8584,Branch_9952,1235,1239,21.41327623126338,1
8585,Branch_9953,1235,1237,21.41327623126338,1
8586,Branch_9954,1235,1236,21.41327623126338,1
8587,Branch_9955,1235,1241,21.41327623126338,1
8588,Branch_9956,1234,1240,21.41327623126338,1
8589,Branch_9957,1234,1238,26.939655172413794,1
8590,Branch_9958,1076,1075,16.452780519907865,1
8591,Branch_9959,1078,1077,16.469038208168644,1
8592,Branch_9960,1079,1080,16.488046166529266,1
8593,Branch_9962,3626,3624,46.21072088724584,1
8594,Branch_9963,3625,3624,-467.2897196261682,1
8595,Branch_9964,3627,3624,8.97102359379205,1
8596,Branch_9965,3319,4235,68.54009595613434,1
8597,Branch_9966,2170,2548,74.96251874062969,1
8598,Branch_9968,581,2548,23.266635644485806,1
8599,Branch_9970,1214,2548,10.82485386447283,1
8600,Branch_9971,6740,6913,11.927480916030534,1
8601,Branch_9972,7627,7628,1.6171286264109448,1
8602,Branch_9973,7627,7629,2.3214244260278107,1
8603,Branch_9974,6216,6219,41.084634346754314,1
8604,Branch_9976,2984,4359,5.359056806002144,1
8605,Branch_9978,3458,3799,63.57279084551812,1
8606,Branch_9979,3458,3457,10.620220900594733,1
8607,Branch_9980,3456,3455,2000.0,1
8608,Branch_9981,2739,3455,24.131274131274132,1
8609,Branch_9982,151,1064,28.058361391694724,1
8610,Branch_9983,182,1095,675.6756756756756,1
8611,Branch_9984,1663,1664,2000.0,1
8612,Branch_9985,1665,1666,2000.0,1
8613,Branch_9986,5605,6105,432.9004329004329,1
8614,Branch_9987,5605,5606,10.498687664041995,1
8615,Branch_9988,5605,5607,10.50089257586895,1
8616,Branch_9989,5801,6105,2000.0,1
8617,Branch_9992,7733,8594,19.406171162429654,1
8618,Branch_9993,7733,8544,81.36696501220504,1
8619,Branch_9996,1939,2011,67.11409395973155,1
8620,Branch_9997,1852,1889,2000.0,1
8621,Branch_9998,1889,2200,75.75757575757575,1
8622,Branch_9999,2035,2304,125.62814070351759,1
8623,Branch_10000,809,1320,246.91358024691357,1
8624,Branch_10001,1028,1320,153.60983102918587,1
8625,Branch_10002,6643,6650,49.504950495049506,1
8626,Branch_10003,6649,6650,5.700929251467989,1
8627,Branch_10004,6648,6650,5.651313930488839,1
8628,Branch_10005,6643,6651,46.860356138706656,1
8629,Branch_10006,6646,6651,5.728689275893675,1
8630,Branch_10007,6647,6651,5.6840788950150625,1
8631,Branch_10008,6643,6652,44.28697962798937,1
8632,Branch_10009,6644,6652,5.626828719333783,1
8633,Branch_10010,6644,6652,5.566998830930245,1
8634,Branch_10011,6643,6653,135.13513513513513,1
8635,Branch_10012,6645,6653,6.120700208103807,1
8636,Branch_10013,6645,6653,6.1109753116597405,1
8637,Branch_10014,2701,4199,69.88120195667365,1
8638,Branch_10015,2701,2705,41.71881518564873,1
8639,Branch_10016,3189,3190,6.406149903907751,1
8640,Branch_10017,3188,3190,42.19409282700422,1
8641,Branch_10018,3191,3190,3.9401103230890464,1
8642,Branch_10019,292,1596,2000.0,1
8643,Branch_10020,7399,7400,46.04051565377532,1
8644,Branch_10021,7398,7400,-438.5964912280702,1
8645,Branch_10022,7402,7400,9.06947215672048,1
8646,Branch_10023,7399,7401,46.27487274409995,1
8647,Branch_10024,7398,7401,-460.8294930875576,1
8648,Branch_10025,7403,7401,8.916629514043692,1
8649,Branch_10026,6274,6279,16.35590448151783,1
8650,Branch_10027,6557,6556,6.112095837662735,1
8651,Branch_10028,7375,7376,105.70824524312897,1
8652,Branch_10029,7372,7376,8.203445447087777,1
8653,Branch_10030,7371,7376,8.203445447087777,1
8654,Branch_10031,7375,7377,105.70824524312897,1
8655,Branch_10032,7373,7377,8.203445447087777,1
8656,Branch_10033,7374,7377,8.203445447087777,1
8657,Branch_10034,2336,2350,23.277467411545622,1
8658,Branch_10035,7754,8096,49.23682914820286,1
8659,Branch_10036,1336,1337,79.55449482895784,1
8660,Branch_10037,845,1337,51.51983513652756,1
8661,Branch_10038,1334,1336,2000.0,1
8662,Branch_10039,1336,1341,87.18395815170008,1
8663,Branch_10040,1335,1343,87.7963125548727,1
8664,Branch_10041,1848,2503,57.077625570776256,1
8665,Branch_10042,2779,2780,27.731558513588464,1
8666,Branch_10043,1912,1924,38.55050115651503,1
8667,Branch_10044,2781,2782,27.731558513588464,1
8668,Branch_10045,2308,2511,86.88097306689835,1
8669,Branch_10047,1816,2206,25.562372188139058,1
8670,Branch_10048,1816,2347,53.022269353128316,1
8671,Branch_10049,1817,2177,58.61664712778429,1
8672,Branch_10050,1817,2346,44.24778761061947,1
8673,Branch_10051,1822,2116,41.52823920265781,1
8674,Branch_10054,1822,2158,107.29613733905579,1
8675,Branch_10055,1822,2012,75.35795026375283,1
8676,Branch_10056,9029,9100,227.27272727272728,1
8677,Branch_10057,486,1052,2000.0,1
8678,Branch_10058,486,482,97.37098344693281,1
8679,Branch_10059,474,482,5.7224606580829755,1
8680,Branch_10060,475,482,5.657708628005658,1
8681,Branch_10061,486,483,97.37098344693281,1
8682,Branch_10062,476,483,5.7224606580829755,1
8683,Branch_10063,477,483,5.657708628005658,1
8684,Branch_10064,486,484,97.37098344693281,1
8685,Branch_10065,478,484,5.7224606580829755,1
8686,Branch_10066,479,484,5.657708628005658,1
8687,Branch_10067,486,485,97.37098344693281,1
8688,Branch_10068,480,485,5.7224606580829755,1
8689,Branch_10069,481,485,5.657708628005658,1
8690,Branch_10070,8383,8605,8.424599831508003,1
8691,Branch_10071,5797,5796,7.199424046076314,1
8692,Branch_10072,4934,4931,12.094823415578132,1
8693,Branch_10073,4934,4932,12.094823415578132,1
8694,Branch_10074,4933,4934,2000.0,1
8695,Branch_10075,9038,9055,104.71204188481676,1
8696,Branch_10076,9055,9068,282.4858757062147,1
8697,Branch_10077,9055,9086,137.7410468319559,1
8698,Branch_10078,8535,8537,301.2048192771084,1
8699,Branch_10079,8536,8537,301.2048192771084,1
8700,Branch_10080,8535,8538,301.2048192771084,1
8701,Branch_10081,8536,8538,301.2048192771084,1
8702,Branch_10082,5679,5756,16.363933889707084,1
8703,Branch_10083,5679,5694,40.04805766920305,1
8704,Branch_10084,6065,6320,2000.0,1
8705,Branch_10085,6320,6319,11.37397634212921,1
8706,Branch_10086,7339,7340,11.579434923575729,1
8707,Branch_10087,7339,7341,11.486331265793705,1
8708,Branch_10088,7307,7339,2000.0,1
8709,Branch_10089,7846,8288,2000.0,1
8710,Branch_10090,8288,8310,9.799118079372857,1
8711,Branch_10091,7647,8336,7.609191903819815,1
8712,Branch_10092,6439,6884,500.0,1
8713,Branch_10093,6438,6783,3.366096674296486,1
8714,Branch_10094,8158,8164,49.800796812749006,1
8715,Branch_10095,6359,6369,141.04372355430183,1
8716,Branch_10096,6369,6368,13.338668800853675,1
8717,Branch_10097,5447,5515,213.67521367521368,1
8718,Branch_10098,1287,1285,5.688282138794084,1
8719,Branch_10099,1286,1288,3.1746031746031744,1
8720,Branch_10100,1286,1290,4.8076923076923075,1
8721,Branch_10101,1286,1289,4.8076923076923075,1
8722,Branch_10102,1286,1288,4.8076923076923075,1
8723,Branch_10104,1285,1286,2000.0,1
8724,Branch_10105,8490,8602,52.27391531625719,1
8725,Branch_10106,7827,8297,500.0,1
8726,Branch_10107,8256,8298,40.816326530612244,1
8727,Branch_10108,1287,1354,6.25,1
8728,Branch_10109,1285,1609,97.18172983479106,1
8729,Branch_10110,981,1287,5.602240896358543,1
8730,Branch_10111,1254,1285,36.36363636363637,1
8731,Branch_10112,8298,8490,140.4494382022472,1
8732,Branch_10113,1287,1515,19.940179461615156,1
8733,Branch_10114,1287,8462,7.6923076923076925,1
8734,Branch_10115,1285,1491,7.424456158586383,1
8735,Branch_10116,1287,7734,3.9215686274509802,1
8736,Branch_10117,230,1043,80.45052292839904,1
8737,Branch_10118,291,1043,51.440329218106996,1
8738,Branch_10119,592,591,8.598452278589853,1
8739,Branch_10120,5419,5463,25.01876407305479,1
8740,Branch_10121,5284,5419,41.40786749482402,1
8741,Branch_10122,5386,5419,13.054830287206267,1
8742,Branch_10123,7725,8590,9.643201542912246,1
8743,Branch_10124,6553,7045,775.1937984496124,1
8744,Branch_10125,8850,8948,2000.0,1
8745,Branch_10132,8872,8873,5.935070330583417,1
8746,Branch_10133,8874,8873,-125.78616352201257,1
8747,Branch_10134,8875,8873,3.0825190345550384,1
8748,Branch_10135,8708,8794,1000.0,1
8749,Branch_10136,5572,5571,6.527415143603133,1
8750,Branch_10137,7405,7407,269.54177897574124,1
8751,Branch_10139,4617,4618,11.402508551881414,1
8752,Branch_10141,4617,4957,176.99115044247787,1
8753,Branch_10142,8343,8349,10.053282396702523,1
8754,Branch_10143,8343,8346,10.05631536604988,1
8755,Branch_10144,5613,6287,37.34129947722181,1
8756,Branch_10146,2652,2818,73.85524372230428,1
8757,Branch_10147,2818,4996,2000.0,1
8758,Branch_10148,2818,4753,59.630292188431724,1
8759,Branch_10149,5824,5848,140.8450704225352,1
8760,Branch_10150,5715,5848,123.30456226880395,1
8761,Branch_10151,6553,6554,17.105713308244955,1
8762,Branch_10155,5779,5783,37.72161448509996,1
8763,Branch_10156,5778,5783,-309.59752321981426,1
8764,Branch_10157,5781,5783,6.968155529231413,1
8765,Branch_10158,5779,5782,37.93626707132018,1
8766,Branch_10159,5778,5782,-319.4888178913738,1
8767,Branch_10160,5780,5782,6.3516260162601625,1
8768,Branch_10162,5778,6248,18.30831197363603,1
8769,Branch_10163,7828,7829,8.583690987124463,1
8770,Branch_10164,7828,7830,8.583690987124463,1
8771,Branch_10165,8101,8138,40.27386226339106,1
8772,Branch_10166,7888,7893,96.89922480620154,1
8773,Branch_10167,7890,7893,5.668291576918716,1
8774,Branch_10168,7889,7893,5.635390250774866,1
8775,Branch_10169,7888,7894,87.10801393728222,1
8776,Branch_10170,7892,7894,5.693463903438852,1
8777,Branch_10171,7891,7894,5.627778715740897,1
8778,Branch_10172,7895,8606,917.4311926605504,1
8779,Branch_10173,7895,8101,2000.0,1
8780,Branch_10174,8101,8514,29.472443265546715,1
8781,Branch_10175,8101,8102,271.00271002710025,1
8782,Branch_10179,150,392,240.96385542168676,1
8783,Branch_10180,199,403,158.22784810126583,1
8784,Branch_10181,7753,7754,9.56846234810066,1
8785,Branch_10182,786,8404,2.959543046553612,1
8786,Branch_10185,8064,8158,2000.0,1
8787,Branch_10186,8066,8067,24.479804161566708,1
8788,Branch_10187,8064,8066,2000.0,1
8789,Branch_10188,3195,3198,46.51162790697674,1
8790,Branch_10189,3194,3198,-485.43689320388347,1
8791,Branch_10190,3196,3198,8.907892392659896,1
8792,Branch_10191,3195,3200,43.85964912280702,1
8793,Branch_10192,3197,3200,218.8183807439825,1
8794,Branch_10193,3199,3200,9.94431185361973,1
8795,Branch_10194,3816,4162,29.197080291970803,1
8796,Branch_10195,4162,4335,36.114120621162876,1
8797,Branch_10196,4060,4162,39.09304143862393,1
8798,Branch_10197,7166,7167,6.238303181534623,1
8799,Branch_10198,7166,7168,6.238303181534623,1
8800,Branch_10199,7160,7166,217.8649237472767,1
8801,Branch_10200,3037,3064,118.62396204033215,1
8802,Branch_10201,3037,3304,139.27576601671308,1
8803,Branch_10202,7844,7923,11.68360789811894,1
8804,Branch_10203,8068,8069,2000.0,1
8805,Branch_10204,8422,8436,4.512635379061372,1
8806,Branch_10205,7676,8269,35.27336860670194,1
8807,Branch_10213,7732,8063,135.8695652173913,1
8808,Branch_10214,7888,7895,2000.0,1
8809,Branch_10215,4186,4443,223.21428571428572,1
8810,Branch_10216,3372,4186,28.481913984619766,1
8811,Branch_10217,263,262,17.969451931716083,1
8812,Branch_10218,263,1339,78.06401249024199,1
8813,Branch_10219,5766,5842,3.8061888630913865,1
8814,Branch_10220,8212,8326,10.504201680672269,1
8815,Branch_10221,5331,5386,128.2051282051282,1
8816,Branch_10222,6470,6469,11.524720525527256,1
8817,Branch_10223,6470,6882,21.682567215958368,1
8818,Branch_10224,8989,9013,31.665611146295124,1
8819,Branch_10225,8578,8577,7.891414141414141,1
8820,Branch_10226,8577,8579,2000.0,1
8821,Branch_10227,8344,8578,16.663889351774703,1
8822,Branch_10228,8343,8577,33.59086328518643,1
8823,Branch_10230,907,1527,1282.051282051282,1
8824,Branch_10231,615,1538,7.974481658692185,1
8825,Branch_10232,614,615,42.7715996578272,1
8826,Branch_10234,7884,8398,746.2686567164179,1
8827,Branch_10235,7769,8250,31.416902293433868,1
8828,Branch_10236,7770,7768,87.41258741258741,1
8829,Branch_10237,7769,7768,107.41138560687433,1
8830,Branch_10238,7765,7768,5.73394495412844,1
8831,Branch_10239,7770,7767,46.468401486988846,1
8832,Branch_10240,7769,7767,-456.62100456621005,1
8833,Branch_10241,7766,7767,11.734334663224596,1
8834,Branch_10242,7771,7772,2000.0,1
8835,Branch_10243,7769,8291,11.634671320535196,1
8836,Branch_10244,7770,7771,-49.75124378109453,1
8837,Branch_10245,7770,8059,217.8649237472767,1
8838,Branch_10246,2582,2581,12.939958592132506,1
8839,Branch_10247,2582,2579,13.039509714434738,1
8840,Branch_10248,2582,2578,13.03780964797914,1
8841,Branch_10249,2582,2580,25.06265664160401,1
8842,Branch_10250,6902,6903,9.810654370646523,1
8843,Branch_10251,6902,6903,8.32639467110741,1
8844,Branch_10252,6435,6903,12.470382840753212,1
8845,Branch_10253,6768,6902,28.70264064293915,1
8846,Branch_10254,7688,8324,15.410695022345507,1
8847,Branch_10255,8478,8477,10.574177857671566,1
8848,Branch_10256,9214,9215,3.913894324853229,1
8849,Branch_10259,3549,3645,17.280110592707793,1
8850,Branch_10261,3375,3376,46.36068613815485,1
8851,Branch_10262,3374,3376,-452.4886877828054,1
8852,Branch_10263,3373,3376,9.317927692881103,1
8853,Branch_10264,6452,7072,37.878787878787875,1
8854,Branch_10265,6452,7069,38.595137012736394,1
8855,Branch_10266,851,988,32.84072249589491,1
8856,Branch_10267,851,1539,8.952551477170994,1
8857,Branch_10268,263,851,15.54243083618278,1
8858,Branch_10269,3341,4417,4.294425835265825,1
8859,Branch_10270,4456,4459,45.72473708276178,1
8860,Branch_10271,4455,4459,-425.531914893617,1
8861,Branch_10272,4457,4459,9.02608538676776,1
8862,Branch_10273,4456,4458,46.53327128897161,1
8863,Branch_10274,4455,4458,-483.09178743961354,1
8864,Branch_10275,4460,4458,8.958165367732688,1
8865,Branch_10276,3338,4455,35.7653791130186,1
8866,Branch_10277,3864,4455,104.82180293501048,1
8867,Branch_10278,5102,5421,357.14285714285717,1
8868,Branch_10279,2610,3864,48.732943469785575,1
8869,Branch_10280,6937,7055,2000.0,1
8870,Branch_10281,5756,6149,26.70940170940171,1
8871,Branch_10282,5776,5866,6.47542575924367,1
8872,Branch_10283,7660,8369,75.13148009015778,1
8873,Branch_10284,5602,5961,9.872642906506071,1
8874,Branch_10285,5664,6151,5.519068381257243,1
8875,Branch_10286,5624,5664,7.062146892655367,1
8876,Branch_10287,7631,8357,15.015015015015015,1
8877,Branch_10288,7660,7725,83.12551953449709,1
8878,Branch_10289,8723,8825,7.044734061289186,1
8879,Branch_10290,7617,7618,9.565716472163766,1
8880,Branch_10291,7617,7618,9.565716472163766,1
8881,Branch_10292,5610,6265,131.06159895150722,1
8882,Branch_10293,3512,4581,6.364967220418815,1
8883,Branch_10294,8624,8723,2000.0,1
8884,Branch_10295,3512,4112,9.69274013763691,1
8885,Branch_10296,3291,4112,18.58045336306206,1
8886,Branch_10297,5216,5515,46.57661853749418,1
8887,Branch_10298,5131,5515,21.602937999567942,1
8888,Branch_10299,880,1523,591.7159763313609,1
8889,Branch_10302,2653,2654,-39.354584809130266,1
8890,Branch_10303,2651,2652,-46.948356807511736,1
8891,Branch_10304,5609,6151,21.63097555699762,1
8892,Branch_10305,3641,3751,226.2443438914027,1
8893,Branch_10306,4929,4928,16.44195988161789,1
8894,Branch_10307,4929,4926,11.916110581506196,1
8895,Branch_10308,4929,4927,11.856770215793217,1
8896,Branch_10309,2963,3585,2000.0,1
8897,Branch_10310,7635,8264,25.70694087403599,1
8898,Branch_10311,5564,6107,480.7692307692308,1
8899,Branch_10312,5801,6107,2000.0,1
8900,Branch_10313,5624,9000,5.748778384593274,1
8901,Branch_10314,9100,9099,10.00300090027008,1
8902,Branch_10315,508,537,2000.0,1
8903,Branch_10316,537,536,11.429877700308607,1
8904,Branch_10317,537,538,16.02820964898221,1
8905,Branch_10318,882,1660,111.23470522803115,1
8906,Branch_10319,5167,5259,21.710811984368217,1
8907,Branch_10320,5526,5527,4.1363335539377895,1
8908,Branch_10321,5525,5526,2000.0,1
8909,Branch_10322,7564,7562,10.811979673478215,1
8910,Branch_10323,7564,7563,10.811979673478215,1
8911,Branch_10324,4996,4994,12.003360941063498,1
8912,Branch_10325,4996,4995,12.003360941063498,1
8913,Branch_10326,8536,8539,2000.0,1
8914,Branch_10327,2963,4620,56.21135469364812,1
8915,Branch_10328,7062,7120,340.13605442176873,1
8916,Branch_10329,7118,7120,8.298755186721992,1
8917,Branch_10330,7119,7120,8.298755186721992,1
8918,Branch_10331,3414,4359,4.2673039173849965,1
8919,Branch_10332,3414,4407,18.85014137606032,1
8920,Branch_10333,3414,3512,10.647359454855195,1
8921,Branch_10334,6272,6323,247.52475247524754,1
8922,Branch_10335,6323,6321,11.123470522803114,1
8923,Branch_10336,6323,6322,11.123470522803114,1
8924,Branch_10337,6244,6272,132.9787234042553,1
8925,Branch_10338,6272,6271,13.080444735120993,1
8926,Branch_10339,230,291,113.89521640091117,1
8927,Branch_10340,230,772,41.911148365465216,1
8928,Branch_10341,230,232,-333.3333333333333,1
8929,Branch_10342,229,232,55.5247084952804,1
8930,Branch_10343,231,232,9.498480243161094,1
8931,Branch_10344,230,233,203.2520325203252,1
8932,Branch_10345,229,233,105.04201680672269,1
8933,Branch_10346,234,233,11.88212927756654,1
8934,Branch_10347,886,887,2000.0,1
8935,Branch_10348,885,887,2000.0,1
8936,Branch_10349,883,886,2000.0,1
8937,Branch_10350,884,885,2000.0,1
8938,Branch_10351,886,1013,48.97159647404506,1
8939,Branch_10352,2564,2565,1.0945349868108534,1
8940,Branch_10353,386,1042,2000.0,1
8941,Branch_10354,6220,6221,13.468013468013469,1
8942,Branch_10355,1389,1390,258.3979328165375,1
8943,Branch_10356,1388,1391,203.2520325203252,1
8944,Branch_10357,7638,8326,28.169014084507044,1
8945,Branch_10358,6412,6415,2000.0,1
8946,Branch_10359,7278,7280,31.230480949406623,1
8947,Branch_10360,7277,7280,-78.98894154818325,1
8948,Branch_10361,7281,7280,8.14000814000814,1
8949,Branch_10362,7278,7279,47.48338081671415,1
8950,Branch_10363,7277,7279,-621.1180124223603,1
8951,Branch_10364,7282,7279,8.925383791503034,1
8952,Branch_10365,2395,2398,4.080133828389571,1
8953,Branch_10366,2396,2399,4.095339503644852,1
8954,Branch_10367,2395,2397,2000.0,1
8955,Branch_10368,2396,2397,2000.0,1
8956,Branch_10369,2390,2397,2000.0,1
8957,Branch_10370,3780,4393,2000.0,1
8958,Branch_10371,3351,3352,45.662100456621005,1
8959,Branch_10373,3351,3352,45.433893684688776,1
8960,Branch_10374,391,1199,34.317089910775564,1
8961,Branch_10375,2194,2206,142.65335235378032,1
8962,Branch_10377,1723,1844,42.6075841499787,1
8963,Branch_10378,1844,2340,50.27652086475616,1
8964,Branch_10380,4761,5010,83.5421888053467,1
8965,Branch_10381,3897,5010,16.70843776106934,1
8966,Branch_10382,5963,6055,4.701457451810061,1
8967,Branch_10384,5982,5983,7.582075972401244,1
8968,Branch_10385,5699,5983,20.63983488132095,1
8969,Branch_10386,5792,5982,117.50881316098707,1
8970,Branch_10387,5632,5823,27.210884353741495,1
8971,Branch_10389,7397,7395,12.454851164528584,1
8972,Branch_10390,7397,7396,12.454851164528584,1
8973,Branch_10391,7287,7397,133.5113484646195,1
8974,Branch_10392,8665,8690,3.86458494357706,1
8975,Branch_10393,8652,8742,115.34025374855824,1
8976,Branch_10394,1928,1930,56.14823133071308,1
8977,Branch_10395,1927,1930,-653.59477124183,1
8978,Branch_10396,1931,1930,6.70196367535688,1
8979,Branch_10397,1928,1929,57.80346820809248,1
8980,Branch_10398,1927,1929,-769.2307692307693,1
8981,Branch_10399,1932,1929,6.997900629811057,1
8982,Branch_10400,227,1230,58.309037900874635,1
8983,Branch_10401,7036,7068,268.81720430107526,1
8984,Branch_10402,9153,9151,8.668515950069349,1
8985,Branch_10403,9153,9152,8.668515950069349,1
8986,Branch_10404,9139,9153,2000.0,1
8987,Branch_10405,6194,6197,125.0,1
8988,Branch_10406,6197,7070,9.871668311944719,1
8989,Branch_10407,9013,9329,793.6507936507936,1
8990,Branch_10408,9165,9163,8.395600705230459,1
8991,Branch_10409,9165,9164,12.504689258471927,1
8992,Branch_10410,9140,9165,653.59477124183,1
8993,Branch_10412,5768,5883,5.990176111177669,1
8994,Branch_10413,9298,9299,11.114816049794376,1
8995,Branch_10414,9298,9300,11.114816049794376,1
8996,Branch_10417,5523,9298,108.93246187363835,1
8997,Branch_10418,9301,9303,11.114816049794376,1
8998,Branch_10419,9301,9302,11.114816049794376,1
8999,Branch_10420,9298,9301,591.7159763313609,1
9000,Branch_10421,2633,2658,34.376074252320386,1
9001,Branch_10422,2651,2657,37.735849056603776,1
9002,Branch_10423,6018,6019,6.827802813054759,1
9003,Branch_10424,4605,6019,51.20327700972862,1
9004,Branch_10425,6056,6057,1.4390766883967248,1
9005,Branch_10426,1797,1799,6.788405403570701,1
9006,Branch_10427,1797,1798,6.745817593092283,1
9007,Branch_10428,1797,1801,8.084727948904519,1
9008,Branch_10429,1797,1800,41.00041000410004,1
9009,Branch_10430,8718,9056,28.910089621277827,1
9010,Branch_10431,8640,8718,36.58982802780827,1
9011,Branch_10432,8637,9056,118.62396204033215,1
9012,Branch_10433,8660,9056,83.75209380234506,1
9013,Branch_10434,6045,6111,2000.0,1
9014,Branch_10435,2235,2234,5.139274334463973,1
9015,Branch_10436,7702,7701,8.710801393728223,1
9016,Branch_10437,7832,8333,61.387354205033766,1
9017,Branch_10438,8330,8331,41.35649296939619,1
9018,Branch_10439,8333,8331,-704.2253521126761,1
9019,Branch_10440,8335,8331,16.49348507339601,1
9020,Branch_10441,8330,8332,39.37007874015748,1
9021,Branch_10442,8333,8332,-387.5968992248062,1
9022,Branch_10443,8329,8332,15.96678907871627,1
9023,Branch_10444,8330,8334,58.41121495327103,1
9024,Branch_10445,7851,8333,11.479738261967627,1
9025,Branch_10446,7702,7811,15.723270440251572,1
9026,Branch_10447,7702,7813,17.649135192375574,1
9027,Branch_10448,5822,5823,8.161266628580755,1
9028,Branch_10449,5699,5823,20.70393374741201,1
9029,Branch_10450,7913,7914,10.650761529449355,1
9030,Branch_10451,5766,6054,156.73981191222572,1
9031,Branch_10452,7942,7945,70.47216349541931,1
9032,Branch_10453,7945,7943,11.862396204033214,1
9033,Branch_10454,7945,7944,11.310937676733401,1
9034,Branch_10455,6450,7450,19.790223629527013,1
9035,Branch_10456,487,1013,55.99104143337066,1
9036,Branch_10457,3947,4409,37.53753753753754,1
9037,Branch_10458,3097,3732,16.31055292774425,1
9038,Branch_10459,2733,4032,421.9409282700422,1
9039,Branch_10460,7756,8466,8.242664029014177,1
9040,Branch_10461,3415,4409,79.42811755361397,1
9041,Branch_10462,3097,4032,12.655024044545685,1
9042,Branch_10463,5828,5827,14.50536698578474,1
9043,Branch_10467,5788,5828,21.317416329140908,1
9044,Branch_10468,5827,5882,66.13756613756614,1
9045,Branch_10469,5792,5827,440.52863436123346,1
9046,Branch_10470,3414,4700,4.101386268558773,1
9047,Branch_10471,4700,4699,4.633276189593662,1
9048,Branch_10472,7748,8411,254.4529262086514,1
9049,Branch_10473,3180,3183,46.57661853749418,1
9050,Branch_10474,3181,3183,-480.7692307692308,1
9051,Branch_10475,3182,3183,8.957362952346829,1
9052,Branch_10476,3180,3184,45.8295142071494,1
9053,Branch_10477,3181,3184,-414.9377593360996,1
9054,Branch_10478,3185,3184,8.987148377819718,1
9055,Branch_10479,1459,1514,7.4460163812360385,1
9056,Branch_10480,6054,6053,3.5045910142286396,1
9057,Branch_10481,5789,5882,223.71364653243847,1
9058,Branch_10482,5667,5699,45.87155963302752,1
9059,Branch_10483,5662,6260,31.51591553734636,1
9060,Branch_10485,325,1295,163.9344262295082,1
9061,Branch_10486,326,1296,167.50418760469012,1
9062,Branch_10487,1296,1297,2000.0,1
9063,Branch_10488,123,1295,53.05039787798408,1
9064,Branch_10489,457,1296,58.37711617046118,1
9065,Branch_10490,505,506,16.564518800728838,1
9066,Branch_10493,4229,4246,56.46527385657821,1
9067,Branch_10494,4246,4688,65.96306068601584,1
9068,Branch_10495,3676,4246,60.75334143377886,1
9069,Branch_10496,6676,6677,2.98971537909591,1
9070,Branch_10500,7963,8594,192.67822736030828,1
9071,Branch_10501,7708,8594,35.0754121360926,1
9072,Branch_10502,4742,4741,61.08735491753207,1
9073,Branch_10503,6146,6458,36.67033370003667,1
9074,Branch_10504,6146,6458,36.67033370003667,1
9075,Branch_10505,66,67,813.0081300813008,1
9076,Branch_10507,7819,7995,12.532898859506204,1
9077,Branch_10509,7959,7995,33.96739130434783,1
9078,Branch_10511,65,66,1351.3513513513512,1
9079,Branch_10512,66,183,101.41987829614604,1
9080,Branch_10514,2554,2588,5.111429155591903,1
9081,Branch_10515,8984,9197,2000.0,1
9082,Branch_10516,8805,8984,14.983518130056938,1
9083,Branch_10517,6046,9197,9.767532721234616,1
9084,Branch_10518,8978,9197,502.51256281407035,1
9085,Branch_10519,8977,9197,502.51256281407035,1
9086,Branch_10520,1344,1347,6.4935064935064934,1
9087,Branch_10521,1344,1346,6.4935064935064934,1
9088,Branch_10522,1345,1348,6.802721088435374,1
9089,Branch_10523,1344,1349,11.904761904761905,1
9090,Branch_10524,1344,1345,7.575757575757576,1
9091,Branch_10525,1344,1345,7.575757575757576,1
9092,Branch_10526,6122,6124,46.33920296570899,1
9093,Branch_10527,6123,6124,-454.54545454545456,1
9094,Branch_10528,6127,6124,8.932559178204556,1
9095,Branch_10529,6122,6125,45.93477262287551,1
9096,Branch_10530,6123,6125,-446.42857142857144,1
9097,Branch_10531,6126,6125,8.946944618412813,1
9098,Branch_10532,5961,6356,102.35414534288638,1
9099,Branch_10533,6356,6367,1219.5121951219512,1
9100,Branch_10534,6089,6356,7.489514679448772,1
9101,Branch_10535,8864,8928,169.4915254237288,1
9102,Branch_10536,6435,6737,14.622020763269484,1
9103,Branch_10537,257,1628,315.45741324921136,1
9104,Branch_10538,5572,6046,18.057060310581438,1
9105,Branch_10539,5198,5203,18.885741265344667,1
9106,Branch_10540,5198,5200,59.523809523809526,1
9107,Branch_10541,5199,5202,69.01311249137336,1
9108,Branch_10542,5198,5202,70.97232079489,1
9109,Branch_10543,5201,5202,4.768717215069146,1
9110,Branch_10544,874,876,22.406453058480842,1
9111,Branch_10546,875,876,-125.31328320802005,1
9112,Branch_10547,877,876,7.743534148985597,1
9113,Branch_10548,874,1264,166.9449081803005,1
9114,Branch_10551,8103,8104,2000.0,1
9115,Branch_10552,226,1662,5.5263885051119095,1
9116,Branch_10553,8023,8025,2000.0,1
9117,Branch_10554,3368,3369,11.555350127108852,1
9118,Branch_10556,2325,2336,27.824151363383418,1
9119,Branch_10557,5881,6050,5.814629608093965,1
9120,Branch_10559,4749,4748,9.775171065493646,1
9121,Branch_10560,2643,4749,2000.0,1
9122,Branch_10561,182,847,414.9377593360996,1
9123,Branch_10562,4012,4014,95.23809523809524,1
9124,Branch_10563,8050,8052,2000.0,1
9125,Branch_10564,6383,6386,2000.0,1
9126,Branch_10565,5740,5742,19.043991620643688,1
9127,Branch_10566,5740,5743,19.043991620643688,1
9128,Branch_10569,5178,5263,500.0,1
9129,Branch_10570,7576,7575,7.776049766718507,1
9130,Branch_10572,6668,6667,3.4120376688958647,1
9131,Branch_10573,6706,6705,9.601536245799329,1
9132,Branch_10574,6705,7194,14.75143826523086,1
9133,Branch_10575,3683,3686,46.04051565377532,1
9134,Branch_10576,3684,3686,-438.5964912280702,1
9135,Branch_10577,3685,3686,9.031791907514451,1
9136,Branch_10578,3212,3550,5.431830526887561,1
9137,Branch_10579,7983,7984,14.088475626937166,1
9138,Branch_10580,7582,7584,1666.6666666666667,1
9139,Branch_10581,7568,7582,2000.0,1
9140,Branch_10582,9108,9109,12.934937265554263,1
9141,Branch_10583,9105,9108,1010.10101010101,1
9142,Branch_10584,5663,6045,1388.888888888889,1
9143,Branch_10585,5715,6045,176.99115044247787,1
9144,Branch_10586,7793,8512,133.6898395721925,1
9145,Branch_10589,8810,8939,7.580926389204761,1
9146,Branch_10590,5131,5399,19.447685725398678,1
9147,Branch_10591,5727,6048,446.42857142857144,1
9148,Branch_10592,5319,5320,51.38746145940391,1
9149,Branch_10594,5445,5446,2000.0,1
9150,Branch_10595,4993,4991,12.186205215695832,1
9151,Branch_10596,4993,4992,12.16397031991242,1
9152,Branch_10597,3897,3899,9.718172983479105,1
9153,Branch_10598,3896,3899,-75.75757575757575,1
9154,Branch_10599,3898,3899,4.1017227235438884,1
9155,Branch_10600,6050,6158,37.9794910748196,1
9156,Branch_10601,5967,6050,4.632417658776116,1
9157,Branch_10604,9053,9169,123.15270935960591,1
9158,Branch_10605,8692,8845,2000.0,1
9159,Branch_10606,2630,2629,9.414422895876482,1
9160,Branch_10607,2629,4646,699.3006993006993,1
9161,Branch_10608,2629,3201,70.87172218284904,1
9162,Branch_10609,2629,4582,257.7319587628866,1
9163,Branch_10610,6433,6746,48.732943469785575,1
9164,Branch_10611,8988,8991,2000.0,1
9165,Branch_10612,334,528,34.770514603616135,1
9166,Branch_10613,4192,4196,55.49389567147614,1
9167,Branch_10614,4194,4196,398.40637450199205,1
9168,Branch_10615,4195,4196,8.553588230262596,1
9169,Branch_10616,4192,4198,47.84688995215311,1
9170,Branch_10617,4193,4198,-613.4969325153374,1
9171,Branch_10618,4197,4198,9.39584703561026,1
9172,Branch_10620,4289,4395,191.93857965451056,1
9173,Branch_10621,2630,4395,137.17421124828533,1
9174,Branch_10622,1010,1627,66.84491978609626,1
9175,Branch_10623,1627,1629,2000.0,1
9176,Branch_10624,1626,1628,90.41591320072332,1
9177,Branch_10625,845,846,102.88065843621399,1
9178,Branch_10626,843,844,102.04081632653062,1
9179,Branch_10627,8370,8402,92.7643784786642,1
9180,Branch_10628,175,845,89.60573476702508,1
9181,Branch_10629,173,844,79.30214115781126,1
9182,Branch_10630,8295,8377,71.73601147776183,1
9183,Branch_10633,8234,8238,3.780718336483932,1
9184,Branch_10634,8235,8237,2.3507287259050305,1
9185,Branch_10635,8235,8236,6.112469437652812,1
9186,Branch_10636,8235,8234,5.98014591556034,1
9187,Branch_10637,8235,8234,5.98014591556034,1
9188,Branch_10638,5645,5695,10.780508840017248,1
9189,Branch_10639,5645,5759,1818.1818181818182,1
9190,Branch_10640,5645,6115,40.86636697997548,1
9191,Branch_10641,7658,7713,16.716817118020728,1
9192,Branch_10642,8378,8492,7.028888732691361,1
9193,Branch_10643,8798,8812,53.36179295624333,1
9194,Branch_10644,8798,8915,260.4166666666667,1
9195,Branch_10645,7802,8587,68.30601092896175,1
9196,Branch_10647,7169,7170,7.733952049497293,1
9197,Branch_10648,7171,7170,3.665689149560117,1
9198,Branch_10650,1327,1460,31.201248049921997,1
9199,Branch_10651,8731,8967,6.780120686148213,1
9200,Branch_10652,8738,8968,42.24757076468103,1
9201,Branch_10653,8969,8968,5.301102629346905,1
9202,Branch_10654,8967,8968,5.301102629346905,1
9203,Branch_10655,8613,8968,85.47008547008546,1
9204,Branch_10656,1177,1179,10.137875101378752,1
9205,Branch_10657,1176,1178,9.742790335151987,1
9206,Branch_10658,5345,5514,68.96551724137932,1
9207,Branch_10659,2332,2330,3.4239539820584812,1
9208,Branch_10660,2332,2331,3.450893781489406,1
9209,Branch_10661,1861,2332,2000.0,1
9210,Branch_10662,1994,1997,35.36067892503536,1
9211,Branch_10663,1994,1998,32.425421530479895,1
9212,Branch_10664,1997,1998,-366.3003663003663,1
9213,Branch_10665,1993,1998,6.806888571234089,1
9214,Branch_10666,1994,2000,28.52253280091272,1
9215,Branch_10667,1995,2000,-148.5884101040119,1
9216,Branch_10668,1996,2000,6.868603612885501,1
9217,Branch_10669,1994,2001,32.1853878339234,1
9218,Branch_10670,1995,2001,-369.00369003690037,1
9219,Branch_10671,1999,2001,6.746272684341901,1
9220,Branch_10672,2381,2382,4.1363335539377895,1
9221,Branch_10673,2381,2383,4.1363335539377895,1
9222,Branch_10674,1873,2381,2000.0,1
9223,Branch_10675,7349,7350,47.14757190004715,1
9224,Branch_10676,7348,7350,-595.2380952380952,1
9225,Branch_10677,7351,7350,8.93814801573114,1
9226,Branch_10678,7349,7353,46.27487274409995,1
9227,Branch_10679,7348,7353,-460.8294930875576,1
9228,Branch_10680,7352,7353,9.02445627650934,1
9229,Branch_10681,7196,7349,47.48338081671415,1
9230,Branch_10682,7196,7349,47.66444232602478,1
9231,Branch_10685,6453,7113,111.11111111111111,1
9232,Branch_10686,7113,7142,15.186028853454822,1
9233,Branch_10687,8879,9197,114.15525114155251,1
9234,Branch_10688,227,334,8.16259897151253,1
9235,Branch_10689,1451,1455,10.137875101378752,1
9236,Branch_10690,1453,1456,10.137875101378752,1
9237,Branch_10691,1442,1450,168.63406408094434,1
9238,Branch_10692,1448,1449,182.14936247723134,1
9239,Branch_10693,1453,1454,60.64281382656155,1
9240,Branch_10694,1451,1452,59.31198102016607,1
9241,Branch_10695,1445,1447,125.15644555694618,1
9242,Branch_10696,1442,1448,125.15644555694618,1
9243,Branch_10697,1445,1450,11.575413821044103,1
9244,Branch_10698,1447,1449,11.575413821044103,1
9245,Branch_10699,5539,5552,58.07200929152149,1
9246,Branch_10701,2075,8330,32.1853878339234,1
9247,Branch_10702,2075,8330,32.1853878339234,1
9248,Branch_10703,1847,1846,3.5855145213338115,1
9249,Branch_10704,7774,8449,52.35602094240838,1
9250,Branch_10705,167,1052,2000.0,1
9251,Branch_10706,8694,9174,14.26126640045636,1
9252,Branch_10707,7812,7813,41.18616144975288,1
9253,Branch_10708,8714,8748,4.493978069387022,1
9254,Branch_10709,8714,8800,5.846927439630474,1
9255,Branch_10710,8714,8806,11.143302874972141,1
9256,Branch_10712,8425,8441,4.85649069982031,1
9257,Branch_10713,7879,8288,43.10344827586207,1
9258,Branch_10714,2462,2463,49.6031746031746,1
9259,Branch_10715,2465,2463,-943.3962264150944,1
9260,Branch_10716,2464,2463,9.00657479960371,1
9261,Branch_10717,2462,2460,48.804294777940456,1
9262,Branch_10718,2466,2460,-934.5794392523364,1
9263,Branch_10719,2461,2460,9.0049527239982,1
9264,Branch_10720,2459,2465,95.23809523809524,1
9265,Branch_10721,2459,2466,95.23809523809524,1
9266,Branch_10722,5465,5473,77.7000777000777,1
9267,Branch_10723,5259,5473,67.11409395973155,1
9268,Branch_10724,5472,5473,15.080681646810437,1
9269,Branch_10725,3076,3567,59.630292188431724,1
9270,Branch_10726,8257,8441,2.7777777777777777,1
9271,Branch_10727,7659,8441,222.71714922048997,1
9272,Branch_10728,3400,3567,395.25691699604744,1
9273,Branch_10729,771,5421,46.10419548178884,1
9274,Branch_10730,6458,7568,290.69767441860466,1
9275,Branch_10731,6458,7568,290.69767441860466,1
9276,Branch_10732,5168,5421,228.31050228310502,1
9277,Branch_10733,5168,5421,227.79043280182233,1
9278,Branch_10734,242,5421,39.01677721420211,1
9279,Branch_10735,242,5421,39.01677721420211,1
9280,Branch_10736,7847,8333,9.683354313934347,1
9281,Branch_10737,7701,8333,625.0,1
9282,Branch_10738,5394,5393,2.1108179419525066,1
9283,Branch_10739,5394,5461,20.48760499897562,1
9284,Branch_10740,5297,5394,53.61930294906166,1
9285,Branch_10741,5799,6024,31.79650238473768,1
9286,Branch_10742,5621,6024,18.726591760299627,1
9287,Branch_10743,8690,8909,21.01723413198823,1
9288,Branch_10744,8909,8967,416.6666666666667,1
9289,Branch_10745,5621,5623,10.111223458038422,1
9290,Branch_10746,26,1073,40.53506282934739,1
9291,Branch_10747,8286,8589,5.3276505061267985,1
9292,Branch_10748,9133,9134,7.733952049497293,1
9293,Branch_10749,2739,2740,381.6793893129771,1
9294,Branch_10750,809,856,212.7659574468085,1
9295,Branch_10751,7194,7195,2000.0,1
9296,Branch_10752,7196,7194,45.00450045004501,1
9297,Branch_10753,7196,7194,45.08566275924256,1
9298,Branch_10754,2178,7635,30.50640634533252,1
9299,Branch_10755,5896,5900,63.85696040868455,1
9300,Branch_10756,5268,5441,257.0694087403599,1
9301,Branch_10757,5662,5663,9.858044164037855,1
9302,Branch_10758,5662,5663,9.858044164037855,1
9303,Branch_10759,5663,6203,72.09805335255948,1
9304,Branch_10760,8253,8254,2000.0,1
9305,Branch_10761,8252,8253,2000.0,1
9306,Branch_10762,8252,8255,2000.0,1
9307,Branch_10763,5296,5494,180.50541516245488,1
9308,Branch_10764,5268,5296,1818.1818181818182,1
9309,Branch_10765,1438,1439,115.47344110854503,1
9310,Branch_10766,1342,1439,218.34061135371178,1
9311,Branch_10767,9103,9114,195.3125,1
9312,Branch_10768,9103,9118,91.32420091324201,1
9313,Branch_10769,5592,6160,10.922992900054615,1
9314,Branch_10770,8120,8121,10.195758564437194,1
9315,Branch_10771,8120,8122,10.646225912913872,1
9316,Branch_10772,8112,8120,2000.0,1
9317,Branch_10773,5866,6159,31.17206982543641,1
9318,Branch_10775,4124,4354,333.3333333333333,1
9319,Branch_10776,4353,4838,826.4462809917355,1
9320,Branch_10777,9114,9112,6.9046468273147825,1
9321,Branch_10778,9114,9113,6.903693476009665,1
9322,Branch_10779,9118,9116,10.29230135858378,1
9323,Branch_10780,9118,9117,10.301844030081385,1
9324,Branch_10781,4124,4126,6.666222251849876,1
9325,Branch_10782,4124,4125,6.666222251849876,1
9326,Branch_10783,6231,6232,4.245743641998896,1
9327,Branch_10784,6231,6233,4.254957024934048,1
9328,Branch_10785,6231,6234,3.01504507492387,1
9329,Branch_10786,3868,4652,61.05006105006105,1
9330,Branch_10787,8627,8787,17.488632388947185,1
9331,Branch_10788,4162,4652,261.78010471204186,1
9332,Branch_10789,8686,8787,89.68609865470852,1
9333,Branch_10791,6638,6639,2000.0,1
9334,Branch_10792,4249,4251,2000.0,1
9335,Branch_10793,3919,3922,2000.0,1
9336,Branch_10794,3920,3921,2000.0,1
9337,Branch_10795,5191,5192,2000.0,1
9338,Branch_10796,5191,5192,2000.0,1
9339,Branch_10797,5191,5192,1000.0,1
9340,Branch_10798,7233,7232,14.005602240896359,1
9341,Branch_10799,3273,3272,4.733727810650888,1
9342,Branch_10800,3274,3272,5.106469897359955,1
9343,Branch_10801,8806,8805,6.053635207942369,1
9344,Branch_10802,2933,3272,67.98096532970769,1
9345,Branch_10803,3272,4624,48.1000481000481,1
9346,Branch_10804,3273,4469,40.83299305839118,1
9347,Branch_10805,3273,4472,7.496251874062969,1
9348,Branch_10806,3490,4062,68.96551724137932,1
9349,Branch_10807,8486,8573,88.49557522123894,1
9350,Branch_10809,4497,4501,38.095238095238095,1
9351,Branch_10810,4498,4499,38.095238095238095,1
9352,Branch_10811,809,1372,181.48820326678765,1
9353,Branch_10812,41,809,54.7645125958379,1
9354,Branch_10813,77,1546,146.84287812041117,1
9355,Branch_10814,4035,4036,95.23809523809524,1
9356,Branch_10815,4034,4037,95.23809523809524,1
9357,Branch_10816,7098,7097,12.871669455528382,1
9358,Branch_10817,7100,7099,13.403029084573113,1
9359,Branch_10818,7098,7100,359.71223021582733,1
9360,Branch_10819,7583,7584,38.446751249519416,1
9361,Branch_10820,9058,9061,265.9574468085106,1
9362,Branch_10821,4332,4333,56.657223796033996,1
9363,Branch_10822,5211,5214,39.51007506914263,1
9364,Branch_10823,5212,5214,346.02076124567475,1
9365,Branch_10824,5213,5214,6.797634423220719,1
9366,Branch_10825,9061,9059,8.372404554588078,1
9367,Branch_10826,9061,9060,8.428860418071476,1
9368,Branch_10827,9058,9057,10.860121633362294,1
9369,Branch_10828,5544,5545,12.00192030724916,1
9370,Branch_10829,5544,5546,12.607160867372668,1
9371,Branch_10830,6770,6773,41.61464835622139,1
9372,Branch_10834,6771,6770,6.324710644488015,1
9373,Branch_10836,5989,6023,36.52300949598247,1
9374,Branch_10837,6023,6118,5.849663644340451,1
9375,Branch_10838,3901,3903,2.2399928320229376,1
9376,Branch_10839,3901,3902,3.538069629210303,1
9377,Branch_10840,3901,3904,4.888541259288228,1
9378,Branch_10841,7964,7975,219.2982456140351,1
9379,Branch_10842,7975,7974,11.588828369451848,1
9380,Branch_10843,3959,3958,5.824111822947001,1
9381,Branch_10844,7775,7814,259.0673575129534,1
9382,Branch_10845,7780,7779,5.049229992426155,1
9383,Branch_10846,7784,7787,39.920159680638726,1
9384,Branch_10847,7784,7788,41.00041000410004,1
9385,Branch_10848,7783,7787,-354.6099290780142,1
9386,Branch_10849,7782,7788,-467.2897196261682,1
9387,Branch_10850,7785,7787,6.684491978609626,1
9388,Branch_10851,7786,7788,6.744452687664396,1
9389,Branch_10852,7779,8097,35.51136363636363,1
9390,Branch_10853,7779,7783,2000.0,1
9391,Branch_10854,7779,7782,2000.0,1
9392,Branch_10855,2611,4556,2.0,1
9393,Branch_10856,3803,3901,588.2352941176471,1
9394,Branch_10857,3901,4616,11.899095668729176,1
9395,Branch_10858,3218,3901,7.859163784973279,1
9396,Branch_10859,1401,1403,2000.0,1
9397,Branch_10860,1402,1404,2000.0,1
9398,Branch_10861,175,1402,30.75030750307503,1
9399,Branch_10862,871,1403,46.425255338904364,1
9400,Branch_10863,3204,4670,8.363301831563101,1
9401,Branch_10864,3019,3215,13.424620754463687,1
9402,Branch_10865,8910,8967,21.01723413198823,1
9403,Branch_10867,7737,7963,943.3962264150944,1
9404,Branch_10868,545,773,30.73140749846343,1
9405,Branch_10869,5651,6089,6.941552131056504,1
9406,Branch_10870,5872,6089,4.1426736815941005,1
9407,Branch_10871,4047,4208,2000.0,1
9408,Branch_10872,9169,9172,9.379103357719002,1
9409,Branch_10873,9170,9172,13.65001365001365,1
9410,Branch_10874,9173,9172,11.037527593818984,1
9411,Branch_10875,199,2075,14.757969303423849,1
9412,Branch_10876,199,2075,14.757969303423849,1
9413,Branch_10877,64,1318,52.00208008320333,1
9414,Branch_10878,64,1066,40.899795501022496,1
9415,Branch_10879,165,199,29.205607476635514,1
9416,Branch_10880,3164,4540,41.01722723543888,1
9417,Branch_10881,199,198,79.55449482895784,1
9418,Branch_10882,199,198,79.30214115781126,1
9419,Branch_10883,199,197,78.49293563579278,1
9420,Branch_10884,199,197,78.92659826361484,1
9421,Branch_10885,4905,4904,9.586808551433228,1
9422,Branch_10886,7710,7711,7.697636825494573,1
9423,Branch_10888,928,1643,9.337068160597573,1
9424,Branch_10889,3153,3154,7.204610951008646,1
9425,Branch_10890,3153,3154,7.204610951008646,1
9426,Branch_10891,3154,4734,85.17887563884156,1
9427,Branch_10892,5935,5936,12.345679012345679,1
9428,Branch_10893,183,1650,71.58196134574088,1
9429,Branch_10894,183,745,17.885888034340905,1
9430,Branch_10895,183,744,17.873100983020553,1
9431,Branch_10896,8210,8370,86.4304235090752,1
9432,Branch_10897,1031,1034,169.4915254237288,1
9433,Branch_10898,1032,1033,99.30486593843098,1
9434,Branch_10899,5479,5480,2000.0,1
9435,Branch_10900,7792,8545,60.790273556231,1
9436,Branch_10901,5239,5481,2000.0,1
9437,Branch_10902,6390,6414,2000.0,1
9438,Branch_10903,5992,6235,1315.7894736842106,1
9439,Branch_10904,5992,6046,27.540622418066647,1
9440,Branch_10905,4945,4946,15.792798483891346,1
9441,Branch_10906,4945,4947,8.843296781039971,1
9442,Branch_10907,5992,6029,86.05851979345955,1
9443,Branch_10908,6025,6026,41.23711340206186,1
9444,Branch_10909,6026,6028,16.633399866932802,1
9445,Branch_10910,6413,6414,14.427932477276006,1
9446,Branch_10911,5165,5387,5.128205128205129,1
9447,Branch_10912,2196,3208,3.8327392587482274,1
9448,Branch_10913,1936,2196,3.424188467333242,1
9449,Branch_10914,1785,2196,8.791981712678037,1
9450,Branch_10915,8649,8871,2000.0,1
9451,Branch_10916,8626,8649,8.733624454148472,1
9452,Branch_10917,8649,8721,8.481044864727334,1
9453,Branch_10918,6773,6774,8.960573476702509,1
9454,Branch_10919,5643,5644,13.605442176870747,1
9455,Branch_10920,5641,5642,10.54407423028258,1
9456,Branch_10921,5590,5587,10.454783063251437,1
9457,Branch_10922,5588,5589,9.851246182642104,1
9458,Branch_10923,5908,5909,8.39630562552477,1
9459,Branch_10924,5908,5909,7.680491551459293,1
9460,Branch_10925,6350,6349,5.5432372505543235,1
9461,Branch_10926,5569,5570,7.0821529745042495,1
9462,Branch_10930,4893,4894,2000.0,1
9463,Branch_10931,4892,4894,2000.0,1
9464,Branch_10932,2650,4894,85.91065292096219,1
9465,Branch_10933,2684,4817,2000.0,1
9466,Branch_10934,4068,4817,61.72839506172839,1
9467,Branch_10935,3001,4817,17.761989342806395,1
9468,Branch_10936,7475,7476,7.767593599502874,1
9469,Branch_10937,5587,5589,26.99055330634278,1
9470,Branch_10938,6863,6862,5.72967398155045,1
9471,Branch_10945,2971,4150,34.447123665173955,1
9472,Branch_10946,4880,4882,1162.7906976744187,1
9473,Branch_10947,4880,4882,1162.7906976744187,1
9474,Branch_10948,8474,8583,13.550135501355014,1
9475,Branch_10949,8323,8598,20.77706212341575,1
9476,Branch_10950,9176,9177,7.334604664808567,1
9477,Branch_10951,9174,9176,2000.0,1
9478,Branch_10952,7793,8267,106.04453870625663,1
9479,Branch_10953,8031,8267,309.59752321981426,1
9480,Branch_10954,8544,8546,2000.0,1
9481,Branch_10955,8310,8324,19.466614755693985,1
9482,Branch_10956,7431,7434,138.88888888888889,1
9483,Branch_10957,7434,7444,42.955326460481096,1
9484,Branch_10958,9337,9338,2000.0,1
9485,Branch_10959,9338,9347,552.4861878453039,1
9486,Branch_10960,9338,9350,395.25691699604744,1
9487,Branch_10961,6588,7434,980.3921568627451,1
9488,Branch_10962,6128,6378,636.9426751592357,1
9489,Branch_10963,6128,6378,636.9426751592357,1
9490,Branch_10964,6122,7063,60.132291040288635,1
9491,Branch_10965,7044,7063,125.47051442910916,1
9492,Branch_10966,6122,7044,40.65040650406504,1
9493,Branch_10968,6579,7044,48.61448711716091,1
9494,Branch_10969,6662,7047,36.83241252302026,1
9495,Branch_10970,7044,7061,24.108003857280618,1
9496,Branch_10971,5657,7061,50.42864346949067,1
9497,Branch_10972,7062,7518,386.1003861003861,1
9498,Branch_10973,7044,7435,2000.0,1
9499,Branch_10974,6579,7047,109.64912280701755,1
9500,Branch_10975,9025,9336,52.43838489774515,1
9501,Branch_10976,9025,9372,2000.0,1
9502,Branch_10977,6378,6386,1470.5882352941176,1
9503,Branch_10978,6378,9336,64.14368184733804,1
9504,Branch_10979,7061,7518,82.78145695364239,1
9505,Branch_10980,9025,9322,2000.0,1
9506,Branch_10981,6378,9336,64.14368184733804,1
9507,Branch_10982,9025,9336,52.43838489774515,1
9508,Branch_10984,1895,1990,134.04825737265415,1
9509,Branch_10985,1827,2519,90.09009009009009,1
9510,Branch_10986,1895,2519,147.05882352941177,1
9511,Branch_10990,1828,2157,49.40711462450593,1
9512,Branch_10991,1721,2159,87.33624454148472,1
9513,Branch_10992,1836,2157,161.0305958132045,1
9514,Branch_10993,1844,2159,27.129679869777537,1
9515,Branch_10994,2159,2311,45.146726862302486,1
9516,Branch_10995,2151,2159,95.14747859181732,1
9517,Branch_10996,2041,2157,32.372936225315634,1
9518,Branch_10999,5388,5389,23.80952380952381,1
9519,Branch_11000,5387,5388,15.037593984962406,1
9520,Branch_11001,5316,5388,32.97065611605671,1
9521,Branch_11002,5078,5387,10.006003602161297,1
9522,Branch_11003,5387,5447,15.89825119236884,1
9523,Branch_11004,8410,8589,6.142506142506143,1
9524,Branch_11005,7287,7288,10.529640939243972,1
9525,Branch_11006,7287,7289,10.529640939243972,1
9526,Branch_11007,7267,7287,257.7319587628866,1
9527,Branch_11008,7059,7094,22.411474675033617,1
9528,Branch_11009,5617,6222,8.000640051204096,1
9529,Branch_11010,4620,4747,73.80073800738008,1
9530,Branch_11011,5205,5422,137.17421124828533,1
9531,Branch_11012,5146,5289,83.19467554076539,1
9532,Branch_11013,5146,5488,230.94688221709006,1
9533,Branch_11014,5151,5146,1.444627430585652,1
9534,Branch_11015,5150,5146,1.4308403325272934,1
9535,Branch_11016,5149,5146,1.4359769669294504,1
9536,Branch_11017,5147,5146,1.427429484983442,1
9537,Branch_11018,5147,5146,1.5013662432813861,1
9538,Branch_11019,5148,5146,1.768972227136034,1
9539,Branch_11020,5152,5146,1.7155601303825698,1
9540,Branch_11021,8110,8111,2000.0,1
9541,Branch_11022,8110,8112,2000.0,1
9542,Branch_11023,323,325,259.7402597402597,1
9543,Branch_11024,324,326,384.61538461538464,1
9544,Branch_11027,511,509,11.50483202945237,1
9545,Branch_11028,511,510,10.486577181208053,1
9546,Branch_11029,5071,5258,2000.0,1
9547,Branch_11030,5258,5309,2000.0,1
9548,Branch_11031,7463,7464,8.430992327796982,1
9549,Branch_11032,7463,7465,8.429570934839417,1
9550,Branch_11033,7227,7463,39.29273084479372,1
9551,Branch_11034,6533,6532,8.3236224404861,1
9552,Branch_11035,6533,6534,8.3236224404861,1
9553,Branch_11036,6533,7227,32.62642740619902,1
9554,Branch_11037,2187,2186,6.013229104028864,1
9555,Branch_11038,7559,7560,12.50312578144536,1
9556,Branch_11039,6893,7559,2000.0,1
9557,Branch_11040,772,774,-366.3003663003663,1
9558,Branch_11041,771,774,56.59309564233163,1
9559,Branch_11042,777,774,9.476876421531463,1
9560,Branch_11043,772,775,-335.5704697986577,1
9561,Branch_11044,771,775,55.80357142857143,1
9562,Branch_11045,776,775,9.383503800319039,1
9563,Branch_11046,772,773,2000.0,1
9564,Branch_11047,9160,9162,5.818012566907145,1
9565,Branch_11048,9159,9162,-558.659217877095,1
9566,Branch_11049,9161,9162,1.945449593401035,1
9567,Branch_11050,1,2,7.899518129394107,1
9568,Branch_11051,3,1,4.066363044892648,1
9569,Branch_11052,3,1,4.162504162504162,1
9570,Branch_11053,5394,5449,43.38394793926247,1
9571,Branch_11059,2429,2428,44.50378282153983,1
9572,Branch_11060,2423,2428,-323.62459546925567,1
9573,Branch_11061,2430,2428,9.004141905276427,1
9574,Branch_11062,5219,5428,500.0,1
9575,Branch_11063,7060,7127,2000.0,1
9576,Branch_11064,7060,7127,2000.0,1
9577,Branch_11065,7059,7060,41.16920543433512,1
9578,Branch_11066,7059,7128,574.7126436781609,1
9579,Branch_11067,6263,6266,245.7002457002457,1
9580,Branch_11068,6266,6348,225.73363431151242,1
9581,Branch_11069,3854,3855,14.41545336600836,1
9582,Branch_11070,3854,3856,8.781173164734808,1
9583,Branch_11071,3846,3854,39.69829297340215,1
9584,Branch_11072,3846,3854,48.355899419729205,1
9585,Branch_11073,3094,3854,25.056376847907792,1
9586,Branch_11074,7931,7933,483.09178743961354,1
9587,Branch_11075,4375,4701,18.298261665141812,1
9588,Branch_11076,3896,4375,56.91519635742743,1
9589,Branch_11077,9013,9016,20.69108214359611,1
9590,Branch_11078,9013,9017,20.69108214359611,1
9591,Branch_11080,7570,7573,45.187528242205154,1
9592,Branch_11081,7569,7573,-467.2897196261682,1
9593,Branch_11082,7572,7573,7.662248103593594,1
9594,Branch_11083,7570,7574,46.2962962962963,1
9595,Branch_11084,7569,7574,-458.7155963302752,1
9596,Branch_11085,7571,7574,8.933357155619081,1
9597,Branch_11086,5142,5454,2000.0,1
9598,Branch_11087,5378,5457,2000.0,1
9599,Branch_11088,5384,5456,2000.0,1
9600,Branch_11089,1100,1102,2000.0,1
9601,Branch_11090,1101,1103,2000.0,1
9602,Branch_11091,5253,5255,42.24757076468103,1
9603,Branch_11092,5253,5252,42.24757076468103,1
9604,Branch_11093,5253,5254,42.24757076468103,1
9605,Branch_11094,5253,5256,75.7002271006813,1
9606,Branch_11096,557,558,11.668611435239207,1
9607,Branch_11097,8433,8435,11.560693641618498,1
9608,Branch_11098,8433,8434,11.55802126675913,1
9609,Branch_11099,8411,8433,2000.0,1
9610,Branch_11100,2635,8994,588.2352941176471,1
9611,Branch_11101,1732,1733,2000.0,1
9612,Branch_11102,7959,8294,2000.0,1
9613,Branch_11103,8294,8295,13.468013468013469,1
9614,Branch_11104,3113,4131,12.405408758218583,1
9615,Branch_11105,4704,4862,65.57377049180327,1
9616,Branch_11106,4493,4704,128.2051282051282,1
9617,Branch_11107,107,140,324.6753246753247,1
9618,Branch_11108,118,123,1333.3333333333333,1
9619,Branch_11109,123,124,1492.5373134328358,1
9620,Branch_11110,101,106,2000.0,1
9621,Branch_11111,125,135,2000.0,1
9622,Branch_11112,123,135,2000.0,1
9623,Branch_11113,114,130,2000.0,1
9624,Branch_11114,112,130,2000.0,1
9625,Branch_11115,114,1074,60.132291040288635,1
9626,Branch_11116,123,455,70.2247191011236,1
9627,Branch_11117,101,242,131.06159895150722,1
9628,Branch_11118,101,242,131.06159895150722,1
9629,Branch_11119,101,137,55.0357732526142,1
9630,Branch_11120,114,137,-427.35042735042737,1
9631,Branch_11121,110,137,9.869719699960521,1
9632,Branch_11122,133,138,-67.38544474393531,1
9633,Branch_11123,114,138,7.540909433677702,1
9634,Branch_11124,140,138,1.928491533922166,1
9635,Branch_11125,101,139,58.0046403712297,1
9636,Branch_11126,123,139,-336.7003367003367,1
9637,Branch_11127,136,139,10.466820180029307,1
9638,Branch_11128,118,134,10.22390348635109,1
9639,Branch_11129,124,132,10.282776349614396,1
9640,Branch_11130,118,102,-27.647221454243848,1
9641,Branch_11131,116,102,4.63907960660605,1
9642,Branch_11132,127,102,4.733279689496852,1
9643,Branch_11133,119,109,4.814636494944632,1
9644,Branch_11134,131,109,4.8954814706026335,1
9645,Branch_11135,118,109,-28.433323855558715,1
9646,Branch_11136,124,103,-28.441410693970422,1
9647,Branch_11137,129,103,4.569548528605374,1
9648,Branch_11138,113,103,4.710981297404249,1
9649,Branch_11139,124,100,82.44023083264634,1
9650,Branch_11140,120,100,5.9680114585820006,1
9651,Branch_11141,126,100,5.9680114585820006,1
9652,Branch_11142,106,105,40.06410256410256,1
9653,Branch_11143,122,105,5.681495369581274,1
9654,Branch_11144,115,105,5.631899076368551,1
9655,Branch_11145,106,108,44.150110375275936,1
9656,Branch_11146,128,108,5.636343140570398,1
9657,Branch_11147,117,108,5.5735146583435515,1
9658,Branch_11148,106,104,40.43671653861706,1
9659,Branch_11149,111,104,5.674080798910577,1
9660,Branch_11150,121,104,5.624613307835086,1
9661,Branch_11151,50,1264,80.77544426494346,1
9662,Branch_11152,9000,9003,91.91176470588235,1
9663,Branch_11153,1574,1576,92.67840593141798,1
9664,Branch_11154,1574,1575,90.57971014492753,1
9665,Branch_11155,1577,1587,127.06480304955528,1
9666,Branch_11156,1577,1586,127.06480304955528,1
9667,Branch_11157,1571,1577,1562.5,1
9668,Branch_11158,1571,1577,2000.0,1
9669,Branch_11159,1650,1651,2000.0,1
9670,Branch_11160,7843,8394,12.108003390240949,1
9671,Branch_11167,742,1518,10.438413361169102,1
9672,Branch_11168,7441,7442,8.987956138774043,1
9673,Branch_11169,7441,7443,8.922198429693076,1
9674,Branch_11170,6551,7441,57.43825387708214,1
9675,Branch_11172,5564,5566,10.513036164844408,1
9676,Branch_11173,9054,9058,53.99568034557235,1
9677,Branch_11174,4541,4740,2000.0,1
9678,Branch_11175,1055,1165,193.7984496124031,1
9679,Branch_11177,6947,6948,64.14368184733804,1
9680,Branch_11178,4090,4092,46.04051565377532,1
9681,Branch_11179,4091,4092,-438.5964912280702,1
9682,Branch_11180,4093,4092,9.013881377321075,1
9683,Branch_11184,3171,3170,5.244663554832957,1
9684,Branch_11185,3172,3174,46.2962962962963,1
9685,Branch_11186,3173,3174,-458.7155963302752,1
9686,Branch_11187,3175,3174,8.951750067138125,1
9687,Branch_11188,3170,3173,95.23809523809524,1
9688,Branch_11189,858,860,2000.0,1
9689,Branch_11190,859,861,2000.0,1
9690,Branch_11191,173,858,120.48192771084338,1
9691,Branch_11192,173,859,119.76047904191617,1
9692,Branch_11195,5081,5082,15.581177937052042,1
9693,Branch_11196,5081,5083,15.790304752881731,1
9694,Branch_11197,8659,8657,9.149967975112087,1
9695,Branch_11198,8659,8658,9.067005168192946,1
9696,Branch_11199,8659,8656,9.094216078574027,1
9697,Branch_11200,5054,5052,9.487666034155598,1
9698,Branch_11201,5054,5053,9.428625306430323,1
9699,Branch_11202,7008,7007,7.81983109164842,1
9700,Branch_11203,4606,5024,72.09805335255948,1
9701,Branch_11204,423,422,4.738887309259786,1
9702,Branch_11205,423,432,4.738887309259786,1
9703,Branch_11206,423,424,4.738887309259786,1
9704,Branch_11207,423,425,4.738887309259786,1
9705,Branch_11208,423,426,4.738887309259786,1
9706,Branch_11209,423,427,4.738887309259786,1
9707,Branch_11210,423,428,4.738887309259786,1
9708,Branch_11211,423,429,4.738887309259786,1
9709,Branch_11212,423,430,4.738887309259786,1
9710,Branch_11213,423,431,4.738887309259786,1
9711,Branch_11214,7852,7851,17.31301939058172,1
9712,Branch_11215,7852,8437,5.396654074473826,1
9713,Branch_11216,7852,8406,324.6753246753247,1
9714,Branch_11217,7670,7980,65.359477124183,1
9715,Branch_11218,7980,7981,15.441630636195182,1
9716,Branch_11219,7980,7982,15.441630636195182,1
9717,Branch_11220,584,1054,2000.0,1
9718,Branch_11222,1195,1196,2000.0,1
9719,Branch_11223,1197,1198,2000.0,1
9720,Branch_11224,1107,1196,116.68611435239207,1
9721,Branch_11225,1107,1198,116.68611435239207,1
9722,Branch_11226,5271,5442,56.433408577878104,1
9723,Branch_11227,7598,7601,47.68717215069147,1
9724,Branch_11228,7599,7600,47.68717215069147,1
9725,Branch_11229,7602,7601,17.33102253032929,1
9726,Branch_11230,7602,7600,17.23246596587972,1
9727,Branch_11231,5648,6273,12.067093037287318,1
9728,Branch_11232,575,576,13.145786775338504,1
9729,Branch_11233,575,1321,52.21932114882507,1
9730,Branch_11234,5809,5810,5.05050505050505,1
9731,Branch_11235,5809,5811,5.067653169817057,1
9732,Branch_11236,5809,5812,5.033472592741733,1
9733,Branch_11237,8171,8245,62.11180124223603,1
9734,Branch_11238,255,931,82.3045267489712,1
9735,Branch_11239,227,255,104.9317943336831,1
9736,Branch_11240,8664,8844,7.378440197742197,1
9737,Branch_11242,3713,4179,64.93506493506493,1
9738,Branch_11243,2635,2636,8.962982880702699,1
9739,Branch_11244,2635,2637,8.962982880702699,1
9740,Branch_11245,5392,5466,18.5459940652819,1
9741,Branch_11246,3526,3529,383.1417624521073,1
9742,Branch_11247,3527,3528,383.1417624521073,1
9743,Branch_11248,4796,4814,2000.0,1
9744,Branch_11249,5143,5144,5.558643690939411,1
9745,Branch_11250,8790,9002,81.23476848090984,1
9746,Branch_11251,8623,9002,3.772873042822109,1
9747,Branch_11252,5126,5121,46.44681839294008,1
9748,Branch_11253,5122,5121,21.312872975277067,1
9749,Branch_11254,5123,5121,87.33624454148472,1
9750,Branch_11255,5125,5129,46.59832246039143,1
9751,Branch_11256,5122,5129,-476.1904761904762,1
9752,Branch_11257,5128,5129,8.975854950184004,1
9753,Branch_11258,8013,8062,228.31050228310502,1
9754,Branch_11259,8062,8060,8.599191675982457,1
9755,Branch_11260,8062,8061,9.120758847136083,1
9756,Branch_11261,9315,9317,8.336112037345782,1
9757,Branch_11262,9315,9316,14.084507042253522,1
9758,Branch_11263,9195,9315,2000.0,1
9759,Branch_11266,3291,3290,4.968944099378882,1
9760,Branch_11269,3276,4708,127.8772378516624,1
9761,Branch_11271,5649,5650,11.266336187471834,1
9762,Branch_11272,615,1518,4.374453193350831,1
9763,Branch_11273,3818,4157,19.249278152069298,1
9764,Branch_11274,3097,3818,87.7963125548727,1
9765,Branch_11275,9019,9041,62.30529595015577,1
9766,Branch_11276,9019,9043,62.5,1
9767,Branch_11277,9022,9023,2.375014843842774,1
9768,Branch_11278,9021,9023,-826.4462809917355,1
9769,Branch_11279,9019,9023,22.246941045606228,1
9770,Branch_11280,9019,9103,65.96306068601584,1
9771,Branch_11281,9019,9103,66.05019815059445,1
9772,Branch_11286,6456,7170,2000.0,1
9773,Branch_11289,4939,4940,17.857142857142858,1
9774,Branch_11290,2734,4939,2000.0,1
9775,Branch_11291,7648,8265,12.823800974608874,1
9776,Branch_11292,7648,8476,5.437146585471944,1
9777,Branch_11293,1342,1343,103.84215991692628,1
9778,Branch_11294,29,1323,52.79831045406547,1
9779,Branch_11295,6065,6066,56.49717514124294,1
9780,Branch_11296,6068,6066,-609.7560975609756,1
9781,Branch_11297,6067,6066,6.6970265202250205,1
9782,Branch_11298,6065,6069,56.59309564233163,1
9783,Branch_11299,6068,6069,-598.8023952095808,1
9784,Branch_11300,6070,6069,6.68493883280968,1
9785,Branch_11304,152,981,18.832391713747647,1
9786,Branch_11305,152,1142,106.38297872340425,1
9787,Branch_11306,1210,1211,17.167381974248926,1
9788,Branch_11307,920,922,16.307893020221787,1
9789,Branch_11308,920,924,16.307893020221787,1
9790,Branch_11309,920,923,16.307893020221787,1
9791,Branch_11310,920,921,18.11922449719152,1
9792,Branch_11311,800,920,2000.0,1
9793,Branch_11312,8847,8901,90.41591320072332,1
9794,Branch_11313,5190,5193,45.578851412944395,1
9795,Branch_11314,5191,5193,-400.0,1
9796,Branch_11315,5194,5193,8.92379082634303,1
9797,Branch_11316,9150,9149,8.810572687224669,1
9798,Branch_11317,9138,9150,45.22840343735866,1
9799,Branch_11318,5155,5154,12.007684918347742,1
9800,Branch_11323,1722,1836,170.94017094017093,1
9801,Branch_11324,2011,2476,259.7402597402597,1
9802,Branch_11325,2011,2312,65.01950585175553,1
9803,Branch_11327,1912,2308,30.61849357011635,1
9804,Branch_11329,2347,2412,229.88505747126436,1
9805,Branch_11330,1351,1352,4.60426354804549,1
9806,Branch_11331,814,816,216.45021645021646,1
9807,Branch_11332,1000,1001,2000.0,1
9808,Branch_11333,1002,1003,2000.0,1
9809,Branch_11334,999,1001,2000.0,1
9810,Branch_11335,999,1002,2000.0,1
9811,Branch_11336,2701,2702,29.061319383900027,1
9812,Branch_11337,5614,5613,9.480470231323473,1
9813,Branch_11338,5613,8586,11.52073732718894,1
9814,Branch_11339,5707,5859,7.002801120448179,1
9815,Branch_11340,5761,5791,24.05002405002405,1
9816,Branch_11341,5761,5859,9.416195856873824,1
9817,Branch_11342,1250,1251,2000.0,1
9818,Branch_11343,1249,1252,2000.0,1
9819,Branch_11344,1026,1028,2000.0,1
9820,Branch_11345,1027,1029,2000.0,1
9821,Branch_11346,1844,2311,68.02721088435374,1
9822,Branch_11347,2057,2362,99.60159362549801,1
9823,Branch_11348,2177,2282,30.959752321981423,1
9824,Branch_11349,2177,2346,204.08163265306123,1
9825,Branch_11351,7979,8356,158.9825119236884,1
9826,Branch_11352,8273,8271,5.356186395286556,1
9827,Branch_11353,8272,8271,5.356186395286556,1
9828,Branch_11354,8566,8565,3.3478406427854033,1
9829,Branch_11355,8564,8565,20.798668885191347,1
9830,Branch_11356,8563,8565,-154.5595054095827,1
9831,Branch_11357,8271,8563,469.4835680751174,1
9832,Branch_11358,7698,8494,56.2429696287964,1
9833,Branch_11359,1490,1491,12.189176011701608,1
9834,Branch_11360,328,1480,26.695141484249866,1
9835,Branch_11361,8114,8113,3.34817691766833,1
9836,Branch_11362,8052,8114,1408.4507042253522,1
9837,Branch_11363,293,1491,8.629616845012082,1
9838,Branch_11364,328,1491,2000.0,1
9839,Branch_11365,51,322,746.2686567164179,1
9840,Branch_11366,1307,1490,1428.5714285714287,1
9841,Branch_11367,243,374,101.9367991845056,1
9842,Branch_11368,243,375,100.30090270812437,1
9843,Branch_11369,6446,6447,33.211557622052474,1
9844,Branch_11370,6446,6447,41.16920543433512,1
9845,Branch_11371,6447,7044,172.1170395869191,1
9846,Branch_11372,8072,8070,7.422802850356295,1
9847,Branch_11373,8072,8071,7.422802850356295,1
9848,Branch_11374,8073,8072,33.333333333333336,1
9849,Branch_11375,8068,8073,57.17552887364208,1
9850,Branch_11376,4095,4102,11.827321111768185,1
9851,Branch_11377,4099,4102,-113.76564277588169,1
9852,Branch_11378,4103,4102,5.889628364450203,1
9853,Branch_11379,4094,4105,10.703200256876807,1
9854,Branch_11380,4098,4105,-75.58578987150416,1
9855,Branch_11381,4104,4105,8.31739166597355,1
9856,Branch_11382,4095,4096,46.51162790697674,1
9857,Branch_11383,4101,4096,-485.43689320388347,1
9858,Branch_11384,4097,4096,8.959770629871874,1
9859,Branch_11385,9202,9200,9.668374746205163,1
9860,Branch_11386,9202,9201,9.668374746205163,1
9861,Branch_11387,6051,6114,5.140066820868672,1
9862,Branch_11388,8637,8638,8.160600620205647,1
9863,Branch_11389,8640,8641,13.468013468013469,1
9864,Branch_11390,9129,9131,2000.0,1
9865,Branch_11391,9131,9132,11.363636363636363,1
9866,Branch_11392,8097,8305,40.79967360261118,1
9867,Branch_11393,7824,8247,662.2516556291391,1
9868,Branch_11394,7825,8247,645.1612903225806,1
9869,Branch_11395,783,786,13.548299688389108,1
9870,Branch_11396,783,786,13.71553970648745,1
9871,Branch_11397,787,785,18.914318138831096,1
9872,Branch_11398,788,784,16.998130205677377,1
9873,Branch_11399,783,1042,34.19972640218878,1
9874,Branch_11400,783,1042,34.23485107839781,1
9875,Branch_11401,786,838,8.900756564307967,1
9876,Branch_11402,20,783,16.215339711366955,1
9877,Branch_11403,387,388,4.784688995215311,1
9878,Branch_11404,387,389,4.784688995215311,1
9879,Branch_11405,386,387,2000.0,1
9880,Branch_11406,464,465,4.740235115661736,1
9881,Branch_11407,464,466,4.740235115661736,1
9882,Branch_11408,387,464,2000.0,1
9883,Branch_11409,6203,6207,47.80114722753346,1
9884,Branch_11410,2735,4317,60.20469596628537,1
9885,Branch_11411,4910,4911,10.025062656641603,1
9886,Branch_11412,634,635,2.886752691896885,1
9887,Branch_11413,633,635,2.880101379568561,1
9888,Branch_11414,633,634,2000.0,1
9889,Branch_11415,8709,8711,46.27487274409995,1
9890,Branch_11416,8710,8711,-460.8294930875576,1
9891,Branch_11417,8712,8711,8.932559178204556,1
9892,Branch_11418,798,1307,4.5024763619991,1
9893,Branch_11419,51,1490,67.02412868632707,1
9894,Branch_11420,1301,1538,32.010243277848915,1
9895,Branch_11421,1301,1594,33.333333333333336,1
9896,Branch_11422,5686,6017,34.04834865509023,1
9897,Branch_11423,5694,6017,35.12469265893923,1
9898,Branch_11424,2769,2766,12.204051745179399,1
9899,Branch_11425,2769,2768,11.203226529240421,1
9900,Branch_11426,2769,2767,12.204051745179399,1
9901,Branch_11427,2769,4918,438.5964912280702,1
9902,Branch_11428,2707,4509,25.4323499491353,1
9903,Branch_11429,1827,2151,102.6694045174538,1
9904,Branch_11430,9025,9135,151.5151515151515,1
9905,Branch_11431,9135,9136,10.26167265264238,1
9906,Branch_11432,9135,9137,10.24485196188915,1
9907,Branch_11433,2734,3591,561.7977528089888,1
9908,Branch_11434,2705,2734,1298.7012987012988,1
9909,Branch_11435,3053,3399,152.67175572519085,1
9910,Branch_11437,173,175,38.095238095238095,1
9911,Branch_11438,173,175,38.095238095238095,1
9912,Branch_11439,173,177,2000.0,1
9913,Branch_11440,173,178,2000.0,1
9914,Branch_11441,175,179,2000.0,1
9915,Branch_11442,174,175,2000.0,1
9916,Branch_11443,173,180,2000.0,1
9917,Branch_11444,165,168,2000.0,1
9918,Branch_11445,165,171,2000.0,1
9919,Branch_11446,167,170,2000.0,1
9920,Branch_11447,173,176,2000.0,1
9921,Branch_11448,165,492,161.55088852988692,1
9922,Branch_11449,167,508,225.22522522522522,1
9923,Branch_11450,177,159,23.391812865497077,1
9924,Branch_11451,178,162,23.386342376052387,1
9925,Branch_11452,179,169,39.65107057890563,1
9926,Branch_11453,174,166,60.56935190793458,1
9927,Branch_11454,180,161,85.1063829787234,1
9928,Branch_11455,168,164,88.18342151675485,1
9929,Branch_11456,171,163,44.923629829290206,1
9930,Branch_11457,170,160,45.49590536851683,1
9931,Branch_11458,176,172,2.450980392156863,1
9932,Branch_11459,19,20,6.103515625,1
9933,Branch_11460,5331,5514,15.283509093687911,1
9934,Branch_11462,5331,5381,54.141851651326476,1
9935,Branch_11463,7292,7293,11.827321111768185,1
9936,Branch_11464,7715,8387,45.31037607612143,1
9937,Branch_11465,3357,3362,24.993751562109473,1
9938,Branch_11466,3360,3358,24.993751562109473,1
9939,Branch_11467,3361,3359,19.996000799840033,1
9940,Branch_11468,3357,3662,2000.0,1
9941,Branch_11469,3360,3662,2000.0,1
9942,Branch_11470,3361,3662,2000.0,1
9943,Branch_11479,8476,8604,4.127115146512588,1
9944,Branch_11480,3662,3999,2000.0,1
9945,Branch_11481,3662,3999,2000.0,1
9946,Branch_11483,4362,4617,57.70340450086555,1
9947,Branch_11484,646,647,1086.9565217391305,1
9948,Branch_11485,648,649,1041.6666666666667,1
9949,Branch_11486,4311,4312,10.114291493880854,1
9950,Branch_11487,4310,4312,98.03921568627452,1
9951,Branch_11488,4313,4312,91.49130832570906,1
9952,Branch_11489,2288,2289,2.632271650434325,1
9953,Branch_11490,990,991,2000.0,1
9954,Branch_11491,992,995,2000.0,1
9955,Branch_11492,993,994,2000.0,1
9956,Branch_11493,989,994,353.35689045936397,1
9957,Branch_11494,8720,8719,5.590027391134217,1
9958,Branch_11495,7626,8245,78.92659826361484,1
9959,Branch_11496,2495,2602,48.426150121065376,1
9960,Branch_11497,2320,2495,341.29692832764505,1
9961,Branch_11498,8242,8292,53.41880341880342,1
9962,Branch_11499,7684,7763,42.73504273504273,1
9963,Branch_11500,8242,8389,112.4859392575928,1
9964,Branch_11501,6622,6623,6.25,1
9965,Branch_11502,5945,5947,19.043991620643688,1
9966,Branch_11503,1686,1687,9.67305088024763,1
9967,Branch_11504,1686,1688,9.673986649898422,1
9968,Branch_11505,8494,8587,92.85051067780873,1
9969,Branch_11506,7684,8494,98.81422924901186,1
9970,Branch_11507,810,811,2000.0,1
9971,Branch_11508,812,813,2000.0,1
9972,Branch_11509,8747,8898,2000.0,1
9973,Branch_11510,8747,8899,2000.0,1
9974,Branch_11511,8898,8897,3.7815761609438816,1
9975,Branch_11512,8899,8900,3.7688915689895603,1
9976,Branch_11513,8139,8140,10.66894270777766,1
9977,Branch_11514,7667,8139,531.9148936170212,1
9978,Branch_11515,3948,4162,42.46284501061571,1
9979,Branch_11516,1685,1684,9.004141905276427,1
9980,Branch_11517,7662,7857,7.311544929443591,1
9981,Branch_11518,7662,8600,13.30671989354624,1
9982,Branch_11519,4807,4803,27.277686852154936,1
9983,Branch_11520,4806,4804,27.700831024930746,1
9984,Branch_11521,4806,4805,39.635354736424894,1
9985,Branch_11522,4053,4054,-80.51529790660226,1
9986,Branch_11523,4052,4054,14.718869590815425,1
9987,Branch_11524,4050,4054,19.043991620643688,1
9988,Branch_11525,4049,4051,18.37897445322551,1
9989,Branch_11526,4799,4806,2000.0,1
9990,Branch_11527,4799,4807,2000.0,1
9991,Branch_11528,4053,4523,2000.0,1
9992,Branch_11529,4049,4523,2000.0,1
9993,Branch_11530,8343,8344,9.433962264150944,1
9994,Branch_11531,8345,8352,41.084634346754314,1
9995,Branch_11532,8343,8352,-454.54545454545456,1
9996,Branch_11533,8353,8352,6.72449734382355,1
9997,Branch_11544,3168,3550,10.507512871703268,1
9998,Branch_11545,9025,9103,62.46096189881324,1
9999,Branch_11546,9025,9103,62.53908692933083,1
10000,Branch_11547,6217,6225,2000.0,1
10001,Branch_11548,8633,8751,10.066438494060801,1
10002,Branch_11549,3081,3168,8.54627809588924,1
10003,Branch_11550,8817,8886,125.31328320802005,1
10004,Branch_11551,6458,7452,144.0922190201729,1
10005,Branch_11552,7452,7453,8.699434536755112,1
10006,Branch_11553,7452,7454,15.441630636195182,1
10007,Branch_11554,7452,7455,12.118274357731458,1
10008,Branch_11555,2908,8648,2000.0,1
10009,Branch_11556,3482,3480,12.470382840753212,1
10010,Branch_11557,3482,3480,12.470382840753212,1
10011,Branch_11558,3481,3485,77.51937984496124,1
10012,Branch_11559,3480,3485,65.359477124183,1
10013,Branch_11560,3486,3485,5.13083632632119,1
10014,Branch_11561,3481,3487,77.51937984496124,1
10015,Branch_11562,3480,3487,65.359477124183,1
10016,Branch_11563,3484,3487,5.13083632632119,1
10017,Branch_11564,8896,8904,2000.0,1
10018,Branch_11565,8715,8716,9.390553103577801,1
10019,Branch_11566,3482,3586,5.877858108505261,1
10020,Branch_11567,6311,6309,17.898693395382136,1
10021,Branch_11568,6311,6310,17.898693395382136,1
10022,Branch_11569,6237,6311,847.457627118644,1
10023,Branch_11570,6963,6964,14.413375612568464,1
10024,Branch_11571,6637,6636,7.012622720897616,1
10025,Branch_11573,4883,4884,24.224806201550386,1
10026,Branch_11574,2742,4883,234.192037470726,1
10027,Branch_11575,3056,3057,5.241090146750524,1
10028,Branch_11576,3370,4894,34.65003465003465,1
10029,Branch_11577,2363,2365,50.505050505050505,1
10030,Branch_11578,2364,2365,-326.797385620915,1
10031,Branch_11579,2366,2365,6.66000666000666,1
10032,Branch_11580,2363,2367,51.49330587023687,1
10033,Branch_11581,2364,2367,-344.82758620689657,1
10034,Branch_11582,2368,2367,6.607638430025109,1
10035,Branch_11583,8679,8835,2000.0,1
10036,Branch_11584,7978,7988,2000.0,1
10037,Branch_11585,6944,6945,5.767012687427912,1
10038,Branch_11586,6888,6887,14.30615164520744,1
10039,Branch_11587,6888,6887,8.435970980259828,1
10040,Branch_11588,3080,4668,90.17132551848512,1
10041,Branch_11589,4399,4668,33.9328130302002,1
10042,Branch_11590,2471,2473,6.802258349772124,1
10043,Branch_11591,2472,2470,6.802258349772124,1
10044,Branch_11592,1981,1983,4.597701149425287,1
10045,Branch_11593,1981,1982,2.0504408447816282,1
10046,Branch_11595,2905,4020,2000.0,1
10047,Branch_11596,4601,5024,78.67820613690007,1
10048,Branch_11597,8613,8715,59.701492537313435,1
10049,Branch_11598,6462,6463,46.08294930875576,1
10050,Branch_11599,6460,6463,-460.8294930875576,1
10051,Branch_11600,6465,6463,8.94854586129754,1
10052,Branch_11601,6462,6464,46.06172270842929,1
10053,Branch_11602,6460,6464,-462.962962962963,1
10054,Branch_11603,6466,6464,8.992805755395684,1
10055,Branch_11604,6460,6461,12.696800406297614,1
10056,Branch_11605,3024,4590,2000.0,1
10057,Branch_11606,2705,2703,36.062026685899745,1
10058,Branch_11607,2705,2704,36.062026685899745,1
10059,Branch_11608,5502,5543,2000.0,1
10060,Branch_11609,4483,4488,93.10986964618249,1
10061,Branch_11610,4484,4488,211.41649048625794,1
10062,Branch_11611,4489,4488,12.514078338130396,1
10063,Branch_11612,4483,4486,90.09009009009009,1
10064,Branch_11613,4482,4486,265.9574468085106,1
10065,Branch_11614,4487,4486,13.238019592268996,1
10066,Branch_11615,6688,6689,46.33920296570899,1
10067,Branch_11616,6687,6689,-454.54545454545456,1
10068,Branch_11617,6690,6689,8.94854586129754,1
10069,Branch_11618,6282,6283,12.035142616440005,1
10070,Branch_11619,1213,1214,109.64912280701755,1
10071,Branch_11620,2683,2706,2000.0,1
10072,Branch_11621,2683,4856,59.06674542232723,1
10073,Branch_11622,9065,9069,1190.4761904761904,1
10074,Branch_11623,9069,9070,5.29436679373147,1
10075,Branch_11624,2956,2957,5.555246930726071,1
10076,Branch_11625,2956,3407,5.974072525240456,1
10077,Branch_11626,3480,4379,28.49002849002849,1
10078,Branch_11627,4477,4476,6.230529595015576,1
10079,Branch_11628,3073,4477,2000.0,1
10080,Branch_11629,7450,7451,2000.0,1
10081,Branch_11630,2744,3781,714.2857142857143,1
10082,Branch_11631,3781,4838,2000.0,1
10083,Branch_11632,6834,6833,7.089181908407769,1
10084,Branch_11633,6844,6845,5.668934240362812,1
10085,Branch_11634,8618,8687,8.869179600886918,1
10086,Branch_11635,455,456,2000.0,1
10087,Branch_11636,457,458,2000.0,1
10088,Branch_11637,6932,6933,2.152389151958674,1
10089,Branch_11638,6933,7483,161.29032258064515,1
10090,Branch_11639,1107,1111,-529.1005291005291,1
10091,Branch_11640,1106,1111,51.440329218106996,1
10092,Branch_11641,1113,1111,10.165700925078784,1
10093,Branch_11642,1109,1108,-104.60251046025104,1
10094,Branch_11643,1105,1108,11.75226231049477,1
10095,Branch_11644,1110,1108,3.077870113881194,1
10096,Branch_11645,1105,1114,133.33333333333334,1
10097,Branch_11646,1106,1114,88.261253309797,1
10098,Branch_11647,1112,1114,9.885330170027679,1
10099,Branch_11648,1109,1115,-174.52006980802793,1
10100,Branch_11649,1105,1115,23.452157598499063,1
10101,Branch_11650,1116,1115,5.977286312014345,1
10102,Branch_11651,1105,1282,58.07200929152149,1
10103,Branch_11652,1105,1283,56.98005698005698,1
10104,Branch_11653,3747,4337,45.662100456621005,1
10105,Branch_11654,4288,4337,155.52099533437013,1
10106,Branch_11655,1216,1228,2000.0,1
10107,Branch_11656,1216,1228,2000.0,1
10108,Branch_11657,7737,8421,60.09615384615385,1
10109,Branch_11658,7620,8421,41.98152812762385,1
10110,Branch_11659,6146,6282,408.16326530612247,1
10111,Branch_11660,925,926,5.430355688297584,1
10112,Branch_11661,76,782,2000.0,1
10113,Branch_11662,8233,8286,5.561735261401557,1
10114,Branch_11663,8286,8541,30.211480362537763,1
10115,Branch_11664,4306,4305,10.554089709762533,1
10116,Branch_11665,4304,4305,-165.28925619834712,1
10117,Branch_11666,4307,4305,2.401998462720984,1
10118,Branch_11667,2726,4873,2000.0,1
10119,Branch_11668,3245,4758,34.27004797806717,1
10120,Branch_11669,3370,4758,261.78010471204186,1
10121,Branch_11670,4229,4813,114.94252873563218,1
10122,Branch_11671,3332,4813,111.98208286674132,1
10123,Branch_11672,3323,4341,94.9667616334283,1
10124,Branch_11673,3159,3158,6.231306081754735,1
10125,Branch_11674,3159,3212,27.3224043715847,1
10126,Branch_11675,4072,4070,45.97701149425287,1
10127,Branch_11676,4069,4070,-444.44444444444446,1
10128,Branch_11677,4071,4070,8.979885057471265,1
10129,Branch_11683,1658,1659,2000.0,1
10130,Branch_11684,1657,1660,2000.0,1
10131,Branch_11685,4528,4527,7.610350076103501,1
10132,Branch_11686,4525,4527,100.0,1
10133,Branch_11687,4529,4527,3.0712530712530715,1
10134,Branch_11688,6834,7301,37.105751391465674,1
10135,Branch_11689,6844,7301,23.266635644485806,1
10136,Branch_11690,1508,1660,166.9449081803005,1
10137,Branch_11691,3951,4308,2000.0,1
10138,Branch_11692,3587,4795,16.466326362588507,1
10139,Branch_11693,4761,4795,68.3526999316473,1
10140,Branch_11694,3001,4795,50.403225806451616,1
10141,Branch_11695,3001,4795,51.36106831022085,1
10142,Branch_11696,3001,4795,50.68423720223011,1
10143,Branch_11697,4163,4785,35.29827038475115,1
10144,Branch_11698,2612,4785,97.0873786407767,1
10145,Branch_11699,3751,4785,201.61290322580646,1
10146,Branch_11701,872,873,2000.0,1
10147,Branch_11702,4365,4361,30.959752321981423,1
10148,Branch_11703,4362,4361,-384.61538461538464,1
10149,Branch_11704,4364,4361,8.176614881439084,1
10150,Branch_11705,4365,4360,30.959752321981423,1
10151,Branch_11706,4362,4360,-384.61538461538464,1
10152,Branch_11707,4363,4360,10.81081081081081,1
10153,Branch_11708,7435,7434,56.21135469364812,1
10154,Branch_11709,7044,7108,193.05019305019306,1
10155,Branch_11710,7368,7367,10.498687664041995,1
10156,Branch_11711,1780,1938,53.05039787798408,1
10157,Branch_11712,1835,2200,51.3347022587269,1
10158,Branch_11713,2312,2314,2000.0,1
10159,Branch_11715,1852,2412,1666.6666666666667,1
10160,Branch_11716,242,5168,39.635354736424894,1
10161,Branch_11717,242,5168,39.666798889329634,1
10162,Branch_11719,2035,2327,147.92899408284023,1
10163,Branch_11720,3076,4760,15.126304643775526,1
10164,Branch_11721,4379,4760,120.91898428053204,1
10165,Branch_11722,5647,5646,10.612331529236974,1
10166,Branch_11723,5647,5646,10.574177857671566,1
10167,Branch_11724,5646,5648,2000.0,1
10168,Branch_11725,4963,4964,14.677821811243211,1
10169,Branch_11726,4963,4965,10.529640939243972,1
10170,Branch_11727,4963,4966,15.812776723592663,1
10171,Branch_11728,4951,4963,1960.7843137254902,1
10172,Branch_11730,7203,7205,10.702054794520548,1
10173,Branch_11731,7204,7205,-71.83908045977012,1
10174,Branch_11732,7206,7205,2.6010508245331114,1
10175,Branch_11733,7203,7207,10.40582726326743,1
10176,Branch_11734,7204,7207,-63.775510204081634,1
10177,Branch_11735,7208,7207,2.467003823855927,1
10178,Branch_11736,7203,7209,19.043991620643688,1
10179,Branch_11737,8310,8311,1.6337199803953601,1
10180,Branch_11738,8310,8312,1.7723268879712173,1
10181,Branch_11739,979,1412,68.02721088435374,1
10182,Branch_11740,243,244,-248.75621890547265,1
10183,Branch_11741,242,244,54.614964500273075,1
10184,Branch_11742,245,244,10.619093129446744,1
10185,Branch_11743,243,246,-248.75621890547265,1
10186,Branch_11744,242,246,55.09641873278237,1
10187,Branch_11745,247,246,10.771219302024988,1
10188,Branch_11746,243,248,-243.90243902439025,1
10189,Branch_11747,242,248,54.31830526887561,1
10190,Branch_11748,249,248,10.573059843518715,1
10191,Branch_11749,6406,6405,15.28117359413203,1
10192,Branch_11750,6280,6406,2000.0,1
10193,Branch_11751,1804,1807,27.100271002710027,1
10194,Branch_11752,1803,1807,-476.1904761904762,1
10195,Branch_11753,1809,1807,19.29384526336099,1
10196,Branch_11754,1804,1808,27.233115468409586,1
10197,Branch_11755,1803,1808,-375.9398496240602,1
10198,Branch_11756,1810,1808,6.572461386789352,1
10199,Branch_11757,1804,1805,26.595744680851062,1
10200,Branch_11758,1803,1805,-270.27027027027026,1
10201,Branch_11759,1806,1805,6.574621959237344,1
10202,Branch_11760,1013,1300,2000.0,1
10203,Branch_11761,1013,1300,2000.0,1
