l,branch_name,from_bus,to_bus,suscept,available
1,Branch_1,4183,4274,143.67816091954023,1
2,Branch_2,3146,4102,2000.0,1
3,Branch_3,2873,2889,2000.0,1
4,Branch_4,3528,3794,51.4668039114771,1
5,Branch_5,3291,5142,127.2264631043257,1
6,Branch_6,2984,3182,89.28571428571429,1
7,Branch_7,9088,9259,2000.0,1
8,Branch_8,5465,5551,67.24949562878278,1
9,Branch_9,5465,5642,72.67441860465117,1
10,Branch_10,5465,5494,129.5336787564767,1
11,Branch_11,3541,4498,2000.0,1
12,Branch_12,1882,1906,28.153153153153152,1
13,Branch_13,3592,4478,1123.5955056179776,1
14,Branch_14,3592,3768,182.4817518248175,1
15,Branch_15,2744,3721,159.4896331738437,1
16,Branch_17,3378,4127,96.43201542912247,1
17,Branch_18,2840,3376,138.69625520110958,1
18,Branch_19,2840,3190,87.71929824561404,1
19,Branch_20,3190,3721,107.29613733905579,1
20,Branch_22,3445,5021,107.75862068965517,1
21,Branch_23,3376,5021,375.9398496240602,1
22,Branch_24,3380,4386,57.93742757821553,1
23,Branch_25,3380,3445,74.96251874062969,1
24,Branch_26,2402,2623,11.723329425556859,1
25,Branch_27,4204,4478,289.8550724637681,1
26,Branch_28,4386,4695,36.205648081100655,1
27,Branch_29,2941,3661,112.73957158962796,1
28,Branch_30,3506,3661,75.24454477050413,1
29,Branch_31,2941,3062,58.75440658049354,1
30,Branch_32,3661,4695,50.53057099545225,1
31,Branch_33,4386,4993,28.951939779965258,1
32,Branch_35,3570,4386,46.403712296983755,1
33,Branch_36,3570,4073,18.96453631708705,1
34,Branch_37,3565,4998,58.9622641509434,1
35,Branch_38,1954,2268,342.4657534246575,1
36,Branch_39,3179,3851,160.0,1
37,Branch_40,4321,4442,256.4102564102564,1
38,Branch_41,3249,3851,649.3506493506494,1
39,Branch_42,3249,3485,1639.344262295082,1
40,Branch_43,3485,4442,156.49452269170578,1
41,Branch_46,3376,4996,96.15384615384616,1
42,Branch_47,2057,2407,117.78563015312132,1
43,Branch_49,3484,4323,97.18172983479106,1
44,Branch_50,3484,3831,826.4462809917355,1
45,Branch_51,3831,3852,793.6507936507936,1
46,Branch_52,3179,5079,150.37593984962405,1
47,Branch_53,3852,5079,1075.268817204301,1
48,Branch_56,5018,5055,157.48031496062993,1
49,Branch_57,3368,5055,1282.051282051282,1
50,Branch_58,3447,5055,268.81720430107526,1
51,Branch_60,3143,3807,78.98894154818325,1
52,Branch_63,3143,3561,115.2073732718894,1
53,Branch_64,3194,3561,346.02076124567475,1
54,Branch_65,2902,3194,134.2281879194631,1
55,Branch_66,3765,4258,166.9449081803005,1
56,Branch_70,3765,3807,200.40080160320642,1
57,Branch_71,3163,3807,165.56291390728478,1
58,Branch_73,3194,4779,50.25125628140704,1
59,Branch_74,4258,5018,126.90355329949239,1
60,Branch_75,5018,5054,157.48031496062993,1
61,Branch_76,3367,5054,1562.5,1
62,Branch_77,1800,2500,76.21951219512195,1
63,Branch_78,4024,4204,283.28611898017,1
64,Branch_79,4024,4274,118.48341232227489,1
65,Branch_80,3635,4409,980.3921568627451,1
66,Branch_85,3418,4409,222.22222222222223,1
67,Branch_87,3256,4409,166.11295681063123,1
68,Branch_93,3418,4767,2000.0,1
69,Branch_94,4668,4767,163.3986928104575,1
70,Branch_95,4273,4668,434.7826086956522,1
71,Branch_97,3256,5018,2000.0,1
72,Branch_98,3113,4778,59.73715651135006,1
73,Branch_99,4411,4778,55.40166204986149,1
74,Branch_100,4229,4273,98.91196834817013,1
75,Branch_101,3871,4229,59.171597633136095,1
76,Branch_102,3871,4161,58.445353594389246,1
77,Branch_103,3191,4411,163.3986928104575,1
78,Branch_104,4161,4778,37.764350453172206,1
79,Branch_105,4552,4559,276.24309392265195,1
80,Branch_106,4551,4559,276.24309392265195,1
81,Branch_107,1954,2121,147.27540500736376,1
82,Branch_108,2934,4617,362.3188405797101,1
83,Branch_111,2779,2934,2000.0,1
84,Branch_112,3179,4002,201.61290322580646,1
85,Branch_113,3142,3973,116.95906432748538,1
86,Branch_114,3193,3550,145.5604075691412,1
87,Branch_115,3142,3562,115.2073732718894,1
88,Branch_116,3193,3562,346.02076124567475,1
89,Branch_117,3973,4002,173.91304347826087,1
90,Branch_118,3550,4779,76.74597083653109,1
91,Branch_119,2901,3193,134.2281879194631,1
92,Branch_120,4002,5125,248.75621890547265,1
93,Branch_121,4273,4667,434.7826086956522,1
94,Branch_122,4410,4667,107.9913606911447,1
95,Branch_123,3634,4410,980.3921568627451,1
96,Branch_124,3257,4410,166.11295681063123,1
97,Branch_125,3257,5018,2000.0,1
98,Branch_130,2779,4617,357.14285714285717,1
99,Branch_131,5274,5582,32.102728731942214,1
100,Branch_132,5582,5655,26.845637583892618,1
101,Branch_133,3766,5018,70.77140835102618,1
102,Branch_134,3766,3808,200.40080160320642,1
103,Branch_135,3808,3974,80.84074373484236,1
104,Branch_136,3179,4003,201.61290322580646,1
105,Branch_137,3974,4003,177.3049645390071,1
106,Branch_138,3162,3808,165.56291390728478,1
107,Branch_139,4003,5126,248.75621890547265,1
108,Branch_140,2120,2650,90.66183136899366,1
109,Branch_141,2779,4274,564.9717514124294,1
110,Branch_142,3298,3381,188.32391713747646,1
111,Branch_143,3761,4093,68.87052341597796,1
112,Branch_144,3165,4093,51.84033177812338,1
113,Branch_145,3761,4703,65.7030223390276,1
114,Branch_146,3298,4703,134.40860215053763,1
115,Branch_147,1771,2469,75.52870090634441,1
116,Branch_148,2779,4274,564.9717514124294,1
117,Branch_149,1801,1921,73.31378299120234,1
118,Branch_150,4599,5311,68.1663258350375,1
119,Branch_151,3523,3834,137.5515818431912,1
120,Branch_152,3381,4511,52.43838489774515,1
121,Branch_153,3523,4585,85.98452278589853,1
122,Branch_154,4511,4585,138.50415512465375,1
123,Branch_155,5350,5600,29.585798816568047,1
124,Branch_156,3382,4082,139.08205841446454,1
125,Branch_157,3381,4136,66.09385327164574,1
126,Branch_158,4136,4521,202.83975659229208,1
127,Branch_159,4136,4511,253.80710659898477,1
128,Branch_160,4519,4651,2000.0,1
129,Branch_161,4521,4651,2000.0,1
130,Branch_162,6197,6274,212.7659574468085,1
131,Branch_163,3054,3147,209.20502092050208,1
132,Branch_164,3054,3381,58.37711617046118,1
133,Branch_165,2913,3054,571.4285714285714,1
134,Branch_166,3054,4187,71.02272727272727,1
135,Branch_167,5874,6235,24.81389578163772,1
136,Branch_168,8967,9209,63.45177664974619,1
137,Branch_169,8967,9048,63.73486297004462,1
138,Branch_170,8967,9119,21.734405564007826,1
139,Branch_171,9261,9295,258.3979328165375,1
140,Branch_172,9119,9199,123.60939431396787,1
141,Branch_173,9199,9261,2000.0,1
142,Branch_174,9295,9296,31.12356053532524,1
143,Branch_175,9143,9295,27.151778441487917,1
144,Branch_176,8956,9296,2000.0,1
145,Branch_177,8956,9472,61.61429451632779,1
146,Branch_178,2042,2516,81.03727714748784,1
147,Branch_179,2719,4322,104.9317943336831,1
148,Branch_180,3041,3319,1538.4615384615386,1
149,Branch_181,3041,3988,149.7005988023952,1
150,Branch_182,3988,4318,1123.5955056179776,1
151,Branch_183,4318,4477,245.09803921568627,1
152,Branch_184,2719,3319,751.8796992481203,1
153,Branch_186,2536,2650,21.408691928923144,1
154,Branch_187,4317,4477,242.13075060532688,1
155,Branch_188,2971,4072,117.9245283018868,1
156,Branch_189,3042,3388,147.05882352941177,1
157,Branch_190,2971,4325,119.47431302270012,1
158,Branch_191,2971,3318,621.1180124223603,1
159,Branch_192,3987,4317,1123.5955056179776,1
160,Branch_193,3388,4186,95.23809523809524,1
161,Branch_194,3987,4186,1282.051282051282,1
162,Branch_195,3042,3318,1538.4615384615386,1
163,Branch_198,2001,5781,15.299877600979192,1
164,Branch_200,3591,4477,116.95906432748538,1
165,Branch_201,3591,3743,109.40919037199124,1
166,Branch_203,1839,2097,20.837674515524068,1
167,Branch_204,5382,5679,19.04036557501904,1
168,Branch_205,5267,5565,34.73428273706148,1
169,Branch_206,5267,5679,31.201248049921997,1
170,Branch_207,1839,2030,46.2962962962963,1
171,Branch_208,5271,5503,2000.0,1
172,Branch_210,5265,5313,97.46588693957115,1
173,Branch_212,5679,5719,39.666798889329634,1
174,Branch_213,5265,5719,70.52186177715092,1
175,Branch_214,5503,5719,2000.0,1
176,Branch_215,5250,5358,64.06149903907752,1
177,Branch_216,5250,5460,126.26262626262626,1
178,Branch_217,5250,5597,45.20795660036166,1
179,Branch_218,5268,5358,73.96449704142012,1
180,Branch_219,5262,5597,45.20795660036166,1
181,Branch_220,5268,5679,35.4735721887194,1
182,Branch_223,2191,2211,59.701492537313435,1
183,Branch_225,2230,6442,17.911517105498834,1
184,Branch_226,7230,7292,223.71364653243847,1
185,Branch_227,3289,3799,15.559358954411078,1
186,Branch_236,1810,1907,7.957981855801369,1
187,Branch_238,3616,4256,13.05653479566523,1
188,Branch_239,3616,4173,17.37921445950643,1
189,Branch_241,4256,4892,46.62004662004662,1
190,Branch_242,4892,4947,2000.0,1
191,Branch_243,3799,5152,35.98416696653472,1
192,Branch_244,4892,5152,19.952114924181963,1
193,Branch_245,5216,5336,165.8374792703151,1
194,Branch_246,5216,5549,72.04610951008645,1
195,Branch_247,5216,5496,333.3333333333333,1
196,Branch_248,5220,5336,763.3587786259542,1
197,Branch_249,5214,5549,47.57373929590866,1
198,Branch_250,4494,5214,29.394473838918284,1
199,Branch_251,2748,3324,23.507287259050305,1
200,Branch_252,3324,4494,16.863406408094434,1
201,Branch_253,2748,3062,32.733224222585925,1
202,Branch_255,2416,6062,20.755500207555002,1
203,Branch_256,5645,5721,10.050251256281406,1
204,Branch_257,5333,5644,85.5431993156544,1
205,Branch_258,5399,5496,34.18803418803419,1
206,Branch_259,5294,5399,34.18803418803419,1
207,Branch_260,5257,5333,28.240609997175937,1
208,Branch_261,5257,5474,28.87669650591972,1
209,Branch_262,5257,5294,15.688735487919674,1
210,Branch_263,5644,5645,43.440486533449175,1
211,Branch_266,5286,5474,65.57377049180327,1
212,Branch_267,5247,5474,2000.0,1
213,Branch_268,5588,5721,313.47962382445144,1
214,Branch_269,5313,5588,45.08566275924256,1
215,Branch_270,2168,2517,43.38394793926247,1
216,Branch_272,5395,5414,56.882821387940844,1
217,Branch_273,5348,5380,82.98755186721992,1
218,Branch_277,5395,5692,42.62574595055413,1
219,Branch_278,5414,5708,892.8571428571429,1
220,Branch_279,5274,5569,14.84560570071259,1
221,Branch_280,5569,5692,20.990764063811923,1
222,Branch_281,1729,1907,7.737542556484061,1
223,Branch_282,5331,5577,24.33682161109759,1
224,Branch_283,5341,5667,143.88489208633092,1
225,Branch_284,5246,5341,77.33952049497293,1
226,Branch_285,5496,5577,12.12856276531231,1
227,Branch_286,5424,5522,62.93266205160478,1
228,Branch_287,5246,5449,50.70993914807302,1
229,Branch_288,5340,5424,42.5531914893617,1
230,Branch_289,5341,5347,23.872045834328002,1
231,Branch_290,5424,5577,42.99226139294927,1
232,Branch_291,5340,5359,30.497102775236353,1
233,Branch_292,5449,5522,27.01242571582928,1
234,Branch_293,5367,5667,38.02281368821293,1
235,Branch_294,5347,5692,81.76614881439085,1
236,Branch_295,5310,5347,847.457627118644,1
237,Branch_296,5524,5566,16.331863465621428,1
238,Branch_297,5350,5492,273.972602739726,1
239,Branch_298,5359,5566,26.72367717797969,1
240,Branch_299,5492,5524,20.124773596297043,1
241,Branch_300,1845,1906,15.121729925903523,1
242,Branch_302,5690,5708,33.244680851063826,1
243,Branch_303,5348,5690,48.2392667631452,1
244,Branch_304,5348,5496,23.674242424242426,1
245,Branch_305,1776,5570,11.665888940737284,1
246,Branch_306,1776,1993,37.85011355034065,1
247,Branch_309,3145,4287,32.6797385620915,1
248,Branch_310,3487,4104,41.63197335553705,1
249,Branch_311,3145,4104,216.91973969631238,1
250,Branch_312,3150,3517,90.66183136899366,1
251,Branch_313,3232,3594,68.4931506849315,1
252,Branch_314,3594,4230,526.3157894736842,1
253,Branch_316,4230,5137,189.3939393939394,1
254,Branch_317,2828,5137,117.37089201877934,1
255,Branch_318,3745,4614,173.61111111111111,1
256,Branch_319,3233,4614,113.25028312570781,1
257,Branch_320,2774,5137,229.3577981651376,1
258,Branch_321,2774,3150,110.01100110011001,1
259,Branch_322,3167,3745,16.142050040355127,1
260,Branch_323,3062,4221,37.93626707132018,1
261,Branch_324,4127,4221,87.26003490401396,1
262,Branch_328,3062,3668,35.842293906810035,1
263,Branch_329,4302,4362,116.14401858304298,1
264,Branch_330,3205,3461,2000.0,1
265,Branch_332,3205,4302,105.3740779768177,1
266,Branch_333,3668,4362,98.13542688910697,1
267,Branch_334,4302,4772,222.71714922048997,1
268,Branch_335,2744,4772,869.5652173913044,1
269,Branch_336,2984,3907,62.18905472636816,1
270,Branch_337,1843,2405,6.699718611818303,1
271,Branch_338,6740,7332,134.04825737265415,1
272,Branch_339,3907,4906,14.940983116689079,1
273,Branch_340,8186,8858,59.45303210463734,1
274,Branch_341,8227,8858,81.9000819000819,1
275,Branch_342,8186,8892,28.506271379703534,1
276,Branch_345,3062,4906,27.616680475006905,1
277,Branch_346,2097,2193,93.10986964618249,1
278,Branch_347,3326,3356,343.64261168384877,1
279,Branch_348,3356,4323,140.0560224089636,1
280,Branch_349,3356,4468,217.3913043478261,1
281,Branch_350,3253,3747,43.936731107205624,1
282,Branch_351,3455,4468,108.57763300760044,1
283,Branch_352,3326,4457,174.21602787456445,1
284,Branch_353,3747,3804,227.79043280182233,1
285,Branch_354,3494,3747,160.25641025641025,1
286,Branch_355,3338,3494,103.41261633919338,1
287,Branch_356,3455,3804,282.4858757062147,1
288,Branch_357,1845,2298,19.440124416796266,1
289,Branch_358,3475,3737,68.68131868131869,1
290,Branch_359,3726,3737,226.75736961451247,1
291,Branch_360,3665,4586,129.5336787564767,1
292,Branch_361,3039,3640,92.08103130755065,1
293,Branch_362,3726,4470,60.09615384615385,1
294,Branch_363,3665,4321,103.95010395010395,1
295,Branch_364,3039,4167,129.87012987012986,1
296,Branch_365,3735,4470,153.60983102918587,1
297,Branch_366,2946,3726,787.4015748031496,1
298,Branch_367,3737,4586,103.30578512396694,1
299,Branch_368,3039,3735,2000.0,1
300,Branch_369,7755,8146,30.084235860409144,1
301,Branch_370,1905,2421,133.5113484646195,1
302,Branch_371,3850,4066,869.5652173913044,1
303,Branch_372,3078,3850,264.55026455026456,1
304,Branch_373,3394,3850,215.05376344086022,1
305,Branch_374,3664,4323,103.41261633919338,1
306,Branch_375,3394,3664,98.71668311944718,1
307,Branch_376,3078,3525,729.92700729927,1
308,Branch_377,3525,4686,534.75935828877,1
309,Branch_378,4009,4686,153.60983102918587,1
310,Branch_379,5765,6392,17.23543605653223,1
311,Branch_380,5339,5471,23.91772303276728,1
312,Branch_381,5339,5491,43.2338953739732,1
313,Branch_382,5350,5491,11.560693641618498,1
314,Branch_383,5313,5471,37.453183520599254,1
315,Branch_384,5915,5992,139.66480446927375,1
316,Branch_385,5382,5555,114.41647597254004,1
317,Branch_386,5415,5457,558.659217877095,1
318,Branch_387,5415,5555,114.41647597254004,1
319,Branch_388,5313,5457,16.046213093709884,1
320,Branch_389,2283,2405,15.733165512901195,1
321,Branch_390,1968,2094,12.196609342602756,1
322,Branch_391,5261,5568,578.0346820809249,1
323,Branch_392,5256,5568,32.1646831778707,1
324,Branch_393,5253,5256,80.64516129032258,1
325,Branch_394,5244,5256,151.9756838905775,1
326,Branch_395,5241,5253,134.9527665317139,1
327,Branch_396,5244,5248,95.51098376313276,1
328,Branch_397,5241,5313,353.35689045936397,1
329,Branch_398,5241,5604,144.50867052023122,1
330,Branch_399,5244,5460,183.8235294117647,1
331,Branch_400,5260,5261,2000.0,1
332,Branch_401,8712,8832,2000.0,1
333,Branch_402,4511,5160,102.56410256410257,1
334,Branch_403,2974,5160,186.9158878504673,1
335,Branch_404,2917,2974,215.9827213822894,1
336,Branch_405,2473,2493,34.36426116838488,1
337,Branch_406,1005,1256,1515.1515151515152,1
338,Branch_407,1005,1256,1515.1515151515152,1
339,Branch_408,196,1005,178.57142857142858,1
340,Branch_409,196,1005,178.57142857142858,1
341,Branch_410,196,205,1030.9278350515465,1
342,Branch_411,196,205,1030.9278350515465,1
343,Branch_412,205,1700,448.4304932735426,1
344,Branch_413,205,1700,448.4304932735426,1
345,Branch_414,7860,8408,1315.7894736842106,1
346,Branch_415,7860,8529,258.3979328165375,1
347,Branch_417,8055,8736,90.00900090009002,1
348,Branch_418,8055,8758,1190.4761904761904,1
349,Branch_419,8055,8712,100.50251256281408,1
350,Branch_421,8736,8882,149.92503748125938,1
351,Branch_423,263,964,19.036740909956215,1
352,Branch_424,129,964,132.4503311258278,1
353,Branch_425,8408,8409,390.625,1
354,Branch_426,1218,1695,485.43689320388347,1
355,Branch_427,285,1218,184.1620626151013,1
356,Branch_428,355,652,645.1612903225806,1
357,Branch_429,8356,8358,75.18796992481202,1
358,Branch_430,8356,8357,75.18796992481202,1
359,Branch_431,321,325,374.53183520599254,1
360,Branch_432,2790,5082,2000.0,1
361,Branch_433,9350,9351,2000.0,1
362,Branch_434,8475,8477,235.2941176470588,1
363,Branch_435,8475,8476,724.6376811594203,1
364,Branch_436,8098,8476,28.555111364934323,1
365,Branch_437,8150,8656,62.93266205160478,1
366,Branch_438,8288,8289,806.4516129032259,1
367,Branch_439,8287,8288,2000.0,1
368,Branch_440,1050,1084,45.433893684688776,1
369,Branch_441,7796,8161,50.403225806451616,1
370,Branch_442,8161,8528,2000.0,1
371,Branch_443,8161,8527,2000.0,1
372,Branch_444,8161,8483,42.99226139294927,1
373,Branch_445,8150,8151,2000.0,1
374,Branch_446,8151,8775,31.575623618566468,1
375,Branch_447,201,1617,116.95906432748538,1
376,Branch_448,8306,8308,75.18796992481202,1
377,Branch_449,8306,8307,75.18796992481202,1
378,Branch_450,8306,8608,71.78750897343862,1
379,Branch_451,8151,8660,71.32667617689016,1
380,Branch_452,8510,8660,253.16455696202533,1
381,Branch_453,8510,8660,263.85224274406335,1
382,Branch_454,8660,8733,2000.0,1
383,Branch_455,8650,8775,1818.1818181818182,1
384,Branch_456,8650,8775,1639.344262295082,1
385,Branch_457,1531,1695,526.3157894736842,1
386,Branch_458,427,1695,239.8081534772182,1
387,Branch_459,8018,8650,49.14004914004914,1
388,Branch_460,3874,4844,2000.0,1
389,Branch_461,8113,8523,2000.0,1
390,Branch_462,8113,8346,81.23476848090984,1
391,Branch_463,8114,8287,129.87012987012986,1
392,Branch_464,8114,8523,2000.0,1
393,Branch_467,8480,8740,183.8235294117647,1
394,Branch_471,7960,8660,33.467202141900934,1
395,Branch_472,7960,8660,36.48303538854433,1
396,Branch_474,8639,8748,292.39766081871346,1
397,Branch_477,8523,8524,2000.0,1
398,Branch_478,8275,8276,450.45045045045043,1
399,Branch_479,7710,8274,1111.111111111111,1
400,Branch_480,8274,8639,1315.7894736842106,1
401,Branch_481,8274,8275,2000.0,1
402,Branch_482,8348,8349,241.54589371980677,1
403,Branch_483,8347,8348,2000.0,1
404,Branch_484,8347,8476,65.1890482398957,1
405,Branch_486,7960,8563,2000.0,1
406,Branch_487,7796,8763,32.22687721559781,1
407,Branch_488,7796,8710,1851.851851851852,1
408,Branch_490,210,317,431.0344827586207,1
409,Branch_491,8775,8851,72.46376811594203,1
410,Branch_492,7962,8712,2000.0,1
411,Branch_493,2707,4656,2000.0,1
412,Branch_494,263,884,64.35006435006434,1
413,Branch_495,8763,8764,221.72949002217294,1
414,Branch_496,8350,8763,1470.5882352941176,1
415,Branch_497,8350,8763,1470.5882352941176,1
416,Branch_498,8467,8469,191.57088122605364,1
417,Branch_499,8467,8734,2000.0,1
418,Branch_500,8467,8468,191.57088122605364,1
419,Branch_501,8450,8467,2000.0,1
420,Branch_502,427,1400,161.81229773462783,1
421,Branch_503,8063,8707,2000.0,1
422,Branch_504,8298,8306,2000.0,1
423,Branch_505,8359,8361,2000.0,1
424,Branch_506,8384,8480,2000.0,1
425,Branch_507,8359,8384,2000.0,1
426,Branch_509,284,846,147.49262536873155,1
427,Branch_510,284,846,143.88489208633092,1
428,Branch_511,8102,8738,8.88651915044877,1
429,Branch_512,8738,8882,23.245002324500234,1
430,Branch_513,8287,8462,81.9000819000819,1
431,Branch_514,8461,8462,2000.0,1
432,Branch_515,8009,8114,99.10802775024777,1
433,Branch_516,8009,8562,1369.86301369863,1
434,Branch_517,8009,8563,140.0560224089636,1
435,Branch_518,7960,8009,120.33694344163658,1
436,Branch_519,8009,8376,66.66666666666667,1
437,Branch_521,7731,8790,341.29692832764505,1
438,Branch_522,7730,7731,27.586206896551722,1
439,Branch_524,4375,4844,62.38303181534623,1
440,Branch_525,317,318,2000.0,1
441,Branch_526,317,1256,286.5329512893983,1
442,Branch_528,8018,8735,1190.4761904761904,1
443,Branch_529,8322,8356,2000.0,1
444,Branch_530,7689,8322,1000.0,1
445,Branch_531,8529,8775,26.116479498563592,1
446,Branch_532,8529,8530,1449.2753623188405,1
447,Branch_533,8268,8660,1851.851851851852,1
448,Branch_534,8268,8851,27.53303964757709,1
449,Branch_536,8530,8531,2000.0,1
450,Branch_537,8122,8418,2000.0,1
451,Branch_538,129,137,2000.0,1
452,Branch_539,129,140,2000.0,1
453,Branch_540,129,1144,109.64912280701755,1
454,Branch_541,7960,8817,63.13131313131313,1
455,Branch_542,7922,8705,1369.86301369863,1
456,Branch_543,7922,8622,67.34006734006734,1
457,Branch_544,7922,8755,307.6923076923077,1
458,Branch_545,8474,8537,2000.0,1
459,Branch_546,8347,8474,110.86474501108647,1
460,Branch_547,8474,8817,50.8646998982706,1
461,Branch_548,7983,8757,334.44816053511704,1
462,Branch_549,7983,8757,316.45569620253167,1
463,Branch_551,652,795,37.174721189591075,1
464,Branch_552,8414,8415,2000.0,1
465,Branch_553,8412,8414,2000.0,1
466,Branch_554,8472,8473,61.576354679802954,1
467,Branch_555,8471,8472,2000.0,1
468,Branch_556,8471,8622,37.5234521575985,1
469,Branch_557,8463,8609,172.1170395869191,1
470,Branch_558,8463,8465,2000.0,1
471,Branch_559,8463,8464,172.41379310344828,1
472,Branch_560,210,1256,377.35849056603774,1
473,Branch_561,8449,8463,2000.0,1
474,Branch_562,8483,8610,1369.86301369863,1
475,Branch_563,8483,8484,2000.0,1
476,Branch_564,8377,8378,303.030303030303,1
477,Branch_565,8376,8483,584.7953216374269,1
478,Branch_566,8376,8378,1449.2753623188405,1
479,Branch_567,8431,8432,50.70993914807302,1
480,Branch_568,8431,8433,2000.0,1
481,Branch_569,8674,8736,8.631851532153647,1
482,Branch_570,8674,8757,127.7139208173691,1
483,Branch_571,8674,8738,14.74491300501327,1
484,Branch_572,8460,8674,318.47133757961785,1
485,Branch_573,8460,8674,362.3188405797101,1
486,Branch_577,441,1050,2000.0,1
487,Branch_578,210,1050,75.18796992481202,1
488,Branch_579,7684,8736,2000.0,1
489,Branch_580,427,1124,2000.0,1
490,Branch_581,4844,4866,2000.0,1
491,Branch_582,4844,4866,2000.0,1
492,Branch_583,8310,8312,134.9527665317139,1
493,Branch_584,8310,8311,305.8103975535168,1
494,Branch_585,8310,8313,112.4859392575928,1
495,Branch_586,8311,8748,537.6344086021505,1
496,Branch_587,8311,8639,819.672131147541,1
497,Branch_588,8430,8763,125.94458438287154,1
498,Branch_589,8430,8712,13.877324451845684,1
499,Branch_590,8095,8757,17.094017094017094,1
500,Branch_591,8095,8101,11.862396204033214,1
501,Branch_592,7731,8095,65.359477124183,1
502,Branch_593,8418,8419,71.94244604316546,1
503,Branch_594,8124,8125,76.92307692307692,1
504,Branch_596,210,1212,41.80602006688963,1
505,Branch_598,8049,8367,44.1306266548985,1
506,Branch_599,8049,8367,50.8130081300813,1
507,Branch_600,8049,8755,24.28363283147159,1
508,Branch_601,4663,5180,2000.0,1
509,Branch_602,5179,5180,72.46376811594203,1
510,Branch_603,7860,7967,389.10505836575874,1
511,Branch_604,7967,8775,17.68972227136034,1
512,Branch_605,7967,8029,220.26431718061673,1
513,Branch_606,7699,8462,149.92503748125938,1
514,Branch_607,7699,8554,564.9717514124294,1
515,Branch_608,7699,8286,91.74311926605505,1
516,Branch_609,7699,8821,2000.0,1
517,Branch_610,7699,8471,89.92805755395683,1
518,Branch_611,3720,3833,689.6551724137931,1
519,Branch_612,2917,4357,282.4858757062147,1
520,Branch_613,3340,3600,529.1005291005291,1
521,Branch_614,2848,3720,114.5475372279496,1
522,Branch_615,3340,3720,76.27765064836004,1
523,Branch_616,3600,4357,151.9756838905775,1
524,Branch_617,3340,4059,847.457627118644,1
525,Branch_619,2848,2882,239.8081534772182,1
526,Branch_620,2727,3651,50.327126321087064,1
527,Branch_621,3651,4716,269.54177897574124,1
528,Branch_622,4052,4716,239.8081534772182,1
529,Branch_623,2727,3165,113.50737797956867,1
530,Branch_624,2882,4052,87.7963125548727,1
531,Branch_625,2882,3305,263.85224274406335,1
532,Branch_626,2849,4511,23.239600278875205,1
533,Branch_627,1863,2466,25.753283543651815,1
534,Branch_628,1915,2660,15.686274509803921,1
535,Branch_629,3285,3413,147.49262536873155,1
536,Branch_630,3413,4228,296.7359050445104,1
537,Branch_631,3487,3757,1408.4507042253522,1
538,Branch_632,3784,4522,109.64912280701755,1
539,Branch_633,3784,4228,952.3809523809524,1
540,Branch_634,3784,4511,473.93364928909955,1
541,Branch_635,3413,4157,129.19896640826875,1
542,Branch_636,4522,4652,2000.0,1
543,Branch_637,4520,4652,2000.0,1
544,Branch_638,3757,4157,122.85012285012284,1
545,Branch_641,8351,8846,2000.0,1
546,Branch_642,7691,7772,34.80682213713888,1
547,Branch_643,7691,8123,74.57121551081282,1
548,Branch_644,7691,7881,2000.0,1
549,Branch_645,8069,8123,16.949152542372882,1
550,Branch_646,7772,8089,20.89427496865859,1
551,Branch_647,8069,8089,21.03491796381994,1
552,Branch_649,6175,6568,55.55555555555556,1
553,Branch_650,6371,6568,1351.3513513513512,1
554,Branch_652,6175,6371,57.971014492753625,1
555,Branch_655,7755,8036,133.6898395721925,1
556,Branch_656,7893,8036,225.73363431151242,1
557,Branch_657,8784,8813,65.57377049180327,1
558,Branch_660,8036,8813,49.97501249375313,1
559,Branch_661,8189,8822,18.112660749864155,1
560,Branch_663,8784,8859,52.91005291005291,1
561,Branch_666,8822,8859,471.6981132075472,1
562,Branch_668,8203,8859,1333.3333333333333,1
563,Branch_672,7945,8186,51.124744376278116,1
564,Branch_673,7850,7945,99.2063492063492,1
565,Branch_674,8257,8304,1282.051282051282,1
566,Branch_675,8202,8492,1724.1379310344828,1
567,Branch_676,8219,8492,26.53927813163482,1
568,Branch_677,8492,8494,285.7142857142857,1
569,Branch_680,8202,8493,1298.7012987012988,1
570,Branch_681,8218,8493,26.673779674579887,1
571,Branch_682,8493,8495,273.224043715847,1
572,Branch_685,8628,8675,2000.0,1
573,Branch_686,8127,8383,21.24946876328092,1
574,Branch_687,7757,8383,31.877590054191902,1
575,Branch_688,8001,8224,12.135922330097088,1
576,Branch_691,8001,8872,2000.0,1
577,Branch_693,8117,8296,51.22950819672131,1
578,Branch_694,8184,8701,46.2962962962963,1
579,Branch_695,8296,8892,274.72527472527474,1
580,Branch_698,8267,8314,1351.3513513513512,1
581,Branch_699,8185,8314,45.578851412944395,1
582,Branch_700,8185,8892,51.124744376278116,1
583,Branch_701,1951,2420,18.338529249954153,1
584,Branch_702,2797,4270,96.89922480620154,1
585,Branch_703,7755,8887,28.885037550548816,1
586,Branch_704,1993,2462,56.36978579481398,1
587,Branch_705,2397,2462,79.23930269413628,1
588,Branch_706,2376,2397,26.42007926023778,1
589,Branch_707,7755,8887,29.10360884749709,1
590,Branch_708,8059,8887,70.0770847932726,1
591,Branch_709,8059,8157,51.3083632632119,1
592,Branch_711,3913,4270,86.05851979345955,1
593,Branch_712,3216,3907,49.77600796416127,1
594,Branch_714,3216,3907,49.77600796416127,1
595,Branch_715,1819,2167,16.257519102584947,1
596,Branch_716,3530,4435,60.86427267194157,1
597,Branch_717,4218,5167,54.734537493158186,1
598,Branch_718,2939,3989,2000.0,1
599,Branch_719,3989,4285,288.1844380403458,1
600,Branch_720,2955,4285,328.94736842105266,1
601,Branch_721,4162,4285,66.97923643670462,1
602,Branch_722,2939,3155,169.7792869269949,1
603,Branch_723,2939,3572,158.47860538827257,1
604,Branch_724,3214,3572,183.8235294117647,1
605,Branch_725,3572,4173,46.04051565377532,1
606,Branch_726,4162,4435,144.3001443001443,1
607,Branch_727,3530,5167,29.248318221702252,1
608,Branch_729,3530,4625,51.440329218106996,1
609,Branch_730,3196,4625,39.33910306845004,1
610,Branch_731,3196,4385,70.87172218284904,1
611,Branch_732,4385,5274,22.47696111485727,1
612,Branch_734,3759,4173,96.24639076034649,1
613,Branch_735,3530,3759,26.511134676564158,1
614,Branch_736,2177,2613,46.08294930875576,1
615,Branch_737,5382,5581,14.068655036578503,1
616,Branch_738,1929,2473,12.701638511367966,1
617,Branch_739,5374,5478,96.71179883945841,1
618,Branch_740,5382,5478,64.02048655569783,1
619,Branch_741,5374,5639,67.0690811535882,1
620,Branch_742,5425,5639,22.56317689530686,1
621,Branch_743,5425,5580,40.849673202614376,1
622,Branch_744,5580,5600,76.86395080707149,1
623,Branch_745,1759,2473,47.30368968779565,1
624,Branch_747,1759,1913,41.35649296939619,1
625,Branch_748,3282,4893,884.9557522123894,1
626,Branch_749,2831,4173,52.770448548812666,1
627,Branch_750,2831,3282,98.03921568627452,1
628,Branch_751,4893,4911,2000.0,1
629,Branch_752,4893,5274,41.63197335553705,1
630,Branch_753,1913,2547,35.16174402250352,1
631,Branch_754,1930,2351,61.08735491753207,1
632,Branch_755,3025,3421,66.00660066006601,1
633,Branch_756,3421,3743,59.347181008902076,1
634,Branch_757,3397,3421,1265.8227848101267,1
635,Branch_758,3397,4381,1098.901098901099,1
636,Branch_761,3036,4681,104.4932079414838,1
637,Branch_762,3201,3545,403.2258064516129,1
638,Branch_763,3201,3729,353.35689045936397,1
639,Branch_764,3729,4681,386.1003861003861,1
640,Branch_765,3036,4384,176.3668430335097,1
641,Branch_766,3009,4384,65.65988181221273,1
642,Branch_767,3101,4384,173.91304347826087,1
643,Branch_768,3025,3545,217.3913043478261,1
644,Branch_769,8180,8644,2000.0,1
645,Branch_770,8179,8644,20.69108214359611,1
646,Branch_771,8267,8801,48.03073967339097,1
647,Branch_772,8227,8811,81.30081300813008,1
648,Branch_774,8811,8911,17.5530981218185,1
649,Branch_775,8263,8911,2000.0,1
650,Branch_778,8175,8299,36.350418029807344,1
651,Branch_779,8235,8767,149.47683109118086,1
652,Branch_780,8227,8767,50.9683995922528,1
653,Branch_781,8187,8803,35.85514521333811,1
654,Branch_782,8804,8847,2000.0,1
655,Branch_783,8805,8847,2000.0,1
656,Branch_785,8638,8703,1282.051282051282,1
657,Branch_786,8652,8653,312.5,1
658,Branch_787,8188,8653,72.46376811594203,1
659,Branch_788,8652,8852,32.40440699935191,1
660,Branch_789,8638,8803,450.45045045045043,1
661,Branch_790,8703,8852,877.1929824561404,1
662,Branch_791,8852,8853,103.62694300518135,1
663,Branch_792,8188,8224,37.878787878787875,1
664,Branch_793,8224,8261,1265.8227848101267,1
665,Branch_794,8192,8261,29.7441998810232,1
666,Branch_795,8191,8261,166.11295681063123,1
667,Branch_798,8780,8801,92.42144177449168,1
668,Branch_799,8175,8685,96.06147934678194,1
669,Branch_800,8685,8752,96.06147934678194,1
670,Branch_802,8183,8673,249.37655860349128,1
671,Branch_803,8673,8801,263.85224274406335,1
672,Branch_804,8299,8780,37.778617302606726,1
673,Branch_806,8801,8883,23.969319271332694,1
674,Branch_807,8701,8883,31.887755102040817,1
675,Branch_808,8701,8892,75.07507507507508,1
676,Branch_813,3839,4794,81.9672131147541,1
677,Branch_816,3897,3905,50.0751126690035,1
678,Branch_817,3375,3897,302.11480362537765,1
679,Branch_818,2874,3375,37.467216185837394,1
680,Branch_820,8146,8157,17.041581458759374,1
681,Branch_821,2075,2339,81.9672131147541,1
682,Branch_822,8235,8861,2000.0,1
683,Branch_823,8209,8861,19.770660340055358,1
684,Branch_825,8003,8886,47.214353163361665,1
685,Branch_826,8438,8886,70.92198581560284,1
686,Branch_829,2797,4347,272.47956403269757,1
687,Branch_830,5381,5579,96.43201542912247,1
688,Branch_831,5381,5551,25.113008538422903,1
689,Branch_832,5579,5666,51.78663904712584,1
690,Branch_833,5468,5666,14.386419220256078,1
691,Branch_834,5288,5468,19.37233630375823,1
692,Branch_835,5288,5359,144.0922190201729,1
693,Branch_836,3188,4669,64.02048655569783,1
694,Branch_837,9008,9244,380.22813688212926,1
695,Branch_838,9153,9244,40.48582995951417,1
696,Branch_839,9242,9499,9.810654370646523,1
697,Branch_840,9014,9242,19.565642731363724,1
698,Branch_841,9153,9499,18.102824040550328,1
699,Branch_842,8960,9464,35.62522265764161,1
700,Branch_843,9008,9464,78.49293563579278,1
701,Branch_845,1966,2678,30.13863773357444,1
702,Branch_846,3188,4849,159.23566878980893,1
703,Branch_847,9008,9118,207.9002079002079,1
704,Branch_848,9118,9464,75.07507507507508,1
705,Branch_850,2434,2475,25.419420437214033,1
706,Branch_851,1743,2474,29.18855808523059,1
707,Branch_853,8915,9204,29.01915264074289,1
708,Branch_854,9204,9513,925.925925925926,1
709,Branch_855,9513,9647,186.9158878504673,1
710,Branch_856,8915,9141,43.2338953739732,1
711,Branch_857,8960,9141,704.2253521126761,1
712,Branch_858,9117,9350,109.64912280701755,1
713,Branch_859,9350,9513,123.76237623762377,1
714,Branch_861,9041,9175,18.248175182481752,1
715,Branch_863,9041,9647,186.9158878504673,1
716,Branch_864,9008,9647,57.971014492753625,1
717,Branch_865,9647,9651,2000.0,1
718,Branch_866,1742,1963,3.2375032375032373,1
719,Branch_867,9008,9647,57.971014492753625,1
720,Branch_868,9036,9472,1449.2753623188405,1
721,Branch_869,1788,1964,32.26847370119393,1
722,Branch_870,8999,9014,45.662100456621005,1
723,Branch_871,8999,9036,26.737967914438503,1
724,Branch_874,1788,1808,117.50881316098707,1
725,Branch_875,8935,8944,25.207965717166626,1
726,Branch_876,8944,9014,34.87966515521451,1
727,Branch_877,8935,9168,34.72222222222222,1
728,Branch_878,9168,9472,53.61930294906166,1
729,Branch_879,1964,2667,37.878787878787875,1
730,Branch_880,5883,6228,32.010243277848915,1
731,Branch_881,3913,4112,1000.0,1
732,Branch_882,8920,9115,74.57121551081282,1
733,Branch_883,8930,9115,352.11267605633805,1
734,Branch_884,8930,9629,123.76237623762377,1
735,Branch_885,9017,9044,33.97893306150187,1
736,Branch_886,9039,9044,943.3962264150944,1
737,Branch_887,9044,9101,113.76564277588169,1
738,Branch_888,8998,9115,31.47623544224111,1
739,Branch_889,9101,9629,185.87360594795538,1
740,Branch_890,9101,9262,81.43322475570032,1
741,Branch_891,9262,9472,48.47309743092583,1
742,Branch_894,7972,8897,1538.4615384615386,1
743,Branch_896,8920,9265,1000.0,1
744,Branch_897,8157,8171,35.77817531305904,1
745,Branch_898,8171,8860,1351.3513513513512,1
746,Branch_899,8172,8860,29.41176470588235,1
747,Branch_902,8920,9220,123.76237623762377,1
748,Branch_903,9014,9220,11.883541295306001,1
749,Branch_905,8301,8611,28.868360277136258,1
750,Branch_906,8301,8874,2000.0,1
751,Branch_907,8611,8897,110.86474501108647,1
752,Branch_909,8176,8301,28.37684449489217,1
753,Branch_910,8301,8875,2000.0,1
754,Branch_911,8172,8897,64.51612903225806,1
755,Branch_919,4196,4372,200.80321285140562,1
756,Branch_920,4007,4196,719.4244604316547,1
757,Branch_921,4372,4849,1204.8192771084337,1
758,Branch_922,3832,4272,145.5604075691412,1
759,Branch_923,2871,4272,263.85224274406335,1
760,Branch_924,3161,3221,141.643059490085,1
761,Branch_925,2871,3161,67.93478260869566,1
762,Branch_926,1407,1743,15.725743041358704,1
763,Branch_927,4794,4849,60.27727546714888,1
764,Branch_928,3554,3832,74.8502994011976,1
765,Branch_929,3221,3554,118.90606420927467,1
766,Branch_930,2296,2297,2000.0,1
767,Branch_932,3221,5140,121.8026796589525,1
768,Branch_933,2084,2512,20.30869212022746,1
769,Branch_934,2842,4260,122.85012285012284,1
770,Branch_935,2832,2943,212.31422505307856,1
771,Branch_936,3712,3999,62.893081761006286,1
772,Branch_937,2906,3221,181.8181818181818,1
773,Branch_938,2832,4260,117.096018735363,1
774,Branch_939,3165,3999,53.07855626326964,1
775,Branch_940,2943,3712,71.5307582260372,1
776,Branch_942,2960,4260,500.0,1
777,Branch_943,2906,2960,273.224043715847,1
778,Branch_944,2960,3538,147.71048744460856,1
779,Branch_945,2296,2297,1923.076923076923,1
780,Branch_946,1407,2041,15.926102882624622,1
781,Branch_947,4500,4849,2000.0,1
782,Branch_948,3748,4141,47.84688995215311,1
783,Branch_949,3221,4041,61.01281269066504,1
784,Branch_950,3748,4041,151.9756838905775,1
785,Branch_951,3977,4284,64.06149903907752,1
786,Branch_952,3165,3756,28.5143997718848,1
787,Branch_953,2994,4184,136.79890560875512,1
788,Branch_954,3546,4284,172.71157167530225,1
789,Branch_955,4020,4184,2000.0,1
790,Branch_956,2994,4201,909.0909090909091,1
791,Branch_957,3546,4201,26.666666666666668,1
792,Branch_958,3756,4020,195.69471624266146,1
793,Branch_959,3977,4584,19.07304978065993,1
794,Branch_960,4141,4584,49.504950495049506,1
795,Branch_961,1387,1407,38.61003861003861,1
796,Branch_962,5230,5485,17.755681818181817,1
797,Branch_963,5230,5404,18.747656542932134,1
798,Branch_964,5404,5504,31.645569620253166,1
799,Branch_965,5404,5573,57.4052812858783,1
800,Branch_966,5470,5590,96.52509652509653,1
801,Branch_967,5364,5590,84.7457627118644,1
802,Branch_968,5573,9175,48.44961240310077,1
803,Branch_969,5630,5633,24.324981756263682,1
804,Branch_970,5448,5470,71.22507122507122,1
805,Branch_971,5470,5630,97.27626459143968,1
806,Branch_972,5504,5633,2000.0,1
807,Branch_973,2709,4679,2000.0,1
808,Branch_974,2709,4678,2000.0,1
809,Branch_975,2084,2434,57.971014492753625,1
810,Branch_976,1753,2105,74.6268656716418,1
811,Branch_977,1753,2579,51.62622612287042,1
812,Branch_978,1754,2104,74.6268656716418,1
813,Branch_979,1754,2579,50.994390617032124,1
814,Branch_981,1744,2243,224.2152466367713,1
815,Branch_982,2243,2577,30.646644192460926,1
816,Branch_983,2325,2579,77.39938080495357,1
817,Branch_984,2302,2577,540.5405405405405,1
818,Branch_985,2302,2325,40.502227622519236,1
819,Branch_987,2296,2591,121.21212121212122,1
820,Branch_988,2315,2591,99.2063492063492,1
821,Branch_989,2326,2430,56.72149744753261,1
822,Branch_990,1744,2244,224.2152466367713,1
823,Branch_991,2244,2430,76.86395080707149,1
824,Branch_992,2326,2579,77.39938080495357,1
825,Branch_994,2487,2606,45.49590536851683,1
826,Branch_995,2279,2282,67.65899864682002,1
827,Branch_996,2072,2282,35.486160397445,1
828,Branch_997,8107,8744,1190.4761904761904,1
829,Branch_998,2511,2636,110.13215859030836,1
830,Branch_999,2252,2483,167.78523489932886,1
831,Branch_1001,1881,1989,116.41443538998836,1
832,Branch_1002,1881,2105,82.44023083264634,1
833,Branch_1003,2396,2514,68.39945280437756,1
834,Branch_1004,1989,2273,107.87486515641855,1
835,Branch_1005,2273,2396,161.81229773462783,1
836,Branch_1006,2072,2297,41.18616144975288,1
837,Branch_1007,8505,8747,2000.0,1
838,Branch_1008,2104,2442,83.75209380234506,1
839,Branch_1009,2012,2087,32.195750160978754,1
840,Branch_1010,5930,6228,24.636610002463662,1
841,Branch_1011,7683,7684,7.81983109164842,1
842,Branch_1012,4722,4730,30.571690614490983,1
843,Branch_1013,3867,4705,149.7005988023952,1
844,Branch_1014,3571,4370,70.0280112044818,1
845,Branch_1015,3571,3867,39.37007874015748,1
846,Branch_1016,4705,4895,510.2040816326531,1
847,Branch_1017,3215,4705,243.30900243309003,1
848,Branch_1018,4722,4895,70.12622720897616,1
849,Branch_1019,3165,4730,72.20216606498195,1
850,Branch_1020,3165,4370,14.499057561258518,1
851,Branch_1021,4370,4548,28.24858757062147,1
852,Branch_1022,4546,4548,43.15925766076823,1
853,Branch_1023,3005,3165,43.066322136089575,1
854,Branch_1024,3005,4548,45.20795660036166,1
855,Branch_1025,3576,5552,27.159152634437806,1
856,Branch_1027,4212,4801,22.33638597274961,1
857,Branch_1028,4212,4331,518.1347150259068,1
858,Branch_1029,3452,4267,30.59039461609055,1
859,Branch_1030,2514,4331,22.7842333105491,1
860,Branch_1031,3452,4801,83.75209380234506,1
861,Branch_1032,2984,4267,28.70264064293915,1
862,Branch_1035,2012,2434,37.993920972644375,1
863,Branch_1037,2279,2376,11.879306248515087,1
864,Branch_1038,1992,2376,483.09178743961354,1
865,Branch_1040,2375,2376,409.8360655737705,1
866,Branch_1042,2016,2376,11.00957833314984,1
867,Branch_1043,2016,4876,24.015369836695484,1
868,Branch_1044,2984,4876,145.34883720930233,1
869,Branch_1046,2279,2342,2000.0,1
870,Branch_1047,2434,2488,31.220730565095224,1
871,Branch_1049,2376,2477,75.98784194528875,1
872,Branch_1051,2072,2481,23.618327822390174,1
873,Branch_1052,2335,2481,68.63417982155113,1
874,Branch_1053,3165,4185,51.78663904712584,1
875,Branch_1054,2743,4185,60.82725060827251,1
876,Branch_1055,2743,3970,1282.051282051282,1
877,Branch_1056,3970,4802,14.806040864672786,1
878,Branch_1057,3666,4802,36.85956505713233,1
879,Branch_1058,3970,5133,2000.0,1
880,Branch_1059,1800,2434,12.027904738994467,1
881,Branch_1060,3140,3785,116.14401858304298,1
882,Branch_1061,3140,3758,92.5925925925926,1
883,Branch_1062,3140,4516,52.826201796090864,1
884,Branch_1063,3487,3758,1587.3015873015872,1
885,Branch_1064,3862,4516,89.28571428571429,1
886,Branch_1065,2863,4516,75.47169811320755,1
887,Branch_1066,2863,3878,50.994390617032124,1
888,Branch_1069,2315,2579,86.73026886383347,1
889,Branch_1070,1972,2434,28.885037550548816,1
890,Branch_1071,3382,3576,137.93103448275863,1
891,Branch_1072,2279,2297,15.820281601012498,1
892,Branch_1075,2315,2592,99.2063492063492,1
893,Branch_1076,2296,2592,121.21212121212122,1
894,Branch_1077,2252,2434,14.066676044450697,1
895,Branch_1078,5446,5535,87.87346221441125,1
896,Branch_1079,5344,5372,259.7402597402597,1
897,Branch_1080,5360,5372,111.11111111111111,1
898,Branch_1081,5360,5446,467.2897196261682,1
899,Branch_1082,5446,5530,164.74464579901152,1
900,Branch_1083,5493,5642,69.97900629811056,1
901,Branch_1084,5473,5481,126.42225031605562,1
902,Branch_1085,5447,5535,1492.5373134328358,1
903,Branch_1086,5447,5481,75.24454477050413,1
904,Branch_1087,5447,5529,606.060606060606,1
905,Branch_1088,5153,5157,42.122999157540015,1
906,Branch_1089,6975,7273,68.1663258350375,1
907,Branch_1090,2967,4263,170.64846416382252,1
908,Branch_1091,2460,2516,1162.7906976744187,1
909,Branch_1092,4263,4894,95.87727708533077,1
910,Branch_1093,2847,3872,19.61553550411926,1
911,Branch_1095,2847,4894,143.88489208633092,1
912,Branch_1096,3872,5082,20.79434393844874,1
913,Branch_1097,3289,4696,12.840267077555213,1
914,Branch_1099,4692,4697,1190.4761904761904,1
915,Branch_1100,4692,4696,1190.4761904761904,1
916,Branch_1101,4697,5082,20.79434393844874,1
917,Branch_1105,2335,2477,129.5336787564767,1
918,Branch_1106,4296,5082,2000.0,1
919,Branch_1107,1800,1822,13.40662287169862,1
920,Branch_1108,6814,6943,67.93478260869566,1
921,Branch_1109,2708,3751,70.6713780918728,1
922,Branch_1110,4150,4403,13.401232913428036,1
923,Branch_1111,2834,4150,2000.0,1
924,Branch_1112,2834,4263,18.145527127563057,1
925,Branch_1113,1800,2508,105.15247108307045,1
926,Branch_1114,5434,5552,45.392646391284615,1
927,Branch_1116,3149,3369,361.01083032490976,1
928,Branch_1117,3369,3542,869.5652173913044,1
929,Branch_1118,3542,4980,680.2721088435375,1
930,Branch_1119,3369,4774,110.86474501108647,1
931,Branch_1120,4980,5147,128.7001287001287,1
932,Branch_1121,5296,5350,17.319016279875303,1
933,Branch_1122,5296,5534,38.417210910487896,1
934,Branch_1123,5344,5456,96.06147934678194,1
935,Branch_1124,5456,5534,74.73841554559043,1
936,Branch_1125,2223,2673,79.42811755361397,1
937,Branch_1126,3263,4244,41.98152812762385,1
938,Branch_1127,3263,3870,106.15711252653928,1
939,Branch_1128,3216,4833,160.0,1
940,Branch_1129,3263,4833,16.88048615800135,1
941,Branch_1130,3870,4056,101.01010101010101,1
942,Branch_1131,4056,4486,46.2962962962963,1
943,Branch_1133,3694,4486,106.26992561105207,1
944,Branch_1134,3263,4924,199.20318725099602,1
945,Branch_1136,3263,4946,41.98152812762385,1
946,Branch_1137,4946,4949,158.22784810126583,1
947,Branch_1138,3694,3722,152.67175572519085,1
948,Branch_1139,2744,3722,188.32391713747646,1
949,Branch_1140,4949,5016,520.8333333333334,1
950,Branch_1143,2417,2674,27.578599007170435,1
951,Branch_1145,2851,2984,158.47860538827257,1
952,Branch_1146,2851,3216,62.93266205160478,1
953,Branch_1148,4236,5141,699.3006993006993,1
954,Branch_1149,3283,4856,84.03361344537815,1
955,Branch_1150,4236,4856,77.04160246533128,1
956,Branch_1151,3283,4080,42.158516020236085,1
957,Branch_1152,4080,4860,25.031289111389235,1
958,Branch_1153,4236,4769,56.08524957936063,1
959,Branch_1154,4856,5691,2000.0,1
960,Branch_1155,4768,4769,346.02076124567475,1
961,Branch_1156,5151,5274,129.03225806451613,1
962,Branch_1157,4769,5151,164.74464579901152,1
963,Branch_1158,3718,5151,164.74464579901152,1
964,Branch_1159,4125,4287,76.4525993883792,1
965,Branch_1160,4125,4860,238.6634844868735,1
966,Branch_1161,4510,4860,970.8737864077669,1
967,Branch_1162,3389,4287,53.05039787798408,1
968,Branch_1163,3389,3514,50.22601707684581,1
969,Branch_1164,3514,4370,87.41258741258741,1
970,Branch_1165,2404,2488,27.027027027027028,1
971,Branch_1167,5477,5482,69.44444444444444,1
972,Branch_1168,5293,5642,48.19277108433735,1
973,Branch_1169,5293,5576,155.52099533437013,1
974,Branch_1170,5293,5477,50.35246727089628,1
975,Branch_1171,5473,5647,76.62835249042145,1
976,Branch_1172,5477,5574,289.01734104046244,1
977,Branch_1173,5482,5647,15.432098765432098,1
978,Branch_1174,5567,5642,900.9009009009009,1
979,Branch_1175,5473,5567,41.911148365465216,1
980,Branch_1176,3129,4269,76.4525993883792,1
981,Branch_1177,4219,4935,344.82758620689657,1
982,Branch_1178,3543,4858,166.11295681063123,1
983,Branch_1179,3259,4219,144.3001443001443,1
984,Branch_1180,3259,4269,51.975051975051976,1
985,Branch_1181,3543,4935,45.91368227731864,1
986,Branch_1182,4858,4873,2000.0,1
987,Branch_1183,4774,4858,119.47431302270012,1
988,Branch_1184,3253,4069,82.16926869350863,1
989,Branch_1186,3253,3946,247.52475247524754,1
990,Branch_1187,1863,2252,23.815194093831863,1
991,Branch_1188,3566,4127,36.350418029807344,1
992,Branch_1190,3362,4957,213.67521367521368,1
993,Branch_1191,2744,3362,59.916117435590174,1
994,Branch_1192,3565,4957,182.81535648994515,1
995,Branch_1193,2744,4351,1351.3513513513512,1
996,Branch_1194,1985,2231,22.055580061755624,1
997,Branch_1195,4127,5118,233.6448598130841,1
998,Branch_1196,3206,3462,2000.0,1
999,Branch_1198,3206,3713,107.52688172043011,1
1000,Branch_1199,3713,5118,28.20078962210942,1
1001,Branch_1200,4147,5118,1041.6666666666667,1
1002,Branch_1201,2744,3713,363.6363636363636,1
1003,Branch_1203,3216,4991,38.15337657382678,1
1004,Branch_1204,2966,4991,41.459369817578775,1
1005,Branch_1205,2966,3437,50.505050505050505,1
1006,Branch_1206,3437,4975,170.94017094017093,1
1007,Branch_1207,4975,5002,54.85463521667581,1
1008,Branch_1209,5002,5084,98.4251968503937,1
1009,Branch_1211,3289,3663,61.19951040391677,1
1010,Branch_1212,2252,2532,12.204051745179399,1
1011,Branch_1213,3505,4391,132.6259946949602,1
1012,Branch_1214,5245,5392,2.44552591034702,1
1013,Branch_1215,5234,5527,3.7993920972644375,1
1014,Branch_1216,5235,5245,7.759155803848541,1
1015,Branch_1217,5279,5694,724.6376811594203,1
1016,Branch_1218,2252,2466,66.00660066006601,1
1017,Branch_1220,5392,5640,5.918210333195241,1
1018,Branch_1221,5640,5694,653.59477124183,1
1019,Branch_1222,5274,5696,645.1612903225806,1
1020,Branch_1223,2252,2670,17.568517217146873,1
1021,Branch_1225,5422,5627,9.207255317189945,1
1022,Branch_1227,5307,5627,13.10272536687631,1
1023,Branch_1228,5392,5720,9.92950054612253,1
1024,Branch_1229,5422,5720,7.4710496824803885,1
1025,Branch_1230,2744,5084,85.1063829787234,1
1026,Branch_1231,1828,2532,26.518164942985944,1
1027,Branch_1232,8985,9032,6.410667350471184,1
1028,Branch_1233,8985,9473,4.527550142617829,1
1029,Branch_1234,9032,9066,69.3000693000693,1
1030,Branch_1235,1956,2532,61.387354205033766,1
1031,Branch_1236,8981,9066,5.304195618734419,1
1032,Branch_1237,8991,9152,5.09061290979434,1
1033,Branch_1238,8981,9151,11.309658448314861,1
1034,Branch_1239,8991,9463,14.992503748125937,1
1035,Branch_1240,1905,2239,183.8235294117647,1
1036,Branch_1241,5277,5509,142.45014245014244,1
1037,Branch_1242,5495,5578,5.3873505010235965,1
1038,Branch_1243,2290,2532,20.012007204322593,1
1039,Branch_1246,1850,2290,87.7963125548727,1
1040,Branch_1247,3084,3385,5.651952749675012,1
1041,Branch_1249,3387,6276,4.015902975784105,1
1042,Branch_1250,3382,3403,2000.0,1
1043,Branch_1251,8995,9077,15.487068297971193,1
1044,Branch_1252,9012,9177,108.34236186348862,1
1045,Branch_1253,8995,9012,4.570383912248629,1
1046,Branch_1255,1800,1916,79.74481658692186,1
1047,Branch_1256,3382,3406,2000.0,1
1048,Branch_1257,2860,6199,10.843634786380395,1
1049,Branch_1258,1849,2624,47.326076668244205,1
1050,Branch_1259,8968,9076,11.132138483802738,1
1051,Branch_1260,8968,9116,5.240540823813017,1
1052,Branch_1261,2062,2670,43.917435221783045,1
1053,Branch_1262,3164,3382,120.62726176115802,1
1054,Branch_1263,2623,2679,126.26262626262626,1
1055,Branch_1277,2074,2681,115.74074074074075,1
1056,Branch_1278,2429,2621,90.82652134423252,1
1057,Branch_1279,2030,2109,30.084235860409144,1
1058,Branch_1281,1842,2636,86.4304235090752,1
1059,Branch_1282,5363,5486,60.16847172081829,1
1060,Branch_1283,7151,7421,245.7002457002457,1
1061,Branch_1284,5254,5335,6.7114093959731544,1
1062,Branch_1285,5490,5571,11.285407967498026,1
1063,Branch_1286,5254,5490,8.682816705739342,1
1064,Branch_1287,5338,5490,16.43115346697338,1
1065,Branch_1288,5291,5338,23.3590282644242,1
1066,Branch_1289,5287,5571,5.863726984871584,1
1067,Branch_1290,7421,7441,53.85029617662897,1
1068,Branch_1293,1905,2139,24.84472049689441,1
1069,Branch_1294,2178,2453,54.734537493158186,1
1070,Branch_1295,5311,5387,259.0673575129534,1
1071,Branch_1296,3164,3382,120.62726176115802,1
1072,Branch_1297,2827,3610,8.442380751371887,1
1073,Branch_1298,9643,9648,10.895619960775768,1
1074,Branch_1299,4539,9648,1.9077416154756,1
1075,Branch_1300,1735,1744,34.51846738004833,1
1076,Branch_1301,3610,4539,3.6500346753294157,1
1077,Branch_1302,1735,2097,17.975912277548087,1
1078,Branch_1303,2716,3164,121.35922330097087,1
1079,Branch_1304,2085,2104,72.93946024799416,1
1080,Branch_1308,1735,2544,29.325513196480937,1
1081,Branch_1309,2716,5363,75.9301442672741,1
1082,Branch_1311,3029,3352,31.09452736318408,1
1083,Branch_1312,3352,4463,12.656625743576763,1
1084,Branch_1313,3352,4168,8.365400702693659,1
1085,Branch_1314,3730,4464,21.03491796381994,1
1086,Branch_1315,3730,4358,16.869095816464238,1
1087,Branch_1316,4154,4977,19.387359441644048,1
1088,Branch_1317,4154,4402,4.476676515355001,1
1089,Branch_1318,3730,4977,13.176966662274344,1
1090,Branch_1319,2767,4978,1315.7894736842106,1
1091,Branch_1320,2767,4977,2000.0,1
1092,Branch_1321,2417,2500,27.74694783573807,1
1093,Branch_1323,5505,5515,6.86436024162548,1
1094,Branch_1324,5402,5506,6.846970215679562,1
1095,Branch_1325,4338,4415,12.4750499001996,1
1096,Branch_1326,4415,5402,11.224604332697272,1
1097,Branch_1327,3311,4415,77.76049766718506,1
1098,Branch_1328,1744,2258,37.299515106303616,1
1099,Branch_1330,3693,4387,18.889308651303363,1
1100,Branch_1331,4245,4303,62.421972534332085,1
1101,Branch_1332,4245,4441,18.52537977028529,1
1102,Branch_1333,4440,4473,9.10166560480568,1
1103,Branch_1334,3693,4245,62.421972534332085,1
1104,Branch_1335,3802,4473,5.715592135345222,1
1105,Branch_1336,2097,2221,523.5602094240837,1
1106,Branch_1337,2995,4305,396.8253968253968,1
1107,Branch_1338,3693,4387,18.889308651303363,1
1108,Branch_1339,2983,3693,37.59398496240601,1
1109,Branch_1340,4245,4441,15.743073047858942,1
1110,Branch_1341,4440,4473,9.10166560480568,1
1111,Branch_1342,3693,4245,104.71204188481676,1
1112,Branch_1343,3802,4473,5.715592135345222,1
1113,Branch_1344,2225,2493,85.25149190110827,1
1114,Branch_1345,3881,4305,120.04801920768307,1
1115,Branch_1346,3619,4388,7.047216349541931,1
1116,Branch_1347,3619,4126,56.14823133071308,1
1117,Branch_1348,2883,3619,59.45303210463734,1
1118,Branch_1349,1915,5958,65.27415143603133,1
1119,Branch_1350,4305,4537,2000.0,1
1120,Branch_1351,3768,4537,377.35849056603774,1
1121,Branch_1352,5276,5387,111.11111111111111,1
1122,Branch_1354,6551,6584,11.453441759248655,1
1123,Branch_1355,3382,3486,264.55026455026456,1
1124,Branch_1356,3486,3576,221.72949002217294,1
1125,Branch_1357,2862,4527,21.963540522732263,1
1126,Branch_1358,4527,4642,5.689576695493855,1
1127,Branch_1359,3632,4642,16.68613382279326,1
1128,Branch_1360,3632,3764,31.25,1
1129,Branch_1361,2085,2441,88.10572687224669,1
1130,Branch_1363,3622,3674,8.278145695364238,1
1131,Branch_1364,5996,6415,218.8183807439825,1
1132,Branch_1365,9139,9210,59.701492537313435,1
1133,Branch_1366,9139,9173,7.416747014759326,1
1134,Branch_1369,2097,2444,50.68423720223011,1
1135,Branch_1370,9080,9210,4.936808846761453,1
1136,Branch_1371,9079,9213,7.555723460521345,1
1137,Branch_1372,6354,6359,39.96802557953637,1
1138,Branch_1373,4874,4880,2000.0,1
1139,Branch_1374,2873,4466,7.762167197081425,1
1140,Branch_1375,6325,6354,60.56935190793458,1
1141,Branch_1376,3271,5499,204.91803278688525,1
1142,Branch_1377,3466,4689,64.93506493506493,1
1143,Branch_1378,2813,3466,11.599582415033058,1
1144,Branch_1379,5910,6089,17.22949689869056,1
1145,Branch_1380,3271,5500,204.91803278688525,1
1146,Branch_1381,3120,3802,4.4929685042907845,1
1147,Branch_1382,2813,3120,11.403808872163303,1
1148,Branch_1383,3120,3595,12.330456226880395,1
1149,Branch_1384,3210,4689,8.2223318533136,1
1150,Branch_1385,1939,2097,48.94762604013705,1
1151,Branch_1386,3581,3793,6.959910913140312,1
1152,Branch_1387,3734,3793,30.826140567200987,1
1153,Branch_1388,3734,4001,26.961445133459154,1
1154,Branch_1389,3734,3792,12.20703125,1
1155,Branch_1390,4001,4192,7.851758793969849,1
1156,Branch_1391,3057,4192,38.417210910487896,1
1157,Branch_1392,3791,3802,6.826404532732609,1
1158,Branch_1393,3057,4234,9.998000399920016,1
1159,Branch_1395,3271,4599,51.4668039114771,1
1160,Branch_1396,4599,4874,432.9004329004329,1
1161,Branch_1397,2975,3529,5.054334091483447,1
1162,Branch_1398,2932,3802,3.665286075578199,1
1163,Branch_1399,2975,3400,11.406410402646287,1
1164,Branch_1400,2933,3631,28.011204481792717,1
1165,Branch_1401,3400,3631,6.520179956966812,1
1166,Branch_1402,1796,2097,40.19292604501608,1
1167,Branch_1403,3271,4874,58.13953488372093,1
1168,Branch_1404,1975,2230,12.175818823815902,1
1169,Branch_1405,5207,5387,259.0673575129534,1
1170,Branch_1406,2827,4255,7.265857734505558,1
1171,Branch_1407,4049,4348,12.416190712689346,1
1172,Branch_1408,3346,4348,2000.0,1
1173,Branch_1409,2873,4348,3.5752592062924564,1
1174,Branch_1410,4050,4255,7.440476190476191,1
1175,Branch_1411,3346,4040,19.849146486701073,1
1176,Branch_1415,2121,2387,211.41649048625794,1
1177,Branch_1416,4434,4857,229.3577981651376,1
1178,Branch_1417,5495,5520,3.667571334262451,1
1179,Branch_1418,4174,4518,8.509189925119129,1
1180,Branch_1419,4518,5223,10.336985734959686,1
1181,Branch_1420,5217,5223,8.756567425569177,1
1182,Branch_1421,5215,5217,31.665611146295124,1
1183,Branch_1422,5223,5292,8.755800717975658,1
1184,Branch_1423,5218,5520,2.5872551809785,1
1185,Branch_1424,2866,3685,38.40245775729647,1
1186,Branch_1425,2833,4033,9.08595311648192,1
1187,Branch_1426,2833,3685,23.623907394283016,1
1188,Branch_1427,3685,5292,11.163206072784103,1
1189,Branch_1428,2098,2165,16.663889351774703,1
1190,Branch_1429,3064,4434,1639.344262295082,1
1191,Branch_1430,1786,2098,90.74410163339383,1
1192,Branch_1431,4243,4487,4.2596694496507075,1
1193,Branch_1434,3636,4487,144.0922190201729,1
1194,Branch_1437,2097,2544,31.665611146295124,1
1195,Branch_1438,4857,4865,2000.0,1
1196,Branch_1439,1994,1997,6.509145349215648,1
1197,Branch_1440,1884,2985,2.632964718272775,1
1198,Branch_1441,1884,1998,11.99472232217824,1
1199,Branch_1446,5874,6136,12.333497779970399,1
1200,Branch_1447,6136,6200,28.129395218002813,1
1201,Branch_1449,5014,5500,51.07252298263534,1
1202,Branch_1451,4174,5694,2.824778961046298,1
1203,Branch_1452,4045,4174,8.210180623973727,1
1204,Branch_1453,2972,3048,27.070925825663238,1
1205,Branch_1454,3048,3905,138.88888888888889,1
1206,Branch_1456,5837,5910,14.712373105781962,1
1207,Branch_1457,3660,4156,11.71234481143125,1
1208,Branch_1458,2973,4156,7.081651441116068,1
1209,Branch_1459,3660,3849,22.119000221190003,1
1210,Branch_1460,2949,4120,23.40276152586005,1
1211,Branch_1461,3442,4120,136.05442176870747,1
1212,Branch_1462,3849,4782,8.91503967192654,1
1213,Branch_1463,3181,3866,5.733616191732126,1
1214,Branch_1464,3323,3866,24.307243558580456,1
1215,Branch_1465,3323,4266,27.22570106180234,1
1216,Branch_1466,5476,5605,52.38344683080147,1
1217,Branch_1467,5343,5512,67.65899864682002,1
1218,Branch_1468,5258,5512,40.12841091492777,1
1219,Branch_1469,5258,5605,104.27528675703859,1
1220,Branch_1470,5500,5572,40.46944556859571,1
1221,Branch_1471,5518,5637,4.922713399625874,1
1222,Branch_1472,5264,5518,4.924895345973898,1
1223,Branch_1473,5287,5637,4.5075501464953796,1
1224,Branch_1475,5264,5694,5.214036185411127,1
1225,Branch_1478,1846,2093,4.924167815639157,1
1226,Branch_1479,1815,1958,30.637254901960784,1
1227,Branch_1480,5014,5031,2000.0,1
1228,Branch_1481,3004,3893,4.564125969876769,1
1229,Branch_1484,4670,4688,151.05740181268882,1
1230,Branch_1485,1846,2135,5.382710733125202,1
1231,Branch_1486,3210,3632,8.539709649871904,1
1232,Branch_1487,4670,4688,162.33766233766235,1
1233,Branch_1488,1777,2056,74.01924500370096,1
1234,Branch_1489,4857,5014,862.0689655172414,1
1235,Branch_1490,2716,4719,2000.0,1
1236,Branch_1491,2716,4720,2000.0,1
1237,Branch_1492,1987,2014,45.289855072463766,1
1238,Branch_1495,2073,3753,4.425366199052972,1
1239,Branch_1496,3357,4728,7.691716021844473,1
1240,Branch_1497,2850,3357,8.835483300936561,1
1241,Branch_1498,4626,4728,10.06947940791461,1
1242,Branch_1500,4626,5052,18.67762420620097,1
1243,Branch_1501,3754,5052,28.90173410404624,1
1244,Branch_1503,2060,2525,19.35733643050716,1
1245,Branch_1504,6355,6360,39.936102236421725,1
1246,Branch_1505,2850,2985,39.635354736424894,1
1247,Branch_1506,6029,6148,14.238929232521714,1
1248,Branch_1510,2926,4349,6.959910913140312,1
1249,Branch_1515,5219,5499,826.4462809917355,1
1250,Branch_1518,2116,2597,55.18763796909492,1
1251,Branch_1519,1784,2498,116.27906976744185,1
1252,Branch_1520,1952,2498,57.17552887364208,1
1253,Branch_1522,1784,2415,33.222591362126245,1
1254,Branch_1523,1835,1958,32.829940906106366,1
1255,Branch_1525,1755,2415,25.342118601115054,1
1256,Branch_1527,5320,5373,45.248868778280546,1
1257,Branch_1528,1738,2536,67.29475100942126,1
1258,Branch_1529,3271,5373,91.6590284142988,1
1259,Branch_1530,5955,7146,5.754071005236205,1
1260,Branch_1532,3271,5373,91.6590284142988,1
1261,Branch_1533,1837,2663,63.171193935565384,1
1262,Branch_1534,6029,6228,16.433853738701725,1
1263,Branch_1535,2573,2663,28.61230329041488,1
1264,Branch_1536,5499,5572,41.562759767248544,1
1265,Branch_1537,2030,2257,69.63788300835654,1
1266,Branch_1538,5231,5373,120.04801920768307,1
1267,Branch_1539,2520,2662,39.666798889329634,1
1268,Branch_1540,5231,5373,120.04801920768307,1
1269,Branch_1541,1731,2478,62.57822277847309,1
1270,Branch_1542,5373,5583,2000.0,1
1271,Branch_1543,2482,2681,123.15270935960591,1
1272,Branch_1544,5373,5583,2000.0,1
1273,Branch_1545,1948,2401,13.795006207752794,1
1274,Branch_1546,5373,5499,60.38647342995169,1
1275,Branch_1547,2233,2568,43.89815627743635,1
1276,Branch_1548,6162,6194,19.73164956590371,1
1277,Branch_1549,1769,2017,162.60162601626016,1
1278,Branch_1550,2115,6033,45.146726862302486,1
1279,Branch_1551,1769,2471,175.7469244288225,1
1280,Branch_1552,2986,4628,1282.051282051282,1
1281,Branch_1553,1966,2419,61.576354679802954,1
1282,Branch_1554,3453,3518,132.1003963011889,1
1283,Branch_1555,2508,2551,25.03755633450175,1
1284,Branch_1556,3453,3518,135.13513513513513,1
1285,Branch_1557,1824,2433,16.86056314280897,1
1286,Branch_1558,2571,2674,26.65955745134631,1
1287,Branch_1559,2433,2571,22.040996253030638,1
1288,Branch_1560,2209,2226,4.701457451810061,1
1289,Branch_1561,2141,6033,49.6031746031746,1
1290,Branch_1562,2209,2427,4.440891731059597,1
1291,Branch_1563,3064,3504,217.8649237472767,1
1292,Branch_1564,1955,2427,8.236553825879252,1
1293,Branch_1565,3505,5193,689.6551724137931,1
1294,Branch_1566,1818,2427,68.44626967830253,1
1295,Branch_1567,3064,5193,334.44816053511704,1
1296,Branch_1568,1856,1955,3.1939697850458333,1
1297,Branch_1569,1856,2217,28.6697247706422,1
1298,Branch_1571,1953,2011,190.83969465648855,1
1299,Branch_1572,6325,6355,60.49606775559589,1
1300,Branch_1573,1815,2522,75.18796992481202,1
1301,Branch_1574,2603,6033,19.960079840319363,1
1302,Branch_1575,1799,2293,43.327556325823224,1
1303,Branch_1576,2128,2418,35.536602700781806,1
1304,Branch_1577,1799,1928,77.76049766718506,1
1305,Branch_1578,1799,1928,77.76049766718506,1
1306,Branch_1579,2011,2418,31.436655139893116,1
1307,Branch_1580,5775,5996,19.047619047619047,1
1308,Branch_1581,2128,2575,30.8546744831842,1
1309,Branch_1582,7059,7356,4.334445841099216,1
1310,Branch_1583,1821,2510,552.4861878453039,1
1311,Branch_1584,5738,6086,27.75464890369137,1
1312,Branch_1585,1794,1849,247.52475247524754,1
1313,Branch_1586,2039,2635,10.695187165775401,1
1314,Branch_1587,2986,3906,469.4835680751174,1
1315,Branch_1589,1799,2011,24.783147459727385,1
1316,Branch_1590,7843,7906,6.680026720106881,1
1317,Branch_1591,6882,7291,5.420935653493793,1
1318,Branch_1592,2590,2635,17.885888034340905,1
1319,Branch_1593,1974,2635,5.599104143337066,1
1320,Branch_1595,3252,4965,145.98540145985402,1
1321,Branch_1596,3125,3252,199.20318725099602,1
1322,Branch_1598,3125,4965,555.5555555555555,1
1323,Branch_1599,3881,4965,555.5555555555555,1
1324,Branch_1600,6889,7206,8.605851979345955,1
1325,Branch_1601,3252,3768,173.61111111111111,1
1326,Branch_1602,1974,2510,16.501650165016503,1
1327,Branch_1603,3881,4965,552.4861878453039,1
1328,Branch_1604,6856,7050,6.190034045187248,1
1329,Branch_1605,1818,2510,17.57469244288225,1
1330,Branch_1606,3064,4931,79.87220447284345,1
1331,Branch_1608,2800,3131,746.2686567164179,1
1332,Branch_1609,2858,3313,775.1937984496124,1
1333,Branch_1610,3313,4476,84.53085376162299,1
1334,Branch_1611,2858,3131,2000.0,1
1335,Branch_1612,2164,2539,337.8378378378378,1
1336,Branch_1614,2801,3284,2000.0,1
1337,Branch_1615,3132,3284,1000.0,1
1338,Branch_1616,2857,3315,775.1937984496124,1
1339,Branch_1617,3284,3300,1063.8297872340424,1
1340,Branch_1618,3315,4476,84.60236886632826,1
1341,Branch_1619,2857,3132,2000.0,1
1342,Branch_1620,1793,1948,66.2251655629139,1
1343,Branch_1622,3322,4271,189.75332068311195,1
1344,Branch_1623,3198,4271,96.89922480620154,1
1345,Branch_1624,3043,3322,115.47344110854503,1
1346,Branch_1626,2892,3878,54.141851651326476,1
1347,Branch_1627,2892,5011,154.5595054095827,1
1348,Branch_1628,3043,5011,154.5595054095827,1
1349,Branch_1631,1732,1793,30.039050765995796,1
1350,Branch_1632,2206,2457,31.585596967782692,1
1351,Branch_1634,6814,6927,86.65511265164645,1
1352,Branch_1635,5309,5386,259.0673575129534,1
1353,Branch_1636,7906,8062,2.0661157024793386,1
1354,Branch_1637,3768,4324,203.2520325203252,1
1355,Branch_1638,5154,5164,109.05125408942203,1
1356,Branch_1639,4306,5154,240.96385542168676,1
1357,Branch_1640,3902,5164,152.9051987767584,1
1358,Branch_1641,3902,4382,173.3102253032929,1
1359,Branch_1642,1742,1868,15.356265356265355,1
1360,Branch_1643,2757,4931,2000.0,1
1361,Branch_1645,3422,4376,1515.1515151515152,1
1362,Branch_1646,3451,3896,248.13895781637717,1
1363,Branch_1647,3141,3451,248.13895781637717,1
1364,Branch_1648,3422,3451,104.9317943336831,1
1365,Branch_1649,2996,3433,66.53359946773121,1
1366,Branch_1650,3141,3837,467.2897196261682,1
1367,Branch_1651,3433,3806,518.1347150259068,1
1368,Branch_1652,3141,3806,150.15015015015015,1
1369,Branch_1653,3739,5164,99.00990099009901,1
1370,Branch_1654,3433,3739,56.78591709256104,1
1371,Branch_1655,1868,2675,37.95066413662239,1
1372,Branch_1656,3392,5164,94.42870632672333,1
1373,Branch_1657,3472,5170,132.9787234042553,1
1374,Branch_1658,5099,5170,82.91873963515755,1
1375,Branch_1659,3472,4207,242.71844660194174,1
1376,Branch_1660,4021,4207,312.5,1
1377,Branch_1661,3392,4207,288.1844380403458,1
1378,Branch_1662,562,1868,5.459111256687411,1
1379,Branch_1663,2986,3906,469.4835680751174,1
1380,Branch_1664,3393,5164,94.42870632672333,1
1381,Branch_1665,4493,5169,2000.0,1
1382,Branch_1666,5099,5169,82.91873963515755,1
1383,Branch_1667,3683,4022,328.94736842105266,1
1384,Branch_1668,3471,4493,140.0560224089636,1
1385,Branch_1669,3471,4208,242.71844660194174,1
1386,Branch_1670,3463,4493,120.62726176115802,1
1387,Branch_1671,4022,4208,312.5,1
1388,Branch_1672,3393,4208,288.1844380403458,1
1389,Branch_1673,824,1387,37.397157816005986,1
1390,Branch_1674,4916,5164,97.37098344693281,1
1391,Branch_1675,3044,3738,70.2247191011236,1
1392,Branch_1676,3738,4916,2000.0,1
1393,Branch_1678,2893,3878,52.79831045406547,1
1394,Branch_1679,2896,5012,170.64846416382252,1
1395,Branch_1680,3044,5012,143.47202295552367,1
1396,Branch_1683,836,1631,19.10219675262655,1
1397,Branch_1684,3253,3587,39.603960396039604,1
1398,Branch_1685,1857,2597,19.227071716977505,1
1399,Branch_1686,5823,5880,2.3573230239739753,1
1400,Branch_1687,6078,6086,21.24946876328092,1
1401,Branch_1688,5277,5386,125.62814070351759,1
1402,Branch_1689,3253,5099,44.72271914132379,1
1403,Branch_1690,2798,4195,396.8253968253968,1
1404,Branch_1691,4007,4195,714.2857142857143,1
1405,Branch_1692,2798,3952,552.4861878453039,1
1406,Branch_1693,3913,3952,277.77777777777777,1
1407,Branch_1694,3253,5099,44.72271914132379,1
1408,Branch_1695,3510,5099,72.20216606498195,1
1409,Branch_1696,1822,1973,105.26315789473684,1
1410,Branch_1697,3253,3949,75.47169811320755,1
1411,Branch_1698,3949,4222,144.3001443001443,1
1412,Branch_1699,3464,4222,243.30900243309003,1
1413,Branch_1700,3198,4222,219.2982456140351,1
1414,Branch_1701,1936,2120,58.0046403712297,1
1415,Branch_1702,4467,9205,2000.0,1
1416,Branch_1703,4085,4483,277.77777777777777,1
1417,Branch_1704,3086,3226,202.83975659229208,1
1418,Branch_1705,3226,4343,318.47133757961785,1
1419,Branch_1706,2835,4483,160.25641025641025,1
1420,Branch_1707,2835,4343,400.0,1
1421,Branch_1708,3654,4343,374.53183520599254,1
1422,Branch_1709,1756,2452,5.150126178091363,1
1423,Branch_1710,4088,4482,289.8550724637681,1
1424,Branch_1711,3225,4259,934.5794392523364,1
1425,Branch_1712,3086,3225,202.83975659229208,1
1426,Branch_1713,2841,4259,374.53183520599254,1
1427,Branch_1714,2841,3957,119.61722488038278,1
1428,Branch_1715,4259,4344,480.7692307692308,1
1429,Branch_1716,2836,4482,160.25641025641025,1
1430,Branch_1717,2836,4344,400.0,1
1431,Branch_1718,3655,4344,122.85012285012284,1
1432,Branch_1719,3906,4931,862.0689655172414,1
1433,Branch_1720,3402,4083,840.3361344537815,1
1434,Branch_1721,3402,4187,39.98400639744102,1
1435,Branch_1722,2446,2501,116.27906976744185,1
1436,Branch_1723,3401,4084,840.3361344537815,1
1437,Branch_1724,3401,4187,40.04805766920305,1
1438,Branch_1725,2311,2446,115.34025374855824,1
1439,Branch_1726,3563,3926,69.25207756232687,1
1440,Branch_1727,3926,3963,119.47431302270012,1
1441,Branch_1728,3009,3563,235.8490566037736,1
1442,Branch_1729,3937,4017,636.9426751592357,1
1443,Branch_1730,3086,4017,224.7191011235955,1
1444,Branch_1731,3937,3963,1428.5714285714287,1
1445,Branch_1732,2632,2660,29.01915264074289,1
1446,Branch_1733,5212,5386,259.0673575129534,1
1447,Branch_1734,2957,3647,148.5884101040119,1
1448,Branch_1735,3574,4340,602.4096385542168,1
1449,Branch_1736,3647,3769,141.24293785310735,1
1450,Branch_1737,3574,4098,448.4304932735426,1
1451,Branch_1738,2957,4757,2000.0,1
1452,Branch_1739,4340,4757,403.2258064516129,1
1453,Branch_1740,5314,5351,42.69854824935952,1
1454,Branch_1741,8065,8508,70.47216349541931,1
1455,Branch_1743,3855,4413,418.41004184100416,1
1456,Branch_1744,3855,5163,84.24599831508003,1
1457,Branch_1745,3585,3855,314.4654088050315,1
1458,Branch_1746,3585,5171,314.4654088050315,1
1459,Branch_1747,3575,4413,74.23904974016332,1
1460,Branch_1748,3575,4099,448.4304932735426,1
1461,Branch_1749,4515,5162,84.24599831508003,1
1462,Branch_1750,3586,4515,314.4654088050315,1
1463,Branch_1751,3586,5171,314.4654088050315,1
1464,Branch_1752,3679,4515,151.9756838905775,1
1465,Branch_1753,3769,4336,165.28925619834712,1
1466,Branch_1754,3679,4336,2000.0,1
1467,Branch_1755,4034,4336,170.06802721088437,1
1468,Branch_1756,3164,4976,136.986301369863,1
1469,Branch_1757,3559,4413,769.2307692307693,1
1470,Branch_1758,3559,4035,137.93103448275863,1
1471,Branch_1759,3559,3678,347.22222222222223,1
1472,Branch_1760,3678,3769,156.73981191222572,1
1473,Branch_1761,1921,2398,2000.0,1
1474,Branch_1762,4392,5099,76.5696784073507,1
1475,Branch_1763,3684,4036,189.3939393939394,1
1476,Branch_1764,3825,4036,2000.0,1
1477,Branch_1765,2838,4036,152.4390243902439,1
1478,Branch_1766,3148,4392,130.03901170351105,1
1479,Branch_1767,3148,3825,362.3188405797101,1
1480,Branch_1768,2838,4307,86.13264427217915,1
1481,Branch_1769,3251,4393,126.42225031605562,1
1482,Branch_1770,3251,5099,204.49897750511246,1
1483,Branch_1771,3251,3336,113.63636363636364,1
1484,Branch_1772,3336,4399,121.50668286755771,1
1485,Branch_1773,2839,4399,85.61643835616438,1
1486,Branch_1774,1857,2660,15.74555188159345,1
1487,Branch_1776,3223,3769,38.729666924864446,1
1488,Branch_1777,3769,4250,133.33333333333334,1
1489,Branch_1778,3334,4250,115.60693641618496,1
1490,Branch_1780,4250,4456,50.30181086519115,1
1491,Branch_1781,5099,5203,189.0359168241966,1
1492,Branch_1782,3334,5203,104.9317943336831,1
1493,Branch_1783,5910,6093,257.7319587628866,1
1494,Branch_1784,5342,5434,50.787201625190455,1
1495,Branch_1785,3222,5159,139.86013986013987,1
1496,Branch_1786,2891,5159,72.99270072992701,1
1497,Branch_1787,2312,2333,2000.0,1
1498,Branch_1789,4591,5008,245.7002457002457,1
1499,Branch_1790,5007,5008,2000.0,1
1500,Branch_1792,2312,5008,151.74506828528072,1
1501,Branch_1793,4339,4803,93.28358208955224,1
1502,Branch_1794,2802,2956,303.951367781155,1
1503,Branch_1795,3222,5158,188.32391713747646,1
1504,Branch_1796,2956,4756,2000.0,1
1505,Branch_1797,4339,4756,403.2258064516129,1
1506,Branch_1798,4803,5158,164.20361247947454,1
1507,Branch_1799,3648,3769,141.24293785310735,1
1508,Branch_1800,2802,3648,165.28925619834712,1
1509,Branch_1801,2312,5231,126.26262626262626,1
1510,Branch_1802,7983,8697,45.64125969876768,1
1511,Branch_1803,3576,5342,25.641025641025642,1
1512,Branch_1804,2980,3223,149.2537313432836,1
1513,Branch_1805,2313,2331,2000.0,1
1514,Branch_1807,2299,5231,176.05633802816902,1
1515,Branch_1811,2299,2313,221.72949002217294,1
1516,Branch_1812,4591,5081,271.00271002710025,1
1517,Branch_1814,4591,5048,2000.0,1
1518,Branch_1815,2313,5081,218.8183807439825,1
1519,Branch_1816,4591,4960,2000.0,1
1520,Branch_1817,1778,2545,61.881188118811885,1
1521,Branch_1818,3130,3314,769.2307692307693,1
1522,Branch_1819,3097,3314,97.46588693957115,1
1523,Branch_1820,3096,4476,75.75757575757575,1
1524,Branch_1821,2996,3097,103.95010395010395,1
1525,Branch_1823,8246,8595,190.47619047619048,1
1526,Branch_1824,3222,3246,729.92700729927,1
1527,Branch_1825,3246,3301,649.3506493506494,1
1528,Branch_1826,8246,8251,2000.0,1
1529,Branch_1827,8246,8247,2000.0,1
1530,Branch_1828,8167,8651,120.77294685990339,1
1531,Branch_1829,8246,8651,144.3001443001443,1
1532,Branch_1830,2406,2671,4.531037607612143,1
1533,Branch_1832,5966,6299,67.79661016949153,1
1534,Branch_1833,3223,3247,729.92700729927,1
1535,Branch_1834,3247,3302,649.3506493506494,1
1536,Branch_1835,5966,6299,67.79661016949153,1
1537,Branch_1836,5966,6301,142.65335235378032,1
1538,Branch_1837,5966,6301,142.65335235378032,1
1539,Branch_1838,6301,6307,66.2251655629139,1
1540,Branch_1839,7767,8170,2000.0,1
1541,Branch_1840,6301,6307,66.2251655629139,1
1542,Branch_1841,9279,9590,111.23470522803115,1
1543,Branch_1842,9297,9590,93.28358208955224,1
1544,Branch_1843,9279,9297,50.9683995922528,1
1545,Branch_1844,6053,6314,228.83295194508008,1
1546,Branch_1845,6299,6314,57.17552887364208,1
1547,Branch_1846,6299,6314,57.17552887364208,1
1548,Branch_1847,4423,4425,2000.0,1
1549,Branch_1848,4434,4575,2000.0,1
1550,Branch_1851,7737,7758,132.9787234042553,1
1551,Branch_1852,8421,8511,54.97526113249038,1
1552,Branch_1853,8421,8583,156.73981191222572,1
1553,Branch_1854,8421,8583,156.73981191222572,1
1554,Branch_1859,7737,8369,45.682960255824575,1
1555,Branch_1860,8369,8583,41.37360364087712,1
1556,Branch_1861,8369,8583,41.37360364087712,1
1557,Branch_1862,7282,7423,49.333991119881595,1
1558,Branch_1863,2969,3123,293.2551319648094,1
1559,Branch_1864,2823,3344,138.88888888888889,1
1560,Branch_1865,3123,3733,319.4888178913738,1
1561,Branch_1866,2823,2969,293.2551319648094,1
1562,Branch_1867,2970,3122,293.2551319648094,1
1563,Branch_1868,2824,3343,138.88888888888889,1
1564,Branch_1869,3122,3731,319.4888178913738,1
1565,Branch_1870,2824,2970,293.2551319648094,1
1566,Branch_1871,6048,6074,6.236357966947303,1
1567,Branch_1873,3425,3830,411.52263374485597,1
1568,Branch_1874,3086,3830,377.35849056603774,1
1569,Branch_1875,2753,3343,2000.0,1
1570,Branch_1876,2753,3424,201.61290322580646,1
1571,Branch_1877,1733,1792,12.769761205465457,1
1572,Branch_1878,5880,6078,6.741270055278415,1
1573,Branch_1880,3424,3829,411.52263374485597,1
1574,Branch_1881,3086,3829,377.35849056603774,1
1575,Branch_1882,2752,3344,2000.0,1
1576,Branch_1883,2752,3425,199.6007984031936,1
1577,Branch_1884,4027,4568,57.8368999421631,1
1578,Branch_1887,4418,9302,121.21212121212122,1
1579,Branch_1888,3912,4599,43.78283712784589,1
1580,Branch_1889,3913,4599,43.78283712784589,1
1581,Branch_1890,4600,5023,120.48192771084338,1
1582,Branch_1891,3912,4888,117.78563015312132,1
1583,Branch_1893,5023,5051,2000.0,1
1584,Branch_1894,3913,4600,54.43658138268917,1
1585,Branch_1895,2692,6314,22.763487366264513,1
1586,Branch_1896,4888,5023,602.4096385542168,1
1587,Branch_1897,2692,6053,24.968789013732835,1
1588,Branch_1898,2715,3467,267.379679144385,1
1589,Branch_1899,2692,2715,48.355899419729205,1
1590,Branch_1900,2692,4869,2000.0,1
1591,Branch_1901,4897,4907,2000.0,1
1592,Branch_1903,2692,4897,38.03727653100038,1
1593,Branch_1904,3518,4897,32.552083333333336,1
1594,Branch_1905,3518,4813,28.538812785388128,1
1595,Branch_1906,2692,4813,45.78754578754579,1
1596,Branch_1908,4976,5472,31.51591553734636,1
1597,Branch_1909,4053,4617,94.07337723424271,1
1598,Branch_1910,2890,3344,78.125,1
1599,Branch_1911,3688,4617,429.18454935622316,1
1600,Branch_1912,3805,4617,54.02485143165856,1
1601,Branch_1915,3805,4617,54.02485143165856,1
1602,Branch_1918,4834,9316,100.80645161290323,1
1603,Branch_1919,3805,4834,24.277737314882252,1
1604,Branch_1920,4890,9317,47.551117451260104,1
1605,Branch_1921,3805,4890,33.67003367003367,1
1606,Branch_1924,2174,2613,112.61261261261261,1
1607,Branch_1925,2869,3343,364.963503649635,1
1608,Branch_1926,1886,2496,36.496350364963504,1
1609,Branch_1927,2868,3344,364.963503649635,1
1610,Branch_1928,3344,4693,1010.10101010101,1
1611,Branch_1929,3343,4694,1098.901098901099,1
1612,Branch_1931,4976,5027,2000.0,1
1613,Branch_1932,3343,3780,411.52263374485597,1
1614,Branch_1933,3099,3780,168.35016835016836,1
1615,Branch_1934,3502,4107,236.4066193853428,1
1616,Branch_1935,3099,4107,132.27513227513228,1
1617,Branch_1936,4107,4476,617.283950617284,1
1618,Branch_1937,2166,2496,194.1747572815534,1
1619,Branch_1938,3344,3781,370.3703703703704,1
1620,Branch_1939,3100,3781,168.35016835016836,1
1621,Branch_1940,3100,4476,108.93246187363835,1
1622,Branch_1941,2106,2398,33.200531208499335,1
1623,Branch_1942,5434,5472,49.9001996007984,1
1624,Branch_1943,3501,4476,138.12154696132598,1
1625,Branch_1944,1919,2489,25.220680958385877,1
1626,Branch_1945,2979,3222,157.9778830963665,1
1627,Branch_1946,2979,4382,201.61290322580646,1
1628,Branch_1947,2981,4382,190.11406844106463,1
1629,Branch_1948,1970,2652,38.299502106472616,1
1630,Branch_1949,4337,4476,106.04453870625663,1
1631,Branch_1950,2996,4337,106.04453870625663,1
1632,Branch_1951,4382,5116,112.86681715575621,1
1633,Branch_1952,2996,5116,467.2897196261682,1
1634,Branch_1953,1843,2521,1.4900242873958847,1
1635,Branch_1954,5383,5521,68.1663258350375,1
1636,Branch_1955,6078,6200,13.892747985551543,1
1637,Branch_1956,3371,4382,649.3506493506494,1
1638,Branch_1957,3371,3903,150.6024096385542,1
1639,Branch_1958,3903,5164,154.5595054095827,1
1640,Branch_1959,3881,4804,86.80555555555556,1
1641,Branch_1960,4804,4810,2000.0,1
1642,Branch_1961,4599,4804,98.61932938856016,1
1643,Branch_1962,3881,4808,54.200542005420054,1
1644,Branch_1963,4808,4814,2000.0,1
1645,Branch_1964,4599,4808,279.3296089385475,1
1646,Branch_1965,2691,4418,118.90606420927467,1
1647,Branch_1967,3453,4628,150.6024096385542,1
1648,Branch_1968,2478,2573,59.523809523809526,1
1649,Branch_1969,5434,5521,117.50881316098707,1
1650,Branch_1970,3449,3775,103.30578512396694,1
1651,Branch_1971,3002,3449,152.9051987767584,1
1652,Branch_1972,4580,4941,86.58008658008659,1
1653,Branch_1973,3775,3895,49.9001996007984,1
1654,Branch_1974,3534,3775,47.05882352941177,1
1655,Branch_1975,3534,3836,147.49262536873155,1
1656,Branch_1976,3534,4476,67.38544474393531,1
1657,Branch_1977,3002,3863,57.50431282346176,1
1658,Branch_1978,3002,4580,2000.0,1
1659,Branch_1979,4382,5117,111.48272017837235,1
1660,Branch_1980,2996,5117,467.2897196261682,1
1661,Branch_1981,1928,1986,91.82736455463728,1
1662,Branch_1982,5277,5521,22.56317689530686,1
1663,Branch_1983,3031,4223,303.951367781155,1
1664,Branch_1984,3031,3477,246.91358024691357,1
1665,Branch_1985,3031,5135,336.7003367003367,1
1666,Branch_1986,3086,3477,617.283950617284,1
1667,Branch_1987,3878,4941,81.83306055646482,1
1668,Branch_1988,3032,4224,303.030303030303,1
1669,Branch_1989,3032,3476,246.91358024691357,1
1670,Branch_1990,3032,5135,336.7003367003367,1
1671,Branch_1991,3086,3476,617.283950617284,1
1672,Branch_1992,1841,2478,87.41258741258741,1
1673,Branch_1993,3630,3958,156.25,1
1674,Branch_1994,3086,3630,347.22222222222223,1
1675,Branch_1995,3630,3938,478.4688995215311,1
1676,Branch_1996,3938,3963,2000.0,1
1677,Branch_1997,3024,3539,278.55153203342616,1
1678,Branch_1998,3024,3963,581.3953488372093,1
1679,Branch_1999,3564,3925,69.25207756232687,1
1680,Branch_2000,3774,3963,284.9002849002849,1
1681,Branch_2001,3009,3564,235.8490566037736,1
1682,Branch_2002,3774,3925,194.55252918287937,1
1683,Branch_2003,3103,4187,30.275507114744173,1
1684,Branch_2004,3423,4377,1515.1515151515152,1
1685,Branch_2005,2917,3103,2000.0,1
1686,Branch_2006,3103,3423,93.10986964618249,1
1687,Branch_2007,4476,5113,44.38526409232135,1
1688,Branch_2008,2917,5113,2000.0,1
1689,Branch_2010,5406,5521,2000.0,1
1690,Branch_2011,2917,4187,29.895366218236173,1
1691,Branch_2012,4476,4495,80.58017727639,1
1692,Branch_2013,2917,5112,2000.0,1
1693,Branch_2014,4495,5112,98.81422924901186,1
1694,Branch_2015,2062,2532,32.62642740619902,1
1695,Branch_2016,5383,5681,157.9778830963665,1
1696,Branch_2017,3716,4083,89.44543828264759,1
1697,Branch_2018,3716,3901,138.12154696132598,1
1698,Branch_2019,3901,4476,83.75209380234506,1
1699,Branch_2020,4083,4187,38.74467260751646,1
1700,Branch_2021,2551,2571,26.143790849673202,1
1701,Branch_2022,3717,4084,89.44543828264759,1
1702,Branch_2023,3717,3900,138.12154696132598,1
1703,Branch_2024,3900,4476,83.75209380234506,1
1704,Branch_2025,4084,4187,38.74467260751646,1
1705,Branch_2026,1837,1841,55.61735261401557,1
1706,Branch_2027,5773,6078,8.429570934839417,1
1707,Branch_2028,1664,1666,1190.4761904761904,1
1708,Branch_2029,3037,3229,128.36970474967907,1
1709,Branch_2030,3229,5135,119.33174224343675,1
1710,Branch_2031,3037,4383,176.3668430335097,1
1711,Branch_2032,3009,4383,69.25207756232687,1
1712,Branch_2033,3102,4383,502.51256281407035,1
1713,Branch_2034,2940,4934,42.716787697565145,1
1714,Branch_2035,4934,4963,2000.0,1
1715,Branch_2036,4568,4934,617.283950617284,1
1716,Branch_2037,4568,9297,13.458950201884253,1
1717,Branch_2038,4568,9297,13.458950201884253,1
1718,Branch_2039,1777,2071,1282.051282051282,1
1719,Branch_2040,5351,5434,53.10674455655868,1
1720,Branch_2041,1777,2070,1265.8227848101267,1
1721,Branch_2042,1813,2514,40.08016032064128,1
1722,Branch_2043,3511,5099,43.38394793926247,1
1723,Branch_2044,2034,2524,144.7178002894356,1
1724,Branch_2045,2963,5171,91.15770282588879,1
1725,Branch_2046,2963,4460,179.85611510791367,1
1726,Branch_2047,4460,5135,206.61157024793388,1
1727,Branch_2048,2422,2607,57.24098454493417,1
1728,Branch_2049,2962,5171,84.31703204047217,1
1729,Branch_2050,2962,4461,188.32391713747646,1
1730,Branch_2051,4461,5135,201.61290322580646,1
1731,Branch_2052,1772,2035,66.711140760507,1
1732,Branch_2054,4553,5171,123.76237623762377,1
1733,Branch_2055,3203,3743,61.881188118811885,1
1734,Branch_2056,3203,4553,123.76237623762377,1
1735,Branch_2058,561,1388,5.1020408163265305,1
1736,Branch_2059,4554,5171,123.76237623762377,1
1737,Branch_2060,3202,3593,126.58227848101266,1
1738,Branch_2061,3593,3743,126.58227848101266,1
1739,Branch_2062,3202,4554,123.76237623762377,1
1740,Branch_2064,1735,2463,44.20866489832007,1
1741,Branch_2065,1934,1999,403.2258064516129,1
1742,Branch_2067,3396,4380,1098.901098901099,1
1743,Branch_2068,3396,3420,1265.8227848101267,1
1744,Branch_2069,3025,3420,66.00660066006601,1
1745,Branch_2070,3420,5161,110.74197120708749,1
1746,Branch_2071,3743,5161,127.7139208173691,1
1747,Branch_2072,3990,5161,584.7953216374269,1
1748,Branch_2073,3230,4682,380.22813688212926,1
1749,Branch_2074,3230,5135,119.61722488038278,1
1750,Branch_2075,3025,3544,201.61290322580646,1
1751,Branch_2076,3200,3544,403.2258064516129,1
1752,Branch_2077,3200,4682,201.61290322580646,1
1753,Branch_2078,2425,2636,36.023054755043226,1
1754,Branch_2079,2386,6004,27.662517289073307,1
1755,Branch_2080,2920,4568,31.036623215394165,1
1756,Branch_2081,2728,4568,189.0359168241966,1
1757,Branch_2082,2728,2920,37.65060240963855,1
1758,Branch_2083,4194,5700,35.27336860670194,1
1759,Branch_2084,1768,1861,87.64241893076249,1
1760,Branch_2085,3164,4194,135.13513513513513,1
1761,Branch_2086,5765,5825,46.51162790697674,1
1762,Branch_2087,5700,5702,2000.0,1
1763,Branch_2088,4367,4462,254.4529262086514,1
1764,Branch_2089,3599,4462,180.18018018018017,1
1765,Branch_2090,4367,4476,160.77170418006432,1
1766,Branch_2091,4367,4496,362.3188405797101,1
1767,Branch_2092,3599,4060,325.7328990228013,1
1768,Branch_2093,5678,5700,617.283950617284,1
1769,Branch_2094,5758,5867,3.8137370809656383,1
1770,Branch_2095,2025,2491,24.752475247524753,1
1771,Branch_2096,5486,5678,119.04761904761905,1
1772,Branch_2097,1769,1949,282.4858757062147,1
1773,Branch_2098,2129,2624,769.2307692307693,1
1774,Branch_2099,9496,9511,2000.0,1
1775,Branch_2102,5486,9496,57.4052812858783,1
1776,Branch_2104,1827,1857,40.19292604501608,1
1777,Branch_2105,9006,9496,121.21212121212122,1
1778,Branch_2107,9013,9665,58.47953216374269,1
1779,Branch_2108,3222,3732,847.457627118644,1
1780,Branch_2109,1752,1958,29.682398337785692,1
1781,Branch_2110,9006,9225,826.4462809917355,1
1782,Branch_2111,2713,3588,125.0,1
1783,Branch_2112,9006,9224,826.4462809917355,1
1784,Branch_2113,9006,9665,253.80710659898477,1
1785,Branch_2114,3588,5100,7.861635220125787,1
1786,Branch_2115,2019,2563,2000.0,1
1787,Branch_2117,3164,3978,136.6120218579235,1
1788,Branch_2118,2019,2563,2000.0,1
1789,Branch_2119,1795,1882,27.785495971103085,1
1790,Branch_2120,2129,2608,60.27727546714888,1
1791,Branch_2121,9665,9685,2000.0,1
1792,Branch_2122,1857,6004,66.40106241699867,1
1793,Branch_2123,3164,4194,135.13513513513513,1
1794,Branch_2124,8914,9013,2000.0,1
1795,Branch_2126,2920,8914,48.5201358563804,1
1796,Branch_2127,6018,6193,5.233136218535768,1
1797,Branch_2128,8914,9006,45.80852038479157,1
1798,Branch_2129,4194,8914,70.97232079489,1
1799,Branch_2130,7371,7577,88.02816901408451,1
1800,Branch_2132,1905,2594,47.82400765184122,1
1801,Branch_2133,3223,4306,595.2380952380952,1
1802,Branch_2134,3222,4304,595.2380952380952,1
1803,Branch_2135,1857,6004,65.57377049180327,1
1804,Branch_2136,5309,5500,62.93266205160478,1
1805,Branch_2137,4306,4612,401.60642570281124,1
1806,Branch_2138,3373,3733,2000.0,1
1807,Branch_2139,3373,4612,2000.0,1
1808,Branch_2140,1932,2532,38.2262996941896,1
1809,Branch_2141,4194,5693,59.95203836930455,1
1810,Branch_2142,4304,4611,401.60642570281124,1
1811,Branch_2143,3372,3731,2000.0,1
1812,Branch_2144,3372,4611,2000.0,1
1813,Branch_2145,2920,4194,85.1063829787234,1
1814,Branch_2146,1794,2088,2000.0,1
1815,Branch_2147,5693,5709,143.67816091954023,1
1816,Branch_2148,1813,2568,17.866714311238162,1
1817,Branch_2149,5693,5705,2000.0,1
1818,Branch_2150,1939,2603,12.292562999385371,1
1819,Branch_2151,1758,1947,26.99055330634278,1
1820,Branch_2152,5486,5678,123.30456226880395,1
1821,Branch_2153,1862,2573,31.289111389236545,1
1822,Branch_2154,2075,2563,236.96682464454977,1
1823,Branch_2155,231,235,228.83295194508008,1
1824,Branch_2157,5678,5709,176.3668430335097,1
1825,Branch_2158,7797,8628,22.49718785151856,1
1826,Branch_2159,2379,4591,65.91957811470007,1
1827,Branch_2160,5819,6244,66.53359946773121,1
1828,Branch_2161,5943,6244,115.47344110854503,1
1829,Branch_2162,5709,5713,2000.0,1
1830,Branch_2163,5943,6494,71.78750897343862,1
1831,Branch_2164,1988,2611,3.258390355164549,1
1832,Branch_2165,2986,4591,366.3003663003663,1
1833,Branch_2166,1758,2116,53.85029617662897,1
1834,Branch_2167,2568,2632,33.9097999321804,1
1835,Branch_2168,1905,2539,103.51966873706004,1
1836,Branch_2169,5915,6247,26.90341673392521,1
1837,Branch_2170,1988,2039,28.653295128939828,1
1838,Branch_2171,5730,6176,72.46376811594203,1
1839,Branch_2172,5730,5819,347.22222222222223,1
1840,Branch_2173,2379,4591,65.96306068601584,1
1841,Branch_2175,2360,7072,40.27386226339106,1
1842,Branch_2177,7156,7292,1369.86301369863,1
1843,Branch_2178,1798,2424,77.57951900698215,1
1844,Branch_2179,2986,4591,366.3003663003663,1
1845,Branch_2180,1798,2653,115.34025374855824,1
1846,Branch_2181,2428,2653,16.781339150864238,1
1847,Branch_2182,7845,8046,8.721437292865865,1
1848,Branch_2183,1827,2165,45.97701149425287,1
1849,Branch_2184,231,235,228.83295194508008,1
1850,Branch_2186,2340,2379,934.5794392523364,1
1851,Branch_2188,7797,8003,46.21072088724584,1
1852,Branch_2189,7774,7874,180.83182640144665,1
1853,Branch_2191,7751,7845,19.098548510313215,1
1854,Branch_2192,1772,2387,327.8688524590164,1
1855,Branch_2193,1849,2340,64.93506493506493,1
1856,Branch_2194,7697,8259,85.25149190110827,1
1857,Branch_2195,824,836,31.565656565656564,1
1858,Branch_2196,6091,6140,7.008199593524424,1
1859,Branch_2197,7983,8260,42.229729729729726,1
1860,Branch_2198,5838,6162,14.83459427384661,1
1861,Branch_2199,1862,1947,53.39028296849973,1
1862,Branch_2200,1849,2379,61.05006105006105,1
1863,Branch_2202,7680,8629,184.84288354898337,1
1864,Branch_2203,7774,8300,36.04902667627974,1
1865,Branch_2204,7774,7983,38.80481179666278,1
1866,Branch_2205,7774,7976,41.597337770382694,1
1867,Branch_2207,7774,8162,71.27583749109051,1
1868,Branch_2208,2514,2548,147.92899408284023,1
1869,Branch_2209,1830,2525,30.202355783751134,1
1870,Branch_2210,5839,5880,13.335111348179757,1
1871,Branch_2211,1835,2169,21.50537634408602,1
1872,Branch_2213,6148,6232,73.96449704142012,1
1873,Branch_2214,7482,7486,106.83760683760684,1
1874,Branch_2215,6104,6458,14.200511218403863,1
1875,Branch_2216,7133,7233,34.904013961605585,1
1876,Branch_2217,1763,2519,37.03703703703704,1
1877,Branch_2218,2464,2500,19.331142470520007,1
1878,Branch_2219,1916,2500,111.48272017837235,1
1879,Branch_2220,2017,2501,164.20361247947454,1
1880,Branch_2221,6004,6236,28.37684449489217,1
1881,Branch_2222,6007,6392,62.893081761006286,1
1882,Branch_2223,9013,9186,1492.5373134328358,1
1883,Branch_2224,7241,7272,17.135023989033584,1
1884,Branch_2225,7271,7301,8.909479686386314,1
1885,Branch_2226,7258,7371,41.511000415110004,1
1886,Branch_2227,6701,7258,105.9322033898305,1
1887,Branch_2228,7365,7411,6.246486351427322,1
1888,Branch_2229,6975,7151,40.46944556859571,1
1889,Branch_2230,5823,5827,93.72071227741331,1
1890,Branch_2231,7359,7441,18.942981625307823,1
1891,Branch_2232,5276,5351,30.23888720895071,1
1892,Branch_2233,7983,8104,79.80845969672785,1
1893,Branch_2234,2403,2523,310.55900621118013,1
1894,Branch_2235,7774,8104,74.34944237918215,1
1895,Branch_2236,6959,7133,19.968051118210862,1
1896,Branch_2237,6062,6383,59.844404548174744,1
1897,Branch_2238,5823,6089,4.130183380142078,1
1898,Branch_2240,3505,3906,59.31198102016607,1
1899,Branch_2241,1865,2607,33.3000333000333,1
1900,Branch_2242,8054,8272,5.353319057815845,1
1901,Branch_2243,1842,2069,30.931023816888338,1
1902,Branch_2244,3912,4849,122.54901960784314,1
1903,Branch_2246,1987,2011,46.68534080298786,1
1904,Branch_2247,2239,2595,183.8235294117647,1
1905,Branch_2248,6004,6140,93.37068160597572,1
1906,Branch_2249,2075,2624,211.41649048625794,1
1907,Branch_2250,1959,2291,84.45945945945945,1
1908,Branch_2252,4600,5053,93.89671361502347,1
1909,Branch_2255,1956,2291,21.83406113537118,1
1910,Branch_2258,2240,2672,27.925160569673274,1
1911,Branch_2259,4838,5200,2000.0,1
1912,Branch_2260,1952,2536,41.61464835622139,1
1913,Branch_2261,3504,5053,1162.7906976744187,1
1914,Branch_2262,2074,2595,70.97232079489,1
1915,Branch_2263,3505,4838,101.01010101010101,1
1916,Branch_2264,4600,4838,892.8571428571429,1
1917,Branch_2265,6062,6252,196.46365422396858,1
1918,Branch_2266,5818,6552,4.05926527298559,1
1919,Branch_2268,6943,7230,119.18951132300357,1
1920,Branch_2269,6004,6091,6.519754857217369,1
1921,Branch_2270,5311,5499,63.13131313131313,1
1922,Branch_2271,2580,2624,28.66150759529951,1
1923,Branch_2272,2321,2580,2000.0,1
1924,Branch_2273,3576,5276,51.65289256198347,1
1925,Branch_2275,1745,2580,143.26647564469914,1
1926,Branch_2276,1968,2472,4.7447333459859555,1
1927,Branch_2278,8636,8884,1265.8227848101267,1
1928,Branch_2281,8788,8884,636.9426751592357,1
1929,Branch_2287,5838,6236,13.498920086393088,1
1930,Branch_2289,1807,1932,41.82350480970305,1
1931,Branch_2290,1768,1935,36.99593044765076,1
1932,Branch_2291,1771,2205,10.895619960775768,1
1933,Branch_2292,2545,6004,27.210884353741495,1
1934,Branch_2293,3576,5277,51.20327700972862,1
1935,Branch_2294,6201,6257,80.32128514056225,1
1936,Branch_2296,1762,1936,67.56756756756756,1
1937,Branch_2298,1762,2663,109.17030567685589,1
1938,Branch_2299,1786,1830,55.67928730512249,1
1939,Branch_2300,2768,4761,383.1417624521073,1
1940,Branch_2301,1999,2442,189.0359168241966,1
1941,Branch_2302,1999,2104,72.5689404934688,1
1942,Branch_2303,3912,5038,2000.0,1
1943,Branch_2304,3913,4324,84.60236886632826,1
1944,Branch_2305,2457,2594,31.27932436659368,1
1945,Branch_2307,4324,5038,79.74481658692186,1
1946,Branch_2309,2799,3252,209.64360587002096,1
1947,Branch_2310,2799,3951,561.7977528089888,1
1948,Branch_2311,3912,3951,278.55153203342616,1
1949,Branch_2312,2210,2407,30.111412225233362,1
1950,Branch_2313,1949,2403,226.75736961451247,1
1951,Branch_2314,2127,2611,10.339123242349048,1
1952,Branch_2315,2760,2768,2000.0,1
1953,Branch_2316,1882,2109,613.4969325153374,1
1954,Branch_2317,2483,2487,45.578851412944395,1
1955,Branch_2318,2954,4141,128.2051282051282,1
1956,Branch_2319,2954,4239,127.8772378516624,1
1957,Branch_2320,2918,4684,342.4657534246575,1
1958,Branch_2321,4047,5114,268.81720430107526,1
1959,Branch_2322,3597,5114,253.16455696202533,1
1960,Branch_2323,3597,4550,381.6793893129771,1
1961,Branch_2324,4029,5114,287.35632183908046,1
1962,Branch_2325,4550,4561,381.6793893129771,1
1963,Branch_2327,4684,4760,103.30578512396694,1
1964,Branch_2328,4047,4760,125.31328320802005,1
1965,Branch_2329,4561,5019,495.0495049504951,1
1966,Branch_2330,4239,5019,793.6507936507936,1
1967,Branch_2331,2389,2483,2000.0,1
1968,Branch_2332,2953,4141,128.2051282051282,1
1969,Branch_2333,2953,4240,127.8772378516624,1
1970,Branch_2335,3596,5115,253.16455696202533,1
1971,Branch_2336,2918,3869,77.82101167315174,1
1972,Branch_2337,3869,4761,270.27027027027026,1
1973,Branch_2338,4046,5115,268.81720430107526,1
1974,Branch_2339,4028,5115,287.35632183908046,1
1975,Branch_2340,3596,4549,381.6793893129771,1
1976,Branch_2341,4549,4562,381.6793893129771,1
1977,Branch_2343,2768,4046,204.49897750511246,1
1978,Branch_2344,4240,5020,793.6507936507936,1
1979,Branch_2345,4562,5020,793.6507936507936,1
1980,Branch_2346,2390,2483,2000.0,1
1981,Branch_2347,1733,1843,7.746533426291735,1
1982,Branch_2348,2040,2673,120.77294685990339,1
1983,Branch_2351,1919,2173,37.50937734433609,1
1984,Branch_2352,3598,4141,123.00123001230013,1
1985,Branch_2353,3598,5145,98.81422924901186,1
1986,Branch_2354,3832,5145,108.22510822510823,1
1987,Branch_2355,2185,2211,44.36557231588287,1
1988,Branch_2356,1950,2521,4.491354143274197,1
1989,Branch_2357,1725,2241,78.92659826361484,1
1990,Branch_2358,2401,2652,17.953321364452425,1
1991,Branch_2359,9223,9652,628.930817610063,1
1992,Branch_2360,9222,9652,602.4096385542168,1
1993,Branch_2361,1964,2651,21.968365553602812,1
1994,Branch_2362,2424,2651,12.934937265554263,1
1995,Branch_2363,1787,2428,36.1794500723589,1
1996,Branch_2364,5851,6091,82.98755186721992,1
1997,Branch_2365,5819,6244,66.44518272425249,1
1998,Branch_2366,3049,4141,80.25682182985554,1
1999,Branch_2367,3049,3832,140.0560224089636,1
2000,Branch_2368,6244,6494,44.20866489832007,1
2001,Branch_2369,7874,8107,34.48275862068966,1
2002,Branch_2370,7774,8106,72.25433526011561,1
2003,Branch_2371,9171,9652,2000.0,1
2004,Branch_2374,9172,9652,2000.0,1
2005,Branch_2375,2002,6357,41.1522633744856,1
2006,Branch_2376,2002,6358,41.11842105263158,1
2007,Branch_2377,6069,6091,15.211439002129602,1
2008,Branch_2378,3568,3633,2000.0,1
2009,Branch_2379,3633,4312,95.32888465204957,1
2010,Branch_2380,4312,4538,21.934634788330776,1
2011,Branch_2382,3568,5172,85.03401360544218,1
2012,Branch_2383,4103,5172,346.02076124567475,1
2013,Branch_2384,3814,4103,43.63001745200698,1
2014,Branch_2385,3611,4103,192.30769230769232,1
2015,Branch_2386,2918,4819,140.4494382022472,1
2016,Branch_2389,4819,9286,72.7802037845706,1
2017,Branch_2390,9185,9286,2000.0,1
2018,Branch_2392,4811,4819,2000.0,1
2019,Branch_2393,9185,9652,33.244680851063826,1
2020,Branch_2394,4986,4987,2000.0,1
2021,Branch_2395,4986,4989,2000.0,1
2022,Branch_2396,3568,4988,2000.0,1
2023,Branch_2397,6244,6325,55.92841163310962,1
2024,Branch_2398,4538,5121,2000.0,1
2025,Branch_2401,4663,5095,33.818058843422385,1
2026,Branch_2402,5092,9707,1428.5714285714287,1
2027,Branch_2403,9652,9707,438.5964912280702,1
2028,Branch_2404,5092,5094,57.6036866359447,1
2029,Branch_2405,5094,5095,38.08073115003808,1
2030,Branch_2406,9014,9398,88.96797153024912,1
2031,Branch_2407,2918,4725,57.077625570776256,1
2032,Branch_2408,4663,4725,184.50184501845018,1
2033,Branch_2409,2754,5095,2000.0,1
2034,Branch_2410,4656,4866,60.97560975609756,1
2035,Branch_2413,3165,4656,19.37608990505716,1
2036,Branch_2414,3287,4866,2000.0,1
2037,Branch_2415,3287,3854,37.65060240963855,1
2038,Branch_2416,3328,3854,87.87346221441125,1
2039,Branch_2417,3328,4724,1162.7906976744187,1
2040,Branch_2418,4210,4724,96.24639076034649,1
2041,Branch_2419,2918,4210,140.0560224089636,1
2042,Branch_2420,3165,4616,62.77463904582549,1
2043,Branch_2421,6092,6584,401.60642570281124,1
2044,Branch_2422,6341,6415,24.177949709864603,1
2045,Branch_2423,3116,3159,283.28611898017,1
2046,Branch_2424,3159,3614,116.0092807424594,1
2047,Branch_2425,2262,2421,80.71025020177562,1
2048,Branch_2426,1953,2164,121.8026796589525,1
2049,Branch_2427,2027,2463,85.32423208191126,1
2050,Branch_2428,2193,2471,89.68609865470852,1
2051,Branch_2430,9398,9708,24.172105390379503,1
2052,Branch_2431,9652,9708,126.26262626262626,1
2053,Branch_2432,1807,2168,104.38413361169103,1
2054,Branch_2434,2186,2489,47.39336492890995,1
2055,Branch_2435,2766,4375,103.09278350515464,1
2056,Branch_2436,1906,2419,15.349194167306216,1
2057,Branch_2438,2167,2191,24.248302618816684,1
2058,Branch_2439,9515,9517,2000.0,1
2059,Branch_2440,5781,6069,40.88307440719542,1
2060,Branch_2441,2174,2223,19.282684149633628,1
2061,Branch_2442,9075,9209,146.19883040935673,1
2062,Branch_2444,9075,9515,28.530670470756064,1
2063,Branch_2445,1986,2190,32.552083333333336,1
2064,Branch_2446,9259,9515,57.77007510109763,1
2065,Branch_2447,2170,2517,67.24949562878278,1
2066,Branch_2448,3244,5060,76.21951219512195,1
2067,Branch_2449,5060,9259,15.728216420257942,1
2068,Branch_2450,1752,1847,40.899795501022496,1
2069,Branch_2453,3098,3348,27.51031636863824,1
2070,Branch_2454,3098,5015,757.5757575757576,1
2071,Branch_2455,3244,3348,81.69934640522875,1
2072,Branch_2456,2001,2025,22.639800769753226,1
2073,Branch_2457,3244,3614,31.585596967782692,1
2074,Branch_2458,9472,9652,60.38647342995169,1
2075,Branch_2459,1777,2190,102.04081632653062,1
2076,Branch_2460,2117,2452,5.193725979017347,1
2077,Branch_2461,3614,4042,43.63001745200698,1
2078,Branch_2462,163,2401,19.519812609798947,1
2079,Branch_2463,3892,4291,52.11047420531527,1
2080,Branch_2464,3892,4042,162.07455429497568,1
2081,Branch_2465,86,163,57.01254275940707,1
2082,Branch_2466,3199,4203,169.4915254237288,1
2083,Branch_2467,3199,4291,97.27626459143968,1
2084,Branch_2468,5781,6386,177.3049645390071,1
2085,Branch_2469,2166,2185,30.637254901960784,1
2086,Branch_2470,4026,4248,500.0,1
2087,Branch_2471,4206,4248,50.505050505050505,1
2088,Branch_2472,1886,2186,104.0582726326743,1
2089,Branch_2473,4206,4291,93.28358208955224,1
2090,Branch_2474,4203,4206,216.45021645021646,1
2091,Branch_2475,1929,2187,110.25358324145535,1
2092,Branch_2476,4026,4042,172.71157167530225,1
2093,Branch_2477,7972,8146,15.90836780146357,1
2094,Branch_2478,4538,5122,2000.0,1
2095,Branch_2479,5015,5122,26.26050420168067,1
2096,Branch_2480,2441,2548,199.20318725099602,1
2097,Branch_2481,5015,5042,2000.0,1
2098,Branch_2482,6383,6386,67.38544474393531,1
2099,Branch_2483,2206,2418,38.38771593090211,1
2100,Branch_2484,5781,6231,238.6634844868735,1
2101,Branch_2485,2563,2624,112.86681715575621,1
2102,Branch_2486,3008,3839,108.22510822510823,1
2103,Branch_2487,3008,4849,213.21961620469082,1
2104,Branch_2488,3805,4053,97.65625,1
2105,Branch_2489,2940,5175,143.67816091954023,1
2106,Branch_2490,3805,5175,529.1005291005291,1
2107,Branch_2491,3839,4053,112.2334455667789,1
2108,Branch_2492,3805,4053,97.65625,1
2109,Branch_2493,2940,9408,94.9667616334283,1
2110,Branch_2494,9083,9279,139.08205841446454,1
2111,Branch_2495,9083,9297,35.75259206292456,1
2112,Branch_2496,9279,9408,91.24087591240875,1
2113,Branch_2497,2940,3805,113.76564277588169,1
2114,Branch_2498,2691,2940,124.06947890818859,1
2115,Branch_2499,9279,9302,73.1528895391368,1
2116,Branch_2500,2797,4053,52.19206680584551,1
2117,Branch_2501,4669,4794,381.6793893129771,1
2118,Branch_2502,1907,2205,31.25,1
2119,Branch_2503,3252,3333,185.1851851851852,1
2120,Branch_2504,3333,4849,214.59227467811158,1
2121,Branch_2505,4183,4568,126.90355329949239,1
2122,Branch_2508,4418,4423,34.35245620061834,1
2123,Branch_2509,4423,6120,112.73957158962796,1
2124,Branch_2511,6120,6299,88.57395925597874,1
2125,Branch_2513,6071,6176,64.26735218508998,1
2126,Branch_2514,4418,4429,41.597337770382694,1
2127,Branch_2515,4423,4429,142.04545454545453,1
2128,Branch_2516,6176,6260,185.87360594795538,1
2129,Branch_2517,2797,4669,274.72527472527474,1
2130,Branch_2518,4347,4669,2000.0,1
2131,Branch_2519,4418,5966,14.486455164421265,1
2132,Branch_2520,5966,6176,98.71668311944718,1
2133,Branch_2521,7085,7482,33.3667000333667,1
2134,Branch_2522,4053,4418,34.45899379738112,1
2135,Branch_2523,4053,4418,34.45899379738112,1
2136,Branch_2525,3839,4053,112.2334455667789,1
2137,Branch_2527,7672,8890,52.54860746190226,1
2138,Branch_2530,8077,8890,178.25311942959001,1
2139,Branch_2531,6176,7672,54.55537370430987,1
2140,Branch_2535,8077,8240,121.95121951219512,1
2141,Branch_2536,7758,8240,84.60236886632826,1
2142,Branch_2537,7700,7737,2000.0,1
2143,Branch_2538,7701,7737,2000.0,1
2144,Branch_2539,7718,7737,2000.0,1
2145,Branch_2541,7718,8826,787.4015748031496,1
2146,Branch_2542,6176,8778,29.197080291970803,1
2147,Branch_2547,7737,8826,552.4861878453039,1
2148,Branch_2548,6176,7788,57.6036866359447,1
2149,Branch_2551,7788,8778,60.49606775559589,1
2150,Branch_2554,4423,6299,45.12635379061372,1
2151,Branch_2555,6260,6299,68.63417982155113,1
2152,Branch_2556,8278,8778,157.9778830963665,1
2153,Branch_2557,2040,2334,22.763487366264513,1
2154,Branch_2558,3080,3933,72.04610951008645,1
2155,Branch_2560,3688,4053,91.49130832570906,1
2156,Branch_2561,2797,4053,52.19206680584551,1
2157,Branch_2562,2797,4849,47.192071731949035,1
2158,Branch_2563,5974,6254,79.23930269413628,1
2159,Branch_2564,7788,8169,69.39625260235947,1
2160,Branch_2565,1905,2216,22.29157378510923,1
2161,Branch_2566,2580,3453,59.13660555884092,1
2162,Branch_2567,2580,3453,59.13660555884092,1
2163,Branch_2568,2942,3628,671.1409395973154,1
2164,Branch_2569,2942,4491,1315.7894736842106,1
2165,Branch_2571,3537,9045,30.48780487804878,1
2166,Branch_2572,3288,3814,2000.0,1
2167,Branch_2573,9047,9155,120.91898428053204,1
2168,Branch_2574,3537,9191,66.711140760507,1
2169,Branch_2575,9155,9236,46.66355576294914,1
2170,Branch_2576,3112,3454,22.670596236681025,1
2171,Branch_2577,3454,3537,21.477663230240548,1
2172,Branch_2578,9021,9047,7.316359379572725,1
2173,Branch_2579,3288,3454,151.05740181268882,1
2174,Branch_2580,9021,9191,54.054054054054056,1
2175,Branch_2581,8532,8575,2000.0,1
2176,Branch_2583,7831,7994,70.57163020465772,1
2177,Branch_2584,7875,8039,53.27650506126798,1
2178,Branch_2585,7831,7875,68.68131868131869,1
2179,Branch_2586,7831,7953,87.10801393728222,1
2180,Branch_2587,8407,8648,2000.0,1
2181,Branch_2588,8532,8648,36.87315634218289,1
2182,Branch_2589,7994,8244,16.149870801033593,1
2183,Branch_2590,8244,8532,361.01083032490976,1
2184,Branch_2591,8050,8068,78.74015748031496,1
2185,Branch_2592,7863,8068,1851.851851851852,1
2186,Branch_2593,7670,8050,53.908355795148246,1
2187,Branch_2594,8039,8050,27.35229759299781,1
2188,Branch_2595,7772,7863,21.64970772894566,1
2189,Branch_2596,8336,8366,2000.0,1
2190,Branch_2597,7994,8021,21.496130696474633,1
2191,Branch_2598,8336,8680,51.733057423693744,1
2192,Branch_2599,8021,8680,22.22716159146477,1
2193,Branch_2600,8001,8153,34.08316291751875,1
2194,Branch_2601,8153,8335,11.603620329542817,1
2195,Branch_2602,8153,8159,2000.0,1
2196,Branch_2603,8335,8366,2000.0,1
2197,Branch_2604,7935,8407,96.24639076034649,1
2198,Branch_2605,7935,7994,14.353380221042055,1
2199,Branch_2606,8407,8649,2000.0,1
2200,Branch_2607,7938,8649,17.5530981218185,1
2201,Branch_2608,7994,8716,39.96802557953637,1
2202,Branch_2609,7938,8716,144.3001443001443,1
2203,Branch_2610,8085,8716,2000.0,1
2204,Branch_2611,1951,2211,90.09009009009009,1
2205,Branch_2612,5781,6252,18.08972503617945,1
2206,Branch_2613,4599,5309,68.1663258350375,1
2207,Branch_2614,7694,8096,19.63093835885355,1
2208,Branch_2615,7966,8250,116.95906432748538,1
2209,Branch_2616,7914,8445,1492.5373134328358,1
2210,Branch_2617,8096,8445,87.48906386701663,1
2211,Branch_2618,8096,8572,22.045855379188712,1
2212,Branch_2619,7694,7966,48.899755501222494,1
2213,Branch_2620,7694,7899,22.060445621001545,1
2214,Branch_2621,7930,7966,917.4311926605504,1
2215,Branch_2622,8105,8250,34.9283967865875,1
2216,Branch_2623,7994,8105,14.442518775274408,1
2217,Branch_2624,8320,8454,23.408239700374533,1
2218,Branch_2625,7839,8454,564.9717514124294,1
2219,Branch_2626,8417,8454,46.468401486988846,1
2220,Branch_2627,8407,8417,2000.0,1
2221,Branch_2628,8320,8526,41.22011541632317,1
2222,Branch_2629,2948,3841,56.14823133071308,1
2223,Branch_2630,8250,8305,48.85197850512946,1
2224,Branch_2631,8305,8526,25.157232704402517,1
2225,Branch_2632,7772,8250,10.860121633362294,1
2226,Branch_2633,7867,7994,17.238407171177382,1
2227,Branch_2634,7772,7867,43.78283712784589,1
2228,Branch_2635,1865,1935,30.740854595757764,1
2229,Branch_2636,3933,4004,50.53057099545225,1
2230,Branch_2637,2984,4061,76.68711656441718,1
2231,Branch_2638,3124,4004,892.8571428571429,1
2232,Branch_2639,3124,4061,1265.8227848101267,1
2233,Branch_2640,2948,3840,56.14823133071308,1
2234,Branch_2641,7993,7994,37.835792659856224,1
2235,Branch_2642,7993,8226,33.9097999321804,1
2236,Branch_2643,8226,8407,38.955979742890534,1
2237,Branch_2644,7844,8250,31.645569620253166,1
2238,Branch_2647,3673,3840,2000.0,1
2239,Branch_2648,2846,3076,188.32391713747646,1
2240,Branch_2649,2846,3673,62.814070351758794,1
2241,Branch_2650,3076,3813,74.23904974016332,1
2242,Branch_2651,3431,3813,129.19896640826875,1
2243,Branch_2652,2821,3431,606.060606060606,1
2244,Branch_2653,2821,4294,387.5968992248062,1
2245,Branch_2654,2717,2821,259.7402597402597,1
2246,Branch_2655,3076,3932,128.53470437017995,1
2247,Branch_2656,3187,3932,118.48341232227489,1
2248,Branch_2657,2927,3076,220.7505518763797,1
2249,Branch_2658,2927,4395,114.41647597254004,1
2250,Branch_2659,2927,4064,220.7505518763797,1
2251,Branch_2661,7972,8202,64.18485237483954,1
2252,Branch_2662,3672,3841,2000.0,1
2253,Branch_2663,2845,3076,188.32391713747646,1
2254,Branch_2664,2845,3672,62.814070351758794,1
2255,Branch_2665,3076,3812,76.4525993883792,1
2256,Branch_2666,3432,3812,129.87012987012986,1
2257,Branch_2667,2822,3432,432.9004329004329,1
2258,Branch_2668,2822,4295,387.5968992248062,1
2259,Branch_2669,2717,2822,259.7402597402597,1
2260,Branch_2670,3076,3931,128.53470437017995,1
2261,Branch_2671,3187,3931,118.48341232227489,1
2262,Branch_2672,2928,3076,220.7505518763797,1
2263,Branch_2673,2928,4394,114.41647597254004,1
2264,Branch_2674,2928,4063,220.7505518763797,1
2265,Branch_2676,3512,3840,45.31037607612143,1
2266,Branch_2677,3439,3512,139.4700139470014,1
2267,Branch_2678,2886,3628,192.30769230769232,1
2268,Branch_2679,2886,3512,76.74597083653109,1
2269,Branch_2680,7687,8907,131.23359580052494,1
2270,Branch_2681,6071,6299,259.7402597402597,1
2271,Branch_2683,7734,8115,35.91954022988506,1
2272,Branch_2684,3513,3841,44.24778761061947,1
2273,Branch_2685,3438,3513,139.4700139470014,1
2274,Branch_2686,2885,3513,75.7002271006813,1
2275,Branch_2687,8396,8436,92.42144177449168,1
2276,Branch_2688,8420,8436,33.5345405767941,1
2277,Branch_2689,8396,8582,90.25270758122744,1
2278,Branch_2690,8420,8696,21.34471718249733,1
2279,Branch_2691,8582,8617,24.342745861733203,1
2280,Branch_2692,8617,8696,35.86800573888092,1
2281,Branch_2701,8582,8589,1492.5373134328358,1
2282,Branch_2702,7750,8224,33.87533875338753,1
2283,Branch_2703,7750,8024,19.286403085824492,1
2284,Branch_2708,8273,8791,30.807147258163894,1
2285,Branch_2709,7803,8791,1190.4761904761904,1
2286,Branch_2710,8791,8810,1351.3513513513512,1
2287,Branch_2711,8749,8810,65.96306068601584,1
2288,Branch_2713,8024,8862,42.716787697565145,1
2289,Branch_2714,8862,8907,1388.888888888889,1
2290,Branch_2715,8224,8491,2000.0,1
2291,Branch_2716,8491,8546,28.92681515765114,1
2292,Branch_2717,8273,8546,56.46527385657821,1
2293,Branch_2718,8543,8848,2000.0,1
2294,Branch_2719,8420,8552,289.01734104046244,1
2295,Branch_2721,8029,8787,42.42681374628766,1
2296,Branch_2722,8636,8787,172.41379310344828,1
2297,Branch_2723,8201,8395,31.826861871419478,1
2298,Branch_2725,7808,8201,65.74621959237344,1
2299,Branch_2726,8395,8582,207.0393374741201,1
2300,Branch_2727,7808,8884,34.57814661134163,1
2301,Branch_2728,7985,8420,95.69377990430623,1
2302,Branch_2729,7985,8436,51.62622612287042,1
2303,Branch_2730,8436,8582,45.97701149425287,1
2304,Branch_2731,8029,8393,40.22526146419952,1
2305,Branch_2732,8392,8393,103.62694300518135,1
2306,Branch_2733,8444,8573,173.61111111111111,1
2307,Branch_2734,7822,8444,27.731558513588464,1
2308,Branch_2736,8573,8884,28.74389192296637,1
2309,Branch_2737,8393,8788,268.81720430107526,1
2310,Branch_2738,7861,8398,2000.0,1
2311,Branch_2739,7822,8582,175.7469244288225,1
2312,Branch_2740,8399,8420,105.04201680672269,1
2313,Branch_2741,7852,7897,11.530035743110803,1
2314,Branch_2742,7934,8434,81.43322475570032,1
2315,Branch_2743,7687,7897,118.62396204033215,1
2316,Branch_2744,7898,8434,116.0092807424594,1
2317,Branch_2745,7934,8024,102.24948875255623,1
2318,Branch_2747,7897,8862,2000.0,1
2319,Branch_2748,7850,8434,15.377518068583731,1
2320,Branch_2749,8080,8385,99.50248756218906,1
2321,Branch_2750,8186,8385,26.448029621793175,1
2322,Branch_2752,8544,8718,67.24949562878278,1
2323,Branch_2753,8420,8885,16.49620587264929,1
2324,Branch_2754,8718,8848,19.256691700365877,1
2325,Branch_2755,8545,8885,32.59452411994785,1
2326,Branch_2758,8394,8420,227.79043280182233,1
2327,Branch_2759,8337,8394,28.336639274582033,1
2328,Branch_2760,8482,8731,349.65034965034965,1
2329,Branch_2761,8337,8731,27.114967462039047,1
2330,Branch_2765,8420,8455,74.73841554559043,1
2331,Branch_2766,8455,8654,266.6666666666667,1
2332,Branch_2767,8457,8544,14.539110206455366,1
2333,Branch_2768,8545,8717,67.24949562878278,1
2334,Branch_2771,8457,8654,349.65034965034965,1
2335,Branch_2773,8717,8848,19.256691700365877,1
2336,Branch_2774,2178,2420,30.543677458766034,1
2337,Branch_2775,7925,8196,316.45569620253167,1
2338,Branch_2776,7915,8771,140.64697609001408,1
2339,Branch_2778,7915,8592,71.17437722419929,1
2340,Branch_2779,7915,8196,448.4304932735426,1
2341,Branch_2780,8143,8399,171.82130584192439,1
2342,Branch_2781,8143,8144,2000.0,1
2343,Branch_2782,7925,8196,892.8571428571429,1
2344,Branch_2783,8143,8145,2000.0,1
2345,Branch_2784,8143,8592,88.73114463176574,1
2346,Branch_2785,8482,8519,1785.7142857142858,1
2347,Branch_2786,8047,8398,51.51983513652756,1
2348,Branch_2787,8047,8459,75.35795026375283,1
2349,Branch_2788,8459,8482,1587.3015873015872,1
2350,Branch_2789,8458,8482,1587.3015873015872,1
2351,Branch_2790,8398,8458,30.03003003003003,1
2352,Branch_2791,8582,8593,324.6753246753247,1
2353,Branch_2792,4417,9635,7.468817686160281,1
2354,Branch_2793,9276,9635,17.006802721088434,1
2355,Branch_2794,8582,8594,324.6753246753247,1
2356,Branch_2795,8024,8888,17.975912277548087,1
2357,Branch_2796,8453,8482,30.98853424233034,1
2358,Branch_2797,8453,8771,534.75935828877,1
2359,Branch_2798,8420,8504,26.089225150013046,1
2360,Branch_2799,8504,8510,26.35740643120717,1
2361,Branch_2800,1828,2252,22.660321776569226,1
2362,Branch_2803,9001,9278,45.87155963302752,1
2363,Branch_2804,5904,8888,10.463534581981794,1
2364,Branch_2805,9001,9276,46.403712296983755,1
2365,Branch_2806,9276,9634,53.44735435595938,1
2366,Branch_2807,8977,9634,2000.0,1
2367,Branch_2808,8888,8889,2000.0,1
2368,Branch_2809,8749,8889,39.87240829346093,1
2369,Branch_2810,9169,9278,70.4225352112676,1
2370,Branch_2811,9169,9184,44.20866489832007,1
2371,Branch_2812,2248,2446,138.50415512465375,1
2372,Branch_2813,9170,9276,70.4225352112676,1
2373,Branch_2814,9051,9170,243.90243902439025,1
2374,Branch_2815,9051,9184,43.421623968736434,1
2375,Branch_2816,9236,9278,35.574528637495554,1
2376,Branch_2817,1784,2210,64.85084306095979,1
2377,Branch_2818,2959,3697,28.1135788585887,1
2378,Branch_2819,2959,4541,214.59227467811158,1
2379,Branch_2820,3359,4417,13.539128080151638,1
2380,Branch_2821,3359,3548,282.4858757062147,1
2381,Branch_2822,3359,4541,18.66019779809666,1
2382,Branch_2823,3697,4847,1176.4705882352941,1
2383,Branch_2824,2817,2948,101.5228426395939,1
2384,Branch_2825,2686,3686,400.0,1
2385,Branch_2826,2817,4715,200.0,1
2386,Branch_2827,2686,3158,38.49114703618168,1
2387,Branch_2828,3158,4715,28.555111364934323,1
2388,Branch_2829,4122,4715,200.0,1
2389,Branch_2831,1953,2595,45.80852038479157,1
2390,Branch_2832,2816,2948,101.5228426395939,1
2391,Branch_2833,3157,3686,34.55425017277125,1
2392,Branch_2834,3157,4713,21.299254526091588,1
2393,Branch_2836,2816,4713,60.42296072507553,1
2394,Branch_2837,3218,4451,156.98587127158555,1
2395,Branch_2838,3204,4451,109.40919037199124,1
2396,Branch_2839,2948,3218,78.125,1
2397,Branch_2840,3788,3947,2000.0,1
2398,Branch_2841,3204,3947,192.67822736030828,1
2399,Branch_2842,1725,1732,18.24484583105273,1
2400,Branch_2843,6172,6257,42.973785990545764,1
2401,Branch_2844,3913,4500,122.54901960784314,1
2402,Branch_2845,3587,4783,2000.0,1
2403,Branch_2846,3959,4783,95.51098376313276,1
2404,Branch_2847,3927,3959,167.78523489932886,1
2405,Branch_2848,3927,4008,181.8181818181818,1
2406,Branch_2849,8029,8572,109.2896174863388,1
2407,Branch_2850,7844,8029,9.523809523809524,1
2408,Branch_2851,8065,8260,1250.0,1
2409,Branch_2853,3080,3777,54.734537493158186,1
2410,Branch_2854,3216,3777,546.448087431694,1
2411,Branch_2856,8029,8704,19.774569903104606,1
2412,Branch_2858,5849,5904,19.48178453146308,1
2413,Branch_2859,5849,6239,45.289855072463766,1
2414,Branch_2860,6239,7766,17.301038062283737,1
2415,Branch_2861,7766,7988,64.06149903907752,1
2416,Branch_2862,7988,8097,10.453690152623876,1
2417,Branch_2863,8001,8097,27.862914460852604,1
2418,Branch_2864,7859,8259,1000.0,1
2419,Branch_2865,5906,6371,26.852846401718583,1
2420,Branch_2866,5907,6371,26.852846401718583,1
2421,Branch_2867,7751,8259,67.93478260869566,1
2422,Branch_2868,6476,6589,6.019020103527146,1
2423,Branch_2869,5961,6589,18.6046511627907,1
2424,Branch_2870,5904,6476,81.03727714748784,1
2425,Branch_2871,5785,5904,17.1909919202338,1
2426,Branch_2872,1731,1796,43.6871996505024,1
2427,Branch_2873,5785,6440,2000.0,1
2428,Branch_2874,6006,6170,186.21973929236498,1
2429,Branch_2875,6006,6440,22.08968411751712,1
2430,Branch_2876,8482,8542,29.886431560071728,1
2431,Branch_2877,8542,8848,63.13131313131313,1
2432,Branch_2878,8482,8848,21.547080370609784,1
2433,Branch_2879,6165,6341,21.321961620469082,1
2434,Branch_2880,7919,8024,219.78021978021977,1
2435,Branch_2881,7919,8606,35.61253561253561,1
2436,Branch_2882,6175,8606,10.311404413281089,1
2437,Branch_2885,2796,4795,19.557989438685702,1
2438,Branch_2886,8014,8438,793.6507936507936,1
2439,Branch_2887,7979,8795,471.6981132075472,1
2440,Branch_2888,8796,8818,28.793550244745177,1
2441,Branch_2889,7814,8115,68.7757909215956,1
2442,Branch_2890,7814,8795,53.648068669527895,1
2443,Branch_2891,7812,7814,118.76484560570071,1
2444,Branch_2893,8437,8438,272.47956403269757,1
2445,Branch_2894,8795,8818,709.2198581560284,1
2446,Branch_2895,8003,8440,29.647198339756894,1
2447,Branch_2896,8752,8796,30.91190108191654,1
2448,Branch_2897,2563,2624,100.0,1
2449,Branch_2898,3079,3933,72.04610951008645,1
2450,Branch_2899,3079,3776,54.734537493158186,1
2451,Branch_2900,3216,3776,546.448087431694,1
2452,Branch_2902,3317,4508,153.84615384615384,1
2453,Branch_2904,3686,4508,35.27336860670194,1
2454,Branch_2905,3796,4508,127.8772378516624,1
2455,Branch_2906,3317,4779,207.4688796680498,1
2456,Branch_2909,2781,2935,1111.111111111111,1
2457,Branch_2910,2781,2936,1111.111111111111,1
2458,Branch_2911,2687,3686,505.050505050505,1
2459,Branch_2912,3795,3864,123.45679012345678,1
2460,Branch_2913,3316,3864,153.37423312883436,1
2461,Branch_2914,2687,3864,37.69317753486619,1
2462,Branch_2915,3316,4779,207.4688796680498,1
2463,Branch_2918,2221,2222,33.3000333000333,1
2464,Branch_2919,3899,4779,38.051750380517504,1
2465,Branch_2920,3899,4618,273.224043715847,1
2466,Branch_2921,3898,4618,273.224043715847,1
2467,Branch_2922,3898,4929,99.10802775024777,1
2468,Branch_2923,4641,4929,122.85012285012284,1
2469,Branch_2924,4198,4641,2000.0,1
2470,Branch_2925,4198,4930,122.85012285012284,1
2471,Branch_2926,4779,4930,51.92107995846314,1
2472,Branch_2927,4618,4738,61.42506142506142,1
2473,Branch_2928,3308,4702,42.69854824935952,1
2474,Branch_2929,4702,4738,56.49717514124294,1
2475,Branch_2930,3308,4273,71.73601147776183,1
2476,Branch_2931,4726,4738,2000.0,1
2477,Branch_2934,4618,4737,61.42506142506142,1
2478,Branch_2935,3307,4737,24.993751562109473,1
2479,Branch_2937,4727,4737,2000.0,1
2480,Branch_2938,2749,3307,172.41379310344828,1
2481,Branch_2939,2749,4273,122.24938875305624,1
2482,Branch_2940,2749,4985,2000.0,1
2483,Branch_2942,3426,3686,22.88329519450801,1
2484,Branch_2943,3516,5153,43.29004329004329,1
2485,Branch_2944,3426,3516,64.18485237483954,1
2486,Branch_2946,3686,4618,45.578851412944395,1
2487,Branch_2948,3582,3686,432.9004329004329,1
2488,Branch_2949,3582,4618,50.94243504839531,1
2489,Branch_2950,3582,3962,2000.0,1
2490,Branch_2952,6853,7423,45.12635379061372,1
2491,Branch_2955,6254,6373,25.806451612903224,1
2492,Branch_2956,6175,6401,18.681113394358302,1
2493,Branch_2957,5841,5854,148.3679525222552,1
2494,Branch_2958,5841,6373,409.8360655737705,1
2495,Branch_2959,5841,6401,13.426423200859292,1
2496,Branch_2960,6393,6401,18.733608092918697,1
2497,Branch_2962,3347,4501,63.89776357827476,1
2498,Branch_2963,3347,3681,269.54177897574124,1
2499,Branch_2964,2717,3347,359.71223021582733,1
2500,Branch_2967,3491,4501,66.53359946773121,1
2501,Branch_2968,2717,3491,1612.9032258064517,1
2502,Branch_2969,2860,6232,17.36714136853074,1
2503,Branch_2970,6231,6257,55.67928730512249,1
2504,Branch_2971,3440,4346,65.83278472679395,1
2505,Branch_2972,3640,4465,478.4688995215311,1
2506,Branch_2973,3996,4465,191.20458891013385,1
2507,Branch_2974,3474,4346,84.88964346349745,1
2508,Branch_2975,4037,4501,110.98779134295228,1
2509,Branch_2976,4037,5110,144.3001443001443,1
2510,Branch_2977,3996,4037,131.75230566534916,1
2511,Branch_2978,3956,3996,151.74506828528072,1
2512,Branch_2979,3440,4465,89.20606601248885,1
2513,Branch_2980,2717,4501,123.76237623762377,1
2514,Branch_2981,2717,4501,125.94458438287154,1
2515,Branch_2982,2717,3492,2000.0,1
2516,Branch_2983,2173,2613,38.71467286101432,1
2517,Branch_2984,3168,3933,175.7469244288225,1
2518,Branch_2985,2944,3517,52.11047420531527,1
2519,Branch_2986,2944,3168,27.495188342040144,1
2520,Branch_2987,4286,4501,114.5475372279496,1
2521,Branch_2988,3640,3995,131.75230566534916,1
2522,Branch_2989,4286,5111,144.3001443001443,1
2523,Branch_2990,3995,4286,123.15270935960591,1
2524,Branch_2991,3955,3995,151.74506828528072,1
2525,Branch_2992,3553,4729,25.980774227071965,1
2526,Branch_2993,3553,4812,18.040772145047807,1
2527,Branch_2994,7850,8263,40.27386226339106,1
2528,Branch_2996,8634,8907,64.22607578676943,1
2529,Branch_2997,8263,8634,33.97893306150187,1
2530,Branch_2998,8202,8351,89.20606601248885,1
2531,Branch_2999,3740,4925,48.87585532746823,1
2532,Branch_3000,3645,4925,869.5652173913044,1
2533,Branch_3001,3253,3589,39.61965134706814,1
2534,Branch_3002,3034,3928,144.7178002894356,1
2535,Branch_3003,3928,4009,181.8181818181818,1
2536,Branch_3004,3034,3696,103.09278350515464,1
2537,Branch_3005,3589,3696,507.61421319796955,1
2538,Branch_3008,3680,3960,485.43689320388347,1
2539,Branch_3009,2717,3960,263.1578947368421,1
2540,Branch_3010,8326,8691,21.50537634408602,1
2541,Branch_3011,8386,8387,862.0689655172414,1
2542,Branch_3012,8298,8691,101.9367991845056,1
2543,Branch_3013,3248,3947,649.3506493506494,1
2544,Branch_3014,3248,4490,877.1929824561404,1
2545,Branch_3015,7797,8300,29.533372711163615,1
2546,Branch_3016,7747,7872,373.13432835820896,1
2547,Branch_3017,8461,8470,1351.3513513513512,1
2548,Branch_3018,7805,7853,37.243947858473,1
2549,Branch_3019,7748,7771,16.515276630883566,1
2550,Branch_3020,8023,8072,31.938677738741617,1
2551,Branch_3021,7771,7805,2000.0,1
2552,Branch_3022,8023,8777,23.803856224708404,1
2553,Branch_3023,7795,8777,1492.5373134328358,1
2554,Branch_3024,7771,8876,18.646280067126607,1
2555,Branch_3025,7771,8086,160.25641025641025,1
2556,Branch_3026,7805,8072,62.266500622665006,1
2557,Branch_3027,7872,8877,421.9409282700422,1
2558,Branch_3028,8023,8368,17.796760989499912,1
2559,Branch_3029,7734,8878,454.54545454545456,1
2560,Branch_3030,8876,8878,425.531914893617,1
2561,Branch_3031,7895,8878,2000.0,1
2562,Branch_3036,7771,7806,1886.7924528301887,1
2563,Branch_3037,8300,8390,434.7826086956522,1
2564,Branch_3038,7746,7895,478.4688995215311,1
2565,Branch_3039,8778,8826,125.31328320802005,1
2566,Branch_3040,8715,8727,19.63093835885355,1
2567,Branch_3041,7836,8715,23.946360153256705,1
2568,Branch_3042,7836,8541,22.114108801415302,1
2569,Branch_3043,8326,8541,45.16711833785005,1
2570,Branch_3044,2141,2386,36.79175864606328,1
2571,Branch_3045,3697,4070,19.849146486701073,1
2572,Branch_3046,4070,4453,389.10505836575874,1
2573,Branch_3047,4070,4459,13.563000135630002,1
2574,Branch_3048,3782,4453,13.657470636438132,1
2575,Branch_3050,3697,4846,1176.4705882352941,1
2576,Branch_3053,4417,4459,26.53927813163482,1
2577,Branch_3054,2747,4531,31.113876789047914,1
2578,Branch_3055,2747,4403,2000.0,1
2579,Branch_3056,2223,2229,24.582104228121928,1
2580,Branch_3057,8278,8826,584.7953216374269,1
2581,Branch_3058,4417,5150,47.34848484848485,1
2582,Branch_3059,3498,5150,141.84397163120568,1
2583,Branch_3060,3500,4484,15.453562046051616,1
2584,Branch_3061,2874,4484,17.985611510791365,1
2585,Branch_3063,3742,4417,13.157894736842104,1
2586,Branch_3064,3742,9098,6.531252041016263,1
2587,Branch_3066,3782,4403,35.99712023038157,1
2588,Branch_3067,1863,2231,34.141345168999656,1
2589,Branch_3068,3640,3964,101.6260162601626,1
2590,Branch_3069,3628,3964,58.8235294117647,1
2591,Branch_3070,3456,3640,38.47633705271258,1
2592,Branch_3071,3456,4492,961.5384615384615,1
2593,Branch_3072,8300,8355,245.7002457002457,1
2594,Branch_3073,6003,6201,41.01722723543888,1
2595,Branch_3074,3549,4110,61.34969325153374,1
2596,Branch_3075,3640,3669,73.31378299120234,1
2597,Branch_3076,3669,4525,117.9245283018868,1
2598,Branch_3077,3669,4110,131.92612137203167,1
2599,Branch_3078,3497,3549,130.54830287206266,1
2600,Branch_3079,3497,4779,130.54830287206266,1
2601,Branch_3080,3789,4780,2000.0,1
2602,Branch_3081,4525,4781,29.04443799012489,1
2603,Branch_3082,3947,4781,2000.0,1
2604,Branch_3083,4251,4779,116.95906432748538,1
2605,Branch_3084,3790,3947,2000.0,1
2606,Branch_3085,3790,4251,74.1839762611276,1
2607,Branch_3086,3496,4109,41.98152812762385,1
2608,Branch_3087,2904,3640,75.41478129713424,1
2609,Branch_3088,3628,4524,44.563279857397504,1
2610,Branch_3089,2904,4524,117.9245283018868,1
2611,Branch_3090,2904,4109,132.80212483399734,1
2612,Branch_3091,3496,4779,180.50541516245488,1
2613,Branch_3092,3933,4252,52.52100840336134,1
2614,Branch_3093,3268,3985,131.75230566534916,1
2615,Branch_3094,3268,4252,38.255547054322875,1
2616,Branch_3095,3558,4455,176.05633802816902,1
2617,Branch_3096,3558,3984,136.4256480218281,1
2618,Branch_3097,2733,3517,374.53183520599254,1
2619,Branch_3098,3231,4455,221.23893805309734,1
2620,Branch_3099,3984,4031,125.62814070351759,1
2621,Branch_3100,3231,4766,185.5287569573284,1
2622,Branch_3101,2829,4766,89.44543828264759,1
2623,Branch_3102,2733,4031,115.47344110854503,1
2624,Branch_3105,2952,4246,111.73184357541899,1
2625,Branch_3106,4008,4246,104.0582726326743,1
2626,Branch_3107,3495,3640,133.33333333333334,1
2627,Branch_3108,2952,3495,153.84615384615384,1
2628,Branch_3109,4009,4247,103.95010395010395,1
2629,Branch_3110,3640,4247,43.55400696864111,1
2630,Branch_3111,2247,2248,92.67840593141798,1
2631,Branch_3112,2734,3517,374.53183520599254,1
2632,Branch_3113,3985,4030,125.62814070351759,1
2633,Branch_3114,2734,4030,115.47344110854503,1
2634,Branch_3115,7772,8615,36.96857670979667,1
2635,Branch_3116,7927,8615,1298.7012987012988,1
2636,Branch_3118,8236,8615,675.6756756756756,1
2637,Branch_3120,8158,8236,31.104199066874028,1
2638,Branch_3121,8158,8429,19.584802193497847,1
2639,Branch_3122,8326,8429,18.21161901293025,1
2640,Branch_3123,5782,6308,47.192071731949035,1
2641,Branch_3124,6504,9182,10.382059800664452,1
2642,Branch_3125,6504,6523,29.18855808523059,1
2643,Branch_3126,5782,6523,2000.0,1
2644,Branch_3127,5788,6255,259.7402597402597,1
2645,Branch_3128,6080,6255,92.7643784786642,1
2646,Branch_3129,5782,6080,173.61111111111111,1
2647,Branch_3130,2104,2247,45.97701149425287,1
2648,Branch_3131,7783,7999,103.30578512396694,1
2649,Branch_3132,7772,7783,49.62779156327544,1
2650,Branch_3133,7757,7783,20.0,1
2651,Branch_3134,4065,4532,869.5652173913044,1
2652,Branch_3135,3077,4532,313.47962382445144,1
2653,Branch_3136,4532,4587,44.9842555105713,1
2654,Branch_3137,3725,4254,122.85012285012284,1
2655,Branch_3138,3038,3640,92.08103130755065,1
2656,Branch_3139,3725,4469,60.09615384615385,1
2657,Branch_3140,3736,4469,153.60983102918587,1
2658,Branch_3141,3736,4166,129.87012987012986,1
2659,Branch_3142,4254,4587,172.1170395869191,1
2660,Branch_3143,3038,3736,2000.0,1
2661,Branch_3144,3077,3524,704.2253521126761,1
2662,Branch_3145,3524,4008,108.57763300760044,1
2663,Branch_3146,5849,6026,56.08524957936063,1
2664,Branch_3147,5920,6026,20.036064916850332,1
2665,Branch_3148,5920,6308,32.62642740619902,1
2666,Branch_3149,5788,6170,108.22510822510823,1
2667,Branch_3150,2692,6423,94.07337723424271,1
2668,Branch_3151,8940,9258,98.81422924901186,1
2669,Branch_3152,9238,9258,127.7139208173691,1
2670,Branch_3153,9001,9162,228.83295194508008,1
2671,Branch_3154,8940,9184,70.8215297450425,1
2672,Branch_3155,9162,9238,2000.0,1
2673,Branch_3156,9001,9470,40.600893219650835,1
2674,Branch_3157,9001,9236,103.19917440660474,1
2675,Branch_3158,8003,8115,14.925373134328359,1
2676,Branch_3159,8164,8366,14.332807797047442,1
2677,Branch_3160,8485,8619,99.60159362549801,1
2678,Branch_3164,8164,8485,427.35042735042737,1
2679,Branch_3165,8118,8619,268.81720430107526,1
2680,Branch_3166,8118,8799,56.49717514124294,1
2681,Branch_3167,8080,8799,35.98416696653472,1
2682,Branch_3168,7802,8799,123.45679012345678,1
2683,Branch_3169,8080,8741,268.81720430107526,1
2684,Branch_3170,8241,8765,68.07351940095303,1
2685,Branch_3171,8486,8765,24.975024975024976,1
2686,Branch_3172,7693,8765,265.9574468085106,1
2687,Branch_3175,8120,8486,85.1063829787234,1
2688,Branch_3176,8120,8255,1388.888888888889,1
2689,Branch_3177,8057,8255,387.5968992248062,1
2690,Branch_3178,8057,8366,27.151778441487917,1
2691,Branch_3180,7757,7865,21.805494984736153,1
2692,Branch_3181,8241,8426,925.925925925926,1
2693,Branch_3182,7865,8426,15.295197308045275,1
2694,Branch_3183,7733,8080,75.98784194528875,1
2695,Branch_3186,8241,8766,70.12622720897616,1
2696,Branch_3187,8766,8800,40.22526146419952,1
2697,Branch_3188,7692,8766,265.9574468085106,1
2698,Branch_3189,7733,8800,68.3526999316473,1
2699,Branch_3190,7800,8800,123.45679012345678,1
2700,Branch_3191,8241,8427,925.925925925926,1
2701,Branch_3192,7757,7959,9.693679720822024,1
2702,Branch_3193,8427,8507,22.9147571035747,1
2703,Branch_3194,7959,8507,71.94244604316546,1
2704,Branch_3195,7755,8277,16.96928559307653,1
2705,Branch_3196,8630,8741,215.05376344086022,1
2706,Branch_3197,7716,8080,74.8502994011976,1
2707,Branch_3198,7717,8741,103.84215991692628,1
2708,Branch_3199,8630,8647,448.4304932735426,1
2709,Branch_3200,8647,8780,43.271311120726956,1
2710,Branch_3201,7755,8780,52.2466039707419,1
2711,Branch_3202,1817,2225,37.67897513187641,1
2712,Branch_3203,8040,8042,144.3001443001443,1
2713,Branch_3204,8033,8197,442.4778761061947,1
2714,Branch_3205,8042,8189,121.95121951219512,1
2715,Branch_3206,8028,8040,144.3001443001443,1
2716,Branch_3207,8042,8197,56.306306306306304,1
2717,Branch_3209,8033,8798,35.97122302158273,1
2718,Branch_3210,6175,8798,13.515339910798756,1
2719,Branch_3211,6170,6175,7.5947444368497,1
2720,Branch_3214,7798,8069,58.75440658049354,1
2721,Branch_3215,7798,8015,386.1003861003861,1
2722,Branch_3216,7757,8015,74.12898443291327,1
2723,Branch_3217,8024,8596,51.733057423693744,1
2724,Branch_3218,8033,8596,21.128248468201985,1
2725,Branch_3219,2206,2262,73.63770250368188,1
2726,Branch_3220,7757,7939,122.24938875305624,1
2727,Branch_3221,7939,8533,22.794620469569182,1
2728,Branch_3222,7910,8195,2000.0,1
2729,Branch_3223,8397,8695,110.49723756906077,1
2730,Branch_3224,7756,8195,20.903010033444815,1
2731,Branch_3225,8695,8753,27.06359945872801,1
2732,Branch_3226,7910,8397,387.5968992248062,1
2733,Branch_3227,8033,8753,9.311853990129435,1
2734,Branch_3228,7756,8887,68.07351940095303,1
2735,Branch_3230,7977,8754,17.674089784376104,1
2736,Branch_3231,8754,8870,19.164430816404753,1
2737,Branch_3232,7977,8897,17.46419839329375,1
2738,Branch_3233,8870,8887,80.45052292839904,1
2739,Branch_3234,8033,8198,13.392259274139548,1
2740,Branch_3235,8198,8538,12.19809709685289,1
2741,Branch_3237,8538,8897,24.993751562109473,1
2742,Branch_3238,8367,8441,28.312570781426952,1
2743,Branch_3239,8441,8533,24.449877750611247,1
2744,Branch_3240,8533,8578,2000.0,1
2745,Branch_3241,2532,2678,51.124744376278116,1
2746,Branch_3242,8322,8339,182.81535648994515,1
2747,Branch_3243,8322,8338,182.81535648994515,1
2748,Branch_3244,8322,8400,1250.0,1
2749,Branch_3246,8622,8623,813.0081300813008,1
2750,Branch_3247,8622,8624,813.0081300813008,1
2751,Branch_3248,3947,4780,2000.0,1
2752,Branch_3249,3435,4780,35.486160397445,1
2753,Branch_3250,3480,4779,163.9344262295082,1
2754,Branch_3251,3480,4264,500.0,1
2755,Branch_3252,3321,3480,57.2737686139748,1
2756,Branch_3253,3321,3435,99.9000999000999,1
2757,Branch_3254,2027,2069,146.19883040935673,1
2758,Branch_3255,6172,6173,34.39972480220158,1
2759,Branch_3256,7681,8064,313.47962382445144,1
2760,Branch_3257,7734,8064,58.8235294117647,1
2761,Branch_3258,7926,8064,88.41732979664015,1
2762,Branch_3259,7757,7926,36.95491500369549,1
2763,Branch_3260,7681,7781,900.9009009009009,1
2764,Branch_3261,8478,8488,2000.0,1
2765,Branch_3262,7823,8029,34.746351633078525,1
2766,Branch_3263,7823,8428,37.105751391465674,1
2767,Branch_3264,8428,8478,47.596382674916704,1
2768,Branch_3265,8165,8500,60.27727546714888,1
2769,Branch_3266,8383,8500,58.99705014749262,1
2770,Branch_3267,8165,8478,30.175015087507543,1
2771,Branch_3268,7909,8029,10.539629005059021,1
2772,Branch_3269,7909,8383,28.57959416976279,1
2773,Branch_3270,7682,7891,199.6007984031936,1
2774,Branch_3271,7734,7891,66.62225183211193,1
2775,Branch_3272,7872,7891,371.74721189591077,1
2776,Branch_3273,7928,8603,149.47683109118086,1
2777,Branch_3275,8603,8825,94.07337723424271,1
2778,Branch_3276,3468,4871,14.596409283316305,1
2779,Branch_3277,3083,4871,19.175455417066154,1
2780,Branch_3278,7732,7987,56.433408577878104,1
2781,Branch_3279,7732,7928,63.89776357827476,1
2782,Branch_3280,8071,8655,58.927519151443725,1
2783,Branch_3281,7732,7982,2000.0,1
2784,Branch_3282,7987,8071,386.1003861003861,1
2785,Branch_3283,7987,8087,174.52006980802793,1
2786,Branch_3285,8277,8655,22.016732716864816,1
2787,Branch_3287,7834,8080,156.98587127158555,1
2788,Branch_3288,7789,7877,70.27406886858749,1
2789,Branch_3289,7834,7877,72.09805335255948,1
2790,Branch_3290,7789,8518,74.73841554559043,1
2791,Branch_3291,7786,8518,141.643059490085,1
2792,Branch_3296,7928,8281,301.2048192771084,1
2793,Branch_3297,7734,8281,193.7984496124031,1
2794,Branch_3298,7869,8281,303.951367781155,1
2795,Branch_3299,7734,7868,495.0495049504951,1
2796,Branch_3300,7928,8069,35.1493848857645,1
2797,Branch_3301,8326,8367,235.8490566037736,1
2798,Branch_3303,8333,8549,27.548209366391184,1
2799,Branch_3304,8549,8856,20.43318348998774,1
2800,Branch_3306,8326,8379,751.8796992481203,1
2801,Branch_3308,6194,6258,80.84074373484236,1
2802,Branch_3309,3749,4160,307.6923076923077,1
2803,Branch_3310,3468,3749,60.56935190793458,1
2804,Branch_3311,3662,3749,156.73981191222572,1
2805,Branch_3312,2740,4368,89.52551477170994,1
2806,Branch_3313,4169,4263,21.477663230240548,1
2807,Branch_3314,3662,4368,53.937432578209275,1
2808,Branch_3315,2740,4169,22.716946842344388,1
2809,Branch_3317,7749,8092,154.5595054095827,1
2810,Branch_3318,7749,8479,33.62474781439139,1
2811,Branch_3319,8479,8768,47.86979415988511,1
2812,Branch_3320,8456,8768,507.61421319796955,1
2813,Branch_3321,7734,8456,8.753501400560225,1
2814,Branch_3322,7794,8768,33.62474781439139,1
2815,Branch_3323,7749,8367,142.2475106685633,1
2816,Branch_3324,8093,8326,53.937432578209275,1
2817,Branch_3325,8326,8367,204.49897750511246,1
2818,Branch_3326,7734,7896,552.4861878453039,1
2819,Branch_3327,7946,8379,2000.0,1
2820,Branch_3329,7947,8379,2000.0,1
2821,Branch_3331,7757,8856,21.299254526091588,1
2822,Branch_3332,2041,2417,51.75983436853002,1
2823,Branch_3333,8245,8825,151.9756838905775,1
2824,Branch_3334,8245,8604,268.81720430107526,1
2825,Branch_3335,7734,8604,141.643059490085,1
2826,Branch_3336,8362,8602,30.56234718826406,1
2827,Branch_3338,7755,8362,2000.0,1
2828,Branch_3340,8411,8602,62.53908692933083,1
2829,Branch_3342,8411,8825,48.732943469785575,1
2830,Branch_3343,1921,2398,2000.0,1
2831,Branch_3345,2874,5153,9.49397132820659,1
2832,Branch_3346,7824,8149,49.115913555992144,1
2833,Branch_3347,7889,8148,236.96682464454977,1
2834,Branch_3348,7889,8029,16.220600162206,1
2835,Branch_3349,7712,7773,103.09278350515464,1
2836,Branch_3350,7773,8148,2000.0,1
2837,Branch_3351,7773,8149,2000.0,1
2838,Branch_3352,7889,8367,704.2253521126761,1
2839,Branch_3353,1857,2458,37.92188092529389,1
2840,Branch_3354,8277,8825,45.433893684688776,1
2841,Branch_3355,9149,9184,38.08073115003808,1
2842,Branch_3356,9137,9149,71.22507122507122,1
2843,Branch_3357,9149,9192,181.15942028985506,1
2844,Branch_3358,9082,9298,42.14075010535188,1
2845,Branch_3359,9106,9237,1000.0,1
2846,Branch_3360,9106,9192,82.64462809917356,1
2847,Branch_3361,9237,9298,75.13148009015778,1
2848,Branch_3362,9068,9470,1298.7012987012988,1
2849,Branch_3363,9068,9082,76.39419404125286,1
2850,Branch_3364,7871,8351,2000.0,1
2851,Branch_3366,4163,4417,27.8473962684489,1
2852,Branch_3367,3478,4163,33.433634236041456,1
2853,Branch_3368,3478,9215,30.111412225233362,1
2854,Branch_3369,9004,9215,25.523226135783563,1
2855,Branch_3370,9167,9236,26.014568158168576,1
2856,Branch_3371,9167,9215,66.66666666666667,1
2857,Branch_3372,9082,9271,24.372410431391664,1
2858,Branch_3373,9271,9689,65.06180871828236,1
2859,Branch_3374,9676,9689,38.565368299267256,1
2860,Branch_3375,2002,2608,75.8150113722517,1
2861,Branch_3376,8031,8326,82.03445447087776,1
2862,Branch_3377,8402,8450,78.86435331230284,1
2863,Branch_3378,8031,8402,30.3951367781155,1
2864,Branch_3379,8450,8510,14.007564084605686,1
2865,Branch_3380,8412,8510,17.812611328820804,1
2866,Branch_3381,8326,8412,12.434717731907485,1
2867,Branch_3382,8029,8379,14.887598630340927,1
2868,Branch_3385,8449,8732,134.40860215053763,1
2869,Branch_3386,8384,8433,22.716946842344388,1
2870,Branch_3387,8384,8413,14.755791648221926,1
2871,Branch_3388,8398,8413,18.112660749864155,1
2872,Branch_3389,8433,8732,68.96551724137932,1
2873,Branch_3390,8135,8449,94.07337723424271,1
2874,Branch_3392,8135,8510,892.8571428571429,1
2875,Branch_3393,8401,8510,12.224938875305623,1
2876,Branch_3394,8398,8401,7.723797018614351,1
2877,Branch_3398,2240,2491,87.03220191470844,1
2878,Branch_3399,9190,9236,746.2686567164179,1
2879,Branch_3400,8952,9190,73.1528895391368,1
2880,Branch_3401,8952,9470,59.844404548174744,1
2881,Branch_3402,1795,2170,77.45933384972889,1
2882,Branch_3403,7786,8277,66.2251655629139,1
2883,Branch_3405,8505,8508,63.05170239596469,1
2884,Branch_3406,6003,6173,19.71608832807571,1
2885,Branch_3407,3912,4111,1000.0,1
2886,Branch_3408,7825,8025,13.065064018813692,1
2887,Branch_3409,7742,7825,41.511000415110004,1
2888,Branch_3410,7742,7996,7.2379849449913145,1
2889,Branch_3411,7751,8505,62.893081761006286,1
2890,Branch_3412,3136,3560,52.63157894736842,1
2891,Branch_3413,3560,4654,18.001800180018,1
2892,Branch_3414,7842,7847,10.206164523372117,1
2893,Branch_3415,7847,7879,29.958058717795087,1
2894,Branch_3416,8000,8147,21.77226213803614,1
2895,Branch_3417,7879,8147,9.33184023889511,1
2896,Branch_3418,8147,8152,2000.0,1
2897,Branch_3419,6094,8025,22.82583884957772,1
2898,Branch_3420,5822,6079,10.630381630700542,1
2899,Branch_3421,5822,5855,15.82528881152081,1
2900,Branch_3422,5822,5869,6.0949594685195345,1
2901,Branch_3423,5869,6178,7.5125835774922995,1
2902,Branch_3424,5855,6240,787.4015748031496,1
2903,Branch_3425,6079,6094,12.564392511622064,1
2904,Branch_3427,1930,2257,81.03727714748784,1
2905,Branch_3428,2796,4263,17.65536723163842,1
2906,Branch_3429,7816,7851,23.1000231000231,1
2907,Branch_3430,7709,7883,44.44444444444444,1
2908,Branch_3431,7816,7883,3.785297902944962,1
2909,Branch_3432,7753,7883,4.316484654897052,1
2910,Branch_3434,8971,9135,8.69414014953921,1
2911,Branch_3435,9405,9638,9.406452826639075,1
2912,Branch_3436,9400,9409,44.464206313917295,1
2913,Branch_3437,8954,9400,2000.0,1
2914,Branch_3438,9410,9502,1333.3333333333333,1
2915,Branch_3439,8970,9409,4.625988805107092,1
2916,Branch_3440,9405,9675,17.114495978093444,1
2917,Branch_3441,8970,9675,2000.0,1
2918,Branch_3442,9409,9502,961.5384615384615,1
2919,Branch_3443,9638,9643,18.158707100054475,1
2920,Branch_3446,9135,9270,15.119443604475356,1
2921,Branch_3447,9086,9270,2000.0,1
2922,Branch_3448,9086,9471,4.453747828797933,1
2923,Branch_3449,1967,6062,32.43593902043464,1
2924,Branch_3450,2797,3467,40.17677782241864,1
2925,Branch_3451,3698,4398,3.1986693535489237,1
2926,Branch_3452,2854,4458,5.660911406736485,1
2927,Branch_3453,4398,4458,6.086056843770921,1
2928,Branch_3454,3698,4607,4.543389368468878,1
2929,Branch_3455,4097,4607,8.216926869350862,1
2930,Branch_3456,2855,4402,20.22653721682848,1
2931,Branch_3457,2855,4097,11.987532965715655,1
2932,Branch_3458,1792,2217,28.32058906825262,1
2933,Branch_3459,3468,4654,32.72251308900523,1
2934,Branch_3460,3490,4262,27.359781121751027,1
2935,Branch_3461,7797,7976,26.867275658248253,1
2936,Branch_3462,8992,9194,20.53388090349076,1
2937,Branch_3463,9183,9194,26.364355391510678,1
2938,Branch_3464,8987,9159,9.447331128956069,1
2939,Branch_3465,8992,9212,40.600893219650835,1
2940,Branch_3466,9031,9040,2000.0,1
2941,Branch_3467,9183,9247,10.58873358746294,1
2942,Branch_3468,8986,9212,5.322546306152863,1
2943,Branch_3469,8983,9212,34.566194262011756,1
2944,Branch_3470,9031,9246,41.928721174004195,1
2945,Branch_3471,9159,9246,20.04008016032064,1
2946,Branch_3472,9159,9183,7.347538574577516,1
2947,Branch_3473,7942,8162,94.16195856873823,1
2948,Branch_3474,3083,4431,24.43195699975568,1
2949,Branch_3475,4431,6275,50.76142131979695,1
2950,Branch_3477,4120,4685,140.25245441795232,1
2951,Branch_3478,3441,4685,2000.0,1
2952,Branch_3479,7697,8107,35.12469265893923,1
2953,Branch_3480,7996,8403,3.754599384245701,1
2954,Branch_3481,6202,8403,4.888063349301007,1
2955,Branch_3482,1822,2466,21.753317380900587,1
2956,Branch_3483,5803,6159,94.6969696969697,1
2957,Branch_3484,5803,5905,22.75830678197542,1
2958,Branch_3485,5905,6216,5.8809691837214775,1
2959,Branch_3486,2258,2621,43.535045711798,1
2960,Branch_3487,5905,6214,7.107320540156361,1
2961,Branch_3488,5877,6214,9.30232558139535,1
2962,Branch_3489,5804,5877,6.6956812855708066,1
2963,Branch_3490,5877,6215,8.682816705739342,1
2964,Branch_3491,5783,6215,11.956001912960305,1
2965,Branch_3492,5770,6215,90.33423667570008,1
2966,Branch_3493,5792,5905,176.67844522968198,1
2967,Branch_3494,5783,5792,4.423995752964077,1
2968,Branch_3495,5792,6158,30.816640986132512,1
2969,Branch_3496,6007,6254,35.587188612099645,1
2970,Branch_3500,6178,6216,8.061265618702135,1
2971,Branch_3505,7678,8066,8.916629514043692,1
2972,Branch_3508,8066,8726,5.405405405405405,1
2973,Branch_3509,7905,8726,9.13575735428467,1
2974,Branch_3511,2429,2532,9.017945711966814,1
2975,Branch_3512,2958,3083,52.13764337851929,1
2976,Branch_3513,3104,3136,64.72491909385113,1
2977,Branch_3514,2958,3104,75.7002271006813,1
2978,Branch_3515,7958,7997,2000.0,1
2979,Branch_3516,7956,8017,39.55696202531646,1
2980,Branch_3517,8017,8163,23.11604253351826,1
2981,Branch_3518,8013,8769,51.975051975051976,1
2982,Branch_3519,8013,8070,4.3060758730568836,1
2983,Branch_3520,8163,8770,15.820281601012498,1
2984,Branch_3521,1743,2464,85.25149190110827,1
2985,Branch_3522,7685,8061,14.596409283316305,1
2986,Branch_3524,7878,8022,18.412815319462347,1
2987,Branch_3525,7956,8022,12.719409819384381,1
2988,Branch_3526,8022,8061,10.884946119516709,1
2989,Branch_3527,7903,8061,9.811616954474097,1
2990,Branch_3530,8327,8540,8.813678829543452,1
2991,Branch_3531,5930,6199,16.147263038914904,1
2992,Branch_3532,7837,8053,11.016855789357717,1
2993,Branch_3533,7837,8000,27.862914460852604,1
2994,Branch_3534,7837,7961,3.6165057321615857,1
2995,Branch_3535,7944,7961,28.677946659019213,1
2996,Branch_3536,1850,1959,1282.051282051282,1
2997,Branch_3538,9092,9269,5.457919441109049,1
2998,Branch_3539,8976,9092,5.333617792948957,1
2999,Branch_3540,9092,9198,8.92379082634303,1
3000,Branch_3541,1975,2001,1298.7012987012988,1
3001,Branch_3543,9217,9268,26.63825253063399,1
3002,Branch_3545,6145,6253,2.9537734455767244,1
3003,Branch_3546,5897,6406,78.49293563579278,1
3004,Branch_3547,6100,6169,66.62225183211193,1
3005,Branch_3548,6100,6145,11.764705882352942,1
3006,Branch_3549,5897,6100,78.49293563579278,1
3007,Branch_3550,6003,6540,25.660764690787786,1
3008,Branch_3551,5970,6253,4.845195988177722,1
3009,Branch_3552,5960,6253,10.734220695577502,1
3010,Branch_3554,5795,5959,49.52947003467063,1
3011,Branch_3555,5795,6163,38.38771593090211,1
3012,Branch_3556,5795,5971,12.238404112103781,1
3013,Branch_3557,5960,6536,118.06375442739079,1
3014,Branch_3558,5959,6536,118.06375442739079,1
3015,Branch_3559,6540,6551,21.767522855899,1
3016,Branch_3560,5895,6253,10.171905197843556,1
3017,Branch_3561,5753,5895,7.106310403638431,1
3018,Branch_3562,6091,6584,80.25682182985554,1
3019,Branch_3563,1847,6252,24.61235540241201,1
3020,Branch_3564,4262,4364,73.69196757553426,1
3021,Branch_3565,3740,4364,123.76237623762377,1
3022,Branch_3566,3490,4364,17.1909919202338,1
3023,Branch_3567,1824,2269,20.20610224287735,1
3024,Branch_3568,2860,3136,8.587376556462,1
3025,Branch_3571,2854,3499,25.201612903225808,1
3026,Branch_3572,7983,8487,364.963503649635,1
3027,Branch_3573,4134,9300,13.653741125068269,1
3028,Branch_3574,2854,4134,2.6959264551263042,1
3029,Branch_3575,3643,3740,11.974613818704347,1
3030,Branch_3576,8155,8319,29.4811320754717,1
3031,Branch_3577,9030,9300,10.236462278636504,1
3032,Branch_3578,9003,9030,21.635655560363478,1
3033,Branch_3583,8997,9050,2000.0,1
3034,Branch_3585,9050,9240,4.4929685042907845,1
3035,Branch_3586,9235,9240,8.480325644504749,1
3036,Branch_3587,9050,9263,107.18113612004288,1
3037,Branch_3588,8976,9240,0.7105704459540119,1
3038,Branch_3589,9090,9264,14.43209698369173,1
3039,Branch_3590,6701,7577,47.93863854266539,1
3040,Branch_3591,7695,8070,5.549697541483989,1
3041,Branch_3592,7695,8116,9.859988168014198,1
3042,Branch_3593,7838,8116,25.647601949217748,1
3043,Branch_3594,7838,7981,78.18608287724786,1
3044,Branch_3595,7690,8116,53.304904051172706,1
3045,Branch_3596,1817,2420,23.326335432703523,1
3046,Branch_3604,4402,4739,22.527596305474205,1
3047,Branch_3605,3115,3156,25.3613999492772,1
3048,Branch_3606,3115,4739,6.476683937823834,1
3049,Branch_3607,3156,4096,5.417118093174431,1
3050,Branch_3608,6173,6252,25.76655501159495,1
3051,Branch_3609,9003,9493,9.848335631278314,1
3052,Branch_3610,6165,6458,25.374270489723422,1
3053,Branch_3611,5318,5514,39.354584809130266,1
3054,Branch_3612,5389,5514,50.94243504839531,1
3055,Branch_3613,5364,5388,49.67709885742673,1
3056,Branch_3614,5249,5389,35.08771929824562,1
3057,Branch_3615,5285,5528,367.6470588235294,1
3058,Branch_3616,5249,5285,28.20078962210942,1
3059,Branch_3617,5389,5467,23.792529145848203,1
3060,Branch_3618,5221,5467,124.53300124533001,1
3061,Branch_3619,5388,5528,58.61664712778429,1
3062,Branch_3620,4545,5221,102.98661174047373,1
3063,Branch_3621,4545,4859,85.47008547008546,1
3064,Branch_3622,3312,4545,64.59948320413437,1
3065,Branch_3623,4547,4859,34.36426116838488,1
3066,Branch_3624,4859,4885,2000.0,1
3067,Branch_3626,7713,8618,16.038492381716118,1
3068,Branch_3627,8030,8618,8.46955196070128,1
3069,Branch_3628,7711,8038,115.2073732718894,1
3070,Branch_3629,7713,8327,12.763241863433311,1
3071,Branch_3631,8992,9105,78.74015748031496,1
3072,Branch_3632,9105,9183,14.669209329617134,1
3073,Branch_3633,9105,9471,29.922202274087372,1
3074,Branch_3634,9142,9157,3.84571011037188,1
3075,Branch_3635,9053,9142,156.49452269170578,1
3076,Branch_3636,9053,9160,1000.0,1
3077,Branch_3637,8992,9134,185.5287569573284,1
3078,Branch_3638,8982,9134,12.201073694485114,1
3079,Branch_3639,9134,9158,112.99435028248588,1
3080,Branch_3640,9142,9158,22.558087074216107,1
3081,Branch_3641,9158,9471,24.06159769008662,1
3082,Branch_3642,5971,6448,11.24353496739375,1
3083,Branch_3643,6216,6448,2.973181899268597,1
3084,Branch_3646,5289,5556,52.742616033755276,1
3085,Branch_3647,5242,5289,2000.0,1
3086,Branch_3650,1800,2404,41.1522633744856,1
3087,Branch_3653,7039,7486,11.767474699929394,1
3088,Branch_3654,1743,2512,24.968789013732835,1
3089,Branch_3655,2035,2057,40.48582995951417,1
3090,Branch_3656,2116,2230,19.712201852946976,1
3091,Branch_3659,4898,4944,1886.7924528301887,1
3092,Branch_3660,211,1228,362.3188405797101,1
3093,Branch_3661,242,1378,58.47953216374269,1
3094,Branch_3662,242,243,151.05740181268882,1
3095,Branch_3663,242,1641,140.64697609001408,1
3096,Branch_3664,2931,3810,5.229578495973224,1
3097,Branch_3669,3365,4898,6.269199423233653,1
3098,Branch_3670,3365,3629,7.586677793794098,1
3099,Branch_3674,7679,8363,4.5987583352494825,1
3100,Branch_3675,3176,4898,24.154589371980677,1
3101,Branch_3677,319,1257,543.4782608695652,1
3102,Branch_3678,7669,8363,5.091649694501018,1
3103,Branch_3679,9502,9510,675.6756756756756,1
3104,Branch_3682,170,1238,826.4462809917355,1
3105,Branch_3685,7968,8879,5.902490851139181,1
3106,Branch_3687,7234,7391,94.42870632672333,1
3107,Branch_3688,2129,2624,775.1937984496124,1
3108,Branch_3689,9330,9519,35.7398141529664,1
3109,Branch_3693,9406,9519,42.24757076468103,1
3110,Branch_3694,9523,9556,2000.0,1
3111,Branch_3695,9523,9555,2000.0,1
3112,Branch_3696,9429,9519,800.0,1
3113,Branch_3697,9520,9541,2000.0,1
3114,Branch_3698,9520,9542,2000.0,1
3115,Branch_3700,9336,9702,200.80321285140562,1
3116,Branch_3702,9358,9702,56.85048322910745,1
3117,Branch_3703,8410,9521,51.440329218106996,1
3118,Branch_3705,9521,9551,2000.0,1
3119,Branch_3706,9330,9631,65.48788474132286,1
3120,Branch_3707,9631,9664,2000.0,1
3121,Branch_3708,9325,9631,147.49262536873155,1
3122,Branch_3709,3063,4449,4.756242568370987,1
3123,Branch_3710,2087,2606,92.5925925925926,1
3124,Branch_3711,5318,5591,23.651844843897823,1
3125,Branch_3713,5306,5591,12.567550584391102,1
3126,Branch_3714,4450,4850,7.164350193437455,1
3127,Branch_3715,3197,4850,118.90606420927467,1
3128,Branch_3716,3197,3325,8.233841086867024,1
3129,Branch_3717,4005,4450,16.71402306535183,1
3130,Branch_3718,4005,4661,4.585262964831033,1
3131,Branch_3719,3493,4005,4.585262964831033,1
3132,Branch_3720,4005,4526,59.27682276229994,1
3133,Branch_3722,3515,4006,16.71402306535183,1
3134,Branch_3723,9332,9669,116.68611435239207,1
3135,Branch_3724,9669,9672,2000.0,1
3136,Branch_3725,9325,9669,46.06172270842929,1
3137,Branch_3726,9330,9690,341.29692832764505,1
3138,Branch_3727,9325,9690,52.52100840336134,1
3139,Branch_3731,1729,2550,19.952114924181963,1
3140,Branch_3732,1824,1985,19.168104274487252,1
3141,Branch_3733,3324,4288,25.980774227071965,1
3142,Branch_3734,2865,4288,21.64970772894566,1
3143,Branch_3735,2867,5444,19.584802193497847,1
3144,Branch_3737,5458,5708,125.62814070351759,1
3145,Branch_3738,4593,5458,52.6592943654555,1
3146,Branch_3739,4593,5444,118.48341232227489,1
3147,Branch_3740,1970,2241,107.87486515641855,1
3148,Branch_3741,1725,2547,19.880715705765407,1
3149,Branch_3742,5295,5356,28.87669650591972,1
3150,Branch_3743,5356,5377,75.8150113722517,1
3151,Branch_3744,5378,5517,7.484469725319961,1
3152,Branch_3745,5398,5517,19.190174630589137,1
3153,Branch_3746,5398,5475,11.337868480725623,1
3154,Branch_3747,1799,2562,57.570523891767415,1
3155,Branch_3748,5284,5306,240.3846153846154,1
3156,Branch_3749,5284,5551,61.12469437652812,1
3157,Branch_3750,5295,5445,6.5915233010348695,1
3158,Branch_3751,5328,5445,11.890606420927467,1
3159,Branch_3752,5238,5329,37.90750568612585,1
3160,Branch_3753,5238,5527,99.60159362549801,1
3161,Branch_3754,5237,5527,88.49557522123894,1
3162,Branch_3755,5236,5237,41.63197335553705,1
3163,Branch_3756,5236,5369,111.23470522803115,1
3164,Branch_3757,5236,5454,24.044241404183698,1
3165,Branch_3759,5396,5527,43.97537379067722,1
3166,Branch_3760,5370,5396,103.62694300518135,1
3167,Branch_3761,5396,5575,74.01924500370096,1
3168,Branch_3762,5369,5464,33.692722371967655,1
3169,Branch_3763,5463,5523,8.663259118080221,1
3170,Branch_3764,5523,5547,10.018032458425166,1
3171,Branch_3765,6423,6494,101.11223458038423,1
3172,Branch_3766,3816,4204,103.51966873706004,1
3173,Branch_3767,5523,5546,8.918219923303308,1
3174,Branch_3768,2692,6494,48.61448711716091,1
3175,Branch_3769,3743,4203,57.077625570776256,1
3176,Branch_3771,2115,2140,22.43158366980709,1
3177,Branch_3772,1845,2402,40.93327875562833,1
3178,Branch_3773,5958,6228,79.93605115907275,1
3179,Branch_3774,2201,2475,25.720164609053498,1
3180,Branch_3775,1725,2201,704.2253521126761,1
3181,Branch_3776,3975,4203,70.17543859649123,1
3182,Branch_3777,3025,3975,112.10762331838565,1
3183,Branch_3778,3025,3075,177.61989342806393,1
3184,Branch_3779,7797,8629,32.38341968911917,1
3185,Branch_3780,2140,6228,24.551927326295115,1
3186,Branch_3781,8155,8319,29.542097488921712,1
3187,Branch_3782,7680,8697,194.1747572815534,1
3188,Branch_3783,1758,2060,67.70480704129993,1
3189,Branch_3784,2920,9013,73.74631268436578,1
3190,Branch_3785,8398,8661,26.56042496679947,1
3191,Branch_3786,2915,3050,175.43859649122808,1
3192,Branch_3787,3050,3557,108.57763300760044,1
3193,Branch_3788,3557,4355,66.75567423230974,1
3194,Branch_3789,2900,3828,81.43322475570032,1
3195,Branch_3790,2915,4203,92.93680297397769,1
3196,Branch_3791,3828,4355,235.2941176470588,1
3197,Branch_3792,5883,5949,45.146726862302486,1
3198,Branch_3793,2650,2655,106.15711252653928,1
3199,Branch_3794,8309,8628,1162.7906976744187,1
3200,Branch_3795,8309,8351,18.695083193120208,1
3201,Branch_3796,2057,2268,276.24309392265195,1
3202,Branch_3797,2900,3714,165.01650165016503,1
3203,Branch_3798,3714,4323,56.14823133071308,1
3204,Branch_3801,2001,6322,12.345679012345679,1
3205,Branch_3802,3601,4216,239.8081534772182,1
3206,Branch_3803,2900,4216,79.93605115907275,1
3207,Branch_3804,3601,4071,126.42225031605562,1
3208,Branch_3805,3601,4321,138.88888888888889,1
3209,Branch_3806,2914,4203,92.93680297397769,1
3210,Branch_3807,2914,3051,68.87052341597796,1
3211,Branch_3810,3705,4356,76.33587786259542,1
3212,Branch_3811,3827,4356,235.2941176470588,1
3213,Branch_3812,2900,3827,81.43322475570032,1
3214,Branch_3813,3051,3556,104.60251046025104,1
3215,Branch_3814,1911,2233,100.70493454179255,1
3216,Branch_3815,1745,2260,145.5604075691412,1
3217,Branch_3816,2294,2473,29.533372711163615,1
3218,Branch_3817,6092,6322,497.5124378109453,1
3219,Branch_3818,3743,4203,56.78591709256104,1
3220,Branch_3820,5791,6584,2000.0,1
3221,Branch_3821,3179,3652,104.60251046025104,1
3222,Branch_3822,3652,3675,84.31703204047217,1
3223,Branch_3823,3675,4778,124.06947890818859,1
3224,Branch_3824,5899,6551,2000.0,1
3225,Branch_3825,3179,3653,104.60251046025104,1
3226,Branch_3826,3653,3676,87.64241893076249,1
3227,Branch_3827,3676,4778,124.06947890818859,1
3228,Branch_3828,5900,6551,2000.0,1
3229,Branch_3830,3715,4477,40.290088638195,1
3230,Branch_3831,3178,3345,1818.1818181818182,1
3231,Branch_3832,3345,3682,2000.0,1
3232,Branch_3833,3297,3682,1428.5714285714287,1
3233,Branch_3834,3297,3715,126.42225031605562,1
3234,Branch_3835,3178,4655,552.4861878453039,1
3235,Branch_3836,4655,4778,684.931506849315,1
3236,Branch_3837,2011,2293,22.537750732476898,1
3237,Branch_3839,2283,2284,5.508427894678858,1
3238,Branch_3840,2094,2283,31.595576619273302,1
3239,Branch_3841,1815,2416,19.264110961279137,1
3240,Branch_3843,3025,4015,662.2516556291391,1
3241,Branch_3844,4015,5134,83.05647840531562,1
3242,Branch_3845,4231,5134,151.5151515151515,1
3243,Branch_3846,3012,4231,68.54009595613434,1
3244,Branch_3847,3025,3074,177.61989342806393,1
3245,Branch_3848,3025,4016,662.2516556291391,1
3246,Branch_3849,4016,4232,97.84735812133073,1
3247,Branch_3850,3012,4232,71.58196134574088,1
3248,Branch_3851,1819,2298,37.20238095238095,1
3249,Branch_3852,6244,6586,1785.7142857142858,1
3250,Branch_3853,2001,2416,337.8378378378378,1
3251,Branch_3854,2920,3816,156.98587127158555,1
3252,Branch_3855,1942,2311,90.74410163339383,1
3253,Branch_3856,3129,5136,63.371356147021544,1
3254,Branch_3857,3969,5136,126.26262626262626,1
3255,Branch_3858,3573,3969,72.20216606498195,1
3256,Branch_3859,3878,4848,96.89922480620154,1
3257,Branch_3860,3573,4848,98.03921568627452,1
3258,Branch_3862,2216,2334,36.127167630057805,1
3259,Branch_3863,3025,3743,30.581039755351682,1
3260,Branch_3864,3026,4203,42.51700680272109,1
3261,Branch_3868,3139,3917,107.41138560687433,1
3262,Branch_3869,2260,2339,62.814070351758794,1
3263,Branch_3870,3138,3916,106.95187165775401,1
3264,Branch_3871,3919,4774,751.8796992481203,1
3265,Branch_3872,1967,2416,163.66612111292963,1
3266,Branch_3873,3310,3580,35.99712023038157,1
3267,Branch_3874,2872,3580,42.40882103477524,1
3268,Branch_3875,2899,3310,109.17030567685589,1
3269,Branch_3876,3918,4672,44.72271914132379,1
3270,Branch_3877,2872,4672,819.672131147541,1
3271,Branch_3878,3918,4774,943.3962264150944,1
3272,Branch_3880,2351,2655,497.5124378109453,1
3273,Branch_3882,4774,4775,1298.7012987012988,1
3274,Branch_3883,4774,4776,1298.7012987012988,1
3275,Branch_3884,6037,6086,813.0081300813008,1
3276,Branch_3886,2769,3590,63.69426751592356,1
3277,Branch_3887,4373,4501,42.918454935622314,1
3278,Branch_3888,3590,4373,120.48192771084338,1
3279,Branch_3889,2769,4812,47.7326968973747,1
3280,Branch_3891,2717,3366,35.77817531305904,1
3281,Branch_3892,3366,4812,2000.0,1
3282,Branch_3894,2899,3262,34.258307639602606,1
3283,Branch_3895,2756,4812,48.49660523763337,1
3284,Branch_3896,2756,3262,83.5421888053467,1
3285,Branch_3899,1734,2667,746.2686567164179,1
3286,Branch_3900,2308,2309,11.074197120708748,1
3287,Branch_3901,2308,2310,11.074197120708748,1
3288,Branch_3902,2294,2308,2000.0,1
3289,Branch_3903,2106,2624,89.84725965858041,1
3290,Branch_3904,8041,8309,2000.0,1
3291,Branch_3905,1839,2083,2000.0,1
3292,Branch_3906,2899,3332,87.56567425569177,1
3293,Branch_3907,3332,4489,934.5794392523364,1
3294,Branch_3908,3114,4489,113.89521640091117,1
3295,Branch_3909,3114,4795,17.17622810030917,1
3296,Branch_3910,8041,8309,2000.0,1
3297,Branch_3912,2180,2572,11.824524062906468,1
3298,Branch_3913,2181,2653,109.40919037199124,1
3299,Branch_3914,7097,7408,140.8450704225352,1
3300,Branch_3915,6901,7097,122.39902080783354,1
3301,Branch_3916,2182,2424,122.39902080783354,1
3302,Branch_3917,1798,2183,27.307482250136538,1
3303,Branch_3918,2179,2521,165.8374792703151,1
3304,Branch_3919,3234,4795,317.46031746031747,1
3305,Branch_3920,3234,4795,342.4657534246575,1
3306,Branch_3921,1787,2480,15.44878727019929,1
3307,Branch_3922,2516,2667,621.1180124223603,1
3308,Branch_3923,3429,4139,344.82758620689657,1
3309,Branch_3924,2480,2572,11.791062374719962,1
3310,Branch_3925,3799,4512,17.6056338028169,1
3311,Branch_3926,3219,4211,71.68458781362007,1
3312,Branch_3927,2899,4038,510.2040816326531,1
3313,Branch_3928,3329,4038,43.459365493263796,1
3314,Branch_3929,3329,4211,25.374270489723422,1
3315,Branch_3930,3219,4512,61.804697156983934,1
3316,Branch_3932,2515,2572,69.97900629811056,1
3317,Branch_3933,2826,3617,196.07843137254903,1
3318,Branch_3934,4095,4191,124.37810945273633,1
3319,Branch_3935,4191,4735,1136.3636363636363,1
3320,Branch_3936,3617,4735,99.10802775024777,1
3321,Branch_3937,2826,4397,144.50867052023122,1
3322,Branch_3938,4203,4397,543.4782608695652,1
3323,Branch_3939,3429,4204,190.11406844106463,1
3324,Branch_3940,2993,4095,162.07455429497568,1
3325,Branch_3941,2708,4770,2000.0,1
3326,Branch_3942,4238,4770,50.0,1
3327,Branch_3944,1735,2222,151.285930408472,1
3328,Branch_3945,2222,2236,467.2897196261682,1
3329,Branch_3948,85,2515,2.49925022493252,1
3330,Branch_3949,4972,4981,2000.0,1
3331,Branch_3950,4971,4982,2000.0,1
3332,Branch_3951,4971,4981,2000.0,1
3333,Branch_3952,6740,7233,64.85084306095979,1
3334,Branch_3953,1796,2124,2000.0,1
3335,Branch_3954,1796,2125,2000.0,1
3336,Branch_3955,1796,2123,2000.0,1
3337,Branch_3956,4095,4701,900.9009009009009,1
3338,Branch_3957,9472,9703,36.54970760233918,1
3339,Branch_3959,3826,4763,204.08163265306123,1
3340,Branch_3960,3052,3826,2000.0,1
3341,Branch_3961,3612,9205,101.9367991845056,1
3342,Branch_3962,4701,5119,268.81720430107526,1
3343,Branch_3964,4818,5119,184.50184501845018,1
3344,Branch_3965,4763,4777,2000.0,1
3345,Branch_3966,4764,4777,2000.0,1
3346,Branch_3967,4763,4818,83.82229673093043,1
3347,Branch_3968,9205,9703,34.62603878116344,1
3348,Branch_3969,3052,5083,476.1904761904762,1
3349,Branch_3971,2763,5083,1886.7924528301887,1
3350,Branch_3972,3612,5083,56.33802816901409,1
3351,Branch_3975,7917,8508,2000.0,1
3352,Branch_3977,4027,4204,231.4814814814815,1
3353,Branch_3978,4203,4396,340.13605442176873,1
3354,Branch_3979,3798,4396,52.54860746190226,1
3355,Branch_3980,3798,4534,248.75621890547265,1
3356,Branch_3981,3428,4534,373.13432835820896,1
3357,Branch_3982,4534,4598,645.1612903225806,1
3358,Branch_3983,3428,4535,375.9398496240602,1
3359,Branch_3984,3618,3797,58.47953216374269,1
3360,Branch_3985,3342,3618,148.14814814814815,1
3361,Branch_3986,4190,4736,1136.3636363636363,1
3362,Branch_3987,4095,4190,124.37810945273633,1
3363,Branch_3988,3797,4535,328.94736842105266,1
3364,Branch_3989,4536,4598,2000.0,1
3365,Branch_3990,3342,4704,546.448087431694,1
3366,Branch_3991,4704,4736,201.61290322580646,1
3367,Branch_3992,3286,4543,518.1347150259068,1
3368,Branch_3993,3012,4543,129.70168612191958,1
3369,Branch_3994,3286,3832,157.23270440251574,1
3370,Branch_3995,3832,4594,2000.0,1
3371,Branch_3996,3832,4595,2000.0,1
3372,Branch_3997,3428,4639,146.41288433382138,1
3373,Branch_3998,3108,3443,92.42144177449168,1
3374,Branch_3999,3108,4437,142.45014245014244,1
3375,Branch_4000,4095,4437,78.24726134585289,1
3376,Branch_4001,3443,4639,88.73114463176574,1
3377,Branch_4003,4095,4436,78.24726134585289,1
3378,Branch_4004,3482,4141,128.7001287001287,1
3379,Branch_4005,3217,4638,91.49130832570906,1
3380,Branch_4006,3109,4436,142.45014245014244,1
3381,Branch_4007,3109,3217,191.93857965451056,1
3382,Branch_4008,3482,4638,81.76614881439085,1
3383,Branch_4009,3428,3627,132.1003963011889,1
3384,Branch_4010,3012,3627,147.05882352941177,1
3385,Branch_4011,3483,4141,127.2264631043257,1
3386,Branch_4012,3483,3626,81.43322475570032,1
3387,Branch_4013,3012,3626,147.71048744460856,1
3388,Branch_4014,3832,4544,104.38413361169103,1
3389,Branch_4015,3012,4544,163.3986928104575,1
3390,Branch_4016,1755,2607,20.07226013649137,1
3391,Branch_4017,4139,5486,20.449897750511248,1
3392,Branch_4019,3820,4095,2000.0,1
3393,Branch_4020,3824,4095,2000.0,1
3394,Branch_4021,1860,2034,34.78260869565217,1
3395,Branch_4022,3666,4233,129.19896640826875,1
3396,Branch_4023,4233,5556,36.96857670979667,1
3397,Branch_4024,5376,5556,88.65248226950355,1
3398,Branch_4025,5239,5364,91.49130832570906,1
3399,Branch_4026,5239,5376,29.086678301337987,1
3400,Branch_4027,5375,5376,21.2630236019562,1
3401,Branch_4028,3349,3666,302.11480362537765,1
3402,Branch_4029,3349,5643,17.917935853789643,1
3403,Branch_4030,5224,5643,48.05382027871216,1
3404,Branch_4031,5205,5224,2000.0,1
3405,Branch_4032,5224,9008,18.889308651303363,1
3406,Branch_4035,4891,4917,2000.0,1
3407,Branch_4036,3666,4891,12.948336138806164,1
3408,Branch_4037,4891,9303,666.6666666666666,1
3409,Branch_4038,8955,9008,9.701202949165696,1
3410,Branch_4039,8955,9303,220.7505518763797,1
3411,Branch_4040,1861,2057,38.62495171881035,1
3412,Branch_4041,3744,4203,70.4225352112676,1
3413,Branch_4043,9501,9516,84.7457627118644,1
3414,Branch_4044,9501,9514,51.89413596263622,1
3415,Branch_4045,9501,9506,2000.0,1
3416,Branch_4046,1861,2034,34.78260869565217,1
3417,Branch_4048,9067,9221,60.45949214026602,1
3418,Branch_4049,9067,9252,114.15525114155251,1
3419,Branch_4050,8921,9014,26.32964718272775,1
3420,Branch_4051,9010,9067,134.2281879194631,1
3421,Branch_4052,8921,9010,228.83295194508008,1
3422,Branch_4053,9252,9516,42.3728813559322,1
3423,Branch_4054,9516,9580,471.6981132075472,1
3424,Branch_4055,2830,3724,206.18556701030928,1
3425,Branch_4056,3666,3724,20.74688796680498,1
3426,Branch_4057,2830,9514,211.864406779661,1
3427,Branch_4058,9514,9574,2000.0,1
3428,Branch_4059,1860,2623,39.308176100628934,1
3429,Branch_4060,1794,2106,181.15942028985506,1
3430,Branch_4061,3983,4754,2000.0,1
3431,Branch_4062,3983,4755,2000.0,1
3432,Branch_4063,3330,4581,234.192037470726,1
3433,Branch_4064,3331,4582,69.1085003455425,1
3434,Branch_4065,2751,4939,2000.0,1
3435,Branch_4066,2751,4940,2000.0,1
3436,Branch_4067,7967,8029,199.20318725099602,1
3437,Branch_4068,7145,7439,59.844404548174744,1
3438,Branch_4069,7033,7365,7.96241738991958,1
3439,Branch_4070,1860,2055,76.04562737642586,1
3440,Branch_4071,3010,4204,136.05442176870747,1
3441,Branch_4072,4100,4316,19.120458891013385,1
3442,Branch_4073,3686,4199,66.8002672010688,1
3443,Branch_4074,3111,4100,215.9827213822894,1
3444,Branch_4075,4100,4538,215.9827213822894,1
3445,Branch_4076,4199,4316,27.389756231169542,1
3446,Branch_4078,4200,4795,128.2051282051282,1
3447,Branch_4079,2034,2056,131.06159895150722,1
3448,Branch_4080,3929,4374,118.48341232227489,1
3449,Branch_4081,3929,4843,246.30541871921181,1
3450,Branch_4082,3762,4374,61.84291898577613,1
3451,Branch_4083,3762,4218,39.29273084479372,1
3452,Branch_4084,1735,1934,95.14747859181732,1
3453,Branch_4085,3105,4827,53.475935828877006,1
3454,Branch_4086,4827,4843,50.45408678102926,1
3455,Branch_4087,3105,4845,64.85084306095979,1
3456,Branch_4088,1953,2011,94.07337723424271,1
3457,Branch_4089,3127,3258,120.62726176115802,1
3458,Branch_4090,3258,4845,606.060606060606,1
3459,Branch_4091,6091,6258,6.700616456714018,1
3460,Branch_4092,4218,5274,19.282684149633628,1
3461,Branch_4096,2482,2524,380.22813688212926,1
3462,Branch_4097,3127,4283,141.44271570014143,1
3463,Branch_4098,3129,4283,63.653723742838956,1
3464,Branch_4099,3129,3224,189.75332068311195,1
3465,Branch_4100,3224,4371,151.9756838905775,1
3466,Branch_4101,3129,4268,75.47169811320755,1
3467,Branch_4102,3945,4371,192.30769230769232,1
3468,Branch_4103,3253,3945,247.52475247524754,1
3469,Branch_4104,7797,7957,2000.0,1
3470,Branch_4105,3127,4282,141.44271570014143,1
3471,Branch_4106,3129,4282,63.653723742838956,1
3472,Branch_4107,1777,2562,58.17335660267597,1
3473,Branch_4108,2977,4979,36.231884057971016,1
3474,Branch_4109,3211,4979,41.82350480970305,1
3475,Branch_4111,3091,3763,431.0344827586207,1
3476,Branch_4112,3160,3460,172.41379310344828,1
3477,Branch_4113,3160,3211,46.23208506703652,1
3478,Branch_4114,3091,3460,1000.0,1
3479,Branch_4115,3567,3763,324.6753246753247,1
3480,Branch_4116,3621,3719,140.8450704225352,1
3481,Branch_4117,2977,3621,53.219797764768494,1
3482,Branch_4118,3303,3621,113.63636363636364,1
3483,Branch_4120,3719,4843,31.220730565095224,1
3484,Branch_4121,2977,3457,2000.0,1
3485,Branch_4122,556,2126,5.858574023082782,1
3486,Branch_4123,2977,4843,21.729682746631898,1
3487,Branch_4124,3127,4523,134.40860215053763,1
3488,Branch_4125,3763,4523,45.558086560364465,1
3489,Branch_4126,2014,2562,75.47169811320755,1
3490,Branch_4127,5139,5147,49.75124378109453,1
3491,Branch_4128,4528,5139,133.15579227696404,1
3492,Branch_4129,3763,4528,124.06947890818859,1
3493,Branch_4130,2509,5758,3.6358347876672483,1
3494,Branch_4131,2135,2509,3.8504485772592507,1
3495,Branch_4132,4845,4964,209.20502092050208,1
3496,Branch_4133,1799,2562,57.50431282346176,1
3497,Branch_4134,3010,4138,282.4858757062147,1
3498,Branch_4135,5551,5557,28.818443804034583,1
3499,Branch_4136,5330,5526,27.159152634437806,1
3500,Branch_4137,5330,5350,40.502227622519236,1
3501,Branch_4138,5526,5628,57.43825387708214,1
3502,Branch_4139,5557,5628,79.36507936507937,1
3503,Branch_4141,4845,4964,209.20502092050208,1
3504,Branch_4143,1735,1999,123.00123001230013,1
3505,Branch_4144,3164,4138,95.32888465204957,1
3506,Branch_4145,5391,5525,87.7963125548727,1
3507,Branch_4147,5551,5636,13.62954886193267,1
3508,Branch_4148,5507,5525,30.111412225233362,1
3509,Branch_4149,5391,5636,28.768699654775602,1
3510,Branch_4150,5318,5390,30.33060357901122,1
3511,Branch_4151,5390,5511,19.138755980861244,1
3512,Branch_4152,5400,5638,79.11392405063292,1
3513,Branch_4153,5400,5511,23.90057361376673,1
3514,Branch_4154,5259,5638,70.77140835102618,1
3515,Branch_4155,5259,5655,107.64262648008611,1
3516,Branch_4156,2057,2623,30.959752321981423,1
3517,Branch_4157,5507,5655,51.733057423693744,1
3518,Branch_4158,7043,7292,274.72527472527474,1
3519,Branch_4159,6959,7145,18.52537977028529,1
3520,Branch_4162,5240,5551,120.1923076923077,1
3521,Branch_4163,5344,5480,66.62225183211193,1
3522,Branch_4164,5240,5480,925.925925925926,1
3523,Branch_4165,7039,7282,15.997440409534475,1
3524,Branch_4166,3745,5949,103.62694300518135,1
3525,Branch_4167,5343,5479,66.62225183211193,1
3526,Branch_4168,6927,7156,21.872265966754156,1
3527,Branch_4170,2139,2623,97.75171065493646,1
3528,Branch_4171,1921,2435,248.75621890547265,1
3529,Branch_4172,1791,1831,154.5595054095827,1
3530,Branch_4173,1831,1872,50.9683995922528,1
3531,Branch_4174,1740,2612,39.936102236421725,1
3532,Branch_4175,1888,2612,123.45679012345678,1
3533,Branch_4176,1888,2612,123.45679012345678,1
3534,Branch_4177,1806,2612,1010.10101010101,1
3535,Branch_4178,2529,2612,25.95380223202699,1
3536,Branch_4179,2172,2274,107.87486515641855,1
3537,Branch_4180,2200,2274,240.96385542168676,1
3538,Branch_4181,1983,2546,168.63406408094434,1
3539,Branch_4182,1785,2546,90.41591320072332,1
3540,Branch_4183,2081,2172,125.62814070351759,1
3541,Branch_4184,6110,6345,2000.0,1
3542,Branch_4185,5862,6345,41.78854993731718,1
3543,Branch_4186,6345,6346,32.25806451612903,1
3544,Branch_4187,6212,6211,9.975062344139651,1
3545,Branch_4188,6213,6211,8.053475074494644,1
3546,Branch_4189,6000,6212,56.36978579481398,1
3547,Branch_4190,6030,6213,47.80114722753346,1
3548,Branch_4191,6001,6212,20.868113522537563,1
3549,Branch_4192,5865,6211,132.27513227513228,1
3550,Branch_4193,5856,6211,56.94760820045558,1
3551,Branch_4194,3265,6211,8.682062858135092,1
3552,Branch_4195,5843,6212,18.51851851851852,1
3553,Branch_4197,5833,5863,165.28925619834712,1
3554,Branch_4198,5863,6112,63.33122229259025,1
3555,Branch_4199,4546,4566,2000.0,1
3556,Branch_4200,4546,4566,2000.0,1
3557,Branch_4201,6149,6151,11.771630370806356,1
3558,Branch_4202,6151,6150,10.770059235325794,1
3559,Branch_4203,6096,6150,12.60239445494644,1
3560,Branch_4204,6151,6427,8.442380751371887,1
3561,Branch_4205,5833,6149,83.89261744966443,1
3562,Branch_4206,5832,6151,22.22716159146477,1
3563,Branch_4207,6150,9431,6.93000693000693,1
3564,Branch_4208,6111,6150,102.45901639344262,1
3565,Branch_4209,5828,6151,18.674136321195146,1
3566,Branch_4210,5842,6149,66.8002672010688,1
3567,Branch_4211,6149,6150,2000.0,1
3568,Branch_4212,6151,6196,42.80821917808219,1
3569,Branch_4213,5938,6000,23.798191337458352,1
3570,Branch_4214,6000,6031,346.02076124567475,1
3571,Branch_4215,5759,6030,13.960631020522127,1
3572,Branch_4216,5929,6030,57.04506560182544,1
3573,Branch_4217,6030,6210,13.368983957219251,1
3574,Branch_4218,4165,4238,131.92612137203167,1
3575,Branch_4219,4164,4227,22.81021897810219,1
3576,Branch_4220,5859,6002,30.75030750307503,1
3577,Branch_4221,8100,8141,28.28854314002829,1
3578,Branch_4222,8141,8142,0.7584376185058779,1
3579,Branch_4223,457,464,2000.0,1
3580,Branch_4224,457,1600,18.864365214110546,1
3581,Branch_4225,457,1111,273.972602739726,1
3582,Branch_4226,9132,9586,57.04506560182544,1
3583,Branch_4227,9132,9133,11.316057485572026,1
3584,Branch_4228,9499,9508,2000.0,1
3585,Branch_4229,8247,8249,46.57661853749418,1
3586,Branch_4230,8250,8249,-456.62100456621005,1
3587,Branch_4231,8248,8249,8.92379082634303,1
3588,Branch_4232,8251,8252,46.8384074941452,1
3589,Branch_4233,8250,8252,-564.9717514124294,1
3590,Branch_4234,8253,8252,8.949346697691068,1
3591,Branch_4235,4155,4577,709.2198581560284,1
3592,Branch_4236,6866,7207,23.13208420078649,1
3593,Branch_4237,6672,7207,34.85535029627048,1
3594,Branch_4238,118,547,168.35016835016836,1
3595,Branch_4239,121,547,184.84288354898337,1
3596,Branch_4240,118,927,101.9367991845056,1
3597,Branch_4241,118,924,102.56410256410257,1
3598,Branch_4242,120,992,115.74074074074075,1
3599,Branch_4243,121,227,178.57142857142858,1
3600,Branch_4244,118,228,172.41379310344828,1
3601,Branch_4245,119,121,1149.4252873563219,1
3602,Branch_4246,5,120,186.9158878504673,1
3603,Branch_4247,120,1015,209.64360587002096,1
3604,Branch_4248,118,122,118.90606420927467,1
3605,Branch_4249,120,122,95.96928982725528,1
3606,Branch_4250,124,122,9.517464547444561,1
3607,Branch_4251,118,123,-500.0,1
3608,Branch_4252,120,123,58.13953488372093,1
3609,Branch_4253,125,123,9.912767644726408,1
3610,Branch_4254,523,1708,2000.0,1
3611,Branch_4255,523,522,9.560229445506693,1
3612,Branch_4256,842,1526,62.5,1
3613,Branch_4257,1302,1526,134.58950201884252,1
3614,Branch_4258,9429,9430,29.07822041291073,1
3615,Branch_4259,9429,9425,16.67778519012675,1
3616,Branch_4260,9429,9426,16.67778519012675,1
3617,Branch_4261,9429,9427,16.67778519012675,1
3618,Branch_4262,9428,9422,6.166368625516434,1
3619,Branch_4263,9428,9423,6.166368625516434,1
3620,Branch_4264,9428,9424,6.166368625516434,1
3621,Branch_4265,6646,7029,111.35857461024499,1
3622,Branch_4266,9431,9437,970.8737864077669,1
3623,Branch_4267,422,1166,1851.851851851852,1
3624,Branch_4268,425,1166,33.80662609871535,1
3625,Branch_4269,449,1166,2000.0,1
3626,Branch_4270,1166,1436,18.311664530305805,1
3627,Branch_4271,1166,1622,18.825301204819276,1
3628,Branch_4272,923,1166,22.256843979523705,1
3629,Branch_4273,292,1166,193.05019305019306,1
3630,Branch_4274,8980,9087,4.751045229950589,1
3631,Branch_4275,9064,9087,5.530361685654242,1
3632,Branch_4276,1252,1669,96.61835748792271,1
3633,Branch_4277,1252,1314,77.33952049497293,1
3634,Branch_4278,3398,4094,45.45454545454545,1
3635,Branch_4279,3398,3752,396.8253968253968,1
3636,Branch_4280,3398,5153,2000.0,1
3637,Branch_4281,4907,4908,12.439358129120537,1
3638,Branch_4282,5858,5865,36.14022406938923,1
3639,Branch_4283,6873,7258,27.034333603676668,1
3640,Branch_4284,6871,7258,58.309037900874635,1
3641,Branch_4285,7100,7258,158.9825119236884,1
3642,Branch_4286,7034,7258,101.83299389002036,1
3643,Branch_4287,7258,7260,2000.0,1
3644,Branch_4288,7259,7260,2000.0,1
3645,Branch_4289,7258,7259,2000.0,1
3646,Branch_4290,7008,7258,162.60162601626016,1
3647,Branch_4291,7144,7143,6.715916722632639,1
3648,Branch_4292,7817,8229,53.61930294906166,1
3649,Branch_4293,7266,7502,87.48906386701663,1
3650,Branch_4294,7224,7266,409.8360655737705,1
3651,Branch_4295,4180,4706,157.9778830963665,1
3652,Branch_4296,672,1273,534.75935828877,1
3653,Branch_4297,816,1274,90.09009009009009,1
3654,Branch_4298,715,1273,454.54545454545456,1
3655,Branch_4299,715,1274,444.44444444444446,1
3656,Branch_4300,1272,1273,2000.0,1
3657,Branch_4301,1274,1275,2000.0,1
3658,Branch_4302,9616,9617,16.423057973394645,1
3659,Branch_4303,9616,9618,10.11326860841424,1
3660,Branch_4304,9590,9616,111.48272017837235,1
3661,Branch_4305,6726,7232,42.99226139294927,1
3662,Branch_4306,7127,7232,55.248618784530386,1
3663,Branch_4309,6691,7232,277.0083102493075,1
3664,Branch_4310,7068,7232,144.50867052023122,1
3665,Branch_4311,9332,9358,45.51661356395084,1
3666,Branch_4312,9332,9358,45.51661356395084,1
3667,Branch_4313,9358,9485,103.30578512396694,1
3668,Branch_4315,1665,1666,14.10238330277817,1
3669,Branch_4316,6873,7007,29.07822041291073,1
3670,Branch_4317,7007,7126,34.602076124567475,1
3671,Branch_4318,3953,4018,2.4731049833065413,1
3672,Branch_4319,3953,4711,120.91898428053204,1
3673,Branch_4320,3953,4711,149.7005988023952,1
3674,Branch_4326,3750,4886,26.52519893899204,1
3675,Branch_4327,2714,3750,7.261636772928618,1
3676,Branch_4328,7036,7242,81.10300081103001,1
3677,Branch_4329,7242,7321,128.04097311139566,1
3678,Branch_4330,7242,7354,66.48936170212765,1
3679,Branch_4331,814,1233,241.54589371980677,1
3680,Branch_4332,813,1233,240.96385542168676,1
3681,Branch_4333,3399,4754,68.07351940095303,1
3682,Branch_4335,6761,7622,2000.0,1
3683,Branch_4336,6761,6760,14.355440712029859,1
3684,Branch_4337,3612,5089,2000.0,1
3685,Branch_4338,9334,9335,2.375014843842774,1
3686,Branch_4339,9333,9335,-826.4462809917355,1
3687,Branch_4340,9332,9335,22.246941045606228,1
3688,Branch_4341,9332,9342,52.35602094240838,1
3689,Branch_4342,9332,9360,102.35414534288638,1
3690,Branch_4343,9325,9332,31.79650238473768,1
3691,Branch_4345,7139,7138,7.7226040620897365,1
3692,Branch_4346,7138,7383,10.955302366345311,1
3693,Branch_4347,7139,7298,4.9147294441441,1
3694,Branch_4348,7139,7315,6.141751627564181,1
3695,Branch_4349,7088,7139,18.365472910927455,1
3696,Branch_4350,6956,7287,80.77544426494346,1
3697,Branch_4351,7228,7287,1587.3015873015872,1
3698,Branch_4352,209,1236,199.20318725099602,1
3699,Branch_4353,209,247,531.9148936170212,1
3700,Branch_4354,8229,8230,210.9704641350211,1
3701,Branch_4355,7698,8229,28.5143997718848,1
3702,Branch_4356,8090,8091,5.478851632697786,1
3703,Branch_4357,7943,8090,2.9409169779137136,1
3704,Branch_4358,8091,8525,3.725643604932752,1
3705,Branch_4359,7888,8090,105.48523206751055,1
3706,Branch_4360,7849,8090,4.190939189472361,1
3707,Branch_4361,8090,8091,5.154107823935677,1
3708,Branch_4362,8008,8090,6.800408024481469,1
3709,Branch_4363,4138,4140,70.4225352112676,1
3710,Branch_4364,4142,4140,72.25433526011561,1
3711,Branch_4365,4137,4140,5.22384161312229,1
3712,Branch_4366,4139,4144,92.42144177449168,1
3713,Branch_4367,4143,4144,207.4688796680498,1
3714,Branch_4368,4145,4144,12.420817289777668,1
3715,Branch_4369,4141,4142,63.492063492063494,1
3716,Branch_4370,4141,4143,95.23809523809524,1
3717,Branch_4371,1266,1615,4.595588235294118,1
3718,Branch_4372,6651,7500,292.39766081871346,1
3719,Branch_4373,6651,7501,292.39766081871346,1
3720,Branch_4374,7843,7980,7.666360012266176,1
3721,Branch_4375,7980,8321,3.8370040672243113,1
3722,Branch_4376,7888,7980,2.6962899050905955,1
3723,Branch_4377,7849,7980,6.952169076751947,1
3724,Branch_4378,7843,7989,1.614595947364172,1
3725,Branch_4379,8872,8871,8.902341315766046,1
3726,Branch_4380,2652,2651,4.130183380142078,1
3727,Branch_4381,2652,2651,4.130183380142078,1
3728,Branch_4382,6808,6966,105.04201680672269,1
3729,Branch_4384,3581,3580,5.230946278181723,1
3730,Branch_4385,42,1565,56.33802816901409,1
3731,Branch_4386,858,1565,15.629884338855893,1
3732,Branch_4387,6501,6500,5.00175061271445,1
3733,Branch_4388,6503,6502,12.003360941063498,1
3734,Branch_4389,6490,6501,2000.0,1
3735,Branch_4391,5890,6083,10.862480990658266,1
3736,Branch_4392,5940,6083,12.81722635221738,1
3737,Branch_4395,6501,6503,168.9189189189189,1
3738,Branch_4396,5760,5967,35.19887363604364,1
3739,Branch_4398,6153,6154,3.6084148233680944,1
3740,Branch_4399,5967,6153,134.2281879194631,1
3741,Branch_4400,1129,1137,13.315579227696405,1
3742,Branch_4401,1129,1139,13.422818791946309,1
3743,Branch_4402,1129,1138,13.315579227696405,1
3744,Branch_4403,1129,1135,13.717421124828531,1
3745,Branch_4404,1130,1133,13.315579227696405,1
3746,Branch_4405,1130,1140,13.315579227696405,1
3747,Branch_4406,1130,1136,13.717421124828531,1
3748,Branch_4407,1129,1134,19.611688566385567,1
3749,Branch_4408,1217,1218,14.326647564469914,1
3750,Branch_4409,1217,1218,14.326647564469914,1
3751,Branch_4410,1128,1129,2000.0,1
3752,Branch_4411,1128,1129,2000.0,1
3753,Branch_4412,1130,1141,2000.0,1
3754,Branch_4413,1130,1141,2000.0,1
3755,Branch_4414,873,874,95.60229445506693,1
3756,Branch_4415,875,1270,81.9672131147541,1
3757,Branch_4416,874,1268,85.1063829787234,1
3758,Branch_4417,873,1112,199.20318725099602,1
3759,Branch_4418,873,1081,178.89087656529517,1
3760,Branch_4419,874,876,2000.0,1
3761,Branch_4420,6348,6349,8.791208791208792,1
3762,Branch_4421,2920,2922,46.27487274409995,1
3763,Branch_4422,2918,2922,-460.8294930875576,1
3764,Branch_4423,2923,2922,8.986340762041696,1
3765,Branch_4424,2920,2919,46.59832246039143,1
3766,Branch_4425,2918,2919,-476.1904761904762,1
3767,Branch_4426,2921,2919,8.991997122560921,1
3768,Branch_4427,6341,6348,39.23107100823852,1
3769,Branch_4428,4835,4836,12.661433274246646,1
3770,Branch_4429,4835,4837,14.001680201624195,1
3771,Branch_4430,4828,4835,205.76131687242798,1
3772,Branch_4431,6564,6565,10.74922068150059,1
3773,Branch_4432,6564,6566,10.902747492368077,1
3774,Branch_4433,6546,6564,1369.86301369863,1
3775,Branch_4435,6807,7533,1351.3513513513512,1
3776,Branch_4436,6807,6806,13.689253935660506,1
3777,Branch_4437,2690,3399,23.304591004427873,1
3778,Branch_4439,5831,5889,10.676916506512919,1
3779,Branch_4440,5831,6290,2000.0,1
3780,Branch_4441,5831,6167,8.555783709787816,1
3781,Branch_4442,6746,7585,122.24938875305624,1
3782,Branch_4445,6746,7614,2000.0,1
3783,Branch_4447,100,6746,16.002560409665545,1
3784,Branch_4448,6746,6995,109.40919037199124,1
3785,Branch_4449,6586,6585,14.110342881332016,1
3786,Branch_4450,6586,6587,10.529640939243972,1
3787,Branch_4451,3328,4439,2000.0,1
3788,Branch_4452,6897,7368,138.69625520110958,1
3789,Branch_4453,7306,7368,79.23930269413628,1
3790,Branch_4454,7304,7369,15.535187199005748,1
3791,Branch_4455,7137,7369,45.62043795620438,1
3792,Branch_4458,6168,6250,29.735355337496284,1
3793,Branch_4459,5962,6250,7.85299198994817,1
3794,Branch_4460,5924,6250,4.391936404760859,1
3795,Branch_4461,6527,6528,13.831258644536653,1
3796,Branch_4462,6516,6527,2000.0,1
3797,Branch_4466,6168,6457,8.548469823901522,1
3798,Branch_4467,9428,9430,2000.0,1
3799,Branch_4470,5659,5661,19.79414093428345,1
3800,Branch_4471,5661,5662,92.85051067780873,1
3801,Branch_4472,750,1052,162.60162601626016,1
3802,Branch_4473,750,1016,116.82242990654206,1
3803,Branch_4474,807,1263,2000.0,1
3804,Branch_4475,807,1263,2000.0,1
3805,Branch_4476,2735,2736,8.89125989152663,1
3806,Branch_4477,2735,2738,8.89125989152663,1
3807,Branch_4478,2735,2739,8.89125989152663,1
3808,Branch_4479,2735,2737,8.89125989152663,1
3809,Branch_4480,2735,9622,369.00369003690037,1
3810,Branch_4481,8759,8760,16.54807214959457,1
3811,Branch_4482,8756,8759,2000.0,1
3812,Branch_4486,7143,7274,96.24639076034649,1
3813,Branch_4487,4821,4927,2000.0,1
3814,Branch_4488,4821,4822,20.084354288009642,1
3815,Branch_4489,4821,4823,20.084354288009642,1
3816,Branch_4490,8686,8687,12.691965985531159,1
3817,Branch_4491,8661,8686,216.45021645021646,1
3818,Branch_4492,7010,7011,22.109219544550076,1
3819,Branch_4493,7010,7339,7.495689978262499,1
3820,Branch_4494,7011,7148,53.219797764768494,1
3821,Branch_4495,7011,7272,60.93845216331505,1
3822,Branch_4496,6950,7010,20.189783969311527,1
3823,Branch_4497,7043,7417,47.596382674916704,1
3824,Branch_4498,6905,7417,94.42870632672333,1
3825,Branch_4499,6891,7417,98.32841691248771,1
3826,Branch_4503,658,826,148.14814814814815,1
3827,Branch_4504,646,658,226.75736961451247,1
3828,Branch_4505,7123,7294,9.7380465478625,1
3829,Branch_4506,7123,7406,12.802458071949815,1
3830,Branch_4507,5821,5840,25.374270489723422,1
3831,Branch_4508,5832,5840,31.357792411414238,1
3832,Branch_4509,5611,5677,375.9398496240602,1
3833,Branch_4510,5605,5611,2000.0,1
3834,Branch_4511,5789,5985,6.128201985537443,1
3835,Branch_4512,5789,5800,9.066183136899365,1
3836,Branch_4515,448,503,1315.7894736842106,1
3837,Branch_4516,86,448,30.693677102516883,1
3838,Branch_4517,448,897,30.835646006783843,1
3839,Branch_4519,1231,1599,156.25,1
3840,Branch_4520,767,1231,48.99559039686428,1
3841,Branch_4521,5071,5069,15.082956259426847,1
3842,Branch_4522,5071,5070,15.082956259426847,1
3843,Branch_4523,7086,7085,13.914011409489357,1
3844,Branch_4524,7017,7085,15.878056525881233,1
3845,Branch_4525,7086,7276,8.253549026081215,1
3846,Branch_4526,6643,7085,28.727377190462512,1
3847,Branch_4527,6708,7085,7.830240388379924,1
3848,Branch_4528,7085,7087,2000.0,1
3849,Branch_4529,4600,5071,2000.0,1
3850,Branch_4530,4807,4828,82.98755186721992,1
3851,Branch_4532,9037,9038,15.010507355148604,1
3852,Branch_4533,9026,9038,13.599891200870394,1
3853,Branch_4534,9037,9099,6.169031462060457,1
3854,Branch_4535,9038,9129,2.9324653235975484,1
3855,Branch_4536,9037,9107,5.435668859053107,1
3856,Branch_4537,9038,9187,10.15434606011373,1
3857,Branch_4538,8936,9038,19.18649270913277,1
3858,Branch_4539,9336,9461,140.4494382022472,1
3859,Branch_4540,9461,9462,10.427528675703858,1
3860,Branch_4541,5876,5890,14.511681903932665,1
3861,Branch_4542,5876,5885,3.8668264954951472,1
3862,Branch_4545,5392,5391,6.218905472636816,1
3863,Branch_4546,5657,5701,32.637075718015666,1
3864,Branch_4547,5441,5443,20.36659877800407,1
3865,Branch_4548,5441,5442,2.7404017428955085,1
3866,Branch_4549,5368,5441,72.15007215007215,1
3867,Branch_4550,5379,5441,30.3951367781155,1
3868,Branch_4551,5441,5550,19.496977968414896,1
3869,Branch_4552,7686,7782,18.01801801801802,1
3870,Branch_4553,7782,7864,15.873015873015873,1
3871,Branch_4554,7696,8067,3.45447008428907,1
3872,Branch_4555,6067,7696,5.684402000909504,1
3873,Branch_4557,1579,1708,85.17887563884156,1
3874,Branch_4558,314,1579,91.6590284142988,1
3875,Branch_4559,3195,3327,25.926886180969664,1
3876,Branch_4560,2331,2330,14.78415138971023,1
3877,Branch_4561,3620,4000,50.55611729019211,1
3878,Branch_4562,2359,2358,1.4442310191938301,1
3879,Branch_4563,1849,1851,30.111412225233362,1
3880,Branch_4564,1850,1851,-233.6448598130841,1
3881,Branch_4565,1853,1851,9.004141905276427,1
3882,Branch_4566,1849,1852,25.806451612903224,1
3883,Branch_4567,1850,1852,-108.34236186348862,1
3884,Branch_4568,1854,1852,5.991611743559018,1
3885,Branch_4569,1990,2359,2000.0,1
3886,Branch_4570,542,1586,980.3921568627451,1
3887,Branch_4571,1586,1629,193.7984496124031,1
3888,Branch_4572,7542,7646,43.51610095735422,1
3889,Branch_4574,2730,2961,6.889424733034792,1
3890,Branch_4575,2730,3602,6.660893891960301,1
3891,Branch_4576,6023,6161,35.49875754348598,1
3892,Branch_4577,5993,6023,12.891581797086502,1
3893,Branch_4580,6510,6509,10.183299389002038,1
3894,Branch_4581,6510,6508,11.516756881262237,1
3895,Branch_4583,4542,4877,68.82312456985547,1
3896,Branch_4585,9340,9587,182.4817518248175,1
3897,Branch_4586,9587,9619,2000.0,1
3898,Branch_4587,9587,9655,123.76237623762377,1
3899,Branch_4588,5819,6510,404.8582995951417,1
3900,Branch_4589,1339,1377,46.57661853749418,1
3901,Branch_4590,1338,1599,67.79661016949153,1
3902,Branch_4591,315,1339,40.51863857374392,1
3903,Branch_4592,1338,1600,819.672131147541,1
3904,Branch_4593,1339,1340,132.1003963011889,1
3905,Branch_4594,1338,1341,41.06776180698152,1
3906,Branch_4597,6621,6720,200.0,1
3907,Branch_4598,6621,6672,135.50135501355012,1
3908,Branch_4599,9316,9591,2000.0,1
3909,Branch_4600,9612,9615,141.44271570014143,1
3910,Branch_4601,9613,9615,17.953321364452425,1
3911,Branch_4602,9614,9615,17.83484929552345,1
3912,Branch_4603,9591,9612,2000.0,1
3913,Branch_4604,335,1174,65.06180871828236,1
3914,Branch_4605,1174,1514,151.285930408472,1
3915,Branch_4607,1174,1171,14.374011786689666,1
3916,Branch_4608,1174,1173,14.378145219266715,1
3917,Branch_4609,1174,1170,14.371945961483185,1
3918,Branch_4610,1174,1172,14.230823964707557,1
3919,Branch_4611,2036,2638,33.88681802778719,1
3920,Branch_4612,2036,2385,201.61290322580646,1
3921,Branch_4613,2036,2659,91.24087591240875,1
3922,Branch_4614,1730,1789,26.52519893899204,1
3923,Branch_4615,1730,1750,130.89005235602093,1
3924,Branch_4616,1730,2440,113.12217194570135,1
3925,Branch_4617,1941,2010,57.142857142857146,1
3926,Branch_4618,2010,2207,74.90636704119851,1
3927,Branch_4619,218,858,877.1929824561404,1
3928,Branch_4620,218,221,390.625,1
3929,Branch_4621,212,221,9.514747859181732,1
3930,Branch_4622,213,221,9.48676596148373,1
3931,Branch_4623,218,219,353.35689045936397,1
3932,Branch_4624,214,219,9.908838684106223,1
3933,Branch_4625,215,219,9.813542688910697,1
3934,Branch_4626,218,220,314.4654088050315,1
3935,Branch_4627,216,220,10.068465565847765,1
3936,Branch_4628,217,220,10.024057738572575,1
3937,Branch_4629,1927,2559,24.563989191844755,1
3938,Branch_4630,1927,2558,6.695232994108195,1
3939,Branch_4631,6783,7313,9.399379640943698,1
3940,Branch_4632,6783,7065,14.755791648221926,1
3941,Branch_4633,6783,7155,3.872216844143272,1
3942,Branch_4634,6778,6783,9.821253191907287,1
3943,Branch_4635,7489,7488,6.818491749624983,1
3944,Branch_4636,7489,7488,6.818491749624983,1
3945,Branch_4637,4824,4825,12.306177701206005,1
3946,Branch_4638,4824,4826,8.880994671403197,1
3947,Branch_4639,4807,4824,283.28611898017,1
3948,Branch_4640,3379,3972,9.736150326161036,1
3949,Branch_4641,3267,3972,5.590339892665474,1
3950,Branch_4642,9681,9683,37.18854592785422,1
3951,Branch_4643,9682,9684,37.18854592785422,1
3952,Branch_4644,8155,8451,520.8333333333334,1
3953,Branch_4645,9685,9683,16.68613382279326,1
3954,Branch_4646,9685,9684,16.929067208396816,1
3955,Branch_4647,8155,8571,102.77492291880782,1
3956,Branch_4648,8155,8571,102.77492291880782,1
3957,Branch_4649,6011,6010,8.274036074797285,1
3958,Branch_4650,5882,6011,22.893772893772894,1
3959,Branch_4654,6011,6522,13.238019592268996,1
3960,Branch_4655,5872,6010,12.414649286157665,1
3961,Branch_4656,5991,6010,8.218952905399853,1
3962,Branch_4657,6010,6070,3.6391426179991995,1
3963,Branch_4658,5871,6010,7.15922107674685,1
3964,Branch_4659,6011,6426,12.871669455528382,1
3965,Branch_4660,1846,1847,4.370629370629371,1
3966,Branch_4661,1846,1847,4.80884828083674,1
3967,Branch_4663,2751,3095,111.48272017837235,1
3968,Branch_4664,2751,3137,197.23865877712032,1
3969,Branch_4665,7291,7551,17.205781142463866,1
3970,Branch_4666,569,756,123.45679012345678,1
3971,Branch_4667,568,756,61.12469437652812,1
3972,Branch_4668,7989,7990,7.987220447284345,1
3973,Branch_4670,7990,8317,2000.0,1
3974,Branch_4671,5886,6298,4.685376938574708,1
3975,Branch_4672,5886,5888,54.585152838427945,1
3976,Branch_4673,5886,6437,10.049241282283187,1
3977,Branch_4674,5888,7932,3.428414701042238,1
3978,Branch_4675,8597,8599,8.623663332183511,1
3979,Branch_4676,8597,8598,8.686587908269631,1
3980,Branch_4677,8526,8597,92.50693802035153,1
3981,Branch_4678,567,569,156.25,1
3982,Branch_4679,92,569,208.33333333333334,1
3983,Branch_4680,4133,5109,24.515812699190977,1
3984,Branch_4681,2479,5109,11.032656663724625,1
3985,Branch_4682,3023,3181,6.3742988271290155,1
3986,Branch_4683,7554,7647,67.15916722632639,1
3987,Branch_4684,7534,7647,38.19709702062643,1
3988,Branch_4685,8298,8386,159.4896331738437,1
3989,Branch_4686,8322,8386,367.6470588235294,1
3990,Branch_4687,2088,2091,12.232415902140673,1
3991,Branch_4688,2088,2090,12.232415902140673,1
3992,Branch_4689,2088,2089,18.25150574922431,1
3993,Branch_4690,6534,6533,8.982304859426929,1
3994,Branch_4691,6258,6534,1428.5714285714287,1
3995,Branch_4692,7130,7131,5.396654074473826,1
3996,Branch_4693,7131,7249,27.107617240444565,1
3997,Branch_4694,7105,7439,1428.5714285714287,1
3998,Branch_4695,6659,7105,11.462631820265933,1
3999,Branch_4696,7105,7295,95.69377990430623,1
4000,Branch_4697,7024,7246,3.1017369727047144,1
4001,Branch_4698,6916,7130,3.286230693394676,1
4002,Branch_4699,509,1455,8.648274669203493,1
4003,Branch_4700,8972,9090,19.01863826550019,1
4004,Branch_4701,8972,9211,6.776445076912651,1
4005,Branch_4702,5339,5610,26.504108136761197,1
4006,Branch_4703,323,885,103.09278350515464,1
4007,Branch_4704,207,885,142.04545454545453,1
4008,Branch_4705,1429,1455,3.2372936225315634,1
4009,Branch_4707,712,1245,242.13075060532688,1
4010,Branch_4708,713,1245,245.09803921568627,1
4011,Branch_4709,888,1323,1428.5714285714287,1
4012,Branch_4710,888,1004,297.6190476190476,1
4013,Branch_4711,888,889,2.7979071654402508,1
4014,Branch_4712,888,890,2.7979071654402508,1
4015,Branch_4713,6683,6727,1470.5882352941176,1
4016,Branch_4714,6683,6684,8.64304235090752,1
4017,Branch_4715,6683,6685,8.64304235090752,1
4018,Branch_4716,9215,9315,62.93266205160478,1
4019,Branch_4717,2689,4896,265.9574468085106,1
4020,Branch_4719,2689,3209,225.22522522522522,1
4021,Branch_4720,9315,9314,14.255167498218103,1
4022,Branch_4721,422,416,4.738887309259786,1
4023,Branch_4722,422,417,4.738887309259786,1
4024,Branch_4723,422,418,4.738887309259786,1
4025,Branch_4724,422,419,4.738887309259786,1
4026,Branch_4725,422,420,4.738887309259786,1
4027,Branch_4726,422,421,4.738887309259786,1
4028,Branch_4727,422,423,4.739111890431733,1
4029,Branch_4728,422,424,4.739111890431733,1
4030,Branch_4729,371,373,2000.0,1
4031,Branch_4730,373,374,16.423057973394645,1
4032,Branch_4731,373,375,16.423057973394645,1
4033,Branch_4733,1096,1286,297.6190476190476,1
4034,Branch_4734,1148,1286,427.35042735042737,1
4035,Branch_4736,1530,1553,33.3000333000333,1
4036,Branch_4737,1530,1724,119.9040767386091,1
4037,Branch_4738,405,1224,54.70459518599562,1
4038,Branch_4739,405,1589,666.6666666666666,1
4039,Branch_4740,405,412,900.9009009009009,1
4040,Branch_4741,5297,5440,21.720243266724587,1
4041,Branch_4744,8217,8663,2000.0,1
4042,Branch_4745,6977,7474,4.198681613973212,1
4043,Branch_4746,6960,6961,2.392458969328676,1
4044,Branch_4749,6778,6960,21.677866897897246,1
4045,Branch_4750,6778,6960,34.34065934065934,1
4046,Branch_4752,4266,4267,9.054690329590729,1
4047,Branch_4753,7882,8321,2.2073593360263115,1
4048,Branch_4754,7882,8054,210.08403361344537,1
4049,Branch_4756,6318,6478,5.679559266200942,1
4050,Branch_4757,6060,6478,24.66091245376079,1
4051,Branch_4758,6323,6478,35.06311360448808,1
4052,Branch_4760,9397,9398,2000.0,1
4053,Branch_4761,1742,1743,4.883527860526445,1
4054,Branch_4762,2757,2758,13.908205841446453,1
4055,Branch_4763,4266,5109,4.546281142025823,1
4056,Branch_4764,8934,8985,7.939658594680429,1
4057,Branch_4765,566,1698,284.9002849002849,1
4058,Branch_4766,5942,6146,16.283992835043154,1
4059,Branch_4767,5992,6146,69.58942240779402,1
4060,Branch_4769,9063,9479,37.0919881305638,1
4061,Branch_4770,176,566,349.65034965034965,1
4062,Branch_4771,9211,9301,5.223023085762039,1
4063,Branch_4772,9091,9301,6.19463544570402,1
4064,Branch_4773,6918,7015,88.88888888888889,1
4065,Branch_4774,7015,7194,99.10802775024777,1
4066,Branch_4775,7119,7439,67.34006734006734,1
4067,Branch_4776,7119,7194,80.12820512820512,1
4068,Branch_4777,3541,3977,38.80481179666278,1
4069,Branch_4778,6977,6978,10.0,1
4070,Branch_4779,6888,7313,3.0700273232431767,1
4071,Branch_4780,2608,2610,38.58024691358025,1
4072,Branch_4781,2607,2610,56.91519635742743,1
4073,Branch_4782,2609,2610,12.73074474856779,1
4074,Branch_4783,372,1619,1886.7924528301887,1
4075,Branch_4784,372,782,298.5074626865672,1
4076,Branch_4785,6927,7492,14.186409419775854,1
4077,Branch_4786,7367,7492,25.387154100025388,1
4078,Branch_4787,536,1572,33.05785123966942,1
4079,Branch_4788,536,1631,330.03300330033005,1
4080,Branch_4789,4226,4689,8.780402142418122,1
4081,Branch_4790,7481,7482,17.55001755001755,1
4082,Branch_4791,7202,7481,9.214891264283082,1
4083,Branch_4793,1142,1668,85.39709649871904,1
4084,Branch_4794,1052,1668,70.92198581560284,1
4085,Branch_4795,674,906,73.20644216691069,1
4086,Branch_4796,245,906,480.7692307692308,1
4087,Branch_4797,906,907,5.01002004008016,1
4088,Branch_4798,1176,1277,78.61635220125787,1
4089,Branch_4799,267,1277,126.10340479192938,1
4090,Branch_4800,667,1086,219.2982456140351,1
4091,Branch_4801,1086,1596,122.54901960784314,1
4092,Branch_4802,3134,3350,4.593477262287552,1
4093,Branch_4803,3134,3637,5.588777734309507,1
4094,Branch_4804,1447,1567,27.59381898454746,1
4095,Branch_4807,7931,7933,2000.0,1
4096,Branch_4808,7932,7931,5.805515239477503,1
4097,Branch_4809,7932,7931,6.053635207942369,1
4098,Branch_4810,7932,8131,9.820288716488264,1
4099,Branch_4811,7933,8442,48.03073967339097,1
4100,Branch_4812,7908,7932,8.719916288803628,1
4101,Branch_4813,6403,7931,2000.0,1
4102,Branch_4814,7931,8231,37.03703703703704,1
4103,Branch_4815,7118,7474,1.8501387604070305,1
4104,Branch_4819,645,1318,255.10204081632654,1
4105,Branch_4820,1317,1318,2000.0,1
4106,Branch_4821,952,1317,55.005500550055004,1
4107,Branch_4822,6919,7202,5.884776084269993,1
4108,Branch_4823,6919,7419,2.9292012068308972,1
4109,Branch_4824,6911,6912,10.259567046270647,1
4110,Branch_4826,1760,6911,11.28158844765343,1
4111,Branch_4827,6912,7146,44.9034575662326,1
4112,Branch_4828,6911,7096,3.858917959404183,1
4113,Branch_4829,6912,7019,7.932730445819451,1
4114,Branch_4830,6955,7330,3.8476337052712584,1
4115,Branch_4831,2278,2276,14.355440712029859,1
4116,Branch_4832,2278,2277,5.370280865689275,1
4117,Branch_4833,7017,7215,11.640088464672331,1
4118,Branch_4834,1214,1445,344.82758620689657,1
4119,Branch_4835,176,1214,318.47133757961785,1
4120,Branch_4837,6938,7366,14.092446448703495,1
4121,Branch_4838,7992,8499,7.00770847932726,1
4122,Branch_4839,8056,8499,9.512937595129376,1
4123,Branch_4840,7902,8499,24.06159769008662,1
4124,Branch_4841,8936,9110,5.007511266900351,1
4125,Branch_4842,5752,6071,2000.0,1
4126,Branch_4843,5732,6071,2000.0,1
4127,Branch_4844,1533,1542,100.20040080160321,1
4128,Branch_4845,1534,1542,218.34061135371178,1
4129,Branch_4846,1543,1542,11.990407673860911,1
4130,Branch_4847,1533,1539,98.71668311944718,1
4131,Branch_4848,1534,1539,198.80715705765408,1
4132,Branch_4849,1537,1539,12.202562538133009,1
4133,Branch_4850,1533,1540,54.31830526887561,1
4134,Branch_4851,1534,1540,-243.90243902439025,1
4135,Branch_4852,1536,1540,10.554089709762533,1
4136,Branch_4853,1533,1541,86.13264427217915,1
4137,Branch_4854,1535,1541,134.40860215053763,1
4138,Branch_4855,1538,1541,9.489466691971911,1
4139,Branch_4857,1534,1588,112.4859392575928,1
4140,Branch_4858,1422,1533,378.7878787878788,1
4141,Branch_4859,660,1535,189.0359168241966,1
4142,Branch_4860,1534,1693,173.61111111111111,1
4143,Branch_4861,1534,1692,166.9449081803005,1
4144,Branch_4862,962,1533,78.61635220125787,1
4145,Branch_4863,943,1535,138.88888888888889,1
4146,Branch_4865,723,1534,151.05740181268882,1
4147,Branch_4866,722,1534,83.05647840531562,1
4148,Branch_4867,68,1533,79.93605115907275,1
4149,Branch_4868,6752,7587,2000.0,1
4150,Branch_4869,316,369,47.57373929590866,1
4151,Branch_4870,316,1513,99.00990099009901,1
4152,Branch_4872,316,1702,2000.0,1
4153,Branch_4873,9705,9704,7.202535292422933,1
4154,Branch_4874,9705,9706,2000.0,1
4155,Branch_4875,4341,4718,41.71881518564873,1
4156,Branch_4876,323,1451,14.662756598240469,1
4157,Branch_4877,6752,6751,9.160025648071814,1
4158,Branch_4878,6752,6753,8.624407072013799,1
4159,Branch_4880,4758,4771,37.664783427495294,1
4160,Branch_4881,5664,5666,26.52519893899204,1
4161,Branch_4882,540,645,25.581990278843694,1
4162,Branch_4883,2791,2790,17.032873445750297,1
4163,Branch_4884,4341,4730,2000.0,1
4164,Branch_4885,100,1443,147.71048744460856,1
4165,Branch_4886,1442,1443,30.339805825242717,1
4166,Branch_4887,1441,1442,7.432181345224824,1
4167,Branch_4888,647,1442,11.282861333634209,1
4168,Branch_4889,978,1441,6.846501437765302,1
4169,Branch_4890,107,1441,5.553087516659263,1
4170,Branch_4891,1099,1441,6.8756875687568755,1
4171,Branch_4892,312,1442,24.044241404183698,1
4172,Branch_4893,976,1442,45.06534474988734,1
4173,Branch_4894,4570,4573,29.472443265546715,1
4174,Branch_4895,4569,4570,24.65483234714004,1
4175,Branch_4896,74,175,275.4820936639118,1
4176,Branch_4898,9311,9495,177.61989342806393,1
4177,Branch_4899,9495,9494,15.441630636195182,1
4178,Branch_4900,9311,9312,19.48178453146308,1
4179,Branch_4901,9311,9313,15.441630636195182,1
4180,Branch_4902,9311,9331,260.4166666666667,1
4181,Branch_4903,3933,4507,46.554934823091244,1
4182,Branch_4904,231,1706,224.2152466367713,1
4183,Branch_4906,5689,5687,6.916107614634484,1
4184,Branch_4907,5689,5688,15.124016938898972,1
4185,Branch_4908,5251,5689,108.45986984815619,1
4186,Branch_4909,5766,5875,44.38526409232135,1
4187,Branch_4910,5766,6160,350.87719298245617,1
4188,Branch_4911,6053,6059,69.15629322268326,1
4189,Branch_4912,6051,6059,719.4244604316547,1
4190,Branch_4913,6058,6059,10.684902233144566,1
4191,Branch_4914,6053,6052,68.58710562414267,1
4192,Branch_4915,6054,6052,662.2516556291391,1
4193,Branch_4916,6056,6052,10.481081647626034,1
4194,Branch_4917,5981,6054,23.713540431586434,1
4195,Branch_4918,6053,6115,73.85524372230428,1
4196,Branch_4919,5796,6055,20.124773596297043,1
4197,Branch_4921,5943,6053,39.77724741447892,1
4198,Branch_4922,5825,6055,13.614703880190605,1
4199,Branch_4923,5756,6051,934.5794392523364,1
4200,Branch_4925,537,1706,195.3125,1
4201,Branch_4926,3875,4405,8.410428931875526,1
4202,Branch_4931,231,371,131.75230566534916,1
4203,Branch_4932,231,248,41.77109440267335,1
4204,Branch_4934,231,1707,1204.8192771084337,1
4205,Branch_4936,1114,1399,81.43322475570032,1
4206,Branch_4937,1112,1398,83.2639467110741,1
4207,Branch_4938,1399,1523,152.67175572519085,1
4208,Branch_4939,1398,1521,153.84615384615384,1
4209,Branch_4941,1396,1399,2000.0,1
4210,Branch_4942,1397,1398,2000.0,1
4211,Branch_4943,2814,4341,2000.0,1
4212,Branch_4944,2815,4341,2000.0,1
4213,Branch_4945,547,549,2000.0,1
4214,Branch_4946,547,1669,107.29613733905579,1
4215,Branch_4947,547,1671,78.80220646178093,1
4216,Branch_4948,547,798,214.13276231263384,1
4217,Branch_4949,549,797,217.8649237472767,1
4218,Branch_4950,548,549,2000.0,1
4219,Branch_4951,547,553,107.87486515641855,1
4220,Branch_4952,547,555,79.05138339920948,1
4221,Branch_4953,3839,3846,44.54342984409799,1
4222,Branch_4954,3842,3846,-2000.0,1
4223,Branch_4955,3844,3846,7.99744081893794,1
4224,Branch_4956,3839,3847,46.27487274409995,1
4225,Branch_4957,3843,3847,-460.8294930875576,1
4226,Branch_4958,3845,3847,9.042408897730356,1
4227,Branch_4959,3978,3981,25.44529262086514,1
4228,Branch_4960,3977,3981,-112.35955056179775,1
4229,Branch_4961,3982,3981,5.813953488372093,1
4230,Branch_4962,3978,3980,30.67484662576687,1
4231,Branch_4963,3977,3980,-370.3703703703704,1
4232,Branch_4964,3979,3980,10.893246187363834,1
4233,Branch_4965,4265,5123,57.24098454493417,1
4234,Branch_4966,5124,5123,9.374707040404987,1
4235,Branch_4967,4583,5123,512.8205128205128,1
4236,Branch_4968,4942,5123,7.6464291176020796,1
4237,Branch_4969,4051,5123,50.505050505050505,1
4238,Branch_4970,246,771,284.09090909090907,1
4239,Branch_4971,246,1675,641.025641025641,1
4240,Branch_4972,9066,9067,5.541701302299806,1
4241,Branch_4973,165,167,757.5757575757576,1
4242,Branch_4974,165,1435,91.74311926605505,1
4243,Branch_4975,204,1178,2000.0,1
4244,Branch_4976,204,1636,34.83106931382793,1
4245,Branch_4977,4539,4538,5.589714924538849,1
4246,Branch_4978,203,204,2000.0,1
4247,Branch_4979,5659,5660,23.110700254217704,1
4248,Branch_4980,5196,5199,7.423904974016333,1
4249,Branch_4981,5196,5198,12.858428700012858,1
4250,Branch_4982,5197,5196,42.19409282700422,1
4251,Branch_4983,4874,5197,208.33333333333334,1
4252,Branch_4984,7815,8129,300.3003003003003,1
4253,Branch_4985,8129,8130,237.52969121140143,1
4254,Branch_4986,8128,8129,9.103322712790169,1
4255,Branch_4987,8922,9343,7.599939200486396,1
4256,Branch_4988,9343,9344,2000.0,1
4257,Branch_4989,9069,9343,22.639800769753226,1
4258,Branch_4990,8855,8854,10.670081092616304,1
4259,Branch_4991,286,335,129.5336787564767,1
4260,Branch_4992,335,886,120.91898428053204,1
4261,Branch_4993,335,1563,326.797385620915,1
4262,Branch_4995,335,336,6.315523556902868,1
4263,Branch_4996,336,1364,2000.0,1
4264,Branch_4997,335,342,101.01010101010101,1
4265,Branch_4998,338,342,3.951007506914263,1
4266,Branch_4999,338,1358,2000.0,1
4267,Branch_5000,339,342,3.951007506914263,1
4268,Branch_5001,339,1359,2000.0,1
4269,Branch_5002,335,337,6.315523556902868,1
4270,Branch_5003,337,1366,2000.0,1
4271,Branch_5004,335,343,101.01010101010101,1
4272,Branch_5005,340,343,3.951007506914263,1
4273,Branch_5006,340,1358,2000.0,1
4274,Branch_5007,341,343,3.951007506914263,1
4275,Branch_5008,341,1357,2000.0,1
4276,Branch_5009,335,344,101.01010101010101,1
4277,Branch_5010,346,344,3.951007506914263,1
4278,Branch_5011,346,1355,2000.0,1
4279,Branch_5012,347,344,3.951007506914263,1
4280,Branch_5013,347,1356,2000.0,1
4281,Branch_5014,335,345,101.01010101010101,1
4282,Branch_5015,348,345,3.951007506914263,1
4283,Branch_5016,348,1355,2000.0,1
4284,Branch_5017,349,345,3.951007506914263,1
4285,Branch_5018,349,1356,2000.0,1
4286,Branch_5019,9279,9282,46.27487274409995,1
4287,Branch_5020,9278,9282,-460.8294930875576,1
4288,Branch_5021,9277,9282,9.00657479960371,1
4289,Branch_5022,9279,9280,45.187528242205154,1
4290,Branch_5023,9276,9280,-467.2897196261682,1
4291,Branch_5024,9281,9280,7.662248103593594,1
4292,Branch_5025,5941,6387,5.533728072602512,1
4293,Branch_5026,6067,6387,8.037939072421832,1
4294,Branch_5027,6387,6464,1250.0,1
4295,Branch_5028,5016,5017,2.8612303290414878,1
4296,Branch_5030,7177,7578,71.68458781362007,1
4297,Branch_5031,7432,7578,175.7469244288225,1
4298,Branch_5032,7578,7579,2000.0,1
4299,Branch_5033,7578,7580,2000.0,1
4300,Branch_5034,7240,7285,5.601299501484345,1
4301,Branch_5035,7285,7345,11.870845204178538,1
4302,Branch_5036,9131,9242,2000.0,1
4303,Branch_5037,3649,4452,38.55050115651503,1
4304,Branch_5038,7067,7079,4.466279589102278,1
4305,Branch_5039,8155,8316,1449.2753623188405,1
4306,Branch_5040,8315,8316,10.175010175010176,1
4307,Branch_5041,152,684,487.8048780487805,1
4308,Branch_5042,6664,6669,187.26591760299627,1
4309,Branch_5043,6664,7522,73.96449704142012,1
4310,Branch_5044,6669,6668,15.441630636195182,1
4311,Branch_5045,6664,6663,19.48178453146308,1
4312,Branch_5046,684,774,1724.1379310344828,1
4313,Branch_5047,4075,4391,109.89010989010988,1
4314,Branch_5048,3290,4075,2000.0,1
4315,Branch_5049,4075,4074,13.655605626109518,1
4316,Branch_5050,4075,4078,13.73437714599643,1
4317,Branch_5051,4073,4077,14.206563432305725,1
4318,Branch_5052,4073,4079,7.106310403638431,1
4319,Branch_5053,4075,4076,16.803898504453034,1
4320,Branch_5054,2864,3663,27.716186252771617,1
4321,Branch_5055,3289,4073,526.3157894736842,1
4322,Branch_5056,6622,7386,421.9409282700422,1
4323,Branch_5057,3353,9196,17.117425539198905,1
4324,Branch_5058,9188,9196,24.142926122646063,1
4325,Branch_5059,9197,9196,1.5109391998065997,1
4326,Branch_5060,9193,9197,19.42124684404739,1
4327,Branch_5061,2916,3508,73.47538574577517,1
4328,Branch_5062,3185,3508,138.50415512465375,1
4329,Branch_5063,3569,4788,41.58004158004158,1
4330,Branch_5064,3093,4788,72.67441860465117,1
4331,Branch_5066,6165,6853,6.024822267743102,1
4332,Branch_5067,6165,6391,2000.0,1
4333,Branch_5068,6165,6166,2000.0,1
4334,Branch_5069,6164,6165,2000.0,1
4335,Branch_5070,5761,5817,33.61344537815126,1
4336,Branch_5071,5952,6255,2000.0,1
4337,Branch_5072,1891,1892,22.988505747126435,1
4338,Branch_5073,1891,1904,29.585798816568047,1
4339,Branch_5074,1889,1896,25.77319587628866,1
4340,Branch_5075,1889,1894,28.41716396703609,1
4341,Branch_5076,1890,1897,44.662795891022775,1
4342,Branch_5077,1895,1904,11.750881316098708,1
4343,Branch_5078,1889,1902,133.6898395721925,1
4344,Branch_5079,1898,1902,9.355412105903264,1
4345,Branch_5080,1899,1902,9.267840593141798,1
4346,Branch_5081,1889,1903,130.3780964797914,1
4347,Branch_5082,1900,1903,9.42151874882231,1
4348,Branch_5083,1901,1903,9.270418095856122,1
4349,Branch_5084,1893,1904,10.29230135858378,1
4350,Branch_5085,1083,1084,7.604562737642586,1
4351,Branch_5086,6205,6208,26.068821689259646,1
4352,Branch_5087,6209,6204,6.984215672579969,1
4353,Branch_5088,6206,6207,4.19621501405732,1
4354,Branch_5089,3977,4043,144.50867052023122,1
4355,Branch_5090,2013,2082,6.475006475006475,1
4356,Branch_5091,3040,3195,58.13953488372093,1
4357,Branch_5092,9535,9603,826.4462809917355,1
4358,Branch_5093,5308,5592,2000.0,1
4359,Branch_5094,5308,5592,2000.0,1
4360,Branch_5095,3526,4345,34.746351633078525,1
4361,Branch_5096,6762,6763,3.955539733396622,1
4362,Branch_5097,6762,7616,354.6099290780142,1
4363,Branch_5098,5630,5631,2000.0,1
4364,Branch_5099,9414,9413,10.002000400080016,1
4365,Branch_5100,9325,9414,325.7328990228013,1
4366,Branch_5104,3697,3698,7.121999857560003,1
4367,Branch_5105,5662,5665,338.9830508474576,1
4368,Branch_5106,295,705,440.52863436123346,1
4369,Branch_5107,705,1013,127.38853503184713,1
4370,Branch_5108,3084,3083,2.881014116969173,1
4371,Branch_5109,1158,1159,4.459507670353193,1
4372,Branch_5110,1157,1159,10.464629552113855,1
4373,Branch_5111,1160,1159,0.8509841631847231,1
4374,Branch_5112,475,1158,2000.0,1
4375,Branch_5113,538,1161,11.595547309833025,1
4376,Branch_5114,974,1161,27.480076944215444,1
4377,Branch_5115,475,1233,34.78260869565217,1
4378,Branch_5116,351,475,163.3986928104575,1
4379,Branch_5117,7124,7236,32.6797385620915,1
4380,Branch_5118,7236,7350,2.829494652255107,1
4381,Branch_5120,7124,7596,3.4236023143551644,1
4382,Branch_5121,6743,7283,2000.0,1
4383,Branch_5122,6744,7284,2000.0,1
4384,Branch_5123,6963,7610,2000.0,1
4385,Branch_5124,6745,6964,2000.0,1
4386,Branch_5125,5421,5587,2000.0,1
4387,Branch_5126,5659,5701,30.599755201958384,1
4388,Branch_5127,4484,4485,10.596587898696619,1
4389,Branch_5129,6890,7355,18.01801801801802,1
4390,Branch_5130,7355,7460,19.98800719568259,1
4391,Branch_5131,7342,7343,3.4904013961605584,1
4392,Branch_5132,7343,7355,549.4505494505495,1
4393,Branch_5133,5013,5168,6.98616738857063,1
4394,Branch_5135,7880,7943,1298.7012987012988,1
4395,Branch_5136,5282,5539,112.4859392575928,1
4396,Branch_5137,5282,5319,18.248175182481752,1
4397,Branch_5138,5705,5706,14.287755393627661,1
4398,Branch_5139,5705,5707,12.671059300557527,1
4399,Branch_5140,1114,1588,133.33333333333334,1
4400,Branch_5141,1101,1690,128.53470437017995,1
4401,Branch_5142,914,1690,127.06480304955528,1
4402,Branch_5143,1690,1691,9.777082518576456,1
4403,Branch_5144,8024,8025,10.05126143330988,1
4404,Branch_5145,240,697,73.09941520467837,1
4405,Branch_5146,192,697,1724.1379310344828,1
4406,Branch_5147,696,697,1515.1515151515152,1
4407,Branch_5148,1007,1658,2000.0,1
4408,Branch_5149,1007,1654,2000.0,1
4409,Branch_5150,1658,1653,49.333991119881595,1
4410,Branch_5151,1654,1653,49.333991119881595,1
4411,Branch_5152,1653,1656,17.58087201125176,1
4412,Branch_5153,1653,1655,14.795088030773783,1
4413,Branch_5154,1653,1657,14.721036360959811,1
4414,Branch_5155,1653,1659,14.795088030773783,1
4415,Branch_5156,464,458,4.739336492890995,1
4416,Branch_5157,464,459,4.739336492890995,1
4417,Branch_5158,464,460,4.7395611166405995,1
4418,Branch_5159,464,461,4.7395611166405995,1
4419,Branch_5160,464,462,4.739336492890995,1
4420,Branch_5161,464,463,4.739336492890995,1
4421,Branch_5162,464,465,4.739336492890995,1
4422,Branch_5163,464,466,4.739336492890995,1
4423,Branch_5164,7516,7529,1470.5882352941176,1
4424,Branch_5165,7516,7530,1851.851851851852,1
4425,Branch_5166,6071,6075,109.89010989010988,1
4426,Branch_5167,6075,6526,694.4444444444445,1
4427,Branch_5168,5807,6071,2000.0,1
4428,Branch_5169,9470,9471,12.627857052658165,1
4429,Branch_5170,9470,9471,10.76426264800861,1
4430,Branch_5171,1650,1651,2000.0,1
4431,Branch_5172,1033,1650,44.58314757021846,1
4432,Branch_5173,1420,1650,141.24293785310735,1
4433,Branch_5174,303,1650,84.17508417508418,1
4434,Branch_5175,878,1651,35.486160397445,1
4435,Branch_5176,167,1650,85.47008547008546,1
4436,Branch_5177,1651,1652,2000.0,1
4437,Branch_5178,6035,6088,5.450779461462989,1
4438,Branch_5179,6034,6085,4.559547692868867,1
4439,Branch_5180,6036,6084,5.450779461462989,1
4440,Branch_5181,4680,4700,2000.0,1
4441,Branch_5182,4700,4699,6.4712353588300005,1
4442,Branch_5183,2662,2663,4.710759374411155,1
4443,Branch_5184,5934,5936,2000.0,1
4444,Branch_5185,5898,5935,78.49293563579278,1
4445,Branch_5186,5760,5934,88.261253309797,1
4446,Branch_5188,8117,8186,76.86395080707149,1
4447,Branch_5189,5981,5984,11.689070718877849,1
4448,Branch_5190,5980,5982,7.8982702788089405,1
4449,Branch_5191,5980,5982,7.8982702788089405,1
4450,Branch_5192,5981,5983,9.887284951552303,1
4451,Branch_5193,5980,5981,50.0,1
4452,Branch_5194,7766,8052,13.35113484646195,1
4453,Branch_5195,8052,8051,8.257638315441783,1
4454,Branch_5196,8052,8051,8.257638315441783,1
4455,Branch_5197,6712,7629,10.400416016640666,1
4456,Branch_5198,6670,7629,79.74481658692186,1
4457,Branch_5199,5628,5629,2000.0,1
4458,Branch_5200,241,1114,139.66480446927375,1
4459,Branch_5201,241,777,248.75621890547265,1
4460,Branch_5202,6650,6710,343.64261168384877,1
4461,Branch_5203,6650,6711,343.64261168384877,1
4462,Branch_5204,6650,6927,99.30486593843098,1
4463,Branch_5205,6650,7548,20.120724346076457,1
4464,Branch_5206,6650,7514,581.3953488372093,1
4465,Branch_5207,6650,7515,680.2721088435375,1
4466,Branch_5208,6327,6486,14.338973329509606,1
4467,Branch_5210,6486,6570,7.287567409998543,1
4468,Branch_5211,6161,6486,6.612444620776301,1
4469,Branch_5212,7057,7422,25.523226135783563,1
4470,Branch_5215,3509,4185,2000.0,1
4471,Branch_5216,2870,2887,101.31712259371834,1
4472,Branch_5218,2924,4018,13.469827586206897,1
4473,Branch_5219,5228,5243,22.48201438848921,1
4474,Branch_5223,542,1448,158.9825119236884,1
4475,Branch_5224,962,1383,2000.0,1
4476,Branch_5225,962,1385,2000.0,1
4477,Branch_5226,962,1380,2000.0,1
4478,Branch_5227,1383,1384,19.23076923076923,1
4479,Branch_5228,1380,1381,14.388489208633093,1
4480,Branch_5229,1385,1382,14.41545336600836,1
4481,Branch_5230,563,1215,62.266500622665006,1
4482,Branch_5231,563,659,51.282051282051285,1
4483,Branch_5232,6647,7489,458.7155963302752,1
4484,Branch_5233,2692,2695,17.322016282695305,1
4485,Branch_5234,2692,2696,17.283097131005878,1
4486,Branch_5236,805,1601,195.3125,1
4487,Branch_5237,296,1601,170.35775127768312,1
4488,Branch_5238,5660,5675,2000.0,1
4489,Branch_5239,293,1601,117.50881316098707,1
4490,Branch_5240,755,1601,166.11295681063123,1
4491,Branch_5241,758,1474,153.84615384615384,1
4492,Branch_5245,441,440,3.4748766418792134,1
4493,Branch_5246,695,826,66.57789613848202,1
4494,Branch_5247,695,1623,438.5964912280702,1
4495,Branch_5248,1323,1699,230.94688221709006,1
4496,Branch_5249,1323,1528,1538.4615384615386,1
4497,Branch_5251,516,1323,106.04453870625663,1
4498,Branch_5252,1323,1322,8.066467693796886,1
4499,Branch_5253,1323,1320,7.769404086706549,1
4500,Branch_5254,1323,1319,7.980209081477935,1
4501,Branch_5255,1323,1321,8.166598611678236,1
4502,Branch_5256,1052,1373,202.42914979757086,1
4503,Branch_5257,1303,1373,218.8183807439825,1
4504,Branch_5258,240,1101,193.42359767891682,1
4505,Branch_5259,6881,6875,15.358623867301489,1
4506,Branch_5260,6880,6872,15.344483658124904,1
4507,Branch_5261,6879,6877,33.523298692591354,1
4508,Branch_5264,6873,6879,2000.0,1
4509,Branch_5265,6873,6881,1428.5714285714287,1
4510,Branch_5266,6873,6880,1250.0,1
4511,Branch_5267,6873,7577,42.680324370465215,1
4512,Branch_5268,6873,7034,25.87991718426501,1
4513,Branch_5269,6873,7297,39.18495297805643,1
4514,Branch_5270,6873,7568,40.08016032064128,1
4515,Branch_5271,1871,2038,78.80220646178093,1
4516,Branch_5272,2038,2045,57.50431282346176,1
4517,Branch_5274,2537,2538,361.01083032490976,1
4518,Branch_5275,2600,2614,155.03875968992247,1
4519,Branch_5276,1764,2600,29.753049687592977,1
4520,Branch_5277,1740,1888,61.804697156983934,1
4521,Branch_5278,1740,1965,95.41984732824427,1
4522,Branch_5279,1740,2370,22.512381809995496,1
4523,Branch_5280,1740,1910,36.88675765400221,1
4524,Branch_5281,1740,2527,63.05170239596469,1
4525,Branch_5282,1740,2161,108.34236186348862,1
4526,Branch_5283,1740,1770,32.98153034300792,1
4527,Branch_5284,2238,2368,37.257824143070046,1
4528,Branch_5285,1872,2238,32.927230819888045,1
4529,Branch_5286,6871,6891,163.66612111292963,1
4530,Branch_5287,6689,6697,1219.5121951219512,1
4531,Branch_5289,6689,7638,2000.0,1
4532,Branch_5291,6697,6698,9.112447603426281,1
4533,Branch_5292,6697,6699,9.112447603426281,1
4534,Branch_5293,685,688,195.69471624266146,1
4535,Branch_5294,688,787,94.9667616334283,1
4536,Branch_5295,403,687,42.158516020236085,1
4537,Branch_5298,686,687,320.5128205128205,1
4538,Branch_5299,7937,8109,5.5589526933125795,1
4539,Branch_5300,8109,8110,81.36696501220504,1
4540,Branch_5301,7715,8109,15.246226558926665,1
4541,Branch_5302,687,1672,632.9113924050633,1
4542,Branch_5303,706,829,2000.0,1
4543,Branch_5304,2643,2644,32.341526520051744,1
4544,Branch_5305,2638,2644,-378.7878787878788,1
4545,Branch_5306,2645,2644,6.811061163329247,1
4546,Branch_5307,2643,2638,36.77822728944465,1
4547,Branch_5308,2643,2640,-2000.0,1
4548,Branch_5309,2637,2640,46.04051565377532,1
4549,Branch_5310,2639,2640,4.929751047572098,1
4550,Branch_5311,2643,2642,-2000.0,1
4551,Branch_5312,2637,2642,46.125461254612546,1
4552,Branch_5313,2641,2642,4.870208931963181,1
4553,Branch_5314,6882,6930,33.47840642785403,1
4554,Branch_5315,2370,2366,43.17789291882556,1
4555,Branch_5316,2370,2363,65.359477124183,1
4556,Branch_5319,2367,2362,74.6268656716418,1
4557,Branch_5320,2367,2373,56.78591709256104,1
4558,Branch_5321,9011,9307,2000.0,1
4559,Branch_5322,5857,9011,6.749460043196544,1
4560,Branch_5323,9011,9099,86.20689655172414,1
4561,Branch_5324,2148,2156,19.4325689856199,1
4562,Branch_5325,264,265,4.784688995215311,1
4563,Branch_5326,264,266,4.784688995215311,1
4564,Branch_5329,6712,6927,961.5384615384615,1
4565,Branch_5331,2028,2246,2000.0,1
4566,Branch_5332,2028,2604,9.05961224859576,1
4567,Branch_5334,105,104,7.693491306354824,1
4568,Branch_5335,7089,7314,5.750100626760968,1
4569,Branch_5336,2604,3154,8.161266628580755,1
4570,Branch_5337,1619,1620,112.2334455667789,1
4571,Branch_5338,105,1619,1030.9278350515465,1
4572,Branch_5339,1620,1621,862.0689655172414,1
4573,Branch_5340,105,1621,1030.9278350515465,1
4574,Branch_5341,6882,7286,9.276437847866418,1
4575,Branch_5342,6882,7253,12.244398187829068,1
4576,Branch_5344,6973,7314,40.14452027298274,1
4577,Branch_5345,6855,7251,8.676036786395974,1
4578,Branch_5346,6855,7469,47.37091425864519,1
4579,Branch_5347,105,106,6.325510784995888,1
4580,Branch_5348,6131,6376,934.5794392523364,1
4581,Branch_5349,5867,6313,3.5655708478927477,1
4582,Branch_5350,5868,6347,7.027900766041183,1
4583,Branch_5351,3391,4743,185.5287569573284,1
4584,Branch_5352,2709,4742,552.4861878453039,1
4585,Branch_5353,2722,4742,2000.0,1
4586,Branch_5354,2723,4742,2000.0,1
4587,Branch_5355,5788,6242,34.48275862068966,1
4588,Branch_5356,229,982,393.7007874015748,1
4589,Branch_5357,229,1463,401.60642570281124,1
4590,Branch_5358,6654,6657,2000.0,1
4591,Branch_5359,6657,6658,11.234692731153803,1
4592,Branch_5361,5318,5649,2000.0,1
4593,Branch_5362,5649,5650,21.27659574468085,1
4594,Branch_5363,5652,5653,49.14004914004914,1
4595,Branch_5365,6581,6578,12.003360941063498,1
4596,Branch_5366,6581,6579,11.14951499609767,1
4597,Branch_5367,6581,6580,11.161960040183056,1
4598,Branch_5368,5909,6218,200.80321285140562,1
4599,Branch_5369,5825,5909,131.57894736842104,1
4600,Branch_5370,6302,6581,65.14657980456026,1
4601,Branch_5371,6288,6427,31.959092361776925,1
4602,Branch_5372,6005,6427,15.441630636195182,1
4603,Branch_5373,5741,5743,43.55400696864111,1
4604,Branch_5374,5741,5744,40.58441558441559,1
4605,Branch_5375,5739,5740,21.128248468201985,1
4606,Branch_5376,5747,5748,38.46153846153846,1
4607,Branch_5377,5743,5746,15.4273372415921,1
4608,Branch_5378,5741,5745,10.25220422390814,1
4609,Branch_5379,5744,5742,15.176809834572772,1
4610,Branch_5380,9035,9285,6.2000124000248,1
4611,Branch_5381,1099,1326,4.224221687154142,1
4612,Branch_5382,538,1326,5.556481635828193,1
4613,Branch_5383,6094,6095,2.9269720474169474,1
4614,Branch_5387,8132,8406,2000.0,1
4615,Branch_5388,7770,8406,137.5515818431912,1
4616,Branch_5389,7267,7481,20.292207792207794,1
4617,Branch_5390,6405,6409,65.359477124183,1
4618,Branch_5391,6133,6327,591.7159763313609,1
4619,Branch_5392,5777,6327,147.71048744460856,1
4620,Branch_5393,5539,5558,26.72367717797969,1
4621,Branch_5396,7083,7276,4.428697962798937,1
4622,Branch_5398,6462,8046,7.687576875768758,1
4623,Branch_5399,6028,6462,10.990218705352236,1
4624,Branch_5400,6067,6463,272.47956403269757,1
4625,Branch_5401,6463,6462,9.601536245799329,1
4626,Branch_5402,6462,6474,204.91803278688525,1
4627,Branch_5403,5269,5558,43.308791684712,1
4628,Branch_5404,600,1561,6.8728522336769755,1
4629,Branch_5409,8390,8391,14.06271972999578,1
4630,Branch_5410,6437,6436,10.165700925078784,1
4631,Branch_5411,5978,6437,3.693716987404425,1
4632,Branch_5412,6361,6436,22.716946842344388,1
4633,Branch_5414,8104,8112,1010.10101010101,1
4634,Branch_5417,1944,2559,37.0919881305638,1
4635,Branch_5418,6643,7483,46.08294930875576,1
4636,Branch_5425,7341,7392,35.701535166012135,1
4637,Branch_5426,7341,7454,79.6812749003984,1
4638,Branch_5427,1176,1436,123.91573729863693,1
4639,Branch_5428,154,426,43.956043956043956,1
4640,Branch_5429,426,1213,7.8064012490242,1
4641,Branch_5430,1555,1574,53.56186395286556,1
4642,Branch_5431,707,1574,186.56716417910448,1
4643,Branch_5432,235,232,27.75464890369137,1
4644,Branch_5433,235,233,31.695721077654518,1
4645,Branch_5434,235,234,39.77724741447892,1
4646,Branch_5435,586,593,3.257328990228013,1
4647,Branch_5436,586,594,3.257328990228013,1
4648,Branch_5437,586,591,11.109876680368847,1
4649,Branch_5438,586,592,11.109876680368847,1
4650,Branch_5439,586,587,11.109876680368847,1
4651,Branch_5440,586,588,11.109876680368847,1
4652,Branch_5441,586,590,12.49843769528809,1
4653,Branch_5442,586,589,12.49843769528809,1
4654,Branch_5443,586,787,2000.0,1
4655,Branch_5444,6314,6316,46.57661853749418,1
4656,Branch_5445,6317,6316,-480.7692307692308,1
4657,Branch_5446,6315,6316,8.85112409275978,1
4658,Branch_5447,1030,1476,781.25,1
4659,Branch_5448,1476,1479,16.854879487611665,1
4660,Branch_5449,1476,1477,16.89189189189189,1
4661,Branch_5450,1476,1478,16.854879487611665,1
4662,Branch_5451,1029,1033,19.043991620643688,1
4663,Branch_5452,1033,1281,157.48031496062993,1
4664,Branch_5453,1033,1280,147.92899408284023,1
4665,Branch_5454,1007,1030,662.2516556291391,1
4666,Branch_5455,599,1030,117.23329425556858,1
4667,Branch_5456,1033,1674,42.69854824935952,1
4668,Branch_5457,857,1031,45.8295142071494,1
4669,Branch_5458,1032,1033,2000.0,1
4670,Branch_5459,1031,1035,2000.0,1
4671,Branch_5460,179,1030,217.3913043478261,1
4672,Branch_5461,877,1033,50.787201625190455,1
4673,Branch_5462,1031,1444,38.03727653100038,1
4674,Branch_5463,1031,1287,81.03727714748784,1
4675,Branch_5464,194,1031,31.545741324921135,1
4676,Branch_5465,1029,1037,-186.21973929236498,1
4677,Branch_5466,1043,1037,16.16553507921112,1
4678,Branch_5467,1029,1038,-735.2941176470588,1
4679,Branch_5468,1041,1038,7.389890629618682,1
4680,Branch_5469,1031,1034,134.40860215053763,1
4681,Branch_5470,1030,1034,86.13264427217915,1
4682,Branch_5471,1042,1034,9.475080538184574,1
4683,Branch_5472,1030,1037,31.142946122703208,1
4684,Branch_5473,1030,1038,36.61662394727206,1
4685,Branch_5474,1033,1039,-401.60642570281124,1
4686,Branch_5475,1030,1039,55.005500550055004,1
4687,Branch_5477,1040,1039,9.838646202282566,1
4688,Branch_5478,1032,1028,84.67400508044031,1
4689,Branch_5479,1035,1036,79.11392405063292,1
4690,Branch_5480,925,927,2000.0,1
4691,Branch_5481,924,926,2000.0,1
4692,Branch_5482,927,1108,96.61835748792271,1
4693,Branch_5483,924,1110,95.87727708533077,1
4694,Branch_5484,6971,6969,14.768867227883621,1
4695,Branch_5485,6971,6972,19.31620629708325,1
4696,Branch_5486,6968,6970,19.31620629708325,1
4697,Branch_5487,8727,8726,9.017132551848512,1
4698,Branch_5488,371,409,290.69767441860466,1
4699,Branch_5489,5356,5607,2000.0,1
4700,Branch_5490,1269,1270,179.85611510791367,1
4701,Branch_5491,1269,1329,30.931023816888338,1
4702,Branch_5492,947,1269,140.8450704225352,1
4703,Branch_5493,1267,1270,2000.0,1
4704,Branch_5494,5164,5165,9.182736455463727,1
4705,Branch_5496,3252,3254,46.23208506703652,1
4706,Branch_5497,3253,3254,-462.962962962963,1
4707,Branch_5498,3255,3254,8.935751943526048,1
4708,Branch_5499,3167,3950,23.82654276864427,1
4709,Branch_5500,3950,3993,27.277686852154936,1
4710,Branch_5501,309,1281,57.142857142857146,1
4711,Branch_5502,1278,1281,2000.0,1
4712,Branch_5503,1279,1280,2000.0,1
4713,Branch_5504,1280,1637,74.29420505200595,1
4714,Branch_5506,6726,7434,75.642965204236,1
4715,Branch_5507,6726,6727,2000.0,1
4716,Branch_5508,6726,6728,2000.0,1
4717,Branch_5509,5764,5932,68.02721088435374,1
4718,Branch_5510,5824,5932,18.542555164101614,1
4719,Branch_5511,4300,4540,92.5925925925926,1
4720,Branch_5512,8466,8571,135.50135501355012,1
4721,Branch_5513,8466,8571,135.50135501355012,1
4722,Branch_5516,5654,5655,136.23978201634878,1
4723,Branch_5517,6012,6013,9.601536245799329,1
4724,Branch_5518,5999,6012,5.318017443097213,1
4725,Branch_5519,6013,6021,8.285690612312536,1
4726,Branch_5520,5860,6012,192.30769230769232,1
4727,Branch_5521,5922,6012,13.88888888888889,1
4728,Branch_5522,5654,5668,16.672224074691563,1
4729,Branch_5523,7465,7464,13.415615776764154,1
4730,Branch_5524,7460,7465,32.467532467532465,1
4731,Branch_5525,2978,4300,35.22367030644593,1
4732,Branch_5526,7115,7112,5.555246930726071,1
4733,Branch_5527,313,749,312.5,1
4734,Branch_5528,7111,7247,43.61098996947231,1
4735,Branch_5529,7113,7128,24.437927663734115,1
4736,Branch_5530,7113,7114,2000.0,1
4737,Branch_5531,7111,7114,2000.0,1
4738,Branch_5532,748,749,2000.0,1
4739,Branch_5533,748,773,24.467824810374356,1
4740,Branch_5534,7521,7524,24.515812699190977,1
4741,Branch_5535,7325,7522,75.9301442672741,1
4742,Branch_5536,7325,7522,75.8150113722517,1
4743,Branch_5538,7521,7522,2000.0,1
4744,Branch_5539,6800,7522,135.68521031207598,1
4745,Branch_5544,7113,7115,303.030303030303,1
4746,Branch_5545,756,997,62.18905472636816,1
4747,Branch_5546,756,996,62.11180124223603,1
4748,Branch_5547,756,790,93.45794392523365,1
4749,Branch_5548,1496,1497,67.70480704129993,1
4750,Branch_5549,1496,1497,67.70480704129993,1
4751,Branch_5550,6454,6455,10.877841836179702,1
4752,Branch_5551,6456,6455,6.356874960269532,1
4753,Branch_5552,6453,6455,-117.6470588235294,1
4754,Branch_5553,6451,6454,148.3679525222552,1
4755,Branch_5554,3118,4429,321.54340836012864,1
4756,Branch_5555,1104,1146,390.625,1
4757,Branch_5556,1106,1146,442.4778761061947,1
4758,Branch_5557,114,1283,155.27950310559007,1
4759,Branch_5558,5905,5904,7.979572294924992,1
4760,Branch_5559,909,1283,1960.7843137254902,1
4761,Branch_5560,1311,1312,120.1923076923077,1
4762,Branch_5561,544,1310,164.74464579901152,1
4763,Branch_5562,1312,1614,70.52186177715092,1
4764,Branch_5563,1312,1428,2000.0,1
4765,Branch_5564,921,1311,100.70493454179255,1
4766,Branch_5565,1308,1311,227.27272727272728,1
4767,Branch_5566,1309,1310,118.48341232227489,1
4768,Branch_5567,719,1310,78.06401249024199,1
4769,Branch_5568,8929,9180,490.19607843137254,1
4770,Branch_5569,9180,9248,60.64281382656155,1
4771,Branch_5570,9181,9291,114.5475372279496,1
4772,Branch_5571,472,1305,34.89183531053733,1
4773,Branch_5572,207,472,39.32363350373574,1
4774,Branch_5573,7598,7597,18.005041411595247,1
4775,Branch_5574,6734,7598,23.512814483893724,1
4776,Branch_5575,8836,8837,2.6250853152727465,1
4777,Branch_5576,8835,8837,2.6250853152727465,1
4778,Branch_5577,3535,3869,2000.0,1
4779,Branch_5578,270,268,4.784688995215311,1
4780,Branch_5579,270,269,4.784688995215311,1
4781,Branch_5580,6277,6278,9.06947215672048,1
4782,Branch_5581,7052,7084,90.99181073703366,1
4783,Branch_5582,7084,7225,168.35016835016836,1
4784,Branch_5583,6943,7084,207.4688796680498,1
4785,Branch_5584,7546,7567,9.231053263177328,1
4786,Branch_5585,7303,7567,9.46521533364884,1
4787,Branch_5586,6992,7026,2.0071857248951246,1
4788,Branch_5587,6992,7254,6.6862797539449055,1
4789,Branch_5588,6779,7616,15.8052789631737,1
4790,Branch_5589,6945,7616,26.867275658248253,1
4791,Branch_5590,6865,7466,3.5123458958238207,1
4792,Branch_5591,7064,7395,14.602803738317757,1
4793,Branch_5592,7064,7066,2000.0,1
4794,Branch_5593,6865,7330,4.750593824228028,1
4795,Branch_5594,7268,7393,3.6845983787767134,1
4796,Branch_5595,179,1007,317.46031746031747,1
4797,Branch_5596,817,1347,2000.0,1
4798,Branch_5597,1344,1369,2000.0,1
4799,Branch_5598,1345,1369,2000.0,1
4800,Branch_5599,6651,6680,211.864406779661,1
4801,Branch_5600,6651,6680,211.864406779661,1
4802,Branch_5601,7810,8007,14.259232853272493,1
4803,Branch_5602,7785,8007,11.705489874751258,1
4804,Branch_5603,7870,8007,21.308331557639036,1
4805,Branch_5604,7810,7811,53.763440860215056,1
4806,Branch_5605,7811,8711,2000.0,1
4807,Branch_5606,8944,8994,500.0,1
4808,Branch_5607,1344,1342,16.764459346186086,1
4809,Branch_5608,1347,1346,14.398848092152628,1
4810,Branch_5609,1347,1348,16.669444907484582,1
4811,Branch_5610,1345,1343,17.540782318891424,1
4812,Branch_5611,9000,9113,5.1652892561983474,1
4813,Branch_5612,9070,9113,5.808887598024978,1
4814,Branch_5613,8929,8933,7.389890629618682,1
4815,Branch_5614,5048,5046,12.16397031991242,1
4816,Branch_5615,5048,5047,12.16397031991242,1
4817,Branch_5617,7880,7940,6.92952671332548,1
4818,Branch_5618,7752,7940,9.119095385737735,1
4819,Branch_5619,2731,4618,2000.0,1
4820,Branch_5620,2731,2732,8.11886011204027,1
4821,Branch_5621,4261,4877,67.02412868632707,1
4822,Branch_5622,2864,3035,47.641734159123395,1
4823,Branch_5623,8937,9000,82.71298593879239,1
4824,Branch_5624,8962,9000,14.9902563333833,1
4825,Branch_5625,9637,9661,2000.0,1
4826,Branch_5626,771,819,119.33174224343675,1
4827,Branch_5627,9248,9291,78.67820613690007,1
4828,Branch_5628,8974,9249,7.820442637053257,1
4829,Branch_5629,9249,9251,8.114248620577735,1
4830,Branch_5630,9248,9251,-53.908355795148246,1
4831,Branch_5631,9250,9251,0.6642355645005945,1
4832,Branch_5632,2195,7268,7.0298769771529,1
4833,Branch_5633,2195,2194,17.117425539198905,1
4834,Branch_5634,1527,2194,7.036802476954472,1
4835,Branch_5635,601,1244,21.891418563922944,1
4836,Branch_5636,952,1244,95.32888465204957,1
4837,Branch_5637,6277,6284,152.67175572519085,1
4838,Branch_5638,5966,6284,2000.0,1
4839,Branch_5639,270,1552,33.818058843422385,1
4840,Branch_5640,3035,3986,2000.0,1
4841,Branch_5641,270,404,1282.051282051282,1
4842,Branch_5642,6709,7591,2000.0,1
4843,Branch_5643,6137,6405,65.359477124183,1
4844,Branch_5644,5988,6405,9.904912836767037,1
4845,Branch_5645,3265,4531,21.14611968703743,1
4846,Branch_5646,6968,7292,1000.0,1
4847,Branch_5647,6971,7292,1000.0,1
4848,Branch_5648,6864,6936,52.21932114882507,1
4849,Branch_5649,6864,6991,69.39625260235947,1
4850,Branch_5650,300,301,4.784688995215311,1
4851,Branch_5651,300,302,4.784688995215311,1
4852,Branch_5652,300,310,2000.0,1
4853,Branch_5653,310,689,2000.0,1
4854,Branch_5654,856,1459,90.57971014492753,1
4855,Branch_5655,357,856,116.55011655011656,1
4856,Branch_5659,1739,2502,220.26431718061673,1
4857,Branch_5660,1775,2616,1960.7843137254902,1
4858,Branch_5661,1775,2616,1754.3859649122808,1
4859,Branch_5662,2410,2616,52.35602094240838,1
4860,Branch_5663,1917,1996,175.13134851138355,1
4861,Branch_5664,1848,2634,199.6007984031936,1
4862,Branch_5665,2033,2523,152.20700152207002,1
4863,Branch_5666,2410,2601,38.255547054322875,1
4864,Branch_5667,1766,2292,389.10505836575874,1
4865,Branch_5668,1984,2171,127.8772378516624,1
4866,Branch_5669,1766,2061,88.41732979664015,1
4867,Branch_5670,1887,1969,113.63636363636364,1
4868,Branch_5671,1825,2015,91.99632014719411,1
4869,Branch_5672,1728,1832,628.930817610063,1
4870,Branch_5673,2292,2589,446.42857142857144,1
4871,Branch_5674,1775,2189,66.13756613756614,1
4872,Branch_5675,2198,2410,64.59948320413437,1
4873,Branch_5676,2560,2634,84.60236886632826,1
4874,Branch_5677,2242,2502,57.24098454493417,1
4875,Branch_5678,2281,2467,105.70824524312897,1
4876,Branch_5679,2245,2502,128.2051282051282,1
4877,Branch_5683,1849,2586,122.39902080783354,1
4878,Branch_5684,2106,2275,80.0640512409928,1
4879,Branch_5685,1971,2398,194.9317738791423,1
4880,Branch_5686,537,1971,28.58776443682104,1
4881,Branch_5687,100,537,99.10802775024777,1
4882,Branch_5688,2197,2586,101.7293997965412,1
4883,Branch_5691,1849,2197,568.1818181818181,1
4884,Branch_5692,2250,2586,102.24948875255623,1
4885,Branch_5693,1971,2275,78.43137254901961,1
4886,Branch_5694,2275,2278,2000.0,1
4887,Branch_5695,1790,2450,38.24091778202677,1
4888,Branch_5696,2134,2602,17.765144785930005,1
4889,Branch_5697,1790,2134,50.89058524173028,1
4890,Branch_5698,1933,2605,48.07692307692308,1
4891,Branch_5699,1826,1867,36.3901018922853,1
4892,Branch_5700,1867,1933,30.91190108191654,1
4893,Branch_5701,1790,2605,59.665871121718375,1
4894,Branch_5702,1765,2443,28.71912693854107,1
4895,Branch_5703,2443,2578,33.266799733865604,1
4896,Branch_5704,1867,2578,18.744142455482663,1
4897,Branch_5705,1765,1867,294.11764705882354,1
4898,Branch_5706,2410,2634,81.03727714748784,1
4899,Branch_5707,1848,2601,97.5609756097561,1
4900,Branch_5708,1848,2634,206.61157024793388,1
4901,Branch_5709,1820,2601,178.89087656529517,1
4902,Branch_5710,1820,1840,171.52658662092625,1
4903,Branch_5711,1848,2601,97.27626459143968,1
4904,Branch_5712,1816,2410,88.41732979664015,1
4905,Branch_5713,1816,1825,157.23270440251574,1
4906,Branch_5714,1825,2029,147.05882352941177,1
4907,Branch_5715,1741,1991,243.30900243309003,1
4908,Branch_5716,2114,2448,169.20473773265653,1
4909,Branch_5717,1736,1976,163.1321370309951,1
4910,Branch_5718,1976,2448,63.73486297004462,1
4911,Branch_5719,2029,2410,106.49627263045794,1
4912,Branch_5720,2032,2677,76.21951219512195,1
4913,Branch_5721,2032,2467,132.4503311258278,1
4914,Branch_5722,1850,2198,96.52509652509653,1
4915,Branch_5723,1850,2175,225.22522522522522,1
4916,Branch_5724,1887,2495,127.8772378516624,1
4917,Branch_5725,1775,2410,52.32862375719519,1
4918,Branch_5726,2083,2423,60.16847172081829,1
4919,Branch_5727,2083,2669,149.92503748125938,1
4920,Branch_5728,2083,2669,150.15015015015015,1
4921,Branch_5729,1832,2476,71.99424046076314,1
4922,Branch_5730,2476,2669,92.33610341643583,1
4923,Branch_5731,2461,2494,90.82652134423252,1
4924,Branch_5732,2476,2576,89.92805755395683,1
4925,Branch_5733,1945,2576,63.69426751592356,1
4926,Branch_5734,1838,2601,121.50668286755771,1
4927,Branch_5735,1741,2494,130.54830287206266,1
4928,Branch_5736,1838,2408,162.33766233766235,1
4929,Branch_5737,1984,2408,149.7005988023952,1
4930,Branch_5738,1825,2171,158.73015873015873,1
4931,Branch_5739,1741,1820,303.951367781155,1
4932,Branch_5740,1741,2468,63.73486297004462,1
4933,Branch_5741,1820,2468,68.7757909215956,1
4934,Branch_5742,1991,2114,218.34061135371178,1
4935,Branch_5743,2109,2423,33.00330033003301,1
4936,Branch_5744,1969,2423,128.8659793814433,1
4937,Branch_5745,1996,2061,423.728813559322,1
4938,Branch_5746,1825,1996,82.50825082508251,1
4939,Branch_5747,1775,2423,66.18133686300463,1
4940,Branch_5748,1887,2083,82.57638315441784,1
4941,Branch_5749,2033,2468,106.49627263045794,1
4942,Branch_5750,2245,2523,61.72839506172839,1
4943,Branch_5751,2189,2455,70.62146892655367,1
4944,Branch_5752,2083,2455,27.677830058123444,1
4945,Branch_5753,1945,2588,96.61835748792271,1
4946,Branch_5754,1728,2677,427.35042735042737,1
4947,Branch_5755,2495,2589,159.4896331738437,1
4948,Branch_5756,1739,2601,131.4060446780552,1
4949,Branch_5757,1850,2560,39.65107057890563,1
4950,Branch_5759,2198,2502,21.281123643328367,1
4951,Branch_5761,1840,2601,115.74074074074075,1
4952,Branch_5762,1938,2589,94.42870632672333,1
4953,Branch_5763,1840,2448,67.24949562878278,1
4954,Branch_5764,1938,2448,193.42359767891682,1
4955,Branch_5765,1990,2589,95.32888465204957,1
4956,Branch_5766,1917,2015,233.1002331002331,1
4957,Branch_5767,1741,2588,52.493438320209975,1
4958,Branch_5768,1736,1990,840.3361344537815,1
4959,Branch_5769,2461,2588,48.97159647404506,1
4960,Branch_5770,2083,2467,116.95906432748538,1
4961,Branch_5771,2109,2281,27.716186252771617,1
4962,Branch_5772,1775,2015,97.5609756097561,1
4963,Branch_5773,1046,1048,214.13276231263384,1
4964,Branch_5774,1044,1049,214.13276231263384,1
4965,Branch_5775,826,1046,186.56716417910448,1
4966,Branch_5776,827,1044,135.68521031207598,1
4967,Branch_5777,1048,1243,374.53183520599254,1
4968,Branch_5778,1049,1242,374.53183520599254,1
4969,Branch_5779,654,1046,111.60714285714286,1
4970,Branch_5780,656,1044,83.33333333333333,1
4971,Branch_5781,1045,1048,404.8582995951417,1
4972,Branch_5782,1047,1049,404.8582995951417,1
4973,Branch_5784,6927,7052,42.05214465937763,1
4974,Branch_5785,8996,9121,4.994007191370356,1
4975,Branch_5786,8943,8996,6.303183107469272,1
4976,Branch_5787,8996,9306,9.42684766214178,1
4977,Branch_5788,6416,6420,16.611295681063122,1
4978,Branch_5789,6417,6420,-172.1170395869191,1
4979,Branch_5790,6419,6420,8.981498113885396,1
4980,Branch_5791,6416,6422,16.611295681063122,1
4981,Branch_5792,6418,6422,-172.1170395869191,1
4982,Branch_5793,6421,6422,8.981498113885396,1
4983,Branch_5795,6416,6516,45.433893684688776,1
4984,Branch_5796,6301,6416,106.04453870625663,1
4985,Branch_5797,6301,6416,106.04453870625663,1
4986,Branch_5798,4608,6416,26.79528403001072,1
4987,Branch_5799,9316,9339,54.43658138268917,1
4988,Branch_5802,6350,9317,52.46589716684155,1
4989,Branch_5803,6353,9317,52.35602094240838,1
4990,Branch_5804,9316,9633,149.2537313432836,1
4991,Branch_5806,9316,9317,2000.0,1
4992,Branch_5807,4608,9317,61.27450980392157,1
4993,Branch_5808,4608,9317,61.27450980392157,1
4994,Branch_5809,2075,2078,26.041666666666668,1
4995,Branch_5810,2074,2078,-301.2048192771084,1
4996,Branch_5811,2079,2078,6.614194060453734,1
4997,Branch_5812,2075,2076,316.45569620253167,1
4998,Branch_5813,2074,2076,36.46973012399708,1
4999,Branch_5814,2077,2076,4.188306248952923,1
5000,Branch_5815,2075,2507,373.13432835820896,1
5001,Branch_5816,2075,2507,374.53183520599254,1
5002,Branch_5817,9316,9317,2000.0,1
5003,Branch_5818,155,565,17.88908765652952,1
5004,Branch_5820,5968,6060,21.81500872600349,1
5005,Branch_5821,5968,6452,2.1577766269635767,1
5006,Branch_5822,3533,4148,60.56935190793458,1
5007,Branch_5823,2818,4148,5.675368898978434,1
5008,Branch_5824,3481,3875,9.619084263178145,1
5009,Branch_5825,3876,3874,7.336757153338224,1
5010,Branch_5826,3875,3874,7.704160246533128,1
5011,Branch_5827,4148,5108,49.26108374384236,1
5012,Branch_5828,3287,4471,2000.0,1
5013,Branch_5829,85,155,3.9556962025316458,1
5014,Branch_5830,107,155,40.74979625101874,1
5015,Branch_5831,1114,1723,2000.0,1
5016,Branch_5832,6720,7331,88.02816901408451,1
5017,Branch_5833,1723,1721,7.831466833737959,1
5018,Branch_5834,1723,1722,7.831466833737959,1
5019,Branch_5835,4861,4864,43.2152117545376,1
5020,Branch_5836,1147,1156,19.047619047619047,1
5021,Branch_5837,1147,1148,19.047619047619047,1
5022,Branch_5838,1147,1148,19.047619047619047,1
5023,Branch_5839,2763,2764,2000.0,1
5024,Branch_5840,2764,2765,2000.0,1
5025,Branch_5841,2907,4565,746.2686567164179,1
5026,Branch_5842,2945,3379,13.365410318096766,1
5027,Branch_5843,4363,4565,6.188501763723003,1
5028,Branch_5844,2945,5759,22.007042253521128,1
5029,Branch_5845,2945,4565,13.5080372821829,1
5030,Branch_5846,1447,1449,-166.11295681063123,1
5031,Branch_5847,1448,1449,23.250406882120437,1
5032,Branch_5848,1450,1449,5.9315499139925265,1
5033,Branch_5850,1240,1447,14.19244961680386,1
5034,Branch_5851,1448,1587,613.4969325153374,1
5035,Branch_5852,883,1448,98.13542688910697,1
5036,Branch_5853,1145,1447,30.175015087507543,1
5037,Branch_5854,4794,4797,46.08294930875576,1
5038,Branch_5855,4795,4797,-432.9004329004329,1
5039,Branch_5856,4796,4797,8.977466558937069,1
5040,Branch_5858,6771,6804,2000.0,1
5041,Branch_5860,3467,3470,74.12898443291327,1
5042,Branch_5861,3468,3470,66.3129973474801,1
5043,Branch_5862,3469,3470,5.213492518638236,1
5044,Branch_5863,5051,5049,14.920919128618323,1
5045,Branch_5864,5051,5050,14.841199168892846,1
5046,Branch_5865,8187,8257,53.27650506126798,1
5047,Branch_5866,2948,2949,11.682242990654206,1
5048,Branch_5870,2948,2951,11.961722488038278,1
5049,Branch_5871,3816,3817,46.554934823091244,1
5050,Branch_5872,3818,3817,-471.6981132075472,1
5051,Branch_5873,3819,3817,9.306654257794323,1
5052,Branch_5874,3816,3821,45.97701149425287,1
5053,Branch_5875,3823,3821,-444.44444444444446,1
5054,Branch_5876,3822,3821,8.981498113885396,1
5055,Branch_5877,3823,3824,95.23809523809524,1
5056,Branch_5878,5042,5041,9.023641941887746,1
5057,Branch_5879,308,1698,2000.0,1
5058,Branch_5880,4082,4086,92.16589861751152,1
5059,Branch_5881,4084,4086,252.5252525252525,1
5060,Branch_5882,4090,4086,13.424620754463687,1
5061,Branch_5883,4082,4087,92.16589861751152,1
5062,Branch_5884,4083,4087,252.5252525252525,1
5063,Branch_5885,4089,4087,13.424620754463687,1
5064,Branch_5886,4083,4091,95.23809523809524,1
5065,Branch_5887,4084,4092,95.23809523809524,1
5066,Branch_5888,4085,4092,95.23809523809524,1
5067,Branch_5889,4088,4091,95.23809523809524,1
5068,Branch_5890,4928,4953,584.7953216374269,1
5069,Branch_5891,3614,4552,555.5555555555555,1
5070,Branch_5892,4551,5173,122.54901960784314,1
5071,Branch_5893,6852,7082,6.323110970597534,1
5072,Branch_5894,2916,4153,81.9000819000819,1
5073,Branch_5895,3016,4101,97.0873786407767,1
5074,Branch_5896,2848,4101,133.6898395721925,1
5075,Branch_5897,9486,9487,14.84560570071259,1
5076,Branch_5898,9485,9486,413.22314049586777,1
5077,Branch_5899,646,805,120.33694344163658,1
5078,Branch_5900,7963,8054,4.665920119447555,1
5079,Branch_5901,5663,5664,25.926886180969664,1
5080,Branch_5902,1179,1180,50.200803212851405,1
5081,Branch_5903,5878,5942,32.24766204450177,1
5082,Branch_5904,5878,6399,704.2253521126761,1
5083,Branch_5905,5882,6068,11.016855789357717,1
5084,Branch_5906,6068,6336,82.16926869350863,1
5085,Branch_5907,6068,6197,45.08566275924256,1
5086,Branch_5908,7072,7075,82.78145695364239,1
5087,Branch_5909,7069,7075,109.40919037199124,1
5088,Branch_5910,7070,7075,5.81767409389726,1
5089,Branch_5911,7072,7073,41.78854993731718,1
5090,Branch_5912,7069,7073,-552.4861878453039,1
5091,Branch_5913,7071,7073,6.17093489663684,1
5092,Branch_5914,7069,7554,7.247952453431905,1
5093,Branch_5915,7076,7074,78.43137254901961,1
5094,Branch_5917,6793,7072,60.06006006006006,1
5095,Branch_5918,7069,7552,16.49620587264929,1
5096,Branch_5919,689,7069,16.545334215751158,1
5097,Branch_5920,689,7069,17.424638438752396,1
5098,Branch_5921,5882,6320,19.569471624266146,1
5099,Branch_5922,5882,6321,35.637918745545264,1
5100,Branch_5923,5937,6019,18.99335232668566,1
5101,Branch_5924,6019,6198,9.390553103577801,1
5102,Branch_5925,3991,4412,95.51098376313276,1
5103,Branch_5926,4095,4749,43.40277777777778,1
5104,Branch_5927,4043,4412,64.55777921239509,1
5105,Branch_5928,7069,7076,71.42857142857143,1
5106,Branch_5929,9384,9388,2000.0,1
5107,Branch_5930,3569,4560,2000.0,1
5108,Branch_5932,5793,8262,4.901720503896867,1
5109,Branch_5933,5790,5793,12.706480304955527,1
5110,Branch_5934,2961,4820,48.16955684007707,1
5111,Branch_5935,4432,4820,2.5058888387711122,1
5112,Branch_5936,6157,9026,7.183908045977011,1
5113,Branch_5937,5986,6142,3.673499375505106,1
5114,Branch_5939,5884,6142,20.267531414673694,1
5115,Branch_5940,6142,6594,10.163634515702816,1
5116,Branch_5941,6143,6399,2000.0,1
5117,Branch_5942,6142,6398,396.8253968253968,1
5118,Branch_5943,6142,6161,9.659036028204385,1
5119,Branch_5944,5794,6142,69.58942240779402,1
5120,Branch_5946,6142,6230,17.304031839418585,1
5121,Branch_5947,9574,9575,9.104151493080845,1
5122,Branch_5948,773,1451,2000.0,1
5123,Branch_5949,8778,8779,46.27487274409995,1
5124,Branch_5950,8780,8779,-460.8294930875576,1
5125,Branch_5951,8781,8779,9.042408897730356,1
5126,Branch_5952,8778,8782,46.57661853749418,1
5127,Branch_5953,8780,8782,-478.4688995215311,1
5128,Branch_5954,8783,8782,8.995232526760816,1
5129,Branch_5955,3623,4215,144.3001443001443,1
5130,Branch_5956,2724,3623,26.427061310782243,1
5131,Branch_5957,2708,4635,203.66598778004072,1
5132,Branch_5958,2729,4635,115.2073732718894,1
5133,Branch_5959,2706,4635,185.5287569573284,1
5134,Branch_5960,4635,4653,254.4529262086514,1
5135,Branch_5961,3113,4135,2000.0,1
5136,Branch_5962,4937,4938,12.023566189731875,1
5137,Branch_5963,4937,4938,9.017945711966814,1
5138,Branch_5965,2748,4937,2000.0,1
5139,Branch_5966,7611,7612,14.070634585619812,1
5140,Branch_5968,7325,7611,512.8205128205128,1
5141,Branch_5971,1402,1697,21.677866897897246,1
5142,Branch_5972,86,298,18.649757553151808,1
5143,Branch_5973,298,963,36.8052999631947,1
5144,Branch_5974,6037,6033,4.971908715755979,1
5145,Branch_5975,6033,6035,2.2485047443450106,1
5146,Branch_5976,6033,6034,2.2365360529611737,1
5147,Branch_5977,6033,6036,2.2355860588853367,1
5148,Branch_5978,7857,8262,36.98224852071006,1
5149,Branch_5979,8262,8285,2000.0,1
5150,Branch_5980,7009,7255,5.476151360823613,1
5151,Branch_5981,7009,7170,4.798464491362764,1
5152,Branch_5983,4332,5156,24.648755237860488,1
5153,Branch_5984,3904,5156,9.276437847866418,1
5154,Branch_5985,4220,4342,27.63957987838585,1
5155,Branch_5986,9406,9445,2000.0,1
5156,Branch_5987,9445,9446,11.755025273304337,1
5157,Branch_5988,9324,9329,23.430178069353328,1
5158,Branch_5989,9324,9329,23.430178069353328,1
5159,Branch_5990,7462,7463,9.336196433572962,1
5160,Branch_5991,7462,7463,9.063717937097797,1
5161,Branch_5992,7419,7420,17.31301939058172,1
5162,Branch_5993,6922,7420,57.903879559930516,1
5163,Branch_5994,7420,7480,57.903879559930516,1
5164,Branch_5995,6922,7479,102.88065843621399,1
5165,Branch_5996,3416,9300,11.971746677840297,1
5166,Branch_5997,6967,7419,3.497726477789437,1
5167,Branch_5998,6618,7462,2000.0,1
5168,Branch_5999,9324,9497,103.41261633919338,1
5169,Branch_6000,9338,9497,98.23182711198429,1
5170,Branch_6001,9497,9498,2000.0,1
5171,Branch_6002,9497,9505,526.3157894736842,1
5172,Branch_6003,6218,6389,27.159152634437806,1
5173,Branch_6005,7062,7347,30.51571559353067,1
5174,Branch_6006,7019,7062,14.673514306676449,1
5175,Branch_6010,6628,7062,16.501650165016503,1
5176,Branch_6011,8177,8178,20.955574182732608,1
5177,Branch_6012,8178,8210,37.96507213363705,1
5178,Branch_6013,6433,6507,253.80710659898477,1
5179,Branch_6014,6507,6505,10.422094841063053,1
5180,Branch_6015,6507,6506,10.469011725293132,1
5181,Branch_6016,7094,7378,6.541933795629988,1
5182,Branch_6017,1432,1619,363.6363636363636,1
5183,Branch_6018,965,1432,43.956043956043956,1
5184,Branch_6019,3192,4135,43.7636761487965,1
5185,Branch_6020,2797,2795,55.83472920156337,1
5186,Branch_6021,2797,2795,56.21135469364812,1
5187,Branch_6022,2797,2794,55.83472920156337,1
5188,Branch_6023,2797,2794,55.83472920156337,1
5189,Branch_6024,7121,7329,112.10762331838565,1
5190,Branch_6025,4104,5091,2000.0,1
5191,Branch_6026,6722,7586,293.2551319648094,1
5192,Branch_6027,6722,6721,14.355440712029859,1
5193,Branch_6028,7957,7956,9.389671361502348,1
5194,Branch_6029,8099,8132,819.672131147541,1
5195,Branch_6030,7797,7998,2000.0,1
5196,Branch_6031,7997,7998,16.118633139909736,1
5197,Branch_6032,7997,8416,63.13131313131313,1
5198,Branch_6033,7907,7997,29.154518950437318,1
5199,Branch_6034,503,502,11.263798152737102,1
5200,Branch_6035,2864,2888,24.354603019970774,1
5201,Branch_6036,1559,1678,66.40106241699867,1
5202,Branch_6037,882,1676,96.71179883945841,1
5203,Branch_6038,76,1676,39.8247710075667,1
5204,Branch_6039,76,1678,40.38772213247173,1
5205,Branch_6040,1677,1678,1960.7843137254902,1
5206,Branch_6041,3650,3649,27.693159789531986,1
5207,Branch_6042,3650,3649,28.1214848143982,1
5208,Branch_6043,3649,3760,32.25806451612903,1
5209,Branch_6044,3649,4428,51.150895140664964,1
5210,Branch_6045,8322,8748,304.8780487804878,1
5211,Branch_6046,8122,8748,119.18951132300357,1
5212,Branch_6047,6849,6890,8.982304859426929,1
5213,Branch_6048,5696,5695,9.991008092716555,1
5214,Branch_6049,5694,5695,11.914690813773383,1
5215,Branch_6050,5697,5695,8.975854950184004,1
5216,Branch_6051,4562,4572,301.2048192771084,1
5217,Branch_6052,4561,4571,301.2048192771084,1
5218,Branch_6053,5333,5332,2.024701356549909,1
5219,Branch_6054,5335,5332,10.0,1
5220,Branch_6055,5334,5332,-97.0873786407767,1
5221,Branch_6056,4204,4205,46.27487274409995,1
5222,Branch_6057,4203,4205,-460.8294930875576,1
5223,Branch_6058,4202,4205,8.97021887334051,1
5224,Branch_6059,6066,6475,4.900519455062237,1
5225,Branch_6060,5912,6426,2000.0,1
5226,Branch_6061,5777,6137,11.354604292040422,1
5227,Branch_6065,6015,6066,4.261303106489964,1
5228,Branch_6066,5891,6066,17.571604287471445,1
5229,Branch_6067,6333,6570,19.19754271453254,1
5230,Branch_6068,6132,6550,3.957888070925354,1
5231,Branch_6069,8132,8405,2000.0,1
5232,Branch_6070,1564,1614,169.20473773265653,1
5233,Branch_6071,172,1564,113.25028312570781,1
5234,Branch_6072,8698,8699,7.767593599502874,1
5235,Branch_6073,8698,8700,7.767593599502874,1
5236,Branch_6074,8697,8698,1098.901098901099,1
5237,Branch_6075,7774,8509,95.69377990430623,1
5238,Branch_6076,8509,8756,10.476689366160294,1
5239,Branch_6077,2961,3087,5.089058524173028,1
5240,Branch_6080,9345,9346,-51.04645227156713,1
5241,Branch_6081,9347,9348,-51.04645227156713,1
5242,Branch_6082,9319,9346,42.211903756859435,1
5243,Branch_6083,9319,9348,42.319085907744395,1
5244,Branch_6084,8984,9029,3.911138923654568,1
5245,Branch_6085,8984,9402,3.7982376177453663,1
5246,Branch_6086,8984,9308,4.189183528130368,1
5247,Branch_6088,4906,4921,2000.0,1
5248,Branch_6089,3530,3531,9.492168960607499,1
5249,Branch_6090,3529,3531,-46.728971962616825,1
5250,Branch_6091,3532,3531,2.566339886054509,1
5251,Branch_6092,5662,5663,31.377470975839348,1
5252,Branch_6093,152,715,89.28571428571429,1
5253,Branch_6094,2861,3977,129.70168612191958,1
5254,Branch_6096,8771,8837,1111.111111111111,1
5255,Branch_6097,6916,6965,18.248175182481752,1
5256,Branch_6098,3153,3954,33.42245989304813,1
5257,Branch_6099,5251,5617,46.62004662004662,1
5258,Branch_6100,8258,8302,23.557126030624264,1
5259,Branch_6101,4921,4920,6.68851581833991,1
5260,Branch_6102,8553,8616,245.09803921568627,1
5261,Branch_6103,7784,8553,58.10575246949448,1
5262,Branch_6104,7083,7303,20.275750202757504,1
5263,Branch_6105,55,598,157.72870662460568,1
5264,Branch_6106,598,1271,193.05019305019306,1
5265,Branch_6107,598,701,160.51364365971108,1
5266,Branch_6108,7038,7380,9.790483649892305,1
5267,Branch_6109,7122,7380,18.284878405558604,1
5268,Branch_6110,6242,6243,8.758101243650376,1
5269,Branch_6111,6242,6241,8.89125989152663,1
5270,Branch_6112,5290,5539,56.49717514124294,1
5271,Branch_6113,5413,5539,181.8181818181818,1
5272,Branch_6114,3055,4437,217.8649237472767,1
5273,Branch_6115,3056,4436,217.8649237472767,1
5274,Branch_6116,501,979,217.3913043478261,1
5275,Branch_6117,979,1708,34.940600978336825,1
5276,Branch_6118,521,979,2000.0,1
5277,Branch_6120,979,1464,90.74410163339383,1
5278,Branch_6121,939,979,41.11842105263158,1
5279,Branch_6122,370,979,77.33952049497293,1
5280,Branch_6123,979,980,6.4238453138048435,1
5281,Branch_6125,5879,6459,8.387854386847843,1
5282,Branch_6126,5879,6474,14.509576320371446,1
5283,Branch_6127,599,1295,2000.0,1
5284,Branch_6128,599,1290,2000.0,1
5285,Branch_6129,599,1296,2000.0,1
5286,Branch_6130,599,1297,2000.0,1
5287,Branch_6131,599,1289,2000.0,1
5288,Branch_6132,599,1298,2000.0,1
5289,Branch_6133,599,860,83.33333333333333,1
5290,Branch_6134,504,1720,2000.0,1
5291,Branch_6135,1720,1718,13.698630136986301,1
5292,Branch_6136,1720,1719,13.702384214853385,1
5293,Branch_6138,88,295,869.5652173913044,1
5294,Branch_6139,88,176,561.7977528089888,1
5295,Branch_6140,258,271,64.51612903225806,1
5296,Branch_6141,223,271,124.06947890818859,1
5297,Branch_6142,1951,2553,22.93577981651376,1
5298,Branch_6143,1950,1951,119.33174224343675,1
5299,Branch_6144,5242,5403,114.5475372279496,1
5300,Branch_6145,977,1685,2000.0,1
5301,Branch_6146,977,1687,2000.0,1
5302,Branch_6147,977,1686,2000.0,1
5303,Branch_6148,1685,1688,293.2551319648094,1
5304,Branch_6149,1683,1688,15.08523155830442,1
5305,Branch_6150,1684,1688,15.08523155830442,1
5306,Branch_6151,1687,1681,17.755681818181817,1
5307,Branch_6152,1686,1682,17.755681818181817,1
5308,Branch_6153,187,1674,122.85012285012284,1
5309,Branch_6154,1639,1640,2000.0,1
5310,Branch_6155,649,1640,76.10350076103501,1
5311,Branch_6156,1096,1639,92.50693802035153,1
5312,Branch_6157,299,1640,145.98540145985402,1
5313,Branch_6158,206,1640,134.58950201884252,1
5314,Branch_6159,296,575,302.11480362537765,1
5315,Branch_6160,1460,1609,93.72071227741331,1
5316,Branch_6161,580,1460,76.98229407236336,1
5317,Branch_6162,580,1459,77.1604938271605,1
5318,Branch_6163,1457,1460,2000.0,1
5319,Branch_6164,1458,1459,2000.0,1
5320,Branch_6165,2409,2518,93.89671361502347,1
5321,Branch_6166,2409,2535,159.4896331738437,1
5322,Branch_6167,2409,2527,53.70569280343717,1
5323,Branch_6168,1883,2237,29.231218941829873,1
5324,Branch_6169,1811,1883,40.04805766920305,1
5325,Branch_6170,1883,2234,58.0046403712297,1
5326,Branch_6171,1888,2163,81.10300081103001,1
5327,Branch_6172,1888,2163,82.03445447087776,1
5328,Branch_6173,1764,2574,51.65289256198347,1
5329,Branch_6174,1889,2574,47.48338081671415,1
5330,Branch_6175,1823,2657,47.43833017077799,1
5331,Branch_6176,1823,2637,51.255766273705795,1
5332,Branch_6177,1983,2492,94.42870632672333,1
5333,Branch_6179,1983,2092,55.46311702717693,1
5334,Branch_6181,1983,2207,73.1528895391368,1
5335,Branch_6182,414,425,2000.0,1
5336,Branch_6183,425,1649,892.8571428571429,1
5337,Branch_6184,389,437,2000.0,1
5338,Branch_6185,437,438,9.845426799251747,1
5339,Branch_6186,437,439,9.845426799251747,1
5340,Branch_6187,1442,1679,17.54385964912281,1
5341,Branch_6188,1680,1679,5.688282138794084,1
5342,Branch_6189,7552,7558,2000.0,1
5343,Branch_6190,467,537,2000.0,1
5344,Branch_6191,5228,5227,19.157088122605366,1
5345,Branch_6192,5227,5443,30.422878004259204,1
5346,Branch_6193,5228,5226,9.70873786407767,1
5347,Branch_6194,5228,5225,13.157894736842104,1
5348,Branch_6195,5228,5229,5.497526113249038,1
5349,Branch_6196,5227,5601,23.97506593143131,1
5350,Branch_6197,5227,5618,217.3913043478261,1
5351,Branch_6198,765,840,10.355182768975872,1
5352,Branch_6200,765,1680,29.832935560859188,1
5353,Branch_6201,467,468,19.50458357714063,1
5354,Branch_6202,467,469,14.353380221042055,1
5355,Branch_6203,467,470,14.34102968593145,1
5356,Branch_6204,1395,1679,10.02004008016032,1
5357,Branch_6205,108,1515,206.61157024793388,1
5358,Branch_6206,717,1515,403.2258064516129,1
5359,Branch_6207,2976,5168,29.13752913752914,1
5360,Branch_6208,881,1553,26.136957658128594,1
5361,Branch_6209,881,923,25.73340195573855,1
5362,Branch_6210,3479,4265,26.212319790301443,1
5363,Branch_6211,3110,3417,67.29475100942126,1
5364,Branch_6212,3234,3236,9.77230528681716,1
5365,Branch_6213,3234,3238,9.810654370646523,1
5366,Branch_6214,3234,3239,9.650646593321753,1
5367,Branch_6215,3234,3237,9.77230528681716,1
5368,Branch_6219,3234,3243,19.451468585878235,1
5369,Branch_6220,9078,9257,2000.0,1
5370,Branch_6221,5437,5486,89.52551477170994,1
5371,Branch_6222,7195,7440,2000.0,1
5372,Branch_6223,1289,1293,19.719976336028395,1
5373,Branch_6224,1295,1288,15.096618357487923,1
5374,Branch_6225,1290,1294,15.11030522816561,1
5375,Branch_6226,1296,1291,15.600624024960998,1
5376,Branch_6227,1297,1292,15.096618357487923,1
5377,Branch_6228,1298,1299,14.999250037498125,1
5378,Branch_6229,9336,9485,82.64462809917356,1
5379,Branch_6230,4706,5187,2000.0,1
5380,Branch_6231,4706,5188,2000.0,1
5381,Branch_6232,4706,5189,2000.0,1
5382,Branch_6233,2410,2411,5.523031039434442,1
5383,Branch_6235,2844,3040,225.22522522522522,1
5384,Branch_6236,2844,3110,112.61261261261261,1
5385,Branch_6237,5187,5190,-526.3157894736842,1
5386,Branch_6238,5185,5190,6.919457514530861,1
5387,Branch_6239,5186,5190,7.0467197519554645,1
5388,Branch_6240,5188,5191,495.0495049504951,1
5389,Branch_6241,5181,5191,7.160759040458289,1
5390,Branch_6242,5182,5191,7.336218912772357,1
5391,Branch_6243,5189,5192,763.3587786259542,1
5392,Branch_6244,5183,5192,7.124536905101168,1
5393,Branch_6245,5184,5192,7.2727272727272725,1
5394,Branch_6246,2217,2216,4.140615295432902,1
5395,Branch_6247,9628,9626,12.558081125204069,1
5396,Branch_6248,9628,9627,12.558081125204069,1
5397,Branch_6249,5678,9628,87.41258741258741,1
5398,Branch_6250,9701,9698,8.14265939255761,1
5399,Branch_6251,9701,9699,8.225037012666556,1
5400,Branch_6252,9701,9700,8.167265599477295,1
5401,Branch_6253,9628,9701,970.8737864077669,1
5402,Branch_6255,6709,7525,187.26591760299627,1
5403,Branch_6256,7525,7533,102.35414534288638,1
5404,Branch_6257,6803,7525,253.16455696202533,1
5405,Branch_6258,7525,7638,77.39938080495357,1
5406,Branch_6259,7524,7525,2000.0,1
5407,Branch_6261,6022,6452,65.01950585175553,1
5408,Branch_6262,6022,6286,35.62522265764161,1
5409,Branch_6263,4108,4463,2000.0,1
5410,Branch_6264,7256,7306,98.32841691248771,1
5411,Branch_6265,7037,7256,109.17030567685589,1
5412,Branch_6266,5898,6104,70.8215297450425,1
5413,Branch_6267,4530,4745,2000.0,1
5414,Branch_6268,4172,4171,11.402508551881414,1
5415,Branch_6269,4744,4747,9.719117504130624,1
5416,Branch_6270,4745,4747,-75.8150113722517,1
5417,Branch_6271,4746,4747,4.1017227235438884,1
5418,Branch_6272,2726,4744,32.32062055591467,1
5419,Branch_6273,3701,4744,63.29113924050633,1
5420,Branch_6274,3341,4171,1111.111111111111,1
5421,Branch_6275,6433,6435,8.395600705230459,1
5422,Branch_6276,6433,6434,8.395600705230459,1
5423,Branch_6277,6307,6433,2000.0,1
5424,Branch_6278,8334,8443,16.220600162206,1
5425,Branch_6279,8056,8334,9.954210631096954,1
5426,Branch_6280,7965,8334,63.492063492063494,1
5427,Branch_6281,286,782,483.09178743961354,1
5428,Branch_6282,6899,7016,8.320852055250457,1
5429,Branch_6284,3125,3128,53.53319057815846,1
5430,Branch_6285,3127,3128,-2000.0,1
5431,Branch_6286,3126,3128,8.792754770069463,1
5432,Branch_6287,1756,1755,4.88328938372888,1
5433,Branch_6288,1760,2598,9.830908375933936,1
5434,Branch_6290,1760,1834,28.481913984619766,1
5435,Branch_6291,1833,2136,9.68054211035818,1
5436,Branch_6292,1833,2596,7.423904974016333,1
5437,Branch_6293,2137,2484,12.690355329949238,1
5438,Branch_6294,6510,6512,184.1620626151013,1
5439,Branch_6295,6512,6511,7.352941176470588,1
5440,Branch_6296,1236,1555,91.24087591240875,1
5441,Branch_6297,108,1557,109.2896174863388,1
5442,Branch_6298,1556,1557,2000.0,1
5443,Branch_6299,1554,1555,202.42914979757086,1
5444,Branch_6300,938,1557,141.84397163120568,1
5445,Branch_6302,6234,6237,5.107252298263534,1
5446,Branch_6303,1336,1573,76.51109410864575,1
5447,Branch_6304,1016,1573,66.35700066357,1
5448,Branch_6305,5523,5524,5.423875901719368,1
5449,Branch_6306,698,1466,546.448087431694,1
5450,Branch_6307,715,1466,154.320987654321,1
5451,Branch_6308,1466,1465,11.013215859030836,1
5452,Branch_6309,1466,1469,11.230907457322552,1
5453,Branch_6310,1466,1467,11.013215859030836,1
5454,Branch_6311,1466,1468,11.013215859030836,1
5455,Branch_6312,3671,5149,29.985007496251875,1
5456,Branch_6313,4379,4378,1.763668430335097,1
5457,Branch_6314,3604,4378,52.38344683080147,1
5458,Branch_6315,4019,4378,21.39952921035737,1
5459,Branch_6316,3706,4378,53.61930294906166,1
5460,Branch_6317,9460,9458,8.017960230917256,1
5461,Branch_6318,9460,9459,8.381527114240214,1
5462,Branch_6319,9297,9460,840.3361344537815,1
5463,Branch_6320,4944,4945,5.356473297980609,1
5464,Branch_6322,7214,7215,5.537098560354374,1
5465,Branch_6323,7215,7217,6.218132073125234,1
5466,Branch_6324,7216,7217,26.295030239284774,1
5467,Branch_6325,7218,7217,1.275949625508785,1
5468,Branch_6326,7026,7216,33.3889816360601,1
5469,Branch_6327,6652,7215,13.32267519317879,1
5470,Branch_6328,7215,7480,23.245002324500234,1
5471,Branch_6329,7026,7096,3.224454261116306,1
5472,Branch_6330,7214,7216,2000.0,1
5473,Branch_6331,7214,7419,4.290924694271616,1
5474,Branch_6332,6899,7214,76.33587786259542,1
5475,Branch_6333,8060,8223,27.8473962684489,1
5476,Branch_6334,7936,8223,34.19972640218878,1
5477,Branch_6335,8223,8230,154.5595054095827,1
5478,Branch_6336,5739,5819,595.2380952380952,1
5479,Branch_6337,5741,5748,47.48338081671415,1
5480,Branch_6338,5747,5819,2000.0,1
5481,Branch_6341,9136,9272,7.702973347712217,1
5482,Branch_6342,8943,9136,15.076134479119554,1
5483,Branch_6343,9680,9679,15.394088669950738,1
5484,Branch_6344,857,1420,297.6190476190476,1
5485,Branch_6345,928,1523,155.27950310559007,1
5486,Branch_6346,919,928,120.33694344163658,1
5487,Branch_6347,928,1249,1219.5121951219512,1
5488,Branch_6348,505,525,2000.0,1
5489,Branch_6349,525,524,12.147716229348882,1
5490,Branch_6350,6307,6309,46.51162790697674,1
5491,Branch_6351,6308,6309,-485.43689320388347,1
5492,Branch_6352,6312,6309,8.880994671403197,1
5493,Branch_6353,6307,6310,46.27487274409995,1
5494,Branch_6354,6308,6310,-460.8294930875576,1
5495,Branch_6355,6311,6310,8.881783462119193,1
5496,Branch_6356,6307,6352,40.766408479412966,1
5497,Branch_6357,6307,6546,120.77294685990339,1
5498,Branch_6358,9265,9267,5.197505197505198,1
5499,Branch_6359,9265,9266,5.197505197505198,1
5500,Branch_6360,501,809,159.23566878980893,1
5501,Branch_6361,501,1717,2000.0,1
5502,Branch_6364,880,1225,40.17677782241864,1
5503,Branch_6365,1113,1225,10.675776662752215,1
5504,Branch_6366,1225,1334,64.64124111182934,1
5505,Branch_6370,190,192,129.5336787564767,1
5506,Branch_6371,191,249,77.9423226812159,1
5507,Branch_6372,192,249,384.61538461538464,1
5508,Branch_6373,191,1239,1960.7843137254902,1
5509,Branch_6374,190,724,751.8796992481203,1
5510,Branch_6375,189,191,2000.0,1
5511,Branch_6376,188,190,2000.0,1
5512,Branch_6377,7036,7459,43.63001745200698,1
5513,Branch_6378,6459,6477,17.247326664367023,1
5514,Branch_6379,6395,6459,28.6286859433152,1
5515,Branch_6380,297,672,507.61421319796955,1
5516,Branch_6381,2685,4155,73.74631268436578,1
5517,Branch_6384,633,641,84.10428931875526,1
5518,Branch_6385,623,624,130.3780964797914,1
5519,Branch_6386,623,641,460.8294930875576,1
5520,Branch_6387,621,624,207.0393374741201,1
5521,Branch_6388,621,628,101.21457489878543,1
5522,Branch_6389,628,633,93.02325581395348,1
5523,Branch_6390,606,619,8.009611533840609,1
5524,Branch_6391,620,641,205.3388090349076,1
5525,Branch_6392,620,641,163.3986928104575,1
5526,Branch_6393,622,625,2000.0,1
5527,Branch_6394,622,626,2000.0,1
5528,Branch_6395,624,633,236.4066193853428,1
5529,Branch_6396,628,633,94.6969696969697,1
5530,Branch_6397,624,641,117.096018735363,1
5531,Branch_6398,629,633,1149.4252873563219,1
5532,Branch_6399,630,633,1075.268817204301,1
5533,Branch_6400,631,633,990.0990099009902,1
5534,Branch_6401,632,633,1298.7012987012988,1
5535,Branch_6402,622,642,990.0990099009902,1
5536,Branch_6403,622,627,787.4015748031496,1
5537,Branch_6404,622,640,990.0990099009902,1
5538,Branch_6405,627,644,4.915454187966968,1
5539,Branch_6406,617,644,2.4986257558342913,1
5540,Branch_6407,643,644,4.959087527894868,1
5541,Branch_6409,628,619,5.612302166348636,1
5542,Branch_6410,625,618,5.7231156641675724,1
5543,Branch_6411,626,615,5.76435323956652,1
5544,Branch_6412,629,602,5.14668039114771,1
5545,Branch_6413,630,603,5.14668039114771,1
5546,Branch_6414,631,605,5.137690094533498,1
5547,Branch_6415,632,635,23.668639053254438,1
5548,Branch_6416,620,604,5.515111405250386,1
5549,Branch_6417,620,636,10.799136069114471,1
5550,Branch_6418,634,636,140.64697609001408,1
5551,Branch_6419,637,636,15.59332605644784,1
5552,Branch_6420,248,726,581.3953488372093,1
5553,Branch_6421,248,726,581.3953488372093,1
5554,Branch_6422,5593,5641,106.60980810234541,1
5555,Branch_6423,5956,5955,4.580852038479157,1
5556,Branch_6424,5955,6408,2000.0,1
5557,Branch_6425,5955,6465,85.32423208191126,1
5558,Branch_6426,1496,1503,32.278889606197545,1
5559,Branch_6427,4039,5155,18.311664530305805,1
5560,Branch_6428,726,1102,55.46311702717693,1
5561,Branch_6429,726,1102,55.46311702717693,1
5562,Branch_6431,740,1463,684.931506849315,1
5563,Branch_6432,728,1463,751.8796992481203,1
5564,Branch_6433,616,617,1492.5373134328358,1
5565,Branch_6434,613,643,900.9009009009009,1
5566,Branch_6435,726,741,47.82400765184122,1
5567,Branch_6436,743,741,78.98894154818325,1
5568,Branch_6437,742,741,4.982064567556796,1
5569,Branch_6438,726,733,48.5201358563804,1
5570,Branch_6439,727,733,77.9423226812159,1
5571,Branch_6440,732,733,4.988277547762758,1
5572,Branch_6441,726,734,69.97900629811056,1
5573,Branch_6442,725,734,56.274620146314014,1
5574,Branch_6443,731,734,4.858142246404975,1
5575,Branch_6444,726,736,53.908355795148246,1
5576,Branch_6445,735,736,66.57789613848202,1
5577,Branch_6446,737,736,5.104645227156713,1
5578,Branch_6447,728,729,-390.625,1
5579,Branch_6448,726,729,54.824561403508774,1
5580,Branch_6450,730,729,9.828009828009828,1
5581,Branch_6451,740,738,-243.30900243309003,1
5582,Branch_6452,726,738,54.34782608695652,1
5583,Branch_6453,739,738,10.53518752633797,1
5584,Branch_6454,624,743,2000.0,1
5585,Branch_6455,624,735,2000.0,1
5586,Branch_6456,624,725,2000.0,1
5587,Branch_6457,624,727,2000.0,1
5588,Branch_6459,641,642,66.00660066006601,1
5589,Branch_6460,640,641,2000.0,1
5590,Branch_6461,610,616,7.267441860465116,1
5591,Branch_6462,614,618,40.32258064516129,1
5592,Branch_6463,607,614,9.48316737790422,1
5593,Branch_6464,608,614,9.48316737790422,1
5594,Branch_6465,609,614,9.48316737790422,1
5595,Branch_6466,610,614,9.48316737790422,1
5596,Branch_6467,611,615,10.51967178624027,1
5597,Branch_6468,612,615,11.89767995240928,1
5598,Branch_6469,613,615,11.89767995240928,1
5599,Branch_6470,3354,4039,11.494252873563218,1
5600,Branch_6472,159,1453,1612.9032258064517,1
5601,Branch_6473,159,206,1886.7924528301887,1
5602,Branch_6474,817,1058,303.030303030303,1
5603,Branch_6475,819,1369,564.9717514124294,1
5604,Branch_6476,818,1636,27.53303964757709,1
5605,Branch_6477,126,818,25.46473134708429,1
5606,Branch_6478,783,818,18.37897445322551,1
5607,Branch_6479,817,977,153.1393568147014,1
5608,Branch_6480,819,820,-331.12582781456956,1
5609,Branch_6481,817,820,57.870370370370374,1
5610,Branch_6482,821,820,10.449320794148381,1
5611,Branch_6483,109,922,285.7142857142857,1
5612,Branch_6484,922,954,133.5113484646195,1
5613,Branch_6487,4579,4820,17.768301350390903,1
5614,Branch_6488,4579,4765,1470.5882352941176,1
5615,Branch_6491,6852,7170,5.515719801434087,1
5616,Branch_6492,6859,7170,3.7509377344336086,1
5617,Branch_6493,2224,6567,15.223017202009439,1
5618,Branch_6494,5775,6567,15.812776723592663,1
5619,Branch_6495,543,947,162.07455429497568,1
5620,Branch_6496,544,947,164.74464579901152,1
5621,Branch_6497,543,1428,58.10575246949448,1
5622,Branch_6499,8746,8747,110.74197120708749,1
5623,Branch_6501,8743,8744,46.92632566870014,1
5624,Branch_6502,8746,8745,5.787037037037037,1
5625,Branch_6503,8743,8742,5.793742757821553,1
5626,Branch_6504,97,1638,55.09641873278237,1
5627,Branch_6505,97,1552,126.10340479192938,1
5628,Branch_6508,54,56,-122.85012285012284,1
5629,Branch_6509,55,56,22.281639928698752,1
5630,Branch_6510,59,56,7.783918424534911,1
5631,Branch_6511,54,57,-129.5336787564767,1
5632,Branch_6512,55,57,16.79261125104954,1
5633,Branch_6513,58,57,6.628222973420826,1
5634,Branch_6514,54,967,24.752475247524753,1
5635,Branch_6515,54,1334,57.8368999421631,1
5636,Branch_6516,55,550,862.0689655172414,1
5637,Branch_6517,4169,4168,2.1114864864864864,1
5638,Branch_6518,6672,7213,2000.0,1
5639,Branch_6519,6672,7210,2000.0,1
5640,Branch_6520,6672,7208,2000.0,1
5641,Branch_6521,7213,7211,15.105740181268882,1
5642,Branch_6522,7210,7209,15.024038461538462,1
5643,Branch_6523,7208,7212,15.042117930204572,1
5644,Branch_6524,7829,7832,43.89815627743635,1
5645,Branch_6526,7830,8352,5.964451866873434,1
5646,Branch_6527,153,595,793.6507936507936,1
5647,Branch_6528,153,176,363.6363636363636,1
5648,Branch_6529,2198,2197,50.68423720223011,1
5649,Branch_6530,2198,2197,50.68423720223011,1
5650,Branch_6531,117,237,1851.851851851852,1
5651,Branch_6532,1516,1519,2000.0,1
5652,Branch_6533,1516,1518,2000.0,1
5653,Branch_6534,239,952,490.19607843137254,1
5654,Branch_6535,237,239,393.7007874015748,1
5655,Branch_6536,237,1518,341.29692832764505,1
5656,Branch_6537,238,952,425.531914893617,1
5657,Branch_6538,237,238,518.1347150259068,1
5658,Branch_6539,237,1519,381.6793893129771,1
5659,Branch_6540,238,1627,1369.86301369863,1
5660,Branch_6541,239,1628,1298.7012987012988,1
5661,Branch_6542,116,237,1851.851851851852,1
5662,Branch_6543,1516,1517,10.208248264597795,1
5663,Branch_6544,6896,7609,88.65248226950355,1
5664,Branch_6545,7323,7609,34.940600978336825,1
5665,Branch_6548,802,1645,277.0083102493075,1
5666,Branch_6549,801,1644,346.02076124567475,1
5667,Branch_6550,1423,1645,377.35849056603774,1
5668,Branch_6551,1643,1645,313.47962382445144,1
5669,Branch_6552,1642,1644,242.13075060532688,1
5670,Branch_6553,780,1644,131.06159895150722,1
5671,Branch_6554,5821,5861,31.34796238244514,1
5672,Branch_6555,787,1694,42.337002540220155,1
5673,Branch_6556,1829,2557,17.035775127768314,1
5674,Branch_6557,1811,2557,35.51136363636363,1
5675,Branch_6558,1789,2657,66.44518272425249,1
5676,Branch_6559,2431,2657,64.14368184733804,1
5677,Branch_6560,2064,2092,35.00175008750438,1
5678,Branch_6561,1811,2064,28.192839018889202,1
5679,Branch_6562,2214,7019,12.884937508053087,1
5680,Branch_6564,1960,2306,2000.0,1
5681,Branch_6565,1870,1960,69.39625260235947,1
5682,Branch_6567,782,886,256.4102564102564,1
5683,Branch_6568,1440,1648,273.224043715847,1
5684,Branch_6569,715,1648,128.8659793814433,1
5685,Branch_6570,6853,7238,155.76323987538942,1
5686,Branch_6571,6853,7238,173.3102253032929,1
5687,Branch_6572,6988,6987,20.408163265306122,1
5688,Branch_6573,6688,6988,497.5124378109453,1
5689,Branch_6574,7237,7238,2000.0,1
5690,Branch_6575,1013,1624,1315.7894736842106,1
5691,Branch_6576,1624,1696,116.95906432748538,1
5692,Branch_6578,8923,8922,9.601536245799329,1
5693,Branch_6579,8923,9211,57.37234652897303,1
5694,Branch_6580,8922,9099,9.370314842578711,1
5695,Branch_6581,8922,9098,9.186954524575103,1
5696,Branch_6582,8922,9479,16.716817118020728,1
5697,Branch_6583,5283,5282,19.157088122605366,1
5698,Branch_6584,6111,6113,19.043991620643688,1
5699,Branch_6585,2338,2337,13.003901170351105,1
5700,Branch_6586,2300,2301,13.176966662274344,1
5701,Branch_6588,2299,2300,2000.0,1
5702,Branch_6589,2328,2327,13.689253935660506,1
5703,Branch_6590,2328,2329,1351.3513513513512,1
5704,Branch_6591,3040,3360,33.82949932341001,1
5705,Branch_6592,403,1224,71.27583749109051,1
5706,Branch_6593,1224,2465,46.468401486988846,1
5707,Branch_6594,7772,8239,704.2253521126761,1
5708,Branch_6595,8239,8237,17.577781683951486,1
5709,Branch_6596,8239,8238,15.482272797646694,1
5710,Branch_6597,6390,6391,2.6688017080330932,1
5711,Branch_6598,8921,9145,2000.0,1
5712,Branch_6599,597,798,227.27272727272728,1
5713,Branch_6600,596,797,220.7505518763797,1
5714,Branch_6601,597,1196,198.80715705765408,1
5715,Branch_6602,596,1197,202.83975659229208,1
5716,Branch_6603,6016,6101,15.271838729383017,1
5717,Branch_6605,5811,6016,3.2618977721238216,1
5718,Branch_6606,5514,5513,2.087246921310791,1
5719,Branch_6607,5515,5513,-55.248618784530386,1
5720,Branch_6608,5516,5513,2.189141856392294,1
5721,Branch_6609,6357,6359,-49.6031746031746,1
5722,Branch_6610,6358,6360,-49.6031746031746,1
5723,Branch_6611,9324,9482,729.92700729927,1
5724,Branch_6612,9324,9655,159.4896331738437,1
5725,Branch_6613,9297,9324,49.97501249375313,1
5726,Branch_6614,9297,9324,49.75124378109453,1
5727,Branch_6615,9319,9324,37.79289493575208,1
5728,Branch_6616,9319,9324,37.79289493575208,1
5729,Branch_6617,5999,6032,1315.7894736842106,1
5730,Branch_6618,657,1697,7.988496564946477,1
5731,Branch_6619,963,1054,26.096033402922757,1
5732,Branch_6620,689,1054,9.683354313934347,1
5733,Branch_6621,7013,7415,4.521613311629589,1
5734,Branch_6623,7012,7106,7.250580046403712,1
5735,Branch_6624,7012,7013,3.186743148502231,1
5736,Branch_6627,96,1330,121.65450121654501,1
5737,Branch_6628,96,356,104.9317943336831,1
5738,Branch_6629,95,158,72.3589001447178,1
5739,Branch_6630,94,96,359.71223021582733,1
5740,Branch_6631,93,95,364.963503649635,1
5741,Branch_6632,95,905,92.85051067780873,1
5742,Branch_6633,2724,4401,104.4932079414838,1
5743,Branch_6634,369,923,122.24938875305624,1
5744,Branch_6636,369,1703,2000.0,1
5745,Branch_6637,2887,4400,90.57971014492753,1
5746,Branch_6638,3351,4400,28.176951253874332,1
5747,Branch_6639,8725,8724,14.326647564469914,1
5748,Branch_6640,8487,8725,2000.0,1
5749,Branch_6641,9651,9650,16.65278934221482,1
5750,Branch_6642,8181,8258,33.818058843422385,1
5751,Branch_6643,8181,8182,19.398642095053347,1
5752,Branch_6644,8181,8189,2000.0,1
5753,Branch_6645,8302,8303,41.16920543433512,1
5754,Branch_6646,8169,8303,2000.0,1
5755,Branch_6647,8180,8302,56.882821387940844,1
5756,Branch_6648,7613,7617,2000.0,1
5757,Branch_6649,7617,7618,8.671522719389525,1
5758,Branch_6650,8177,8182,14.423770373575653,1
5759,Branch_6652,7970,7971,11.856770215793217,1
5760,Branch_6653,3135,3939,9.48676596148373,1
5761,Branch_6654,7788,7970,495.0495049504951,1
5762,Branch_6655,3135,3416,7.651694850409366,1
5763,Branch_6656,3135,9239,5.393743257820928,1
5764,Branch_6657,804,1251,25.393600812595228,1
5765,Branch_6658,5972,6027,28.677946659019213,1
5766,Branch_6659,5852,5972,5.593779716954747,1
5767,Branch_6660,5972,6227,22.79981760145919,1
5768,Branch_6661,6641,7459,50.505050505050505,1
5769,Branch_6662,5552,5554,69.44444444444444,1
5770,Branch_6663,5551,5554,74.01924500370096,1
5771,Branch_6664,5553,5554,4.8016901949486215,1
5772,Branch_6665,8019,8707,54.229934924078094,1
5773,Branch_6666,4873,4872,6.333924499619965,1
5774,Branch_6667,4873,4884,277.0083102493075,1
5775,Branch_6668,5832,5833,10.641694157709907,1
5776,Branch_6669,5832,5938,26.232948583420775,1
5777,Branch_6670,5833,5989,55.21811154058531,1
5778,Branch_6671,3541,4889,2000.0,1
5779,Branch_6672,3541,4889,2000.0,1
5780,Branch_6673,4387,4386,9.182736455463727,1
5781,Branch_6674,4391,4389,35.0754121360926,1
5782,Branch_6675,4386,4389,316.45569620253167,1
5783,Branch_6676,4390,4389,9.606147934678194,1
5784,Branch_6677,9286,9293,63.775510204081634,1
5785,Branch_6678,4000,4290,59.80861244019139,1
5786,Branch_6679,3417,4290,53.56186395286556,1
5787,Branch_6680,6728,6784,478.4688995215311,1
5788,Branch_6681,6784,6785,7.403568520026653,1
5789,Branch_6682,6784,6786,6.993006993006993,1
5790,Branch_6683,6866,7151,60.60606060606061,1
5791,Branch_6684,972,1618,76.51109410864575,1
5792,Branch_6685,657,972,12.042389210019268,1
5793,Branch_6686,714,972,89.28571428571429,1
5794,Branch_6687,5222,5564,8.071025020177563,1
5795,Branch_6688,1405,1618,4.799155348658636,1
5796,Branch_6689,5027,5026,170.64846416382252,1
5797,Branch_6690,5025,5026,8.408307407718826,1
5798,Branch_6691,5028,5026,8.408307407718826,1
5799,Branch_6692,85,86,7.432181345224824,1
5800,Branch_6694,1330,1331,2000.0,1
5801,Branch_6695,1207,1333,91.99632014719411,1
5802,Branch_6696,916,1333,182.14936247723134,1
5803,Branch_6697,918,1329,175.7469244288225,1
5804,Branch_6698,6730,7579,425.531914893617,1
5805,Branch_6699,6730,6731,9.152480322167307,1
5806,Branch_6700,6730,6732,9.063717937097797,1
5807,Branch_6701,1331,1545,63.371356147021544,1
5808,Branch_6702,1328,1333,2000.0,1
5809,Branch_6703,1329,1332,2000.0,1
5810,Branch_6704,1327,1331,2000.0,1
5811,Branch_6705,1010,1330,50.0751126690035,1
5812,Branch_6706,3450,5013,26.35740643120717,1
5813,Branch_6707,5285,5410,2000.0,1
5814,Branch_6708,3688,3690,46.57661853749418,1
5815,Branch_6709,3686,3690,-478.4688995215311,1
5816,Branch_6710,3691,3690,8.92379082634303,1
5817,Branch_6711,3688,3689,826.4462809917355,1
5818,Branch_6712,3686,3689,45.47521600727603,1
5819,Branch_6713,3687,3689,23.51834430856068,1
5820,Branch_6714,5426,5609,19.18281220026856,1
5821,Branch_6715,6648,7410,210.9704641350211,1
5822,Branch_6716,7410,7575,11.144544745347153,1
5823,Branch_6717,356,858,39.52569169960474,1
5824,Branch_6718,6539,6538,4.231550440081246,1
5825,Branch_6719,6308,6539,302.11480362537765,1
5826,Branch_6720,4237,5107,60.024009603841534,1
5827,Branch_6721,4506,5107,11.75226231049477,1
5828,Branch_6722,4237,4640,680.2721088435375,1
5829,Branch_6723,6342,6475,200.80321285140562,1
5830,Branch_6724,6473,6475,70.92198581560284,1
5831,Branch_6726,4605,9303,2000.0,1
5832,Branch_6727,4605,4606,33.95585738539898,1
5833,Branch_6728,3944,4374,104.16666666666667,1
5834,Branch_6729,5467,5548,2000.0,1
5835,Branch_6730,5891,6070,16.276041666666668,1
5836,Branch_6732,5891,6340,4.8718698236383124,1
5837,Branch_6734,176,595,473.93364928909955,1
5838,Branch_6735,6927,7394,74.07407407407408,1
5839,Branch_6736,7394,7414,198.80715705765408,1
5840,Branch_6737,6778,7395,27.48763056624519,1
5841,Branch_6738,7117,7395,7.456009543692216,1
5842,Branch_6739,6654,6900,40.93327875562833,1
5843,Branch_6740,6900,7574,41.999160016799664,1
5844,Branch_6741,6688,6853,23.337222870478413,1
5845,Branch_6742,6254,6253,6.5359477124183005,1
5846,Branch_6743,6253,6254,9.950248756218906,1
5847,Branch_6744,6102,6254,87.03220191470844,1
5848,Branch_6745,5799,6253,6.014675808973896,1
5849,Branch_6746,8046,8342,12.007684918347742,1
5850,Branch_6747,8231,8342,22.099447513812155,1
5851,Branch_6748,6361,8342,26.281208935611037,1
5852,Branch_6749,313,976,40.98360655737705,1
5853,Branch_6750,8980,9108,9.902951079421667,1
5854,Branch_6751,7813,7904,9.91768322919766,1
5855,Branch_6752,7904,8088,13.317352510320948,1
5856,Branch_6753,8926,8980,22.36636099306643,1
5857,Branch_6755,4648,4662,2000.0,1
5858,Branch_6756,4359,4648,2000.0,1
5859,Branch_6757,4648,4786,15.105740181268882,1
5860,Branch_6758,4917,4918,6.104633416763323,1
5861,Branch_6759,4917,4919,14.70155836518671,1
5862,Branch_6760,966,1667,245.09803921568627,1
5863,Branch_6761,550,1667,1562.5,1
5864,Branch_6762,912,1667,125.15644555694618,1
5865,Branch_6763,3457,3459,33.32222592469177,1
5866,Branch_6764,3457,3458,33.32222592469177,1
5867,Branch_6765,774,1453,1694.915254237288,1
5868,Branch_6767,195,442,657.8947368421053,1
5869,Branch_6768,783,1386,24.73410833539451,1
5870,Branch_6769,783,1386,22.593764121102577,1
5871,Branch_6771,8664,8665,16.4257555847569,1
5872,Branch_6772,8664,8666,16.4257555847569,1
5873,Branch_6773,8651,8664,2000.0,1
5874,Branch_6774,5655,5701,23.980815347721823,1
5875,Branch_6775,1602,1693,100.10010010010011,1
5876,Branch_6778,1014,1602,226.2443438914027,1
5877,Branch_6781,5095,9049,500.0,1
5878,Branch_6783,4500,4502,46.62004662004662,1
5879,Branch_6784,4501,4502,-473.93364928909955,1
5880,Branch_6785,4503,4502,8.992805755395684,1
5881,Branch_6786,4500,4504,46.59832246039143,1
5882,Branch_6787,4501,4504,-476.1904761904762,1
5883,Branch_6788,4505,4504,8.958165367732688,1
5884,Branch_6793,2779,2780,46.27487274409995,1
5885,Branch_6794,2781,2780,-460.8294930875576,1
5886,Branch_6795,2782,2780,9.00657479960371,1
5887,Branch_6796,2779,2784,46.27487274409995,1
5888,Branch_6797,2781,2784,-460.8294930875576,1
5889,Branch_6798,2783,2784,9.00657479960371,1
5890,Branch_6799,6662,6661,5.55926173004225,1
5891,Branch_6800,7471,7470,6.802721088435374,1
5892,Branch_6801,7780,8131,735.2941176470588,1
5893,Branch_6802,649,1420,73.20644216691069,1
5894,Branch_6803,1420,1416,12.373174956693887,1
5895,Branch_6804,1420,1416,8.788118463836893,1
5896,Branch_6805,1420,1416,9.479571523367143,1
5897,Branch_6806,1418,1408,4.563917666925288,1
5898,Branch_6807,1418,1409,4.563917666925288,1
5899,Branch_6808,1418,1410,4.558716265499635,1
5900,Branch_6809,1415,1413,12.379301807378065,1
5901,Branch_6810,1419,1417,13.672409078479628,1
5902,Branch_6811,1414,1411,2.39652982481367,1
5903,Branch_6812,1415,1411,3.150896430034345,1
5904,Branch_6813,1415,1411,3.108486167236556,1
5905,Branch_6814,1414,1412,1.9764017629503725,1
5906,Branch_6815,1414,1412,1.9764017629503725,1
5907,Branch_6816,1414,1412,2.0027638140634076,1
5908,Branch_6817,1414,1412,2.0298386278290876,1
5909,Branch_6818,5650,5651,26.63115845539281,1
5910,Branch_6819,5651,5652,43.10344827586207,1
5911,Branch_6820,5651,5668,41.16920543433512,1
5912,Branch_6821,5361,5511,2000.0,1
5913,Branch_6823,8804,8808,46.2962962962963,1
5914,Branch_6824,8803,8808,-458.7155963302752,1
5915,Branch_6825,8806,8808,8.933357155619081,1
5916,Branch_6826,8805,8809,46.2962962962963,1
5917,Branch_6827,8803,8809,-458.7155963302752,1
5918,Branch_6828,8807,8809,8.933357155619081,1
5919,Branch_6829,1092,1446,215.9827213822894,1
5920,Branch_6830,1164,1446,571.4285714285714,1
5921,Branch_6831,770,1446,2000.0,1
5922,Branch_6832,2300,2338,714.2857142857143,1
5923,Branch_6833,2265,2264,10.018032458425166,1
5924,Branch_6834,2258,2265,2000.0,1
5925,Branch_6835,7108,7350,16.142050040355127,1
5926,Branch_6836,6625,7108,63.05170239596469,1
5927,Branch_6837,2329,2395,2000.0,1
5928,Branch_6838,2208,2395,50.607287449392715,1
5929,Branch_6839,1774,2395,112.99435028248588,1
5930,Branch_6840,2395,2543,53.821313240043054,1
5931,Branch_6841,2228,2395,19.029495718363464,1
5932,Branch_6842,1946,2614,19.654088050314467,1
5933,Branch_6843,1757,2614,20.554984583761563,1
5934,Branch_6844,1919,1946,15.693659761456372,1
5935,Branch_6845,2518,2555,145.5604075691412,1
5936,Branch_6846,2485,2555,1694.915254237288,1
5937,Branch_6847,2485,2555,1449.2753623188405,1
5938,Branch_6848,1914,2555,294.11764705882354,1
5939,Branch_6849,1871,2208,24.919013207077,1
5940,Branch_6853,3212,4412,2000.0,1
5941,Branch_6854,3212,4408,232.0185614849188,1
5942,Branch_6855,6951,7604,26.469031233456857,1
5943,Branch_6856,6920,6951,54.34782608695652,1
5944,Branch_6857,7165,7168,1.2196311835301006,1
5945,Branch_6858,7165,7167,1.2225536701061177,1
5946,Branch_6859,7165,7166,1.2226284065483977,1
5947,Branch_6860,6952,7165,48.33252779120348,1
5948,Branch_6861,6951,7165,48.33252779120348,1
5949,Branch_6862,6848,6849,9.165902841429881,1
5950,Branch_6863,6849,7095,12.399256044637323,1
5951,Branch_6864,6848,6895,5.347307630607989,1
5952,Branch_6865,6849,7035,10.855405992184108,1
5953,Branch_6866,6848,6850,662.2516556291391,1
5954,Branch_6867,6850,6851,168.35016835016836,1
5955,Branch_6868,2685,3003,73.52941176470588,1
5956,Branch_6869,3003,4414,30.303030303030305,1
5957,Branch_6870,1194,1632,166.66666666666666,1
5958,Branch_6871,6888,7116,6.701065469409636,1
5959,Branch_6872,692,7116,4.5551860793513415,1
5960,Branch_6873,1250,1632,421.9409282700422,1
5961,Branch_6874,8154,8410,87.48906386701663,1
5962,Branch_6878,5644,5673,2000.0,1
5963,Branch_6879,659,1215,26.75943270002676,1
5964,Branch_6880,1215,1724,83.82229673093043,1
5965,Branch_6881,489,1215,2000.0,1
5966,Branch_6882,882,1215,145.1378809869376,1
5967,Branch_6883,815,1215,625.0,1
5968,Branch_6884,3587,3588,6.079027355623101,1
5969,Branch_6885,1059,1612,47.43833017077799,1
5970,Branch_6887,717,1612,46.18937644341801,1
5971,Branch_6888,8045,8067,37.5234521575985,1
5972,Branch_6889,110,942,216.91973969631238,1
5973,Branch_6890,110,1577,106.83760683760684,1
5974,Branch_6892,261,262,2000.0,1
5975,Branch_6893,261,260,13.106159895150721,1
5976,Branch_6897,4911,4912,10.60220525869381,1
5977,Branch_6898,4911,4913,10.501995379122032,1
5978,Branch_6899,6367,6370,18.315018315018314,1
5979,Branch_6900,6365,6368,15.28117359413203,1
5980,Branch_6901,6366,6369,15.377518068583731,1
5981,Branch_6902,6432,6431,10.002000400080016,1
5982,Branch_6903,5780,5956,216.45021645021646,1
5983,Branch_6904,5780,6024,5.443658138268916,1
5984,Branch_6905,5780,6141,3.5486160397444997,1
5985,Branch_6906,5509,5510,72.41129616220131,1
5986,Branch_6907,5507,5510,72.41129616220131,1
5987,Branch_6908,5508,5510,-72.41129616220131,1
5988,Branch_6909,3492,3490,12.363996043521267,1
5989,Branch_6910,6351,6490,94.5179584120983,1
5990,Branch_6911,6490,6546,174.52006980802793,1
5991,Branch_6912,4909,4910,12.009126936471718,1
5992,Branch_6914,4888,4909,321.54340836012864,1
5993,Branch_6917,6274,6275,2000.0,1
5994,Branch_6918,4432,6276,847.457627118644,1
5995,Branch_6919,4960,4958,15.420200462606013,1
5996,Branch_6920,4960,4959,8.862105636299185,1
5997,Branch_6921,4960,4961,16.803898504453034,1
5998,Branch_6922,2473,2472,3.486750348675035,1
5999,Branch_6923,3625,3671,66.75567423230974,1
6000,Branch_6924,7672,7671,17.24435247456458,1
6001,Branch_6925,7672,7671,17.24435247456458,1
6002,Branch_6926,7671,7674,7.754943776657619,1
6003,Branch_6927,7671,7675,7.814942169427947,1
6004,Branch_6928,7671,7673,7.754943776657619,1
6005,Branch_6933,8710,8709,7.767593599502874,1
6006,Branch_6934,4151,4152,4.492362982929021,1
6007,Branch_6936,6428,6429,8.031483414986749,1
6008,Branch_6937,6428,6430,8.065817067268915,1
6009,Branch_6938,6308,6428,45.78754578754579,1
6010,Branch_6939,90,659,196.8503937007874,1
6011,Branch_6940,659,762,54.525627044711015,1
6012,Branch_6941,659,763,55.46311702717693,1
6013,Branch_6942,659,1401,30.816640986132512,1
6014,Branch_6943,659,994,54.17118093174431,1
6015,Branch_6944,211,210,14.291839359725596,1
6016,Branch_6945,5797,5820,19.297568506368197,1
6017,Branch_6946,763,1572,57.93742757821553,1
6018,Branch_6947,8886,8900,1176.4705882352941,1
6019,Branch_6948,9482,9483,13.368983957219251,1
6020,Branch_6949,9482,9484,13.502565487442615,1
6021,Branch_6950,1497,1501,12.95001295001295,1
6022,Branch_6952,1497,1499,5.313496280552604,1
6023,Branch_6953,1497,1500,5.353319057815845,1
6024,Branch_6954,1492,1487,10.721561059290233,1
6025,Branch_6955,1492,1485,10.81665765278529,1
6026,Branch_6956,1492,1484,10.616838305552607,1
6027,Branch_6957,1492,1486,10.763104079216445,1
6028,Branch_6958,1492,1488,10.626992561105208,1
6029,Branch_6960,1492,1491,9.230201218386561,1
6030,Branch_6961,1492,1490,7.763372408974458,1
6031,Branch_6962,1492,1482,12.936610608020699,1
6032,Branch_6963,1494,1489,9.685230024213075,1
6033,Branch_6964,1493,1489,9.933445912387008,1
6034,Branch_6965,1489,1511,26.31578947368421,1
6035,Branch_6966,1480,1511,3.067484662576687,1
6036,Branch_6967,1481,1511,3.058103975535168,1
6037,Branch_6968,1505,1506,10.001000100010002,1
6038,Branch_6969,1504,1506,10.001000100010002,1
6039,Branch_6970,1506,1507,5.000250012500625,1
6040,Branch_6971,1506,1508,12.048192771084338,1
6041,Branch_6972,1506,1509,12.048192771084338,1
6042,Branch_6973,1489,1510,11.574074074074074,1
6043,Branch_6974,1481,1510,5.87820362097343,1
6044,Branch_6975,1480,1510,5.906325674797708,1
6045,Branch_6976,1233,1489,102.56410256410257,1
6046,Branch_6977,647,1489,21.427040925648168,1
6047,Branch_6978,8040,8043,50.25125628140704,1
6048,Branch_6979,3382,3384,46.57661853749418,1
6049,Branch_6980,3381,3384,-480.7692307692308,1
6050,Branch_6981,3383,3384,9.01144453455889,1
6051,Branch_6982,6044,6258,1818.1818181818182,1
6052,Branch_6983,5810,6258,6.421782686873876,1
6053,Branch_6984,3212,3998,333.3333333333333,1
6054,Branch_6985,115,556,4.84027105517909,1
6055,Branch_6986,3998,4475,384.61538461538464,1
6056,Branch_6987,90,500,55.80357142857143,1
6057,Branch_6988,160,1241,60.93845216331505,1
6058,Branch_6989,8019,8792,2000.0,1
6059,Branch_6991,7544,7543,16.005121638924457,1
6060,Branch_6992,7541,7543,384.61538461538464,1
6061,Branch_6993,7542,7543,39.43217665615142,1
6062,Branch_6994,6980,7542,54.7645125958379,1
6063,Branch_6995,6980,7542,54.7645125958379,1
6064,Branch_6996,9257,9432,58.78894767783657,1
6065,Branch_6997,9432,9622,74.46016381236039,1
6066,Branch_6998,7625,7623,10.529640939243972,1
6067,Branch_6999,7625,7624,10.529640939243972,1
6068,Branch_7000,6765,7625,454.54545454545456,1
6069,Branch_7001,4044,4333,68.72852233676976,1
6070,Branch_7002,4335,4333,6.031363088057901,1
6071,Branch_7003,4334,4333,5.0208364713561275,1
6072,Branch_7004,4334,5144,17.7999288002848,1
6073,Branch_7005,2972,4333,25.131942699170647,1
6074,Branch_7006,2012,2654,61.95786864931846,1
6075,Branch_7007,1921,1925,59.523809523809526,1
6076,Branch_7009,2398,2399,40.600893219650835,1
6077,Branch_7010,6860,7143,90.33423667570008,1
6078,Branch_7011,259,758,134.77088948787062,1
6079,Branch_7013,758,1673,165.8374792703151,1
6080,Branch_7014,1371,1372,5.720823798627002,1
6081,Branch_7015,1910,1986,66.35700066357,1
6082,Branch_7016,5212,5210,14.57301078402798,1
6083,Branch_7017,5212,5213,14.57301078402798,1
6084,Branch_7018,5212,5211,15.6128024980484,1
6085,Branch_7019,5207,5206,14.330753797649756,1
6086,Branch_7020,5207,5208,14.3000143000143,1
6087,Branch_7021,5207,5209,15.5448468832582,1
6088,Branch_7022,6093,6092,3.5855145213338115,1
6089,Branch_7023,5911,5939,7.548309178743962,1
6090,Branch_7024,7025,7028,7.224389539083948,1
6091,Branch_7025,7028,7324,1.1098163253981466,1
6092,Branch_7026,7028,7315,2.355601620653915,1
6093,Branch_7027,6913,7342,1.6270745200130166,1
6094,Branch_7028,5459,5520,124.84394506866417,1
6095,Branch_7029,7866,8045,18.618506795754982,1
6096,Branch_7030,8045,8046,7.110858280594468,1
6097,Branch_7031,7016,7545,5.151187348683871,1
6098,Branch_7032,5772,5941,1.6984272563606102,1
6099,Branch_7033,6955,7024,3.250975292587776,1
6100,Branch_7034,966,1271,141.44271570014143,1
6101,Branch_7035,3403,3409,12.169891687963977,1
6102,Branch_7036,3403,3408,12.192148256522799,1
6103,Branch_7037,3403,3404,12.169891687963977,1
6104,Branch_7038,3406,3412,12.112403100775193,1
6105,Branch_7039,3406,3411,12.19958521410272,1
6106,Branch_7040,3406,3407,12.135922330097088,1
6107,Branch_7041,3403,3405,27.878449958182326,1
6108,Branch_7042,3406,3410,27.808676307007786,1
6109,Branch_7043,3298,5146,2000.0,1
6110,Branch_7044,8951,9055,125.31328320802005,1
6111,Branch_7045,8965,9055,48.59086491739553,1
6112,Branch_7046,7439,7487,47.37091425864519,1
6113,Branch_7047,6862,7439,40.22526146419952,1
6114,Branch_7048,6799,7439,251.88916876574308,1
6115,Branch_7049,6797,7439,251.88916876574308,1
6116,Branch_7050,6798,7439,251.88916876574308,1
6117,Branch_7051,6796,6799,14.36988072998994,1
6118,Branch_7052,6795,6797,13.904338153503893,1
6119,Branch_7053,6794,6798,13.827433628318584,1
6120,Branch_7054,5939,6090,5.406282099799967,1
6121,Branch_7055,5939,6042,1.9062869343093523,1
6122,Branch_7056,8120,8121,2000.0,1
6123,Branch_7057,4057,4689,31.240237425804438,1
6124,Branch_7058,2993,3815,82.57638315441784,1
6125,Branch_7059,3536,3711,31.055900621118013,1
6126,Branch_7060,2690,3547,13.35291761249833,1
6127,Branch_7061,9664,9662,16.655562958027982,1
6128,Branch_7062,9664,9663,16.655562958027982,1
6129,Branch_7063,198,1609,225.22522522522522,1
6130,Branch_7064,197,1610,225.22522522522522,1
6131,Branch_7068,198,199,2000.0,1
6132,Branch_7069,197,200,2000.0,1
6133,Branch_7070,144,198,110.49723756906077,1
6134,Branch_7071,144,197,110.13215859030836,1
6135,Branch_7072,37,1336,103.62694300518135,1
6136,Branch_7073,9083,9084,54.112554112554115,1
6137,Branch_7074,9082,9084,101.9367991845056,1
6138,Branch_7075,9085,9084,6.914194842010648,1
6139,Branch_7076,6238,6335,2000.0,1
6140,Branch_7077,6238,6522,25.4000508001016,1
6141,Branch_7078,6020,6238,88.41732979664015,1
6142,Branch_7081,7846,7845,5.887894488930758,1
6143,Branch_7082,7845,7857,9.92950054612253,1
6144,Branch_7083,7715,7846,14.351320321469576,1
6145,Branch_7084,6174,6323,69.25207756232687,1
6146,Branch_7085,5857,6389,73.04601899196494,1
6147,Branch_7086,5842,5858,53.648068669527895,1
6148,Branch_7087,5857,5858,2000.0,1
6149,Branch_7088,5252,5563,2000.0,1
6150,Branch_7089,5563,5561,42.24757076468103,1
6151,Branch_7090,5563,5562,42.24757076468103,1
6152,Branch_7091,5563,5560,42.24757076468103,1
6153,Branch_7092,5563,5559,75.7002271006813,1
6154,Branch_7093,7963,7962,7.523888345496953,1
6155,Branch_7094,7962,8318,9.609840476648088,1
6156,Branch_7095,7962,8103,12.493753123438282,1
6157,Branch_7096,8019,8317,17.01258931609391,1
6158,Branch_7097,4710,4709,12.750223128904755,1
6159,Branch_7098,2715,4710,183.4862385321101,1
6160,Branch_7099,4180,5174,122.85012285012284,1
6161,Branch_7100,826,847,50.70993914807302,1
6162,Branch_7101,707,827,51.94805194805195,1
6163,Branch_7102,827,828,2000.0,1
6164,Branch_7103,826,937,96.15384615384616,1
6165,Branch_7104,719,826,35.1000351000351,1
6166,Branch_7105,7109,7300,27.51031636863824,1
6167,Branch_7107,479,500,88.49557522123894,1
6168,Branch_7110,262,1112,1818.1818181818182,1
6169,Branch_7111,7478,7541,12.49843769528809,1
6170,Branch_7112,8621,8620,9.901970492127933,1
6171,Branch_7113,8621,8629,2000.0,1
6172,Branch_7114,1376,1532,28.256569652444192,1
6173,Branch_7115,1374,1376,117.37089201877934,1
6174,Branch_7116,1375,1377,118.48341232227489,1
6175,Branch_7117,899,1376,144.92753623188406,1
6176,Branch_7118,899,1377,144.3001443001443,1
6177,Branch_7119,762,1077,47.68717215069147,1
6178,Branch_7120,275,1077,86.20689655172414,1
6179,Branch_7121,1965,2518,61.652281134401974,1
6180,Branch_7122,2263,2518,43.196544276457885,1
6181,Branch_7123,1082,1617,102.6694045174538,1
6182,Branch_7124,201,747,175.43859649122808,1
6183,Branch_7125,747,786,77.45933384972889,1
6184,Branch_7126,786,1335,89.04719501335708,1
6185,Branch_7127,1144,1335,35.373187124159884,1
6186,Branch_7128,884,1082,59.523809523809526,1
6187,Branch_7129,652,1304,17.88908765652952,1
6188,Branch_7130,1084,1212,25.374270489723422,1
6189,Branch_7132,1212,1304,285.7142857142857,1
6190,Branch_7133,706,1192,366.3003663003663,1
6191,Branch_7134,663,1400,507.61421319796955,1
6192,Branch_7135,91,1400,77.88161993769471,1
6193,Branch_7136,663,1531,352.11267605633805,1
6194,Branch_7137,1218,1531,352.11267605633805,1
6195,Branch_7138,706,1400,568.1818181818181,1
6196,Branch_7139,1131,1400,93.02325581395348,1
6197,Branch_7140,1132,1400,93.98496240601504,1
6198,Branch_7141,321,858,14.757969303423849,1
6199,Branch_7142,321,1192,92.42144177449168,1
6200,Branch_7143,706,1192,185.1851851851852,1
6201,Branch_7144,706,807,1562.5,1
6202,Branch_7145,807,1218,86.35578583765113,1
6203,Branch_7146,321,858,14.723203769140165,1
6204,Branch_7147,321,884,228.83295194508008,1
6205,Branch_7148,884,1192,108.69565217391305,1
6206,Branch_7149,284,858,86.80555555555556,1
6207,Branch_7150,284,1617,79.87220447284345,1
6208,Branch_7152,1212,1256,35.62522265764161,1
6209,Branch_7153,1783,2561,263.1578947368421,1
6210,Branch_7154,1750,2561,144.0922190201729,1
6211,Branch_7155,1889,2307,99.2063492063492,1
6212,Branch_7156,2249,2307,133.86880856760374,1
6213,Branch_7157,760,1262,49.26108374384236,1
6214,Branch_7158,1262,1641,54.34782608695652,1
6215,Branch_7159,89,1262,925.925925925926,1
6216,Branch_7160,1285,1630,279.3296089385475,1
6217,Branch_7161,1238,1630,246.30541871921181,1
6218,Branch_7162,1217,1641,67.47638326585695,1
6219,Branch_7163,162,1641,192.67822736030828,1
6220,Branch_7164,161,162,454.54545454545456,1
6221,Branch_7165,161,1195,454.54545454545456,1
6222,Branch_7166,161,1689,2000.0,1
6223,Branch_7167,1217,1238,67.56756756756756,1
6224,Branch_7168,1238,1566,58.51375073142189,1
6225,Branch_7169,1122,1566,60.31363088057901,1
6226,Branch_7173,1226,1285,257.7319587628866,1
6227,Branch_7174,1191,1226,18.115942028985508,1
6228,Branch_7175,1122,1226,143.47202295552367,1
6229,Branch_7176,744,1191,16.31055292774425,1
6230,Branch_7177,82,1191,110.49723756906077,1
6231,Branch_7178,82,1337,93.45794392523365,1
6232,Branch_7179,760,1475,56.78591709256104,1
6233,Branch_7180,1452,1475,510.2040816326531,1
6234,Branch_7181,760,1337,42.42681374628766,1
6235,Branch_7182,973,1083,23.457658925639223,1
6236,Branch_7183,1083,1562,78.36990595611286,1
6237,Branch_7184,1562,1611,11.771630370806356,1
6238,Branch_7185,202,1611,137.7410468319559,1
6239,Branch_7186,1122,1529,105.9322033898305,1
6240,Branch_7187,1257,1370,454.54545454545456,1
6241,Branch_7188,1370,1626,704.2253521126761,1
6242,Branch_7189,1228,1626,95.60229445506693,1
6243,Branch_7192,1122,1529,90.00900090009002,1
6244,Branch_7193,2513,2514,3.5855145213338115,1
6245,Branch_7194,91,858,76.4525993883792,1
6246,Branch_7195,8919,8927,13.119916032537391,1
6247,Branch_7196,8919,9100,9.980039920159681,1
6248,Branch_7197,6529,6530,15.832805573147562,1
6249,Branch_7198,6529,6531,6.892748828232699,1
6250,Branch_7199,6494,6529,2000.0,1
6251,Branch_7200,442,444,2000.0,1
6252,Branch_7201,163,442,11.67269756040621,1
6253,Branch_7202,355,354,6.70510929328148,1
6254,Branch_7203,6688,7110,114.41647597254004,1
6255,Branch_7204,975,1402,18.214936247723134,1
6256,Branch_7205,1051,1402,25.012506253126563,1
6257,Branch_7206,2455,2456,32.32062055591467,1
6258,Branch_7207,2455,2456,32.701111837802486,1
6259,Branch_7208,303,811,213.21961620469082,1
6260,Branch_7209,7050,7051,9.090909090909092,1
6261,Branch_7210,6659,7051,23.860653781913623,1
6262,Branch_7211,7050,7134,10.629251700680273,1
6263,Branch_7212,6920,7051,14.766686355581808,1
6264,Branch_7216,1794,2456,2000.0,1
6265,Branch_7217,1794,2456,2000.0,1
6266,Branch_7218,7375,7379,104.82180293501048,1
6267,Branch_7219,6857,7379,41.339396444811904,1
6268,Branch_7220,7037,7379,40.11231448054553,1
6269,Branch_7221,7244,7376,105.26315789473684,1
6270,Branch_7222,6687,7244,17.6056338028169,1
6271,Branch_7223,7022,7244,79.23930269413628,1
6272,Branch_7224,7375,7377,2000.0,1
6273,Branch_7225,3536,4447,8.547008547008547,1
6274,Branch_7226,9340,9341,-49.6031746031746,1
6275,Branch_7227,9338,9339,-49.6031746031746,1
6276,Branch_7229,9341,9444,178.57142857142858,1
6277,Branch_7230,665,1431,135.13513513513513,1
6278,Branch_7231,664,1431,113.37868480725623,1
6279,Branch_7232,664,845,23.82654276864427,1
6280,Branch_7233,664,808,72.67441860465117,1
6281,Branch_7234,665,666,2000.0,1
6282,Branch_7235,665,899,9.686168151879116,1
6283,Branch_7236,1059,1062,23.803856224708404,1
6284,Branch_7237,1062,1064,2000.0,1
6285,Branch_7240,772,1061,8.690362388111584,1
6286,Branch_7241,1058,1548,263.85224274406335,1
6287,Branch_7242,1058,1548,263.85224274406335,1
6288,Branch_7243,560,1062,70.0280112044818,1
6289,Branch_7244,558,1059,70.17543859649123,1
6290,Branch_7245,1065,1369,45.02476361999099,1
6291,Branch_7246,1065,1104,56.40157924421884,1
6292,Branch_7247,1062,1629,77.51937984496124,1
6293,Branch_7248,1062,1582,390.625,1
6294,Branch_7249,1062,1583,398.40637450199205,1
6295,Branch_7250,977,1058,304.8780487804878,1
6296,Branch_7252,883,1062,74.57121551081282,1
6297,Branch_7253,1065,1164,105.3740779768177,1
6298,Branch_7254,1059,1165,107.87486515641855,1
6299,Branch_7255,1061,1145,10.978153474585575,1
6300,Branch_7257,1059,1070,211.41649048625794,1
6301,Branch_7258,1058,1070,101.7293997965412,1
6302,Branch_7260,1073,1070,12.026458208057727,1
6303,Branch_7261,1065,1071,-248.75621890547265,1
6304,Branch_7262,1058,1071,54.614964500273075,1
6305,Branch_7264,1074,1071,10.580890911014707,1
6306,Branch_7265,1061,1072,13.252054068380598,1
6307,Branch_7266,1065,1072,-25.284450063211125,1
6308,Branch_7267,1075,1072,3.372795035245708,1
6309,Branch_7268,1063,1055,6.527415143603133,1
6310,Branch_7269,1069,1055,6.559958016268696,1
6311,Branch_7270,1064,1055,136.986301369863,1
6312,Branch_7271,1068,1056,5.02411575562701,1
6313,Branch_7272,1057,1056,5.094762584063583,1
6314,Branch_7273,1064,1056,-27.070925825663238,1
6315,Branch_7274,1066,1060,5.024368185700648,1
6316,Branch_7275,1067,1060,5.111690436027194,1
6317,Branch_7276,1064,1060,-29.086678301337987,1
6318,Branch_7277,6869,7031,56.40157924421884,1
6319,Branch_7282,5320,5418,102.35414534288638,1
6320,Branch_7284,3282,3699,99.60159362549801,1
6321,Branch_7285,9071,9095,40.783034257748774,1
6322,Branch_7286,3370,4215,47.66444232602478,1
6323,Branch_7287,2054,2232,152.9051987767584,1
6324,Branch_7288,2232,2465,39.714058776806986,1
6325,Branch_7289,7047,7490,16.142050040355127,1
6326,Branch_7290,7047,7046,17.31301939058172,1
6327,Branch_7291,7046,7374,39.21568627450981,1
6328,Branch_7292,4289,4293,8.021819348628268,1
6329,Branch_7293,7029,7046,49.382716049382715,1
6330,Branch_7294,7047,7370,61.34969325153374,1
6331,Branch_7295,6908,7374,8.361204013377927,1
6332,Branch_7296,1608,1609,84.45945945945945,1
6333,Branch_7297,1607,1610,84.10428931875526,1
6334,Branch_7298,359,1610,68.58710562414267,1
6335,Branch_7300,113,775,48.99559039686428,1
6336,Branch_7301,113,408,105.04201680672269,1
6337,Branch_7302,114,408,53.07855626326964,1
6338,Branch_7303,111,113,56.49717514124294,1
6339,Branch_7304,112,114,142.45014245014244,1
6340,Branch_7305,7547,7584,89.76660682226212,1
6341,Branch_7306,6910,7584,106.38297872340425,1
6342,Branch_7307,5320,5324,28.735632183908045,1
6343,Branch_7308,5319,5324,-120.48192771084338,1
6344,Branch_7309,5321,5324,4.477077363896848,1
6345,Branch_7310,5320,5325,31.436655139893116,1
6346,Branch_7311,5319,5325,-546.448087431694,1
6347,Branch_7312,5326,5325,9.991008092716555,1
6348,Branch_7313,5320,5323,30.693677102516883,1
6349,Branch_7314,5319,5323,-381.6793893129771,1
6350,Branch_7315,5322,5323,10.903936321011885,1
6351,Branch_7316,5319,5397,173.61111111111111,1
6352,Branch_7317,3271,5320,30.656039239730227,1
6353,Branch_7318,3271,5320,30.571690614490983,1
6354,Branch_7319,2532,2530,12.504689258471927,1
6355,Branch_7320,2532,2531,12.408487405385284,1
6356,Branch_7321,2532,2533,34.02517863218782,1
6357,Branch_7322,2324,2323,9.032607713846987,1
6358,Branch_7323,2260,2324,2000.0,1
6359,Branch_7324,7043,7456,110.13215859030836,1
6360,Branch_7325,7043,7456,110.01100110011001,1
6361,Branch_7326,6644,7456,41.49377593360996,1
6362,Branch_7327,7162,7456,57.37234652897303,1
6363,Branch_7328,7163,7456,38.328861632809506,1
6364,Branch_7329,7456,7457,2000.0,1
6365,Branch_7330,7456,7458,2000.0,1
6366,Branch_7331,6660,7456,67.24949562878278,1
6367,Branch_7332,1744,2242,2000.0,1
6368,Branch_7333,1744,2242,2000.0,1
6369,Branch_7334,1745,1746,57.77007510109763,1
6370,Branch_7335,1744,1746,-746.2686567164179,1
6371,Branch_7336,1749,1746,6.9993700566948975,1
6372,Branch_7337,1745,1747,56.433408577878104,1
6373,Branch_7338,1744,1747,-584.7953216374269,1
6374,Branch_7339,1748,1747,6.675567423230975,1
6375,Branch_7340,6089,6091,4.84824978182876,1
6376,Branch_7341,7088,7551,4.988775255674732,1
6377,Branch_7342,9033,9401,1587.3015873015872,1
6378,Branch_7343,9089,9272,51.41388174807198,1
6379,Branch_7344,9108,9272,3.8797284190106693,1
6380,Branch_7345,8659,8816,2000.0,1
6381,Branch_7346,8613,8816,211.41649048625794,1
6382,Branch_7347,8614,8816,1785.7142857142858,1
6383,Branch_7348,8614,8869,2000.0,1
6384,Branch_7349,6819,6818,7.046223224351747,1
6385,Branch_7350,6819,7442,2000.0,1
6386,Branch_7351,3152,3177,3.3261267254282387,1
6387,Branch_7352,447,823,94.07337723424271,1
6388,Branch_7353,447,1571,30.665440049064703,1
6389,Branch_7355,447,455,2000.0,1
6390,Branch_7356,1726,1725,8.055421298533913,1
6391,Branch_7357,2856,2879,5.06482982171799,1
6392,Branch_7358,267,291,135.31799729364005,1
6393,Branch_7359,291,1463,120.33694344163658,1
6394,Branch_7361,5937,6294,3.9184952978056424,1
6395,Branch_7362,5779,5937,14.667057788207686,1
6396,Branch_7364,839,1431,448.4304932735426,1
6397,Branch_7365,838,1431,448.4304932735426,1
6398,Branch_7366,3607,3701,45.537340619307834,1
6399,Branch_7367,9209,9210,6.761325219743069,1
6400,Branch_7368,1194,1276,125.94458438287154,1
6401,Branch_7369,3607,3605,9.017132551848512,1
6402,Branch_7370,3606,3605,-109.89010989010988,1
6403,Branch_7371,3608,3605,3.0609121518212428,1
6404,Branch_7372,3607,3603,9.68054211035818,1
6405,Branch_7373,3604,3603,178.57142857142858,1
6406,Branch_7374,3609,3603,3.248862897985705,1
6407,Branch_7375,1194,1596,2000.0,1
6408,Branch_7376,5730,5735,2000.0,1
6409,Branch_7377,5735,5736,10.584250635055039,1
6410,Branch_7378,6702,7621,202.83975659229208,1
6411,Branch_7379,6702,6703,2000.0,1
6412,Branch_7380,6702,6704,2000.0,1
6413,Branch_7381,6702,6764,58.89281507656066,1
6414,Branch_7382,601,1233,13.877324451845684,1
6415,Branch_7383,4923,4922,6.68851581833991,1
6416,Branch_7385,4906,4923,2000.0,1
6417,Branch_7386,6550,6570,3.3348896151537386,1
6418,Branch_7387,1818,1819,4.13992962119644,1
6419,Branch_7388,7752,8100,3.585385966799326,1
6420,Branch_7389,8933,9586,5.395489370885939,1
6421,Branch_7390,9672,9670,9.46880030300161,1
6422,Branch_7391,9672,9671,6.601531555320834,1
6423,Branch_7392,5227,5684,14.515894904920888,1
6424,Branch_7393,6472,6470,8.014104824491104,1
6425,Branch_7394,6472,6471,8.084074373484237,1
6426,Branch_7395,6428,6472,36.50967506389193,1
6427,Branch_7396,9095,9143,2000.0,1
6428,Branch_7397,1129,1132,1000.0,1
6429,Branch_7398,1129,1131,1000.0,1
6430,Branch_7399,9393,9432,2000.0,1
6431,Branch_7400,9393,9392,11.363636363636363,1
6432,Branch_7403,1106,1389,328.94736842105266,1
6433,Branch_7407,172,1390,261.0966057441253,1
6434,Branch_7408,1389,1390,2000.0,1
6435,Branch_7409,1389,1391,2000.0,1
6436,Branch_7411,9388,9386,10.50089257586895,1
6437,Branch_7412,9388,9387,10.50089257586895,1
6438,Branch_7413,9384,9383,10.498687664041995,1
6439,Branch_7414,9384,9385,10.498687664041995,1
6440,Branch_7415,2335,2356,2000.0,1
6441,Branch_7417,8918,9305,14.273479874393377,1
6442,Branch_7418,8918,8969,12.307692307692308,1
6443,Branch_7419,8918,8938,5.050249987374375,1
6444,Branch_7420,9342,9443,84.38818565400844,1
6445,Branch_7421,9319,9342,19.86491855383393,1
6446,Branch_7422,9319,9342,19.9203187250996,1
6447,Branch_7423,3755,3835,5.161823155938677,1
6448,Branch_7424,3499,3835,512.8205128205128,1
6449,Branch_7425,2947,3954,151.9756838905775,1
6450,Branch_7426,2947,4778,42.918454935622314,1
6451,Branch_7427,4573,4583,98.61932938856016,1
6452,Branch_7428,4748,5123,115.47344110854503,1
6453,Branch_7429,2903,5124,240.96385542168676,1
6454,Branch_7430,2903,3374,7.549448890231013,1
6455,Branch_7431,8659,8657,9.79431929480901,1
6456,Branch_7432,8659,8658,9.782821365681862,1
6457,Branch_7433,5043,5045,6.741724533135576,1
6458,Branch_7434,5043,5044,6.741724533135576,1
6459,Branch_7435,2968,5043,59.630292188431724,1
6460,Branch_7436,43,1003,27.3224043715847,1
6461,Branch_7438,746,1003,3.5998416069692936,1
6462,Branch_7439,3994,5044,4.425170369059209,1
6463,Branch_7440,7240,7339,10.396091069757771,1
6464,Branch_7441,5043,5155,26.73082063619353,1
6465,Branch_7442,7356,7412,7.817997029161129,1
6466,Branch_7443,5308,5319,20.55076037813399,1
6467,Branch_7444,5308,5648,97.75171065493646,1
6468,Branch_7445,3540,4609,56.85048322910745,1
6469,Branch_7446,3540,4610,38.095238095238095,1
6470,Branch_7447,5308,5616,133.86880856760374,1
6471,Branch_7449,4711,4886,37.764350453172206,1
6472,Branch_7450,9619,9620,6.636580833554553,1
6473,Branch_7451,9619,9621,7.8277886497064575,1
6474,Branch_7455,6926,7585,63.57279084551812,1
6475,Branch_7456,6793,7585,127.2264631043257,1
6476,Branch_7457,7585,7586,2000.0,1
6477,Branch_7458,4878,4879,8.203445447087777,1
6478,Branch_7459,4875,4878,2000.0,1
6479,Branch_7460,3498,3500,21.159542953872197,1
6480,Branch_7461,3498,3499,10.882576994232235,1
6481,Branch_7462,5290,5592,107.52688172043011,1
6482,Branch_7463,3325,3324,4.911591355599214,1
6483,Branch_7464,4417,4421,23.540489642184557,1
6484,Branch_7465,4418,4422,41.736227045075125,1
6485,Branch_7466,4418,4419,78.06401249024199,1
6486,Branch_7467,4417,4419,63.25110689437065,1
6487,Branch_7468,4420,4419,5.185377236193933,1
6488,Branch_7469,3195,4609,62.53908692933083,1
6489,Branch_7472,471,842,93.10986964618249,1
6490,Branch_7473,471,844,116.82242990654206,1
6491,Branch_7475,844,954,161.29032258064515,1
6492,Branch_7476,841,842,326.797385620915,1
6493,Branch_7477,843,844,326.797385620915,1
6494,Branch_7478,689,693,1785.7142857142858,1
6495,Branch_7479,689,694,1408.4507042253522,1
6496,Branch_7480,966,968,24.740227610094013,1
6497,Branch_7481,967,968,-284.9002849002849,1
6498,Branch_7482,969,968,7.089181908407769,1
6499,Branch_7483,966,970,23.435669088352473,1
6500,Branch_7484,967,970,-173.61111111111111,1
6501,Branch_7485,971,970,5.942829975634397,1
6502,Branch_7486,702,966,175.7469244288225,1
6503,Branch_7487,667,669,2000.0,1
6504,Branch_7488,660,667,157.23270440251574,1
6505,Branch_7489,661,668,159.4896331738437,1
6506,Branch_7490,669,896,621.1180124223603,1
6507,Branch_7491,2019,2020,12.60239445494644,1
6508,Branch_7492,2019,2022,12.60239445494644,1
6509,Branch_7493,2019,2023,12.60239445494644,1
6510,Branch_7494,2019,2024,12.60239445494644,1
6511,Branch_7495,2019,2021,16.002560409665545,1
6512,Branch_7496,2019,2018,16.002560409665545,1
6513,Branch_7498,7832,8496,4.8508367693427115,1
6514,Branch_7501,8955,9294,2000.0,1
6515,Branch_7502,8273,8282,2000.0,1
6516,Branch_7503,8282,8283,10.152284263959391,1
6517,Branch_7504,4506,4875,5.823433496389471,1
6518,Branch_7505,4369,4506,4.753981459472308,1
6519,Branch_7506,9332,9384,212.31422505307856,1
6520,Branch_7507,948,950,-174.52006980802793,1
6521,Branch_7508,947,950,23.452157598499063,1
6522,Branch_7509,951,950,5.941770647653001,1
6523,Branch_7510,947,1208,34.61405330564209,1
6524,Branch_7511,947,1454,62.97229219143577,1
6525,Branch_7512,948,1113,7.949757532395262,1
6526,Branch_7513,5512,5596,2000.0,1
6527,Branch_7514,2860,4630,60.71645415907711,1
6528,Branch_7515,4630,4629,11.276499774470004,1
6529,Branch_7516,1142,1583,53.70569280343717,1
6530,Branch_7517,9063,9589,13.724951962668131,1
6531,Branch_7518,9589,9588,31.756113051762465,1
6532,Branch_7519,9081,9588,16.733601070950467,1
6533,Branch_7520,8963,9588,6.988120195667365,1
6534,Branch_7521,87,1675,70.47216349541931,1
6535,Branch_7522,1472,1606,854.7008547008547,1
6536,Branch_7523,1470,1603,854.7008547008547,1
6537,Branch_7524,712,1472,43.85964912280702,1
6538,Branch_7525,1471,1472,137.7410468319559,1
6539,Branch_7526,1470,1473,138.50415512465375,1
6540,Branch_7527,17,1470,63.775510204081634,1
6541,Branch_7528,2647,2649,724.6376811594203,1
6542,Branch_7529,2646,2648,724.6376811594203,1
6543,Branch_7530,1767,1791,142.2475106685633,1
6544,Branch_7531,1791,2215,78.98894154818325,1
6545,Branch_7532,2665,2682,102.56410256410257,1
6546,Branch_7533,1750,2682,51.59958720330237,1
6547,Branch_7534,2212,2665,55.09641873278237,1
6548,Branch_7535,2633,2665,64.93506493506493,1
6549,Branch_7536,2541,2665,80.0,1
6550,Branch_7537,2542,2665,79.36507936507937,1
6551,Branch_7539,2638,2665,36.65689149560117,1
6552,Branch_7540,2659,2665,36.114120621162876,1
6553,Branch_7541,2138,2227,103.19917440660474,1
6554,Branch_7542,1872,2227,88.10572687224669,1
6555,Branch_7543,803,1461,384.61538461538464,1
6556,Branch_7544,299,1461,273.224043715847,1
6557,Branch_7545,6863,7348,148.3679525222552,1
6558,Branch_7546,6624,6863,86.95652173913044,1
6559,Branch_7547,6670,7381,16.051364365971107,1
6560,Branch_7549,7027,7361,103.7344398340249,1
6561,Branch_7550,6918,7027,76.80491551459293,1
6562,Branch_7551,5007,5006,18.453589223103894,1
6563,Branch_7552,6104,6106,8.395600705230459,1
6564,Branch_7553,6104,6107,8.468834688346883,1
6565,Branch_7555,6104,6105,2000.0,1
6566,Branch_7556,6104,7110,5.775672865888876,1
6567,Branch_7557,6105,6424,8.386447500838646,1
6568,Branch_7558,5760,6104,28.70264064293915,1
6569,Branch_7559,5790,6104,22.286605749944282,1
6570,Branch_7561,6008,6219,44.11116012351125,1
6571,Branch_7562,6219,6319,10.0,1
6572,Branch_7563,5901,6219,9.306654257794323,1
6573,Branch_7565,5962,6008,4.225114078080108,1
6574,Branch_7567,6157,6319,366.3003663003663,1
6575,Branch_7568,5816,6319,12.489072061945798,1
6576,Branch_7569,3260,3965,58.71990604815032,1
6577,Branch_7570,545,1403,255.7544757033248,1
6578,Branch_7571,2967,4936,30.147723846849562,1
6579,Branch_7573,513,1403,581.3953488372093,1
6580,Branch_7574,8601,8600,12.426991425375917,1
6581,Branch_7575,9042,9188,91.57509157509158,1
6582,Branch_7576,6379,6388,10.641694157709907,1
6583,Branch_7577,6379,6394,41.050903119868636,1
6584,Branch_7578,6247,6379,8.089305937550558,1
6585,Branch_7579,5787,5885,11.678150181011327,1
6586,Branch_7580,5787,6230,7.780284758422158,1
6587,Branch_7581,7055,7360,32.99241174529858,1
6588,Branch_7582,6625,7055,22.456770716370986,1
6589,Branch_7583,6889,7055,21.39495079161318,1
6590,Branch_7584,7359,7360,16.299918500407497,1
6591,Branch_7585,6624,7359,78.86435331230284,1
6592,Branch_7586,6729,7359,69.25207756232687,1
6593,Branch_7587,7265,7359,13.906271728549576,1
6594,Branch_7588,8969,9217,7.1438776968138304,1
6595,Branch_7589,5840,5887,36.24501631025734,1
6596,Branch_7590,5887,6346,43.78283712784589,1
6597,Branch_7591,5824,6346,11.168192986374805,1
6598,Branch_7593,9042,9216,41.06776180698152,1
6599,Branch_7594,8979,9166,254.4529262086514,1
6600,Branch_7595,9166,9179,8.640055296353896,1
6601,Branch_7596,9129,9166,5.804841237592152,1
6602,Branch_7597,8979,9103,19.46282600233554,1
6603,Branch_7598,9104,9349,26.838432635534083,1
6604,Branch_7599,9002,9179,59.45303210463734,1
6605,Branch_7600,9002,9154,9.70591089973794,1
6606,Branch_7601,8945,9002,16.246953696181965,1
6607,Branch_7602,4039,4368,27.90957298353335,1
6608,Branch_7603,4369,4368,6.741724533135576,1
6609,Branch_7604,4369,4368,6.8455640744797375,1
6610,Branch_7605,5815,5872,6.153467478924374,1
6611,Branch_7606,166,1445,289.01734104046244,1
6612,Branch_7607,6330,6457,80.1924619085806,1
6613,Branch_7608,9164,9163,4.633920296570899,1
6614,Branch_7609,9165,9163,5.031446540880503,1
6615,Branch_7610,8953,9163,36.166365280289334,1
6616,Branch_7611,9163,9189,46.97040864255519,1
6617,Branch_7612,8990,9164,25.33569799847986,1
6618,Branch_7613,2129,2133,28.868360277136258,1
6619,Branch_7614,2129,2130,28.868360277136258,1
6620,Branch_7615,2129,2132,28.868360277136258,1
6621,Branch_7616,2129,2131,28.868360277136258,1
6622,Branch_7617,8317,8525,131.75230566534916,1
6623,Branch_7618,930,1205,73.69196757553426,1
6624,Branch_7619,929,1206,73.90983000739098,1
6625,Branch_7620,1208,1546,136.05442176870747,1
6626,Branch_7621,1205,1207,2000.0,1
6627,Branch_7622,1206,1208,2000.0,1
6628,Branch_7623,1009,1207,107.29613733905579,1
6629,Branch_7624,1550,1638,53.937432578209275,1
6630,Branch_7625,546,1638,47.39336492890995,1
6631,Branch_7626,1235,1638,53.937432578209275,1
6632,Branch_7627,4617,4620,46.8384074941452,1
6633,Branch_7628,4618,4620,-502.51256281407035,1
6634,Branch_7629,4619,4620,8.949346697691068,1
6635,Branch_7630,4617,4621,47.778308647873864,1
6636,Branch_7631,4618,4621,-502.51256281407035,1
6637,Branch_7632,4622,4621,8.949346697691068,1
6638,Branch_7633,8171,8173,30.120481927710845,1
6639,Branch_7634,8519,8521,269.54177897574124,1
6640,Branch_7637,6551,6552,4.001760774740886,1
6641,Branch_7638,6636,7412,25.451768897938408,1
6642,Branch_7639,6636,7345,23.719165085388994,1
6643,Branch_7640,6636,7150,96.8054211035818,1
6644,Branch_7641,7363,7451,10.0999899000101,1
6645,Branch_7642,6930,7363,209.64360587002096,1
6646,Branch_7644,5834,6483,41.459369817578775,1
6647,Branch_7646,6344,6483,2000.0,1
6648,Branch_7647,5811,6483,1.796299622777079,1
6649,Branch_7648,5439,5533,15.335071308081583,1
6650,Branch_7649,5317,5533,11.20699316373417,1
6651,Branch_7651,6651,7547,121.65450121654501,1
6652,Branch_7652,6651,6771,97.27626459143968,1
6653,Branch_7653,6651,6993,46.948356807511736,1
6654,Branch_7654,6651,6993,46.92632566870014,1
6655,Branch_7655,6672,7171,362.3188405797101,1
6656,Branch_7656,6672,7171,99.60159362549801,1
6657,Branch_7657,1191,1192,14.326647564469914,1
6658,Branch_7658,1191,1192,14.326647564469914,1
6659,Branch_7659,6898,7307,19.98800719568259,1
6660,Branch_7660,6898,7137,25.819777949909632,1
6661,Branch_7661,6897,7328,143.47202295552367,1
6662,Branch_7662,9630,9632,2000.0,1
6663,Branch_7663,6407,6408,7.002801120448179,1
6664,Branch_7667,9098,9431,26.226068712300027,1
6665,Branch_7671,9336,9377,2000.0,1
6666,Branch_7676,6047,6072,6.373080109616978,1
6667,Branch_7677,5811,6047,3.3324446814182886,1
6668,Branch_7679,880,1113,5.527915975677169,1
6669,Branch_7681,880,1020,21.81976871045167,1
6670,Branch_7682,126,1240,64.14368184733804,1
6671,Branch_7683,2149,2156,206.18556701030928,1
6672,Branch_7684,6051,6261,934.5794392523364,1
6673,Branch_7685,2156,6266,416.6666666666667,1
6674,Branch_7687,5913,6261,17.14089818306479,1
6675,Branch_7688,6051,6264,1041.6666666666667,1
6676,Branch_7689,2156,6263,300.3003003003003,1
6677,Branch_7690,2147,6263,18.76172607879925,1
6678,Branch_7692,2150,2156,202.42914979757086,1
6679,Branch_7693,2155,2159,11.295606009262396,1
6680,Branch_7694,2154,2155,-21.367521367521366,1
6681,Branch_7695,2154,2157,41.35649296939619,1
6682,Branch_7696,2156,2157,41.35649296939619,1
6683,Branch_7697,2152,2157,5.226298735235706,1
6684,Branch_7698,2154,2158,41.459369817578775,1
6685,Branch_7699,2156,2158,41.459369817578775,1
6686,Branch_7700,2153,2158,5.220024012110455,1
6687,Branch_7701,2150,2146,10.39176971838304,1
6688,Branch_7703,2147,2142,8.171269815329302,1
6689,Branch_7704,2147,2142,8.126777732629012,1
6690,Branch_7705,2148,2143,8.101758081503686,1
6691,Branch_7706,2149,2144,15.396458814472672,1
6692,Branch_7707,5913,5914,15.20450053215752,1
6693,Branch_7711,6447,6445,10.26167265264238,1
6694,Branch_7712,6447,6446,10.26167265264238,1
6695,Branch_7713,6447,8365,102.04081632653062,1
6696,Branch_7716,2879,3810,5.923117929277972,1
6697,Branch_7717,6892,6893,2000.0,1
6698,Branch_7718,6892,6918,74.8502994011976,1
6699,Branch_7719,3568,4986,18.443378827001105,1
6700,Branch_7720,6152,6399,2000.0,1
6701,Branch_7721,6049,6152,97.27626459143968,1
6702,Branch_7722,2044,2053,32.48862897985705,1
6703,Branch_7723,2045,2053,-359.71223021582733,1
6704,Branch_7724,2052,2053,6.763611768684478,1
6705,Branch_7725,2044,2049,32.84072249589491,1
6706,Branch_7726,2045,2049,-374.53183520599254,1
6707,Branch_7727,2048,2049,6.768647624204684,1
6708,Branch_7728,2044,2050,51.02040816326531,1
6709,Branch_7729,2043,2050,-574.7126436781609,1
6710,Branch_7730,2046,2050,7.112375533428165,1
6711,Branch_7731,2044,2047,57.636887608069166,1
6712,Branch_7732,2043,2047,2000.0,1
6713,Branch_7733,2051,2047,9.633911368015415,1
6714,Branch_7734,2044,2563,75.9301442672741,1
6715,Branch_7735,2044,2563,76.10350076103501,1
6716,Branch_7736,3848,5149,34.746351633078525,1
6717,Branch_7737,3152,3374,9.815469179426776,1
6718,Branch_7738,3752,3848,31.055900621118013,1
6719,Branch_7739,3848,4671,1587.3015873015872,1
6720,Branch_7740,3849,3848,8.450942280064227,1
6721,Branch_7741,2697,3848,22.872827081427264,1
6722,Branch_7742,575,1623,564.9717514124294,1
6723,Branch_7743,6652,7357,9.293680297397769,1
6724,Branch_7744,7042,7043,24.65483234714004,1
6725,Branch_7745,7042,7141,53.36179295624333,1
6726,Branch_7746,6940,7043,136.986301369863,1
6727,Branch_7747,7042,7502,26.954177897574123,1
6728,Branch_7748,7043,7048,72.3589001447178,1
6729,Branch_7749,8730,8729,6.112095837662735,1
6730,Branch_7750,8571,8730,2000.0,1
6731,Branch_7751,8568,8570,163.9344262295082,1
6732,Branch_7752,8564,8570,8.631851532153647,1
6733,Branch_7753,8565,8570,8.631851532153647,1
6734,Branch_7754,8568,8569,163.9344262295082,1
6735,Branch_7755,8566,8569,8.631851532153647,1
6736,Branch_7756,8567,8569,8.631851532153647,1
6737,Branch_7757,8568,8571,302.11480362537765,1
6738,Branch_7758,4478,4480,-89.68609865470852,1
6739,Branch_7759,4477,4480,24.807740014884644,1
6740,Branch_7760,4479,4480,5.05382321726386,1
6741,Branch_7763,443,1631,35.536602700781806,1
6742,Branch_7764,1127,1631,59.73715651135006,1
6743,Branch_7765,1125,1631,38.669760247486465,1
6744,Branch_7766,3136,3184,12.941633234114144,1
6745,Branch_7767,100,537,102.98661174047373,1
6746,Branch_7768,393,537,53.61930294906166,1
6747,Branch_7769,5532,5531,7.060650992021464,1
6748,Branch_7770,3935,5173,53.53319057815846,1
6749,Branch_7771,3935,4026,84.53085376162299,1
6750,Branch_7772,3799,3800,9.071940488070398,1
6751,Branch_7773,3802,3800,-82.78145695364239,1
6752,Branch_7774,3801,3800,2.1292451825827743,1
6753,Branch_7775,3640,3639,40.06410256410256,1
6754,Branch_7776,3640,3641,45.59963520291838,1
6755,Branch_7777,3640,3644,46.49000464900047,1
6756,Branch_7778,3640,3642,14.285714285714286,1
6757,Branch_7779,3645,3642,100.30090270812437,1
6758,Branch_7780,3638,3642,1.5094339622641508,1
6759,Branch_7781,5349,5564,102.98661174047373,1
6760,Branch_7782,5349,5532,3.65884892612784,1
6761,Branch_7783,5349,5453,7.7417356971433,1
6762,Branch_7784,521,519,8.785030308354564,1
6763,Branch_7785,521,520,8.785030308354564,1
6764,Branch_7786,811,1464,299.4011976047904,1
6765,Branch_7787,809,1147,84.38818565400844,1
6766,Branch_7788,809,810,63.89776357827476,1
6767,Branch_7789,811,812,92.85051067780873,1
6768,Branch_7790,5614,5615,512.8205128205128,1
6769,Branch_7791,5255,5615,65.31678641410842,1
6770,Branch_7792,5010,5009,7.909515146721506,1
6771,Branch_7794,4568,5010,2000.0,1
6772,Branch_7796,1276,1454,119.33174224343675,1
6773,Branch_7797,4149,4314,337.8378378378378,1
6774,Branch_7798,3121,4314,7.009673349221926,1
6775,Branch_7799,822,914,95.69377990430623,1
6776,Branch_7800,1112,1114,38.095238095238095,1
6777,Branch_7801,1114,1120,1234.567901234568,1
6778,Branch_7802,1112,1119,952.3809523809524,1
6779,Branch_7803,1079,1112,98.81422924901186,1
6780,Branch_7804,661,1119,52.493438320209975,1
6781,Branch_7805,402,1112,2000.0,1
6782,Branch_7807,942,1120,113.37868480725623,1
6783,Branch_7808,1118,1120,2000.0,1
6784,Branch_7809,1117,1119,2000.0,1
6785,Branch_7810,1114,1115,21.533161068044787,1
6786,Branch_7811,1113,1115,-177.93594306049823,1
6787,Branch_7812,1116,1115,13.48254011055683,1
6788,Branch_7813,3133,5120,52.32862375719519,1
6789,Branch_7814,3133,4578,68.63417982155113,1
6790,Branch_7815,8215,8217,11.786892975011787,1
6791,Branch_7818,7870,8215,5.046681806712087,1
6792,Branch_7820,6648,7386,10.462439840970914,1
6793,Branch_7822,8977,8976,14.08649105507818,1
6794,Branch_7823,4742,5072,485.43689320388347,1
6795,Branch_7824,7100,7297,52.43838489774515,1
6796,Branch_7825,7099,7100,2000.0,1
6797,Branch_7826,6904,7099,149.2537313432836,1
6798,Branch_7827,6891,7099,69.06077348066299,1
6799,Branch_7828,6314,6493,1639.344262295082,1
6800,Branch_7829,6493,6491,6.516356053694774,1
6801,Branch_7830,6493,6492,6.516356053694774,1
6802,Branch_7831,6913,6967,1.952362358453729,1
6803,Branch_7832,478,476,11.743981209630064,1
6804,Branch_7833,478,477,11.743981209630064,1
6805,Branch_7834,478,1706,440.52863436123346,1
6806,Branch_7835,7148,7322,74.23904974016332,1
6807,Branch_7836,2393,2392,8.517887563884157,1
6808,Branch_7837,2393,2559,3.3604408898447478,1
6809,Branch_7838,2137,2393,6.293266205160478,1
6810,Branch_7839,2393,6237,17.793594306049823,1
6811,Branch_7840,1829,2392,27.739251040221912,1
6812,Branch_7841,3133,4200,105.26315789473684,1
6813,Branch_7842,9054,9643,4.161984434178216,1
6814,Branch_7843,5713,5711,15.513496742165684,1
6815,Branch_7844,5713,5712,8.797395970792646,1
6816,Branch_7845,309,834,272.47956403269757,1
6817,Branch_7846,6788,6791,2000.0,1
6818,Branch_7847,6134,6364,26.267402153926977,1
6819,Branch_7848,9450,9451,8.381527114240214,1
6820,Branch_7849,9450,9452,8.027614995584813,1
6821,Branch_7850,9444,9450,2000.0,1
6822,Branch_7851,8321,8793,826.4462809917355,1
6823,Branch_7852,8793,8794,12.764871074802144,1
6824,Branch_7853,8200,8317,401.60642570281124,1
6825,Branch_7854,8199,8200,4.672897196261682,1
6826,Branch_7857,9377,9378,8.336112037345782,1
6827,Branch_7858,9377,9379,8.336112037345782,1
6828,Branch_7859,9382,9381,12.990387113535983,1
6829,Branch_7860,9382,9380,12.990387113535983,1
6830,Branch_7861,9694,9691,14.271442842871414,1
6831,Branch_7862,9694,9692,14.275517487508923,1
6832,Branch_7863,9694,9693,14.275517487508923,1
6833,Branch_7864,9690,9694,2000.0,1
6834,Branch_7865,2013,5439,6.7123103772318435,1
6835,Branch_7866,5222,5439,11.14951499609767,1
6836,Branch_7867,5438,5684,2000.0,1
6837,Branch_7868,5439,5438,7.939658594680429,1
6838,Branch_7869,6792,6791,14.222727919214906,1
6839,Branch_7870,701,1052,121.95121951219512,1
6840,Branch_7871,1052,1302,99.50248756218906,1
6841,Branch_7872,8979,9234,5.662834815108443,1
6842,Branch_7873,9097,9349,4.986536351850005,1
6843,Branch_7874,5924,9349,5.56885894080303,1
6844,Branch_7875,802,943,537.6344086021505,1
6845,Branch_7876,800,802,2000.0,1
6846,Branch_7877,799,801,2000.0,1
6847,Branch_7878,723,801,480.7692307692308,1
6848,Branch_7879,4886,5896,20.837674515524068,1
6849,Branch_7882,5801,6318,21.45002145002145,1
6850,Branch_7884,277,1185,90.41591320072332,1
6851,Branch_7885,277,1532,37.764350453172206,1
6852,Branch_7886,277,1664,273.224043715847,1
6853,Branch_7887,277,1664,273.224043715847,1
6854,Branch_7888,277,280,303.951367781155,1
6855,Branch_7889,277,281,303.951367781155,1
6856,Branch_7890,277,282,319.4888178913738,1
6857,Branch_7891,277,283,260.4166666666667,1
6858,Branch_7892,280,278,3.7037037037037037,1
6859,Branch_7893,281,279,3.745318352059925,1
6860,Branch_7894,403,406,2000.0,1
6861,Branch_7895,5800,6027,7.245851749873197,1
6862,Branch_7896,2714,3094,2000.0,1
6863,Branch_7897,2714,3267,5.274818018778352,1
6864,Branch_7898,5774,5991,5.653870074065698,1
6865,Branch_7899,7686,8131,170.64846416382252,1
6866,Branch_7900,51,545,854.7008547008547,1
6867,Branch_7901,2580,2581,46.2962962962963,1
6868,Branch_7902,2579,2581,-458.7155963302752,1
6869,Branch_7903,2582,2581,8.987148377819718,1
6870,Branch_7904,2580,2584,46.8384074941452,1
6871,Branch_7905,2579,2584,-564.9717514124294,1
6872,Branch_7906,2583,2584,8.949346697691068,1
6873,Branch_7908,8157,8843,2000.0,1
6874,Branch_7909,954,1606,93.37068160597572,1
6875,Branch_7910,954,1603,93.37068160597572,1
6876,Branch_7911,1604,1606,101.41987829614604,1
6877,Branch_7912,1603,1605,101.01010101010101,1
6878,Branch_7913,3118,3117,11.876484560570072,1
6879,Branch_7914,1739,1934,2000.0,1
6880,Branch_7915,6858,7121,241.54589371980677,1
6881,Branch_7916,6858,7257,59.594755661501786,1
6882,Branch_7917,42,845,77.10100231303007,1
6883,Branch_7918,8834,8833,15.394088669950738,1
6884,Branch_7919,8155,8834,2000.0,1
6885,Branch_7920,1670,1671,2000.0,1
6886,Branch_7921,780,1671,89.20606601248885,1
6887,Branch_7923,3569,5176,22.22222222222222,1
6888,Branch_7927,7102,7229,793.6507936507936,1
6889,Branch_7928,7102,7228,787.4015748031496,1
6890,Branch_7929,7080,7102,2000.0,1
6891,Branch_7930,8009,8011,13.575889220743958,1
6892,Branch_7932,7856,7857,9.548362455838824,1
6893,Branch_7933,7858,8140,2.8333427778092592,1
6894,Branch_7934,9511,9512,13.16309069369488,1
6895,Branch_7935,1524,1560,247.52475247524754,1
6896,Branch_7936,1558,1560,185.5287569573284,1
6897,Branch_7937,74,1560,42.3728813559322,1
6898,Branch_7938,5916,5917,9.09338910611985,1
6899,Branch_7939,5916,5918,9.134922809902257,1
6900,Branch_7940,7917,7916,8.87154009936125,1
6901,Branch_7941,803,1282,2000.0,1
6902,Branch_7942,2729,3341,1818.1818181818182,1
6903,Branch_7943,7140,7159,41.254125412541256,1
6904,Branch_7944,7140,7141,2000.0,1
6905,Branch_7945,3677,5107,8.95094880057286,1
6906,Branch_7946,5916,6282,316.45569620253167,1
6907,Branch_7947,3700,4443,31.017369727047146,1
6908,Branch_7948,4407,4499,6.6956812855708066,1
6909,Branch_7949,5966,6282,2000.0,1
6910,Branch_7950,115,1618,10.060362173038229,1
6911,Branch_7951,7102,7101,10.70663811563169,1
6912,Branch_7952,7102,7103,10.70663811563169,1
6913,Branch_7953,7102,7104,10.70663811563169,1
6914,Branch_7954,6956,7148,84.45945945945945,1
6915,Branch_7955,5738,5737,1.953125,1
6916,Branch_7956,9633,9642,2000.0,1
6917,Branch_7957,9642,9641,7.766387076731904,1
6918,Branch_7958,9641,9639,8.132726089785296,1
6919,Branch_7959,9642,9640,16.5371258475277,1
6920,Branch_7960,109,1595,222.71714922048997,1
6921,Branch_7961,5251,5397,42.034468263976464,1
6922,Branch_7962,5251,5297,35.56187766714083,1
6923,Branch_7963,3311,3312,3.9889903865331684,1
6924,Branch_7964,1079,1349,49.6031746031746,1
6925,Branch_7965,1078,1079,2000.0,1
6926,Branch_7966,1080,1081,2000.0,1
6927,Branch_7967,1081,1254,151.5151515151515,1
6928,Branch_7968,3940,4057,4.00416433090414,1
6929,Branch_7969,3390,3940,4.05104314360948,1
6930,Branch_7970,1595,1625,71.58196134574088,1
6931,Branch_7971,6956,7081,170.35775127768312,1
6932,Branch_7972,6956,7080,185.1851851851852,1
6933,Branch_7973,6956,7398,289.01734104046244,1
6934,Branch_7974,6956,7398,289.01734104046244,1
6935,Branch_7976,6956,7547,145.34883720930233,1
6936,Branch_7978,6771,6956,319.4888178913738,1
6937,Branch_7980,6956,7239,24.49779519843214,1
6938,Branch_7981,6956,7241,24.33682161109759,1
6939,Branch_7983,1737,2492,125.0,1
6940,Branch_7984,1797,2492,226.75736961451247,1
6941,Branch_7985,2538,2615,97.65625,1
6942,Branch_7986,2556,2615,72.72727272727273,1
6943,Branch_7987,2138,2615,165.8374792703151,1
6944,Branch_7988,1937,2556,35.61253561253561,1
6945,Branch_7989,1866,2556,83.33333333333333,1
6946,Branch_7990,2043,2138,47.05882352941177,1
6947,Branch_7991,4555,5175,2000.0,1
6948,Branch_7992,4555,5175,2000.0,1
6949,Branch_7993,3061,4342,47.03668861712136,1
6950,Branch_7994,3061,3059,15.067048365225252,1
6951,Branch_7995,3061,3058,15.14004542013626,1
6952,Branch_7996,3061,3060,21.867483052700635,1
6953,Branch_7997,3061,4472,84.60236886632826,1
6954,Branch_7998,5866,5884,36.27130939426913,1
6955,Branch_7999,5884,5953,305.8103975535168,1
6956,Branch_8000,5830,5866,51.4668039114771,1
6957,Branch_8001,3061,4345,20.238818053025703,1
6958,Branch_8002,6560,6561,10.827197921178,1
6959,Branch_8003,6560,6562,10.902747492368077,1
6960,Branch_8004,1717,1709,4.7395611166405995,1
6961,Branch_8005,1717,1710,4.7395611166405995,1
6962,Branch_8006,1717,1711,4.7395611166405995,1
6963,Branch_8007,1717,1712,4.7395611166405995,1
6964,Branch_8008,1717,1713,4.7395611166405995,1
6965,Branch_8009,1717,1714,4.7395611166405995,1
6966,Branch_8010,1717,1715,4.7395611166405995,1
6967,Branch_8011,1717,1716,4.7395611166405995,1
6968,Branch_8018,528,1102,2000.0,1
6969,Branch_8019,528,526,10.902747492368077,1
6970,Branch_8020,528,527,10.902747492368077,1
6971,Branch_8021,8917,8943,5.3558995233249425,1
6972,Branch_8022,6940,6941,2000.0,1
6973,Branch_8023,6941,7041,101.11223458038423,1
6974,Branch_8024,391,393,2000.0,1
6975,Branch_8025,8964,9136,64.1025641025641,1
6976,Branch_8026,391,390,11.741223435481977,1
6977,Branch_8027,391,392,11.741223435481977,1
6978,Branch_8028,4555,4558,26.406126221283337,1
6979,Branch_8029,4555,4556,15.114873035066505,1
6980,Branch_8030,4555,4557,15.062509414068384,1
6981,Branch_8031,3061,4986,62.53908692933083,1
6982,Branch_8032,249,258,1408.4507042253522,1
6983,Branch_8033,249,259,1470.5882352941176,1
6984,Branch_8034,248,304,46.08294930875576,1
6985,Branch_8035,100,248,36.2844702467344,1
6986,Branch_8036,257,258,2000.0,1
6987,Branch_8037,256,259,2000.0,1
6988,Branch_8038,249,1463,136.05442176870747,1
6989,Branch_8039,249,1463,136.23978201634878,1
6990,Branch_8040,248,1707,43.196544276457885,1
6991,Branch_8041,249,250,-877.1929824561404,1
6992,Branch_8042,248,250,67.70480704129993,1
6993,Branch_8043,252,250,10.060362173038229,1
6994,Branch_8044,249,251,-724.6376811594203,1
6995,Branch_8045,248,251,66.53359946773121,1
6996,Branch_8046,253,251,10.006003602161297,1
6997,Branch_8047,249,254,-465.1162790697674,1
6998,Branch_8048,248,254,58.47953216374269,1
6999,Branch_8049,255,254,9.893153937475267,1
7000,Branch_8050,4706,4707,2000.0,1
7001,Branch_8051,4706,4708,2000.0,1
7002,Branch_8052,4706,4753,156.00624024961,1
7003,Branch_8053,3030,3503,6.145148405333988,1
7004,Branch_8054,5645,5671,2000.0,1
7005,Branch_8055,6378,6394,13.886960144424386,1
7006,Branch_8056,6378,6384,10.641694157709907,1
7007,Branch_8057,6378,6403,24.551927326295115,1
7008,Branch_8058,711,712,523.5602094240837,1
7009,Branch_8059,709,713,523.5602094240837,1
7010,Branch_8060,708,711,113.89521640091117,1
7011,Branch_8061,709,710,113.89521640091117,1
7012,Branch_8062,33,713,104.4932079414838,1
7013,Branch_8063,103,711,2000.0,1
7014,Branch_8064,102,709,2000.0,1
7015,Branch_8065,5495,5496,4.098360655737705,1
7016,Branch_8066,5500,5501,30.67484662576687,1
7017,Branch_8067,5496,5501,-75.87253414264036,1
7018,Branch_8068,5502,5501,8.148631029986962,1
7019,Branch_8069,5499,5498,42.955326460481096,1
7020,Branch_8070,5496,5498,252.5252525252525,1
7021,Branch_8071,5497,5498,10.350895352447987,1
7022,Branch_8072,985,1614,2000.0,1
7023,Branch_8073,987,1614,2000.0,1
7024,Branch_8074,988,1614,2000.0,1
7025,Branch_8075,990,1614,2000.0,1
7026,Branch_8076,782,1614,369.00369003690037,1
7027,Branch_8077,9297,9331,91.57509157509158,1
7028,Branch_8078,9331,9637,51.255766273705795,1
7029,Branch_8079,6823,7584,2000.0,1
7030,Branch_8080,6824,7584,2000.0,1
7031,Branch_8081,6825,7584,2000.0,1
7032,Branch_8082,6826,7584,2000.0,1
7033,Branch_8083,6822,6820,9.023641941887746,1
7034,Branch_8084,6822,6821,8.858180529719196,1
7035,Branch_8085,6822,7584,25.31645569620253,1
7036,Branch_8086,5527,5526,5.037022112527074,1
7037,Branch_8087,5417,5542,43.365134431916736,1
7038,Branch_8088,5417,5538,27.99552071668533,1
7039,Branch_8089,5418,5420,30.67484662576687,1
7040,Branch_8090,5417,5420,-384.61538461538464,1
7041,Branch_8091,5419,5420,10.905125408942203,1
7042,Branch_8092,5373,5418,81.9000819000819,1
7043,Branch_8093,3260,4513,4.095674967234601,1
7044,Branch_8094,1422,1424,89.12655971479501,1
7045,Branch_8096,1423,1424,132.4503311258278,1
7046,Branch_8097,1425,1424,9.92358836955443,1
7047,Branch_8098,1422,1427,42.80821917808219,1
7048,Branch_8100,1423,1427,-274.72527472527474,1
7049,Branch_8101,1426,1427,11.95886151638364,1
7050,Branch_8102,68,1422,104.16666666666667,1
7051,Branch_8103,66,1422,104.16666666666667,1
7052,Branch_8104,1015,1422,173.91304347826087,1
7053,Branch_8105,1423,1577,160.25641025641025,1
7054,Branch_8106,779,1423,208.33333333333334,1
7055,Branch_8107,6004,6365,2000.0,1
7056,Branch_8108,6004,6366,2000.0,1
7057,Branch_8109,6004,6367,2000.0,1
7058,Branch_8110,3650,4270,2000.0,1
7059,Branch_8111,9193,9643,8.324315325064513,1
7060,Branch_8112,9156,9193,9.317059536010435,1
7061,Branch_8114,471,582,2000.0,1
7062,Branch_8115,471,583,2000.0,1
7063,Branch_8116,471,939,21.150592216582066,1
7064,Branch_8117,176,186,2000.0,1
7065,Branch_8118,179,1548,103.30578512396694,1
7066,Branch_8119,179,955,70.8215297450425,1
7067,Branch_8120,171,176,179.53321364452424,1
7068,Branch_8121,176,178,2000.0,1
7069,Branch_8122,177,186,2000.0,1
7070,Branch_8123,186,1696,363.6363636363636,1
7071,Branch_8124,176,180,-354.6099290780142,1
7072,Branch_8125,179,180,58.17335660267597,1
7073,Branch_8126,181,180,10.439503079653408,1
7074,Branch_8127,176,183,-241.54589371980677,1
7075,Branch_8128,179,183,54.43658138268917,1
7076,Branch_8129,182,183,10.700909577314071,1
7077,Branch_8130,176,184,-480.7692307692308,1
7078,Branch_8131,179,184,58.07200929152149,1
7079,Branch_8132,185,184,10.449320794148381,1
7080,Branch_8133,264,1233,2000.0,1
7081,Branch_8135,3797,4817,1851.851851851852,1
7082,Branch_8136,3798,4816,1851.851851851852,1
7083,Branch_8137,3351,3760,87.18395815170008,1
7084,Branch_8138,6681,7254,13.837000138370001,1
7085,Branch_8139,8931,9054,12.518778167250876,1
7086,Branch_8140,8194,8382,42.73504273504273,1
7087,Branch_8141,8159,8160,32.1853878339234,1
7088,Branch_8142,8159,8194,56.2429696287964,1
7089,Branch_8143,9377,9382,383.1417624521073,1
7090,Branch_8144,6660,7517,1075.268817204301,1
7091,Branch_8145,6660,7518,1075.268817204301,1
7092,Branch_8149,5919,5979,38.98635477582846,1
7093,Branch_8150,5919,6134,4.872581981191834,1
7094,Branch_8152,8670,8671,10.406910188365075,1
7095,Branch_8153,8670,8672,10.295480284155255,1
7096,Branch_8154,3991,5140,134.9527665317139,1
7097,Branch_8155,4680,4936,52.882072977260705,1
7098,Branch_8156,4680,5132,12.097749818533753,1
7099,Branch_8157,2212,2522,28.07411566535654,1
7100,Branch_8160,1806,1871,68.11989100817439,1
7101,Branch_8161,1789,2026,166.9449081803005,1
7102,Branch_8162,2026,2368,24.43195699975568,1
7103,Branch_8164,2259,2637,37.11952487008166,1
7104,Branch_8165,2092,2259,22.281639928698752,1
7105,Branch_8166,1216,1585,9.276437847866418,1
7106,Branch_8167,6714,6716,7.336757153338224,1
7107,Branch_8168,6714,6715,7.336757153338224,1
7108,Branch_8169,6717,6718,7.336757153338224,1
7109,Branch_8170,1919,2204,79.1765637371338,1
7110,Branch_8171,2184,2204,15.424957581366652,1
7111,Branch_8172,6042,6376,3.9067078173223426,1
7112,Branch_8173,6926,7621,143.67816091954023,1
7113,Branch_8174,8403,8404,518.1347150259068,1
7114,Branch_8176,661,662,2000.0,1
7115,Branch_8177,579,5252,48.355899419729205,1
7116,Branch_8178,130,578,787.4015748031496,1
7117,Branch_8179,130,579,787.4015748031496,1
7118,Branch_8180,577,578,2000.0,1
7119,Branch_8181,576,579,2000.0,1
7120,Branch_8182,578,677,278.55153203342616,1
7121,Branch_8183,4472,4650,20.631318341242004,1
7122,Branch_8184,4650,4649,10.124531740407006,1
7123,Branch_8185,3868,4220,71.63323782234957,1
7124,Branch_8186,5397,5469,22.53267237494367,1
7125,Branch_8187,5484,5558,63.13131313131313,1
7126,Branch_8188,5397,5484,326.797385620915,1
7127,Branch_8189,5676,5675,3.881686204487229,1
7128,Branch_8190,8405,8416,32.754667540124466,1
7129,Branch_8191,6733,7348,66.48936170212765,1
7130,Branch_8192,6733,7429,65.87615283267458,1
7131,Branch_8193,6733,6734,2000.0,1
7132,Branch_8194,2002,2005,57.47126436781609,1
7133,Branch_8195,2003,2005,-714.2857142857143,1
7134,Branch_8196,2006,2005,7.02543206407194,1
7135,Branch_8197,2002,2004,49.62779156327544,1
7136,Branch_8198,2001,2004,-552.4861878453039,1
7137,Branch_8199,2007,2004,6.63129973474801,1
7138,Branch_8200,2002,2008,49.52947003467063,1
7139,Branch_8201,2001,2008,-555.5555555555555,1
7140,Branch_8202,2009,2008,6.609822195782933,1
7141,Branch_8203,1918,1919,14.473874656245476,1
7142,Branch_8204,1918,2000,33.18951211417192,1
7143,Branch_8205,1919,7552,8.357709987463435,1
7144,Branch_8206,1919,7534,14.9678191887442,1
7145,Branch_8207,2195,7378,8.60141063134354,1
7146,Branch_8208,2000,7155,4.486920626374119,1
7147,Branch_8209,2905,3656,57.17552887364208,1
7148,Branch_8210,7730,7729,14.492753623188406,1
7149,Branch_8211,7451,7516,43.15925766076823,1
7150,Branch_8212,6923,7516,46.16805170821792,1
7151,Branch_8213,6966,7270,294.11764705882354,1
7152,Branch_8214,6868,7270,67.02412868632707,1
7153,Branch_8215,6862,7270,108.34236186348862,1
7154,Branch_8216,1549,1552,1030.9278350515465,1
7155,Branch_8217,1550,1551,787.4015748031496,1
7156,Branch_8219,955,1548,224.2152466367713,1
7157,Branch_8221,1550,1582,57.01254275940707,1
7158,Branch_8222,130,1548,81.43322475570032,1
7159,Branch_8223,130,1548,81.43322475570032,1
7160,Branch_8225,5772,6081,131.06159895150722,1
7161,Branch_8226,5772,6082,543.4782608695652,1
7162,Branch_8227,6040,6082,3.905639743790033,1
7163,Branch_8228,3047,4161,2000.0,1
7164,Branch_8229,8006,8020,48.05382027871216,1
7165,Branch_8230,7744,8643,70.72135785007072,1
7166,Branch_8231,7095,7367,16.097875080489377,1
7167,Branch_8232,1825,1826,18.18512456810329,1
7168,Branch_8233,7840,8020,42.57130693912303,1
7169,Branch_8234,7248,7383,47.25897920604915,1
7170,Branch_8237,7383,7548,11.064394777605665,1
7171,Branch_8238,7921,8643,1020.4081632653061,1
7172,Branch_8239,8536,8559,2000.0,1
7173,Branch_8240,8534,8536,416.6666666666667,1
7174,Branch_8241,7775,8534,183.8235294117647,1
7175,Branch_8242,8006,8005,8.516436722875149,1
7176,Branch_8243,7744,7745,5.546927002440648,1
7177,Branch_8244,7737,8534,46.21072088724584,1
7178,Branch_8246,7840,7841,5.61104253170239,1
7179,Branch_8247,7921,7920,9.417969485778865,1
7180,Branch_8254,8352,8416,689.6551724137931,1
7181,Branch_8255,5312,5541,50.89058524173028,1
7182,Branch_8256,6350,6351,-49.6031746031746,1
7183,Branch_8257,6352,6353,-49.6031746031746,1
7184,Branch_8258,580,887,88.33922261484099,1
7185,Branch_8259,887,983,148.3679525222552,1
7186,Branch_8260,7247,7294,20.63983488132095,1
7187,Branch_8261,7247,7248,2000.0,1
7188,Branch_8262,3518,3522,48.56726566294318,1
7189,Branch_8263,3517,3522,-1020.4081632653061,1
7190,Branch_8264,3519,3522,7.702380035430949,1
7191,Branch_8265,3518,3521,46.49000464900047,1
7192,Branch_8266,3517,3521,-478.4688995215311,1
7193,Branch_8267,3520,3521,8.92299455697332,1
7194,Branch_8268,580,757,22.857142857142858,1
7195,Branch_8269,9056,9059,12.121212121212121,1
7196,Branch_8270,9056,9060,12.121212121212121,1
7197,Branch_8271,9056,9062,22.172949002217294,1
7198,Branch_8272,9056,9058,12.121212121212121,1
7199,Branch_8273,9056,9057,12.121212121212121,1
7200,Branch_8274,9056,9061,22.172949002217294,1
7201,Branch_8275,9056,9186,24.563989191844755,1
7202,Branch_8276,9056,9186,24.563989191844755,1
7203,Branch_8277,5979,6048,21.381227282446012,1
7204,Branch_8278,859,1184,76.10350076103501,1
7205,Branch_8279,859,1182,75.41478129713424,1
7206,Branch_8280,656,1182,39.29273084479372,1
7207,Branch_8281,1183,1184,2000.0,1
7208,Branch_8282,1181,1182,2000.0,1
7209,Branch_8283,905,1184,57.971014492753625,1
7210,Branch_8284,2706,3751,138.50415512465375,1
7211,Branch_8285,7976,8643,125.47051442910916,1
7212,Branch_8286,8963,9110,4.704996706502305,1
7213,Branch_8288,5776,5950,5.480052608505042,1
7214,Branch_8289,9081,9111,7.926442612555485,1
7215,Branch_8290,9111,9352,17.46419839329375,1
7216,Branch_8291,9109,9401,16.661112962345886,1
7217,Branch_8292,9109,9352,40.88307440719542,1
7218,Branch_8293,878,879,2000.0,1
7219,Branch_8294,878,1287,155.52099533437013,1
7220,Branch_8295,775,1276,124.22360248447205,1
7221,Branch_8296,777,1250,175.13134851138355,1
7222,Branch_8297,775,778,2000.0,1
7223,Branch_8298,776,777,2000.0,1
7224,Branch_8299,7288,7452,322.5806451612903,1
7225,Branch_8300,6927,7289,41.85851820845542,1
7226,Branch_8301,7288,7289,2000.0,1
7227,Branch_8302,7453,7451,5.820044232336166,1
7228,Branch_8303,7451,7452,8.045699573577922,1
7229,Branch_8304,6660,7452,88.49557522123894,1
7230,Branch_8305,2702,2703,-39.354584809130266,1
7231,Branch_8306,2704,2705,-46.948356807511736,1
7232,Branch_8307,5613,5616,42.122999157540015,1
7233,Branch_8308,3134,4081,4.754885645000238,1
7234,Branch_8309,3746,4081,11.328877308258752,1
7235,Branch_8310,4081,5453,6.339948012426298,1
7236,Branch_8311,3934,4238,2000.0,1
7237,Branch_8312,1351,1599,46.425255338904364,1
7238,Branch_8313,766,1599,37.93626707132018,1
7239,Branch_8314,6953,7490,9.416195856873824,1
7240,Branch_8315,761,763,2000.0,1
7241,Branch_8317,6703,6714,2000.0,1
7242,Branch_8318,6704,6717,2000.0,1
7243,Branch_8319,314,546,71.78750897343862,1
7244,Branch_8320,2633,2637,80.1924619085806,1
7245,Branch_8321,2385,2633,200.40080160320642,1
7246,Branch_8322,1871,1937,120.77294685990339,1
7247,Branch_8325,8772,8773,11.764705882352942,1
7248,Branch_8326,8772,8774,11.764705882352942,1
7249,Branch_8327,8762,8772,148.8095238095238,1
7250,Branch_8328,5875,5987,127.7139208173691,1
7251,Branch_8329,6050,6594,17.056114617090227,1
7252,Branch_8330,6251,6594,2000.0,1
7253,Branch_8331,3656,4215,71.42857142857143,1
7254,Branch_8332,2803,4197,53.96654074473826,1
7255,Branch_8333,2804,4197,53.96654074473826,1
7256,Branch_8334,1305,1306,12.746972594008923,1
7257,Branch_8335,897,1305,184.50184501845018,1
7258,Branch_8336,187,1013,337.8378378378378,1
7259,Branch_8338,311,1305,14.695077149155033,1
7260,Branch_8339,1305,1307,2000.0,1
7261,Branch_8340,9128,9271,22.722108611679165,1
7262,Branch_8342,8575,8576,7.465472191116088,1
7263,Branch_8343,5776,7546,3.1885721573879215,1
7264,Branch_8344,7323,7460,14.156285390713476,1
7265,Branch_8348,6634,6633,10.111223458038422,1
7266,Branch_8349,6635,6632,10.141987829614605,1
7267,Branch_8350,7280,7278,55.865921787709496,1
7268,Branch_8351,7404,7402,8.130081300813009,1
7269,Branch_8352,7403,7402,8.855827134254339,1
7270,Branch_8353,7405,7404,9.366804046459348,1
7271,Branch_8354,6896,7403,1515.1515151515152,1
7272,Branch_8355,7278,7405,2000.0,1
7273,Branch_8356,6896,7306,813.0081300813008,1
7274,Branch_8357,6896,7306,869.5652173913044,1
7275,Branch_8358,6896,7553,540.5405405405405,1
7276,Branch_8359,6896,7323,24.826216484607745,1
7277,Branch_8361,7306,7311,8.136034496786266,1
7278,Branch_8362,7307,7311,-51.282051282051285,1
7279,Branch_8363,7305,7311,0.8480972937215357,1
7280,Branch_8364,7306,7310,8.233841086867024,1
7281,Branch_8365,7304,7310,-54.55537370430987,1
7282,Branch_8366,7312,7310,0.8535409144837358,1
7283,Branch_8367,7304,7307,2000.0,1
7284,Branch_8370,7306,7328,98.23182711198429,1
7285,Branch_8371,6990,7553,110.13215859030836,1
7286,Branch_8372,6637,7147,169.7792869269949,1
7287,Branch_8373,6637,7429,12.322858903265558,1
7288,Branch_8374,8341,8340,5.916109566349169,1
7289,Branch_8375,8321,8341,34.19972640218878,1
7290,Branch_8376,5672,5673,18.587360594795538,1
7291,Branch_8378,4608,4807,146.84287812041117,1
7292,Branch_8379,7040,7348,28.563267637817766,1
7293,Branch_8380,7040,7519,31.90810465858328,1
7294,Branch_8381,4883,4915,2000.0,1
7295,Branch_8382,4883,4914,2000.0,1
7296,Branch_8383,583,1593,137.93103448275863,1
7297,Branch_8384,954,1591,195.69471624266146,1
7298,Branch_8385,7350,7348,12.717792191275594,1
7299,Branch_8386,7350,7348,12.403870007442322,1
7300,Branch_8387,7351,7352,207.4688796680498,1
7301,Branch_8388,7348,7352,64.55777921239509,1
7302,Branch_8389,7349,7352,7.908264136022143,1
7303,Branch_8390,7243,7348,25.075225677031092,1
7304,Branch_8391,7201,7348,47.86979415988511,1
7305,Branch_8392,6694,7348,1886.7924528301887,1
7306,Branch_8393,6695,7348,1886.7924528301887,1
7307,Branch_8394,7302,7350,5.299417064122946,1
7308,Branch_8395,7350,7596,16.934801016088063,1
7309,Branch_8396,7351,7432,199.20318725099602,1
7310,Branch_8397,7206,7350,352.11267605633805,1
7311,Branch_8398,7277,7348,20.828993959591752,1
7312,Branch_8399,1303,1591,94.16195856873823,1
7313,Branch_8400,670,1593,143.26647564469914,1
7314,Branch_8401,1592,1593,165.01650165016503,1
7315,Branch_8402,1591,1594,126.42225031605562,1
7316,Branch_8403,9508,9509,43.15925766076823,1
7317,Branch_8404,353,1156,163.1321370309951,1
7318,Branch_8405,353,1147,163.1321370309951,1
7319,Branch_8406,2304,2305,32.39390994493035,1
7320,Branch_8407,2306,2305,12.187690432663011,1
7321,Branch_8408,4528,4540,108.69565217391305,1
7322,Branch_8409,558,702,50.27652086475616,1
7323,Branch_8410,559,560,2000.0,1
7324,Branch_8411,557,558,2000.0,1
7325,Branch_8412,560,1016,37.579857196542655,1
7326,Branch_8413,1945,2221,2000.0,1
7327,Branch_8414,7797,7983,10.612331529236974,1
7328,Branch_8415,3064,3068,-39.43217665615142,1
7329,Branch_8416,3062,3068,17.822135091783995,1
7330,Branch_8417,3066,3068,9.971083856815236,1
7331,Branch_8418,3064,3067,45.80852038479157,1
7332,Branch_8419,3062,3067,-418.41004184100416,1
7333,Branch_8420,3070,3067,9.040773890245005,1
7334,Branch_8421,3062,3069,10.88139281828074,1
7335,Branch_8422,3063,3069,20.491803278688526,1
7336,Branch_8423,3071,3069,8.00640512409928,1
7337,Branch_8424,3062,3065,10.893246187363834,1
7338,Branch_8425,3063,3065,20.449897750511248,1
7339,Branch_8426,3072,3065,8.012820512820513,1
7340,Branch_8427,823,1694,54.46623093681917,1
7341,Branch_8428,1306,1694,2000.0,1
7342,Branch_8429,8154,8212,181.48820326678765,1
7343,Branch_8430,160,1237,18.191740949608878,1
7344,Branch_8431,1237,1437,26.082420448617633,1
7345,Branch_8433,4599,4983,2000.0,1
7346,Branch_8434,4733,4736,2000.0,1
7347,Branch_8435,4734,4735,2000.0,1
7348,Branch_8436,3271,3273,2000.0,1
7349,Branch_8437,3271,3274,2000.0,1
7350,Branch_8438,3271,3279,87.87346221441125,1
7351,Branch_8439,3276,3279,32.48862897985705,1
7352,Branch_8440,3280,3279,17.806267806267805,1
7353,Branch_8441,3276,3272,33.200531208499335,1
7354,Branch_8442,3271,3272,89.92805755395683,1
7355,Branch_8443,3275,3272,17.5377060680463,1
7356,Branch_8444,3273,3277,106.72358591248666,1
7357,Branch_8445,3274,3278,105.59662090813094,1
7358,Branch_8446,1763,1762,4.289084280506112,1
7359,Branch_8447,7479,7575,137.5515818431912,1
7360,Branch_8449,4403,4402,9.558401835213152,1
7361,Branch_8450,4403,4402,8.124796880077998,1
7362,Branch_8452,5443,5710,133.15579227696404,1
7363,Branch_8453,1983,1977,-31.026993484331367,1
7364,Branch_8454,1979,1977,4.010427110487267,1
7365,Branch_8455,1978,1977,3.980257920713262,1
7366,Branch_8456,1983,1980,57.43825387708214,1
7367,Branch_8457,1981,1980,4.220655889925294,1
7368,Branch_8458,1982,1980,4.218697266284171,1
7369,Branch_8460,1983,2214,20.36659877800407,1
7370,Branch_8461,7018,7373,5.482456140350878,1
7371,Branch_8462,4610,9088,18.907165815844206,1
7372,Branch_8463,6025,7373,9.363295880149813,1
7373,Branch_8464,4739,4740,2000.0,1
7374,Branch_8465,272,274,9.216589861751151,1
7375,Branch_8466,267,272,2000.0,1
7376,Branch_8467,267,273,2000.0,1
7377,Branch_8468,5314,5315,46.53327128897161,1
7378,Branch_8469,5313,5315,-483.09178743961354,1
7379,Branch_8470,5316,5315,8.960573476702509,1
7380,Branch_8471,9112,9370,649.3506493506494,1
7381,Branch_8472,9300,9370,4.602144599383313,1
7382,Branch_8473,4732,4733,150.37593984962405,1
7383,Branch_8474,4731,4734,150.37593984962405,1
7384,Branch_8475,8642,8641,18.358729575913348,1
7385,Branch_8476,6267,6269,35.38570417551309,1
7386,Branch_8477,6269,6270,10.797969981643451,1
7387,Branch_8478,7398,7400,8.94454382826476,1
7388,Branch_8479,7398,7401,13.206550449022716,1
7389,Branch_8480,7398,7399,13.319126265316996,1
7390,Branch_8481,4582,4754,52.35602094240838,1
7391,Branch_8482,4582,5149,246.30541871921181,1
7392,Branch_8483,3095,4581,192.67822736030828,1
7393,Branch_8484,3848,4581,320.5128205128205,1
7394,Branch_8485,4660,4659,8.810572687224669,1
7395,Branch_8486,4660,4658,8.810572687224669,1
7396,Branch_8487,945,1093,248.13895781637717,1
7397,Branch_8488,945,1147,218.8183807439825,1
7398,Branch_8489,945,946,17.765144785930005,1
7399,Branch_8490,9396,9394,8.336807002917883,1
7400,Branch_8491,9396,9395,8.336807002917883,1
7401,Branch_8492,9325,9396,138.88888888888889,1
7402,Branch_8493,4414,4428,833.3333333333334,1
7403,Branch_8494,4187,4189,75.01875468867217,1
7404,Branch_8495,4187,4188,68.11989100817439,1
7405,Branch_8497,4899,4927,719.4244604316547,1
7406,Branch_8498,4600,4927,136.23978201634878,1
7407,Branch_8499,9029,9070,6.91323885240235,1
7408,Branch_8500,5337,5388,2000.0,1
7409,Branch_8501,432,433,2000.0,1
7410,Branch_8502,404,432,2000.0,1
7411,Branch_8503,4324,4327,46.53327128897161,1
7412,Branch_8504,4323,4327,-483.09178743961354,1
7413,Branch_8505,4326,4327,8.92299455697332,1
7414,Branch_8506,4324,4328,39.69829297340215,1
7415,Branch_8507,4321,4328,-467.2897196261682,1
7416,Branch_8508,4329,4328,7.14694110920526,1
7417,Branch_8509,433,430,4.740235115661736,1
7418,Branch_8510,433,431,4.740235115661736,1
7419,Branch_8511,4805,4806,12.611930886618742,1
7420,Branch_8512,4788,4805,2000.0,1
7421,Branch_8513,2724,4214,38.729666924864446,1
7422,Branch_8514,4214,4365,37.993920972644375,1
7423,Branch_8515,3119,4214,72.20216606498195,1
7424,Branch_8516,315,1349,71.58196134574088,1
7425,Branch_8517,7460,7471,2000.0,1
7426,Branch_8518,9342,9369,86.65511265164645,1
7427,Branch_8520,850,855,21.01281781886951,1
7428,Branch_8521,8284,8317,61.19951040391677,1
7429,Branch_8522,3670,4723,105.59662090813094,1
7430,Branch_8523,6708,7249,40.08016032064128,1
7431,Branch_8527,7109,7271,12.88161793121216,1
7432,Branch_8528,3146,4159,1000.0,1
7433,Branch_8529,793,822,112.10762331838565,1
7434,Branch_8530,3624,4507,54.49591280653951,1
7435,Branch_8531,8946,9232,3.9328273095528377,1
7436,Branch_8532,9232,9239,7.209805335255948,1
7437,Branch_8533,5272,5340,2000.0,1
7438,Branch_8534,5272,5401,73.26007326007326,1
7439,Branch_8537,3365,3363,9.45179584120983,1
7440,Branch_8538,4105,4315,116.55011655011656,1
7441,Branch_8541,17,825,44.84304932735426,1
7442,Branch_8542,825,1014,94.07337723424271,1
7443,Branch_8543,7602,7601,11.62925921618793,1
7444,Branch_8544,7602,7600,11.603620329542817,1
7445,Branch_8545,8001,8344,2000.0,1
7446,Branch_8546,8344,8343,7.8945290913397015,1
7447,Branch_8547,8344,8345,3.780289570181076,1
7448,Branch_8548,8001,8000,8.405480373203329,1
7449,Branch_8549,8001,8000,7.049203440011278,1
7450,Branch_8550,5572,5717,2000.0,1
7451,Branch_8551,5717,5716,7.909515146721506,1
7452,Branch_8552,6373,6375,2000.0,1
7453,Branch_8553,9116,9117,13.071895424836601,1
7454,Branch_8555,845,1569,47.48338081671415,1
7455,Branch_8556,7320,7397,44.563279857397504,1
7456,Branch_8557,845,899,16.246953696181965,1
7457,Branch_8558,168,1147,72.41129616220131,1
7458,Branch_8559,169,1147,81.03727714748784,1
7459,Branch_8560,5098,5097,7.425007425007425,1
7460,Branch_8561,5098,5097,7.425007425007425,1
7461,Branch_8562,4423,4424,11.901928112354202,1
7462,Branch_8563,4425,4426,18.953752843062926,1
7463,Branch_8564,2834,3473,2000.0,1
7464,Branch_8565,5263,5312,94.07337723424271,1
7465,Branch_8566,9506,9507,19.89258006763477,1
7466,Branch_8567,1415,1416,185.1851851851852,1
7467,Branch_8568,1414,1416,39.8406374501992,1
7468,Branch_8569,1415,1416,714.2857142857143,1
7469,Branch_8570,1414,1415,208.33333333333334,1
7470,Branch_8571,1420,1421,142.85714285714286,1
7471,Branch_8572,1419,1420,370.3703703703704,1
7472,Branch_8573,1414,1415,68.4931506849315,1
7473,Branch_8574,1418,1421,80.0,1
7474,Branch_8575,1418,1419,107.52688172043011,1
7475,Branch_8576,7325,7323,63.09148264984227,1
7476,Branch_8577,7325,7323,62.421972534332085,1
7477,Branch_8578,7324,7323,9.709680551509855,1
7478,Branch_8579,7325,7542,29.7000297000297,1
7479,Branch_8580,7325,7542,29.62962962962963,1
7480,Branch_8582,7325,7326,2000.0,1
7481,Branch_8583,9489,9488,11.990407673860911,1
7482,Branch_8584,9460,9489,371.74721189591077,1
7483,Branch_8585,1906,1908,5.149860953754248,1
7484,Branch_8586,1907,1908,-48.923679060665364,1
7485,Branch_8587,1909,1908,2.0663291662361813,1
7486,Branch_8588,4032,4714,160.25641025641025,1
7487,Branch_8589,4032,4896,174.52006980802793,1
7488,Branch_8591,647,689,8.874689385871495,1
7489,Branch_8592,7397,7396,6.715916722632639,1
7490,Branch_8593,160,692,10.374520178441747,1
7491,Branch_8594,6273,6271,10.835410120273052,1
7492,Branch_8595,6273,6272,10.744600838078865,1
7493,Branch_8596,6260,6273,400.0,1
7494,Branch_8597,5826,5970,8.445232666159953,1
7495,Branch_8598,5312,5403,21.743857360295717,1
7496,Branch_8599,6926,6934,-18.684603886397607,1
7497,Branch_8600,6933,6934,13.431833445265278,1
7498,Branch_8601,6932,6934,13.726835964310226,1
7499,Branch_8602,6926,6928,-18.684603886397607,1
7500,Branch_8603,6931,6928,13.431833445265278,1
7501,Branch_8604,6929,6928,13.726835964310226,1
7502,Branch_8605,6930,6927,24.342745861733203,1
7503,Branch_8606,6930,6927,24.49179524859172,1
7504,Branch_8607,6926,7184,16.105653084232564,1
7505,Branch_8608,6926,7127,94.87666034155598,1
7506,Branch_8609,6908,6927,10.095911155981828,1
7507,Branch_8610,6618,6927,24.77086945751796,1
7508,Branch_8612,6930,7316,17.618040873854827,1
7509,Branch_8613,6927,6933,2000.0,1
7510,Branch_8614,6927,6933,2000.0,1
7511,Branch_8615,6927,6931,2000.0,1
7512,Branch_8616,6927,6931,2000.0,1
7513,Branch_8617,6930,7106,23.137436372049976,1
7514,Branch_8618,6926,6995,97.84735812133073,1
7515,Branch_8619,6930,7469,35.637918745545264,1
7516,Branch_8620,414,413,5.159426271798576,1
7517,Branch_8621,414,415,14.116318464144552,1
7518,Branch_8622,53,944,9.157509157509157,1
7519,Branch_8623,2709,2712,-72.46376811594203,1
7520,Branch_8624,2710,2712,9.633911368015415,1
7521,Branch_8625,2711,2712,5.572582892170521,1
7522,Branch_8626,2709,5140,87.26003490401396,1
7523,Branch_8627,689,1167,48.49660523763337,1
7524,Branch_8628,6917,7604,264.55026455026456,1
7525,Branch_8629,6917,6962,13.017443374121322,1
7526,Branch_8630,2065,2067,16.578249336870027,1
7527,Branch_8631,2065,2066,16.396130513198884,1
7528,Branch_8632,2065,2068,16.43115346697338,1
7529,Branch_8633,2065,2586,2000.0,1
7530,Branch_8634,2065,2586,2000.0,1
7531,Branch_8635,8322,8323,9.266123054114159,1
7532,Branch_8637,898,1051,7.686395080707149,1
7533,Branch_8639,7293,7294,14.85663348685188,1
7534,Branch_8640,9225,9228,16.54807214959457,1
7535,Branch_8641,9225,9231,16.531658125309967,1
7536,Branch_8642,9224,9227,12.21001221001221,1
7537,Branch_8643,9225,9230,12.175818823815902,1
7538,Branch_8644,9224,9226,12.858428700012858,1
7539,Branch_8645,9224,9229,12.781186094069529,1
7540,Branch_8646,9534,9535,2.7567955009097425,1
7541,Branch_8647,9534,9536,2.759838825412596,1
7542,Branch_8648,9524,9561,53.022269353128316,1
7543,Branch_8649,9524,9528,39.01677721420211,1
7544,Branch_8650,9537,9582,64.43298969072166,1
7545,Branch_8651,9531,9582,85.76329331046313,1
7546,Branch_8652,9582,9584,7.947230390209012,1
7547,Branch_8653,9583,9584,-70.57163020465772,1
7548,Branch_8654,9585,9584,5.911563017261764,1
7549,Branch_8655,9542,9539,22.639800769753226,1
7550,Branch_8656,9538,9539,-191.57088122605364,1
7551,Branch_8657,9544,9539,6.434592368573451,1
7552,Branch_8658,9541,9540,22.49212775528565,1
7553,Branch_8659,9538,9540,-192.30769230769232,1
7554,Branch_8660,9543,9540,6.463706289186219,1
7555,Branch_8661,9530,9534,34.85535029627048,1
7556,Branch_8662,9530,9577,28.042624789680314,1
7557,Branch_8663,9538,9562,86.13264427217915,1
7558,Branch_8667,9532,9583,18.726591760299627,1
7559,Branch_8668,9526,9570,46.554934823091244,1
7560,Branch_8669,9577,9583,22.3563603845294,1
7561,Branch_8670,9527,9576,56.49717514124294,1
7562,Branch_8671,9554,9576,115.87485515643105,1
7563,Branch_8672,9576,9578,7.886435331230284,1
7564,Branch_8673,9577,9578,-62.61740763932373,1
7565,Branch_8674,9579,9578,5.9262771127177905,1
7566,Branch_8675,9527,9538,39.88831272437176,1
7567,Branch_8676,9526,9533,33.72681281618887,1
7568,Branch_8677,9533,9554,110.98779134295228,1
7569,Branch_8678,9545,9561,16.084928422068522,1
7570,Branch_8679,9551,9547,22.634676324128566,1
7571,Branch_8680,9545,9547,-197.23865877712032,1
7572,Branch_8681,9549,9547,6.463288521199586,1
7573,Branch_8685,9529,9534,19.364833462432223,1
7574,Branch_8686,9528,9562,51.3347022587269,1
7575,Branch_8687,9528,9561,54.25935973955507,1
7576,Branch_8688,9528,9545,20.742584526031944,1
7577,Branch_8689,9537,9562,58.51375073142189,1
7578,Branch_8690,9528,9537,79.4912559618442,1
7579,Branch_8691,9524,9525,85.25149190110827,1
7580,Branch_8692,9532,9571,23.025558369790467,1
7581,Branch_8693,9529,9571,25.641025641025642,1
7582,Branch_8694,9525,9570,81.43322475570032,1
7583,Branch_8695,9570,9572,7.847445656438829,1
7584,Branch_8696,9571,9572,-60.790273556231,1
7585,Branch_8697,9573,9572,5.813953488372093,1
7586,Branch_8698,9531,9538,139.66480446927375,1
7587,Branch_8699,9555,9557,22.680880018144705,1
7588,Branch_8700,9554,9557,-193.7984496124031,1
7589,Branch_8701,9558,9557,6.459531038046638,1
7590,Branch_8702,9556,9559,22.568269013766646,1
7591,Branch_8703,9554,9559,-192.30769230769232,1
7592,Branch_8704,9560,9559,6.463706289186219,1
7593,Branch_8705,4965,4966,45.187528242205154,1
7594,Branch_8706,4964,4966,-467.2897196261682,1
7595,Branch_8707,4967,4966,7.662248103593594,1
7596,Branch_8708,4965,4968,45.187528242205154,1
7597,Branch_8709,4964,4968,-467.2897196261682,1
7598,Branch_8710,4969,4968,7.662248103593594,1
7599,Branch_8711,675,1236,157.9778830963665,1
7600,Branch_8712,247,674,537.6344086021505,1
7601,Branch_8713,675,1168,537.6344086021505,1
7602,Branch_8714,673,675,160.0,1
7603,Branch_8715,674,676,476.1904761904762,1
7604,Branch_8716,894,895,952.3809523809524,1
7605,Branch_8717,892,896,555.5555555555555,1
7606,Branch_8718,7540,7541,15.85288522511097,1
7607,Branch_8719,6637,7231,90.33423667570008,1
7608,Branch_8721,3997,4530,48.97159647404506,1
7609,Branch_8722,3033,3997,27.412280701754387,1
7610,Branch_8724,1843,1845,4.795013186286262,1
7611,Branch_8725,6686,7593,206.18556701030928,1
7612,Branch_8726,7201,7593,42.51700680272109,1
7613,Branch_8727,7593,7594,2000.0,1
7614,Branch_8728,8192,8210,27.816411682892905,1
7615,Branch_8729,131,933,75.87253414264036,1
7616,Branch_8730,931,933,2000.0,1
7617,Branch_8731,932,934,2000.0,1
7618,Branch_8732,678,934,43.802014892685065,1
7619,Branch_8733,933,1625,85.39709649871904,1
7620,Branch_8734,934,1625,85.32423208191126,1
7621,Branch_8735,7429,7475,112.73957158962796,1
7622,Branch_8736,7475,7476,934.5794392523364,1
7623,Branch_8737,7476,7477,14.275517487508923,1
7624,Branch_8738,6724,7475,49.28536224741252,1
7625,Branch_8739,6724,6725,14.84560570071259,1
7626,Branch_8740,7495,7496,13.273161667109106,1
7627,Branch_8741,6709,7528,2000.0,1
7628,Branch_8742,7527,7528,14.148273910582908,1
7629,Branch_8743,6659,6666,2000.0,1
7630,Branch_8744,6666,6665,7.756748371082842,1
7631,Branch_8745,6028,6267,14.490653528474134,1
7632,Branch_8746,6027,6028,5.7405281285878305,1
7633,Branch_8747,6027,6028,7.4649148999701405,1
7634,Branch_8749,504,1649,132.9787234042553,1
7635,Branch_8750,4027,4025,48.54368932038835,1
7636,Branch_8751,4024,4026,48.54368932038835,1
7637,Branch_8752,3992,4025,2000.0,1
7638,Branch_8753,4248,4249,2000.0,1
7639,Branch_8754,582,585,2000.0,1
7640,Branch_8755,585,671,70.27406886858749,1
7641,Branch_8756,584,585,2000.0,1
7642,Branch_8757,581,583,2000.0,1
7643,Branch_8758,1092,1095,2000.0,1
7644,Branch_8759,1096,1097,2000.0,1
7645,Branch_8760,7983,8460,195.3125,1
7646,Branch_8761,8103,8460,13.865779256794232,1
7647,Branch_8762,2848,3444,64.89292667099286,1
7648,Branch_8763,2184,7019,9.813542688910697,1
7649,Branch_8764,2598,2599,10.123506782749544,1
7650,Branch_8765,2106,2107,32.78688524590164,1
7651,Branch_8766,2109,2107,-395.25691699604744,1
7652,Branch_8767,2110,2107,6.980802792321117,1
7653,Branch_8768,2106,2108,29.71768202080238,1
7654,Branch_8769,2109,2108,-369.00369003690037,1
7655,Branch_8770,2111,2108,4.919323101141283,1
7656,Branch_8771,2106,2112,30.111412225233362,1
7657,Branch_8772,2109,2112,-398.40637450199205,1
7658,Branch_8773,2113,2112,6.587615283267457,1
7659,Branch_8774,222,1093,206.18556701030928,1
7660,Branch_8775,1092,1148,245.09803921568627,1
7661,Branch_8776,1093,1094,2000.0,1
7662,Branch_8777,6690,7243,20.98635886673662,1
7663,Branch_8778,7319,7442,97.27626459143968,1
7664,Branch_8779,7319,7592,57.537399309551205,1
7665,Branch_8780,5806,5808,19.569471624266146,1
7666,Branch_8781,7995,8364,12.007684918347742,1
7667,Branch_8783,1889,2535,15.730690577316345,1
7668,Branch_8784,2161,2535,89.92805755395683,1
7669,Branch_8785,1783,2538,602.4096385542168,1
7670,Branch_8786,1783,2649,471.6981132075472,1
7671,Branch_8787,2540,2541,118.48341232227489,1
7672,Branch_8788,2540,2542,118.48341232227489,1
7673,Branch_8789,9232,9478,27.609055770292656,1
7674,Branch_8790,6267,6535,14.492753623188406,1
7675,Branch_8791,5992,6535,50.42864346949067,1
7676,Branch_8792,5992,6535,53.648068669527895,1
7677,Branch_8793,6451,6535,8.14265939255761,1
7678,Branch_8794,6756,6757,8.216926869350862,1
7679,Branch_8795,6756,6758,8.145312372729494,1
7680,Branch_8796,6756,7194,2000.0,1
7681,Branch_8797,207,208,57.6036866359447,1
7682,Branch_8798,6167,6550,45.59963520291838,1
7683,Branch_8800,1437,1438,23.293733985557886,1
7684,Branch_8801,1008,1437,18.618506795754982,1
7685,Branch_8802,1438,2552,18.355359765051396,1
7686,Branch_8803,692,1437,14.85001485001485,1
7687,Branch_8804,689,1438,60.790273556231,1
7688,Branch_8812,2333,2332,18.453589223103894,1
7689,Branch_8814,5825,5856,55.55555555555556,1
7690,Branch_8815,6631,6647,2000.0,1
7691,Branch_8816,6647,7407,2000.0,1
7692,Branch_8817,8126,8230,297.6190476190476,1
7693,Branch_8818,1778,1781,2.1872265966754156,1
7694,Branch_8819,1778,1782,2.1872265966754156,1
7695,Branch_8820,7392,7519,41.1522633744856,1
7696,Branch_8821,7519,7531,404.8582995951417,1
7697,Branch_8822,9401,9433,9.541074324968992,1
7698,Branch_8823,9449,9447,7.8982702788089405,1
7699,Branch_8824,9449,9448,7.8982702788089405,1
7700,Branch_8825,9336,9449,78.125,1
7701,Branch_8826,2563,2564,25.980774227071965,1
7702,Branch_8827,2562,2564,-296.7359050445104,1
7703,Branch_8828,2565,2564,18.17190623296384,1
7704,Branch_8829,2563,2567,25.094102885821833,1
7705,Branch_8830,2562,2567,-259.7402597402597,1
7706,Branch_8831,2566,2567,18.17190623296384,1
7707,Branch_8832,154,978,42.06983592763988,1
7708,Branch_8833,1960,2563,146.84287812041117,1
7709,Branch_8834,1960,2563,146.84287812041117,1
7710,Branch_8835,994,1401,67.11409395973155,1
7711,Branch_8836,4475,4474,9.297136481963555,1
7712,Branch_8837,2100,2101,-39.032006245120996,1
7713,Branch_8838,2099,2103,-38.85003885003885,1
7714,Branch_8839,2096,2101,3.391785096496286,1
7715,Branch_8840,2102,2103,3.3846674564224064,1
7716,Branch_8841,2097,2095,3.108003108003108,1
7717,Branch_8842,2097,2101,6.840413160954922,1
7718,Branch_8843,2097,2103,6.868131868131868,1
7719,Branch_8844,6521,6526,2000.0,1
7720,Branch_8845,6521,6520,14.068655036578503,1
7721,Branch_8846,3270,4474,1162.7906976744187,1
7722,Branch_8847,6039,6042,251.25628140703517,1
7723,Branch_8848,6039,6072,6.520605112154408,1
7724,Branch_8849,6039,6362,4.1128567903265605,1
7725,Branch_8852,6194,6193,4.765308553728854,1
7726,Branch_8853,6194,6195,4.765308553728854,1
7727,Branch_8854,6343,6362,40.91653027823241,1
7728,Branch_8856,6072,6144,15.098897780462027,1
7729,Branch_8857,9598,9601,2.700658960786432,1
7730,Branch_8858,9599,9602,2.725686873092019,1
7731,Branch_8859,9597,9600,6.476683937823834,1
7732,Branch_8861,9127,9695,2.361330846064842,1
7733,Branch_8866,9024,9695,3.4047189404514655,1
7734,Branch_8867,7416,7491,8.880206020779681,1
7735,Branch_8868,6953,7390,3.546853940554728,1
7736,Branch_8869,7390,7416,12.24889759921607,1
7737,Branch_8870,7120,7390,7.987220447284345,1
7738,Branch_8871,9211,9433,29.129041654529566,1
7739,Branch_8872,9034,9433,2000.0,1
7740,Branch_8873,6518,6517,11.054609772275038,1
7741,Branch_8874,6518,6519,5.369992482010526,1
7742,Branch_8875,6515,6518,436.68122270742356,1
7743,Branch_8876,6494,6515,140.4494382022472,1
7744,Branch_8877,6515,6513,15.160703456640388,1
7745,Branch_8878,6515,6514,5.369992482010526,1
7746,Branch_8879,6424,6425,2000.0,1
7747,Branch_8880,6395,6424,62.30529595015577,1
7748,Branch_8881,7169,7487,59.844404548174744,1
7749,Branch_8882,6644,6999,42.19409282700422,1
7750,Branch_8883,834,1013,943.3962264150944,1
7751,Branch_8884,1521,1522,2000.0,1
7752,Branch_8885,9107,9125,9.746588693957115,1
7753,Branch_8886,9218,9402,4.125072188763303,1
7754,Branch_8887,9144,9402,2000.0,1
7755,Branch_8888,7873,7964,3.143764343424817,1
7756,Branch_8889,7873,8128,454.54545454545456,1
7757,Branch_8890,7774,7890,1369.86301369863,1
7758,Branch_8891,245,1699,323.62459546925567,1
7759,Branch_8892,6771,7547,398.40637450199205,1
7760,Branch_8894,7472,7547,2000.0,1
7761,Branch_8895,7473,7547,2000.0,1
7762,Branch_8896,3017,4082,1587.3015873015872,1
7763,Branch_8897,7418,7599,5.985873338920149,1
7764,Branch_8898,7485,7599,7.947230390209012,1
7765,Branch_8899,3017,3018,30.76923076923077,1
7766,Branch_8900,3016,3018,-357.14285714285717,1
7767,Branch_8901,3020,3018,8.176614881439084,1
7768,Branch_8902,3017,3021,30.76923076923077,1
7769,Branch_8903,3016,3021,-357.14285714285717,1
7770,Branch_8904,3022,3021,8.176614881439084,1
7771,Branch_8905,3019,3016,15.928639694170117,1
7772,Branch_8906,3017,3978,312.5,1
7773,Branch_8907,2861,3016,48.44961240310077,1
7774,Branch_8908,8032,8035,9.336196433572962,1
7775,Branch_8909,8032,8034,6.355662895640015,1
7776,Branch_8910,5761,5834,37.064492216456635,1
7777,Branch_8912,5834,5846,125.0,1
7778,Branch_8913,7907,8353,34.674063800277395,1
7779,Branch_8916,1198,1615,19.960079840319363,1
7780,Branch_8917,1198,7093,2.6062027625749282,1
7781,Branch_8918,4243,4244,5.920663114268798,1
7782,Branch_8919,2759,2938,69.63788300835654,1
7783,Branch_8920,2938,4497,59.38242280285036,1
7784,Branch_8921,6814,6817,2000.0,1
7785,Branch_8923,6891,7414,21.533161068044787,1
7786,Branch_8924,2729,4653,413.22314049586777,1
7787,Branch_8925,322,1589,98.32841691248771,1
7788,Branch_8926,322,815,43.066322136089575,1
7789,Branch_8927,6101,6135,6.052536012589275,1
7790,Branch_8928,6101,6256,152.4390243902439,1
7791,Branch_8929,6777,6776,15.264845061822623,1
7792,Branch_8930,6777,7087,16.276041666666668,1
7793,Branch_8931,5990,6210,52.19206680584551,1
7794,Branch_8932,5938,5990,43.2338953739732,1
7795,Branch_8933,2602,2601,24.277737314882252,1
7796,Branch_8934,8240,8243,46.21072088724584,1
7797,Branch_8935,8241,8243,-454.54545454545456,1
7798,Branch_8936,8242,8243,8.94854586129754,1
7799,Branch_8937,1735,2601,2000.0,1
7800,Branch_8938,7171,7296,105.9322033898305,1
7801,Branch_8939,7273,7296,38.16793893129771,1
7802,Branch_8940,7264,7299,5.380972879896685,1
7803,Branch_8941,7264,7620,5.629362756136006,1
7804,Branch_8942,5099,5103,12.737230925996688,1
7805,Branch_8943,5099,5104,13.75515818431912,1
7806,Branch_8944,5099,5102,86.80555555555556,1
7807,Branch_8945,5099,5101,5.420054200542006,1
7808,Branch_8946,5100,5101,-27.3224043715847,1
7809,Branch_8947,5105,5101,8.401243384020836,1
7810,Branch_8948,752,1521,37.67897513187641,1
7811,Branch_8949,1315,1524,162.07455429497568,1
7812,Branch_8950,1523,1525,2000.0,1
7813,Branch_8951,1520,1524,66.40106241699867,1
7814,Branch_8952,4111,4118,21.81976871045167,1
7815,Branch_8953,4111,4114,21.436227224008576,1
7816,Branch_8954,4112,4113,21.715526601520086,1
7817,Branch_8955,4112,4117,21.715526601520086,1
7818,Branch_8956,4111,4116,21.468441391155004,1
7819,Branch_8957,4111,4115,21.4638334406525,1
7820,Branch_8959,8077,8081,46.51162790697674,1
7821,Branch_8960,8080,8081,-485.43689320388347,1
7822,Branch_8961,8082,8081,8.997660608241857,1
7823,Branch_8962,8077,8078,46.57661853749418,1
7824,Branch_8963,8080,8078,-478.4688995215311,1
7825,Branch_8964,8079,8078,6.815238874122538,1
7826,Branch_8965,136,1102,1136.3636363636363,1
7827,Branch_8966,136,860,113.76564277588169,1
7828,Branch_8967,136,138,38.639876352395675,1
7829,Branch_8968,137,138,2000.0,1
7830,Branch_8969,139,138,7.411250277921885,1
7831,Branch_8970,140,141,136.986301369863,1
7832,Branch_8971,136,141,87.18395815170008,1
7833,Branch_8972,142,141,9.899029895070283,1
7834,Branch_8973,8278,8279,71.4796283059328,1
7835,Branch_8974,8277,8279,69.7350069735007,1
7836,Branch_8975,8280,8279,5.13294322964788,1
7837,Branch_8976,808,1661,2000.0,1
7838,Branch_8977,5964,5965,23.391812865497077,1
7839,Branch_8978,5965,6259,2000.0,1
7840,Branch_8979,1616,7381,7.263746640517179,1
7841,Branch_8980,6696,6754,33.7609723160027,1
7842,Branch_8981,6696,7241,7.946598855689765,1
7843,Branch_8982,1087,6696,10.785159620362382,1
7844,Branch_8983,6696,7006,28.546959748786755,1
7845,Branch_8984,5761,6135,4.3029259896729775,1
7846,Branch_8985,5811,6134,3.658313517468447,1
7847,Branch_8986,4899,4900,16.056518946692357,1
7848,Branch_8987,4899,4901,16.046213093709884,1
7849,Branch_8988,7321,7385,118.48341232227489,1
7850,Branch_8989,7281,7385,62.97229219143577,1
7851,Branch_8990,6005,6017,17.307026652821044,1
7852,Branch_8991,5978,6077,56.72149744753261,1
7853,Branch_8992,5978,6291,77.33952049497293,1
7854,Branch_8993,5933,6077,4.936077792586011,1
7855,Branch_8994,3177,3358,4.423995752964077,1
7856,Branch_8995,2818,4058,61.576354679802954,1
7857,Branch_8996,3177,3220,6.601531555320834,1
7858,Branch_8998,8222,8220,8.874689385871495,1
7859,Branch_8999,8222,8221,8.874689385871495,1
7860,Branch_9000,6686,7199,25.119316754584275,1
7861,Branch_9001,7589,7591,386.1003861003861,1
7862,Branch_9002,7589,7590,14.234875444839858,1
7863,Branch_9003,2866,2865,1.8456995201181248,1
7864,Branch_9004,570,572,2000.0,1
7865,Branch_9005,553,572,250.6265664160401,1
7866,Branch_9006,555,571,174.52006980802793,1
7867,Branch_9007,92,572,146.84287812041117,1
7868,Branch_9008,4717,5024,50.45408678102926,1
7869,Branch_9009,4721,5024,219.2982456140351,1
7870,Branch_9010,4654,4660,250.0,1
7871,Branch_9011,6175,6177,9.932459276916964,1
7872,Branch_9012,6175,6183,9.921619208254787,1
7873,Branch_9013,6175,6186,9.94431185361973,1
7874,Branch_9014,6175,6181,9.852216748768473,1
7875,Branch_9015,6175,6184,9.875567845151096,1
7876,Branch_9016,6175,6182,9.818360333824252,1
7877,Branch_9017,6176,6188,33.277870216306155,1
7878,Branch_9018,6175,6188,168.0672268907563,1
7879,Branch_9019,6180,6188,6.378364587319811,1
7880,Branch_9020,6176,6190,-25.438819638768763,1
7881,Branch_9021,6175,6190,12.971851083149565,1
7882,Branch_9022,6179,6190,2.628259041211102,1
7883,Branch_9023,6175,6189,10.827197921178,1
7884,Branch_9024,6178,6189,-72.83321194464676,1
7885,Branch_9025,6191,6189,2.8348688873139616,1
7886,Branch_9026,6176,6187,33.523298692591354,1
7887,Branch_9027,6175,6187,153.84615384615384,1
7888,Branch_9028,6185,6187,6.968641114982578,1
7889,Branch_9029,2392,7146,17.36111111111111,1
7890,Branch_9030,6883,7142,123.00123001230013,1
7891,Branch_9031,9367,9369,10.196798205363516,1
7892,Branch_9032,9368,9369,10.144045445323595,1
7893,Branch_9033,669,892,413.22314049586777,1
7894,Branch_9034,892,893,2000.0,1
7895,Branch_9035,893,894,2000.0,1
7896,Branch_9036,551,895,877.1929824561404,1
7897,Branch_9038,7492,7493,432.9004329004329,1
7898,Branch_9039,7492,7494,432.9004329004329,1
7899,Branch_9040,5797,5852,6.334325711028061,1
7900,Branch_9042,6993,7566,2000.0,1
7901,Branch_9043,7566,7565,11.234692731153803,1
7902,Branch_9045,7866,7992,3.1623553222440073,1
7903,Branch_9046,107,806,12.805736970162632,1
7904,Branch_9049,5871,5885,8.101101749837978,1
7905,Branch_9050,7142,7334,2000.0,1
7906,Branch_9051,7142,7333,2000.0,1
7907,Branch_9052,7142,7335,2000.0,1
7908,Branch_9054,6947,7333,48.804294777940456,1
7909,Branch_9055,7334,7336,2000.0,1
7910,Branch_9056,7333,7336,2000.0,1
7911,Branch_9057,7277,7334,25.588536335721596,1
7912,Branch_9058,4943,5132,2000.0,1
7913,Branch_9059,4942,5132,2000.0,1
7914,Branch_9060,5623,5624,2.031281738777168,1
7915,Branch_9061,5622,5623,62.18905472636816,1
7916,Branch_9062,5362,5624,78.80220646178093,1
7917,Branch_9063,5616,5623,129.70168612191958,1
7918,Branch_9064,3541,4883,33.67003367003367,1
7919,Branch_9065,4665,4883,884.9557522123894,1
7920,Branch_9066,2684,4101,115.2073732718894,1
7921,Branch_9067,2684,5106,120.1923076923077,1
7922,Branch_9068,6990,7136,89.84725965858041,1
7923,Branch_9069,5132,5128,6.249609399412536,1
7924,Branch_9070,5132,5129,9.80872976949485,1
7925,Branch_9071,5132,5131,30.816640986132512,1
7926,Branch_9072,5132,5130,11.109876680368847,1
7927,Branch_9073,5132,5127,11.109876680368847,1
7928,Branch_9074,3670,4943,16.406890894175554,1
7929,Branch_9075,3897,5132,21.27659574468085,1
7930,Branch_9077,1178,1180,1.4760583338253528,1
7931,Branch_9078,245,244,1.7828807787623242,1
7932,Branch_9079,7533,7539,352.11267605633805,1
7933,Branch_9080,7539,7538,11.350737797956867,1
7934,Branch_9081,7537,7539,8.56898029134533,1
7935,Branch_9082,9490,9491,9.286775631500744,1
7936,Branch_9083,9490,9492,9.286775631500744,1
7937,Branch_9084,9319,9490,2000.0,1
7938,Branch_9085,783,1636,59.20663114268798,1
7939,Branch_9086,6017,6287,21.58894645941278,1
7940,Branch_9087,5799,6017,22.951572182694516,1
7941,Branch_9090,4226,4670,408.16326530612247,1
7942,Branch_9091,4225,4670,408.16326530612247,1
7943,Branch_9092,5434,5429,54.88474204171241,1
7944,Branch_9093,5434,5433,75.41478129713424,1
7945,Branch_9094,5434,5432,62.53908692933083,1
7946,Branch_9095,5434,5436,11.983223487118035,1
7947,Branch_9096,5428,5436,-520.8333333333334,1
7948,Branch_9097,5430,5436,8.802042073761113,1
7949,Branch_9098,5434,5435,21.1864406779661,1
7950,Branch_9099,5427,5435,100.0,1
7951,Branch_9100,5431,5435,3.4904013961605584,1
7952,Branch_9101,4210,4301,2000.0,1
7953,Branch_9102,3615,4135,161.55088852988692,1
7954,Branch_9103,3615,3992,92.08103130755065,1
7955,Branch_9104,1994,1993,5.234779877506151,1
7956,Branch_9105,5486,5488,69.7350069735007,1
7957,Branch_9106,5485,5488,72.41129616220131,1
7958,Branch_9107,5487,5488,5.212677231025855,1
7959,Branch_9108,8913,9195,40.32258064516129,1
7960,Branch_9109,5635,5637,2000.0,1
7961,Branch_9110,698,764,806.4516129032259,1
7962,Branch_9111,6653,7344,177.61989342806393,1
7963,Branch_9112,6653,7056,26.70940170940171,1
7964,Branch_9115,5776,6313,3.248862897985705,1
7965,Branch_9117,9655,9688,2000.0,1
7966,Branch_9118,9688,9686,8.6617583369424,1
7967,Branch_9119,9688,9687,8.625894936599671,1
7968,Branch_9120,2759,3250,26.12330198537095,1
7969,Branch_9121,6936,7171,34.036759700476516,1
7970,Branch_9123,3250,3624,39.032006245120996,1
7971,Branch_9124,2596,6955,4.653327128897161,1
7972,Branch_9125,7049,7156,66.00660066006601,1
7973,Branch_9126,7048,7049,2000.0,1
7974,Branch_9127,6891,7049,42.30118443316413,1
7975,Branch_9128,222,1165,53.13496280552604,1
7976,Branch_9129,7758,7759,64.14368184733804,1
7977,Branch_9130,7757,7759,152.20700152207002,1
7978,Branch_9131,7760,7759,8.450942280064227,1
7979,Branch_9132,7758,7761,46.99248120300752,1
7980,Branch_9133,7757,7761,-543.4782608695652,1
7981,Branch_9134,7762,7761,8.943743851176102,1
7982,Branch_9135,2226,2225,5.139274334463973,1
7983,Branch_9136,2117,2116,4.88328938372888,1
7984,Branch_9138,9309,9310,2.7524703421320633,1
7985,Branch_9139,87,1587,235.8490566037736,1
7986,Branch_9140,87,911,145.98540145985402,1
7987,Branch_9141,6642,7520,16.409583196586805,1
7988,Branch_9142,223,1463,68.1663258350375,1
7989,Branch_9143,5036,5035,13.646288209606986,1
7990,Branch_9144,2864,5036,2000.0,1
7991,Branch_9148,297,1236,124.53300124533001,1
7992,Branch_9149,1089,1236,2000.0,1
7993,Branch_9150,1088,1236,2000.0,1
7994,Branch_9151,6813,6812,14.222727919214906,1
7995,Branch_9152,6811,6813,2000.0,1
7996,Branch_9153,9577,9598,2000.0,1
7997,Branch_9154,9577,9599,2000.0,1
7998,Branch_9155,9576,9597,2000.0,1
7999,Branch_9156,3751,4753,115.07479861910241,1
8000,Branch_9157,1006,1185,387.5968992248062,1
8001,Branch_9159,1188,1185,3.299894403379092,1
8002,Branch_9160,1189,1185,3.4441191665231616,1
8003,Branch_9161,1188,1187,4.026089057089942,1
8004,Branch_9162,2889,3803,3.0134096730450506,1
8005,Branch_9163,3030,3803,3.1729914963827897,1
8006,Branch_9167,5672,5674,19.34984520123839,1
8007,Branch_9168,703,1462,119.76047904191617,1
8008,Branch_9169,8928,9046,27.464982147761603,1
8009,Branch_9170,1147,1462,73.52941176470588,1
8010,Branch_9171,404,1462,854.7008547008547,1
8011,Branch_9172,7142,7408,81.30081300813008,1
8012,Branch_9173,6115,6117,-138.88888888888889,1
8013,Branch_9174,6113,6117,18.939393939393938,1
8014,Branch_9175,6119,6117,2.4103936172777014,1
8015,Branch_9176,6115,6116,18.014772113132768,1
8016,Branch_9177,6114,6116,-96.89922480620154,1
8017,Branch_9178,6118,6116,4.365477801545379,1
8018,Branch_9185,6115,9622,36.19254433586681,1
8019,Branch_9187,8945,9211,6.387327542156362,1
8020,Branch_9188,3948,9211,1.8868992584485913,1
8021,Branch_9189,8122,8350,37.0919881305638,1
8022,Branch_9190,8122,8125,1000.0,1
8023,Branch_9191,444,445,10.52853232259423,1
8024,Branch_9192,444,446,10.930156301235108,1
8025,Branch_9193,6637,6638,55.77244841048522,1
8026,Branch_9194,6893,7317,93.28358208955224,1
8027,Branch_9195,7317,7442,50.53057099545225,1
8028,Branch_9196,7147,7406,20.846362309776943,1
8029,Branch_9197,9125,9124,11.05094485578517,1
8030,Branch_9198,6424,6432,114.15525114155251,1
8031,Branch_9199,408,1220,684.931506849315,1
8032,Branch_9200,408,1223,684.931506849315,1
8033,Branch_9201,9195,9441,1562.5,1
8034,Branch_9203,449,450,12.893243940175347,1
8035,Branch_9204,449,451,12.893243940175347,1
8036,Branch_9205,449,453,24.88181139586962,1
8037,Branch_9207,7792,7954,21.427040925648168,1
8038,Branch_9208,7900,7968,7.103786318107551,1
8039,Branch_9209,7900,8605,108.22510822510823,1
8040,Branch_9210,7900,7954,72.46376811594203,1
8041,Branch_9211,7968,8073,30.637254901960784,1
8042,Branch_9212,7911,8073,7.605719501064801,1
8043,Branch_9213,7911,8048,9.798157946306095,1
8044,Branch_9215,7821,8094,3.4199726402188784,1
8045,Branch_9217,7683,7986,53.022269353128316,1
8046,Branch_9218,7669,7986,3.1938677738741617,1
8047,Branch_9219,7679,8137,9.325748391308403,1
8048,Branch_9220,8137,8138,8.583690987124463,1
8049,Branch_9221,8138,8139,9.099181073703367,1
8050,Branch_9222,7807,8139,7.593014426727411,1
8051,Branch_9223,1737,2370,23.685457129322597,1
8052,Branch_9226,1889,2370,66.84491978609626,1
8053,Branch_9227,1770,2370,71.63323782234957,1
8054,Branch_9228,1864,2368,22.696323195642307,1
8055,Branch_9229,2192,2368,35.637918745545264,1
8056,Branch_9230,2368,2394,87.56567425569177,1
8057,Branch_9231,1870,2367,98.4251968503937,1
8058,Branch_9232,1870,2367,98.4251968503937,1
8059,Branch_9233,2367,2643,54.28881650380022,1
8060,Branch_9235,1891,2367,120.48192771084338,1
8061,Branch_9236,3028,5140,45.93477262287551,1
8062,Branch_9237,2859,3028,98.52216748768473,1
8063,Branch_9238,5602,5603,10.002000400080016,1
8064,Branch_9239,5600,5602,854.7008547008547,1
8065,Branch_9240,2400,2401,4.130183380142078,1
8066,Branch_9241,1251,2400,3.9984006397441023,1
8067,Branch_9250,2754,4950,2000.0,1
8068,Branch_9251,4577,4578,73.31378299120234,1
8069,Branch_9253,2484,2558,14.444604940054889,1
8070,Branch_9254,7577,7576,23.228803716608596,1
8071,Branch_9258,7411,7576,7.133176403452457,1
8072,Branch_9259,3208,4759,63.89776357827476,1
8073,Branch_9260,3207,4758,63.89776357827476,1
8074,Branch_9261,2702,4599,22.256843979523705,1
8075,Branch_9262,2701,2703,37.778617302606726,1
8076,Branch_9263,2700,4828,95.32888465204957,1
8077,Branch_9264,2976,3528,66.09385327164574,1
8078,Branch_9265,852,847,2.5021894157387714,1
8079,Branch_9266,853,847,2.5021894157387714,1
8080,Branch_9268,855,847,2.6228132294699296,1
8081,Branch_9269,850,851,0.15270695992511252,1
8082,Branch_9270,847,899,64.02048655569783,1
8083,Branch_9271,7018,7246,17.421602787456447,1
8084,Branch_9272,1284,1379,1851.851851851852,1
8085,Branch_9273,938,1379,230.94688221709006,1
8086,Branch_9274,8169,8381,925.925925925926,1
8087,Branch_9275,8381,8601,341.29692832764505,1
8088,Branch_9276,8381,8380,12.40694789081886,1
8089,Branch_9277,7158,7159,3.1985670419651995,1
8090,Branch_9278,954,956,88.88888888888889,1
8091,Branch_9279,955,956,134.9527665317139,1
8092,Branch_9280,957,956,9.926543577526305,1
8093,Branch_9281,954,960,50.377833753148614,1
8094,Branch_9282,955,960,-757.5757575757576,1
8095,Branch_9283,958,960,6.736728644570197,1
8096,Branch_9284,954,961,-315.45741324921136,1
8097,Branch_9285,955,961,43.802014892685065,1
8098,Branch_9286,959,961,11.997600479904019,1
8099,Branch_9287,5,955,223.71364653243847,1
8100,Branch_9288,43,46,5.424758598242378,1
8101,Branch_9289,43,47,5.424758598242378,1
8102,Branch_9290,43,45,11.81753722524226,1
8103,Branch_9291,43,44,11.835720203574388,1
8104,Branch_9292,43,127,5.410377103284099,1
8105,Branch_9293,43,48,5.392289026691831,1
8106,Branch_9294,47,50,0.8576329331046312,1
8107,Branch_9295,43,49,2.1456925222615597,1
8108,Branch_9296,43,49,2.1456925222615597,1
8109,Branch_9297,43,52,6.5333856004181365,1
8110,Branch_9298,44,351,17.45810055865922,1
8111,Branch_9299,45,1087,170.06802721088437,1
8112,Branch_9300,44,45,2000.0,1
8113,Branch_9301,45,539,39.87240829346093,1
8114,Branch_9302,7089,7468,3.711676935639522,1
8115,Branch_9303,5383,5385,46.27487274409995,1
8116,Branch_9304,5382,5385,-460.8294930875576,1
8117,Branch_9305,5384,5385,8.986340762041696,1
8118,Branch_9306,364,923,1041.6666666666667,1
8119,Branch_9307,364,365,4.1363335539377895,1
8120,Branch_9308,6389,6396,73.96449704142012,1
8121,Branch_9309,6770,6769,9.69274013763691,1
8122,Branch_9310,6770,7594,1408.4507042253522,1
8123,Branch_9311,7177,7186,48.33252779120348,1
8124,Branch_9312,7177,7178,235.2941176470588,1
8125,Branch_9313,7188,7178,61.53846153846154,1
8126,Branch_9314,7175,7178,7.928327915642591,1
8127,Branch_9315,7173,7171,7.52049334436339,1
8128,Branch_9317,7180,7183,34.940600978336825,1
8129,Branch_9318,7172,7182,34.940600978336825,1
8130,Branch_9319,7174,7181,34.940600978336825,1
8131,Branch_9320,6894,7171,58.445353594389246,1
8132,Branch_9321,6868,7171,29.507229271171436,1
8133,Branch_9322,7177,7503,21.34927412467976,1
8134,Branch_9323,7177,7533,75.8150113722517,1
8135,Branch_9324,7177,7533,76.10350076103501,1
8136,Branch_9325,7171,7498,36.46973012399708,1
8137,Branch_9327,7171,7187,2000.0,1
8138,Branch_9328,7171,7189,2000.0,1
8139,Branch_9329,7186,7187,9.385265133740027,1
8140,Branch_9330,7171,7180,1538.4615384615386,1
8141,Branch_9331,7171,7174,1538.4615384615386,1
8142,Branch_9332,7188,7189,9.385265133740027,1
8143,Branch_9333,7171,7172,1538.4615384615386,1
8144,Branch_9334,7177,7446,57.37234652897303,1
8145,Branch_9335,7184,7185,-49.6031746031746,1
8146,Branch_9336,7177,7185,2000.0,1
8147,Branch_9337,6894,7171,58.445353594389246,1
8148,Branch_9339,4616,5040,2000.0,1
8149,Branch_9341,8155,8613,564.9717514124294,1
8150,Branch_9343,7775,8613,174.21602787456445,1
8151,Branch_9344,4616,4636,2000.0,1
8152,Branch_9345,4616,4637,2000.0,1
8153,Branch_9346,5772,6347,2.7873010563871006,1
8154,Branch_9347,5845,5979,2000.0,1
8155,Branch_9348,2859,5106,485.43689320388347,1
8156,Branch_9349,2267,2266,8.908685968819599,1
8157,Branch_9350,2267,2568,793.6507936507936,1
8158,Branch_9351,2760,2761,2000.0,1
8159,Branch_9352,5796,6020,168.0672268907563,1
8160,Branch_9353,5796,6441,11.75226231049477,1
8161,Branch_9354,5796,5813,18.198362147406733,1
8162,Branch_9355,3184,3448,8.670770831526923,1
8163,Branch_9358,2039,2040,3.5855145213338115,1
8164,Branch_9360,7388,7483,5.164755707055057,1
8165,Branch_9361,7386,7388,2000.0,1
8166,Branch_9362,6687,7386,61.53846153846154,1
8167,Branch_9363,6918,7031,80.25682182985554,1
8168,Branch_9364,1103,1104,141.84397163120568,1
8169,Branch_9365,1105,1106,140.4494382022472,1
8170,Branch_9366,4851,4854,14.729709824716453,1
8171,Branch_9367,4851,4855,14.3348623853211,1
8172,Branch_9368,4568,4851,2000.0,1
8173,Branch_9369,8912,9285,15.45833977430824,1
8174,Branch_9371,8466,8824,261.0966057441253,1
8175,Branch_9372,8466,8824,261.0966057441253,1
8176,Branch_9374,166,171,404.8582995951417,1
8177,Branch_9375,2900,3770,2000.0,1
8178,Branch_9376,3768,3767,46.53327128897161,1
8179,Branch_9377,3769,3767,-458.7155963302752,1
8180,Branch_9378,3773,3767,8.960573476702509,1
8181,Branch_9379,3768,3772,46.403712296983755,1
8182,Branch_9380,3770,3772,-450.45045045045043,1
8183,Branch_9381,3771,3772,9.000090000900009,1
8184,Branch_9382,5298,5620,2000.0,1
8185,Branch_9383,5298,5621,2000.0,1
8186,Branch_9384,2448,2449,22.055580061755624,1
8187,Branch_9385,2450,2449,-154.79876160990713,1
8188,Branch_9386,2451,2449,7.4766355140186915,1
8189,Branch_9387,3209,3751,198.80715705765408,1
8190,Branch_9388,7775,7777,49.75124378109453,1
8191,Branch_9389,7774,7777,-555.5555555555555,1
8192,Branch_9390,7778,7777,6.784260515603799,1
8193,Branch_9391,7775,7776,49.75124378109453,1
8194,Branch_9392,7774,7776,-555.5555555555555,1
8195,Branch_9393,7779,7776,6.784260515603799,1
8196,Branch_9394,5243,5461,20.669698222405952,1
8197,Branch_9395,5379,5461,19.98800719568259,1
8198,Branch_9396,5461,5537,23.963575365444523,1
8199,Branch_9397,4567,4569,98.61932938856016,1
8200,Branch_9398,9656,9657,9.1000091000091,1
8201,Branch_9399,9656,9658,9.1000091000091,1
8202,Branch_9400,9659,9660,14.070634585619812,1
8203,Branch_9401,5774,6295,3.9619651347068148,1
8204,Branch_9402,5774,6400,16.611295681063122,1
8205,Branch_9405,3228,9088,32.1853878339234,1
8206,Branch_9406,74,1513,15.288182235132243,1
8207,Branch_9407,700,702,2000.0,1
8208,Branch_9408,699,701,2000.0,1
8209,Branch_9409,7162,7160,15.358623867301489,1
8210,Branch_9410,7163,7161,15.358623867301489,1
8211,Branch_9411,7164,7157,36.85956505713233,1
8212,Branch_9412,7158,7156,13.535462912831619,1
8213,Branch_9413,7156,7164,2000.0,1
8214,Branch_9417,6996,7156,24.521824423737126,1
8215,Branch_9418,6060,6297,10.658708164570454,1
8216,Branch_9419,556,1430,9.25925925925926,1
8217,Branch_9420,9644,9645,56.21135469364812,1
8218,Branch_9421,4173,4176,5.717552887364208,1
8219,Branch_9422,4174,4176,-100.0,1
8220,Branch_9423,4175,4176,3.2562683165092805,1
8221,Branch_9424,9004,9003,7.162810686913545,1
8222,Branch_9425,6326,6469,621.1180124223603,1
8223,Branch_9426,6169,6326,98.61932938856016,1
8224,Branch_9427,7820,7844,273.224043715847,1
8225,Branch_9428,7820,7819,4.780114722753346,1
8226,Branch_9429,7820,7819,4.780114722753346,1
8227,Branch_9430,3723,3867,2000.0,1
8228,Branch_9431,2972,3419,36.67033370003667,1
8229,Branch_9432,3419,4671,49.97501249375313,1
8230,Branch_9433,3281,3546,2000.0,1
8231,Branch_9434,5440,5531,16.283992835043154,1
8232,Branch_9435,6895,7298,6.622955162593549,1
8233,Branch_9436,6867,7273,64.9772579597141,1
8234,Branch_9437,6867,6869,2000.0,1
8235,Branch_9438,6868,6869,2000.0,1
8236,Branch_9439,7126,7128,2000.0,1
8237,Branch_9440,7127,7126,43.49717268377555,1
8238,Branch_9441,6676,7126,54.94505494505494,1
8239,Branch_9443,7127,7129,2000.0,1
8240,Branch_9444,692,1008,21.468441391155004,1
8241,Branch_9445,1750,2659,79.11392405063292,1
8242,Branch_9446,1864,1871,45.64125969876768,1
8243,Branch_9447,1757,2575,23.391812865497077,1
8244,Branch_9448,6021,6480,17.304031839418585,1
8245,Branch_9449,6020,6021,2000.0,1
8246,Branch_9450,3107,4209,26.462026991267532,1
8247,Branch_9451,3093,3107,66.53359946773121,1
8248,Branch_9454,2708,4771,2000.0,1
8249,Branch_9455,6914,6915,5.720823798627002,1
8250,Branch_9458,66,1102,102.24948875255623,1
8251,Branch_9459,66,1102,101.5228426395939,1
8252,Branch_9460,8578,8577,13.22576378785875,1
8253,Branch_9461,994,999,-354.6099290780142,1
8254,Branch_9462,992,999,58.17335660267597,1
8255,Branch_9463,1002,999,10.439503079653408,1
8256,Branch_9464,994,998,-847.457627118644,1
8257,Branch_9465,992,998,65.27415143603133,1
8258,Branch_9466,991,998,9.789525208027412,1
8259,Branch_9467,994,1000,-250.6265664160401,1
8260,Branch_9468,992,1000,55.005500550055004,1
8261,Branch_9469,1001,1000,10.640561821664184,1
8262,Branch_9470,994,997,2000.0,1
8263,Branch_9471,994,996,2000.0,1
8264,Branch_9472,993,997,1886.7924528301887,1
8265,Branch_9473,995,996,2000.0,1
8266,Branch_9474,66,992,122.69938650306749,1
8267,Branch_9475,66,992,122.69938650306749,1
8268,Branch_9476,143,992,123.45679012345678,1
8269,Branch_9477,143,992,123.45679012345678,1
8270,Branch_9478,6989,7237,2000.0,1
8271,Branch_9480,2203,2202,2.66865926558497,1
8272,Branch_9481,7737,7738,44.96402877697842,1
8273,Branch_9482,7734,7738,440.52863436123346,1
8274,Branch_9483,7735,7738,6.0960741282613995,1
8275,Branch_9484,7737,7739,90.00900090009002,1
8276,Branch_9485,7734,7739,265.2519893899204,1
8277,Branch_9486,7736,7739,13.35826876836762,1
8278,Branch_9487,7737,7740,69.97900629811056,1
8279,Branch_9488,7734,7740,69.01311249137336,1
8280,Branch_9489,7741,7740,5.138482092389908,1
8281,Branch_9491,7149,7251,8.180628272251308,1
8282,Branch_9493,8070,8069,12.007684918347742,1
8283,Branch_9495,7700,7703,12.727504136438844,1
8284,Branch_9496,7700,7707,12.727504136438844,1
8285,Branch_9497,7700,7704,17.711654268508678,1
8286,Branch_9498,7701,7702,12.727504136438844,1
8287,Branch_9499,7701,7705,12.727504136438844,1
8288,Branch_9500,7701,7706,17.711654268508678,1
8289,Branch_9501,9330,9336,79.93605115907275,1
8290,Branch_9504,9330,9336,80.45052292839904,1
8291,Branch_9505,5583,5585,7.519927808693036,1
8292,Branch_9506,5583,5586,71.42857142857143,1
8293,Branch_9507,5583,5584,70.87172218284904,1
8294,Branch_9509,5929,6332,176.3668430335097,1
8295,Branch_9510,5929,6438,12.600806451612904,1
8296,Branch_9511,3107,4510,2000.0,1
8297,Branch_9512,9254,9255,18.740629685157423,1
8298,Branch_9513,9254,9257,21.77226213803614,1
8299,Branch_9514,9256,9255,2.606678309829784,1
8300,Branch_9515,9257,9255,-130.89005235602093,1
8301,Branch_9516,9257,9297,628.930817610063,1
8302,Branch_9517,9257,9297,847.457627118644,1
8303,Branch_9518,8939,9254,27.88622420524261,1
8304,Branch_9519,8942,9254,34.094783498124784,1
8305,Branch_9520,4238,4759,171.82130584192439,1
8306,Branch_9521,2720,4759,33.32222592469177,1
8307,Branch_9522,2721,4758,33.32222592469177,1
8308,Branch_9523,6625,6624,13.914011409489357,1
8309,Branch_9525,2805,2806,8.333333333333334,1
8310,Branch_9526,2805,2811,9.261831990367694,1
8311,Branch_9527,2805,2808,13.640703860319192,1
8312,Branch_9528,2805,2809,9.602458229306702,1
8313,Branch_9529,2805,2812,1.1577692102856216,1
8314,Branch_9530,2805,3977,14.9678191887442,1
8315,Branch_9531,9676,9677,10.646225912913872,1
8316,Branch_9532,9675,9677,-71.07320540156361,1
8317,Branch_9533,9678,9677,2.3710166919575113,1
8318,Branch_9534,3363,4073,353.35689045936397,1
8319,Branch_9535,7770,8516,162.86644951140065,1
8320,Branch_9536,8496,8516,194.55252918287937,1
8321,Branch_9538,6947,7262,684.931506849315,1
8322,Branch_9539,2127,2128,5.203996669442132,1
8323,Branch_9540,6978,7120,8.554319931565441,1
8324,Branch_9541,3416,3415,7.017543859649122,1
8325,Branch_9542,3416,3415,7.661074082586379,1
8326,Branch_9543,3416,3503,4.705882352941177,1
8327,Branch_9544,2837,4134,2000.0,1
8328,Branch_9545,3415,4163,14.992503748125937,1
8329,Branch_9546,3176,3175,13.648150675583459,1
8330,Branch_9547,3175,4073,17.84439685938615,1
8331,Branch_9548,3176,5108,91.74311926605505,1
8332,Branch_9549,3176,4314,15.620118712902219,1
8333,Branch_9550,3176,4513,2.513004799839168,1
8334,Branch_9551,3176,3967,2.6062027625749282,1
8335,Branch_9552,2002,2159,2000.0,1
8336,Branch_9553,9519,9520,62.814070351758794,1
8337,Branch_9554,9519,9523,88.96797153024912,1
8338,Branch_9555,9520,9521,230.4147465437788,1
8339,Branch_9556,3700,4019,64.47453255963894,1
8340,Branch_9557,5828,6452,42.78990158322636,1
8341,Branch_9558,2874,2875,11.381743683132257,1
8342,Branch_9559,2873,2875,5.899705014749262,1
8343,Branch_9560,2877,2875,-11.381743683132257,1
8344,Branch_9561,2874,2876,4.209994527007115,1
8345,Branch_9562,2873,2876,-22.537750732476898,1
8346,Branch_9563,2878,2876,1.0840460936399017,1
8347,Branch_9564,6907,7038,313.47962382445144,1
8348,Branch_9567,6907,6908,8.710801393728223,1
8349,Branch_9568,1168,1528,165.56291390728478,1
8350,Branch_9569,5763,5942,23.1000231000231,1
8351,Branch_9570,5763,6441,50.505050505050505,1
8352,Branch_9573,1589,1590,2000.0,1
8353,Branch_9577,6447,6468,132.27513227513228,1
8354,Branch_9578,6468,6466,11.669973159061735,1
8355,Branch_9579,6468,6467,11.556685542586386,1
8356,Branch_9580,5824,6210,12.751849018107626,1
8357,Branch_9581,600,789,12.853470437017995,1
8358,Branch_9582,600,1647,4.515692029803567,1
8359,Branch_9583,5475,5476,5.807200929152149,1
8360,Branch_9584,8043,8044,4.752851711026616,1
8361,Branch_9585,8254,8442,26.737967914438503,1
8362,Branch_9586,8443,8442,9.601536245799329,1
8363,Branch_9587,6656,7394,232.5581395348837,1
8364,Branch_9588,8548,8547,2.3245542667193564,1
8365,Branch_9589,7927,8548,2000.0,1
8366,Branch_9590,6656,6655,3.7158145065398336,1
8367,Branch_9591,7081,7102,1785.7142857142858,1
8368,Branch_9592,7708,7866,18.37897445322551,1
8369,Branch_9593,7708,8140,151.5151515151515,1
8370,Branch_9594,1773,1774,225.22522522522522,1
8371,Branch_9595,1889,2263,25.906735751295336,1
8372,Branch_9596,1774,1872,85.17887563884156,1
8373,Branch_9597,1872,1920,65.91957811470007,1
8374,Branch_9598,1870,2044,185.5287569573284,1
8375,Branch_9599,1870,2044,184.50184501845018,1
8376,Branch_9600,2160,2637,113.25028312570781,1
8377,Branch_9601,1785,2160,71.12375533428165,1
8378,Branch_9602,480,1169,363.6363636363636,1
8379,Branch_9603,480,1370,606.060606060606,1
8380,Branch_9604,319,1169,1587.3015873015872,1
8381,Branch_9609,8973,9218,101.21457489878543,1
8382,Branch_9610,8973,9127,33.921302578018995,1
8383,Branch_9611,9127,9243,43.84042086804033,1
8384,Branch_9612,8973,8974,10.673497705197994,1
8385,Branch_9613,8974,9479,4.985293384515678,1
8386,Branch_9615,9099,9097,10.621348911311737,1
8387,Branch_9619,9098,9099,2000.0,1
8388,Branch_9620,9097,9234,645.1612903225806,1
8389,Branch_9621,5961,9099,7.548878991469767,1
8390,Branch_9622,1099,1100,2000.0,1
8391,Branch_9623,7131,7461,9.7551458394303,1
8392,Branch_9624,7215,7461,19.801980198019802,1
8393,Branch_9625,7461,7613,96.06147934678194,1
8394,Branch_9626,6954,7461,23.364485981308412,1
8395,Branch_9627,9674,9673,15.394088669950738,1
8396,Branch_9629,9519,9674,2000.0,1
8397,Branch_9630,6694,6692,22.90950744558992,1
8398,Branch_9631,6695,6693,22.81021897810219,1
8399,Branch_9632,6862,7153,2000.0,1
8400,Branch_9633,6991,7154,161.81229773462783,1
8401,Branch_9634,7152,7153,2000.0,1
8402,Branch_9635,7504,7503,33.211557622052474,1
8403,Branch_9636,7505,7503,23.4246896228625,1
8404,Branch_9637,7446,7503,27.979854504756574,1
8405,Branch_9638,6690,7504,510.2040816326531,1
8406,Branch_9639,6690,7505,529.1005291005291,1
8407,Branch_9640,7574,7583,2000.0,1
8408,Branch_9641,6991,7295,126.74271229404309,1
8409,Branch_9642,7583,7582,13.297872340425531,1
8410,Branch_9643,7262,7364,104.27528675703859,1
8411,Branch_9644,8676,8756,751.8796992481203,1
8412,Branch_9645,837,1098,229.3577981651376,1
8413,Branch_9646,3144,4447,16.105653084232564,1
8414,Branch_9647,2992,3144,2.928000468480075,1
8415,Branch_9648,3904,4513,7.752538956508256,1
8416,Branch_9649,5754,5889,45.16711833785005,1
8417,Branch_9650,4628,4634,2000.0,1
8418,Branch_9651,4628,4645,2000.0,1
8419,Branch_9652,9357,9356,32.74394237066143,1
8420,Branch_9653,9357,9355,20.50020500205002,1
8421,Branch_9654,9357,9354,20.597322348094746,1
8422,Branch_9655,4634,4633,29.940119760479043,1
8423,Branch_9656,4634,4631,18.231540565177756,1
8424,Branch_9657,4634,4632,18.20167455405897,1
8425,Branch_9658,4645,4644,29.559562518474728,1
8426,Branch_9659,4645,4643,17.99208348326736,1
8427,Branch_9660,4645,4646,17.879492222420883,1
8428,Branch_9661,6958,7615,76.62835249042145,1
8429,Branch_9662,7199,7615,120.62726176115802,1
8430,Branch_9663,3144,3904,2000.0,1
8431,Branch_9664,6618,6619,2000.0,1
8432,Branch_9665,6619,6620,6.306363120388472,1
8433,Branch_9666,6619,6620,6.306363120388472,1
8434,Branch_9667,6654,7329,12.575452716297786,1
8435,Branch_9670,1986,2208,102.45901639344262,1
8436,Branch_9671,4438,5148,2000.0,1
8437,Branch_9672,294,1646,452.4886877828054,1
8438,Branch_9673,294,788,144.50867052023122,1
8439,Branch_9674,7129,7572,561.7977528089888,1
8440,Branch_9675,9045,9196,74.4047619047619,1
8441,Branch_9676,5894,5942,40.16064257028113,1
8442,Branch_9677,5894,5987,79.30214115781126,1
8443,Branch_9678,9070,9069,9.380863039399625,1
8444,Branch_9679,9070,9133,9.539254030334828,1
8445,Branch_9680,8939,9069,10.058338362502514,1
8446,Branch_9681,311,312,2000.0,1
8447,Branch_9682,8845,8844,13.28374070138151,1
8448,Branch_9683,8095,8845,2000.0,1
8449,Branch_9684,2194,2361,13.659336156262805,1
8450,Branch_9685,2361,6983,9.40999341300461,1
8451,Branch_9686,2360,2367,44.18912947414936,1
8452,Branch_9687,2360,6764,164.74464579901152,1
8453,Branch_9688,2360,2361,20.716801325875284,1
8454,Branch_9689,2360,6980,69.54102920723227,1
8455,Branch_9690,7947,7951,9.94431185361973,1
8456,Branch_9691,7946,7948,9.875567845151096,1
8457,Branch_9692,7947,7952,9.909820632246557,1
8458,Branch_9693,7946,7950,9.791442279447763,1
8459,Branch_9694,7946,7949,9.754194303550527,1
8460,Branch_9695,7876,7946,2000.0,1
8461,Branch_9696,7667,7788,2000.0,1
8462,Branch_9697,7664,8111,126.10340479192938,1
8463,Branch_9698,7788,8111,2000.0,1
8464,Branch_9699,7662,7664,208.33333333333334,1
8465,Branch_9701,7667,7668,10.54407423028258,1
8466,Branch_9702,7664,7665,10.513036164844408,1
8467,Branch_9703,7662,7663,10.513036164844408,1
8468,Branch_9704,7662,7666,10.513036164844408,1
8469,Branch_9705,8916,9187,14.025245441795231,1
8470,Branch_9706,7219,7220,4.277891854893908,1
8471,Branch_9707,7219,7221,4.277891854893908,1
8472,Branch_9708,7219,7222,4.277891854893908,1
8473,Branch_9709,7219,7223,4.277891854893908,1
8474,Branch_9710,6955,6954,23.752969121140143,1
8475,Branch_9711,6954,7219,719.4244604316547,1
8476,Branch_9712,6788,6954,632.9113924050633,1
8477,Branch_9713,6954,7146,22.670596236681025,1
8478,Branch_9714,6811,6954,141.84397163120568,1
8479,Branch_9715,2558,2557,8.402655239055541,1
8480,Branch_9717,8136,8183,35.486160397445,1
8481,Branch_9718,8136,8209,35.1741118536757,1
8482,Branch_9719,7827,7848,16.94628029147602,1
8483,Branch_9720,1766,1765,19.443904335990666,1
8484,Branch_9721,6618,6993,77.39938080495357,1
8485,Branch_9723,6631,6630,6.242976651267324,1
8486,Branch_9724,7192,7193,9.178522257916475,1
8487,Branch_9725,7192,7193,9.178522257916475,1
8488,Branch_9726,6631,7192,2000.0,1
8489,Branch_9727,9444,9633,149.03129657228018,1
8490,Branch_9728,6793,7643,2000.0,1
8491,Branch_9729,7643,7641,11.503508570113885,1
8492,Branch_9730,7643,7642,11.503508570113885,1
8493,Branch_9731,5860,6041,39.69829297340215,1
8494,Branch_9732,5754,6041,17.6056338028169,1
8495,Branch_9733,6955,7545,46.36068613815485,1
8496,Branch_9734,6480,6482,259.7402597402597,1
8497,Branch_9735,504,1006,141.84397163120568,1
8498,Branch_9737,306,307,8.655011251514628,1
8499,Branch_9738,304,306,729.92700729927,1
8500,Branch_9739,1220,1221,95.14747859181732,1
8501,Branch_9740,1222,1223,95.14747859181732,1
8502,Branch_9741,1009,1220,156.98587127158555,1
8503,Branch_9742,1010,1223,156.98587127158555,1
8504,Branch_9743,3866,3971,2.630402188494621,1
8505,Branch_9744,389,1571,41.597337770382694,1
8506,Branch_9746,9373,9371,8.878629139660836,1
8507,Branch_9747,9373,9372,8.878629139660836,1
8508,Branch_9748,9391,9389,7.501875468867217,1
8509,Branch_9749,9391,9390,7.501875468867217,1
8510,Branch_9750,5921,6323,29.061319383900027,1
8511,Branch_9751,7321,7331,163.9344262295082,1
8512,Branch_9752,7559,7561,22.716946842344388,1
8513,Branch_9753,7560,7562,22.716946842344388,1
8514,Branch_9754,7273,7321,75.7002271006813,1
8515,Branch_9755,7273,7559,2000.0,1
8516,Branch_9756,7273,7560,2000.0,1
8517,Branch_9757,6719,7273,104.0582726326743,1
8518,Branch_9758,7862,7908,180.18018018018017,1
8519,Branch_9759,7902,7908,23.228803716608596,1
8520,Branch_9760,4791,4792,10.594342621040365,1
8521,Branch_9761,4791,4793,10.583130489998942,1
8522,Branch_9762,4608,6516,65.31678641410842,1
8523,Branch_9763,8489,8488,10.658708164570454,1
8524,Branch_9764,8490,8488,10.984182776801406,1
8525,Branch_9765,9580,9581,7.5392038600723765,1
8526,Branch_9766,496,1707,2000.0,1
8527,Branch_9767,496,497,77.82101167315174,1
8528,Branch_9768,496,498,77.82101167315174,1
8529,Branch_9769,496,499,-148.3679525222552,1
8530,Branch_9770,490,497,9.424182452172275,1
8531,Branch_9771,491,497,9.406452826639075,1
8532,Branch_9772,492,498,9.424182452172275,1
8533,Branch_9773,493,498,9.406452826639075,1
8534,Branch_9774,495,499,9.54653937947494,1
8535,Branch_9775,494,499,9.287638153617536,1
8536,Branch_9776,858,916,27.034333603676668,1
8537,Branch_9777,513,859,45.41326067211626,1
8538,Branch_9778,516,859,45.558086560364465,1
8539,Branch_9779,859,862,2000.0,1
8540,Branch_9780,859,861,2000.0,1
8541,Branch_9781,859,900,32.98153034300792,1
8542,Branch_9782,858,904,33.222591362126245,1
8543,Branch_9783,859,863,-231.4814814814815,1
8544,Branch_9784,860,863,53.50454788657036,1
8545,Branch_9785,864,863,10.278548668927947,1
8546,Branch_9786,858,867,-331.12582781456956,1
8547,Branch_9787,860,867,57.8368999421631,1
8548,Branch_9789,865,867,10.472300764477955,1
8549,Branch_9790,858,869,-781.25,1
8550,Branch_9791,860,869,65.23157208088715,1
8551,Branch_9793,870,869,9.848335631278314,1
8552,Branch_9794,859,868,-492.61083743842363,1
8553,Branch_9795,860,868,58.20721769499418,1
8554,Branch_9797,866,868,9.891196834817013,1
8555,Branch_9798,8317,8350,28.555111364934323,1
8556,Branch_9799,7483,7497,2000.0,1
8557,Branch_9808,8842,8843,24.685262898049864,1
8558,Branch_9809,8842,8841,9.937394415184338,1
8559,Branch_9810,6723,7149,96.99321047526674,1
8560,Branch_9811,6723,7117,3.7505156959081876,1
8561,Branch_9812,1435,1563,746.2686567164179,1
8562,Branch_9813,4880,4881,14.801657785671996,1
8563,Branch_9814,4880,4882,4.802151363810987,1
8564,Branch_9815,5839,5838,4.622353702505316,1
8565,Branch_9816,4947,4948,3.827751196172249,1
8566,Branch_9817,678,757,47.14757190004715,1
8567,Branch_9818,916,917,215.05376344086022,1
8568,Branch_9819,915,918,293.2551319648094,1
8569,Branch_9820,899,918,71.89072609633357,1
8570,Branch_9821,4584,4589,2000.0,1
8571,Branch_9822,4584,4588,2000.0,1
8572,Branch_9823,4584,4590,2000.0,1
8573,Branch_9824,4053,4055,19.71608832807571,1
8574,Branch_9825,4053,4054,19.569471624266146,1
8575,Branch_9826,551,894,581.3953488372093,1
8576,Branch_9827,550,551,2000.0,1
8577,Branch_9828,564,974,4.479483963447411,1
8578,Branch_9829,564,692,4.1995632454224765,1
8579,Branch_9830,308,370,657.8947368421053,1
8580,Branch_9833,908,1680,13.345789403443213,1
8581,Branch_9834,804,908,11.571395510298542,1
8582,Branch_9835,648,837,71.94244604316546,1
8583,Branch_9836,704,1216,8.976660682226212,1
8584,Branch_9837,704,944,9.182736455463727,1
8585,Branch_9838,7020,7019,9.63948332369385,1
8586,Branch_9839,6681,7020,847.457627118644,1
8587,Branch_9840,363,361,16.5892501658925,1
8588,Branch_9841,363,362,16.5892501658925,1
8589,Branch_9842,363,537,367.6470588235294,1
8590,Branch_9843,5595,5606,20.060180541624874,1
8591,Branch_9844,5287,5288,5.2854122621564485,1
8592,Branch_9845,5901,6331,12.790995139421847,1
8593,Branch_9846,3154,3515,5.14827018121911,1
8594,Branch_9847,9183,9184,10.650761529449355,1
8595,Branch_9849,8932,8999,2000.0,1
8596,Branch_9850,175,174,9.42951438000943,1
8597,Branch_9851,5413,5587,90.9090909090909,1
8598,Branch_9852,3116,4171,239.8081534772182,1
8599,Branch_9853,3092,3116,132.80212483399734,1
8600,Branch_9854,6779,6781,9.469696969696969,1
8601,Branch_9855,6780,6781,0.7369957106849638,1
8602,Branch_9856,6778,6781,-27.389756231169542,1
8603,Branch_9857,6779,7534,15.008254539996999,1
8604,Branch_9858,6778,7491,3.9813672014969943,1
8605,Branch_9859,9027,9352,12.16397031991242,1
8606,Branch_9860,7361,7362,2000.0,1
8607,Branch_9861,6719,7362,289.8550724637681,1
8608,Branch_9862,6803,7533,175.43859649122808,1
8609,Branch_9863,8008,8088,13.014055179593962,1
8610,Branch_9864,6910,6993,69.7350069735007,1
8611,Branch_9865,6950,7033,8.15594160345812,1
8612,Branch_9866,4963,4962,23.245002324500234,1
8613,Branch_9867,8931,9207,7.245326764237067,1
8614,Branch_9868,8931,9245,10.937329104232747,1
8615,Branch_9869,4426,5098,37.299515106303616,1
8616,Branch_9872,2992,4875,8.426729586247577,1
8617,Branch_9873,6914,7269,8.32639467110741,1
8618,Branch_9874,6955,7269,1.8742034635280005,1
8619,Branch_9875,7269,7418,5.170630816959669,1
8620,Branch_9876,6410,6414,1315.7894736842106,1
8621,Branch_9877,653,654,2000.0,1
8622,Branch_9878,655,656,2000.0,1
8623,Branch_9879,654,900,118.2033096926714,1
8624,Branch_9882,6738,6883,429.18454935622316,1
8625,Branch_9883,4791,5193,250.6265664160401,1
8626,Branch_9884,1387,1388,3.069085105729982,1
8627,Branch_9885,3528,3637,3.0365601846228594,1
8628,Branch_9886,3527,5172,68.4931506849315,1
8629,Branch_9887,3353,3526,25.588536335721596,1
8630,Branch_9888,4829,4831,12.802458071949815,1
8631,Branch_9889,4829,4832,8.156606851549755,1
8632,Branch_9890,4830,4829,42.3728813559322,1
8633,Branch_9891,4813,4830,182.14936247723134,1
8634,Branch_9894,6729,6942,49.82561036372696,1
8635,Branch_9907,6759,6986,16.9061707523246,1
8636,Branch_9908,6759,7443,3.006795357507968,1
8637,Branch_9910,6803,7496,416.6666666666667,1
8638,Branch_9911,8633,8631,11.559357299734135,1
8639,Branch_9912,8633,8632,11.469205184080744,1
8640,Branch_9913,8595,8633,990.0990099009902,1
8641,Branch_9914,402,394,4.738887309259786,1
8642,Branch_9915,402,395,4.738887309259786,1
8643,Branch_9916,402,396,4.738887309259786,1
8644,Branch_9917,402,397,4.738887309259786,1
8645,Branch_9918,402,398,4.738887309259786,1
8646,Branch_9919,402,399,4.738887309259786,1
8647,Branch_9920,402,400,4.738887309259786,1
8648,Branch_9921,402,401,4.738887309259786,1
8649,Branch_9922,6954,7520,9.636696540425943,1
8650,Branch_9923,8690,8688,9.723842862699339,1
8651,Branch_9924,8690,8689,11.469205184080744,1
8652,Branch_9925,8595,8690,869.5652173913044,1
8653,Branch_9926,9006,9009,46.81647940074907,1
8654,Branch_9927,9008,9009,-507.61421319796955,1
8655,Branch_9928,9007,9009,5.130573085013596,1
8656,Branch_9929,1076,1282,495.0495049504951,1
8657,Branch_9930,1580,1585,3.1187624750499,1
8658,Branch_9931,4106,4257,187.6172607879925,1
8659,Branch_9932,52,1585,149.03129657228018,1
8660,Branch_9933,3270,4106,111.48272017837235,1
8661,Branch_9934,3607,3877,85.32423208191126,1
8662,Branch_9935,3877,4785,2000.0,1
8663,Branch_9936,3207,4749,238.6634844868735,1
8664,Branch_9937,3208,4750,238.6634844868735,1
8665,Branch_9938,3815,4750,140.8450704225352,1
8666,Branch_9939,4750,4752,85.6898029134533,1
8667,Branch_9940,4749,4751,85.6898029134533,1
8668,Branch_9941,3134,3786,5.297732570459843,1
8669,Branch_9942,3062,3787,30.864197530864196,1
8670,Branch_9943,3515,3786,5.169027189083015,1
8671,Branch_9944,3786,3787,11.538017768547364,1
8672,Branch_9945,6860,6901,172.1170395869191,1
8673,Branch_9946,6901,7396,31.017369727047146,1
8674,Branch_9947,6883,6901,58.03830528148578,1
8675,Branch_9948,126,1633,129.19896640826875,1
8676,Branch_9949,1633,1634,2.8827582230678312,1
8677,Branch_9950,1633,1635,2.7092194738695783,1
8678,Branch_9951,1147,1155,15.89825119236884,1
8679,Branch_9952,1148,1152,21.41327623126338,1
8680,Branch_9953,1148,1150,21.41327623126338,1
8681,Branch_9954,1148,1149,21.41327623126338,1
8682,Branch_9955,1148,1154,21.41327623126338,1
8683,Branch_9956,1147,1153,21.41327623126338,1
8684,Branch_9957,1147,1151,26.939655172413794,1
8685,Branch_9958,985,984,16.452780519907865,1
8686,Branch_9959,987,986,16.469038208168644,1
8687,Branch_9960,988,989,16.488046166529266,1
8688,Branch_9961,8160,8873,118.76484560570071,1
8689,Branch_9962,3429,3427,46.21072088724584,1
8690,Branch_9963,3428,3427,-467.2897196261682,1
8691,Branch_9964,3430,3427,8.97102359379205,1
8692,Branch_9965,3133,4051,68.54009595613434,1
8693,Branch_9966,2054,2474,74.96251874062969,1
8694,Branch_9968,479,2474,23.266635644485806,1
8695,Branch_9970,1127,2474,10.82485386447283,1
8696,Branch_9971,7821,7995,11.927480916030534,1
8697,Branch_9972,7282,7283,1.6171286264109448,1
8698,Branch_9973,7282,7284,2.3214244260278107,1
8699,Branch_9974,6394,6397,41.084634346754314,1
8700,Branch_9976,4177,5168,5.359056806002144,1
8701,Branch_9978,3267,3602,63.57279084551812,1
8702,Branch_9979,3267,3265,10.620220900594733,1
8703,Branch_9980,3265,3264,2000.0,1
8704,Branch_9981,3264,4786,24.131274131274132,1
8705,Branch_9982,52,974,28.058361391694724,1
8706,Branch_9983,83,1004,675.6756756756756,1
8707,Branch_9984,1581,1582,2000.0,1
8708,Branch_9985,1583,1584,2000.0,1
8709,Branch_9986,5767,6283,432.9004329004329,1
8710,Branch_9987,5767,5768,10.498687664041995,1
8711,Branch_9988,5767,5769,10.50089257586895,1
8712,Branch_9989,5966,6283,2000.0,1
8713,Branch_9990,389,505,306.7484662576687,1
8714,Branch_9991,505,923,67.11409395973155,1
8715,Branch_9992,7257,7392,19.406171162429654,1
8716,Branch_9993,7203,7392,81.36696501220504,1
8717,Branch_9994,1812,2092,33.61344537815126,1
8718,Branch_9996,1812,1890,67.11409395973155,1
8719,Branch_9997,1761,2676,2000.0,1
8720,Branch_9998,1761,2086,75.75757575757575,1
8721,Branch_9999,1914,2192,125.62814070351759,1
8722,Branch_10000,715,1232,246.91358024691357,1
8723,Branch_10001,937,1232,153.60983102918587,1
8724,Branch_10002,7718,7725,49.504950495049506,1
8725,Branch_10003,7724,7725,5.700929251467989,1
8726,Branch_10004,7723,7725,5.651313930488839,1
8727,Branch_10005,7718,7726,46.860356138706656,1
8728,Branch_10006,7721,7726,5.728689275893675,1
8729,Branch_10007,7722,7726,5.6840788950150625,1
8730,Branch_10008,7718,7727,44.28697962798937,1
8731,Branch_10009,7719,7727,5.626828719333783,1
8732,Branch_10010,7719,7727,5.566998830930245,1
8733,Branch_10011,7718,7728,135.13513513513513,1
8734,Branch_10012,7720,7728,6.120700208103807,1
8735,Branch_10013,7720,7728,6.1109753116597405,1
8736,Branch_10014,4014,4717,69.88120195667365,1
8737,Branch_10016,3005,3006,6.406149903907751,1
8738,Branch_10017,3004,3006,42.19409282700422,1
8739,Branch_10018,3007,3006,3.9401103230890464,1
8740,Branch_10019,194,1514,2000.0,1
8741,Branch_10020,8583,8584,46.04051565377532,1
8742,Branch_10021,8582,8584,-438.5964912280702,1
8743,Branch_10022,8586,8584,9.06947215672048,1
8744,Branch_10023,8583,8585,46.27487274409995,1
8745,Branch_10024,8582,8585,-460.8294930875576,1
8746,Branch_10025,8587,8585,8.916629514043692,1
8747,Branch_10026,6452,6457,16.35590448151783,1
8748,Branch_10028,8559,8560,105.70824524312897,1
8749,Branch_10029,8556,8560,8.203445447087777,1
8750,Branch_10030,8555,8560,8.203445447087777,1
8751,Branch_10031,8559,8561,105.70824524312897,1
8752,Branch_10032,8557,8561,8.203445447087777,1
8753,Branch_10033,8558,8561,8.203445447087777,1
8754,Branch_10034,2224,2237,23.277467411545622,1
8755,Branch_10035,6754,7413,49.23682914820286,1
8756,Branch_10036,1248,1249,79.55449482895784,1
8757,Branch_10037,753,1249,53.61930294906166,1
8758,Branch_10038,1246,1248,2000.0,1
8759,Branch_10039,1248,1253,87.18395815170008,1
8760,Branch_10040,1247,1255,87.7963125548727,1
8761,Branch_10041,2422,2672,57.077625570776256,1
8762,Branch_10042,4852,4854,27.731558513588464,1
8763,Branch_10043,1785,1797,38.55050115651503,1
8764,Branch_10044,4853,4855,27.731558513588464,1
8765,Branch_10045,2196,2431,86.88097306689835,1
8766,Branch_10047,2092,2637,24.92522432701894,1
8767,Branch_10048,2235,2637,53.022269353128316,1
8768,Branch_10049,2063,2638,58.61664712778429,1
8769,Branch_10050,2234,2638,44.24778761061947,1
8770,Branch_10051,2002,2643,41.52823920265781,1
8771,Branch_10054,2044,2643,107.29613733905579,1
8772,Branch_10055,1891,2643,75.35795026375283,1
8773,Branch_10056,9332,9404,227.27272727272728,1
8774,Branch_10057,388,962,2000.0,1
8775,Branch_10058,388,384,97.37098344693281,1
8776,Branch_10059,376,384,5.7224606580829755,1
8777,Branch_10060,377,384,5.657708628005658,1
8778,Branch_10061,388,385,97.37098344693281,1
8779,Branch_10062,378,385,5.7224606580829755,1
8780,Branch_10063,379,385,5.657708628005658,1
8781,Branch_10064,388,386,97.37098344693281,1
8782,Branch_10065,380,386,5.7224606580829755,1
8783,Branch_10066,381,386,5.657708628005658,1
8784,Branch_10067,388,387,97.37098344693281,1
8785,Branch_10068,382,387,5.7224606580829755,1
8786,Branch_10069,383,387,5.657708628005658,1
8787,Branch_10070,7035,7498,8.424599831508003,1
8788,Branch_10071,5962,5961,7.199424046076314,1
8789,Branch_10072,4870,4867,12.094823415578132,1
8790,Branch_10073,4870,4868,12.094823415578132,1
8791,Branch_10074,4869,4870,2000.0,1
8792,Branch_10075,9342,9360,104.71204188481676,1
8793,Branch_10076,9360,9373,282.4858757062147,1
8794,Branch_10077,9360,9391,137.7410468319559,1
8795,Branch_10078,7194,7196,301.2048192771084,1
8796,Branch_10079,7195,7196,301.2048192771084,1
8797,Branch_10080,7194,7197,301.2048192771084,1
8798,Branch_10081,7195,7197,301.2048192771084,1
8799,Branch_10082,5843,5921,16.363933889707084,1
8800,Branch_10083,5843,5859,40.04805766920305,1
8801,Branch_10084,6244,6496,2000.0,1
8802,Branch_10085,6496,6495,11.37397634212921,1
8803,Branch_10086,8501,8502,11.579434923575729,1
8804,Branch_10087,8501,8503,11.486331265793705,1
8805,Branch_10088,8466,8501,2000.0,1
8806,Branch_10089,6645,6939,2000.0,1
8807,Branch_10090,6939,6962,9.799118079372857,1
8808,Branch_10091,6986,7302,7.609191903819815,1
8809,Branch_10092,7964,8134,500.0,1
8810,Branch_10093,7864,8133,3.366096674296486,1
8811,Branch_10094,6800,7638,49.800796812749006,1
8812,Branch_10095,6535,6545,141.04372355430183,1
8813,Branch_10096,6545,6544,13.338668800853675,1
8814,Branch_10097,5599,5670,213.67521367521368,1
8815,Branch_10098,1201,1199,5.688282138794084,1
8816,Branch_10099,1200,1202,3.1746031746031744,1
8817,Branch_10100,1200,1204,4.8076923076923075,1
8818,Branch_10101,1200,1203,4.8076923076923075,1
8819,Branch_10102,1200,1202,4.8076923076923075,1
8820,Branch_10104,1199,1200,2000.0,1
8821,Branch_10105,7147,7265,58.13953488372093,1
8822,Branch_10106,6637,6948,500.0,1
8823,Branch_10107,6906,6949,40.816326530612244,1
8824,Branch_10108,1201,1266,6.25,1
8825,Branch_10109,1199,1527,97.18172983479106,1
8826,Branch_10110,891,1201,5.602240896358543,1
8827,Branch_10111,1167,1199,36.36363636363637,1
8828,Branch_10112,6949,7147,143.0615164520744,1
8829,Branch_10113,1201,1430,19.940179461615156,1
8830,Branch_10114,1201,7118,7.6923076923076925,1
8831,Branch_10115,1199,1406,7.424456158586383,1
8832,Branch_10116,1201,7393,3.9215686274509802,1
8833,Branch_10117,131,953,80.45052292839904,1
8834,Branch_10118,193,953,51.440329218106996,1
8835,Branch_10119,489,488,8.598452278589853,1
8836,Branch_10120,5570,5615,25.01876407305479,1
8837,Branch_10121,5438,5570,41.40786749482402,1
8838,Branch_10122,5536,5570,13.054830287206267,1
8839,Branch_10123,7253,7382,9.643201542912246,1
8840,Branch_10124,8155,8678,775.1937984496124,1
8841,Branch_10125,9153,9253,2000.0,1
8842,Branch_10126,8890,8895,46.27487274409995,1
8843,Branch_10127,8892,8895,-460.8294930875576,1
8844,Branch_10128,8896,8895,9.00657479960371,1
8845,Branch_10129,8891,8893,46.27487274409995,1
8846,Branch_10130,8892,8893,-460.8294930875576,1
8847,Branch_10131,8894,8893,9.00657479960371,1
8848,Branch_10132,9175,9176,5.935070330583417,1
8849,Branch_10133,9177,9176,-125.78616352201257,1
8850,Branch_10134,9178,9176,3.0825190345550384,1
8851,Branch_10135,9012,9096,1000.0,1
8852,Branch_10136,5734,5733,6.527415143603133,1
8853,Branch_10137,8589,8591,269.54177897574124,1
8854,Branch_10139,4444,4445,11.402508551881414,1
8855,Branch_10140,4446,4896,176.99115044247787,1
8856,Branch_10142,6993,6999,10.053282396702523,1
8857,Branch_10143,6993,6996,10.05631536604988,1
8858,Branch_10144,5775,6465,37.34129947722181,1
8859,Branch_10146,2699,4928,73.85524372230428,1
8860,Branch_10147,4928,4956,2000.0,1
8861,Branch_10148,4608,4928,59.630292188431724,1
8862,Branch_10149,5989,6014,140.8450704225352,1
8863,Branch_10150,5881,6014,123.30456226880395,1
8864,Branch_10151,8678,8679,17.105713308244955,1
8865,Branch_10155,5943,5947,37.72161448509996,1
8866,Branch_10156,5942,5947,-309.59752321981426,1
8867,Branch_10157,5945,5947,6.968155529231413,1
8868,Branch_10158,5943,5946,37.93626707132018,1
8869,Branch_10159,5942,5946,-319.4888178913738,1
8870,Branch_10160,5944,5946,6.3516260162601625,1
8871,Branch_10162,5942,6426,18.30831197363603,1
8872,Branch_10163,6638,6639,8.583690987124463,1
8873,Branch_10164,6638,6640,8.583690987124463,1
8874,Branch_10165,6787,7619,40.27386226339106,1
8875,Branch_10166,7506,7511,96.89922480620154,1
8876,Branch_10167,7508,7511,5.668291576918716,1
8877,Branch_10168,7507,7511,5.635390250774866,1
8878,Branch_10169,7506,7512,87.10801393728222,1
8879,Branch_10170,7510,7512,5.693463903438852,1
8880,Branch_10171,7509,7512,5.627778715740897,1
8881,Branch_10172,7499,7513,917.4311926605504,1
8882,Branch_10173,7513,7619,2000.0,1
8883,Branch_10174,7171,7619,29.472443265546715,1
8884,Branch_10175,7619,7620,271.00271002710025,1
8885,Branch_10176,5681,5682,45.187528242205154,1
8886,Branch_10177,5679,5682,-467.2897196261682,1
8887,Branch_10178,5683,5682,7.662248103593594,1
8888,Branch_10179,51,293,240.96385542168676,1
8889,Branch_10180,100,304,158.22784810126583,1
8890,Branch_10181,7412,7413,9.56846234810066,1
8891,Branch_10182,692,7059,2.959543046553612,1
8892,Branch_10185,6739,6800,2000.0,1
8893,Branch_10186,6741,6742,24.479804161566708,1
8894,Branch_10187,6739,6741,2000.0,1
8895,Branch_10188,3010,3013,46.51162790697674,1
8896,Branch_10189,3009,3013,-485.43689320388347,1
8897,Branch_10190,3011,3013,8.907892392659896,1
8898,Branch_10191,3010,3015,43.85964912280702,1
8899,Branch_10192,3012,3015,218.8183807439825,1
8900,Branch_10193,3014,3015,9.94431185361973,1
8901,Branch_10194,3620,3976,29.197080291970803,1
8902,Branch_10195,3976,4153,36.114120621162876,1
8903,Branch_10196,3868,3976,39.09304143862393,1
8904,Branch_10197,8290,8291,6.238303181534623,1
8905,Branch_10198,8290,8292,6.238303181534623,1
8906,Branch_10199,8284,8290,217.8649237472767,1
8907,Branch_10200,2843,2870,118.62396204033215,1
8908,Branch_10201,2843,3119,139.27576601671308,1
8909,Branch_10202,7479,7540,11.68360789811894,1
8910,Branch_10203,7603,7604,2000.0,1
8911,Branch_10204,7079,7093,4.512635379061372,1
8912,Branch_10205,6920,7332,35.27336860670194,1
8913,Branch_10213,6738,7391,135.8695652173913,1
8914,Branch_10214,7506,7513,2000.0,1
8915,Branch_10215,4000,4261,223.21428571428572,1
8916,Branch_10216,3185,4000,28.481913984619766,1
8917,Branch_10217,164,163,17.969451931716083,1
8918,Branch_10218,164,1251,78.06401249024199,1
8919,Branch_10219,5931,6009,3.8061888630913865,1
8920,Branch_10220,6859,6976,10.504201680672269,1
8921,Branch_10221,5483,5536,128.2051282051282,1
8922,Branch_10222,8389,8388,11.524720525527256,1
8923,Branch_10223,7962,8389,21.682567215958368,1
8924,Branch_10224,9297,9319,31.665611146295124,1
8925,Branch_10225,7240,7239,7.891414141414141,1
8926,Branch_10226,7239,7241,2000.0,1
8927,Branch_10227,6994,7240,16.663889351774703,1
8928,Branch_10228,6993,7239,34.129692832764505,1
8929,Branch_10230,816,1444,1282.051282051282,1
8930,Branch_10231,511,1455,7.974481658692185,1
8931,Branch_10232,508,511,42.7715996578272,1
8932,Branch_10234,6667,7050,746.2686567164179,1
8933,Branch_10235,6900,7429,31.416902293433868,1
8934,Branch_10239,7432,7427,46.468401486988846,1
8935,Branch_10240,7429,7427,-456.62100456621005,1
8936,Branch_10241,7426,7427,11.734334663224596,1
8937,Branch_10242,7434,7435,2000.0,1
8938,Branch_10243,6942,7429,11.634671320535196,1
8939,Branch_10244,7432,7434,-49.75124378109453,1
8940,Branch_10245,7432,7602,217.8649237472767,1
8941,Branch_10246,2507,2506,12.939958592132506,1
8942,Branch_10247,2507,2504,13.039509714434738,1
8943,Branch_10248,2507,2503,13.03780964797914,1
8944,Branch_10249,2507,2505,25.06265664160401,1
8945,Branch_10250,7983,7984,9.810654370646523,1
8946,Branch_10251,7983,7984,8.32639467110741,1
8947,Branch_10252,7984,8130,12.470382840753212,1
8948,Branch_10253,7848,7983,28.70264064293915,1
8949,Branch_10254,6974,7344,15.410695022345507,1
8950,Branch_10255,7134,7133,10.574177857671566,1
8951,Branch_10256,9517,9518,3.913894324853229,1
8952,Branch_10259,3354,3448,17.280110592707793,1
8953,Branch_10261,3188,3189,46.36068613815485,1
8954,Branch_10262,3187,3189,-452.4886877828054,1
8955,Branch_10263,3186,3189,9.317927692881103,1
8956,Branch_10264,8179,8256,37.878787878787875,1
8957,Branch_10265,8176,8256,41.928721174004195,1
8958,Branch_10266,759,898,32.84072249589491,1
8959,Branch_10267,759,1456,8.952551477170994,1
8960,Branch_10268,164,759,15.54243083618278,1
8961,Branch_10269,3156,4235,4.294425835265825,1
8962,Branch_10270,4274,4277,45.72473708276178,1
8963,Branch_10271,4273,4277,-425.531914893617,1
8964,Branch_10272,4275,4277,9.02608538676776,1
8965,Branch_10273,4274,4276,46.53327128897161,1
8966,Branch_10274,4273,4276,-483.09178743961354,1
8967,Branch_10275,4278,4276,8.958165367732688,1
8968,Branch_10276,3153,4273,35.7653791130186,1
8969,Branch_10277,3667,4273,104.82180293501048,1
8970,Branch_10278,5252,5572,357.14285714285717,1
8971,Branch_10279,3667,4542,48.732943469785575,1
8972,Branch_10280,8020,8162,2000.0,1
8973,Branch_10281,5921,6328,26.70940170940171,1
8974,Branch_10282,5940,6032,6.47542575924367,1
8975,Branch_10283,7021,7316,75.13148009015778,1
8976,Branch_10284,5764,6139,10.918222513374822,1
8977,Branch_10285,5826,6331,5.519068381257243,1
8978,Branch_10286,5786,5826,7.062146892655367,1
8979,Branch_10287,7009,7286,15.015015015015015,1
8980,Branch_10288,7316,7382,83.12551953449709,1
8981,Branch_10289,9027,9129,7.044734061289186,1
8982,Branch_10290,7271,7272,9.565716472163766,1
8983,Branch_10291,7271,7272,9.565716472163766,1
8984,Branch_10292,5772,6443,131.06159895150722,1
8985,Branch_10293,3320,4407,6.364967220418815,1
8986,Branch_10294,8925,9027,2000.0,1
8987,Branch_10295,3320,3930,9.69274013763691,1
8988,Branch_10296,3106,3930,18.58045336306206,1
8989,Branch_10297,5368,5670,46.57661853749418,1
8990,Branch_10298,5283,5670,21.602937999567942,1
8991,Branch_10299,788,1440,591.7159763313609,1
8992,Branch_10300,6920,6921,40.38772213247173,1
8993,Branch_10302,2700,2701,-39.354584809130266,1
8994,Branch_10303,2698,2699,-46.948356807511736,1
8995,Branch_10304,5771,6331,21.63097555699762,1
8996,Branch_10305,3444,3551,226.2443438914027,1
8997,Branch_10306,4865,4864,16.44195988161789,1
8998,Branch_10307,4865,4862,11.916110581506196,1
8999,Branch_10308,4865,4863,11.856770215793217,1
9000,Branch_10309,3389,5148,2000.0,1
9001,Branch_10310,6915,7290,25.70694087403599,1
9002,Branch_10311,5727,6285,480.7692307692308,1
9003,Branch_10312,5966,6285,2000.0,1
9004,Branch_10313,5786,9306,5.749108888122341,1
9005,Branch_10314,9404,9403,10.00300090027008,1
9006,Branch_10315,409,435,2000.0,1
9007,Branch_10316,435,434,11.429877700308607,1
9008,Branch_10317,435,436,16.02820964898221,1
9009,Branch_10318,790,1578,111.23470522803115,1
9010,Branch_10319,5319,5412,21.710811984368217,1
9011,Branch_10320,5685,5686,4.1363335539377895,1
9012,Branch_10321,5684,5685,2000.0,1
9013,Branch_10322,8821,8819,10.811979673478215,1
9014,Branch_10323,8821,8820,10.811979673478215,1
9015,Branch_10324,4956,4954,12.003360941063498,1
9016,Branch_10325,4956,4955,12.003360941063498,1
9017,Branch_10326,7195,7198,2000.0,1
9018,Branch_10327,4448,5148,56.21135469364812,1
9019,Branch_10328,8169,8234,340.13605442176873,1
9020,Branch_10329,8232,8234,8.298755186721992,1
9021,Branch_10330,8233,8234,8.298755186721992,1
9022,Branch_10331,3227,4177,4.2673039173849965,1
9023,Branch_10332,3227,4225,18.85014137606032,1
9024,Branch_10333,3227,3320,10.647359454855195,1
9025,Branch_10334,6450,6499,247.52475247524754,1
9026,Branch_10335,6499,6497,11.123470522803114,1
9027,Branch_10336,6499,6498,11.123470522803114,1
9028,Branch_10337,6423,6450,132.9787234042553,1
9029,Branch_10338,6450,6449,13.080444735120993,1
9030,Branch_10339,131,193,113.89521640091117,1
9031,Branch_10340,131,678,41.911148365465216,1
9032,Branch_10341,131,133,-333.3333333333333,1
9033,Branch_10342,130,133,55.5247084952804,1
9034,Branch_10343,132,133,9.498480243161094,1
9035,Branch_10344,131,134,203.2520325203252,1
9036,Branch_10345,130,134,105.04201680672269,1
9037,Branch_10346,135,134,11.88212927756654,1
9038,Branch_10347,794,795,2000.0,1
9039,Branch_10348,793,795,2000.0,1
9040,Branch_10349,791,794,2000.0,1
9041,Branch_10350,792,793,2000.0,1
9042,Branch_10351,794,923,48.97159647404506,1
9043,Branch_10352,2489,2490,1.0945349868108534,1
9044,Branch_10353,287,952,2000.0,1
9045,Branch_10354,6398,6399,13.468013468013469,1
9046,Branch_10355,1301,1302,258.3979328165375,1
9047,Branch_10356,1300,1303,203.2520325203252,1
9048,Branch_10357,6976,7293,28.169014084507044,1
9049,Branch_10358,6589,6592,2000.0,1
9050,Branch_10359,8421,8423,31.230480949406623,1
9051,Branch_10360,8420,8423,-78.98894154818325,1
9052,Branch_10361,8424,8423,8.14000814000814,1
9053,Branch_10362,8421,8422,47.48338081671415,1
9054,Branch_10363,8420,8422,-621.1180124223603,1
9055,Branch_10364,8425,8422,8.925383791503034,1
9056,Branch_10365,2285,2288,4.080133828389571,1
9057,Branch_10366,2286,2289,4.095339503644852,1
9058,Branch_10367,2285,2287,2000.0,1
9059,Branch_10368,2286,2287,2000.0,1
9060,Branch_10369,2279,2287,2000.0,1
9061,Branch_10370,3583,4211,2000.0,1
9062,Branch_10371,3164,3165,45.662100456621005,1
9063,Branch_10373,3164,3165,45.433893684688776,1
9064,Branch_10374,292,1111,34.317089910775564,1
9065,Branch_10375,2081,2092,142.65335235378032,1
9066,Branch_10377,2543,2668,42.6075841499787,1
9067,Branch_10378,2228,2668,50.27652086475616,1
9068,Branch_10380,4616,4970,83.5421888053467,1
9069,Branch_10381,3701,4970,16.70843776106934,1
9070,Branch_10382,6141,6234,4.701457451810061,1
9071,Branch_10383,5997,6141,43.936731107205624,1
9072,Branch_10384,6160,6161,7.582075972401244,1
9073,Branch_10385,5864,6161,20.63983488132095,1
9074,Branch_10386,5957,6160,117.50881316098707,1
9075,Branch_10387,5794,5988,27.210884353741495,1
9076,Branch_10389,8581,8579,12.454851164528584,1
9077,Branch_10390,8581,8580,12.454851164528584,1
9078,Branch_10391,8446,8581,133.5113484646195,1
9079,Branch_10392,8966,8993,3.86458494357706,1
9080,Branch_10393,8953,9046,115.34025374855824,1
9081,Branch_10394,1801,1803,56.14823133071308,1
9082,Branch_10395,1800,1803,-653.59477124183,1
9083,Branch_10396,1804,1803,6.70196367535688,1
9084,Branch_10397,1801,1802,57.80346820809248,1
9085,Branch_10398,1800,1802,-769.2307692307693,1
9086,Branch_10399,1805,1802,6.997900629811057,1
9087,Branch_10400,128,1143,58.309037900874635,1
9088,Branch_10401,8146,8175,268.81720430107526,1
9089,Branch_10402,9457,9455,8.668515950069349,1
9090,Branch_10403,9457,9456,8.668515950069349,1
9091,Branch_10404,9443,9457,2000.0,1
9092,Branch_10405,6371,6374,125.0,1
9093,Branch_10406,6374,8177,9.871668311944719,1
9094,Branch_10407,9319,9637,793.6507936507936,1
9095,Branch_10408,9469,9467,8.395600705230459,1
9096,Branch_10409,9469,9468,12.504689258471927,1
9097,Branch_10410,9444,9469,653.59477124183,1
9098,Branch_10412,5933,6050,5.990176111177669,1
9099,Branch_10413,9604,9605,11.114816049794376,1
9100,Branch_10414,9604,9606,11.114816049794376,1
9101,Branch_10415,9604,9607,8.19000819000819,1
9102,Branch_10416,9604,9608,8.210180623973727,1
9103,Branch_10417,5678,9604,108.93246187363835,1
9104,Branch_10418,9609,9611,11.114816049794376,1
9105,Branch_10419,9609,9610,11.114816049794376,1
9106,Branch_10420,9604,9609,591.7159763313609,1
9107,Branch_10421,2705,4600,34.376074252320386,1
9108,Branch_10422,2698,2704,37.735849056603776,1
9109,Branch_10423,6197,6198,6.827802813054759,1
9110,Branch_10424,4432,6198,51.20327700972862,1
9111,Branch_10425,6235,6236,1.4390766883967248,1
9112,Branch_10426,2616,2618,6.788405403570701,1
9113,Branch_10427,2616,2617,6.745817593092283,1
9114,Branch_10428,2616,2620,8.084727948904519,1
9115,Branch_10429,2616,2619,41.00041000410004,1
9116,Branch_10430,9022,9361,28.910089621277827,1
9117,Branch_10431,8941,9022,36.58982802780827,1
9118,Branch_10432,8938,9361,118.62396204033215,1
9119,Branch_10433,8961,9361,83.75209380234506,1
9120,Branch_10434,6225,6289,2000.0,1
9121,Branch_10436,7358,7357,8.710801393728223,1
9122,Branch_10437,6642,6983,61.387354205033766,1
9123,Branch_10438,6980,6981,41.35649296939619,1
9124,Branch_10439,6983,6981,-704.2253521126761,1
9125,Branch_10440,6985,6981,16.49348507339601,1
9126,Branch_10441,6980,6982,39.37007874015748,1
9127,Branch_10442,6983,6982,-387.5968992248062,1
9128,Branch_10443,6979,6982,15.96678907871627,1
9129,Branch_10444,6980,6984,58.41121495327103,1
9130,Branch_10445,6983,7484,11.479738261967627,1
9131,Branch_10446,7358,7466,15.723270440251572,1
9132,Branch_10447,7358,7468,17.649135192375574,1
9133,Branch_10448,5987,5988,8.161266628580755,1
9134,Branch_10449,5864,5988,20.70393374741201,1
9135,Branch_10450,7531,7532,10.650761529449355,1
9136,Branch_10451,5931,6233,156.73981191222572,1
9137,Branch_10452,6676,6679,70.47216349541931,1
9138,Branch_10453,6679,6677,11.862396204033214,1
9139,Branch_10454,6679,6678,11.310937676733401,1
9140,Branch_10455,8254,8676,19.790223629527013,1
9141,Branch_10457,3751,4227,37.53753753753754,1
9142,Branch_10458,2908,3536,16.31055292774425,1
9143,Branch_10459,2725,3838,421.9409282700422,1
9144,Branch_10460,7122,7416,8.242664029014177,1
9145,Branch_10461,3228,4227,79.42811755361397,1
9146,Branch_10462,2908,3838,12.655024044545685,1
9147,Branch_10464,5992,5994,12.656625743576763,1
9148,Branch_10465,5993,5994,-99.40357852882704,1
9149,Branch_10466,5995,5994,0.7161836008279082,1
9150,Branch_10467,5953,5993,21.317416329140908,1
9151,Branch_10468,5992,6049,66.13756613756614,1
9152,Branch_10469,5957,5992,440.52863436123346,1
9153,Branch_10470,3227,4529,4.101386268558773,1
9154,Branch_10471,4529,4528,4.633276189593662,1
9155,Branch_10472,7068,7407,254.4529262086514,1
9156,Branch_10473,2995,2999,46.57661853749418,1
9157,Branch_10474,2996,2999,-480.7692307692308,1
9158,Branch_10475,2997,2999,8.957362952346829,1
9159,Branch_10476,2995,3000,45.8295142071494,1
9160,Branch_10477,2996,3000,-414.9377593360996,1
9161,Branch_10478,3001,3000,8.987148377819718,1
9162,Branch_10479,1371,1429,7.4460163812360385,1
9163,Branch_10480,6233,6232,3.5045910142286396,1
9164,Branch_10481,5954,6049,223.71364653243847,1
9165,Branch_10482,5829,5864,45.87155963302752,1
9166,Branch_10483,5824,6438,31.51591553734636,1
9167,Branch_10485,227,1209,163.9344262295082,1
9168,Branch_10486,228,1210,167.50418760469012,1
9169,Branch_10487,1210,1211,2000.0,1
9170,Branch_10488,26,1209,53.333333333333336,1
9171,Branch_10489,359,1210,58.37711617046118,1
9172,Branch_10490,406,407,16.564518800728838,1
9173,Branch_10493,4044,4062,56.46527385657821,1
9174,Branch_10494,4062,4517,65.96306068601584,1
9175,Branch_10495,3479,4062,60.75334143377886,1
9176,Branch_10496,7753,7755,2.98971537909591,1
9177,Branch_10500,6690,7257,192.67822736030828,1
9178,Branch_10501,7257,7364,35.0754121360926,1
9179,Branch_10502,4575,4574,61.08735491753207,1
9180,Branch_10503,6325,8365,36.67033370003667,1
9181,Branch_10504,6325,8365,36.67033370003667,1
9182,Branch_10505,1662,1663,813.0081300813008,1
9183,Branch_10511,1661,1662,1351.3513513513512,1
9184,Branch_10512,84,1662,101.41987829614604,1
9185,Branch_10514,2479,2513,5.111429155591903,1
9186,Branch_10515,9292,9500,2000.0,1
9187,Branch_10516,9107,9292,14.983518130056938,1
9188,Branch_10517,6226,9500,9.767532721234616,1
9189,Branch_10518,9284,9500,502.51256281407035,1
9190,Branch_10519,9283,9500,502.51256281407035,1
9191,Branch_10520,1256,1259,6.4935064935064934,1
9192,Branch_10521,1256,1258,6.4935064935064934,1
9193,Branch_10522,1257,1260,6.802721088435374,1
9194,Branch_10523,1256,1261,11.904761904761905,1
9195,Branch_10524,1256,1257,7.575757575757576,1
9196,Branch_10525,1256,1257,7.575757575757576,1
9197,Branch_10526,6301,6303,46.33920296570899,1
9198,Branch_10527,6302,6303,-454.54545454545456,1
9199,Branch_10528,6306,6303,8.932559178204556,1
9200,Branch_10529,6301,6304,45.93477262287551,1
9201,Branch_10530,6302,6304,-446.42857142857144,1
9202,Branch_10531,6305,6304,8.946944618412813,1
9203,Branch_10532,6139,6532,102.35414534288638,1
9204,Branch_10533,6532,6543,1219.5121951219512,1
9205,Branch_10534,6268,6532,7.489514679448772,1
9206,Branch_10535,9167,9233,169.4915254237288,1
9207,Branch_10536,7818,8130,14.622020763269484,1
9208,Branch_10537,158,1546,315.45741324921136,1
9209,Branch_10538,5734,6226,18.057060310581438,1
9210,Branch_10539,5350,5355,18.885741265344667,1
9211,Branch_10540,5350,5352,59.523809523809526,1
9212,Branch_10541,5351,5354,69.01311249137336,1
9213,Branch_10542,5350,5354,70.97232079489,1
9214,Branch_10543,5353,5354,4.768717215069146,1
9215,Branch_10544,783,784,-125.31328320802005,1
9216,Branch_10545,782,784,22.406453058480842,1
9217,Branch_10547,785,784,7.743534148985597,1
9218,Branch_10548,782,1177,166.9449081803005,1
9219,Branch_10551,7621,7622,2000.0,1
9220,Branch_10552,127,1580,5.5263885051119095,1
9221,Branch_10553,7585,7587,2000.0,1
9222,Branch_10554,3181,3182,11.555350127108852,1
9223,Branch_10556,2213,2224,27.824151363383418,1
9224,Branch_10557,6048,6229,5.814629608093965,1
9225,Branch_10559,5178,5177,9.775171065493646,1
9226,Branch_10560,2691,5178,2000.0,1
9227,Branch_10561,83,755,414.9377593360996,1
9228,Branch_10562,3818,3820,95.23809523809524,1
9229,Branch_10563,7593,7595,2000.0,1
9230,Branch_10564,6560,6563,2000.0,1
9231,Branch_10565,5904,5906,19.043991620643688,1
9232,Branch_10566,5904,5907,19.043991620643688,1
9233,Branch_10569,5330,5416,500.0,1
9234,Branch_10570,8832,8831,7.776049766718507,1
9235,Branch_10572,7743,7742,3.4120376688958647,1
9236,Branch_10573,7785,7784,9.601536245799329,1
9237,Branch_10574,7784,8317,14.75143826523086,1
9238,Branch_10575,3486,3489,46.04051565377532,1
9239,Branch_10576,3487,3489,-438.5964912280702,1
9240,Branch_10577,3488,3489,9.031791907514451,1
9241,Branch_10578,3027,3355,5.431830526887561,1
9242,Branch_10579,7572,7573,14.088475626937166,1
9243,Branch_10580,8838,8840,1666.6666666666667,1
9244,Branch_10581,8824,8838,2000.0,1
9245,Branch_10582,9411,9412,12.934937265554263,1
9246,Branch_10583,9408,9411,1010.10101010101,1
9247,Branch_10584,5825,6225,1388.888888888889,1
9248,Branch_10585,5881,6225,176.99115044247787,1
9249,Branch_10586,7169,7455,133.6898395721925,1
9250,Branch_10589,9112,9245,7.580926389204761,1
9251,Branch_10590,5283,5550,19.447685725398678,1
9252,Branch_10591,5892,6227,446.42857142857144,1
9253,Branch_10592,5472,5473,51.38746145940391,1
9254,Branch_10593,6064,6227,3.231539828728389,1
9255,Branch_10594,5597,5598,2000.0,1
9256,Branch_10595,4953,4951,12.186205215695832,1
9257,Branch_10596,4953,4952,12.16397031991242,1
9258,Branch_10597,3701,3703,9.718172983479105,1
9259,Branch_10598,3700,3703,-75.75757575757575,1
9260,Branch_10599,3702,3703,4.1017227235438884,1
9261,Branch_10600,6229,6337,37.9794910748196,1
9262,Branch_10601,6144,6229,4.632417658776116,1
9263,Branch_10604,9357,9472,123.15270935960591,1
9264,Branch_10605,8995,9148,2000.0,1
9265,Branch_10606,4597,4596,9.414422895876482,1
9266,Branch_10607,4475,4596,699.3006993006993,1
9267,Branch_10608,3016,4596,142.45014245014244,1
9268,Branch_10609,4408,4596,257.7319587628866,1
9269,Branch_10610,7828,8128,48.732943469785575,1
9270,Branch_10611,9296,9299,2000.0,1
9271,Branch_10612,236,426,34.770514603616135,1
9272,Branch_10613,4007,4011,55.49389567147614,1
9273,Branch_10614,4009,4011,398.40637450199205,1
9274,Branch_10615,4010,4011,8.553588230262596,1
9275,Branch_10616,4007,4013,47.84688995215311,1
9276,Branch_10617,4008,4013,-613.4969325153374,1
9277,Branch_10618,4012,4013,9.39584703561026,1
9278,Branch_10620,4106,4213,191.93857965451056,1
9279,Branch_10621,4213,4597,137.17421124828533,1
9280,Branch_10622,920,1545,66.84491978609626,1
9281,Branch_10623,1545,1547,2000.0,1
9282,Branch_10624,1544,1546,90.41591320072332,1
9283,Branch_10625,753,754,102.88065843621399,1
9284,Branch_10626,751,752,102.04081632653062,1
9285,Branch_10627,7022,7056,92.7643784786642,1
9286,Branch_10628,76,753,89.60573476702508,1
9287,Branch_10629,74,752,79.30214115781126,1
9288,Branch_10630,6945,7029,71.73601147776183,1
9289,Branch_10631,2789,2788,4.501462975467027,1
9290,Branch_10632,2789,5024,2000.0,1
9291,Branch_10633,6883,6887,3.780718336483932,1
9292,Branch_10634,6884,6886,2.3507287259050305,1
9293,Branch_10635,6884,6885,6.112469437652812,1
9294,Branch_10636,6884,6883,5.98014591556034,1
9295,Branch_10637,6884,6883,5.98014591556034,1
9296,Branch_10638,5809,5860,10.780508840017248,1
9297,Branch_10639,5809,5923,1818.1818181818182,1
9298,Branch_10640,5809,6293,40.86636697997548,1
9299,Branch_10641,7314,7370,16.716817118020728,1
9300,Branch_10642,7030,7149,7.028888732691361,1
9301,Branch_10643,9100,9114,53.36179295624333,1
9302,Branch_10644,9100,9219,260.4166666666667,1
9303,Branch_10645,7250,7459,68.30601092896175,1
9304,Branch_10647,8293,8294,7.733952049497293,1
9305,Branch_10648,8295,8294,3.665689149560117,1
9306,Branch_10650,1239,1372,31.201248049921997,1
9307,Branch_10651,9035,9273,6.780120686148213,1
9308,Branch_10652,9042,9274,42.24757076468103,1
9309,Branch_10653,9275,9274,5.301102629346905,1
9310,Branch_10654,9273,9274,5.301102629346905,1
9311,Branch_10655,8913,9274,85.47008547008546,1
9312,Branch_10656,1089,1091,10.137875101378752,1
9313,Branch_10657,1088,1090,9.742790335151987,1
9314,Branch_10658,5496,5669,68.96551724137932,1
9315,Branch_10659,2220,2218,3.4239539820584812,1
9316,Branch_10660,2220,2219,3.450893781489406,1
9317,Branch_10661,1732,2220,2000.0,1
9318,Branch_10662,1870,1872,35.36067892503536,1
9319,Branch_10663,1870,1877,32.425421530479895,1
9320,Branch_10664,1872,1877,-366.3003663003663,1
9321,Branch_10665,1869,1877,6.806888571234089,1
9322,Branch_10669,1870,1880,32.1853878339234,1
9323,Branch_10670,1871,1880,-369.00369003690037,1
9324,Branch_10671,1878,1880,6.746272684341901,1
9325,Branch_10672,2270,2271,4.1363335539377895,1
9326,Branch_10673,2270,2272,4.1363335539377895,1
9327,Branch_10674,1744,2270,2000.0,1
9328,Branch_10675,8511,8512,47.14757190004715,1
9329,Branch_10676,8510,8512,-595.2380952380952,1
9330,Branch_10677,8513,8512,8.93814801573114,1
9331,Branch_10678,8511,8515,46.27487274409995,1
9332,Branch_10679,8510,8515,-460.8294930875576,1
9333,Branch_10680,8514,8515,9.02445627650934,1
9334,Branch_10681,8319,8511,47.48338081671415,1
9335,Branch_10682,8319,8511,47.66444232602478,1
9336,Branch_10685,8227,8257,111.11111111111111,1
9337,Branch_10687,9182,9500,114.15525114155251,1
9338,Branch_10688,128,236,8.16259897151253,1
9339,Branch_10689,1363,1367,10.137875101378752,1
9340,Branch_10690,1365,1368,10.137875101378752,1
9341,Branch_10691,1354,1362,168.63406408094434,1
9342,Branch_10692,1360,1361,182.14936247723134,1
9343,Branch_10693,1365,1366,60.64281382656155,1
9344,Branch_10694,1363,1364,59.31198102016607,1
9345,Branch_10695,1357,1359,125.15644555694618,1
9346,Branch_10696,1354,1360,125.15644555694618,1
9347,Branch_10697,1357,1362,11.575413821044103,1
9348,Branch_10698,1359,1361,11.575413821044103,1
9349,Branch_10699,5698,5710,58.07200929152149,1
9350,Branch_10701,1960,6980,32.1853878339234,1
9351,Branch_10702,1960,6980,32.1853878339234,1
9352,Branch_10703,2671,2670,3.5855145213338115,1
9353,Branch_10704,7106,7437,52.35602094240838,1
9354,Branch_10705,68,962,2000.0,1
9355,Branch_10706,8997,9478,14.26126640045636,1
9356,Branch_10707,7467,7468,41.18616144975288,1
9357,Branch_10708,9018,9052,4.493978069387022,1
9358,Branch_10709,9018,9102,5.846927439630474,1
9359,Branch_10710,9018,9108,11.143302874972141,1
9360,Branch_10712,7082,7098,4.85649069982031,1
9361,Branch_10713,6662,6939,43.10344827586207,1
9362,Branch_10714,2379,2380,49.6031746031746,1
9363,Branch_10715,2382,2380,-943.3962264150944,1
9364,Branch_10716,2381,2380,9.00657479960371,1
9365,Branch_10717,2379,2377,48.804294777940456,1
9366,Branch_10718,2383,2377,-934.5794392523364,1
9367,Branch_10719,2378,2377,9.0049527239982,1
9368,Branch_10720,2376,2382,95.23809523809524,1
9369,Branch_10721,2376,2383,95.23809523809524,1
9370,Branch_10722,5617,5626,77.7000777000777,1
9371,Branch_10723,5412,5626,67.11409395973155,1
9372,Branch_10724,5625,5626,15.080681646810437,1
9373,Branch_10725,2884,3370,59.630292188431724,1
9374,Branch_10726,6907,7098,2.7777777777777777,1
9375,Branch_10727,7098,7315,222.71714922048997,1
9376,Branch_10728,3213,3370,395.25691699604744,1
9377,Branch_10729,677,5572,46.10419548178884,1
9378,Branch_10730,8365,8824,290.69767441860466,1
9379,Branch_10731,8365,8824,290.69767441860466,1
9380,Branch_10732,5320,5572,228.31050228310502,1
9381,Branch_10733,5320,5572,227.79043280182233,1
9382,Branch_10734,143,5572,39.01677721420211,1
9383,Branch_10735,143,5572,39.01677721420211,1
9384,Branch_10736,6646,6983,9.683354313934347,1
9385,Branch_10737,6983,7357,625.0,1
9386,Branch_10738,5545,5544,2.1108179419525066,1
9387,Branch_10739,5545,5613,20.48760499897562,1
9388,Branch_10740,5451,5545,53.61930294906166,1
9389,Branch_10741,5964,6203,31.79650238473768,1
9390,Branch_10742,5783,6203,18.726591760299627,1
9391,Branch_10743,8993,9213,21.01723413198823,1
9392,Branch_10744,9213,9273,416.6666666666667,1
9393,Branch_10745,5783,5785,10.111223458038422,1
9394,Branch_10746,982,1622,40.53506282934739,1
9395,Branch_10747,6937,7252,5.3276505061267985,1
9396,Branch_10748,9436,9437,7.733952049497293,1
9397,Branch_10749,4786,4787,381.6793893129771,1
9398,Branch_10750,715,764,212.7659574468085,1
9399,Branch_10751,8317,8318,2000.0,1
9400,Branch_10752,8319,8317,45.00450045004501,1
9401,Branch_10753,8319,8317,45.08566275924256,1
9402,Branch_10754,2064,7290,30.50640634533252,1
9403,Branch_10755,6063,6067,63.85696040868455,1
9404,Branch_10756,5421,5593,257.0694087403599,1
9405,Branch_10757,5824,5825,9.858044164037855,1
9406,Branch_10758,5824,5825,9.858044164037855,1
9407,Branch_10759,5825,6380,72.09805335255948,1
9408,Branch_10760,6903,6904,2000.0,1
9409,Branch_10761,6902,6903,2000.0,1
9410,Branch_10762,6902,6905,2000.0,1
9411,Branch_10763,5450,5648,180.50541516245488,1
9412,Branch_10764,5421,5450,1818.1818181818182,1
9413,Branch_10765,1350,1351,115.47344110854503,1
9414,Branch_10766,1254,1351,218.34061135371178,1
9415,Branch_10767,9406,9417,195.3125,1
9416,Branch_10768,9406,9421,91.32420091324201,1
9417,Branch_10769,5754,6339,10.922992900054615,1
9418,Branch_10770,7626,7627,10.195758564437194,1
9419,Branch_10771,7626,7628,10.646225912913872,1
9420,Branch_10772,6766,7626,2000.0,1
9421,Branch_10773,6032,6338,31.17206982543641,1
9422,Branch_10775,3941,4172,333.3333333333333,1
9423,Branch_10776,4171,4714,826.4462809917355,1
9424,Branch_10777,9417,9415,6.9046468273147825,1
9425,Branch_10778,9417,9416,6.903693476009665,1
9426,Branch_10779,9421,9419,10.29230135858378,1
9427,Branch_10780,9421,9420,10.301844030081385,1
9428,Branch_10781,3941,3943,6.666222251849876,1
9429,Branch_10782,3941,3942,6.666222251849876,1
9430,Branch_10783,6410,6411,4.245743641998896,1
9431,Branch_10784,6410,6412,4.254957024934048,1
9432,Branch_10785,6410,6413,3.01504507492387,1
9433,Branch_10786,3671,4481,61.05006105006105,1
9434,Branch_10787,8928,9088,17.488632388947185,1
9435,Branch_10788,3976,4481,261.78010471204186,1
9436,Branch_10789,8988,9088,89.68609865470852,1
9437,Branch_10790,7928,7929,2000.0,1
9438,Branch_10791,7713,7714,2000.0,1
9439,Branch_10792,4065,4067,2000.0,1
9440,Branch_10793,3725,3728,2000.0,1
9441,Branch_10794,3726,3727,2000.0,1
9442,Branch_10795,5343,5344,2000.0,1
9443,Branch_10796,5343,5344,2000.0,1
9444,Branch_10797,5343,5344,1000.0,1
9445,Branch_10798,8355,8354,14.005602240896359,1
9446,Branch_10799,3089,3088,4.733727810650888,1
9447,Branch_10800,3090,3088,5.106469897359955,1
9448,Branch_10801,9108,9107,6.053635207942369,1
9449,Branch_10802,3088,5120,67.98096532970769,1
9450,Branch_10803,3088,4452,48.1000481000481,1
9451,Branch_10804,3089,4289,40.83299305839118,1
9452,Branch_10805,3089,4292,7.496251874062969,1
9453,Branch_10806,3299,3870,68.96551724137932,1
9454,Branch_10807,7143,7234,88.49557522123894,1
9455,Branch_10809,4321,4325,38.095238095238095,1
9456,Branch_10810,4322,4323,38.095238095238095,1
9457,Branch_10811,715,1284,181.48820326678765,1
9458,Branch_10812,715,1637,54.7645125958379,1
9459,Branch_10813,1463,1673,146.84287812041117,1
9460,Branch_10814,3841,3842,95.23809523809524,1
9461,Branch_10815,3840,3843,95.23809523809524,1
9462,Branch_10816,8212,8211,12.871669455528382,1
9463,Branch_10817,8214,8213,13.403029084573113,1
9464,Branch_10818,8212,8214,359.71223021582733,1
9465,Branch_10819,8839,8840,38.446751249519416,1
9466,Branch_10820,9363,9366,265.9574468085106,1
9467,Branch_10821,4150,4151,56.657223796033996,1
9468,Branch_10822,5363,5366,39.51007506914263,1
9469,Branch_10823,5364,5366,346.02076124567475,1
9470,Branch_10824,5365,5366,6.797634423220719,1
9471,Branch_10825,9366,9364,8.372404554588078,1
9472,Branch_10826,9366,9365,8.428860418071476,1
9473,Branch_10827,9363,9362,10.860121633362294,1
9474,Branch_10828,5702,5703,12.00192030724916,1
9475,Branch_10829,5702,5704,12.607160867372668,1
9476,Branch_10830,7850,7854,41.61464835622139,1
9477,Branch_10831,6840,6839,7.975753708725475,1
9478,Branch_10832,6840,6839,7.975753708725475,1
9479,Branch_10833,6840,6921,2000.0,1
9480,Branch_10834,7851,7850,6.324710644488015,1
9481,Branch_10836,6167,6202,36.52300949598247,1
9482,Branch_10837,6202,6296,5.849663644340451,1
9483,Branch_10839,3706,3707,3.538069629210303,1
9484,Branch_10840,3706,3710,4.888541259288228,1
9485,Branch_10841,6691,7564,219.2982456140351,1
9486,Branch_10842,7564,7563,11.588828369451848,1
9487,Branch_10843,3764,3763,5.824111822947001,1
9488,Branch_10844,7438,7469,259.0673575129534,1
9489,Branch_10845,7443,7442,5.049229992426155,1
9490,Branch_10846,7446,7449,39.920159680638726,1
9491,Branch_10847,7446,7450,41.00041000410004,1
9492,Branch_10848,7445,7449,-354.6099290780142,1
9493,Branch_10849,7444,7450,-467.2897196261682,1
9494,Branch_10850,7447,7449,6.684491978609626,1
9495,Branch_10851,7448,7450,6.744452687664396,1
9496,Branch_10852,6755,7442,35.51136363636363,1
9497,Branch_10853,7442,7445,2000.0,1
9498,Branch_10854,7442,7444,2000.0,1
9499,Branch_10855,2683,4379,2.0,1
9500,Branch_10856,3606,3706,588.2352941176471,1
9501,Branch_10857,3706,4443,11.899095668729176,1
9502,Branch_10858,3033,3706,7.859163784973279,1
9503,Branch_10859,1313,1315,2000.0,1
9504,Branch_10860,1314,1316,2000.0,1
9505,Branch_10861,76,1314,30.778701138811943,1
9506,Branch_10862,779,1315,46.707146193367585,1
9507,Branch_10863,3019,4499,8.363301831563101,1
9508,Branch_10864,2825,3030,13.424620754463687,1
9509,Branch_10865,9214,9273,21.01723413198823,1
9510,Branch_10867,6690,7396,943.3962264150944,1
9511,Branch_10868,443,679,30.73140749846343,1
9512,Branch_10869,5815,6268,6.941552131056504,1
9513,Branch_10870,6038,6268,4.1426736815941005,1
9514,Branch_10871,3854,4023,2000.0,1
9515,Branch_10872,9472,9475,9.379103357719002,1
9516,Branch_10873,9473,9475,13.65001365001365,1
9517,Branch_10874,9476,9475,11.037527593818984,1
9518,Branch_10875,100,1960,14.757969303423849,1
9519,Branch_10876,100,1960,14.757969303423849,1
9520,Branch_10877,1230,1660,52.00208008320333,1
9521,Branch_10878,976,1660,40.899795501022496,1
9522,Branch_10879,66,100,29.18855808523059,1
9523,Branch_10880,2978,4365,41.01722723543888,1
9524,Branch_10881,100,99,79.55449482895784,1
9525,Branch_10882,100,99,79.30214115781126,1
9526,Branch_10883,100,98,78.49293563579278,1
9527,Branch_10884,100,98,78.92659826361484,1
9528,Branch_10885,4810,4809,9.586808551433228,1
9529,Branch_10886,7366,7367,7.697636825494573,1
9530,Branch_10888,837,1561,9.337068160597573,1
9531,Branch_10891,2967,4567,85.17887563884156,1
9532,Branch_10892,6102,6103,12.345679012345679,1
9533,Branch_10893,84,1569,71.58196134574088,1
9534,Branch_10894,84,651,17.885888034340905,1
9535,Branch_10895,84,650,17.873100983020553,1
9536,Branch_10896,6857,7022,86.4304235090752,1
9537,Branch_10897,940,943,169.4915254237288,1
9538,Branch_10898,941,942,99.30486593843098,1
9539,Branch_10899,5632,5633,2000.0,1
9540,Branch_10900,7204,7454,60.790273556231,1
9541,Branch_10901,5391,5634,2000.0,1
9542,Branch_10902,6567,6591,2000.0,1
9543,Branch_10903,6170,6414,1315.7894736842106,1
9544,Branch_10904,6170,6226,27.540622418066647,1
9545,Branch_10905,5200,5201,15.792798483891346,1
9546,Branch_10906,5200,5202,8.843296781039971,1
9547,Branch_10907,6170,6208,86.05851979345955,1
9548,Branch_10908,6204,6205,41.23711340206186,1
9549,Branch_10909,6205,6207,16.633399866932802,1
9550,Branch_10910,6590,6591,14.427932477276006,1
9551,Branch_10911,5317,5537,5.128205128205129,1
9552,Branch_10912,2082,3023,3.8327392587482274,1
9553,Branch_10913,1809,2082,3.424188467333242,1
9554,Branch_10914,2082,2604,8.791981712678037,1
9555,Branch_10915,8950,9174,2000.0,1
9556,Branch_10916,8927,8950,8.733624454148472,1
9557,Branch_10917,8950,9025,8.481044864727334,1
9558,Branch_10918,7854,7855,8.960573476702509,1
9559,Branch_10919,5807,5808,13.605442176870747,1
9560,Branch_10920,5805,5806,10.54407423028258,1
9561,Branch_10921,5752,5749,10.454783063251437,1
9562,Branch_10922,5750,5751,9.851246182642104,1
9563,Branch_10923,6075,6076,8.39630562552477,1
9564,Branch_10924,6075,6076,7.680491551459293,1
9565,Branch_10925,6526,6525,5.5432372505543235,1
9566,Branch_10926,5731,5732,7.0821529745042495,1
9567,Branch_10930,4799,4800,2000.0,1
9568,Branch_10931,4798,4800,2000.0,1
9569,Branch_10932,2697,4800,85.91065292096219,1
9570,Branch_10933,4687,4691,2000.0,1
9571,Branch_10934,3877,4687,61.72839506172839,1
9572,Branch_10935,2805,4687,17.761989342806395,1
9573,Branch_10936,8705,8706,7.767593599502874,1
9574,Branch_10937,5749,5751,26.99055330634278,1
9575,Branch_10938,7942,7941,5.72967398155045,1
9576,Branch_10945,3967,5156,34.447123665173955,1
9577,Branch_10946,4782,4784,1162.7906976744187,1
9578,Branch_10947,4782,4784,1162.7906976744187,1
9579,Branch_10948,7130,7246,13.550135501355014,1
9580,Branch_10949,6973,7261,20.77706212341575,1
9581,Branch_10950,9480,9481,7.334604664808567,1
9582,Branch_10951,9478,9480,2000.0,1
9583,Branch_10952,6918,7455,106.04453870625663,1
9584,Branch_10953,6918,7592,309.59752321981426,1
9585,Branch_10954,7203,7205,2000.0,1
9586,Branch_10955,6962,6974,19.466614755693985,1
9587,Branch_10956,8642,8645,138.88888888888889,1
9588,Branch_10957,8645,8670,42.955326460481096,1
9589,Branch_10958,9645,9646,2000.0,1
9590,Branch_10959,9646,9656,552.4861878453039,1
9591,Branch_10960,9646,9659,395.25691699604744,1
9592,Branch_10961,8645,8855,980.3921568627451,1
9593,Branch_10962,6307,6553,636.9426751592357,1
9594,Branch_10963,6307,6553,636.9426751592357,1
9595,Branch_10964,6301,8170,60.132291040288635,1
9596,Branch_10965,8154,8170,125.47051442910916,1
9597,Branch_10966,6301,8154,40.65040650406504,1
9598,Branch_10968,8154,8847,48.61448711716091,1
9599,Branch_10969,7737,8156,36.83241252302026,1
9600,Branch_10970,8154,8168,24.108003857280618,1
9601,Branch_10971,5819,8168,50.42864346949067,1
9602,Branch_10972,8169,8762,386.1003861003861,1
9603,Branch_10973,8154,8646,2000.0,1
9604,Branch_10974,8156,8847,109.64912280701755,1
9605,Branch_10975,9329,9644,52.43838489774515,1
9606,Branch_10976,9329,9680,2000.0,1
9607,Branch_10977,6553,6563,1470.5882352941176,1
9608,Branch_10978,6553,9644,64.14368184733804,1
9609,Branch_10979,8168,8762,82.78145695364239,1
9610,Branch_10980,9329,9630,2000.0,1
9611,Branch_10981,6553,9644,64.14368184733804,1
9612,Branch_10982,9329,9644,52.43838489774515,1
9613,Branch_10983,9329,9706,2000.0,1
9614,Branch_10984,1767,1866,134.04825737265415,1
9615,Branch_10985,2440,2648,90.09009009009009,1
9616,Branch_10986,1767,2440,147.05882352941177,1
9617,Branch_10990,2043,2649,49.40711462450593,1
9618,Branch_10991,2045,2541,87.33624454148472,1
9619,Branch_10992,2043,2658,161.0305958132045,1
9620,Branch_10993,2045,2668,27.129679869777537,1
9621,Branch_10994,2045,2199,45.146726862302486,1
9622,Branch_10995,2037,2045,95.14747859181732,1
9623,Branch_10996,1920,2043,32.372936225315634,1
9624,Branch_10999,5538,5539,23.80952380952381,1
9625,Branch_11000,5537,5538,15.037593984962406,1
9626,Branch_11001,5469,5538,32.97065611605671,1
9627,Branch_11002,5228,5537,10.006003602161297,1
9628,Branch_11003,5537,5599,15.89825119236884,1
9629,Branch_11004,7067,7252,6.142506142506143,1
9630,Branch_11005,8446,8447,10.529640939243972,1
9631,Branch_11006,8446,8448,10.529640939243972,1
9632,Branch_11007,8410,8446,257.7319587628866,1
9633,Branch_11008,8166,8209,22.411474675033617,1
9634,Branch_11009,5779,6400,8.000640051204096,1
9635,Branch_11010,4448,5176,73.80073800738008,1
9636,Branch_11011,5357,5573,137.17421124828533,1
9637,Branch_11012,5298,5443,83.19467554076539,1
9638,Branch_11013,5298,5641,230.94688221709006,1
9639,Branch_11014,5303,5298,1.444627430585652,1
9640,Branch_11015,5302,5298,1.4308403325272934,1
9641,Branch_11016,5301,5298,1.4359769669294504,1
9642,Branch_11017,5299,5298,1.427429484983442,1
9643,Branch_11018,5299,5298,1.5013662432813861,1
9644,Branch_11019,5300,5298,1.768972227136034,1
9645,Branch_11020,5304,5298,1.7155601303825698,1
9646,Branch_11021,6764,6765,2000.0,1
9647,Branch_11022,6764,6766,2000.0,1
9648,Branch_11023,225,227,259.7402597402597,1
9649,Branch_11024,226,228,384.61538461538464,1
9650,Branch_11027,412,410,11.50483202945237,1
9651,Branch_11028,412,411,10.486577181208053,1
9652,Branch_11029,5221,5411,2000.0,1
9653,Branch_11030,5411,5462,2000.0,1
9654,Branch_11031,8692,8693,8.430992327796982,1
9655,Branch_11032,8692,8694,8.429570934839417,1
9656,Branch_11033,8350,8692,39.29273084479372,1
9657,Branch_11034,8626,8625,8.3236224404861,1
9658,Branch_11035,8626,8627,8.3236224404861,1
9659,Branch_11036,8350,8626,32.62642740619902,1
9660,Branch_11037,2073,2072,6.013229104028864,1
9661,Branch_11038,8814,8815,12.50312578144536,1
9662,Branch_11039,7976,8814,2000.0,1
9663,Branch_11040,678,680,-366.3003663003663,1
9664,Branch_11041,677,680,56.59309564233163,1
9665,Branch_11042,683,680,9.476876421531463,1
9666,Branch_11043,678,681,-335.5704697986577,1
9667,Branch_11044,677,681,55.80357142857143,1
9668,Branch_11045,682,681,9.383503800319039,1
9669,Branch_11046,678,679,2000.0,1
9670,Branch_11047,9464,9466,5.818012566907145,1
9671,Branch_11048,9463,9466,-558.659217877095,1
9672,Branch_11049,9465,9466,1.945449593401035,1
9673,Branch_11050,1596,1598,7.899518129394107,1
9674,Branch_11051,1597,1596,4.066363044892648,1
9675,Branch_11052,1597,1596,4.162504162504162,1
9676,Branch_11053,5545,5601,43.38394793926247,1
9677,Branch_11059,2321,2320,44.50378282153983,1
9678,Branch_11060,2315,2320,-323.62459546925567,1
9679,Branch_11061,2322,2320,9.004141905276427,1
9680,Branch_11062,5371,5579,500.0,1
9681,Branch_11063,8167,8240,2000.0,1
9682,Branch_11064,8167,8240,2000.0,1
9683,Branch_11065,8166,8167,41.16920543433512,1
9684,Branch_11066,8166,8241,574.7126436781609,1
9685,Branch_11067,6441,6444,245.7002457002457,1
9686,Branch_11068,6444,6524,225.73363431151242,1
9687,Branch_11069,3657,3658,14.41545336600836,1
9688,Branch_11070,3657,3659,8.781173164734808,1
9689,Branch_11071,3649,3657,39.69829297340215,1
9690,Branch_11072,3649,3657,48.355899419729205,1
9691,Branch_11073,2905,3657,25.056376847907792,1
9692,Branch_11074,7548,7550,483.09178743961354,1
9693,Branch_11075,4193,4530,18.298261665141812,1
9694,Branch_11076,3700,4193,56.91519635742743,1
9695,Branch_11077,9319,9322,20.69108214359611,1
9696,Branch_11078,9319,9323,20.69108214359611,1
9697,Branch_11080,8826,8829,45.187528242205154,1
9698,Branch_11081,8825,8829,-467.2897196261682,1
9699,Branch_11082,8828,8829,7.662248103593594,1
9700,Branch_11083,8826,8830,46.2962962962963,1
9701,Branch_11084,8825,8830,-458.7155963302752,1
9702,Branch_11085,8827,8830,8.933357155619081,1
9703,Branch_11086,5294,5606,2000.0,1
9704,Branch_11087,5528,5609,2000.0,1
9705,Branch_11088,5534,5608,2000.0,1
9706,Branch_11089,1009,1011,2000.0,1
9707,Branch_11090,1010,1012,2000.0,1
9708,Branch_11091,5406,5408,42.24757076468103,1
9709,Branch_11092,5406,5405,42.24757076468103,1
9710,Branch_11093,5406,5407,42.24757076468103,1
9711,Branch_11094,5406,5409,75.7002271006813,1
9712,Branch_11096,455,456,11.668611435239207,1
9713,Branch_11097,7090,7092,11.560693641618498,1
9714,Branch_11098,7090,7091,11.55802126675913,1
9715,Branch_11099,7068,7090,2000.0,1
9716,Branch_11100,4602,9302,588.2352941176471,1
9717,Branch_11101,2552,2553,2000.0,1
9718,Branch_11102,6944,7556,2000.0,1
9719,Branch_11103,6944,6945,13.468013468013469,1
9720,Branch_11104,2924,3948,12.405408758218583,1
9721,Branch_11105,4533,4748,65.57377049180327,1
9722,Branch_11106,4315,4533,128.2051282051282,1
9723,Branch_11107,11,41,324.6753246753247,1
9724,Branch_11108,21,26,1333.3333333333333,1
9725,Branch_11109,26,27,1492.5373134328358,1
9726,Branch_11110,5,10,2000.0,1
9727,Branch_11111,28,37,2000.0,1
9728,Branch_11112,26,37,2000.0,1
9729,Branch_11113,17,33,2000.0,1
9730,Branch_11114,15,33,2000.0,1
9731,Branch_11115,17,983,60.132291040288635,1
9732,Branch_11116,26,357,70.2247191011236,1
9733,Branch_11117,5,143,131.06159895150722,1
9734,Branch_11118,5,143,131.06159895150722,1
9735,Branch_11119,5,38,55.0357732526142,1
9736,Branch_11120,17,38,-427.35042735042737,1
9737,Branch_11121,1,38,9.869719699960521,1
9738,Branch_11122,2,39,-67.38544474393531,1
9739,Branch_11123,17,39,7.540909433677702,1
9740,Branch_11124,41,39,1.928491533922166,1
9741,Branch_11125,5,40,58.0046403712297,1
9742,Branch_11126,26,40,-336.7003367003367,1
9743,Branch_11127,3,40,10.466820180029307,1
9744,Branch_11128,21,36,10.22390348635109,1
9745,Branch_11129,27,35,10.282776349614396,1
9746,Branch_11130,21,6,-27.647221454243848,1
9747,Branch_11131,19,6,4.63907960660605,1
9748,Branch_11132,30,6,4.733279689496852,1
9749,Branch_11133,22,13,4.814636494944632,1
9750,Branch_11134,34,13,4.8954814706026335,1
9751,Branch_11135,21,13,-28.433323855558715,1
9752,Branch_11136,27,7,-28.441410693970422,1
9753,Branch_11137,32,7,4.569548528605374,1
9754,Branch_11138,16,7,4.710981297404249,1
9755,Branch_11139,27,4,82.44023083264634,1
9756,Branch_11140,23,4,5.9680114585820006,1
9757,Branch_11141,29,4,5.9680114585820006,1
9758,Branch_11142,10,9,40.06410256410256,1
9759,Branch_11143,25,9,5.681495369581274,1
9760,Branch_11144,18,9,5.631899076368551,1
9761,Branch_11145,10,12,44.150110375275936,1
9762,Branch_11146,31,12,5.636343140570398,1
9763,Branch_11147,20,12,5.5735146583435515,1
9764,Branch_11148,10,8,40.43671653861706,1
9765,Branch_11149,14,8,5.674080798910577,1
9766,Branch_11150,24,8,5.624613307835086,1
9767,Branch_11151,1177,1646,80.77544426494346,1
9768,Branch_11152,9306,9309,91.91176470588235,1
9769,Branch_11153,1492,1494,92.67840593141798,1
9770,Branch_11154,1492,1493,90.57971014492753,1
9771,Branch_11155,1496,1505,127.06480304955528,1
9772,Branch_11156,1496,1504,127.06480304955528,1
9773,Branch_11157,1489,1496,1562.5,1
9774,Branch_11158,1489,1496,2000.0,1
9775,Branch_11159,1569,1570,2000.0,1
9776,Branch_11160,7046,7478,12.108003390240949,1
9777,Branch_11167,648,1433,10.438413361169102,1
9778,Branch_11168,8667,8668,8.987956138774043,1
9779,Branch_11169,8667,8669,8.922198429693076,1
9780,Branch_11170,8661,8667,57.43825387708214,1
9781,Branch_11171,5727,5728,10.513036164844408,1
9782,Branch_11172,5727,5729,10.513036164844408,1
9783,Branch_11173,9358,9363,53.99568034557235,1
9784,Branch_11174,4366,4573,2000.0,1
9785,Branch_11175,965,1076,193.7984496124031,1
9786,Branch_11177,8032,8033,64.14368184733804,1
9787,Branch_11178,3906,3908,46.04051565377532,1
9788,Branch_11179,3907,3908,-438.5964912280702,1
9789,Branch_11180,3909,3908,9.013881377321075,1
9790,Branch_11181,3906,3910,46.27487274409995,1
9791,Branch_11182,3907,3910,-460.8294930875576,1
9792,Branch_11183,3911,3910,9.013881377321075,1
9793,Branch_11184,2985,2984,5.244663554832957,1
9794,Branch_11185,2986,2988,46.2962962962963,1
9795,Branch_11186,2987,2988,-458.7155963302752,1
9796,Branch_11187,2989,2988,8.951750067138125,1
9797,Branch_11188,2984,2987,95.23809523809524,1
9798,Branch_11189,766,768,2000.0,1
9799,Branch_11190,767,769,2000.0,1
9800,Branch_11191,74,766,120.48192771084338,1
9801,Branch_11192,74,767,119.76047904191617,1
9802,Branch_11195,5231,5232,15.581177937052042,1
9803,Branch_11196,5231,5233,15.790304752881731,1
9804,Branch_11197,8960,8958,9.149967975112087,1
9805,Branch_11198,8960,8959,9.067005168192946,1
9806,Branch_11199,8960,8957,9.094216078574027,1
9807,Branch_11200,5031,5029,9.487666034155598,1
9808,Branch_11201,5031,5030,9.428625306430323,1
9809,Branch_11202,8094,8095,7.81983109164842,1
9810,Branch_11203,4433,4981,72.09805335255948,1
9811,Branch_11204,325,324,4.738887309259786,1
9812,Branch_11205,325,334,4.738887309259786,1
9813,Branch_11206,325,326,4.738887309259786,1
9814,Branch_11207,325,327,4.738887309259786,1
9815,Branch_11208,325,328,4.738887309259786,1
9816,Branch_11209,325,329,4.738887309259786,1
9817,Branch_11210,325,330,4.738887309259786,1
9818,Branch_11211,325,331,4.738887309259786,1
9819,Branch_11212,325,332,4.738887309259786,1
9820,Branch_11213,325,333,4.738887309259786,1
9821,Branch_11214,7485,7484,17.31301939058172,1
9822,Branch_11215,7094,7485,5.396654074473826,1
9823,Branch_11216,7063,7485,324.6753246753247,1
9824,Branch_11217,7326,7569,65.359477124183,1
9825,Branch_11218,7569,7570,15.441630636195182,1
9826,Branch_11219,7569,7571,15.441630636195182,1
9827,Branch_11220,482,964,2000.0,1
9828,Branch_11221,482,481,3.863987635239567,1
9829,Branch_11222,1107,1108,2000.0,1
9830,Branch_11223,1109,1110,2000.0,1
9831,Branch_11224,1016,1108,116.68611435239207,1
9832,Branch_11225,1016,1110,116.68611435239207,1
9833,Branch_11226,5425,5594,56.433408577878104,1
9834,Branch_11227,8865,8868,47.68717215069147,1
9835,Branch_11228,8866,8867,47.68717215069147,1
9836,Branch_11229,8869,8868,17.33102253032929,1
9837,Branch_11230,8869,8867,17.23246596587972,1
9838,Branch_11231,5812,6451,12.067093037287318,1
9839,Branch_11232,473,474,13.145786775338504,1
9840,Branch_11233,473,1233,51.733057423693744,1
9841,Branch_11234,5974,5975,5.05050505050505,1
9842,Branch_11235,5974,5976,5.067653169817057,1
9843,Branch_11236,5974,5977,5.033472592741733,1
9844,Branch_11237,6808,6894,62.11180124223603,1
9845,Branch_11238,156,840,82.3045267489712,1
9846,Branch_11239,128,156,104.9317943336831,1
9847,Branch_11240,8965,9146,7.378440197742197,1
9848,Branch_11242,3517,3993,64.93506493506493,1
9849,Branch_11243,4602,4603,8.962982880702699,1
9850,Branch_11244,4602,4604,8.962982880702699,1
9851,Branch_11246,3334,3337,383.1417624521073,1
9852,Branch_11247,3335,3336,383.1417624521073,1
9853,Branch_11248,4666,4684,2000.0,1
9854,Branch_11249,5295,5296,5.558643690939411,1
9855,Branch_11250,9091,9308,81.23476848090984,1
9856,Branch_11251,8924,9308,3.772873042822109,1
9857,Branch_11252,5278,5273,46.44681839294008,1
9858,Branch_11253,5274,5273,21.312872975277067,1
9859,Branch_11254,5275,5273,87.33624454148472,1
9860,Branch_11255,5277,5281,46.59832246039143,1
9861,Branch_11256,5274,5281,-476.1904761904762,1
9862,Branch_11257,5280,5281,8.975854950184004,1
9863,Branch_11258,6737,7580,228.31050228310502,1
9864,Branch_11259,6737,6735,8.599191675982457,1
9865,Branch_11260,6737,6736,9.120758847136083,1
9866,Branch_11261,9623,9625,8.336112037345782,1
9867,Branch_11262,9623,9624,14.084507042253522,1
9868,Branch_11263,9498,9623,2000.0,1
9869,Branch_11266,3106,3105,4.968944099378882,1
9870,Branch_11269,3092,5174,127.8772378516624,1
9871,Branch_11271,5813,5814,11.266336187471834,1
9872,Branch_11273,3622,3971,19.249278152069298,1
9873,Branch_11274,2908,3622,87.7963125548727,1
9874,Branch_11275,9325,9345,62.30529595015577,1
9875,Branch_11276,9325,9347,62.5,1
9876,Branch_11277,9327,9328,2.375014843842774,1
9877,Branch_11278,9326,9328,-826.4462809917355,1
9878,Branch_11279,9325,9328,22.246941045606228,1
9879,Branch_11280,9325,9406,65.96306068601584,1
9880,Branch_11281,9325,9406,66.05019815059445,1
9881,Branch_11282,7647,7653,2000.0,1
9882,Branch_11283,7653,7651,9.903931860948797,1
9883,Branch_11284,7653,7652,9.963136395337251,1
9884,Branch_11286,8260,8294,2000.0,1
9885,Branch_11289,5194,5195,17.857142857142858,1
9886,Branch_11290,2726,5194,2000.0,1
9887,Branch_11291,6916,7303,12.823800974608874,1
9888,Branch_11292,7132,7303,5.437146585471944,1
9889,Branch_11293,1254,1255,103.84215991692628,1
9890,Branch_11294,1235,1625,52.79831045406547,1
9891,Branch_11295,6244,6245,56.49717514124294,1
9892,Branch_11296,6247,6245,-609.7560975609756,1
9893,Branch_11297,6246,6245,6.6970265202250205,1
9894,Branch_11298,6244,6248,56.59309564233163,1
9895,Branch_11299,6247,6248,-598.8023952095808,1
9896,Branch_11300,6249,6248,6.68493883280968,1
9897,Branch_11304,53,891,18.832391713747647,1
9898,Branch_11305,53,1053,106.38297872340425,1
9899,Branch_11306,1122,1124,17.167381974248926,1
9900,Branch_11307,829,831,16.307893020221787,1
9901,Branch_11308,829,833,16.307893020221787,1
9902,Branch_11309,829,832,16.307893020221787,1
9903,Branch_11310,829,830,18.11922449719152,1
9904,Branch_11311,706,829,2000.0,1
9905,Branch_11312,9150,9204,90.41591320072332,1
9906,Branch_11313,5342,5345,45.578851412944395,1
9907,Branch_11314,5343,5345,-400.0,1
9908,Branch_11315,5346,5345,8.92379082634303,1
9909,Branch_11316,9454,9453,8.810572687224669,1
9910,Branch_11317,9441,9454,45.22840343735866,1
9911,Branch_11318,5307,5306,12.007684918347742,1
9912,Branch_11323,2542,2658,170.94017094017093,1
9913,Branch_11324,1890,2394,259.7402597402597,1
9914,Branch_11325,1890,2200,65.01950585175553,1
9915,Branch_11327,1785,2196,30.61849357011635,1
9916,Branch_11329,2235,2303,229.88505747126436,1
9917,Branch_11330,1263,1264,4.60426354804549,1
9918,Branch_11331,721,723,216.45021645021646,1
9919,Branch_11332,910,911,2000.0,1
9920,Branch_11333,912,913,2000.0,1
9921,Branch_11334,909,911,2000.0,1
9922,Branch_11335,909,912,2000.0,1
9923,Branch_11336,4717,4718,29.061319383900027,1
9924,Branch_11337,5776,5775,9.480470231323473,1
9925,Branch_11338,5775,7249,11.52073732718894,1
9926,Branch_11339,5873,6025,7.002801120448179,1
9927,Branch_11340,5925,5956,24.05002405002405,1
9928,Branch_11341,5925,6025,9.416195856873824,1
9929,Branch_11342,1163,1164,2000.0,1
9930,Branch_11343,1162,1165,2000.0,1
9931,Branch_11344,935,937,2000.0,1
9932,Branch_11345,936,938,2000.0,1
9933,Branch_11346,2199,2668,68.02721088435374,1
9934,Branch_11347,1941,2249,99.60159362549801,1
9935,Branch_11348,2063,2169,30.959752321981423,1
9936,Branch_11349,2063,2234,204.08163265306123,1
9937,Branch_11351,7008,7568,158.9825119236884,1
9938,Branch_11352,6925,6923,5.356186395286556,1
9939,Branch_11353,6924,6923,5.356186395286556,1
9940,Branch_11354,7227,7226,3.3478406427854033,1
9941,Branch_11355,7225,7226,20.798668885191347,1
9942,Branch_11356,7224,7226,-154.5595054095827,1
9943,Branch_11357,6923,7224,296.7359050445104,1
9944,Branch_11358,7151,7354,56.2429696287964,1
9945,Branch_11359,1405,1406,12.189176011701608,1
9946,Branch_11360,230,1395,26.695141484249866,1
9947,Branch_11361,6768,6767,3.34817691766833,1
9948,Branch_11362,6768,7595,1408.4507042253522,1
9949,Branch_11363,195,1406,8.629616845012082,1
9950,Branch_11364,230,1406,2000.0,1
9951,Branch_11365,224,1647,746.2686567164179,1
9952,Branch_11366,1219,1405,1428.5714285714287,1
9953,Branch_11367,144,275,101.9367991845056,1
9954,Branch_11368,144,276,100.30090270812437,1
9955,Branch_11369,8192,8193,33.211557622052474,1
9956,Branch_11370,8192,8193,41.16920543433512,1
9957,Branch_11371,8154,8193,172.1170395869191,1
9958,Branch_11372,7607,7605,7.422802850356295,1
9959,Branch_11373,7607,7606,7.422802850356295,1
9960,Branch_11374,7608,7607,33.333333333333336,1
9961,Branch_11375,7603,7608,57.17552887364208,1
9962,Branch_11376,3913,3920,11.827321111768185,1
9963,Branch_11377,3917,3920,-113.76564277588169,1
9964,Branch_11378,3921,3920,5.889628364450203,1
9965,Branch_11379,3912,3923,10.703200256876807,1
9966,Branch_11380,3916,3923,-75.58578987150416,1
9967,Branch_11381,3922,3923,8.31739166597355,1
9968,Branch_11382,3913,3914,46.51162790697674,1
9969,Branch_11383,3919,3914,-485.43689320388347,1
9970,Branch_11384,3915,3914,8.959770629871874,1
9971,Branch_11385,9505,9503,9.668374746205163,1
9972,Branch_11386,9505,9504,9.668374746205163,1
9973,Branch_11387,6230,6292,5.140066820868672,1
9974,Branch_11388,8938,8939,8.160600620205647,1
9975,Branch_11389,8941,8942,13.468013468013469,1
9976,Branch_11390,9432,9434,2000.0,1
9977,Branch_11391,9434,9435,11.363636363636363,1
9978,Branch_11392,6755,6958,40.79967360261118,1
9979,Branch_11393,6634,6896,662.2516556291391,1
9980,Branch_11394,6635,6896,645.1612903225806,1
9981,Branch_11395,689,692,13.548299688389108,1
9982,Branch_11396,689,692,13.71553970648745,1
9983,Branch_11397,693,691,18.914318138831096,1
9984,Branch_11398,694,690,16.998130205677377,1
9985,Branch_11399,689,952,34.23485107839781,1
9986,Branch_11400,689,952,34.23485107839781,1
9987,Branch_11401,692,746,8.900756564307967,1
9988,Branch_11402,689,1616,16.215339711366955,1
9989,Branch_11403,288,289,4.784688995215311,1
9990,Branch_11404,288,290,4.784688995215311,1
9991,Branch_11405,287,288,2000.0,1
9992,Branch_11406,366,367,4.740235115661736,1
9993,Branch_11407,366,368,4.740235115661736,1
9994,Branch_11408,288,366,2000.0,1
9995,Branch_11409,6380,6385,47.80114722753346,1
9996,Branch_11410,4135,4778,60.20469596628537,1
9997,Branch_11411,4814,4815,10.025062656641603,1
9998,Branch_11412,540,541,2.886752691896885,1
9999,Branch_11413,539,541,2.880101379568561,1
10000,Branch_11414,539,540,2000.0,1
10001,Branch_11415,9013,9015,46.27487274409995,1
10002,Branch_11416,9014,9015,-460.8294930875576,1
10003,Branch_11417,9016,9015,8.932559178204556,1
10004,Branch_11418,704,1219,4.5024763619991,1
10005,Branch_11419,1405,1647,67.02412868632707,1
10006,Branch_11420,1213,1455,32.010243277848915,1
10007,Branch_11421,1213,1512,33.333333333333336,1
10008,Branch_11422,5850,6196,34.04834865509023,1
10009,Branch_11423,5859,6196,35.12469265893923,1
10010,Branch_11424,4842,4839,12.204051745179399,1
10011,Branch_11425,4842,4841,11.203226529240421,1
10012,Branch_11426,4842,4840,12.204051745179399,1
10013,Branch_11427,4834,4842,438.5964912280702,1
10014,Branch_11428,4333,4723,25.4323499491353,1
10015,Branch_11429,2037,2648,102.6694045174538,1
10016,Branch_11430,9329,9438,151.5151515151515,1
10017,Branch_11431,9438,9439,10.26167265264238,1
10018,Branch_11432,9438,9440,10.24485196188915,1
10019,Branch_11433,2726,3395,561.7977528089888,1
10020,Branch_11434,2726,4721,1298.7012987012988,1
10021,Branch_11435,2859,3212,152.67175572519085,1
10022,Branch_11437,74,76,38.095238095238095,1
10023,Branch_11438,74,76,38.095238095238095,1
10024,Branch_11439,74,78,2000.0,1
10025,Branch_11440,74,79,2000.0,1
10026,Branch_11441,76,80,2000.0,1
10027,Branch_11442,75,76,2000.0,1
10028,Branch_11443,74,81,2000.0,1
10029,Branch_11444,66,69,2000.0,1
10030,Branch_11445,66,72,2000.0,1
10031,Branch_11446,68,71,2000.0,1
10032,Branch_11447,74,77,2000.0,1
10033,Branch_11448,66,393,161.55088852988692,1
10034,Branch_11449,68,409,218.8183807439825,1
10035,Branch_11450,78,60,23.391812865497077,1
10036,Branch_11451,79,63,23.386342376052387,1
10037,Branch_11452,80,70,39.65107057890563,1
10038,Branch_11453,75,67,60.56935190793458,1
10039,Branch_11454,81,62,85.1063829787234,1
10040,Branch_11455,69,65,88.18342151675485,1
10041,Branch_11456,72,64,44.923629829290206,1
10042,Branch_11457,71,61,45.49590536851683,1
10043,Branch_11458,77,73,2.450980392156863,1
10044,Branch_11459,1615,1616,6.103515625,1
10045,Branch_11460,5483,5669,15.283509093687911,1
10046,Branch_11462,5483,5531,54.141851651326476,1
10047,Branch_11463,8451,8452,11.827321111768185,1
10048,Branch_11464,7039,7372,45.31037607612143,1
10049,Branch_11465,3169,3174,24.993751562109473,1
10050,Branch_11466,3172,3170,24.993751562109473,1
10051,Branch_11467,3173,3171,19.996000799840033,1
10052,Branch_11468,3169,3465,2000.0,1
10053,Branch_11469,3172,3465,2000.0,1
10054,Branch_11470,3173,3465,2000.0,1
10055,Branch_11479,7132,7267,4.127115146512588,1
10056,Branch_11480,3465,3805,2000.0,1
10057,Branch_11481,3465,3805,2000.0,1
10058,Branch_11483,4180,4444,57.70340450086555,1
10059,Branch_11484,552,553,1086.9565217391305,1
10060,Branch_11485,554,555,1041.6666666666667,1
10061,Branch_11486,4127,4128,10.114291493880854,1
10062,Branch_11487,4126,4128,98.03921568627452,1
10063,Branch_11488,4129,4128,91.49130832570906,1
10064,Branch_11489,2175,2176,2.632271650434325,1
10065,Branch_11490,900,901,2000.0,1
10066,Branch_11491,902,905,2000.0,1
10067,Branch_11492,903,904,2000.0,1
10068,Branch_11493,899,904,353.35689045936397,1
10069,Branch_11494,9024,9023,5.590027391134217,1
10070,Branch_11495,6894,7281,78.92659826361484,1
10071,Branch_11496,2414,2529,48.426150121065376,1
10072,Branch_11497,2208,2414,341.29692832764505,1
10073,Branch_11498,6891,6943,53.41880341880342,1
10074,Branch_11499,7340,7422,42.73504273504273,1
10075,Branch_11500,6891,7041,112.4859392575928,1
10076,Branch_11501,7697,7698,6.25,1
10077,Branch_11502,6112,6114,19.043991620643688,1
10078,Branch_11503,1703,1704,9.67305088024763,1
10079,Branch_11504,1703,1705,9.673986649898422,1
10080,Branch_11505,7151,7250,92.85051067780873,1
10081,Branch_11506,7151,7340,98.81422924901186,1
10082,Branch_11507,716,717,2000.0,1
10083,Branch_11508,718,719,2000.0,1
10084,Branch_11509,9051,9201,2000.0,1
10085,Branch_11510,9051,9202,2000.0,1
10086,Branch_11511,9201,9200,3.7815761609438816,1
10087,Branch_11512,9202,9203,3.7688915689895603,1
10088,Branch_11513,7630,7631,10.66894270777766,1
10089,Branch_11514,7323,7630,2000.0,1
10090,Branch_11515,3752,3976,42.46284501061571,1
10091,Branch_11516,1702,1701,9.004141905276427,1
10092,Branch_11517,7318,7490,7.311544929443591,1
10093,Branch_11518,7263,7318,13.30671989354624,1
10094,Branch_11519,4677,4673,27.277686852154936,1
10095,Branch_11520,4676,4674,27.700831024930746,1
10096,Branch_11521,4676,4675,39.635354736424894,1
10097,Branch_11522,3860,3861,-80.51529790660226,1
10098,Branch_11523,3859,3861,14.718869590815425,1
10099,Branch_11524,3857,3861,19.043991620643688,1
10100,Branch_11525,3856,3858,18.37897445322551,1
10101,Branch_11526,4669,4676,2000.0,1
10102,Branch_11527,4669,4677,2000.0,1
10103,Branch_11528,3860,4347,2000.0,1
10104,Branch_11529,3856,4347,2000.0,1
10105,Branch_11531,6995,7002,41.084634346754314,1
10106,Branch_11532,6993,7002,-454.54545454545456,1
10107,Branch_11533,7003,7002,6.72449734382355,1
10108,Branch_11534,6993,7005,9.469696969696969,1
10109,Branch_11535,6994,7005,-27.389756231169542,1
10110,Branch_11536,7004,7005,0.9746778689643073,1
10111,Branch_11543,6994,7030,17.33402669440111,1
10112,Branch_11544,2982,3355,10.507512871703268,1
10113,Branch_11545,9329,9406,62.46096189881324,1
10114,Branch_11546,9329,9406,62.53908692933083,1
10115,Branch_11547,6395,6404,2000.0,1
10116,Branch_11548,8934,9055,10.066438494060801,1
10117,Branch_11549,2889,2982,8.54627809588924,1
10118,Branch_11550,9119,9189,125.31328320802005,1
10119,Branch_11551,8365,8681,144.0922190201729,1
10120,Branch_11552,8681,8682,8.699434536755112,1
10121,Branch_11553,8681,8683,15.441630636195182,1
10122,Branch_11554,8681,8684,12.118274357731458,1
10123,Branch_11555,5094,8949,2000.0,1
10124,Branch_11556,3291,3289,12.470382840753212,1
10125,Branch_11557,3291,3289,12.470382840753212,1
10126,Branch_11558,3290,3294,77.51937984496124,1
10127,Branch_11559,3289,3294,65.359477124183,1
10128,Branch_11560,3295,3294,5.13083632632119,1
10129,Branch_11561,3290,3296,77.51937984496124,1
10130,Branch_11562,3289,3296,65.359477124183,1
10131,Branch_11563,3293,3296,5.13083632632119,1
10132,Branch_11564,9199,9208,2000.0,1
10133,Branch_11565,9019,9020,9.390553103577801,1
10134,Branch_11566,3291,3390,5.877858108505261,1
10135,Branch_11567,6489,6487,17.898693395382136,1
10136,Branch_11568,6489,6488,17.898693395382136,1
10137,Branch_11569,6416,6489,847.457627118644,1
10138,Branch_11570,8048,8049,14.413375612568464,1
10139,Branch_11571,7712,7711,7.012622720897616,1
10140,Branch_11572,5040,5039,8.594018563080096,1
10141,Branch_11573,4789,4790,24.224806201550386,1
10142,Branch_11574,2728,4789,234.192037470726,1
10143,Branch_11575,2862,2863,5.241090146750524,1
10144,Branch_11576,3183,4800,34.65003465003465,1
10145,Branch_11577,2250,2253,50.505050505050505,1
10146,Branch_11578,2252,2253,-326.797385620915,1
10147,Branch_11579,2254,2253,6.66000666000666,1
10148,Branch_11580,2250,2255,51.49330587023687,1
10149,Branch_11581,2252,2255,-344.82758620689657,1
10150,Branch_11582,2256,2255,6.607638430025109,1
10151,Branch_11583,8981,9138,2000.0,1
10152,Branch_11584,6700,7567,2000.0,1
10153,Branch_11585,8029,8030,5.767012687427912,1
10154,Branch_11586,7968,7967,14.30615164520744,1
10155,Branch_11587,7968,7967,8.435970980259828,1
10156,Branch_11588,2888,4497,90.17132551848512,1
10157,Branch_11589,4217,4497,33.9328130302002,1
10158,Branch_11590,2389,2391,6.802258349772124,1
10159,Branch_11591,2390,2388,6.802258349772124,1
10160,Branch_11592,1857,1859,4.597701149425287,1
10161,Branch_11593,1857,1858,2.0504408447816282,1
10162,Branch_11595,3826,5090,2000.0,1
10163,Branch_11596,4428,4981,78.67820613690007,1
10164,Branch_11597,8913,9019,59.701492537313435,1
10165,Branch_11598,8369,8371,46.08294930875576,1
10166,Branch_11599,8367,8371,-460.8294930875576,1
10167,Branch_11600,8373,8371,8.94854586129754,1
10168,Branch_11601,8369,8372,46.06172270842929,1
10169,Branch_11602,8367,8372,-462.962962962963,1
10170,Branch_11603,8374,8372,8.992805755395684,1
10171,Branch_11604,8367,8368,12.696800406297614,1
10172,Branch_11605,2830,4416,2000.0,1
10173,Branch_11606,4721,4719,36.062026685899745,1
10174,Branch_11607,4721,4720,36.062026685899745,1
10175,Branch_11608,5656,5701,2000.0,1
10176,Branch_11609,4305,4310,93.10986964618249,1
10177,Branch_11610,4306,4310,211.41649048625794,1
10178,Branch_11611,4311,4310,12.514078338130396,1
10179,Branch_11612,4305,4308,90.09009009009009,1
10180,Branch_11613,4304,4308,265.9574468085106,1
10181,Branch_11614,4309,4308,13.238019592268996,1
10182,Branch_11615,7767,7768,46.33920296570899,1
10183,Branch_11616,7766,7768,-454.54545454545456,1
10184,Branch_11617,7769,7768,8.94854586129754,1
10185,Branch_11618,6460,6461,12.035142616440005,1
10186,Branch_11619,1126,1127,109.64912280701755,1
10187,Branch_11620,4690,4722,2000.0,1
10188,Branch_11621,4690,4741,59.06674542232723,1
10189,Branch_11622,9370,9374,1190.4761904761904,1
10190,Branch_11623,9374,9375,5.29436679373147,1
10191,Branch_11624,5142,5143,5.555246930726071,1
10192,Branch_11625,3220,5142,5.974072525240456,1
10193,Branch_11626,3289,4197,28.49002849002849,1
10194,Branch_11627,4297,4296,6.230529595015576,1
10195,Branch_11628,2879,4297,2000.0,1
10196,Branch_11629,8676,8677,2000.0,1
10197,Branch_11630,2729,3584,714.2857142857143,1
10198,Branch_11631,3584,4714,2000.0,1
10199,Branch_11632,7913,7912,7.089181908407769,1
10200,Branch_11633,7923,7924,5.668934240362812,1
10201,Branch_11634,8919,8990,8.869179600886918,1
10202,Branch_11635,357,358,2000.0,1
10203,Branch_11636,359,360,2000.0,1
10204,Branch_11637,8015,8016,2.152389151958674,1
10205,Branch_11638,8016,8714,161.29032258064515,1
10206,Branch_11639,1016,1022,-529.1005291005291,1
10207,Branch_11640,1015,1022,51.440329218106996,1
10208,Branch_11641,1024,1022,10.165700925078784,1
10209,Branch_11645,1014,1025,133.33333333333334,1
10210,Branch_11646,1015,1025,88.261253309797,1
10211,Branch_11647,1023,1025,9.885330170027679,1
10212,Branch_11648,1020,1026,-174.52006980802793,1
10213,Branch_11649,1014,1026,23.452157598499063,1
10214,Branch_11650,1027,1026,5.977286312014345,1
10215,Branch_11651,1014,1196,58.07200929152149,1
10216,Branch_11652,1014,1197,56.98005698005698,1
10217,Branch_11653,3547,4155,45.662100456621005,1
10218,Branch_11654,4105,4155,155.52099533437013,1
10219,Branch_11655,1129,1141,2000.0,1
10220,Branch_11656,1129,1141,2000.0,1
10221,Branch_11657,7078,7396,60.09615384615385,1
10222,Branch_11658,7078,7274,41.98152812762385,1
10223,Branch_11659,6325,6460,408.16326530612247,1
10224,Branch_11660,834,835,5.430355688297584,1
10225,Branch_11661,688,1672,2000.0,1
10226,Branch_11662,6882,6937,5.561735261401557,1
10227,Branch_11663,6937,7200,30.211480362537763,1
10228,Branch_11664,4122,4121,10.554089709762533,1
10229,Branch_11665,4120,4121,-165.28925619834712,1
10230,Branch_11666,4123,4121,2.401998462720984,1
10231,Branch_11667,4767,4773,2000.0,1
10232,Branch_11668,3061,4613,34.27004797806717,1
10233,Branch_11669,3183,4613,261.78010471204186,1
10234,Branch_11670,4044,4683,114.94252873563218,1
10235,Branch_11671,3146,4683,111.98208286674132,1
10236,Branch_11672,3137,4159,94.9667616334283,1
10237,Branch_11673,2973,2972,6.231306081754735,1
10238,Branch_11674,2973,3027,27.3224043715847,1
10239,Branch_11683,1576,1577,2000.0,1
10240,Branch_11684,1575,1578,2000.0,1
10241,Branch_11685,4351,4350,7.610350076103501,1
10242,Branch_11686,4349,4350,100.0,1
10243,Branch_11687,4353,4350,3.0712530712530715,1
10244,Branch_11688,7913,8460,37.105751391465674,1
10245,Branch_11689,7923,8460,23.266635644485806,1
10246,Branch_11690,1423,1578,166.9449081803005,1
10247,Branch_11691,3756,4124,2000.0,1
10248,Branch_11692,3391,4665,16.466326362588507,1
10249,Branch_11693,4616,4665,68.3526999316473,1
10250,Branch_11694,2805,4665,50.403225806451616,1
10251,Branch_11695,2805,4665,51.36106831022085,1
10252,Branch_11696,2805,4665,50.68423720223011,1
10253,Branch_11697,3977,4647,35.29827038475115,1
10254,Branch_11698,2684,4647,97.0873786407767,1
10255,Branch_11699,3551,4647,201.61290322580646,1
10256,Branch_11701,780,781,2000.0,1
10257,Branch_11702,4183,4179,30.959752321981423,1
10258,Branch_11703,4180,4179,-384.61538461538464,1
10259,Branch_11704,4182,4179,8.176614881439084,1
10260,Branch_11705,4183,4178,30.959752321981423,1
10261,Branch_11706,4180,4178,-384.61538461538464,1
10262,Branch_11707,4181,4178,10.81081081081081,1
10263,Branch_11708,8646,8645,56.21135469364812,1
10264,Branch_11709,8154,8222,193.05019305019306,1
10265,Branch_11710,8552,8551,10.498687664041995,1
10266,Branch_11711,1811,2599,53.05039787798408,1
10267,Branch_11712,2086,2657,51.3347022587269,1
10268,Branch_11713,2200,2202,2000.0,1
10269,Branch_11715,2303,2676,1666.6666666666667,1
10270,Branch_11716,143,5320,39.635354736424894,1
10271,Branch_11717,143,5320,39.666798889329634,1
10272,Branch_11719,1914,2215,147.92899408284023,1
10273,Branch_11720,2884,4615,15.126304643775526,1
10274,Branch_11721,4197,4615,120.91898428053204,1
10275,Branch_11722,5811,5810,10.612331529236974,1
10276,Branch_11723,5811,5810,10.574177857671566,1
10277,Branch_11724,5810,5812,2000.0,1
10278,Branch_11725,4902,4903,14.677821811243211,1
10279,Branch_11726,4902,4904,10.529640939243972,1
10280,Branch_11727,4902,4905,15.812776723592663,1
10281,Branch_11729,4890,4902,1960.7843137254902,1
10282,Branch_11730,8326,8329,10.702054794520548,1
10283,Branch_11731,8327,8329,-71.83908045977012,1
10284,Branch_11732,8330,8329,2.6010508245331114,1
10285,Branch_11733,8326,8331,10.40582726326743,1
10286,Branch_11734,8327,8331,-63.775510204081634,1
10287,Branch_11735,8332,8331,2.467003823855927,1
10288,Branch_11736,8326,8333,19.043991620643688,1
10289,Branch_11737,6962,6963,1.6337199803953601,1
10290,Branch_11738,6962,6964,1.7723268879712173,1
10291,Branch_11739,889,1324,68.02721088435374,1
10292,Branch_11740,144,145,-248.75621890547265,1
10293,Branch_11741,143,145,54.614964500273075,1
10294,Branch_11742,146,145,10.619093129446744,1
10295,Branch_11743,144,147,-248.75621890547265,1
10296,Branch_11744,143,147,55.09641873278237,1
10297,Branch_11745,148,147,10.771219302024988,1
10298,Branch_11746,144,149,-243.90243902439025,1
10299,Branch_11747,143,149,54.31830526887561,1
10300,Branch_11748,150,149,10.573059843518715,1
10301,Branch_11749,6583,6582,15.28117359413203,1
10302,Branch_11750,6458,6583,2000.0,1
10303,Branch_11751,2624,2628,27.100271002710027,1
10304,Branch_11752,2623,2628,-476.1904761904762,1
10305,Branch_11753,2630,2628,19.29384526336099,1
10306,Branch_11754,2624,2629,27.233115468409586,1
10307,Branch_11755,2623,2629,-375.9398496240602,1
10308,Branch_11756,2631,2629,6.572461386789352,1
10309,Branch_11757,2624,2626,26.595744680851062,1
10310,Branch_11758,2623,2626,-270.27027027027026,1
10311,Branch_11759,2627,2626,6.574621959237344,1
10312,Branch_11760,923,1212,2000.0,1
10313,Branch_11761,923,1212,2000.0,1
