,l,branch_name,from_bus,to_bus,suscept,available,monitored
0,1,Branch_1,4453,4546,143.67816091954023,1,False
1,2,Branch_2,3413,4372,2000.0,1,False
2,3,Branch_3,3143,3157,2000.0,1,False
3,4,Branch_4,3805,4074,51.4668039114771,1,False
4,5,Branch_5,3027,3563,127.2264631043257,1,False
5,6,Branch_6,3247,3450,89.28571428571429,1,False
6,7,Branch_7,8885,9057,2000.0,1,False
7,8,Branch_8,5389,5480,67.24949562878278,1,False
8,9,Branch_9,5389,5569,72.67441860465117,1,False
9,10,Branch_10,5389,5422,129.5336787564767,1,False
10,11,Branch_11,3822,4768,2000.0,1,False
11,12,Branch_12,2054,2078,28.153153153153152,1,False
12,13,Branch_13,3870,4747,1123.5955056179776,1,False
13,14,Branch_14,3870,4050,182.4817518248175,1,False
14,15,Branch_15,2901,4000,159.4896331738437,1,False
15,16,Branch_16,3655,3723,77.22007722007721,1,False
16,17,Branch_17,3655,4399,96.43201542912249,1,False
17,18,Branch_18,3110,3655,138.69625520110958,1,False
18,19,Branch_19,3110,3458,87.71929824561404,1,False
19,20,Branch_20,3458,4000,107.2961373390558,1,False
20,21,Branch_24,3658,4658,57.93742757821553,1,False
21,22,Branch_25,3658,3723,74.96251874062969,1,False
22,23,Branch_26,1849,2547,11.72332942555686,1,False
23,24,Branch_27,4476,4747,289.8550724637681,1,False
24,25,Branch_28,2763,4658,36.205648081100655,1,False
25,26,Branch_29,3202,3941,112.73957158962796,1,False
26,27,Branch_30,3784,3941,75.24454477050413,1,False
27,28,Branch_31,3202,3324,58.75440658049354,1,False
28,29,Branch_32,2763,3941,50.53057099545225,1,False
29,30,Branch_35,3851,4658,46.403712296983755,1,False
30,31,Branch_36,3851,4343,18.96453631708705,1,False
31,32,Branch_38,2123,2440,342.4657534246575,1,False
32,33,Branch_39,3448,4129,160.0,1,False
33,34,Branch_40,4588,4712,256.4102564102564,1,False
34,35,Branch_41,3516,4129,649.3506493506494,1,False
35,36,Branch_42,3516,3763,1639.344262295082,1,False
36,37,Branch_43,3763,4712,156.49452269170578,1,False
37,38,Branch_47,2228,2552,97.84735812133071,1,False
38,39,Branch_48,3448,4130,150.6024096385542,1,False
39,40,Branch_49,3762,4590,97.18172983479106,1,False
40,41,Branch_50,3762,4109,826.4462809917355,1,False
41,42,Branch_51,4109,4130,793.6507936507936,1,False
42,43,Branch_56,3646,5119,112.6126126126126,1,False
43,44,Branch_59,3525,4529,207.0393374741201,1,False
44,45,Branch_60,3409,4087,78.98894154818325,1,False
45,46,Branch_61,3643,3819,230.4147465437788,1,False
46,47,Branch_62,4545,4888,434.7826086956522,1,False
47,48,Branch_63,3409,3843,115.2073732718894,1,False
48,49,Branch_64,3462,3843,346.02076124567475,1,False
49,50,Branch_65,3167,3462,134.2281879194631,1,False
50,51,Branch_66,4046,4529,166.9449081803005,1,False
51,52,Branch_67,3819,4681,291.5451895043732,1,False
52,53,Branch_68,3912,4681,980.3921568627452,1,False
53,54,Branch_69,3525,3819,230.4147465437788,1,False
54,55,Branch_70,4046,4087,200.4008016032064,1,False
55,56,Branch_71,3429,4087,165.56291390728478,1,False
56,57,Branch_72,4681,4888,107.9913606911447,1,False
57,58,Branch_73,2815,3462,50.25125628140704,1,False
58,59,Branch_74,4530,5119,126.9035532994924,1,False
59,60,Branch_75,3645,5119,138.50415512465375,1,False
60,61,Branch_77,1974,2641,76.21951219512195,1,False
61,62,Branch_78,4294,4476,283.28611898017,1,False
62,63,Branch_79,4294,4546,118.48341232227487,1,False
63,64,Branch_80,3913,4680,980.3921568627452,1,False
64,65,Branch_81,4047,4088,200.4008016032064,1,False
65,66,Branch_83,4088,4245,80.84074373484236,1,False
66,67,Branch_84,3448,4274,201.6129032258065,1,False
67,68,Branch_85,3697,4680,222.22222222222223,1,False
68,69,Branch_87,3818,4680,291.5451895043732,1,False
69,70,Branch_88,3644,3818,230.4147465437788,1,False
70,71,Branch_89,3644,3725,222.22222222222223,1,False
71,72,Branch_90,4245,4274,177.3049645390071,1,False
72,73,Branch_91,3011,4274,248.75621890547265,1,False
73,74,Branch_92,3428,4088,165.56291390728478,1,False
74,75,Branch_93,2805,3697,2000.0,1,False
75,76,Branch_94,2805,4889,163.3986928104575,1,False
76,77,Branch_95,4545,4889,434.7826086956522,1,False
77,78,Branch_96,3524,3818,840.3361344537815,1,False
78,79,Branch_97,3524,5119,2000.0,1,False
79,80,Branch_98,2814,3377,59.73715651135006,1,False
80,81,Branch_99,2814,4682,55.40166204986149,1,False
81,82,Branch_100,4501,4545,98.91196834817012,1,False
82,83,Branch_101,4147,4501,59.171597633136095,1,False
83,84,Branch_102,4147,4431,58.445353594389246,1,False
84,85,Branch_103,3459,4682,163.3986928104575,1,False
85,86,Branch_104,2814,4431,37.764350453172206,1,False
86,87,Branch_105,4811,4818,276.24309392265195,1,False
87,88,Branch_106,4810,4818,276.24309392265195,1,False
88,89,Branch_107,2123,2292,147.27540500736376,1,False
89,90,Branch_108,3198,4853,370.3703703703704,1,False
90,91,Branch_109,3198,4546,578.0346820809249,1,False
91,92,Branch_112,3448,4273,201.6129032258065,1,False
92,93,Branch_113,3408,4244,116.95906432748538,1,False
93,94,Branch_114,3461,3831,145.5604075691412,1,False
94,95,Branch_115,3408,3844,115.2073732718894,1,False
95,96,Branch_116,3461,3844,346.02076124567475,1,False
96,97,Branch_117,4244,4273,173.91304347826087,1,False
97,98,Branch_118,2815,3831,76.74597083653109,1,False
98,99,Branch_119,3166,3461,134.2281879194631,1,False
99,100,Branch_120,3010,4273,248.75621890547265,1,False
100,101,Branch_125,3525,5120,2000.0,1,False
101,102,Branch_129,4546,4853,222.22222222222223,1,False
102,103,Branch_131,5199,5511,32.102728731942214,1,False
103,104,Branch_132,5511,5581,26.845637583892614,1,False
104,105,Branch_133,4047,5119,70.77140835102618,1,False
105,106,Branch_140,1875,2292,90.66183136899366,1,False
106,107,Branch_142,3569,3659,188.32391713747649,1,False
107,108,Branch_143,4042,4363,68.87052341597796,1,False
108,109,Branch_144,3432,4363,51.84033177812338,1,False
109,110,Branch_145,4042,4909,65.7030223390276,1,False
110,111,Branch_146,3569,4909,134.40860215053763,1,False
111,112,Branch_147,1944,2610,75.52870090634441,1,False
112,113,Branch_149,1975,2093,73.31378299120234,1,False
113,114,Branch_150,2706,5236,68.1663258350375,1,False
114,115,Branch_151,3800,4112,137.5515818431912,1,False
115,116,Branch_152,3659,4780,52.43838489774515,1,False
116,117,Branch_153,2693,3800,89.68609865470852,1,False
117,118,Branch_154,2693,4780,138.50415512465375,1,False
118,119,Branch_155,5275,5528,29.585798816568047,1,False
119,120,Branch_156,3660,4352,139.08205841446454,1,False
120,121,Branch_157,3659,4406,66.09385327164574,1,False
121,122,Branch_158,4406,4791,202.83975659229208,1,False
122,123,Branch_159,4406,4781,253.80710659898477,1,False
123,124,Branch_160,4789,4880,2000.0,1,False
124,125,Branch_161,4791,4880,2000.0,1,False
125,126,Branch_162,6109,6187,212.7659574468085,1,False
126,127,Branch_163,3316,3414,209.20502092050208,1,False
127,128,Branch_164,3316,3659,58.37711617046118,1,False
128,129,Branch_165,3178,3316,571.4285714285714,1,False
129,130,Branch_166,3316,4458,71.02272727272727,1,False
130,131,Branch_167,5796,6148,24.81389578163772,1,False
131,132,Branch_168,8763,9005,63.45177664974619,1,False
132,133,Branch_169,8763,8842,63.73486297004462,1,False
133,134,Branch_170,8763,8916,21.734405564007822,1,False
134,135,Branch_171,9058,9088,258.3979328165375,1,False
135,136,Branch_172,8916,8996,123.60939431396788,1,False
136,137,Branch_173,8996,9058,2000.0,1,False
137,138,Branch_174,9088,9089,31.12356053532524,1,False
138,139,Branch_175,8939,9088,27.151778441487917,1,False
139,140,Branch_176,8752,9089,2000.0,1,False
140,141,Branch_177,8752,9270,61.61429451632779,1,False
141,142,Branch_178,2211,2657,67.02412868632707,1,False
142,143,Branch_179,2806,4589,104.9317943336831,1,False
143,144,Branch_180,3304,3591,1538.4615384615386,1,False
144,145,Branch_181,3304,4259,149.7005988023952,1,False
145,146,Branch_182,4259,4587,1123.5955056179776,1,False
146,147,Branch_183,4587,4746,245.09803921568627,1,False
147,148,Branch_184,2806,3591,751.8796992481203,1,False
148,149,Branch_186,1761,1875,21.408691928923144,1,False
149,150,Branch_187,4586,4746,242.13075060532688,1,False
150,151,Branch_188,3234,4342,117.9245283018868,1,False
151,152,Branch_189,3305,3665,147.05882352941177,1,False
152,153,Branch_190,3234,4592,119.47431302270012,1,True
153,154,Branch_191,3234,3590,621.1180124223603,1,False
154,155,Branch_192,4258,4586,1123.5955056179776,1,False
155,156,Branch_193,3665,4456,95.23809523809524,1,False
156,157,Branch_194,4258,4456,1282.051282051282,1,False
157,158,Branch_195,3305,3590,1538.4615384615386,1,False
158,159,Branch_197,6016,6499,401.6064257028112,1,False
159,160,Branch_198,2169,5705,15.299877600979192,1,False
160,161,Branch_200,3869,4746,116.95906432748538,1,False
161,162,Branch_201,3869,4025,109.40919037199124,1,False
162,163,Branch_203,2013,2270,20.837674515524068,1,False
163,164,Branch_204,5307,5604,19.04036557501904,1,False
164,165,Branch_205,5193,5494,34.73428273706148,1,False
165,166,Branch_206,5193,5604,31.201248049921997,1,False
166,167,Branch_207,2013,2199,46.2962962962963,1,False
167,168,Branch_208,5196,5432,2000.0,1,False
168,169,Branch_209,5192,5196,77.9423226812159,1,False
169,170,Branch_210,5192,5238,97.46588693957116,1,False
170,171,Branch_211,5196,5604,40.19292604501608,1,False
171,172,Branch_215,5177,5283,64.06149903907752,1,False
172,173,Branch_216,5177,5384,126.26262626262626,1,False
173,174,Branch_217,5177,5525,45.20795660036166,1,False
174,175,Branch_218,5194,5283,73.96449704142012,1,False
175,176,Branch_219,5189,5525,45.20795660036166,1,False
176,177,Branch_220,5194,5604,35.4735721887194,1,False
177,178,Branch_223,2362,2382,59.701492537313435,1,False
178,179,Branch_225,2402,6354,17.911517105498834,1,False
179,180,Branch_226,7737,7800,223.71364653243847,1,False
180,181,Branch_227,3561,4079,15.559358954411078,1,False
181,182,Branch_236,1984,2079,7.957981855801369,1,False
182,183,Branch_238,3893,4527,13.05653479566523,1,False
183,184,Branch_239,3893,4443,17.37921445950643,1,False
184,185,Branch_241,4527,5039,46.62004662004662,1,False
185,186,Branch_242,2920,5039,2000.0,1,False
186,187,Branch_243,3038,4079,35.98416696653472,1,False
187,188,Branch_244,3038,5039,19.952114924181963,1,False
188,189,Branch_245,5143,5261,165.8374792703151,1,False
189,190,Branch_246,5143,5478,72.04610951008645,1,False
190,191,Branch_247,5143,5424,333.3333333333333,1,False
191,192,Branch_248,5147,5261,763.3587786259542,1,False
192,193,Branch_249,5141,5478,47.57373929590866,1,True
193,194,Branch_250,4764,5141,29.394473838918284,1,False
194,195,Branch_251,2904,3596,23.507287259050305,1,False
195,196,Branch_252,3596,4764,16.863406408094434,1,False
196,197,Branch_253,2904,3324,32.733224222585925,1,False
197,198,Branch_255,2560,5983,20.755500207555,1,False
198,199,Branch_257,5258,5571,85.5431993156544,1,False
199,200,Branch_258,5323,5424,34.18803418803419,1,False
200,201,Branch_259,5219,5323,34.18803418803419,1,False
201,202,Branch_260,5184,5258,28.240609997175937,1,False
202,203,Branch_261,5184,5399,28.87669650591972,1,False
203,204,Branch_262,5184,5219,15.688735487919674,1,False
204,205,Branch_263,5571,5572,43.440486533449175,1,False
205,206,Branch_264,5517,5572,9.96710854181202,1,False
206,207,Branch_265,5238,5517,45.08566275924256,1,False
207,208,Branch_266,5211,5399,65.57377049180327,1,False
208,209,Branch_267,5174,5399,2000.0,1,False
209,210,Branch_270,2340,2658,43.38394793926247,1,False
210,211,Branch_272,5319,5338,56.88282138794085,1,False
211,212,Branch_273,5273,5304,82.98755186721992,1,False
212,213,Branch_277,5319,5619,42.62574595055413,1,False
213,214,Branch_278,5338,5636,892.8571428571429,1,False
214,215,Branch_279,5199,5498,14.84560570071259,1,False
215,216,Branch_280,5498,5619,20.990764063811923,1,False
216,217,Branch_281,1903,2079,7.273785277858598,1,False
217,218,Branch_282,5256,5506,24.33682161109759,1,False
218,219,Branch_283,5266,5592,143.88489208633092,1,False
219,220,Branch_284,5173,5266,77.33952049497293,1,False
220,221,Branch_285,5424,5506,12.12856276531231,1,False
221,222,Branch_286,5347,5452,62.93266205160478,1,False
222,223,Branch_287,5173,5372,50.70993914807302,1,False
223,224,Branch_288,5265,5347,42.5531914893617,1,False
224,225,Branch_289,5266,5272,23.872045834328,1,False
225,226,Branch_290,5347,5506,42.99226139294927,1,False
226,227,Branch_291,5265,5284,30.497102775236353,1,False
227,228,Branch_292,5372,5452,27.01242571582928,1,False
228,229,Branch_293,5292,5592,38.02281368821293,1,False
229,230,Branch_294,5272,5619,81.76614881439085,1,False
230,231,Branch_295,5235,5272,847.457627118644,1,False
231,232,Branch_296,5454,5495,16.331863465621428,1,False
232,233,Branch_297,5275,5420,273.972602739726,1,False
233,234,Branch_298,5284,5495,26.72367717797969,1,False
234,235,Branch_299,5420,5454,20.124773596297043,1,False
235,236,Branch_300,2018,2078,15.121729925903525,1,False
236,237,Branch_302,5617,5636,33.244680851063826,1,False
237,238,Branch_303,5273,5617,48.2392667631452,1,False
238,239,Branch_304,5273,5424,23.674242424242426,1,False
239,240,Branch_305,1949,5499,11.665888940737284,1,False
240,241,Branch_306,1949,2161,37.85011355034065,1,False
241,242,Branch_310,3765,4374,41.63197335553705,1,False
242,243,Branch_311,3411,4374,216.9197396963124,1,False
243,244,Branch_312,3417,3794,90.66183136899366,1,False
244,245,Branch_313,3500,3872,68.4931506849315,1,False
245,246,Branch_314,3872,4502,526.3157894736842,1,False
246,247,Branch_315,3023,3417,80.32128514056225,1,False
247,248,Branch_316,3023,4502,189.3939393939394,1,False
248,249,Branch_317,3023,3097,117.37089201877934,1,False
249,250,Branch_318,4027,4848,173.61111111111111,1,False
250,251,Branch_319,3501,4848,113.2502831257078,1,False
251,252,Branch_322,3436,4027,16.142050040355127,1,False
252,253,Branch_323,3324,4493,37.93626707132018,1,False
253,254,Branch_324,4399,4493,122.24938875305624,1,False
254,255,Branch_327,1774,2017,12.856775520699408,1,False
255,256,Branch_328,3324,3948,35.842293906810035,1,False
256,257,Branch_329,4571,4632,116.14401858304298,1,False
257,258,Branch_330,3473,3739,2000.0,1,False
258,259,Branch_332,3473,4571,105.3740779768177,1,False
259,260,Branch_333,3948,4632,98.13542688910697,1,False
260,261,Branch_334,4571,4957,222.71714922048997,1,False
261,262,Branch_335,2901,4957,869.5652173913044,1,False
262,263,Branch_336,3247,4177,62.18905472636816,1,False
263,264,Branch_337,2017,2550,6.699718611818303,1,False
264,265,Branch_338,7838,8218,116.0092807424594,1,False
265,266,Branch_339,4177,5053,14.94098311668908,1,False
266,267,Branch_340,7212,7694,59.45303210463734,1,False
267,268,Branch_341,7245,7694,81.9000819000819,1,False
268,269,Branch_345,3324,5053,27.616680475006905,1,False
269,270,Branch_346,2270,2364,93.10986964618247,1,False
270,271,Branch_347,3598,3632,343.64261168384877,1,False
271,272,Branch_348,3632,4590,140.0560224089636,1,False
272,273,Branch_349,3632,4737,217.3913043478261,1,False
273,274,Branch_350,3520,4029,43.936731107205624,1,False
274,275,Branch_351,3733,4737,108.57763300760044,1,False
275,276,Branch_352,3598,4726,174.21602787456445,1,False
276,277,Branch_353,4029,4084,227.79043280182233,1,False
277,278,Branch_354,3772,4029,160.25641025641025,1,False
278,279,Branch_355,3611,3772,103.41261633919338,1,False
279,280,Branch_356,3733,4084,282.4858757062147,1,False
280,281,Branch_357,2018,2468,19.440124416796262,1,False
281,282,Branch_358,3753,4017,68.68131868131869,1,False
282,283,Branch_359,4006,4017,226.75736961451247,1,False
283,284,Branch_360,2694,3945,129.5336787564767,1,False
284,285,Branch_361,3302,3918,92.08103130755065,1,False
285,286,Branch_362,4006,4739,60.09615384615385,1,False
286,287,Branch_363,3945,4588,103.95010395010397,1,False
287,288,Branch_364,3302,4437,129.87012987012986,1,False
288,289,Branch_365,4015,4739,153.60983102918587,1,False
289,290,Branch_366,3207,4006,787.4015748031496,1,False
290,291,Branch_367,2694,4017,103.30578512396694,1,False
291,292,Branch_368,3302,4015,2000.0,1,False
292,293,Branch_369,6810,7169,30.084235860409144,1,False
293,294,Branch_370,2077,2565,133.5113484646195,1,False
294,295,Branch_371,4128,4337,869.5652173913044,1,False
295,296,Branch_372,3339,4128,264.55026455026456,1,False
296,297,Branch_373,3671,4128,215.05376344086025,1,False
297,298,Branch_374,3944,4590,103.41261633919338,1,False
298,299,Branch_375,3671,3944,98.71668311944718,1,False
299,300,Branch_376,3339,3802,729.92700729927,1,False
300,301,Branch_377,3802,4907,534.75935828877,1,False
301,302,Branch_378,4279,4907,153.60983102918587,1,False
302,303,Branch_379,5689,6304,17.23543605653223,1,False
303,304,Branch_380,5264,5395,23.91772303276728,1,False
304,305,Branch_381,5264,5419,43.2338953739732,1,False
305,306,Branch_382,5275,5419,11.560693641618498,1,False
306,307,Branch_383,5238,5395,37.453183520599254,1,False
307,308,Branch_384,5838,5915,139.66480446927375,1,False
308,309,Branch_385,5307,5484,114.41647597254004,1,False
309,310,Branch_386,5339,5381,558.659217877095,1,False
310,311,Branch_387,5339,5484,114.41647597254004,1,False
311,312,Branch_388,5238,5381,16.046213093709884,1,False
312,313,Branch_389,2454,2550,15.733165512901197,1,False
313,314,Branch_390,2135,2267,12.196609342602756,1,False
314,315,Branch_391,5188,5497,578.0346820809249,1,False
315,316,Branch_392,5183,5497,32.1646831778707,1,False
316,317,Branch_393,5180,5183,80.64516129032258,1,False
317,318,Branch_394,5171,5183,151.9756838905775,1,False
318,319,Branch_395,5168,5180,134.9527665317139,1,False
319,320,Branch_396,5171,5175,95.51098376313276,1,False
320,321,Branch_397,5168,5238,353.35689045936397,1,False
321,322,Branch_398,5168,5532,144.50867052023122,1,False
322,323,Branch_399,5171,5384,183.8235294117647,1,False
323,324,Branch_400,5187,5188,2000.0,1,False
324,325,Branch_401,6675,7679,2000.0,1,False
325,326,Branch_402,3048,4780,102.56410256410255,1,False
326,327,Branch_403,3048,3237,186.9158878504673,1,False
327,328,Branch_404,3182,3237,215.9827213822894,1,False
328,329,Branch_405,2613,2634,34.36426116838488,1,False
329,330,Branch_406,1118,1375,3030.3030303030305,1,False
330,331,Branch_407,1118,1375,3030.3030303030305,1,False
331,332,Branch_408,315,1118,357.14285714285717,1,False
332,333,Branch_409,315,1118,357.14285714285717,1,False
333,334,Branch_410,315,324,2061.855670103093,1,False
334,335,Branch_411,315,324,2061.855670103093,1,False
335,336,Branch_412,324,1716,896.8609865470852,1,False
336,337,Branch_413,324,1716,896.8609865470852,1,False
337,338,Branch_414,6912,7385,1315.7894736842106,1,False
338,339,Branch_415,6609,6912,258.3979328165375,1,False
339,340,Branch_417,7102,7604,90.00900090009002,1,False
340,341,Branch_418,6690,7102,1190.4761904761904,1,False
341,342,Branch_419,6675,7102,100.50251256281408,1,False
342,343,Branch_420,7604,7605,20.3210729526519,1,False
343,344,Branch_423,382,1075,19.036740909956215,1,False
344,345,Branch_424,245,1075,132.4503311258278,1,False
345,346,Branch_425,7385,7386,390.625,1,False
346,347,Branch_426,111,1337,485.4368932038834,1,False
347,348,Branch_427,404,1337,184.1620626151013,1,False
348,349,Branch_428,473,764,645.1612903225806,1,False
349,350,Branch_429,7356,7358,75.18796992481202,1,False
350,351,Branch_430,7356,7357,75.18796992481202,1,True
351,352,Branch_431,439,443,374.53183520599254,1,False
352,353,Branch_433,9148,9149,2000.0,1,False
353,354,Branch_434,7427,7429,235.2941176470588,1,False
354,355,Branch_435,7427,7428,724.6376811594203,1,False
355,356,Branch_436,7145,7428,28.555111364934323,1,False
356,357,Branch_437,6664,7173,62.93266205160478,1,False
357,358,Branch_438,7289,7290,806.4516129032259,1,False
358,359,Branch_439,7288,7289,2000.0,1,False
359,360,Branch_440,1166,1200,45.433893684688776,1,False
360,361,Branch_441,6849,7188,50.403225806451616,1,False
361,362,Branch_442,6608,7188,2000.0,1,False
362,363,Branch_443,6607,7188,2000.0,1,False
363,364,Branch_444,7188,7434,42.99226139294927,1,False
364,365,Branch_445,7173,7174,2000.0,1,False
365,366,Branch_446,7174,7631,31.575623618566468,1,False
366,367,Branch_447,32,320,116.95906432748538,1,False
367,368,Branch_448,7306,7308,75.18796992481202,1,False
368,369,Branch_449,7306,7307,75.18796992481202,1,False
369,370,Branch_450,6633,7306,71.78750897343862,1,False
370,371,Branch_451,6668,7174,71.32667617689016,1,False
371,372,Branch_452,6668,7459,517.0167997060887,1,False
372,373,Branch_453,6668,7459,517.0167997060887,1,False
373,374,Branch_454,6668,7601,2000.0,1,False
374,375,Branch_455,6658,7631,3457.5260804769005,1,False
375,376,Branch_456,6658,7631,3457.5260804769005,1,False
376,377,Branch_457,111,1654,526.3157894736842,1,False
377,378,Branch_458,111,547,239.8081534772182,1,False
378,379,Branch_459,6658,7067,49.14004914004914,1,False
379,380,Branch_460,2850,4149,2000.0,1,False
380,381,Branch_461,6603,7156,2000.0,1,False
381,382,Branch_462,7156,7345,81.23476848090984,1,False
382,383,Branch_463,7157,7288,129.87012987012986,1,False
383,384,Branch_464,6603,7157,2000.0,1,False
384,385,Branch_467,7431,7606,183.8235294117647,1,False
385,386,Branch_471,6668,7012,69.95023753044526,1,False
386,387,Branch_472,6668,7012,69.95023753044526,1,False
387,388,Branch_474,7535,7614,292.39766081871346,1,False
388,389,Branch_477,6603,6604,2000.0,1,False
389,390,Branch_478,7274,7275,450.4504504504504,1,False
390,391,Branch_479,6766,7273,1111.111111111111,1,False
391,392,Branch_480,7273,7535,1315.7894736842106,1,False
392,393,Branch_481,7273,7274,2000.0,1,False
393,394,Branch_482,7347,7348,241.54589371980677,1,False
394,395,Branch_483,7346,7347,2000.0,1,False
395,396,Branch_484,7346,7428,65.1890482398957,1,False
396,397,Branch_486,7012,7488,2000.0,1,False
397,398,Branch_487,6849,7619,32.22687721559781,1,False
398,399,Branch_488,6849,7586,1851.851851851852,1,False
399,400,Branch_490,329,435,431.0344827586207,1,False
400,401,Branch_492,6675,7014,2000.0,1,False
401,402,Branch_493,2742,2749,2000.0,1,False
402,403,Branch_494,382,995,64.80881399870383,1,False
403,404,Branch_495,7619,7620,221.72949002217297,1,False
404,405,Branch_496,7349,7619,2941.176470588235,1,False
405,406,Branch_497,7349,7619,2941.176470588235,1,False
406,407,Branch_498,7419,7421,191.57088122605364,1,False
407,408,Branch_499,7419,7602,2000.0,1,False
408,409,Branch_500,7419,7420,191.57088122605364,1,False
409,410,Branch_501,7402,7419,2000.0,1,False
410,411,Branch_502,547,1518,161.81229773462783,1,False
411,412,Branch_503,7109,7584,2000.0,1,False
412,413,Branch_504,7298,7306,2000.0,1,False
413,414,Branch_505,7359,7360,2000.0,1,False
414,415,Branch_506,7369,7431,2000.0,1,False
415,416,Branch_507,7359,7369,2000.0,1,False
416,417,Branch_509,403,958,291.3775174550625,1,False
417,418,Branch_510,403,958,291.3775174550625,1,False
418,419,Branch_511,6510,7605,8.88651915044877,1,False
419,420,Branch_513,7288,7414,81.9000819000819,1,False
420,421,Branch_514,7413,7414,2000.0,1,False
421,422,Branch_515,7058,7157,99.10802775024776,1,False
422,423,Branch_516,7058,7487,1369.86301369863,1,False
423,424,Branch_517,7058,7488,140.0560224089636,1,False
424,425,Branch_518,7012,7058,120.33694344163658,1,False
425,426,Branch_519,7058,7361,66.66666666666667,1,False
426,427,Branch_521,6788,7647,341.29692832764505,1,False
427,428,Branch_522,6787,6788,27.58620689655172,1,False
428,429,Branch_524,2850,4646,62.38303181534623,1,False
429,430,Branch_525,435,436,2000.0,1,False
430,431,Branch_526,435,1375,286.5329512893983,1,False
431,432,Branch_528,7067,7603,1190.4761904761904,1,False
432,433,Branch_529,7322,7356,2000.0,1,False
433,434,Branch_530,6745,7322,1000.0,1,False
434,435,Branch_531,6609,7631,26.116479498563592,1,False
435,436,Branch_532,6609,6610,1449.2753623188405,1,False
436,437,Branch_533,6668,7268,1851.851851851852,1,False
437,438,Branch_535,7268,7631,22.967386311437757,1,False
438,439,Branch_536,6610,6611,2000.0,1,False
439,440,Branch_537,6517,6577,2000.0,1,False
440,441,Branch_538,245,253,2000.0,1,False
441,442,Branch_539,245,256,2000.0,1,False
442,443,Branch_540,245,1259,109.64912280701756,1,False
443,444,Branch_541,6702,7012,63.13131313131313,1,False
444,445,Branch_542,6975,7582,1369.86301369863,1,False
445,446,Branch_543,6647,6975,67.34006734006734,1,False
446,447,Branch_544,6687,6975,307.6923076923077,1,False
447,448,Branch_545,6616,7426,2000.0,1,False
448,449,Branch_546,7346,7426,110.86474501108648,1,False
449,450,Branch_547,6702,7426,50.8646998982706,1,False
450,451,Branch_548,6689,7034,650.9038567376488,1,False
451,452,Branch_549,6689,7034,650.9038567376488,1,False
452,453,Branch_551,764,907,37.174721189591075,1,False
453,454,Branch_552,7392,7393,2000.0,1,False
454,455,Branch_553,7390,7392,2000.0,1,False
455,456,Branch_554,7424,7425,61.576354679802954,1,False
456,457,Branch_555,7423,7424,2000.0,1,False
457,458,Branch_556,6647,7423,37.5234521575985,1,False
458,459,Branch_557,6634,7415,172.1170395869191,1,False
459,460,Branch_558,7415,7417,2000.0,1,False
460,461,Branch_559,7415,7416,172.41379310344828,1,False
461,462,Branch_560,329,1375,377.35849056603774,1,False
462,463,Branch_561,7401,7415,2000.0,1,False
463,464,Branch_562,6635,7434,1369.86301369863,1,False
464,465,Branch_563,7434,7435,2000.0,1,False
465,466,Branch_564,7362,7363,303.030303030303,1,False
466,467,Branch_565,7361,7434,584.7953216374269,1,False
467,468,Branch_566,7361,7363,1449.2753623188405,1,False
468,469,Branch_567,6590,6591,50.70993914807302,1,False
469,470,Branch_568,6590,6592,2000.0,1,False
470,471,Branch_569,7555,7604,8.631851532153647,1,False
471,472,Branch_570,6689,7555,127.7139208173691,1,False
472,473,Branch_571,7555,7605,14.74491300501327,1,False
473,474,Branch_572,7412,7555,680.790178159328,1,False
474,475,Branch_573,7412,7555,680.790178159328,1,False
475,476,Branch_577,561,1166,2000.0,1,False
476,477,Branch_578,329,1166,75.18796992481202,1,False
477,478,Branch_579,6740,7604,2000.0,1,False
478,479,Branch_580,547,1239,2000.0,1,False
479,480,Branch_581,2850,5016,4000.0,1,False
480,481,Branch_582,2850,5016,4000.0,1,False
481,482,Branch_583,7310,7312,134.9527665317139,1,False
482,483,Branch_584,7310,7311,305.8103975535168,1,False
483,484,Branch_585,7310,7313,112.4859392575928,1,False
484,485,Branch_586,7311,7614,537.6344086021505,1,False
485,486,Branch_587,7311,7535,819.672131147541,1,False
486,487,Branch_588,6589,7619,125.94458438287154,1,False
487,488,Branch_589,6589,6675,13.877324451845684,1,False
488,489,Branch_590,6689,7140,17.094017094017094,1,False
489,490,Branch_591,6509,7140,11.862396204033214,1,False
490,491,Branch_592,6788,7140,65.359477124183,1,False
491,492,Branch_593,6577,6578,71.94244604316546,1,False
492,493,Branch_594,6519,6520,76.92307692307692,1,False
493,494,Branch_596,329,1330,41.80602006688963,1,False
494,495,Branch_597,6562,7096,94.94363478497979,1,False
495,496,Branch_599,6562,7096,94.94363478497979,1,False
496,497,Branch_600,6687,7096,24.28363283147159,1,False
497,498,Branch_601,4884,4885,2000.0,1,False
498,499,Branch_602,4883,4884,72.46376811594203,1,False
499,500,Branch_603,6912,7019,389.10505836575874,1,False
500,501,Branch_604,7019,7631,17.68972227136034,1,False
501,502,Branch_605,7019,7076,419.4675044316127,1,False
502,503,Branch_606,6755,7414,149.92503748125938,1,False
503,504,Branch_607,6755,7479,564.9717514124294,1,False
504,505,Branch_608,6755,7287,91.74311926605505,1,False
505,506,Branch_609,6755,7667,2000.0,1,False
506,507,Branch_610,6755,7423,89.92805755395683,1,False
507,508,Branch_611,3999,4111,689.6551724137931,1,False
508,509,Branch_612,3182,4628,282.4858757062147,1,False
509,510,Branch_613,3613,3878,529.1005291005291,1,False
510,511,Branch_614,3118,3999,114.5475372279496,1,False
511,512,Branch_615,3613,3999,76.27765064836004,1,False
512,513,Branch_616,3878,4628,151.9756838905775,1,False
513,514,Branch_617,3613,4330,847.457627118644,1,False
514,515,Branch_619,3118,3150,239.8081534772182,1,False
515,516,Branch_620,2816,3931,50.327126321087064,1,False
516,517,Branch_621,2775,3931,269.54177897574124,1,False
517,518,Branch_622,2775,4322,239.8081534772182,1,False
518,519,Branch_623,2816,3432,113.50737797956867,1,False
519,520,Branch_624,3150,4322,87.7963125548727,1,False
520,521,Branch_625,3150,3577,263.85224274406335,1,False
521,522,Branch_627,2037,2607,25.753283543651815,1,False
522,523,Branch_628,1884,2086,15.68627450980392,1,False
523,524,Branch_629,3557,3692,147.49262536873155,1,False
524,525,Branch_630,3692,4500,296.7359050445104,1,False
525,526,Branch_631,3765,4038,1408.4507042253522,1,False
526,527,Branch_632,4065,4792,109.64912280701756,1,False
527,528,Branch_633,4065,4500,952.3809523809524,1,False
528,529,Branch_634,4065,4780,473.9336492890995,1,False
529,530,Branch_635,3692,4427,129.19896640826877,1,False
530,531,Branch_636,4792,4881,2000.0,1,False
531,532,Branch_637,4790,4881,2000.0,1,False
532,533,Branch_638,4038,4427,122.85012285012284,1,False
533,534,Branch_641,6706,7350,2000.0,1,False
534,535,Branch_642,6747,6826,34.80682213713888,1,False
535,536,Branch_643,6518,6747,74.57121551081282,1,False
536,537,Branch_644,6747,6935,2000.0,1,False
537,538,Branch_645,6518,7115,16.949152542372882,1,False
538,539,Branch_646,6826,7134,20.89427496865859,1,False
539,540,Branch_647,7115,7134,21.03491796381994,1,False
540,541,Branch_649,6087,6482,54.525627044711015,1,False
541,542,Branch_650,6284,6482,1351.3513513513512,1,False
542,543,Branch_652,6087,6284,57.971014492753625,1,False
543,544,Branch_654,6533,7224,16.40150893882237,1,False
544,545,Branch_655,6810,7083,133.6898395721925,1,False
545,546,Branch_656,6947,7083,225.7336343115124,1,False
546,547,Branch_657,7642,7662,65.57377049180327,1,False
547,548,Branch_658,7224,7642,47.66444232602478,1,False
548,549,Branch_659,7221,7224,1538.4615384615386,1,False
549,550,Branch_660,7083,7662,49.97501249375313,1,False
550,551,Branch_672,6998,7212,51.12474437627811,1,False
551,552,Branch_673,6903,6998,99.2063492063492,1,False
552,553,Branch_674,6553,7304,1282.051282051282,1,False
553,554,Branch_675,7220,7443,1724.1379310344828,1,False
554,555,Branch_676,7237,7443,26.53927813163482,1,False
555,556,Branch_677,7443,7445,285.7142857142857,1,False
556,557,Branch_680,7220,7444,1298.7012987012988,1,False
557,558,Branch_681,7236,7444,26.673779674579887,1,False
558,559,Branch_682,7444,7446,273.224043715847,1,False
559,560,Branch_685,6653,7556,2000.0,1,False
560,561,Branch_686,6522,7368,21.24946876328092,1,True
561,562,Branch_687,6811,7368,31.877590054191906,1,False
562,563,Branch_689,7051,7633,21.326508850501178,1,False
563,564,Branch_690,7242,7633,28.129395218002813,1,False
564,565,Branch_691,7051,7713,2000.0,1,False
565,566,Branch_692,7297,7579,64.47453255963894,1,False
566,567,Branch_693,6512,7297,51.22950819672131,1,False
567,568,Branch_694,7211,7579,46.2962962962963,1,False
568,569,Branch_698,7267,7314,1351.3513513513512,1,False
569,570,Branch_699,7211,7314,45.578851412944395,1,False
570,571,Branch_701,2117,2564,18.338529249954153,1,False
571,572,Branch_702,3068,4542,96.89922480620154,1,False
572,573,Branch_704,2161,2603,56.36978579481398,1,False
573,574,Branch_705,2542,2603,79.23930269413628,1,False
574,575,Branch_706,2522,2542,26.42007926023778,1,False
575,576,Branch_711,4181,4542,86.05851979345955,1,False
576,577,Branch_712,3484,4177,99.55201592832255,1,False
577,578,Branch_714,3484,4177,99.55201592832255,1,False
578,579,Branch_715,1992,2339,16.257519102584947,1,False
579,580,Branch_716,3807,4705,60.86427267194157,1,False
580,581,Branch_717,3058,4490,54.734537493158186,1,False
581,582,Branch_718,3200,4260,2000.0,1,False
582,583,Branch_719,4260,4555,288.1844380403458,1,False
583,584,Branch_720,3217,4555,328.94736842105266,1,False
584,585,Branch_721,4432,4555,66.97923643670462,1,False
585,586,Branch_722,3200,3421,169.7792869269949,1,False
586,587,Branch_723,3200,3853,158.47860538827257,1,False
587,588,Branch_724,3482,3853,183.8235294117647,1,False
588,589,Branch_725,3853,4443,46.04051565377532,1,False
589,590,Branch_726,4432,4705,144.3001443001443,1,False
590,591,Branch_727,3058,3807,29.248318221702252,1,True
591,592,Branch_729,3807,4859,51.44032921810699,1,False
592,593,Branch_730,3464,4859,39.33910306845004,1,False
593,594,Branch_731,3464,4657,70.87172218284904,1,False
594,595,Branch_732,4657,5199,22.47696111485727,1,False
595,596,Branch_734,4040,4443,96.24639076034649,1,False
596,597,Branch_735,3807,4040,26.51113467656416,1,False
597,598,Branch_736,1840,2349,46.08294930875576,1,False
598,599,Branch_737,5307,5510,14.068655036578503,1,False
599,600,Branch_738,2098,2613,12.701638511367966,1,False
600,601,Branch_739,5299,5405,96.7117988394584,1,False
601,602,Branch_740,5307,5405,64.02048655569783,1,False
602,603,Branch_741,5299,5566,67.0690811535882,1,False
603,604,Branch_742,5348,5566,22.56317689530686,1,False
604,605,Branch_743,5348,5509,40.849673202614376,1,False
605,606,Branch_744,5509,5528,76.86395080707149,1,False
606,607,Branch_745,1932,2613,47.30368968779565,1,False
607,608,Branch_746,2465,2628,22.8675966155957,1,False
608,609,Branch_747,1932,2084,41.35649296939619,1,False
609,610,Branch_748,3554,5040,884.9557522123894,1,False
610,611,Branch_749,3100,4443,52.770448548812666,1,False
611,612,Branch_750,3100,3554,98.03921568627452,1,False
612,613,Branch_751,5040,5058,2000.0,1,False
613,614,Branch_752,5040,5199,41.63197335553705,1,False
614,615,Branch_753,1772,2084,35.16174402250352,1,False
615,616,Branch_755,3288,3700,66.00660066006601,1,False
616,617,Branch_756,3700,4025,59.34718100890208,1,False
617,618,Branch_757,3674,3700,1265.822784810127,1,False
618,619,Branch_758,3674,4653,1098.901098901099,1,False
619,620,Branch_761,3299,4902,104.4932079414838,1,False
620,621,Branch_762,3469,3826,403.2258064516129,1,False
621,622,Branch_763,3469,4009,353.35689045936397,1,False
622,623,Branch_764,4009,4902,386.1003861003861,1,False
623,624,Branch_765,3299,4656,176.3668430335097,1,False
624,625,Branch_766,3271,4656,65.65988181221273,1,False
625,626,Branch_767,3364,4656,173.91304347826087,1,False
626,627,Branch_768,3288,3826,217.3913043478261,1,False
627,628,Branch_769,7206,7540,2000.0,1,False
628,629,Branch_770,7205,7540,20.69108214359611,1,False
629,630,Branch_771,6700,7267,48.03073967339097,1,False
630,631,Branch_778,7201,7299,36.350418029807344,1,False
631,632,Branch_779,7253,7623,149.47683109118086,1,False
632,633,Branch_780,7245,7623,50.9683995922528,1,False
633,634,Branch_781,7213,7650,34.17634996582365,1,False
634,635,Branch_785,7534,7580,1282.051282051282,1,False
635,636,Branch_786,6660,6661,312.5,1,False
636,637,Branch_787,6532,6661,72.46376811594203,1,False
637,638,Branch_788,6660,6716,32.40440699935191,1,False
638,639,Branch_790,6716,7580,877.1929824561404,1,False
639,640,Branch_791,6716,6717,103.62694300518136,1,False
640,641,Branch_792,6532,7242,37.878787878787875,1,False
641,642,Branch_793,6557,7242,1265.822784810127,1,False
642,643,Branch_794,6536,6557,29.7441998810232,1,False
643,644,Branch_795,6535,6557,166.11295681063123,1,False
644,645,Branch_798,6700,7637,92.42144177449168,1,False
645,646,Branch_799,7201,7563,96.06147934678194,1,False
646,647,Branch_800,6684,7563,96.06147934678194,1,False
647,648,Branch_802,7210,7554,249.37655860349128,1,False
648,649,Branch_803,6700,7554,263.85224274406335,1,False
649,650,Branch_804,7299,7637,37.778617302606726,1,False
650,651,Branch_812,2293,2610,26.130128037627383,1,False
651,652,Branch_813,4117,4974,81.9672131147541,1,False
652,653,Branch_816,4165,4175,50.0751126690035,1,False
653,654,Branch_817,3654,4165,302.11480362537765,1,False
654,655,Branch_818,3144,3654,37.467216185837394,1,False
655,656,Branch_819,7169,7183,16.592002654720424,1,False
656,657,Branch_822,7253,7700,2000.0,1,False
657,658,Branch_823,7226,7700,19.77066034005536,1,False
658,659,Branch_828,1900,2130,5.643022402798939,1,False
659,660,Branch_829,3068,4614,272.47956403269757,1,False
660,661,Branch_830,5305,5508,96.43201542912249,1,False
661,662,Branch_831,5305,5480,25.113008538422903,1,False
662,663,Branch_832,5508,5591,51.78663904712584,1,False
663,664,Branch_833,5392,5591,14.386419220256078,1,False
664,665,Branch_834,5213,5392,19.37233630375823,1,False
665,666,Branch_835,5213,5284,144.0922190201729,1,False
666,667,Branch_836,3456,4890,64.02048655569783,1,False
667,668,Branch_837,8801,9042,380.22813688212926,1,False
668,669,Branch_838,8949,9042,40.48582995951417,1,False
669,670,Branch_839,9040,9297,9.810654370646525,1,False
670,671,Branch_840,8807,9040,19.565642731363724,1,False
671,672,Branch_841,8949,9297,18.102824040550328,1,False
672,673,Branch_842,8756,9261,36.46973012399708,1,False
673,674,Branch_843,8801,9261,78.49293563579278,1,False
674,675,Branch_845,2133,2665,30.13863773357444,1,False
675,676,Branch_846,2855,3456,159.23566878980893,1,False
676,677,Branch_847,8801,8915,207.9002079002079,1,False
677,678,Branch_848,8915,9261,75.07507507507508,1,False
678,679,Branch_850,2577,2615,25.419420437214033,1,False
679,680,Branch_851,1917,2614,29.18855808523059,1,False
680,681,Branch_853,8709,9001,29.01915264074289,1,False
681,682,Branch_854,9001,9311,925.925925925926,1,False
682,683,Branch_855,9311,9435,186.9158878504673,1,False
683,684,Branch_856,8709,8937,43.2338953739732,1,False
684,685,Branch_857,8756,8937,704.2253521126761,1,False
685,686,Branch_858,8914,9148,109.64912280701756,1,False
686,687,Branch_859,9148,9311,123.76237623762376,1,False
687,688,Branch_861,8835,8971,18.248175182481752,1,False
688,689,Branch_863,8835,9435,186.9158878504673,1,False
689,690,Branch_864,8801,9435,115.94202898550725,1,False
690,691,Branch_865,9435,9440,2000.0,1,False
691,692,Branch_866,1916,2130,3.2375032375032373,1,False
692,693,Branch_867,8801,9435,115.94202898550725,1,False
693,694,Branch_868,8830,9270,1449.2753623188405,1,False
694,695,Branch_869,1962,2131,25.913449080072557,1,False
695,696,Branch_870,8793,8807,45.662100456621005,1,False
696,697,Branch_871,8793,8830,26.737967914438503,1,False
697,698,Branch_874,1962,1982,94.2507068803016,1,False
698,699,Branch_875,8730,8739,25.207965717166623,1,False
699,700,Branch_876,8739,8807,34.87966515521451,1,False
700,701,Branch_877,8730,8964,34.72222222222222,1,False
701,702,Branch_878,8964,9270,53.61930294906166,1,False
702,703,Branch_879,1889,2131,30.48780487804878,1,False
703,704,Branch_880,5805,6140,32.010243277848915,1,False
704,705,Branch_881,4181,4382,1000.0,1,False
705,706,Branch_882,8715,8912,74.57121551081282,1,False
706,707,Branch_883,8725,8912,352.11267605633805,1,False
707,708,Branch_884,8725,9417,123.76237623762376,1,False
708,709,Branch_885,8810,8838,33.97893306150187,1,False
709,710,Branch_886,8833,8838,943.3962264150944,1,False
710,711,Branch_887,8838,8898,113.76564277588167,1,False
711,712,Branch_888,8792,8912,31.47623544224111,1,False
712,713,Branch_889,8898,9417,185.87360594795535,1,False
713,714,Branch_890,8898,9059,81.43322475570032,1,False
714,715,Branch_891,9059,9270,48.47309743092583,1,False
715,716,Branch_892,7024,7270,869.5652173913044,1,False
716,717,Branch_896,8715,9061,1000.0,1,False
717,718,Branch_897,7184,7198,35.77817531305904,1,False
718,719,Branch_899,7200,7698,29.41176470588235,1,False
719,720,Branch_902,8715,9017,123.76237623762376,1,False
720,721,Branch_903,8807,9017,11.883541295306,1,False
721,722,Branch_914,2208,2503,22.763487366264513,1,False
722,723,Branch_919,4468,4643,200.8032128514056,1,False
723,724,Branch_920,4277,4468,719.4244604316547,1,False
724,725,Branch_921,2855,4643,1204.8192771084337,1,False
725,726,Branch_922,4110,4544,145.5604075691412,1,False
726,727,Branch_923,3141,4544,263.85224274406335,1,False
727,728,Branch_924,3427,3489,141.643059490085,1,False
728,729,Branch_925,3141,3427,67.93478260869566,1,False
729,730,Branch_926,1529,1917,15.725743041358704,1,False
730,731,Branch_927,2855,4974,60.27727546714888,1,False
731,732,Branch_928,3835,4110,74.8502994011976,1,False
732,733,Branch_929,3489,3835,118.90606420927467,1,False
733,734,Branch_930,2466,2467,3923.076923076923,1,False
734,735,Branch_932,3025,3489,121.8026796589525,1,False
735,736,Branch_933,2254,2653,20.30869212022746,1,False
736,737,Branch_934,3112,4532,122.85012285012284,1,False
737,738,Branch_935,3101,3204,212.31422505307856,1,False
738,739,Branch_936,3990,4270,62.893081761006286,1,False
739,740,Branch_937,3171,3489,181.8181818181818,1,False
740,741,Branch_938,3101,4532,117.096018735363,1,False
741,742,Branch_939,3432,4270,53.07855626326964,1,False
742,743,Branch_940,3204,3990,71.5307582260372,1,False
743,744,Branch_942,3222,4532,500.0,1,False
744,745,Branch_943,3171,3222,273.224043715847,1,False
745,746,Branch_944,3222,3815,147.71048744460856,1,False
746,747,Branch_945,2466,2467,3923.076923076923,1,False
747,748,Branch_946,1529,2210,15.926102882624622,1,False
748,749,Branch_947,2855,4770,2000.0,1,False
749,750,Branch_948,4030,4411,47.84688995215311,1,False
750,751,Branch_949,3489,4312,61.01281269066504,1,False
751,752,Branch_950,4030,4312,151.9756838905775,1,False
752,753,Branch_951,4248,4554,64.06149903907752,1,False
753,754,Branch_952,3432,4037,28.5143997718848,1,False
754,755,Branch_953,3256,4454,136.79890560875512,1,False
755,756,Branch_954,3827,4554,172.71157167530225,1,False
756,757,Branch_955,4290,4454,2000.0,1,False
757,758,Branch_956,3256,4473,909.0909090909092,1,False
758,759,Branch_957,3827,4473,26.666666666666668,1,False
759,760,Branch_958,4037,4290,195.69471624266143,1,False
760,761,Branch_959,2692,4248,19.07304978065993,1,False
761,762,Branch_960,2692,4411,49.504950495049506,1,False
762,763,Branch_961,1508,1529,38.61003861003861,1,False
763,764,Branch_962,5157,5412,17.755681818181817,1,False
764,765,Branch_963,5157,5328,18.747656542932138,1,False
765,766,Branch_964,5328,5433,31.64556962025317,1,False
766,767,Branch_965,5328,5502,57.4052812858783,1,False
767,768,Branch_966,5394,5518,96.52509652509652,1,False
768,769,Branch_967,5289,5518,84.7457627118644,1,False
769,770,Branch_968,5502,8971,48.44961240310077,1,False
770,771,Branch_969,5557,5560,24.32498175626368,1,False
771,772,Branch_970,5371,5394,71.22507122507122,1,False
772,773,Branch_971,5394,5557,97.27626459143968,1,False
773,774,Branch_972,5433,5560,2000.0,1,False
774,775,Branch_973,2751,4900,2000.0,1,True
775,776,Branch_974,2751,4899,2000.0,1,False
776,777,Branch_975,2254,2577,57.971014492753625,1,False
777,778,Branch_976,1926,2278,74.6268656716418,1,False
778,779,Branch_977,1804,1926,51.62622612287042,1,False
779,780,Branch_978,1927,2277,74.6268656716418,1,False
780,781,Branch_979,1804,1927,50.99439061703213,1,False
781,782,Branch_981,1918,2416,224.2152466367713,1,False
782,783,Branch_982,1801,2416,30.64664419246093,1,False
783,784,Branch_983,1804,2494,77.39938080495357,1,False
784,785,Branch_984,1801,2472,540.5405405405405,1,False
785,786,Branch_985,2472,2494,40.50222762251923,1,False
786,787,Branch_987,1817,2466,121.21212121212122,1,False
787,788,Branch_988,1817,2484,99.2063492063492,1,False
788,789,Branch_989,2495,2574,56.72149744753261,1,False
789,790,Branch_990,1918,2417,224.2152466367713,1,False
790,791,Branch_991,2417,2574,76.86395080707149,1,False
791,792,Branch_992,1804,2495,77.39938080495357,1,False
792,793,Branch_994,1832,2628,45.49590536851683,1,False
793,794,Branch_995,2451,2453,67.65899864682002,1,False
794,795,Branch_996,2242,2453,35.486160397445,1,False
795,796,Branch_997,7150,7610,1190.4761904761904,1,False
796,797,Branch_998,1861,2652,110.13215859030836,1,False
797,798,Branch_999,2424,2625,189.3939393939394,1,False
798,799,Branch_1001,2053,2157,106.04453870625665,1,False
799,800,Branch_1002,2053,2278,82.44023083264634,1,False
800,801,Branch_1003,2541,2655,68.39945280437756,1,False
801,802,Branch_1004,2157,2445,107.87486515641856,1,False
802,803,Branch_1005,2445,2541,161.81229773462783,1,False
803,804,Branch_1006,2242,2467,41.18616144975288,1,False
804,805,Branch_1007,7454,7613,2000.0,1,False
805,806,Branch_1008,2277,2585,83.75209380234506,1,False
806,807,Branch_1009,2180,2258,32.195750160978754,1,False
807,808,Branch_1010,5853,6140,24.636610002463662,1,False
808,809,Branch_1011,6739,6740,7.81983109164842,1,False
809,810,Branch_1012,2781,4934,30.571690614490983,1,False
810,811,Branch_1013,4143,4911,149.7005988023952,1,False
811,812,Branch_1014,3852,4640,70.0280112044818,1,False
812,813,Branch_1015,3852,4143,39.37007874015748,1,False
813,814,Branch_1016,4911,5042,510.2040816326531,1,False
814,815,Branch_1017,3483,4911,243.30900243309003,1,False
815,816,Branch_1018,2781,5042,70.12622720897616,1,False
816,817,Branch_1019,3432,4934,72.20216606498195,1,False
817,818,Branch_1020,3432,4640,14.499057561258518,1,False
818,819,Branch_1021,4640,4807,28.24858757062147,1,False
819,820,Branch_1022,4805,4807,43.15925766076823,1,False
820,821,Branch_1023,3266,3432,43.066322136089575,1,False
821,822,Branch_1024,3266,4807,45.20795660036166,1,False
822,823,Branch_1025,3857,5481,27.15915263443781,1,False
823,824,Branch_1027,4484,4981,22.33638597274961,1,False
824,825,Branch_1028,4484,4598,518.1347150259068,1,False
825,826,Branch_1029,3730,4539,30.59039461609055,1,False
826,827,Branch_1030,2655,4598,22.7842333105491,1,False
827,828,Branch_1031,3730,4981,83.75209380234506,1,False
828,829,Branch_1032,3247,4539,28.70264064293915,1,False
829,830,Branch_1035,2180,2577,37.993920972644375,1,False
830,831,Branch_1037,2451,2522,11.879306248515087,1,False
831,832,Branch_1038,2160,2522,483.09178743961354,1,False
832,833,Branch_1040,2521,2522,409.8360655737705,1,False
833,834,Branch_1042,2185,2522,11.00957833314984,1,False
834,835,Branch_1043,2185,2868,24.015369836695484,1,False
835,836,Branch_1044,2868,3247,145.34883720930233,1,False
836,837,Branch_1045,1848,2451,1851.851851851852,1,False
837,838,Branch_1047,2577,2629,31.220730565095224,1,False
838,839,Branch_1049,2522,2618,75.98784194528875,1,False
839,840,Branch_1051,2242,2622,23.618327822390174,1,False
840,841,Branch_1052,2504,2622,68.63417982155113,1,False
841,842,Branch_1053,3432,4455,51.78663904712584,1,False
842,843,Branch_1054,2884,4455,60.82725060827251,1,False
843,844,Branch_1055,2884,4241,1282.051282051282,1,False
844,845,Branch_1056,4241,4984,14.806040864672786,1,False
845,846,Branch_1057,3946,4984,36.85956505713233,1,False
846,847,Branch_1058,3019,4241,2000.0,1,False
847,848,Branch_1059,1974,2577,12.027904738994469,1,False
848,849,Branch_1060,3406,4066,116.14401858304298,1,False
849,850,Branch_1061,3406,4039,92.5925925925926,1,False
850,851,Branch_1062,3406,4786,52.826201796090864,1,False
851,852,Branch_1063,3765,4039,1587.3015873015872,1,False
852,853,Branch_1064,4139,4786,89.28571428571429,1,False
853,854,Branch_1065,3133,4786,75.47169811320755,1,False
854,855,Branch_1066,3133,4153,52.91005291005291,1,False
855,856,Branch_1069,1804,2484,86.73026886383347,1,False
856,857,Branch_1070,2139,2577,28.885037550548816,1,False
857,858,Branch_1071,3660,3857,137.93103448275863,1,False
858,859,Branch_1072,2451,2467,15.820281601012498,1,False
859,860,Branch_1075,1818,2484,99.2063492063492,1,False
860,861,Branch_1076,1818,2466,121.21212121212122,1,False
861,862,Branch_1077,2424,2577,14.066676044450697,1,False
862,863,Branch_1078,5369,5465,87.87346221441125,1,False
863,864,Branch_1079,5269,5297,259.7402597402597,1,True
864,865,Branch_1080,5285,5297,111.11111111111111,1,False
865,866,Branch_1081,5285,5369,467.2897196261682,1,False
866,867,Branch_1082,5369,5460,164.74464579901152,1,False
867,868,Branch_1083,5421,5569,69.97900629811056,1,False
868,869,Branch_1084,5397,5408,126.42225031605562,1,False
869,870,Branch_1085,5370,5465,1492.5373134328358,1,False
870,871,Branch_1086,5370,5408,75.24454477050413,1,False
871,872,Branch_1087,5370,5459,606.060606060606,1,False
872,873,Branch_1088,3039,3045,42.122999157540015,1,False
873,874,Branch_1089,7781,8462,68.1663258350375,1,False
874,875,Branch_1090,3231,4535,170.64846416382252,1,False
875,876,Branch_1091,2601,2657,1204.8192771084337,1,False
876,877,Branch_1092,4535,5041,95.87727708533076,1,False
877,878,Branch_1093,3117,4148,19.61553550411926,1,False
878,879,Branch_1094,4148,4567,20.79002079002079,1,False
879,880,Branch_1095,3117,5041,143.88489208633092,1,False
880,881,Branch_1097,2764,3561,12.840267077555213,1,False
881,882,Branch_1098,2765,4567,25.779840164990976,1,False
882,883,Branch_1099,2760,2765,1190.4761904761904,1,False
883,884,Branch_1100,2760,2764,1190.4761904761904,1,False
884,885,Branch_1105,2504,2618,129.5336787564767,1,False
885,886,Branch_1107,1974,1995,13.40662287169862,1,False
886,887,Branch_1109,2750,4033,70.6713780918728,1,False
887,888,Branch_1110,4420,4676,13.401232913428036,1,False
888,889,Branch_1111,3103,4420,2000.0,1,False
889,890,Branch_1112,3103,4535,18.145527127563057,1,False
890,891,Branch_1113,1974,2649,105.15247108307044,1,False
891,892,Branch_1114,5357,5481,45.392646391284615,1,False
892,893,Branch_1116,3416,3647,361.01083032490976,1,False
893,894,Branch_1117,3647,3823,869.5652173913044,1,False
894,895,Branch_1118,3823,5103,680.2721088435375,1,False
895,896,Branch_1119,3647,4960,110.86474501108648,1,False
896,897,Branch_1120,3033,5103,128.7001287001287,1,False
897,898,Branch_1121,5221,5275,17.319016279875303,1,False
898,899,Branch_1122,5221,5464,38.417210910487896,1,False
899,900,Branch_1123,5269,5380,96.06147934678194,1,False
900,901,Branch_1124,5380,5464,74.73841554559043,1,False
901,902,Branch_1125,1895,2395,79.42811755361397,1,True
902,903,Branch_1126,3535,4516,41.98152812762385,1,False
903,904,Branch_1127,3535,4146,106.15711252653928,1,False
904,905,Branch_1128,3484,5003,160.0,1,False
905,906,Branch_1129,3535,5003,16.88048615800135,1,False
906,907,Branch_1130,4146,4327,101.010101010101,1,False
907,908,Branch_1133,3973,4755,106.26992561105207,1,False
908,909,Branch_1134,2895,3535,199.203187250996,1,False
909,910,Branch_1136,2919,3535,41.98152812762385,1,False
910,911,Branch_1137,2919,2922,158.22784810126583,1,False
911,912,Branch_1138,3973,4002,152.67175572519085,1,False
912,913,Branch_1139,2901,4002,188.32391713747649,1,False
913,914,Branch_1140,2922,5117,520.8333333333334,1,False
914,915,Branch_1143,1896,2561,27.578599007170435,1,False
915,916,Branch_1145,3121,3247,158.47860538827257,1,False
916,917,Branch_1146,3121,3484,62.93266205160478,1,False
917,918,Branch_1148,3026,4508,699.3006993006993,1,False
918,919,Branch_1149,3555,5005,84.03361344537815,1,False
919,920,Branch_1150,4508,5005,77.04160246533128,1,False
920,921,Branch_1151,3555,4350,42.158516020236085,1,False
921,922,Branch_1152,4350,5010,25.031289111389235,1,False
922,923,Branch_1153,4508,4954,56.08524957936063,1,False
923,924,Branch_1154,5005,5618,2000.0,1,False
924,925,Branch_1155,4953,4954,346.02076124567475,1,False
925,926,Branch_1156,3037,5199,129.03225806451613,1,False
926,927,Branch_1157,3037,4954,164.74464579901152,1,False
927,928,Branch_1158,3037,3997,164.74464579901152,1,False
928,929,Branch_1159,4397,4557,76.4525993883792,1,False
929,930,Branch_1160,4397,5010,238.6634844868735,1,False
930,931,Branch_1161,4779,5010,970.8737864077668,1,False
931,932,Branch_1162,3666,4557,53.05039787798408,1,False
932,933,Branch_1163,3666,3791,50.22601707684581,1,False
933,934,Branch_1164,3791,4640,87.41258741258741,1,False
934,935,Branch_1165,2549,2629,27.027027027027028,1,False
935,936,Branch_1167,5404,5409,69.44444444444444,1,False
936,937,Branch_1168,5218,5569,48.19277108433735,1,False
937,938,Branch_1169,5218,5505,155.52099533437013,1,False
938,939,Branch_1170,5218,5404,50.35246727089628,1,False
939,940,Branch_1171,5397,5573,76.62835249042145,1,False
940,941,Branch_1172,5404,5503,289.01734104046244,1,False
941,942,Branch_1173,5409,5573,15.432098765432098,1,False
942,943,Branch_1174,5496,5569,900.9009009009008,1,False
943,944,Branch_1175,5397,5496,41.911148365465216,1,False
944,945,Branch_1176,3395,4541,76.4525993883792,1,False
945,946,Branch_1177,4491,5066,344.82758620689657,1,False
946,947,Branch_1178,3824,5008,166.11295681063123,1,False
947,948,Branch_1179,3531,4491,144.3001443001443,1,False
948,949,Branch_1180,3531,4541,51.975051975051976,1,False
949,950,Branch_1181,3824,5066,45.91368227731864,1,False
950,951,Branch_1182,5008,5023,2000.0,1,False
951,952,Branch_1183,4960,5008,119.47431302270012,1,False
952,953,Branch_1184,3520,4339,82.16926869350863,1,False
953,954,Branch_1185,3612,4339,77.1604938271605,1,False
954,955,Branch_1186,3520,4215,247.5247524752475,1,False
955,956,Branch_1187,2037,2424,24.195499637067503,1,False
956,957,Branch_1188,3847,4399,36.350418029807344,1,False
957,958,Branch_1190,3638,5079,213.67521367521368,1,False
958,959,Branch_1191,2901,3638,59.916117435590174,1,False
959,960,Branch_1192,3847,5079,182.81535648994517,1,False
960,961,Branch_1193,2901,4619,1351.3513513513512,1,False
961,962,Branch_1194,2153,2403,22.055580061755624,1,False
962,963,Branch_1195,3002,4399,335.5704697986577,1,False
963,964,Branch_1196,3474,3740,2000.0,1,False
964,965,Branch_1198,3474,3991,107.52688172043013,1,False
965,966,Branch_1199,3002,3991,28.20078962210942,1,False
966,967,Branch_1200,3002,4417,1041.6666666666667,1,False
967,968,Branch_1201,2901,3991,363.6363636363636,1,False
968,969,Branch_1203,2937,3484,38.15337657382678,1,False
969,970,Branch_1211,3561,3943,61.19951040391677,1,False
970,971,Branch_1212,1755,2424,12.328936012822094,1,False
971,972,Branch_1213,3783,4663,132.6259946949602,1,False
972,973,Branch_1214,5172,5316,2.44552591034702,1,False
973,974,Branch_1215,5161,5457,3.7993920972644375,1,False
974,975,Branch_1216,5162,5172,7.759155803848541,1,False
975,976,Branch_1217,5204,5621,724.6376811594203,1,False
976,977,Branch_1218,2424,2607,66.00660066006601,1,False
977,978,Branch_1220,5316,5567,5.918210333195241,1,False
978,979,Branch_1221,5567,5621,653.59477124183,1,False
979,980,Branch_1222,5199,5623,645.1612903225806,1,False
980,981,Branch_1223,1892,2424,17.568517217146873,1,False
981,982,Branch_1225,5346,5554,9.148293843198244,1,False
982,983,Branch_1226,5346,5448,7.422802850356295,1,False
983,984,Branch_1227,5232,5554,13.10272536687631,1,False
984,985,Branch_1231,1755,2001,26.518164942985944,1,False
985,986,Branch_1232,8780,8826,6.410667350471184,1,False
986,987,Branch_1233,8780,9271,4.527550142617829,1,False
987,988,Branch_1234,8826,8860,69.3000693000693,1,False
988,989,Branch_1235,1755,2125,61.387354205033766,1,False
989,990,Branch_1236,8776,8860,5.304195618734419,1,False
990,991,Branch_1237,8785,8948,5.09061290979434,1,False
991,992,Branch_1238,8776,8947,11.30965844831486,1,False
992,993,Branch_1239,8785,9260,14.992503748125936,1,False
993,994,Branch_1240,2077,2412,183.8235294117647,1,False
994,995,Branch_1241,5202,5438,142.45014245014244,1,False
995,996,Branch_1242,5423,5507,5.3873505010235965,1,False
996,997,Branch_1243,1755,2461,20.012007204322593,1,False
997,998,Branch_1246,2025,2461,87.7963125548727,1,False
998,999,Branch_1247,3345,3663,5.651952749675012,1,False
999,1000,Branch_1248,3664,4700,14.501160092807424,1,False
1000,1001,Branch_1250,3660,3682,2000.0,1,False
1001,1002,Branch_1251,8789,8873,15.487068297971192,1,False
1002,1003,Branch_1252,8805,8973,108.34236186348862,1,False
1003,1004,Branch_1253,8789,8805,4.570383912248629,1,False
1004,1005,Branch_1255,1974,2087,79.74481658692186,1,False
1005,1006,Branch_1256,3660,3685,2000.0,1,False
1006,1007,Branch_1257,3130,6111,10.843634786380395,1,False
1007,1008,Branch_1258,1850,2024,47.326076668244205,1,False
1008,1009,Branch_1259,8764,8872,11.132138483802738,1,False
1009,1010,Branch_1260,8764,8913,5.240540823813017,1,False
1010,1011,Branch_1261,1892,2232,43.917435221783045,1,False
1011,1012,Branch_1262,3431,3660,241.25452352231605,1,False
1012,1013,Branch_1263,1849,2666,126.26262626262626,1,False
1013,1014,Branch_1277,2244,2409,115.74074074074076,1,False
1014,1015,Branch_1278,1848,2573,90.82652134423252,1,False
1015,1016,Branch_1279,2199,2283,30.084235860409144,1,False
1016,1017,Branch_1281,1861,2016,86.4304235090752,1,False
1017,1018,Branch_1282,5288,5413,60.16847172081829,1,False
1018,1019,Branch_1283,7924,8636,245.7002457002457,1,False
1019,1020,Branch_1284,5181,5260,6.7114093959731544,1,False
1020,1021,Branch_1285,5418,5500,11.285407967498026,1,False
1021,1022,Branch_1286,5181,5418,8.682816705739342,1,False
1022,1023,Branch_1287,5263,5418,16.43115346697338,1,False
1023,1024,Branch_1288,5216,5263,23.3590282644242,1,False
1024,1025,Branch_1289,5212,5500,5.863726984871584,1,False
1025,1026,Branch_1290,7924,7940,53.85029617662897,1,False
1026,1027,Branch_1293,2077,2310,24.84472049689441,1,False
1027,1028,Branch_1294,2350,2595,54.734537493158186,1,False
1028,1029,Branch_1295,5236,5311,259.0673575129534,1,False
1029,1030,Branch_1296,3431,3660,241.25452352231605,1,False
1030,1031,Branch_1297,3096,3888,8.442380751371887,1,False
1031,1032,Branch_1298,9431,9436,10.895619960775768,1,False
1032,1033,Branch_1300,1909,1918,34.51846738004833,1,False
1033,1034,Branch_1301,2677,3888,3.650034675329416,1,False
1034,1035,Branch_1302,1909,2270,17.975912277548087,1,False
1035,1036,Branch_1303,2785,3431,121.35922330097088,1,False
1036,1037,Branch_1308,1769,1909,29.325513196480937,1,False
1037,1038,Branch_1309,2785,5288,75.9301442672741,1,False
1038,1039,Branch_1311,3292,3628,31.09452736318408,1,False
1039,1040,Branch_1312,3628,4732,12.656625743576765,1,False
1040,1041,Branch_1313,3628,4438,8.365400702693659,1,False
1041,1042,Branch_1314,4010,4733,21.03491796381994,1,False
1042,1043,Branch_1315,4010,4629,16.869095816464238,1,False
1043,1044,Branch_1316,4424,5099,19.387359441644048,1,False
1044,1045,Branch_1317,4424,4675,4.476676515355001,1,False
1045,1046,Branch_1318,4010,5099,13.176966662274344,1,False
1046,1047,Branch_1321,2561,2641,27.74694783573807,1,False
1047,1048,Branch_1322,3857,4156,362.31884057971007,1,False
1048,1049,Branch_1323,5435,5444,6.86436024162548,1,False
1049,1050,Branch_1324,5326,5434,6.846970215679562,1,False
1050,1051,Branch_1325,4605,4686,12.4750499001996,1,False
1051,1052,Branch_1326,4686,5326,11.224604332697272,1,False
1052,1053,Branch_1327,3583,4686,77.76049766718506,1,False
1053,1054,Branch_1328,1918,2430,37.299515106303616,1,False
1054,1055,Branch_1329,3257,4156,172.1170395869191,1,False
1055,1056,Branch_1330,3972,4659,37.778617302606726,1,False
1056,1057,Branch_1331,4517,4572,62.421972534332085,1,False
1057,1058,Branch_1332,4517,4711,34.26845281814423,1,False
1058,1059,Branch_1333,4710,4742,18.20333120961136,1,False
1059,1060,Branch_1334,3972,4517,167.13401441914885,1,False
1060,1061,Branch_1335,4082,4742,11.431184270690444,1,False
1061,1062,Branch_1336,2270,2393,523.5602094240837,1,False
1062,1063,Branch_1337,3257,4574,396.8253968253968,1,False
1063,1064,Branch_1338,3972,4659,37.778617302606726,1,False
1064,1065,Branch_1339,3246,3972,37.59398496240601,1,False
1065,1066,Branch_1340,4517,4711,34.26845281814423,1,False
1066,1067,Branch_1341,4710,4742,18.20333120961136,1,False
1067,1068,Branch_1342,3972,4517,167.13401441914885,1,False
1068,1069,Branch_1343,4082,4742,11.431184270690444,1,False
1069,1070,Branch_1344,2397,2634,85.25149190110827,1,False
1070,1071,Branch_1345,4156,4574,120.04801920768308,1,False
1071,1072,Branch_1346,3896,4660,7.047216349541931,1,False
1072,1073,Branch_1347,3896,4398,56.14823133071308,1,False
1073,1074,Branch_1348,3151,3896,59.45303210463734,1,False
1074,1075,Branch_1349,2086,5881,65.27415143603133,1,False
1075,1076,Branch_1350,2675,4574,2000.0,1,False
1076,1077,Branch_1351,2675,4050,377.35849056603774,1,False
1077,1078,Branch_1352,5201,5311,111.11111111111111,1,False
1078,1079,Branch_1353,2668,3132,21.963540522732263,1,False
1079,1080,Branch_1354,6467,6499,11.453441759248657,1,False
1080,1081,Branch_1355,3660,3764,264.55026455026456,1,False
1081,1082,Branch_1356,3764,3857,221.72949002217297,1,False
1082,1083,Branch_1358,2667,4871,6.496037417175523,1,False
1083,1084,Branch_1359,3910,4871,16.68613382279326,1,False
1084,1085,Branch_1360,3910,4045,31.25,1,False
1085,1086,Branch_1361,2255,2584,88.10572687224669,1,False
1086,1087,Branch_1363,3899,3954,8.278145695364238,1,False
1087,1088,Branch_1364,5917,6326,218.8183807439825,1,False
1088,1089,Branch_1365,8935,9006,59.701492537313435,1,False
1089,1090,Branch_1369,2270,2587,50.787201625190455,1,False
1090,1091,Branch_1370,8875,9006,4.936808846761453,1,False
1091,1092,Branch_1371,8876,9010,7.555723460521345,1,False
1092,1093,Branch_1372,6267,6272,39.96802557953637,1,False
1093,1094,Branch_1373,2872,5024,2000.0,1,False
1094,1095,Branch_1374,3143,4735,7.762167197081425,1,False
1095,1096,Branch_1375,6237,6267,60.56935190793458,1,False
1096,1097,Branch_1376,3543,5427,204.91803278688525,1,False
1097,1098,Branch_1377,2757,3744,64.93506493506493,1,False
1098,1099,Branch_1378,3084,3744,11.599582415033058,1,False
1099,1100,Branch_1379,5833,6010,17.22949689869056,1,False
1100,1101,Branch_1380,3543,5428,204.91803278688525,1,False
1101,1102,Branch_1381,3384,4082,3.946329913180742,1,False
1102,1103,Branch_1382,3084,3384,11.403808872163305,1,False
1103,1104,Branch_1383,3384,3873,12.330456226880395,1,False
1104,1105,Branch_1384,2757,3478,8.2223318533136,1,False
1105,1106,Branch_1385,2108,2270,48.94762604013705,1,False
1106,1107,Branch_1386,3859,4073,6.959910913140312,1,False
1107,1108,Branch_1387,4014,4073,30.826140567200987,1,False
1108,1109,Branch_1388,4014,4272,26.96144513345915,1,False
1109,1110,Branch_1389,4014,4072,11.559357299734137,1,False
1110,1111,Branch_1390,4272,4464,7.851758793969849,1,False
1111,1112,Branch_1391,3319,4464,38.417210910487896,1,False
1112,1113,Branch_1392,4072,4082,6.345982992765579,1,False
1113,1114,Branch_1393,3319,4506,9.998000399920016,1,False
1114,1115,Branch_1394,2108,2110,42.034468263976464,1,False
1115,1116,Branch_1395,2706,3543,51.4668039114771,1,False
1116,1117,Branch_1396,2706,5024,432.9004329004329,1,False
1117,1118,Branch_1397,3238,3806,5.054334091483447,1,False
1118,1119,Branch_1398,3196,4082,3.665286075578199,1,False
1119,1120,Branch_1399,3238,3678,11.406410402646287,1,False
1120,1121,Branch_1400,3197,3909,28.011204481792717,1,False
1121,1122,Branch_1401,3678,3909,6.520179956966812,1,False
1122,1123,Branch_1402,1970,2270,40.19292604501608,1,False
1123,1124,Branch_1403,3543,5024,58.13953488372093,1,False
1124,1125,Branch_1404,2142,2402,12.175818823815902,1,False
1125,1126,Branch_1405,5134,5311,259.0673575129534,1,False
1126,1127,Branch_1406,3096,4526,7.265857734505558,1,False
1127,1128,Branch_1407,4319,4615,12.416190712689346,1,False
1128,1129,Branch_1408,3619,4615,2000.0,1,False
1129,1130,Branch_1409,3143,4615,3.5752592062924564,1,False
1130,1131,Branch_1410,4320,4526,7.440476190476191,1,False
1131,1132,Branch_1411,3619,4311,19.849146486701073,1,False
1132,1133,Branch_1415,2292,2532,211.4164904862579,1,False
1133,1134,Branch_1416,4704,5006,229.3577981651376,1,False
1134,1135,Branch_1417,5423,5450,3.667571334262451,1,False
1135,1136,Branch_1418,4444,4788,8.509189925119129,1,False
1136,1137,Branch_1419,4788,5150,10.336985734959686,1,False
1137,1138,Branch_1420,5144,5150,8.756567425569177,1,False
1138,1139,Branch_1421,5142,5144,31.665611146295124,1,False
1139,1140,Branch_1422,5150,5217,8.755800717975658,1,False
1140,1141,Branch_1423,5145,5450,2.5872551809785,1,False
1141,1142,Branch_1424,3136,3965,38.40245775729647,1,False
1142,1143,Branch_1425,3102,4304,9.08595311648192,1,False
1143,1144,Branch_1426,3102,3965,23.623907394283016,1,False
1144,1145,Branch_1427,3965,5217,11.163206072784105,1,False
1145,1146,Branch_1429,3326,4704,1639.344262295082,1,False
1146,1147,Branch_1430,1960,2270,90.74410163339384,1,False
1147,1148,Branch_1431,3576,4515,19.688915140775745,1,False
1148,1149,Branch_1432,3576,4758,5.380972879896685,1,False
1149,1150,Branch_1433,4616,4756,2.242403856934634,1,False
1150,1151,Branch_1434,3914,4756,144.0922190201729,1,False
1151,1152,Branch_1437,1769,2270,31.665611146295124,1,False
1152,1153,Branch_1438,5006,5015,2000.0,1,False
1153,1154,Branch_1439,2162,2165,6.509145349215648,1,False
1154,1155,Branch_1441,2057,2166,11.99472232217824,1,False
1155,1156,Branch_1442,2057,2505,112.10762331838563,1,False
1156,1157,Branch_1444,2505,3248,2.7125264471328596,1,False
1157,1158,Branch_1446,5796,6048,12.3334977799704,1,False
1158,1159,Branch_1447,6048,6112,28.129395218002813,1,False
1159,1160,Branch_1448,5006,5428,50.53057099545225,1,False
1160,1161,Branch_1451,4444,5621,2.824778961046298,1,False
1161,1162,Branch_1452,4316,4444,8.210180623973727,1,False
1162,1163,Branch_1453,3235,3311,27.07092582566324,1,False
1163,1164,Branch_1454,3311,4175,138.88888888888889,1,False
1164,1165,Branch_1456,5761,5833,14.712373105781962,1,False
1165,1166,Branch_1457,3940,4426,11.71234481143125,1,False
1166,1167,Branch_1458,3236,4426,7.081651441116068,1,False
1167,1168,Branch_1459,3940,4127,22.119000221190003,1,False
1168,1169,Branch_1460,3211,4390,23.40276152586005,1,False
1169,1170,Branch_1461,3720,4390,136.05442176870747,1,False
1170,1171,Branch_1462,4127,4966,8.91503967192654,1,False
1171,1172,Branch_1463,3449,4142,5.733616191732126,1,False
1172,1173,Branch_1464,3595,4142,24.307243558580456,1,False
1173,1174,Branch_1465,3595,4538,27.22570106180234,1,False
1174,1175,Branch_1466,5400,5533,52.38344683080147,1,True
1175,1176,Branch_1467,5268,5441,67.65899864682002,1,False
1176,1177,Branch_1468,5185,5441,40.12841091492777,1,False
1177,1178,Branch_1469,5185,5533,104.2752867570386,1,False
1178,1179,Branch_1470,5428,5501,40.46944556859571,1,False
1179,1180,Branch_1471,5447,5564,4.922713399625874,1,False
1180,1181,Branch_1472,5191,5447,4.924895345973898,1,False
1181,1182,Branch_1473,5212,5564,4.5075501464953796,1,False
1182,1183,Branch_1475,5191,5621,5.214036185411127,1,False
1183,1184,Branch_1478,2019,2266,4.924167815639157,1,False
1184,1185,Branch_1479,1988,2127,30.637254901960784,1,False
1185,1186,Branch_1481,3265,4161,4.564125969876769,1,True
1186,1187,Branch_1484,2756,4891,313.3950641503512,1,False
1187,1188,Branch_1485,2019,2306,5.382710733125202,1,False
1188,1189,Branch_1486,3478,3910,8.539709649871904,1,False
1189,1190,Branch_1487,2756,4891,313.3950641503512,1,False
1190,1191,Branch_1488,1950,2227,74.01924500370096,1,False
1191,1192,Branch_1490,2778,2785,2000.0,1,False
1192,1193,Branch_1491,2779,2785,2000.0,1,False
1193,1194,Branch_1492,2155,2182,45.289855072463766,1,False
1194,1195,Branch_1493,3177,4035,10.993843447669304,1,False
1195,1196,Branch_1495,2243,4035,4.425366199052972,1,False
1196,1197,Branch_1496,3633,4932,7.691716021844473,1,False
1197,1198,Branch_1497,3120,3633,8.835483300936561,1,False
1198,1199,Branch_1499,3839,4932,104.4932079414838,1,False
1199,1200,Branch_1503,1749,2230,19.35733643050716,1,False
1200,1201,Branch_1504,6268,6273,39.936102236421725,1,False
1201,1202,Branch_1505,3120,3248,39.635354736424894,1,False
1202,1203,Branch_1506,5952,6061,14.238929232521714,1,False
1203,1204,Branch_1507,3226,3715,10.788650339842484,1,False
1204,1205,Branch_1508,3715,5096,37.32736095558044,1,False
1205,1206,Branch_1512,3190,5096,6.258213905751298,1,False
1206,1207,Branch_1515,5146,5427,826.4462809917355,1,False
1207,1208,Branch_1516,2943,3190,6.371861858034918,1,False
1208,1209,Branch_1517,2943,4616,6.9613644274277755,1,False
1209,1210,Branch_1518,1823,2290,55.18763796909492,1,False
1210,1211,Branch_1519,1958,2639,116.27906976744184,1,False
1211,1212,Branch_1520,2121,2639,57.17552887364208,1,False
1212,1213,Branch_1522,1958,2559,33.222591362126245,1,False
1213,1214,Branch_1523,2009,2127,32.829940906106366,1,False
1214,1215,Branch_1525,1928,2559,25.342118601115057,1,False
1215,1216,Branch_1526,5245,5298,45.248868778280546,1,False
1216,1217,Branch_1528,1761,1912,67.29475100942126,1,False
1217,1218,Branch_1529,3543,5298,183.3180568285976,1,False
1218,1219,Branch_1530,5878,8631,5.754071005236205,1,False
1219,1220,Branch_1531,1887,2199,118.0637544273908,1,False
1220,1221,Branch_1532,3543,5298,183.3180568285976,1,False
1221,1222,Branch_1533,1887,2011,63.171193935565384,1,False
1222,1223,Branch_1534,5952,6140,16.433853738701725,1,False
1223,1224,Branch_1535,1797,1887,28.61230329041488,1,False
1224,1225,Branch_1536,5427,5501,41.649312786339024,1,False
1225,1226,Branch_1537,2199,2429,69.63788300835654,1,False
1226,1227,Branch_1538,5158,5298,240.09603841536617,1,False
1227,1228,Branch_1539,1886,2661,39.666798889329634,1,False
1228,1229,Branch_1540,5158,5298,240.09603841536617,1,False
1229,1230,Branch_1541,1905,2619,62.57822277847309,1,False
1230,1231,Branch_1542,5298,5512,4000.0,1,False
1231,1232,Branch_1543,2409,2624,123.15270935960592,1,False
1232,1233,Branch_1544,5298,5512,4000.0,1,False
1233,1234,Branch_1545,2115,2546,13.795006207752794,1,False
1234,1235,Branch_1546,5298,5427,60.38647342995169,1,False
1235,1236,Branch_1547,1792,2405,43.89815627743635,1,False
1236,1237,Branch_1548,6075,6106,19.73164956590371,1,False
1237,1238,Branch_1549,1942,2186,162.60162601626016,1,False
1238,1239,Branch_1550,2289,5956,45.146726862302486,1,False
1239,1240,Branch_1551,1942,2611,175.7469244288225,1,False
1240,1241,Branch_1552,2733,3249,1282.051282051282,1,False
1241,1242,Branch_1553,2133,2563,61.576354679802954,1,False
1242,1243,Branch_1554,3731,3795,267.23553143632404,1,False
1243,1244,Branch_1555,1775,2649,25.03755633450175,1,False
1244,1245,Branch_1556,3731,3795,267.23553143632404,1,False
1245,1246,Branch_1557,1997,2576,16.86056314280897,1,False
1246,1247,Branch_1558,1794,1896,26.65955745134631,1,False
1247,1248,Branch_1559,1794,2576,22.04099625303064,1,False
1248,1249,Branch_1560,2380,2398,4.701457451810061,1,False
1249,1250,Branch_1561,2312,5956,49.6031746031746,1,False
1250,1251,Branch_1562,2380,2571,4.440891731059597,1,False
1251,1252,Branch_1563,3326,3782,217.8649237472767,1,False
1252,1253,Branch_1564,2124,2571,8.236553825879252,1,False
1253,1254,Branch_1565,3783,4952,689.6551724137931,1,False
1254,1255,Branch_1566,1991,2571,68.44626967830253,1,False
1255,1256,Branch_1567,3326,4952,334.44816053511704,1,False
1256,1257,Branch_1568,2030,2124,3.1939697850458333,1,False
1257,1258,Branch_1569,2030,2388,28.6697247706422,1,False
1258,1259,Branch_1570,2126,2570,49.75124378109453,1,False
1259,1260,Branch_1571,2122,2179,284.91307189073126,1,False
1260,1261,Branch_1572,6237,6268,60.49606775559589,1,False
1261,1262,Branch_1573,1988,2664,75.18796992481202,1,False
1262,1263,Branch_1574,1829,5956,19.960079840319363,1,False
1263,1264,Branch_1575,1973,2464,43.327556325823224,1,False
1264,1265,Branch_1576,2299,2562,35.536602700781806,1,False
1265,1266,Branch_1577,1973,2097,155.52099533437013,1,False
1266,1267,Branch_1578,1973,2097,155.52099533437013,1,False
1267,1268,Branch_1579,2179,2562,31.436655139893116,1,False
1268,1269,Branch_1580,5699,5917,19.047619047619047,1,False
1269,1270,Branch_1581,1799,2299,30.8546744831842,1,False
1270,1271,Branch_1582,7863,8541,4.334445841099216,1,False
1271,1272,Branch_1583,1994,2651,552.4861878453039,1,False
1272,1273,Branch_1584,5662,6007,27.75464890369137,1,False
1273,1274,Branch_1585,1968,2024,247.5247524752475,1,False
1274,1275,Branch_1586,1860,2207,10.6951871657754,1,False
1275,1276,Branch_1588,3249,5064,293.2551319648094,1,False
1276,1277,Branch_1589,1973,2179,24.783147459727385,1,False
1277,1278,Branch_1590,6895,6959,6.680026720106881,1,False
1278,1279,Branch_1591,7799,8367,5.420935653493793,1,False
1279,1280,Branch_1592,1816,1860,17.885888034340905,1,False
1280,1281,Branch_1593,1860,2141,5.599104143337066,1,False
1281,1282,Branch_1595,3519,5087,145.98540145985402,1,False
1282,1283,Branch_1596,3389,3519,199.203187250996,1,False
1283,1284,Branch_1598,3389,5087,555.5555555555555,1,False
1284,1285,Branch_1599,4156,5087,1108.0417434008596,1,False
1285,1286,Branch_1600,8376,8698,8.605851979345955,1,False
1286,1287,Branch_1601,3519,4050,173.61111111111111,1,False
1287,1288,Branch_1602,2141,2651,16.501650165016503,1,False
1288,1289,Branch_1603,4156,5087,1108.0417434008596,1,False
1289,1290,Branch_1604,8342,8535,6.190034045187248,1,False
1290,1291,Branch_1605,1991,2651,17.57469244288225,1,False
1291,1292,Branch_1606,3326,5064,79.87220447284345,1,False
1292,1293,Branch_1608,3071,3397,746.2686567164179,1,False
1293,1294,Branch_1609,3128,3585,775.1937984496124,1,False
1294,1295,Branch_1610,3585,4745,84.53085376162299,1,True
1295,1296,Branch_1611,3128,3397,2000.0,1,False
1296,1297,Branch_1612,1764,2335,337.8378378378378,1,False
1297,1298,Branch_1614,3072,3556,2000.0,1,False
1298,1299,Branch_1615,3398,3556,1000.0,1,False
1299,1300,Branch_1616,3127,3587,775.1937984496124,1,False
1300,1301,Branch_1617,3556,3571,1063.8297872340424,1,False
1301,1302,Branch_1618,3587,4745,84.60236886632826,1,False
1302,1303,Branch_1619,3127,3398,2000.0,1,False
1303,1304,Branch_1620,1967,2115,66.2251655629139,1,False
1304,1305,Branch_1622,3594,4543,189.75332068311195,1,False
1305,1306,Branch_1623,3466,4543,96.89922480620154,1,False
1306,1307,Branch_1624,3306,3594,115.47344110854505,1,False
1307,1308,Branch_1625,3160,3306,2000.0,1,False
1308,1309,Branch_1626,3160,4153,54.14185165132648,1,False
1309,1310,Branch_1631,1906,1967,30.039050765995796,1,False
1310,1311,Branch_1632,2377,2598,31.585596967782692,1,False
1311,1312,Branch_1635,5234,5310,259.0673575129534,1,False
1312,1313,Branch_1636,6959,7108,2.066115702479338,1,False
1313,1314,Branch_1637,4050,4591,202.020202020202,1,False
1314,1315,Branch_1638,3040,3052,109.05125408942205,1,False
1315,1316,Branch_1639,3040,4575,240.96385542168676,1,False
1316,1317,Branch_1640,3052,4170,152.9051987767584,1,False
1317,1318,Branch_1641,4170,4654,173.3102253032929,1,False
1318,1319,Branch_1642,1916,2043,15.356265356265355,1,False
1319,1320,Branch_1643,2954,5064,2000.0,1,False
1320,1321,Branch_1644,3052,3712,37.69317753486619,1,False
1321,1322,Branch_1645,3701,4648,1515.1515151515152,1,False
1322,1323,Branch_1646,3729,4164,248.13895781637717,1,False
1323,1324,Branch_1647,3407,3729,248.13895781637717,1,False
1324,1325,Branch_1648,3701,3729,104.9317943336831,1,False
1325,1326,Branch_1649,3258,3712,66.53359946773121,1,False
1326,1327,Branch_1650,3407,4115,467.2897196261682,1,False
1327,1328,Branch_1651,3712,4086,518.1347150259068,1,False
1328,1329,Branch_1652,3407,4086,150.15015015015015,1,False
1329,1330,Branch_1655,1897,2043,37.95066413662239,1,False
1330,1331,Branch_1656,3052,3669,94.42870632672332,1,False
1331,1332,Branch_1657,3061,3750,132.9787234042553,1,False
1332,1333,Branch_1658,2983,3061,82.91873963515755,1,False
1333,1334,Branch_1659,3750,4479,242.71844660194176,1,False
1334,1335,Branch_1660,4291,4479,312.5,1,False
1335,1336,Branch_1661,3669,4479,288.1844380403458,1,False
1336,1337,Branch_1662,673,2043,5.459111256687411,1,False
1337,1338,Branch_1663,3249,4176,346.02076124567475,1,False
1338,1339,Branch_1664,3052,3670,94.42870632672332,1,False
1339,1340,Branch_1665,3060,4763,2000.0,1,False
1340,1341,Branch_1666,2983,3060,82.91873963515755,1,False
1341,1342,Branch_1667,3963,4292,328.94736842105266,1,False
1342,1343,Branch_1668,3749,4763,140.0560224089636,1,False
1343,1344,Branch_1669,3749,4480,242.71844660194176,1,False
1344,1345,Branch_1670,3741,4763,120.62726176115802,1,False
1345,1346,Branch_1671,4292,4480,312.5,1,False
1346,1347,Branch_1672,3670,4480,288.1844380403458,1,False
1347,1348,Branch_1673,936,1508,37.397157816005986,1,False
1348,1349,Branch_1674,2887,3052,97.3709834469328,1,False
1349,1350,Branch_1675,3307,4018,70.2247191011236,1,False
1350,1351,Branch_1676,2887,4018,2000.0,1,False
1351,1352,Branch_1677,3161,3307,72.72727272727273,1,False
1352,1353,Branch_1678,3161,4153,52.79831045406547,1,False
1353,1354,Branch_1683,46,948,19.10219675262655,1,False
1354,1355,Branch_1684,3520,3865,39.6039603960396,1,False
1355,1356,Branch_1685,1823,2031,19.227071716977505,1,False
1356,1357,Branch_1686,5748,5802,2.3573230239739753,1,False
1357,1358,Branch_1687,5999,6007,21.24946876328092,1,False
1358,1359,Branch_1688,5202,5310,125.6281407035176,1,False
1359,1360,Branch_1689,2983,3520,89.44543828264759,1,False
1360,1361,Branch_1690,3069,4467,396.8253968253968,1,False
1361,1362,Branch_1691,4277,4467,714.2857142857143,1,False
1362,1363,Branch_1692,3069,4221,552.4861878453039,1,False
1363,1364,Branch_1693,4181,4221,277.77777777777777,1,False
1364,1365,Branch_1694,2983,3520,89.44543828264759,1,False
1365,1366,Branch_1695,2983,3787,72.20216606498195,1,False
1366,1367,Branch_1696,1995,2140,105.26315789473684,1,False
1367,1368,Branch_1697,3520,4218,75.47169811320755,1,False
1368,1369,Branch_1698,4218,4494,144.3001443001443,1,False
1369,1370,Branch_1699,3742,4494,243.30900243309003,1,False
1370,1371,Branch_1700,3466,4494,219.2982456140351,1,False
1371,1372,Branch_1701,2105,2292,58.0046403712297,1,False
1372,1373,Branch_1702,4736,9002,2000.0,1,False
1373,1374,Branch_1703,4355,4752,277.77777777777777,1,False
1374,1375,Branch_1704,3348,3494,202.83975659229208,1,False
1375,1376,Branch_1705,3494,4610,318.47133757961785,1,False
1376,1377,Branch_1706,3104,4752,160.25641025641025,1,False
1377,1378,Branch_1707,3104,4610,400.0,1,False
1378,1379,Branch_1708,3934,4610,374.53183520599254,1,False
1379,1380,Branch_1709,1929,2594,5.150126178091363,1,False
1380,1381,Branch_1710,4358,4751,289.8550724637681,1,False
1381,1382,Branch_1711,3493,4531,934.5794392523364,1,False
1382,1383,Branch_1712,3348,3493,202.83975659229208,1,False
1383,1384,Branch_1713,3111,4531,374.53183520599254,1,False
1384,1385,Branch_1714,3111,4226,119.61722488038278,1,False
1385,1386,Branch_1715,4531,4611,480.7692307692308,1,False
1386,1387,Branch_1716,3105,4751,160.25641025641025,1,False
1387,1388,Branch_1717,3105,4611,400.0,1,False
1388,1389,Branch_1718,3935,4611,122.85012285012284,1,False
1389,1390,Branch_1720,3680,4353,840.3361344537815,1,False
1390,1391,Branch_1721,3680,4458,39.98400639744102,1,False
1391,1392,Branch_1722,2589,2642,116.27906976744184,1,False
1392,1393,Branch_1723,3679,4354,840.3361344537815,1,False
1393,1394,Branch_1725,2481,2589,115.34025374855824,1,False
1394,1395,Branch_1726,3845,4194,69.25207756232687,1,False
1395,1396,Branch_1727,4194,4232,119.47431302270012,1,False
1396,1397,Branch_1728,3271,3845,235.8490566037736,1,False
1397,1398,Branch_1729,4206,4287,636.9426751592357,1,False
1398,1399,Branch_1730,3348,4287,224.7191011235955,1,False
1399,1400,Branch_1731,4206,4232,1428.571428571429,1,False
1400,1401,Branch_1732,1857,1884,29.01915264074289,1,False
1401,1402,Branch_1733,5139,5310,259.0673575129534,1,False
1402,1403,Branch_1734,3219,3927,148.5884101040119,1,False
1403,1404,Branch_1735,3855,4607,602.4096385542168,1,False
1404,1405,Branch_1736,3927,4051,141.24293785310735,1,False
1405,1406,Branch_1737,3855,4368,448.4304932735426,1,False
1406,1407,Branch_1738,2796,3219,2000.0,1,False
1407,1408,Branch_1739,2796,4607,403.2258064516129,1,False
1408,1409,Branch_1740,5239,5276,42.69854824935952,1,False
1409,1410,Branch_1741,7111,7457,70.47216349541931,1,False
1410,1411,Branch_1743,4132,4684,418.41004184100416,1,False
1411,1412,Branch_1744,3051,4132,84.24599831508003,1,False
1412,1413,Branch_1745,3863,4132,314.4654088050315,1,False
1413,1414,Branch_1746,3062,3863,314.4654088050315,1,False
1414,1415,Branch_1747,3856,4684,74.23904974016332,1,False
1415,1416,Branch_1748,3856,4369,448.4304932735426,1,False
1416,1417,Branch_1749,3050,4785,84.24599831508003,1,False
1417,1418,Branch_1750,3864,4785,314.4654088050315,1,False
1418,1419,Branch_1751,3062,3864,314.4654088050315,1,False
1419,1420,Branch_1752,3959,4785,151.9756838905775,1,False
1420,1421,Branch_1753,4051,4603,165.28925619834712,1,False
1421,1422,Branch_1754,3959,4603,2000.0,1,False
1422,1423,Branch_1755,4305,4603,170.06802721088437,1,False
1423,1424,Branch_1756,3431,5097,136.986301369863,1,False
1424,1425,Branch_1757,3841,4684,769.2307692307693,1,False
1425,1426,Branch_1758,3841,4306,137.93103448275863,1,False
1426,1427,Branch_1759,3841,3958,347.22222222222223,1,False
1427,1428,Branch_1760,3958,4051,156.73981191222572,1,False
1428,1429,Branch_1761,2093,2543,4000.0,1,False
1429,1430,Branch_1762,2983,4665,76.5696784073507,1,False
1430,1431,Branch_1763,3964,4307,189.3939393939394,1,False
1431,1432,Branch_1764,4103,4307,2000.0,1,False
1432,1433,Branch_1765,3107,4307,152.4390243902439,1,False
1433,1434,Branch_1766,3415,4665,130.03901170351105,1,False
1434,1435,Branch_1767,3415,4103,362.3188405797101,1,False
1435,1436,Branch_1769,3518,4666,126.42225031605562,1,False
1436,1437,Branch_1770,2983,3518,204.4989775051125,1,False
1437,1438,Branch_1771,3518,3608,113.63636363636364,1,False
1438,1439,Branch_1772,3608,4672,121.50668286755771,1,False
1439,1440,Branch_1773,3108,4672,85.61643835616438,1,False
1440,1441,Branch_1774,1884,2031,15.74555188159345,1,False
1441,1442,Branch_1776,3491,4051,38.729666924864446,1,False
1442,1443,Branch_1777,4051,4522,133.33333333333334,1,False
1443,1444,Branch_1778,3606,4522,115.60693641618496,1,False
1444,1445,Branch_1780,4522,4725,50.30181086519115,1,False
1445,1446,Branch_1781,2983,5061,189.0359168241966,1,False
1446,1447,Branch_1782,3606,5061,104.9317943336831,1,False
1447,1448,Branch_1783,5833,6015,257.7319587628866,1,False
1448,1449,Branch_1784,5267,5357,50.787201625190455,1,False
1449,1450,Branch_1785,3047,3490,139.86013986013987,1,False
1450,1451,Branch_1786,3047,3159,72.99270072992701,1,False
1451,1452,Branch_1787,2482,2502,2000.0,1,False
1452,1453,Branch_1789,2699,2949,245.7002457002457,1,False
1453,1454,Branch_1790,2948,2949,2000.0,1,False
1454,1455,Branch_1792,2482,2949,151.74506828528072,1,False
1455,1456,Branch_1793,2822,4606,93.28358208955224,1,True
1456,1457,Branch_1794,3073,3218,303.951367781155,1,False
1457,1458,Branch_1795,3046,3490,188.32391713747649,1,False
1458,1459,Branch_1796,2795,3218,2000.0,1,False
1459,1460,Branch_1797,2795,4606,403.2258064516129,1,False
1460,1461,Branch_1798,2822,3046,164.20361247947454,1,False
1461,1462,Branch_1799,3928,4051,141.24293785310735,1,False
1462,1463,Branch_1800,3073,3928,165.28925619834712,1,False
1463,1464,Branch_1801,2482,5158,126.26262626262626,1,False
1464,1465,Branch_1802,7034,7575,45.64125969876768,1,False
1465,1466,Branch_1803,3857,5267,25.64102564102564,1,False
1466,1467,Branch_1804,3243,3491,149.2537313432836,1,False
1467,1468,Branch_1805,2483,2500,2000.0,1,False
1468,1469,Branch_1807,2469,5158,176.05633802816902,1,False
1469,1470,Branch_1809,2483,2699,121.35922330097088,1,False
1470,1471,Branch_1811,2469,2483,221.72949002217297,1,False
1471,1472,Branch_1816,2699,5082,2000.0,1,False
1472,1473,Branch_1817,1770,1951,61.881188118811885,1,False
1473,1474,Branch_1818,3396,3586,769.2307692307693,1,False
1474,1475,Branch_1819,3359,3586,97.46588693957116,1,False
1475,1476,Branch_1820,3358,4745,75.75757575757575,1,False
1476,1477,Branch_1821,3258,3359,103.95010395010397,1,False
1477,1478,Branch_1823,6542,7520,190.47619047619048,1,False
1478,1479,Branch_1824,3490,3513,729.92700729927,1,False
1479,1480,Branch_1825,3513,3572,649.3506493506494,1,False
1480,1481,Branch_1826,6542,6547,2000.0,1,False
1481,1482,Branch_1827,6542,6543,2000.0,1,False
1482,1483,Branch_1828,6659,7194,120.7729468599034,1,False
1483,1484,Branch_1829,6542,6659,144.3001443001443,1,False
1484,1485,Branch_1830,1893,2551,4.531037607612143,1,False
1485,1486,Branch_1832,5889,6212,135.59322033898306,1,False
1486,1487,Branch_1833,3491,3514,729.92700729927,1,False
1487,1488,Branch_1834,3514,3573,649.3506493506494,1,False
1488,1489,Branch_1835,5889,6212,135.59322033898306,1,False
1489,1490,Branch_1836,5889,6213,285.30670470756064,1,False
1490,1491,Branch_1837,5889,6213,285.30670470756064,1,False
1491,1492,Branch_1838,6213,6219,132.4503311258278,1,False
1492,1493,Branch_1839,6821,7197,2000.0,1,False
1493,1494,Branch_1840,6213,6219,132.4503311258278,1,False
1494,1495,Branch_1841,9074,9386,111.23470522803116,1,False
1495,1496,Branch_1842,9090,9386,93.28358208955224,1,False
1496,1497,Branch_1843,9074,9090,50.9683995922528,1,False
1497,1498,Branch_1844,5975,6226,228.83295194508008,1,False
1498,1499,Branch_1845,6212,6226,114.35105774728416,1,False
1499,1500,Branch_1846,6212,6226,114.35105774728416,1,False
1500,1501,Branch_1847,4694,4696,2000.0,1,False
1501,1502,Branch_1848,4704,4834,2000.0,1,False
1502,1503,Branch_1851,6794,6816,132.9787234042553,1,False
1503,1504,Branch_1852,6580,7460,54.97526113249038,1,False
1504,1505,Branch_1853,6580,7508,313.47962382445144,1,False
1505,1506,Branch_1854,6580,7508,313.47962382445144,1,False
1506,1507,Branch_1855,6564,6816,54.14185165132648,1,False
1507,1508,Branch_1859,6564,6794,45.682960255824575,1,False
1508,1509,Branch_1860,6564,7508,82.74720728175424,1,False
1509,1510,Branch_1861,6564,7508,82.74720728175424,1,False
1510,1511,Branch_1862,7789,7926,49.333991119881595,1,False
1511,1512,Branch_1863,3232,3387,293.2551319648094,1,False
1512,1513,Branch_1864,3092,3617,138.88888888888889,1,False
1513,1514,Branch_1865,3387,4013,319.4888178913738,1,False
1514,1515,Branch_1866,3092,3232,293.2551319648094,1,False
1515,1516,Branch_1867,3233,3386,293.2551319648094,1,False
1516,1517,Branch_1868,3093,3616,138.88888888888889,1,False
1517,1518,Branch_1869,3386,4011,319.4888178913738,1,False
1518,1519,Branch_1870,3093,3233,293.2551319648094,1,False
1519,1520,Branch_1871,5970,5995,6.236357966947303,1,False
1520,1521,Branch_1873,3704,4108,411.522633744856,1,False
1521,1522,Branch_1874,3348,4108,377.35849056603774,1,False
1522,1523,Branch_1875,2924,3616,2000.0,1,False
1523,1524,Branch_1876,2924,3703,201.6129032258065,1,False
1524,1525,Branch_1877,1907,1966,12.769761205465455,1,False
1525,1526,Branch_1878,5802,5999,6.741270055278415,1,False
1526,1527,Branch_1880,3703,4107,411.522633744856,1,False
1527,1528,Branch_1881,3348,4107,377.35849056603774,1,False
1528,1529,Branch_1882,2923,3617,2000.0,1,False
1529,1530,Branch_1883,2923,3704,199.6007984031936,1,False
1530,1531,Branch_1884,4297,4827,57.8368999421631,1,False
1531,1532,Branch_1887,4689,9095,121.21212121212122,1,False
1532,1533,Branch_1888,2706,4180,43.78283712784589,1,False
1533,1534,Branch_1889,2706,4181,43.78283712784589,1,False
1534,1535,Branch_1891,4180,5034,117.9245283018868,1,False
1535,1536,Branch_1892,2707,5034,101.21457489878544,1,False
1536,1537,Branch_1894,2707,4181,54.7945205479452,1,False
1537,1538,Branch_1895,2718,6226,22.763487366264513,1,False
1538,1539,Branch_1897,2718,5975,24.968789013732835,1,False
1539,1540,Branch_1898,2774,3745,267.379679144385,1,False
1540,1541,Branch_1899,2718,2774,50.8646998982706,1,False
1541,1542,Branch_1900,2718,5019,2000.0,1,False
1542,1543,Branch_1901,5044,5054,2000.0,1,False
1543,1544,Branch_1903,2718,5044,38.03727653100038,1,False
1544,1545,Branch_1904,3795,5044,32.552083333333336,1,False
1545,1546,Branch_1905,3795,4995,28.538812785388128,1,False
1546,1547,Branch_1906,2718,4995,45.78754578754579,1,False
1547,1548,Branch_1908,5097,5396,31.51591553734636,1,False
1548,1549,Branch_1909,4323,4853,94.07337723424271,1,False
1549,1550,Branch_1910,3158,3617,78.125,1,False
1550,1551,Branch_1911,3968,4853,429.1845493562232,1,False
1551,1552,Branch_1912,4085,4853,108.04970286331712,1,False
1552,1553,Branch_1915,4085,4853,108.04970286331712,1,False
1553,1554,Branch_1918,5004,9110,100.80645161290325,1,False
1554,1555,Branch_1919,4085,5004,24.277737314882252,1,False
1555,1556,Branch_1920,5037,9111,47.551117451260104,1,False
1556,1557,Branch_1921,4085,5037,33.67003367003367,1,False
1557,1558,Branch_1924,1840,2346,112.6126126126126,1,False
1558,1559,Branch_1925,3139,3616,364.963503649635,1,False
1559,1560,Branch_1926,2058,2637,36.496350364963504,1,False
1560,1561,Branch_1927,3138,3617,364.963503649635,1,False
1561,1562,Branch_1928,2761,3617,1010.10101010101,1,False
1562,1563,Branch_1929,2762,3616,1098.901098901099,1,False
1563,1564,Branch_1930,2083,2589,70.0770847932726,1,True
1564,1565,Branch_1932,3616,4062,411.522633744856,1,False
1565,1566,Branch_1933,3362,4062,168.35016835016836,1,False
1566,1567,Branch_1934,3780,4377,236.4066193853428,1,False
1567,1568,Branch_1935,3362,4377,132.27513227513228,1,False
1568,1569,Branch_1936,4377,4745,617.283950617284,1,False
1569,1570,Branch_1937,2338,2637,194.1747572815534,1,False
1570,1571,Branch_1938,3617,4063,370.3703703703704,1,False
1571,1572,Branch_1939,3363,4063,168.35016835016836,1,False
1572,1573,Branch_1940,3363,4745,108.93246187363836,1,False
1573,1574,Branch_1941,2280,2543,33.200531208499335,1,False
1574,1575,Branch_1942,5357,5396,49.9001996007984,1,False
1575,1576,Branch_1943,3779,4745,138.12154696132598,1,False
1576,1577,Branch_1944,2091,2630,25.220680958385877,1,False
1577,1578,Branch_1945,3242,3490,157.9778830963665,1,False
1578,1579,Branch_1946,3242,4654,201.6129032258065,1,False
1579,1580,Branch_1947,3244,4654,190.11406844106463,1,False
1580,1581,Branch_1948,1877,2137,36.95491500369549,1,False
1581,1582,Branch_1949,4604,4745,106.04453870625665,1,False
1582,1583,Branch_1950,3258,4604,106.04453870625665,1,False
1583,1584,Branch_1951,3000,4654,112.8668171557562,1,False
1584,1585,Branch_1952,3000,3258,467.2897196261682,1,False
1585,1586,Branch_1953,2017,2663,1.4900242873958849,1,False
1586,1587,Branch_1954,5308,5451,68.1663258350375,1,False
1587,1588,Branch_1955,5999,6112,13.892747985551544,1,False
1588,1589,Branch_1956,3650,4654,649.3506493506494,1,False
1589,1590,Branch_1957,3650,4173,150.6024096385542,1,False
1590,1591,Branch_1958,3052,4173,154.5595054095827,1,False
1591,1592,Branch_1959,4156,4985,86.80555555555556,1,False
1592,1593,Branch_1960,4985,4991,2000.0,1,False
1593,1594,Branch_1961,2706,4985,98.61932938856016,1,False
1594,1595,Branch_1962,4156,4989,54.200542005420054,1,False
1595,1596,Branch_1963,4989,4996,2000.0,1,False
1596,1597,Branch_1964,2706,4989,279.3296089385475,1,False
1597,1598,Branch_1965,2717,4689,118.90606420927467,1,False
1598,1599,Branch_1967,2733,3731,150.6024096385542,1,False
1599,1600,Branch_1968,1797,2619,59.523809523809526,1,False
1600,1601,Branch_1969,5357,5451,117.50881316098707,1,False
1601,1602,Branch_1970,3727,4057,103.30578512396694,1,False
1602,1603,Branch_1971,3263,3727,152.9051987767584,1,False
1603,1604,Branch_1972,2688,2914,86.58008658008659,1,False
1604,1605,Branch_1973,4057,4163,49.9001996007984,1,False
1605,1606,Branch_1974,3811,4057,47.05882352941177,1,False
1606,1607,Branch_1975,3811,4114,147.49262536873155,1,False
1607,1608,Branch_1976,3811,4745,67.38544474393531,1,False
1608,1609,Branch_1977,3263,4140,57.50431282346176,1,False
1609,1610,Branch_1978,2688,3263,2000.0,1,False
1610,1611,Branch_1979,3001,4654,111.48272017837236,1,False
1611,1612,Branch_1980,3001,3258,467.2897196261682,1,False
1612,1613,Branch_1981,2097,2154,91.82736455463728,1,False
1613,1614,Branch_1982,5202,5451,22.56317689530686,1,False
1614,1615,Branch_1983,3294,4495,303.951367781155,1,False
1615,1616,Branch_1984,3294,3755,246.91358024691357,1,False
1616,1617,Branch_1985,3021,3294,336.7003367003367,1,False
1617,1618,Branch_1986,3348,3755,617.283950617284,1,False
1618,1619,Branch_1987,2914,4153,80.51529790660226,1,False
1619,1620,Branch_1988,3295,4496,303.030303030303,1,False
1620,1621,Branch_1989,3295,3754,246.91358024691357,1,False
1621,1622,Branch_1990,3021,3295,336.7003367003367,1,False
1622,1623,Branch_1991,3348,3754,617.283950617284,1,False
1623,1624,Branch_1992,2015,2619,87.41258741258741,1,False
1624,1625,Branch_1993,3908,4227,156.25,1,False
1625,1626,Branch_1994,3348,3908,347.22222222222223,1,False
1626,1627,Branch_1995,3908,4207,478.4688995215311,1,False
1627,1628,Branch_1996,4207,4232,2000.0,1,False
1628,1629,Branch_1997,3287,3816,278.55153203342616,1,False
1629,1630,Branch_1998,3287,4232,581.3953488372093,1,False
1630,1631,Branch_1999,3846,4193,69.25207756232687,1,False
1631,1632,Branch_2000,4056,4232,284.9002849002849,1,False
1632,1633,Branch_2001,3271,3846,235.8490566037736,1,False
1633,1634,Branch_2002,4056,4193,194.55252918287937,1,False
1634,1635,Branch_2003,3366,4458,30.275507114744173,1,False
1635,1636,Branch_2004,3702,4649,1515.1515151515152,1,False
1636,1637,Branch_2005,3182,3366,2000.0,1,False
1637,1638,Branch_2006,3366,3702,93.10986964618247,1,False
1638,1639,Branch_2007,2997,4745,44.38526409232135,1,False
1639,1640,Branch_2008,2997,3182,2000.0,1,False
1640,1641,Branch_2010,5330,5451,2000.0,1,False
1641,1642,Branch_2011,3182,4458,29.895366218236173,1,False
1642,1643,Branch_2012,4745,4765,80.58017727639,1,False
1643,1644,Branch_2013,2996,3182,2000.0,1,False
1644,1645,Branch_2014,2996,4765,98.81422924901186,1,False
1645,1646,Branch_2015,1755,2232,32.927230819888045,1,False
1646,1647,Branch_2017,3995,4353,89.44543828264759,1,False
1647,1648,Branch_2018,3995,4169,138.12154696132598,1,False
1648,1649,Branch_2019,4169,4745,83.75209380234506,1,False
1649,1650,Branch_2020,4353,4458,38.74467260751646,1,False
1650,1651,Branch_2022,3996,4354,89.44543828264759,1,False
1651,1652,Branch_2023,3996,4168,138.12154696132598,1,False
1652,1653,Branch_2024,4168,4745,83.75209380234506,1,False
1653,1654,Branch_2025,4354,4457,38.74467260751646,1,False
1654,1655,Branch_2026,2011,2015,55.61735261401557,1,False
1655,1656,Branch_2027,5697,5999,8.429570934839417,1,False
1656,1657,Branch_2028,80,82,1190.4761904761904,1,False
1657,1658,Branch_2029,3300,3497,128.36970474967907,1,False
1658,1659,Branch_2030,3021,3497,119.33174224343676,1,False
1659,1660,Branch_2031,3300,4655,176.3668430335097,1,False
1660,1661,Branch_2032,3271,4655,69.25207756232687,1,True
1661,1662,Branch_2033,3365,4655,502.5125628140703,1,False
1662,1663,Branch_2034,3201,5065,42.716787697565145,1,False
1663,1664,Branch_2035,5065,5085,2000.0,1,False
1664,1665,Branch_2036,4827,5065,617.283950617284,1,False
1665,1666,Branch_2037,4827,9090,26.917900403768503,1,False
1666,1667,Branch_2038,4827,9090,26.917900403768503,1,False
1667,1668,Branch_2039,1950,2241,1282.051282051282,1,False
1668,1669,Branch_2040,5276,5357,53.10674455655868,1,False
1669,1670,Branch_2041,1950,2240,1265.822784810127,1,False
1670,1671,Branch_2042,1987,2655,40.08016032064128,1,False
1671,1672,Branch_2043,2983,3788,43.38394793926247,1,False
1672,1673,Branch_2044,1748,2202,144.7178002894356,1,False
1673,1674,Branch_2045,3062,3225,91.1577028258888,1,False
1674,1675,Branch_2046,3225,4729,179.85611510791367,1,False
1675,1676,Branch_2047,3021,4729,206.61157024793388,1,False
1676,1677,Branch_2049,3062,3224,84.31703204047217,1,False
1677,1678,Branch_2050,3224,4730,188.32391713747649,1,False
1678,1679,Branch_2051,3021,4730,201.6129032258065,1,False
1679,1680,Branch_2052,1945,2203,66.711140760507,1,False
1680,1681,Branch_2054,3062,4812,123.76237623762376,1,False
1681,1682,Branch_2055,3471,4025,61.881188118811885,1,False
1682,1683,Branch_2056,3471,4812,123.76237623762376,1,False
1683,1684,Branch_2058,672,1509,5.1020408163265305,1,False
1684,1685,Branch_2059,3062,4813,123.76237623762376,1,False
1685,1686,Branch_2060,3470,3871,126.58227848101266,1,False
1686,1687,Branch_2061,3871,4025,126.58227848101266,1,False
1687,1688,Branch_2062,3470,4813,123.76237623762376,1,False
1688,1689,Branch_2064,1909,2604,44.20866489832007,1,False
1689,1690,Branch_2065,2102,2167,403.2258064516129,1,False
1690,1691,Branch_2067,3673,4652,1098.901098901099,1,False
1691,1692,Branch_2068,3673,3699,1265.822784810127,1,False
1692,1693,Branch_2069,3288,3699,66.00660066006601,1,False
1693,1694,Branch_2070,3049,3699,110.74197120708747,1,False
1694,1695,Branch_2071,3049,4025,127.7139208173691,1,False
1695,1696,Branch_2072,3049,4261,584.7953216374269,1,False
1696,1697,Branch_2073,3498,4903,380.22813688212926,1,False
1697,1698,Branch_2074,3021,3498,119.61722488038278,1,False
1698,1699,Branch_2075,3288,3825,201.6129032258065,1,False
1699,1700,Branch_2076,3468,3825,403.2258064516129,1,False
1700,1701,Branch_2077,3468,4903,201.6129032258065,1,False
1701,1702,Branch_2078,1861,2570,36.023054755043226,1,False
1702,1703,Branch_2079,2531,5925,27.662517289073307,1,False
1703,1704,Branch_2080,3185,4827,31.036623215394165,1,False
1704,1705,Branch_2081,2821,4827,189.0359168241966,1,False
1705,1706,Branch_2082,2821,3185,37.65060240963855,1,False
1706,1707,Branch_2083,4466,5628,35.27336860670194,1,False
1707,1708,Branch_2084,1941,2035,87.64241893076249,1,False
1708,1709,Branch_2085,3431,4466,270.27027027027026,1,False
1709,1710,Branch_2086,5689,5751,46.51162790697674,1,False
1710,1711,Branch_2087,5628,5630,2000.0,1,False
1711,1712,Branch_2088,4637,4731,254.4529262086514,1,False
1712,1713,Branch_2089,3877,4731,180.18018018018017,1,True
1713,1714,Branch_2090,4637,4745,160.77170418006432,1,False
1714,1715,Branch_2091,4637,4766,362.3188405797101,1,False
1715,1716,Branch_2092,3877,4331,325.7328990228013,1,False
1716,1717,Branch_2093,5603,5628,617.283950617284,1,False
1717,1718,Branch_2094,5682,5790,3.8137370809656383,1,False
1718,1719,Branch_2095,2194,2632,24.752475247524753,1,False
1719,1720,Branch_2096,5413,5603,242.352181316423,1,False
1720,1721,Branch_2097,1942,2116,282.4858757062147,1,False
1721,1722,Branch_2098,1850,2300,1544.4245676803816,1,False
1722,1723,Branch_2099,9293,9309,2000.0,1,False
1723,1724,Branch_2102,5413,9293,57.306590257879655,1,True
1724,1725,Branch_2104,2000,2031,40.19292604501608,1,False
1725,1726,Branch_2105,8799,9293,121.21212121212122,1,False
1726,1727,Branch_2107,8806,9453,58.47953216374269,1,False
1727,1728,Branch_2108,3490,4012,847.457627118644,1,False
1728,1729,Branch_2109,1925,2127,29.682398337785692,1,False
1729,1730,Branch_2110,8799,9022,1652.892561983471,1,False
1730,1731,Branch_2111,2755,3866,125.0,1,False
1731,1732,Branch_2112,8799,9022,1652.892561983471,1,False
1732,1733,Branch_2113,8799,9453,253.80710659898477,1,False
1733,1734,Branch_2114,2984,3866,7.861635220125787,1,False
1734,1735,Branch_2115,1787,2188,4000.0,1,False
1735,1736,Branch_2116,3431,4249,136.6120218579235,1,False
1736,1737,Branch_2118,1787,2188,4000.0,1,False
1737,1738,Branch_2119,1969,2054,27.785495971103085,1,False
1738,1739,Branch_2120,1835,2300,60.790273556231,1,False
1739,1740,Branch_2121,9453,9476,2000.0,1,False
1740,1741,Branch_2122,2031,5925,131.97483290880194,1,False
1741,1742,Branch_2123,3431,4466,270.27027027027026,1,False
1742,1743,Branch_2124,8708,8806,2000.0,1,False
1743,1744,Branch_2125,1875,1880,106.15711252653928,1,False
1744,1745,Branch_2126,3185,8708,55.15719801434087,1,False
1745,1746,Branch_2127,5941,6105,5.233136218535768,1,False
1746,1747,Branch_2128,8708,8799,45.80852038479157,1,False
1747,1748,Branch_2129,4466,8708,69.3000693000693,1,False
1748,1749,Branch_2130,7877,8156,86.58008658008659,1,False
1749,1750,Branch_2132,1820,2077,47.82400765184122,1,False
1750,1751,Branch_2133,3491,4575,595.2380952380952,1,False
1751,1752,Branch_2134,3490,4573,595.2380952380952,1,False
1752,1753,Branch_2135,2031,5925,131.97483290880194,1,False
1753,1754,Branch_2136,5234,5428,62.93266205160478,1,False
1754,1755,Branch_2137,4575,4846,401.6064257028112,1,False
1755,1756,Branch_2138,3652,4013,2000.0,1,False
1756,1757,Branch_2139,3652,4846,2000.0,1,False
1757,1758,Branch_2140,1755,2100,38.2262996941896,1,False
1758,1759,Branch_2141,4466,5620,59.95203836930455,1,False
1759,1760,Branch_2142,4573,4845,401.6064257028112,1,False
1760,1761,Branch_2143,3651,4011,2000.0,1,False
1761,1762,Branch_2144,3651,4845,2000.0,1,False
1762,1763,Branch_2145,3185,4466,85.1063829787234,1,False
1763,1764,Branch_2146,1968,2259,2000.0,1,False
1764,1765,Branch_2147,5620,5637,143.67816091954023,1,False
1765,1766,Branch_2148,1792,1987,17.866714311238162,1,False
1766,1767,Branch_2149,5620,5633,2000.0,1,False
1767,1768,Branch_2150,1829,2108,12.292562999385371,1,False
1768,1769,Branch_2151,1931,2114,26.99055330634278,1,False
1769,1770,Branch_2152,5413,5603,242.352181316423,1,False
1770,1771,Branch_2153,1797,2036,31.289111389236545,1,False
1771,1772,Branch_2154,1787,2245,236.96682464454975,1,False
1772,1773,Branch_2155,350,354,457.66590389016017,1,False
1773,1774,Branch_2156,2359,2595,66.8002672010688,1,False
1774,1775,Branch_2157,5603,5637,176.3668430335097,1,False
1775,1776,Branch_2158,6653,6850,22.49718785151856,1,False
1776,1777,Branch_2159,2525,2699,131.92612137203167,1,False
1777,1778,Branch_2160,5744,6157,132.9787821919837,1,False
1778,1779,Branch_2161,5867,6157,115.47344110854505,1,False
1779,1780,Branch_2162,5637,5641,2000.0,1,False
1780,1781,Branch_2163,5867,6406,71.78750897343862,1,False
1781,1782,Branch_2164,1838,2156,3.258390355164549,1,False
1782,1783,Branch_2165,2699,3249,660.0660066006601,1,False
1783,1784,Branch_2166,1931,2290,53.85029617662897,1,False
1784,1785,Branch_2167,1792,1857,33.9097999321804,1,False
1785,1786,Branch_2168,1764,2077,103.51966873706004,1,False
1786,1787,Branch_2169,5838,6160,26.90341673392521,1,False
1787,1788,Branch_2170,2156,2207,28.653295128939828,1,False
1788,1789,Branch_2171,5654,6088,72.46376811594203,1,False
1789,1790,Branch_2172,5654,5744,347.22222222222223,1,False
1790,1791,Branch_2173,2525,2699,131.92612137203167,1,False
1791,1792,Branch_2175,2508,8551,40.27386226339106,1,False
1792,1793,Branch_2177,7800,8642,1369.86301369863,1,False
1793,1794,Branch_2178,1972,2569,77.57951900698215,1,False
1794,1795,Branch_2179,2699,3249,660.0660066006601,1,False
1795,1796,Branch_2180,1878,1972,115.34025374855824,1,False
1796,1797,Branch_2181,1878,2572,16.781339150864238,1,False
1797,1798,Branch_2182,6897,7093,8.721437292865865,1,False
1798,1799,Branch_2183,2000,2336,45.97701149425287,1,False
1799,1800,Branch_2184,350,354,457.66590389016017,1,False
1800,1801,Branch_2185,2024,2525,122.1001221001221,1,True
1801,1802,Branch_2188,6850,7053,46.21072088724584,1,False
1802,1803,Branch_2189,6828,6926,180.83182640144665,1,False
1803,1804,Branch_2191,6807,6897,19.098548510313215,1,False
1804,1805,Branch_2192,1945,2532,327.8688524590164,1,False
1805,1806,Branch_2194,6555,6753,85.25149190110827,1,False
1806,1807,Branch_2195,936,948,31.565656565656564,1,False
1807,1808,Branch_2196,6012,6052,7.008199593524424,1,False
1808,1809,Branch_2197,6556,7034,42.229729729729726,1,False
1809,1810,Branch_2198,5762,6075,14.83459427384661,1,False
1810,1811,Branch_2199,2036,2114,53.39028296849973,1,False
1811,1812,Branch_2200,2024,2525,122.1001221001221,1,False
1812,1813,Branch_2202,6654,6736,184.84288354898337,1,False
1813,1814,Branch_2203,6828,7300,36.04902667627974,1,False
1814,1815,Branch_2204,6828,7034,38.80481179666278,1,False
1815,1816,Branch_2205,6828,7025,41.597337770382694,1,False
1816,1817,Branch_2207,6828,7189,71.27583749109051,1,False
1817,1818,Branch_2208,1773,2655,147.92899408284023,1,False
1818,1819,Branch_2210,5763,5802,13.335111348179757,1,False
1819,1820,Branch_2211,2009,2341,21.50537634408602,1,False
1820,1821,Branch_2213,6061,6145,73.96449704142012,1,False
1821,1822,Branch_2214,8010,8014,106.83760683760684,1,False
1822,1823,Branch_2215,6026,6370,14.200511218403864,1,False
1823,1824,Branch_2216,7740,8616,34.904013961605585,1,False
1824,1825,Branch_2217,1936,2660,37.03703703703704,1,False
1825,1826,Branch_2218,2605,2641,19.331142470520007,1,False
1826,1827,Branch_2219,2087,2641,111.48272017837236,1,False
1827,1828,Branch_2220,2186,2642,164.20361247947454,1,False
1828,1829,Branch_2221,5925,6149,28.37684449489217,1,False
1829,1830,Branch_2222,5928,6304,62.893081761006286,1,False
1830,1831,Branch_2223,8806,8982,1492.5373134328358,1,False
1831,1832,Branch_2224,7749,7780,17.135023989033584,1,False
1832,1833,Branch_2225,7779,7808,8.909479686386314,1,False
1833,1834,Branch_2226,7766,7877,41.05090311986864,1,False
1834,1835,Branch_2227,7766,8149,105.9322033898305,1,False
1835,1836,Branch_2228,7872,7915,6.246486351427322,1,False
1836,1837,Branch_2229,8462,8636,40.46944556859571,1,False
1837,1838,Branch_2231,7866,7940,18.942981625307823,1,False
1838,1839,Branch_2232,5201,5276,30.23888720895071,1,False
1839,1840,Branch_2233,7034,7147,79.80845969672785,1,False
1840,1841,Branch_2234,1747,2548,310.55900621118013,1,False
1841,1842,Branch_2235,6828,7147,74.34944237918215,1,False
1842,1843,Branch_2236,8442,8616,19.968051118210862,1,False
1843,1844,Branch_2237,5983,6295,59.844404548174744,1,False
1844,1845,Branch_2238,5748,6010,4.130183380142078,1,False
1845,1846,Branch_2239,1880,2099,55.865921787709496,1,False
1846,1847,Branch_2240,3783,4176,59.31198102016607,1,False
1847,1848,Branch_2241,1833,2040,33.3000333000333,1,False
1848,1849,Branch_2242,7101,7271,5.353319057815845,1,False
1849,1850,Branch_2243,2016,2239,30.931023816888334,1,False
1850,1851,Branch_2244,2855,4180,122.54901960784314,1,False
1851,1852,Branch_2246,2155,2179,46.68534080298786,1,False
1852,1853,Branch_2247,1821,2412,183.8235294117647,1,False
1853,1854,Branch_2248,5925,6052,93.37068160597572,1,False
1854,1855,Branch_2249,1850,2245,211.4164904862579,1,False
1855,1856,Branch_2250,2128,2462,84.45945945945945,1,False
1856,1857,Branch_2251,2707,3782,90.82652134423252,1,False
1857,1858,Branch_2255,2125,2462,21.83406113537118,1,False
1858,1859,Branch_2258,1894,2413,27.92516056967327,1,False
1859,1860,Branch_2259,2844,5031,2000.0,1,False
1860,1861,Branch_2260,1761,2121,41.61464835622139,1,False
1861,1862,Branch_2262,1821,2244,70.97232079489,1,False
1862,1863,Branch_2263,2844,3783,100.70493454179255,1,False
1863,1864,Branch_2264,2707,2844,892.8571428571429,1,False
1864,1865,Branch_2265,5983,6165,196.46365422396855,1,False
1865,1866,Branch_2266,5741,6468,4.05926527298559,1,False
1866,1867,Branch_2268,7737,8428,119.18951132300356,1,False
1867,1868,Branch_2269,5925,6012,6.519754857217369,1,False
1868,1869,Branch_2270,5236,5427,61.05006105006105,1,False
1869,1870,Branch_2271,1805,1850,27.3224043715847,1,False
1870,1871,Branch_2272,1812,2490,2000.0,1,False
1871,1872,Branch_2273,3857,5201,51.65289256198347,1,False
1872,1873,Branch_2274,2245,2432,35.75259206292456,1,False
1873,1874,Branch_2275,1805,1919,143.26647564469914,1,False
1874,1875,Branch_2276,2135,2612,4.7447333459859555,1,False
1875,1876,Branch_2287,5762,6149,13.498920086393088,1,False
1876,1877,Branch_2288,3857,4156,362.31884057971007,1,False
1877,1878,Branch_2289,1981,2100,41.597337770382694,1,False
1878,1879,Branch_2290,1941,2103,26.51113467656416,1,False
1879,1880,Branch_2291,1944,2376,10.895619960775768,1,False
1880,1881,Branch_2292,1770,5925,27.210884353741495,1,False
1881,1882,Branch_2293,3857,5202,51.20327700972862,1,False
1882,1883,Branch_2294,6113,6170,80.32128514056225,1,False
1883,1884,Branch_2295,8412,8428,38.08073115003808,1,False
1884,1885,Branch_2296,1935,2105,67.56756756756756,1,False
1885,1886,Branch_2298,1887,1935,109.17030567685588,1,False
1886,1887,Branch_2299,1960,2003,55.83472920156337,1,False
1887,1888,Branch_2300,2800,2964,383.1417624521073,1,False
1888,1889,Branch_2301,2167,2585,189.0359168241966,1,False
1889,1890,Branch_2302,2167,2277,72.5689404934688,1,False
1890,1891,Branch_2304,4181,4591,84.60236886632826,1,False
1891,1892,Branch_2305,1820,2598,31.27932436659368,1,False
1892,1893,Branch_2306,4180,4591,84.60236886632826,1,False
1893,1894,Branch_2309,3070,3519,209.64360587002096,1,True
1894,1895,Branch_2310,3070,4220,561.7977528089888,1,False
1895,1896,Branch_2311,4180,4220,278.55153203342616,1,False
1896,1897,Branch_2312,2381,2552,30.11141222523336,1,False
1897,1898,Branch_2313,2116,2548,226.75736961451247,1,False
1898,1899,Branch_2314,1838,2298,10.339123242349048,1,False
1899,1900,Branch_2315,2956,2964,2000.0,1,False
1900,1901,Branch_2316,2054,2283,613.4969325153374,1,False
1901,1902,Branch_2317,2625,2628,45.578851412944395,1,False
1902,1903,Branch_2318,3216,4411,128.2051282051282,1,False
1903,1904,Branch_2319,3216,4511,127.8772378516624,1,False
1904,1905,Branch_2320,3183,4905,342.4657534246575,1,False
1905,1906,Branch_2321,2998,4318,268.81720430107526,1,False
1906,1907,Branch_2322,2998,3875,253.16455696202533,1,False
1907,1908,Branch_2323,3875,4809,381.6793893129771,1,False
1908,1909,Branch_2324,2998,4299,287.35632183908046,1,False
1909,1910,Branch_2325,4809,4820,381.6793893129771,1,False
1910,1911,Branch_2326,4511,4820,190.83969465648855,1,False
1911,1912,Branch_2327,2799,4905,103.30578512396694,1,False
1912,1913,Branch_2328,2799,4318,125.31328320802004,1,False
1913,1914,Branch_2331,2534,2625,2000.0,1,False
1914,1915,Branch_2332,3215,4411,128.2051282051282,1,False
1915,1916,Branch_2333,3215,4512,127.8772378516624,1,False
1916,1917,Branch_2334,4512,4821,190.83969465648855,1,False
1917,1918,Branch_2335,2999,3874,253.16455696202533,1,False
1918,1919,Branch_2336,3183,4145,77.82101167315174,1,False
1919,1920,Branch_2337,2800,4145,270.27027027027026,1,False
1920,1921,Branch_2338,2999,4317,268.81720430107526,1,False
1921,1922,Branch_2339,2999,4298,287.35632183908046,1,False
1922,1923,Branch_2340,3874,4808,381.6793893129771,1,False
1923,1924,Branch_2341,4808,4821,381.6793893129771,1,False
1924,1925,Branch_2342,2800,4317,125.31328320802004,1,False
1925,1926,Branch_2343,2964,4317,204.4989775051125,1,False
1926,1927,Branch_2346,2535,2625,2000.0,1,False
1927,1928,Branch_2347,1907,2017,7.746533426291735,1,False
1928,1929,Branch_2348,1895,2208,120.7729468599034,1,False
1929,1930,Branch_2351,2091,2345,37.50937734433609,1,False
1930,1931,Branch_2352,3876,4411,123.00123001230013,1,False
1931,1932,Branch_2353,3030,3876,98.81422924901186,1,False
1932,1933,Branch_2354,3031,4110,108.22510822510824,1,False
1933,1934,Branch_2355,2357,2382,44.36557231588287,1,False
1934,1935,Branch_2357,1901,2414,78.92659826361484,1,False
1935,1936,Branch_2358,1877,2546,17.95009872554299,1,False
1936,1937,Branch_2359,9020,9441,628.930817610063,1,False
1937,1938,Branch_2360,9019,9441,602.4096385542168,1,False
1938,1939,Branch_2361,1876,2131,17.63357432551578,1,False
1939,1940,Branch_2362,1876,2569,12.934937265554264,1,False
1940,1941,Branch_2363,1961,2572,36.1794500723589,1,False
1941,1942,Branch_2364,5775,6012,82.98755186721992,1,False
1942,1943,Branch_2365,5744,6157,132.9787821919837,1,False
1943,1944,Branch_2366,3312,4411,80.25682182985554,1,False
1944,1945,Branch_2367,3312,4110,140.0560224089636,1,False
1945,1946,Branch_2368,6157,6406,44.20866489832007,1,False
1946,1947,Branch_2369,6926,7150,34.48275862068966,1,False
1947,1948,Branch_2370,6828,7149,72.25433526011561,1,False
1948,1949,Branch_2371,8967,9441,2000.0,1,False
1949,1950,Branch_2375,2170,6270,41.1522633744856,1,False
1950,1951,Branch_2376,2170,6271,41.11842105263158,1,False
1951,1952,Branch_2377,5990,6012,15.211439002129602,1,False
1952,1953,Branch_2378,3849,3911,2000.0,1,False
1953,1954,Branch_2379,3911,4581,95.32888465204957,1,False
1954,1955,Branch_2380,2676,4581,21.934634788330776,1,False
1955,1956,Branch_2382,3063,3849,85.03401360544218,1,False
1956,1957,Branch_2383,3063,4373,346.02076124567475,1,False
1957,1958,Branch_2384,4092,4373,43.63001745200698,1,False
1958,1959,Branch_2385,3889,4373,192.30769230769232,1,False
1959,1960,Branch_2386,2830,3183,140.4494382022472,1,False
1960,1961,Branch_2389,2830,9081,72.7802037845706,1,False
1961,1962,Branch_2390,8981,9081,2000.0,1,False
1962,1963,Branch_2392,2830,4992,2000.0,1,True
1963,1964,Branch_2393,8981,9441,33.244680851063826,1,False
1964,1965,Branch_2396,2933,3849,2000.0,1,False
1965,1966,Branch_2397,6157,6237,55.92841163310962,1,False
1966,1967,Branch_2398,2676,3005,2000.0,1,False
1967,1968,Branch_2399,2978,9441,257.0694087403599,1,False
1968,1969,Branch_2401,2980,4885,33.818058843422385,1,False
1969,1970,Branch_2404,2978,2979,57.6036866359447,1,False
1970,1971,Branch_2405,2979,2980,38.08073115003808,1,False
1971,1972,Branch_2406,8807,9196,88.96797153024912,1,False
1972,1973,Branch_2407,2784,3183,57.077625570776256,1,False
1973,1974,Branch_2408,2784,4885,184.50184501845015,1,False
1974,1975,Branch_2409,2925,2980,2000.0,1,False
1975,1976,Branch_2410,2742,5016,60.97560975609756,1,False
1976,1977,Branch_2413,2742,3432,19.37608990505716,1,False
1977,1978,Branch_2414,3559,5016,2000.0,1,False
1978,1979,Branch_2415,3559,4131,37.65060240963855,1,False
1979,1980,Branch_2416,3600,4131,87.87346221441125,1,False
1980,1981,Branch_2417,2783,3600,1162.7906976744189,1,False
1981,1982,Branch_2418,2783,4482,96.24639076034649,1,False
1982,1983,Branch_2419,3183,4482,140.0560224089636,1,False
1983,1984,Branch_2420,3432,4850,62.77463904582549,1,False
1984,1985,Branch_2421,6012,6014,75.8150113722517,1,False
1985,1986,Branch_2422,6253,6326,24.177949709864603,1,False
1986,1987,Branch_2423,3380,3425,283.28611898017,1,False
1987,1988,Branch_2424,3425,3891,116.0092807424594,1,False
1988,1989,Branch_2425,2433,2565,80.71025020177562,1,False
1989,1990,Branch_2426,2122,2335,121.8026796589525,1,False
1990,1991,Branch_2427,2196,2604,85.32423208191126,1,False
1991,1992,Branch_2428,2364,2611,89.68609865470852,1,False
1992,1993,Branch_2429,9196,9441,21.114864864864863,1,False
1993,1994,Branch_2432,1981,2340,104.38413361169104,1,False
1994,1995,Branch_2434,2358,2630,47.39336492890995,1,False
1995,1996,Branch_2436,2078,2563,15.349194167306216,1,False
1996,1997,Branch_2438,2339,2362,24.248302618816684,1,False
1997,1998,Branch_2439,9313,9315,2000.0,1,False
1998,1999,Branch_2440,5705,5990,40.88307440719542,1,False
1999,2000,Branch_2441,2346,2395,19.282684149633628,1,False
2000,2001,Branch_2442,8871,9005,146.19883040935673,1,False
2001,2002,Branch_2443,3512,9057,13.12852829197847,1,False
2002,2003,Branch_2444,8871,9313,28.530670470756064,1,False
2003,2004,Branch_2445,2154,2361,32.552083333333336,1,False
2004,2005,Branch_2446,9057,9313,57.77007510109763,1,False
2005,2006,Branch_2447,2342,2658,67.24949562878278,1,False
2006,2007,Branch_2450,1925,2020,40.899795501022496,1,False
2007,2008,Branch_2452,3006,3360,27.51031636863824,1,False
2008,2009,Branch_2453,3360,3621,27.51031636863824,1,False
2009,2010,Branch_2455,3512,3621,81.69934640522875,1,False
2010,2011,Branch_2456,2169,2194,22.639800769753226,1,False
2011,2012,Branch_2457,3512,3891,31.585596967782692,1,False
2012,2013,Branch_2458,9270,9441,60.38647342995169,1,False
2013,2014,Branch_2459,1950,2361,102.04081632653062,1,False
2014,2015,Branch_2460,2291,2594,5.231767290990897,1,False
2015,2016,Branch_2461,3891,4313,43.63001745200698,1,False
2016,2017,Branch_2462,283,2546,19.519812609798947,1,False
2017,2018,Branch_2463,4160,4562,52.11047420531527,1,False
2018,2019,Branch_2464,4160,4313,162.07455429497568,1,False
2019,2020,Branch_2465,200,283,57.01254275940707,1,False
2020,2021,Branch_2466,3467,4475,169.4915254237288,1,False
2021,2022,Branch_2467,3467,4562,97.27626459143968,1,False
2022,2023,Branch_2468,5705,6298,177.3049645390071,1,False
2023,2024,Branch_2469,2338,2357,30.637254901960784,1,False
2024,2025,Branch_2470,4296,4520,500.0,1,False
2025,2026,Branch_2471,4478,4520,50.505050505050505,1,False
2026,2027,Branch_2472,2058,2358,104.0582726326743,1,False
2027,2028,Branch_2473,4478,4562,93.28358208955224,1,False
2028,2029,Branch_2474,4475,4478,216.4502164502165,1,False
2029,2030,Branch_2475,2098,2359,110.25358324145536,1,False
2030,2031,Branch_2476,4296,4313,172.71157167530225,1,True
2031,2032,Branch_2477,7024,7169,15.90836780146357,1,False
2032,2033,Branch_2478,2676,3006,2000.0,1,False
2033,2034,Branch_2480,1773,2584,199.203187250996,1,False
2034,2035,Branch_2482,6295,6298,67.38544474393531,1,False
2035,2036,Branch_2483,2377,2562,38.38771593090211,1,False
2036,2037,Branch_2484,5705,6144,238.6634844868735,1,False
2037,2038,Branch_2485,1787,1850,212.8668171557562,1,False
2038,2039,Branch_2486,3270,4117,108.22510822510824,1,False
2039,2040,Branch_2487,2855,3270,213.2196162046908,1,False
2040,2041,Branch_2488,4085,4323,195.3125,1,False
2041,2042,Branch_2489,3201,4801,143.67816091954023,1,False
2042,2043,Branch_2490,4085,4801,529.1005291005291,1,False
2043,2044,Branch_2491,4117,4323,224.4668911335578,1,False
2044,2045,Branch_2492,4085,4323,195.3125,1,False
2045,2046,Branch_2493,3201,9206,94.9667616334283,1,False
2046,2047,Branch_2494,8879,9074,139.08205841446454,1,False
2047,2048,Branch_2495,8879,9090,35.75259206292456,1,False
2048,2049,Branch_2496,9074,9206,91.24087591240875,1,False
2049,2050,Branch_2497,3201,4085,113.76564277588167,1,False
2050,2051,Branch_2498,2717,3201,124.0694789081886,1,False
2051,2052,Branch_2499,9074,9095,73.1528895391368,1,False
2052,2053,Branch_2500,3068,4323,104.38413361169103,1,False
2053,2054,Branch_2501,4890,4974,381.6793893129771,1,False
2054,2055,Branch_2502,2079,2376,31.25,1,False
2055,2056,Branch_2503,3519,3605,185.1851851851852,1,False
2056,2057,Branch_2504,2855,3605,214.5922746781116,1,False
2057,2058,Branch_2505,4453,4827,126.9035532994924,1,False
2058,2059,Branch_2508,4689,4694,34.35245620061834,1,False
2059,2060,Branch_2509,4694,6038,112.73957158962796,1,False
2060,2061,Branch_2511,6038,6212,66.00660066006601,1,False
2061,2062,Branch_2513,5992,6088,64.26735218508998,1,False
2062,2063,Branch_2514,4689,4699,41.597337770382694,1,False
2063,2064,Branch_2515,4694,4699,142.04545454545453,1,False
2064,2065,Branch_2516,6088,6173,185.87360594795535,1,False
2065,2066,Branch_2517,3068,4890,274.72527472527474,1,False
2066,2067,Branch_2518,4614,4890,2000.0,1,False
2067,2068,Branch_2519,4689,5889,14.486455164421264,1,False
2068,2069,Branch_2520,5889,6088,98.71668311944718,1,False
2069,2070,Branch_2521,8010,8564,33.3667000333667,1,False
2070,2071,Branch_2522,4323,4689,68.91798759476224,1,False
2071,2072,Branch_2523,4323,4689,68.91798759476224,1,False
2072,2073,Branch_2525,4117,4323,224.4668911335578,1,False
2073,2074,Branch_2529,6730,7123,40.68348250610252,1,False
2074,2075,Branch_2531,6088,6730,54.55537370430987,1,False
2075,2076,Branch_2535,7123,7259,121.95121951219512,1,False
2076,2077,Branch_2536,6816,7259,84.60236886632826,1,False
2077,2078,Branch_2537,6756,6794,2000.0,1,False
2078,2079,Branch_2538,6757,6794,2000.0,1,False
2079,2080,Branch_2539,6774,6794,2000.0,1,False
2080,2081,Branch_2541,6774,7673,787.4015748031496,1,False
2081,2082,Branch_2542,6088,7635,29.197080291970803,1,False
2082,2083,Branch_2547,6794,7673,552.4861878453039,1,False
2083,2084,Branch_2548,6088,6842,57.6036866359447,1,False
2084,2085,Branch_2551,6842,7635,60.49606775559589,1,False
2085,2086,Branch_2554,4694,6212,45.12635379061372,1,False
2086,2087,Branch_2555,6173,6212,68.63417982155113,1,False
2087,2088,Branch_2556,7277,7635,157.9778830963665,1,False
2088,2089,Branch_2560,3968,4323,91.49130832570906,1,False
2089,2090,Branch_2561,3068,4323,104.38413361169103,1,False
2090,2091,Branch_2562,2855,3068,47.192071731949035,1,False
2091,2092,Branch_2563,5897,6167,79.23930269413628,1,False
2092,2093,Branch_2564,6842,7196,69.39625260235947,1,False
2093,2094,Branch_2565,2077,2387,22.29157378510923,1,False
2094,2095,Branch_2566,1805,3731,118.27321111768184,1,False
2095,2096,Branch_2567,1805,3731,118.27321111768184,1,False
2096,2097,Branch_2568,3203,3906,671.1409395973154,1,False
2097,2098,Branch_2569,3203,4761,1315.7894736842106,1,False
2098,2099,Branch_2570,3814,8839,30.48780487804878,1,False
2099,2100,Branch_2572,3560,4092,2000.0,1,False
2100,2101,Branch_2573,8841,8951,120.91898428053204,1,False
2101,2102,Branch_2574,3814,8988,66.711140760507,1,False
2102,2103,Branch_2575,8951,9035,46.66355576294914,1,False
2103,2104,Branch_2576,3376,3732,22.670596236681025,1,False
2104,2105,Branch_2577,3732,3814,21.477663230240548,1,False
2105,2106,Branch_2578,8814,8841,7.316359379572725,1,False
2106,2107,Branch_2579,3560,3732,151.05740181268882,1,False
2107,2108,Branch_2580,8814,8988,54.054054054054056,1,False
2108,2109,Branch_2581,6612,7500,2000.0,1,False
2109,2110,Branch_2582,1755,2126,52.576235541535226,1,False
2110,2111,Branch_2583,6881,7044,70.57163020465772,1,False
2111,2112,Branch_2584,6929,7086,53.27650506126798,1,False
2112,2113,Branch_2585,6881,6929,68.68131868131869,1,False
2113,2114,Branch_2586,6881,7005,87.10801393728222,1,False
2114,2115,Branch_2587,6656,7384,2000.0,1,False
2115,2116,Branch_2588,6612,6656,36.87315634218289,1,False
2116,2117,Branch_2589,7044,7263,16.149870801033593,1,False
2117,2118,Branch_2590,6612,7263,361.01083032490976,1,False
2118,2119,Branch_2591,7097,7114,78.74015748031496,1,False
2119,2120,Branch_2592,6915,7114,1851.851851851852,1,False
2120,2121,Branch_2593,6728,7097,53.908355795148246,1,False
2121,2122,Branch_2594,7086,7097,27.35229759299781,1,False
2122,2123,Branch_2595,6826,6915,21.64970772894566,1,False
2123,2124,Branch_2596,6561,7335,2000.0,1,False
2124,2125,Branch_2597,7044,7070,21.496130696474633,1,False
2125,2126,Branch_2598,6673,7335,51.733057423693744,1,False
2126,2127,Branch_2599,6673,7070,22.22716159146477,1,False
2127,2128,Branch_2600,7051,7176,34.08316291751875,1,False
2128,2129,Branch_2601,7176,7334,10.818998160770311,1,False
2129,2130,Branch_2602,7176,7186,2000.0,1,False
2130,2131,Branch_2603,6561,7334,2000.0,1,False
2131,2132,Branch_2604,6988,7384,96.24639076034649,1,False
2132,2133,Branch_2605,6988,7044,14.353380221042055,1,False
2133,2134,Branch_2606,6657,7384,2000.0,1,False
2134,2135,Branch_2607,6657,6991,17.5530981218185,1,False
2135,2136,Branch_2608,7044,7590,39.96802557953637,1,False
2136,2137,Branch_2609,6991,7590,144.3001443001443,1,False
2137,2138,Branch_2610,7130,7590,2000.0,1,False
2138,2139,Branch_2611,2117,2382,90.09009009009009,1,False
2139,2140,Branch_2612,5705,6165,18.08972503617945,1,False
2140,2141,Branch_2613,2706,5234,68.1663258350375,1,False
2141,2142,Branch_2614,6750,7143,19.63093835885355,1,False
2142,2143,Branch_2615,6546,7018,116.95906432748538,1,False
2143,2144,Branch_2616,6967,7397,1492.5373134328358,1,False
2144,2145,Branch_2617,7143,7397,87.48906386701663,1,False
2145,2146,Branch_2618,7143,7498,22.045855379188712,1,False
2146,2147,Branch_2619,6750,7018,48.899755501222494,1,False
2147,2148,Branch_2620,6750,6953,22.060445621001545,1,False
2148,2149,Branch_2621,6983,7018,917.4311926605504,1,False
2149,2150,Branch_2622,6546,7148,34.9283967865875,1,False
2150,2151,Branch_2623,7044,7148,14.442518775274408,1,False
2151,2152,Branch_2624,7320,7406,23.408239700374533,1,False
2152,2153,Branch_2625,6891,7406,564.9717514124294,1,False
2153,2154,Branch_2626,7395,7406,46.468401486988846,1,False
2154,2155,Branch_2627,7384,7395,2000.0,1,False
2155,2156,Branch_2628,6606,7320,41.22011541632317,1,False
2156,2157,Branch_2629,3210,4119,56.14823133071308,1,False
2157,2158,Branch_2630,6546,7305,48.85197850512946,1,False
2158,2159,Branch_2631,6606,7305,25.157232704402517,1,False
2159,2160,Branch_2632,6546,6826,10.860121633362294,1,False
2160,2161,Branch_2633,6919,7044,17.238407171177382,1,False
2161,2162,Branch_2634,6826,6919,43.78283712784589,1,False
2162,2163,Branch_2636,4201,4275,50.53057099545225,1,False
2163,2164,Branch_2637,3247,4332,76.68711656441718,1,False
2164,2165,Branch_2638,3388,4275,892.8571428571429,1,False
2165,2166,Branch_2639,3388,4332,1265.822784810127,1,False
2166,2167,Branch_2640,3210,4118,56.14823133071308,1,False
2167,2168,Branch_2641,7043,7044,37.835792659856224,1,False
2168,2169,Branch_2642,7043,7244,33.9097999321804,1,False
2169,2170,Branch_2643,7244,7384,38.955979742890534,1,False
2170,2171,Branch_2644,6546,6896,31.64556962025317,1,False
2171,2172,Branch_2647,3953,4118,2000.0,1,False
2172,2173,Branch_2648,3116,3337,188.32391713747649,1,False
2173,2174,Branch_2649,3116,3953,62.814070351758794,1,False
2174,2175,Branch_2650,3337,4091,74.23904974016332,1,False
2175,2176,Branch_2651,3710,4091,129.19896640826877,1,False
2176,2177,Branch_2652,3090,3710,606.060606060606,1,False
2177,2178,Branch_2653,3090,4565,387.5968992248062,1,False
2178,2179,Branch_2654,2786,3090,259.7402597402597,1,False
2179,2180,Branch_2655,3337,4200,128.53470437017995,1,False
2180,2181,Branch_2656,3455,4200,118.48341232227487,1,False
2181,2182,Branch_2657,3192,3337,220.7505518763797,1,False
2182,2183,Branch_2659,3192,4335,220.7505518763797,1,False
2183,2184,Branch_2660,2882,3192,111.85682326621924,1,False
2184,2185,Branch_2661,7024,7220,64.18485237483954,1,False
2185,2186,Branch_2662,3952,4119,2000.0,1,False
2186,2187,Branch_2663,3115,3337,188.32391713747649,1,False
2187,2188,Branch_2664,3115,3952,62.814070351758794,1,False
2188,2189,Branch_2665,3337,4090,76.4525993883792,1,False
2189,2190,Branch_2666,3711,4090,129.87012987012986,1,False
2190,2191,Branch_2667,3091,3711,432.9004329004329,1,False
2191,2192,Branch_2668,3091,4566,387.5968992248062,1,False
2192,2193,Branch_2669,2786,3091,259.7402597402597,1,False
2193,2194,Branch_2670,3337,4199,128.53470437017995,1,False
2194,2195,Branch_2671,3455,4199,118.48341232227487,1,False
2195,2196,Branch_2672,3193,3337,220.7505518763797,1,False
2196,2197,Branch_2673,3193,4667,114.41647597254004,1,False
2197,2198,Branch_2674,3193,4334,220.7505518763797,1,False
2198,2199,Branch_2675,2881,3193,111.731843575419,1,False
2199,2200,Branch_2676,3789,4118,45.31037607612143,1,False
2200,2201,Branch_2677,3717,3789,139.4700139470014,1,False
2201,2202,Branch_2678,3154,3906,192.30769230769232,1,False
2202,2203,Branch_2679,3154,3789,76.74597083653109,1,False
2203,2204,Branch_2681,5992,6212,259.7402597402597,1,False
2204,2205,Branch_2683,6791,7158,35.91954022988506,1,False
2205,2206,Branch_2684,3790,4119,44.24778761061947,1,False
2206,2207,Branch_2685,3716,3790,139.4700139470014,1,False
2207,2208,Branch_2686,3153,3790,75.7002271006813,1,False
2208,2209,Branch_2687,6595,7373,92.42144177449168,1,False
2209,2210,Branch_2688,6579,6595,33.5345405767941,1,False
2210,2211,Branch_2689,7373,7507,90.25270758122744,1,False
2211,2212,Branch_2690,6579,7574,21.34471718249733,1,True
2212,2213,Branch_2691,6642,7507,24.342745861733203,1,False
2213,2214,Branch_2692,6642,7574,35.86800573888092,1,False
2214,2215,Branch_2701,7507,7514,1492.5373134328358,1,False
2215,2216,Branch_2702,6806,7242,33.87533875338753,1,False
2216,2217,Branch_2703,6806,7073,19.286403085824492,1,False
2217,2218,Branch_2704,6971,7073,17.83166904422254,1,False
2218,2219,Branch_2705,6682,6971,33.88681802778719,1,False
2219,2220,Branch_2706,5828,6971,10.501995379122032,1,False
2220,2221,Branch_2708,7272,7648,30.807147258163894,1,False
2221,2222,Branch_2709,6856,7648,1190.4761904761904,1,False
2222,2223,Branch_2710,7648,7660,1351.3513513513512,1,False
2223,2224,Branch_2711,6682,7660,56.46527385657821,1,False
2224,2225,Branch_2715,7242,7442,2000.0,1,False
2225,2226,Branch_2716,6627,7442,28.92681515765114,1,False
2226,2227,Branch_2717,6627,7272,56.46527385657821,1,False
2227,2228,Branch_2718,6624,6711,2000.0,1,False
2228,2229,Branch_2719,6579,7477,289.01734104046244,1,False
2229,2230,Branch_2721,7076,7645,42.42681374628766,1,False
2230,2231,Branch_2722,7532,7645,172.41379310344828,1,False
2231,2232,Branch_2723,7219,7372,31.82686187141948,1,False
2232,2233,Branch_2724,6860,7532,33.41129301703976,1,False
2233,2234,Branch_2725,6860,7219,65.74621959237344,1,False
2234,2235,Branch_2726,7372,7507,207.0393374741201,1,False
2235,2236,Branch_2728,6579,7036,95.69377990430624,1,False
2236,2237,Branch_2729,6596,7036,51.62622612287042,1,False
2237,2238,Branch_2730,6596,7507,45.97701149425287,1,False
2238,2239,Branch_2731,6576,7076,40.22526146419952,1,False
2239,2240,Branch_2732,6575,6576,103.62694300518136,1,False
2240,2241,Branch_2733,7396,7499,173.61111111111111,1,False
2241,2242,Branch_2734,6873,7396,27.731558513588464,1,False
2242,2243,Branch_2735,7499,7646,28.01905295601009,1,False
2243,2244,Branch_2737,6576,7646,268.81720430107526,1,False
2244,2245,Branch_2738,6913,7375,2000.0,1,False
2245,2246,Branch_2739,6873,7507,175.7469244288225,1,False
2246,2247,Branch_2740,6579,7376,105.04201680672269,1,False
2247,2248,Branch_2741,6903,6951,11.530035743110805,1,False
2248,2249,Branch_2742,6593,6987,81.43322475570032,1,False
2249,2250,Branch_2743,6744,6951,118.62396204033216,1,False
2250,2251,Branch_2744,6593,6951,116.0092807424594,1,False
2251,2252,Branch_2745,6987,7073,102.24948875255625,1,False
2252,2253,Branch_2749,7126,7370,99.50248756218906,1,False
2253,2254,Branch_2750,7212,7370,26.448029621793175,1,False
2254,2255,Branch_2751,7432,7592,10.344470880314471,1,False
2255,2256,Branch_2752,6625,7592,67.24949562878278,1,False
2256,2257,Branch_2753,6579,6626,11.239743733842868,1,False
2257,2258,Branch_2754,6711,7593,19.256691700365877,1,True
2258,2259,Branch_2758,6579,7371,227.79043280182233,1,False
2259,2260,Branch_2759,7336,7371,28.336639274582033,1,False
2260,2261,Branch_2760,7432,7599,349.65034965034965,1,False
2261,2262,Branch_2761,7336,7599,27.114967462039047,1,False
2262,2263,Branch_2765,6579,7407,74.73841554559043,1,False
2263,2264,Branch_2766,6662,7407,266.6666666666667,1,False
2264,2265,Branch_2767,6625,7409,14.539110206455366,1,False
2265,2266,Branch_2768,6626,7591,67.24949562878278,1,False
2266,2267,Branch_2769,6621,6623,62.53908692933083,1,False
2267,2268,Branch_2770,6621,7432,29.886431560071728,1,False
2268,2269,Branch_2771,6662,7409,349.65034965034965,1,False
2269,2270,Branch_2772,6623,7591,20.07226013649137,1,False
2270,2271,Branch_2773,6711,7591,19.256691700365877,1,False
2271,2272,Branch_2774,2350,2564,30.54367745876603,1,False
2272,2273,Branch_2775,6978,7214,1209.3128390596746,1,False
2273,2274,Branch_2776,6968,7627,140.64697609001408,1,False
2274,2275,Branch_2778,6968,7517,71.17437722419929,1,False
2275,2276,Branch_2779,6968,7214,448.4304932735426,1,False
2276,2277,Branch_2780,7166,7376,171.8213058419244,1,False
2277,2278,Branch_2781,7166,7167,2000.0,1,False
2278,2279,Branch_2782,6978,7214,1209.3128390596746,1,False
2279,2280,Branch_2783,7166,7168,2000.0,1,False
2280,2281,Branch_2784,7166,7517,88.73114463176574,1,False
2281,2282,Branch_2785,7432,7467,1785.7142857142858,1,False
2282,2283,Branch_2786,7094,7375,51.51983513652756,1,False
2283,2284,Branch_2787,7094,7411,75.35795026375283,1,False
2284,2285,Branch_2788,7411,7432,1587.3015873015872,1,False
2285,2286,Branch_2789,7410,7432,1587.3015873015872,1,False
2286,2287,Branch_2790,7375,7410,30.03003003003003,1,False
2287,2288,Branch_2791,7507,7518,324.6753246753247,1,False
2288,2289,Branch_2792,4688,9423,7.468817686160281,1,False
2289,2290,Branch_2793,9071,9423,17.006802721088434,1,False
2290,2291,Branch_2794,7507,7519,324.6753246753247,1,False
2291,2292,Branch_2796,7405,7432,30.98853424233034,1,False
2292,2293,Branch_2797,7405,7627,534.75935828877,1,False
2293,2294,Branch_2798,6579,7453,26.089225150013046,1,False
2294,2295,Branch_2799,7453,7459,26.35740643120717,1,False
2295,2296,Branch_2800,2001,2424,23.121387283236995,1,False
2296,2297,Branch_2803,8795,9073,45.87155963302752,1,False
2297,2298,Branch_2805,8795,9071,46.403712296983755,1,False
2298,2299,Branch_2806,9071,9422,53.44735435595938,1,False
2299,2300,Branch_2807,8773,9422,2000.0,1,False
2300,2301,Branch_2810,8965,9073,70.4225352112676,1,False
2301,2302,Branch_2811,8965,8980,44.20866489832007,1,False
2302,2303,Branch_2812,2421,2589,138.50415512465375,1,False
2303,2304,Branch_2813,8966,9071,70.4225352112676,1,False
2304,2305,Branch_2814,8845,8966,243.90243902439025,1,False
2305,2306,Branch_2815,8845,8980,43.421623968736434,1,False
2306,2307,Branch_2816,9035,9073,35.574528637495554,1,False
2307,2308,Branch_2817,1958,2381,64.85084306095979,1,False
2308,2309,Branch_2818,3221,3977,28.1135788585887,1,False
2309,2310,Branch_2819,2680,3221,214.5922746781116,1,False
2310,2311,Branch_2820,3635,4688,13.539128080151638,1,False
2311,2312,Branch_2821,3635,3829,282.4858757062147,1,False
2312,2313,Branch_2822,2680,3635,18.66019779809666,1,False
2313,2314,Branch_2823,2853,3977,1176.470588235294,1,False
2314,2315,Branch_2824,3088,3210,101.5228426395939,1,False
2315,2316,Branch_2825,2712,3966,400.0,1,False
2316,2317,Branch_2826,3088,4929,200.0,1,False
2317,2318,Branch_2827,2712,3424,38.49114703618168,1,False
2318,2319,Branch_2828,3424,4929,28.555111364934323,1,False
2319,2320,Branch_2829,4394,4929,200.0,1,False
2320,2321,Branch_2831,1821,2122,45.80852038479157,1,False
2321,2322,Branch_2832,3087,3210,101.5228426395939,1,False
2322,2323,Branch_2833,3423,3966,34.55425017277125,1,False
2323,2324,Branch_2834,3423,4927,21.299254526091588,1,False
2324,2325,Branch_2836,3087,4927,60.42296072507553,1,False
2325,2326,Branch_2837,3486,4721,156.98587127158555,1,False
2326,2327,Branch_2838,3472,4721,109.40919037199124,1,False
2327,2328,Branch_2839,3210,3486,78.125,1,False
2328,2329,Branch_2840,4069,4216,2000.0,1,False
2329,2330,Branch_2841,3472,4216,192.67822736030828,1,False
2330,2331,Branch_2842,1901,1906,18.24484583105273,1,False
2331,2332,Branch_2843,6084,6170,42.97378599054576,1,False
2332,2333,Branch_2844,4181,4770,122.54901960784314,1,False
2333,2334,Branch_2845,3865,4967,2000.0,1,False
2334,2335,Branch_2846,4228,4967,95.51098376313276,1,False
2335,2336,Branch_2847,4195,4228,167.78523489932886,1,False
2336,2337,Branch_2848,4195,4278,181.8181818181818,1,False
2337,2338,Branch_2849,7076,7498,109.2896174863388,1,False
2338,2339,Branch_2850,6896,7076,9.523809523809524,1,False
2339,2340,Branch_2851,6556,7111,1250.0,1,False
2340,2341,Branch_2852,3341,4201,72.04610951008645,1,False
2341,2342,Branch_2853,3341,4059,54.734537493158186,1,False
2342,2343,Branch_2854,3484,4059,546.448087431694,1,False
2343,2344,Branch_2856,7076,7581,19.77456990310461,1,False
2344,2345,Branch_2858,5773,5828,19.46282600233554,1,False
2345,2346,Branch_2859,5773,6152,45.289855072463766,1,False
2346,2347,Branch_2860,6152,6820,17.301038062283737,1,True
2347,2348,Branch_2861,6820,7039,64.06149903907752,1,False
2348,2349,Branch_2862,7039,7144,10.453690152623876,1,False
2349,2350,Branch_2863,7051,7144,27.862914460852604,1,False
2350,2351,Branch_2864,6555,6911,1000.0,1,False
2351,2352,Branch_2865,5830,6284,26.852846401718583,1,False
2352,2353,Branch_2866,5831,6284,26.852846401718583,1,False
2353,2354,Branch_2867,6555,6807,67.93478260869566,1,False
2354,2355,Branch_2868,6388,6504,6.019020103527146,1,False
2355,2356,Branch_2869,5884,6504,18.6046511627907,1,False
2356,2357,Branch_2870,5828,6388,81.03727714748784,1,False
2357,2358,Branch_2871,5709,5828,17.188037126160193,1,False
2358,2359,Branch_2872,1905,1970,44.052863436123346,1,False
2359,2360,Branch_2873,5709,6352,2000.0,1,False
2360,2361,Branch_2874,5927,6083,186.21973929236495,1,False
2361,2362,Branch_2875,5927,6352,22.08968411751712,1,False
2362,2363,Branch_2877,6622,6711,63.13131313131313,1,False
2363,2364,Branch_2878,6711,7433,21.547080370609784,1,False
2364,2365,Branch_2879,6078,6253,21.32196162046908,1,False
2365,2366,Branch_2880,6972,7073,219.78021978021977,1,False
2366,2367,Branch_2881,6632,6972,35.61253561253561,1,False
2367,2368,Branch_2882,6087,6632,10.311404413281087,1,False
2368,2369,Branch_2885,3067,4975,19.557989438685706,1,False
2369,2370,Branch_2886,6598,7063,793.6507936507936,1,False
2370,2371,Branch_2887,6694,7027,471.6981132075472,1,False
2371,2372,Branch_2888,6695,6703,28.793550244745177,1,False
2372,2373,Branch_2889,6865,7158,68.7757909215956,1,False
2373,2374,Branch_2890,6694,6865,53.648068669527895,1,False
2374,2375,Branch_2891,6863,6865,118.76484560570071,1,False
2375,2376,Branch_2892,6598,7053,29.647198339756898,1,False
2376,2377,Branch_2893,6597,6598,272.47956403269757,1,False
2377,2378,Branch_2894,6694,6703,709.2198581560284,1,False
2378,2379,Branch_2896,6684,6695,30.91190108191654,1,False
2379,2380,Branch_2897,1787,1850,212.8668171557562,1,False
2380,2381,Branch_2898,3340,4201,72.04610951008645,1,False
2381,2382,Branch_2899,3340,4058,54.734537493158186,1,False
2382,2383,Branch_2900,3484,4058,546.448087431694,1,False
2383,2384,Branch_2902,3589,4778,153.84615384615384,1,False
2384,2385,Branch_2904,3966,4778,35.27336860670194,1,False
2385,2386,Branch_2905,4076,4778,127.8772378516624,1,False
2386,2387,Branch_2906,2815,3589,207.4688796680498,1,False
2387,2388,Branch_2911,2713,3966,505.050505050505,1,False
2388,2389,Branch_2912,4075,4141,127.8772378516624,1,False
2389,2390,Branch_2913,3588,4141,153.37423312883436,1,False
2390,2391,Branch_2914,2713,4141,37.69317753486619,1,False
2391,2392,Branch_2915,2815,3588,207.4688796680498,1,False
2392,2393,Branch_2918,2393,2394,33.3000333000333,1,False
2393,2394,Branch_2919,2815,4167,38.051750380517504,1,False
2394,2395,Branch_2920,4167,4854,273.224043715847,1,False
2395,2396,Branch_2921,4166,4854,273.224043715847,1,False
2396,2397,Branch_2922,4166,5062,99.10802775024776,1,False
2397,2398,Branch_2923,4870,5062,122.85012285012284,1,False
2398,2399,Branch_2924,4470,4870,2000.0,1,False
2399,2400,Branch_2925,4470,5063,122.85012285012284,1,False
2400,2401,Branch_2926,2815,5063,51.92107995846314,1,False
2401,2402,Branch_2927,4854,4942,61.42506142506142,1,False
2402,2403,Branch_2928,2769,3580,42.69854824935952,1,False
2403,2404,Branch_2929,2769,4942,56.49717514124294,1,False
2404,2405,Branch_2930,3580,4545,71.73601147776183,1,False
2405,2406,Branch_2931,4930,4942,2000.0,1,False
2406,2407,Branch_2934,4854,4941,61.42506142506142,1,False
2407,2408,Branch_2935,3579,4941,24.993751562109473,1,False
2408,2409,Branch_2936,3579,4545,71.73601147776183,1,False
2409,2410,Branch_2937,4931,4941,2000.0,1,False
2410,2411,Branch_2942,3705,3966,22.88329519450801,1,False
2411,2412,Branch_2943,3039,3793,43.29004329004329,1,False
2412,2413,Branch_2944,3705,3793,64.18485237483954,1,False
2413,2414,Branch_2946,3966,4854,45.578851412944395,1,False
2414,2415,Branch_2948,3860,3966,432.9004329004329,1,False
2415,2416,Branch_2949,3860,4854,50.94243504839531,1,False
2416,2417,Branch_2950,3860,4231,2000.0,1,False
2417,2418,Branch_2952,7926,8340,45.12635379061372,1,False
2418,2419,Branch_2955,6167,6286,25.806451612903224,1,False
2419,2420,Branch_2956,6087,6313,18.681113394358302,1,False
2420,2421,Branch_2957,5765,5777,148.3679525222552,1,False
2421,2422,Branch_2958,5765,6286,409.8360655737705,1,False
2422,2423,Branch_2959,5765,6313,13.426423200859292,1,False
2423,2424,Branch_2960,6305,6313,18.733608092918697,1,False
2424,2425,Branch_2962,3620,4771,63.89776357827476,1,False
2425,2426,Branch_2963,3620,3961,269.54177897574124,1,False
2426,2427,Branch_2964,2786,3620,359.71223021582733,1,False
2427,2428,Branch_2967,3769,4771,66.53359946773121,1,False
2428,2429,Branch_2968,2786,3769,1612.9032258064517,1,False
2429,2430,Branch_2969,3130,6145,17.36714136853074,1,False
2430,2431,Branch_2970,6144,6170,55.67928730512249,1,False
2431,2432,Branch_2971,3718,4613,65.83278472679395,1,False
2432,2433,Branch_2972,3918,4734,478.4688995215311,1,False
2433,2434,Branch_2973,4267,4734,191.20458891013385,1,False
2434,2435,Branch_2974,3752,4613,84.88964346349745,1,False
2435,2436,Branch_2975,4308,4771,110.98779134295228,1,False
2436,2437,Branch_2976,2994,4308,144.3001443001443,1,False
2437,2438,Branch_2977,4267,4308,131.75230566534916,1,False
2438,2439,Branch_2978,4225,4267,151.74506828528072,1,False
2439,2440,Branch_2979,3718,4734,89.20606601248885,1,False
2440,2441,Branch_2980,2786,4771,249.7069606204953,1,False
2441,2442,Branch_2981,2786,4771,249.7069606204953,1,False
2442,2443,Branch_2982,2786,3770,2000.0,1,False
2443,2444,Branch_2983,1840,2345,38.71467286101432,1,False
2444,2445,Branch_2984,3437,4201,175.7469244288225,1,False
2445,2446,Branch_2985,3205,3794,52.11047420531527,1,False
2446,2447,Branch_2986,3205,3437,27.495188342040144,1,False
2447,2448,Branch_2987,4556,4771,114.5475372279496,1,False
2448,2449,Branch_2988,3918,4266,131.75230566534916,1,False
2449,2450,Branch_2989,2995,4556,144.3001443001443,1,False
2450,2451,Branch_2990,4266,4556,123.15270935960592,1,False
2451,2452,Branch_2991,4224,4266,151.74506828528072,1,False
2452,2453,Branch_2992,3834,4933,25.980774227071965,1,False
2453,2454,Branch_2993,3834,4993,18.040772145047807,1,False
2454,2455,Branch_2994,6903,7265,40.27386226339106,1,False
2455,2456,Branch_2995,7073,7531,33.738191632928476,1,False
2456,2457,Branch_2997,7265,7531,33.97893306150187,1,False
2457,2458,Branch_2998,7220,7350,89.20606601248885,1,False
2458,2459,Branch_3001,3520,3867,39.61965134706814,1,False
2459,2460,Branch_3002,3297,4196,144.7178002894356,1,False
2460,2461,Branch_3003,4196,4279,181.8181818181818,1,False
2461,2462,Branch_3004,3297,3976,103.09278350515464,1,False
2462,2463,Branch_3005,3867,3976,507.61421319796955,1,False
2463,2464,Branch_3008,3960,4229,485.4368932038834,1,False
2464,2465,Branch_3009,2786,4229,263.1578947368421,1,False
2465,2466,Branch_3010,7326,7569,21.50537634408602,1,False
2466,2467,Branch_3011,6569,6570,862.0689655172414,1,False
2467,2468,Branch_3012,7298,7569,101.9367991845056,1,False
2468,2469,Branch_3013,3515,4216,649.3506493506494,1,False
2469,2470,Branch_3014,3515,4760,877.1929824561404,1,False
2470,2471,Branch_3015,6850,7300,29.533372711163615,1,False
2471,2472,Branch_3016,6804,6924,373.13432835820896,1,False
2472,2473,Branch_3017,7413,7422,1351.3513513513512,1,False
2473,2474,Branch_3018,6858,6905,37.243947858473,1,False
2474,2475,Branch_3019,6804,6825,16.515276630883566,1,False
2475,2476,Branch_3020,7072,7118,31.938677738741617,1,False
2476,2477,Branch_3021,6825,6858,2000.0,1,False
2477,2478,Branch_3022,7072,7634,23.803856224708404,1,False
2478,2479,Branch_3023,6848,7634,1492.5373134328358,1,False
2479,2480,Branch_3024,6825,7715,18.646280067126607,1,False
2480,2481,Branch_3025,6825,7131,160.25641025641025,1,False
2481,2482,Branch_3026,6858,7118,62.266500622665006,1,False
2482,2483,Branch_3027,6924,7715,421.9409282700422,1,False
2483,2484,Branch_3028,6563,7072,17.796760989499912,1,False
2484,2485,Branch_3029,6791,7716,454.54545454545456,1,False
2485,2486,Branch_3030,7715,7716,425.531914893617,1,False
2486,2487,Branch_3031,6950,7716,2000.0,1,False
2487,2488,Branch_3037,6573,7300,434.7826086956522,1,False
2488,2489,Branch_3038,6804,6950,478.4688995215311,1,False
2489,2490,Branch_3039,7635,7673,125.31328320802004,1,False
2490,2491,Branch_3040,7589,7596,19.63093835885355,1,False
2491,2492,Branch_3041,6888,7589,23.946360153256705,1,False
2492,2493,Branch_3044,2312,2531,36.79175864606328,1,False
2493,2494,Branch_3045,3977,4340,19.849146486701073,1,False
2494,2495,Branch_3046,4340,4723,389.10505836575874,1,False
2495,2496,Branch_3047,4340,4728,26.53927813163482,1,False
2496,2497,Branch_3048,4064,4723,13.657470636438132,1,False
2497,2498,Branch_3049,4064,4676,35.99712023038157,1,False
2498,2499,Branch_3050,2852,3977,1176.470588235294,1,False
2499,2500,Branch_3053,4688,4728,13.563000135630002,1,False
2500,2501,Branch_3054,2672,2903,31.11387678904791,1,False
2501,2502,Branch_3055,2903,4676,2000.0,1,False
2502,2503,Branch_3056,2395,2401,24.582104228121928,1,False
2503,2504,Branch_3057,7277,7673,584.7953216374269,1,False
2504,2505,Branch_3058,3036,4688,47.34848484848485,1,False
2505,2506,Branch_3059,3036,3776,141.84397163120568,1,False
2506,2507,Branch_3060,3778,4753,15.453562046051616,1,False
2507,2508,Branch_3061,3144,4753,20.43318348998774,1,False
2508,2509,Branch_3063,4024,4688,13.157894736842104,1,False
2509,2510,Branch_3064,4024,8895,6.531252041016263,1,False
2510,2511,Branch_3067,2037,2403,34.141345168999656,1,False
2511,2512,Branch_3068,3918,4233,101.6260162601626,1,False
2512,2513,Branch_3069,3906,4233,58.8235294117647,1,False
2513,2514,Branch_3070,3734,3918,38.47633705271258,1,False
2514,2515,Branch_3071,3734,4762,961.5384615384615,1,False
2515,2516,Branch_3072,7300,7355,245.7002457002457,1,False
2516,2517,Branch_3073,5924,6113,41.01722723543888,1,False
2517,2518,Branch_3074,3830,4380,61.34969325153374,1,False
2518,2519,Branch_3075,3918,3949,73.31378299120234,1,False
2519,2520,Branch_3076,3949,4795,117.9245283018868,1,False
2520,2521,Branch_3077,3949,4380,131.92612137203167,1,False
2521,2522,Branch_3078,3775,3830,130.54830287206266,1,False
2522,2523,Branch_3079,2815,3775,130.54830287206266,1,False
2523,2524,Branch_3080,4070,4964,2000.0,1,False
2524,2525,Branch_3081,4795,4965,29.04443799012489,1,False
2525,2526,Branch_3082,4216,4965,2000.0,1,False
2526,2527,Branch_3083,2815,4523,116.95906432748538,1,False
2527,2528,Branch_3084,4071,4216,2000.0,1,False
2528,2529,Branch_3085,4071,4523,74.1839762611276,1,False
2529,2530,Branch_3086,3774,4379,41.98152812762385,1,False
2530,2531,Branch_3087,3169,3918,75.41478129713424,1,False
2531,2532,Branch_3088,3906,4794,44.563279857397504,1,False
2532,2533,Branch_3089,3169,4794,117.9245283018868,1,False
2533,2534,Branch_3090,3169,4379,132.80212483399734,1,False
2534,2535,Branch_3091,2815,3774,180.50541516245488,1,False
2535,2536,Branch_3092,4201,4524,52.52100840336134,1,False
2536,2537,Branch_3093,3541,4256,131.75230566534916,1,False
2537,2538,Branch_3094,3541,4524,38.255547054322875,1,False
2538,2539,Branch_3095,3838,4724,176.05633802816902,1,False
2539,2540,Branch_3096,3838,4255,136.4256480218281,1,False
2540,2541,Branch_3097,2839,3794,374.53183520599254,1,False
2541,2542,Branch_3098,3499,4724,221.23893805309737,1,False
2542,2543,Branch_3099,4255,4301,125.6281407035176,1,False
2543,2544,Branch_3100,2804,3499,185.5287569573284,1,False
2544,2545,Branch_3101,2804,3098,89.44543828264759,1,False
2545,2546,Branch_3102,2839,4301,115.47344110854505,1,False
2546,2547,Branch_3105,3214,4518,111.731843575419,1,False
2547,2548,Branch_3106,4278,4518,104.0582726326743,1,False
2548,2549,Branch_3107,3773,3918,133.33333333333334,1,False
2549,2550,Branch_3108,3214,3773,153.84615384615384,1,False
2550,2551,Branch_3109,4279,4519,103.95010395010397,1,False
2551,2552,Branch_3110,3918,4519,43.55400696864111,1,False
2552,2553,Branch_3111,2420,2421,92.67840593141798,1,False
2553,2554,Branch_3112,2840,3794,374.53183520599254,1,False
2554,2555,Branch_3113,4256,4300,125.6281407035176,1,False
2555,2556,Branch_3114,2840,4300,115.47344110854505,1,False
2556,2557,Branch_3115,6640,6826,36.96857670979667,1,False
2557,2558,Branch_3116,6640,6980,1298.7012987012988,1,False
2558,2559,Branch_3118,6640,7255,675.6756756756756,1,False
2559,2560,Branch_3120,7185,7255,31.104199066874028,1,False
2560,2561,Branch_3121,6588,7185,19.584802193497847,1,False
2561,2562,Branch_3122,6588,7326,18.21161901293025,1,False
2562,2563,Branch_3123,5706,6220,47.192071731949035,1,False
2563,2564,Branch_3124,6418,8978,10.382059800664452,1,False
2564,2565,Branch_3125,6418,6437,29.18855808523059,1,False
2565,2566,Branch_3126,5706,6437,2000.0,1,False
2566,2567,Branch_3127,5712,6168,259.7402597402597,1,False
2567,2568,Branch_3128,6001,6168,92.7643784786642,1,False
2568,2569,Branch_3129,5706,6001,173.61111111111111,1,False
2569,2570,Branch_3130,2277,2420,54.17118093174431,1,False
2570,2571,Branch_3131,6837,7049,103.30578512396694,1,False
2571,2572,Branch_3132,6826,6837,49.62779156327544,1,False
2572,2573,Branch_3133,6811,6837,20.0,1,False
2573,2574,Branch_3134,2673,4336,869.5652173913044,1,False
2574,2575,Branch_3135,2673,3338,313.47962382445144,1,False
2575,2576,Branch_3136,2673,2695,44.9842555105713,1,False
2576,2577,Branch_3137,4005,4525,122.85012285012284,1,False
2577,2578,Branch_3138,3301,3918,92.08103130755065,1,False
2578,2579,Branch_3139,4005,4738,60.09615384615385,1,False
2579,2580,Branch_3140,4016,4738,153.60983102918587,1,False
2580,2581,Branch_3141,4016,4436,129.87012987012986,1,False
2581,2582,Branch_3142,2695,4525,172.1170395869191,1,False
2582,2583,Branch_3143,3301,4016,2000.0,1,False
2583,2584,Branch_3144,3338,3801,704.2253521126761,1,False
2584,2585,Branch_3145,3801,4278,108.57763300760044,1,False
2585,2586,Branch_3146,5773,5949,56.08524957936063,1,False
2586,2587,Branch_3147,5843,5949,20.036064916850332,1,False
2587,2588,Branch_3148,5843,6220,32.62642740619902,1,False
2588,2589,Branch_3149,5712,6083,108.22510822510824,1,False
2589,2590,Branch_3150,2718,6334,94.07337723424271,1,False
2590,2591,Branch_3151,8735,9056,98.81422924901186,1,False
2591,2592,Branch_3152,9037,9056,127.7139208173691,1,False
2592,2593,Branch_3153,8795,8958,228.83295194508008,1,False
2593,2594,Branch_3154,8735,8980,70.8215297450425,1,False
2594,2595,Branch_3155,8958,9037,2000.0,1,False
2595,2596,Branch_3156,8795,9267,40.600893219650835,1,False
2596,2597,Branch_3157,8795,9035,103.19917440660474,1,False
2597,2598,Branch_3158,7053,7158,14.92537313432836,1,False
2598,2599,Branch_3159,6561,7191,14.332807797047442,1,False
2599,2600,Branch_3160,6644,7436,99.601593625498,1,False
2600,2601,Branch_3164,7191,7436,427.35042735042737,1,False
2601,2602,Branch_3165,6513,6644,268.81720430107526,1,False
2602,2603,Branch_3166,6513,6698,56.49717514124294,1,False
2603,2604,Branch_3167,6698,7126,35.98416696653472,1,False
2604,2605,Branch_3168,6698,6852,123.45679012345678,1,False
2605,2606,Branch_3169,7126,7607,268.81720430107526,1,False
2606,2607,Branch_3170,7260,7621,68.07351940095303,1,False
2607,2608,Branch_3171,7437,7621,24.975024975024976,1,False
2608,2609,Branch_3172,6749,7621,265.9574468085106,1,False
2609,2610,Branch_3175,6515,7437,85.1063829787234,1,False
2610,2611,Branch_3176,6515,6551,1388.888888888889,1,False
2611,2612,Branch_3177,6551,7104,387.5968992248062,1,False
2612,2613,Branch_3178,6561,7104,27.151778441487917,1,False
2613,2614,Branch_3180,6811,6917,21.805494984736153,1,False
2614,2615,Branch_3181,6585,7260,925.925925925926,1,False
2615,2616,Branch_3182,6585,6917,15.295197308045276,1,False
2616,2617,Branch_3183,6790,7126,75.98784194528875,1,False
2617,2618,Branch_3186,7260,7622,70.12622720897616,1,False
2618,2619,Branch_3187,6699,7622,40.22526146419952,1,False
2619,2620,Branch_3188,6748,7622,265.9574468085106,1,False
2620,2621,Branch_3189,6699,6790,68.3526999316473,1,False
2621,2622,Branch_3190,6699,6853,123.45679012345678,1,False
2622,2623,Branch_3191,6586,7260,925.925925925926,1,False
2623,2624,Branch_3192,6811,7011,9.693679720822024,1,False
2624,2625,Branch_3193,6586,7456,22.9147571035747,1,False
2625,2626,Branch_3194,7011,7456,71.94244604316546,1,False
2626,2627,Branch_3195,6810,7276,16.96928559307653,1,False
2627,2628,Branch_3196,6655,7607,215.05376344086025,1,False
2628,2629,Branch_3197,6772,7126,74.8502994011976,1,False
2629,2630,Branch_3198,6773,7607,103.84215991692628,1,False
2630,2631,Branch_3199,6655,7543,448.4304932735426,1,False
2631,2632,Branch_3200,7543,7637,43.27131112072696,1,False
2632,2633,Branch_3201,6810,7637,52.2466039707419,1,False
2633,2634,Branch_3202,1990,2397,37.67897513187641,1,False
2634,2635,Branch_3203,7087,7089,144.3001443001443,1,False
2635,2636,Branch_3204,7080,7215,47.86979415988511,1,False
2636,2637,Branch_3205,6533,7089,121.95121951219512,1,False
2637,2638,Branch_3206,7075,7087,144.3001443001443,1,False
2638,2639,Branch_3207,7089,7215,56.306306306306304,1,False
2639,2640,Branch_3209,6697,7080,32.08213025344883,1,False
2640,2641,Branch_3210,6087,6697,12.201073694485114,1,False
2641,2642,Branch_3211,6083,6087,7.5947444368497,1,False
2642,2643,Branch_3214,6851,7115,58.75440658049354,1,False
2643,2644,Branch_3215,6851,7064,386.1003861003861,1,False
2644,2645,Branch_3216,6811,7064,74.12898443291327,1,False
2645,2646,Branch_3217,7073,7521,51.733057423693744,1,False
2646,2647,Branch_3218,7080,7521,21.128248468201985,1,False
2647,2648,Branch_3219,2377,2433,73.63770250368188,1,False
2648,2649,Branch_3220,6811,6992,122.24938875305624,1,False
2649,2650,Branch_3221,6613,6992,22.794620469569185,1,False
2650,2651,Branch_3222,6539,6963,2000.0,1,False
2651,2652,Branch_3223,7374,7573,110.49723756906076,1,False
2652,2653,Branch_3224,6539,6810,20.903010033444815,1,False
2653,2654,Branch_3225,6685,7573,27.06359945872801,1,False
2654,2655,Branch_3226,6963,7374,387.5968992248062,1,False
2655,2656,Branch_3227,6685,7080,9.311853990129435,1,False
2656,2657,Branch_3229,7024,7026,17.205781142463866,1,False
2657,2658,Branch_3230,6686,7026,17.674089784376104,1,False
2658,2659,Branch_3231,6686,7711,19.164430816404753,1,False
2659,2660,Branch_3234,7080,7216,13.392259274139548,1,False
2660,2661,Branch_3235,6617,7216,12.19809709685289,1,False
2661,2662,Branch_3236,6617,7024,25.22704339051463,1,False
2662,2663,Branch_3238,6562,6599,27.277686852154936,1,False
2663,2664,Branch_3239,6599,6613,23.691068467187872,1,False
2664,2665,Branch_3240,6613,7503,2000.0,1,False
2665,2666,Branch_3241,1755,2665,51.12474437627811,1,False
2666,2667,Branch_3242,7322,7338,182.81535648994517,1,False
2667,2668,Branch_3243,7322,7337,182.81535648994517,1,False
2668,2669,Branch_3244,7322,7377,1250.0,1,False
2669,2670,Branch_3245,7594,7596,1075.268817204301,1,False
2670,2671,Branch_3246,6647,6648,813.0081300813008,1,False
2671,2672,Branch_3247,6647,6649,813.0081300813008,1,False
2672,2673,Branch_3248,4216,4964,2000.0,1,False
2673,2674,Branch_3249,3714,4964,35.486160397445,1,False
2674,2675,Branch_3250,2815,3758,163.9344262295082,1,False
2675,2676,Branch_3251,3758,4536,500.0,1,False
2676,2677,Branch_3252,3593,3758,57.2737686139748,1,False
2677,2678,Branch_3253,3593,3714,99.9000999000999,1,False
2678,2679,Branch_3254,2196,2239,146.19883040935673,1,False
2679,2680,Branch_3255,6084,6085,34.39972480220158,1,False
2680,2681,Branch_3256,6737,7110,313.47962382445144,1,False
2681,2682,Branch_3257,6791,7110,58.8235294117647,1,False
2682,2683,Branch_3258,6979,7110,88.41732979664015,1,False
2683,2684,Branch_3259,6811,6979,36.95491500369549,1,False
2684,2685,Branch_3260,6737,6835,900.9009009009008,1,False
2685,2686,Branch_3261,7430,7439,2000.0,1,True
2686,2687,Branch_3262,6874,7076,34.746351633078525,1,False
2687,2688,Branch_3263,6587,6874,37.105751391465674,1,False
2688,2689,Branch_3264,6587,7430,47.596382674916704,1,False
2689,2690,Branch_3265,7192,7449,60.27727546714888,1,False
2690,2691,Branch_3266,7368,7449,58.99705014749262,1,False
2691,2692,Branch_3267,7192,7430,30.175015087507543,1,False
2692,2693,Branch_3268,6962,7076,10.53962900505902,1,False
2693,2694,Branch_3269,6962,7368,28.57959416976279,1,False
2694,2695,Branch_3270,6738,6945,199.6007984031936,1,False
2695,2696,Branch_3271,6791,6945,66.62225183211193,1,False
2696,2697,Branch_3272,6924,6945,371.7472118959108,1,False
2697,2698,Branch_3273,6628,6981,149.47683109118086,1,False
2698,2699,Branch_3275,6628,7672,94.07337723424271,1,False
2699,2700,Branch_3276,3746,5021,14.596409283316303,1,False
2700,2701,Branch_3277,3344,5021,19.175455417066154,1,False
2701,2702,Branch_3278,6789,7038,56.433408577878104,1,False
2702,2703,Branch_3279,6789,6981,63.89776357827476,1,False
2703,2704,Branch_3280,6663,7117,58.927519151443725,1,False
2704,2705,Branch_3281,6789,7030,2000.0,1,False
2705,2706,Branch_3282,7038,7117,386.1003861003861,1,False
2706,2707,Branch_3283,7038,7132,174.52006980802793,1,False
2707,2708,Branch_3285,6663,7276,22.016732716864816,1,False
2708,2709,Branch_3287,6883,7126,156.98587127158555,1,False
2709,2710,Branch_3288,6843,6931,70.27406886858749,1,False
2710,2711,Branch_3289,6883,6931,72.09805335255948,1,False
2711,2712,Branch_3290,6843,7466,74.73841554559043,1,False
2712,2713,Branch_3291,6840,7466,141.643059490085,1,False
2713,2714,Branch_3296,6981,7282,301.2048192771084,1,False
2714,2715,Branch_3297,6791,7282,193.7984496124031,1,False
2715,2716,Branch_3298,6921,7282,303.951367781155,1,False
2716,2717,Branch_3299,6791,6920,495.0495049504951,1,False
2717,2718,Branch_3300,6981,7115,35.829451809387315,1,False
2718,2719,Branch_3301,6562,7326,440.34803410888605,1,False
2719,2720,Branch_3303,7332,7473,27.548209366391184,1,False
2720,2721,Branch_3306,7326,7364,751.8796992481203,1,False
2721,2722,Branch_3308,6106,6171,80.84074373484236,1,False
2722,2723,Branch_3309,4031,4430,307.6923076923077,1,False
2723,2724,Branch_3310,3746,4031,60.56935190793458,1,False
2724,2725,Branch_3311,3942,4031,156.73981191222572,1,False
2725,2726,Branch_3312,2880,4638,89.52551477170994,1,False
2726,2727,Branch_3313,4439,4535,21.477663230240548,1,False
2727,2728,Branch_3314,3942,4638,53.937432578209275,1,False
2728,2729,Branch_3315,2880,4439,22.716946842344388,1,False
2729,2730,Branch_3317,6805,7138,154.5595054095827,1,False
2730,2731,Branch_3318,6602,6805,33.62474781439139,1,False
2731,2732,Branch_3319,6602,7624,47.86979415988511,1,False
2732,2733,Branch_3320,7408,7624,507.61421319796955,1,False
2733,2734,Branch_3321,6791,7408,8.753501400560225,1,False
2734,2735,Branch_3322,6847,7624,33.62474781439139,1,False
2735,2736,Branch_3323,6562,6805,142.2475106685633,1,False
2736,2737,Branch_3324,7139,7326,53.937432578209275,1,False
2737,2738,Branch_3325,6562,7326,440.34803410888605,1,False
2738,2739,Branch_3326,6791,6949,552.4861878453039,1,False
2739,2740,Branch_3327,6999,7364,4000.0,1,False
2740,2741,Branch_3329,6999,7364,4000.0,1,False
2741,2742,Branch_3332,2210,2561,51.75983436853002,1,False
2742,2743,Branch_3333,6540,7672,151.9756838905775,1,False
2743,2744,Branch_3334,6540,6629,268.81720430107526,1,False
2744,2745,Branch_3335,6629,6791,141.643059490085,1,False
2745,2746,Branch_3336,6558,7527,30.56234718826406,1,False
2746,2747,Branch_3338,6558,6810,2000.0,1,False
2747,2748,Branch_3340,7388,7527,62.53908692933083,1,False
2748,2749,Branch_3342,7388,7672,48.732943469785575,1,False
2749,2750,Branch_3343,2093,2543,4000.0,1,False
2750,2751,Branch_3345,3039,3144,9.49397132820659,1,False
2751,2752,Branch_3346,6875,7172,49.115913555992144,1,False
2752,2753,Branch_3347,6943,7171,236.96682464454975,1,False
2753,2754,Branch_3348,6943,7076,16.220600162206,1,False
2754,2755,Branch_3349,6768,6827,103.09278350515464,1,True
2755,2756,Branch_3350,6827,7171,2000.0,1,False
2756,2757,Branch_3351,6827,7172,2000.0,1,False
2757,2758,Branch_3352,6562,6943,704.2253521126761,1,False
2758,2759,Branch_3353,2031,2599,37.92188092529389,1,False
2759,2760,Branch_3354,7276,7672,45.433893684688776,1,False
2760,2761,Branch_3355,8945,8980,38.08073115003808,1,False
2761,2762,Branch_3356,8932,8945,71.22507122507122,1,False
2762,2763,Branch_3357,8945,8989,181.15942028985503,1,False
2763,2764,Branch_3358,8878,9091,42.14075010535188,1,False
2764,2765,Branch_3359,8903,9036,1000.0,1,False
2765,2766,Branch_3360,8903,8989,82.64462809917356,1,False
2766,2767,Branch_3361,9036,9091,75.13148009015778,1,False
2767,2768,Branch_3362,8862,9267,1298.7012987012988,1,False
2768,2769,Branch_3363,8862,8878,77.9423226812159,1,False
2769,2770,Branch_3364,6923,7350,2000.0,1,False
2770,2771,Branch_3366,4433,4688,27.8473962684489,1,False
2771,2772,Branch_3367,3756,4433,33.433634236041456,1,False
2772,2773,Branch_3368,3756,9012,30.11141222523336,1,False
2773,2774,Branch_3369,8798,9012,25.523226135783563,1,False
2774,2775,Branch_3370,8963,9035,26.014568158168576,1,False
2775,2776,Branch_3371,8963,9012,66.66666666666667,1,False
2776,2777,Branch_3372,8878,9066,24.372410431391664,1,False
2777,2778,Branch_3373,9066,9481,65.06180871828236,1,False
2778,2779,Branch_3375,1835,2170,75.8150113722517,1,False
2779,2780,Branch_3376,7078,7326,82.03445447087776,1,False
2780,2781,Branch_3377,7379,7402,78.86435331230284,1,False
2781,2782,Branch_3378,7078,7379,30.3951367781155,1,False
2782,2783,Branch_3379,7402,7459,14.007564084605686,1,False
2783,2784,Branch_3380,7390,7459,17.812611328820804,1,False
2784,2785,Branch_3381,7326,7390,12.434717731907485,1,False
2785,2786,Branch_3382,7076,7364,14.887598630340928,1,False
2786,2787,Branch_3385,7401,7600,134.40860215053763,1,False
2787,2788,Branch_3386,6592,7369,22.716946842344388,1,False
2788,2789,Branch_3387,7369,7391,14.755791648221926,1,False
2789,2790,Branch_3388,7375,7391,18.112660749864155,1,False
2790,2791,Branch_3389,6592,7600,68.96551724137932,1,False
2791,2792,Branch_3390,6530,7401,94.07337723424271,1,False
2792,2793,Branch_3392,6530,7459,892.8571428571429,1,False
2793,2794,Branch_3393,7378,7459,12.224938875305623,1,False
2794,2795,Branch_3394,7375,7378,7.723797018614351,1,False
2795,2796,Branch_3398,2413,2632,87.03220191470844,1,False
2796,2797,Branch_3399,8987,9035,746.2686567164179,1,False
2797,2798,Branch_3400,8748,8987,73.1528895391368,1,False
2798,2799,Branch_3401,8748,9267,59.844404548174744,1,False
2799,2800,Branch_3402,1969,2342,77.45933384972889,1,False
2800,2801,Branch_3403,6840,7276,66.2251655629139,1,False
2801,2802,Branch_3405,7454,7457,63.05170239596469,1,False
2802,2803,Branch_3406,5924,6085,19.71608832807571,1,False
2803,2804,Branch_3407,4180,4381,1000.0,1,False
2804,2805,Branch_3408,6876,7074,13.065064018813692,1,False
2805,2806,Branch_3409,6800,6876,41.51100041511,1,False
2806,2807,Branch_3410,6800,7046,7.237984944991315,1,False
2807,2808,Branch_3411,6807,7454,62.893081761006286,1,False
2808,2809,Branch_3412,3402,3842,52.63157894736842,1,False
2809,2810,Branch_3413,2740,3842,23.22340919647004,1,False
2810,2811,Branch_3414,6894,6899,10.206164523372117,1,False
2811,2812,Branch_3415,6899,6933,29.958058717795087,1,True
2812,2813,Branch_3416,7050,7170,21.77226213803614,1,False
2813,2814,Branch_3417,6933,7170,9.33184023889511,1,False
2814,2815,Branch_3418,7170,7175,2000.0,1,False
2815,2816,Branch_3419,6017,7074,22.82583884957772,1,False
2816,2817,Branch_3420,5747,6000,10.630381630700542,1,False
2817,2818,Branch_3421,5747,5778,15.82528881152081,1,False
2818,2819,Branch_3422,5747,5792,6.0949594685195345,1,False
2819,2820,Branch_3423,5792,6090,7.5125835774922995,1,False
2820,2821,Branch_3424,5778,6153,787.4015748031496,1,False
2821,2822,Branch_3425,6000,6017,12.564392511622064,1,False
2822,2823,Branch_3427,2099,2429,81.03727714748784,1,False
2823,2824,Branch_3428,3067,4535,17.65536723163842,1,False
2824,2825,Branch_3429,6867,6904,23.1000231000231,1,False
2825,2826,Branch_3430,6765,6937,44.44444444444444,1,False
2826,2827,Branch_3431,6867,6937,3.785297902944962,1,False
2827,2828,Branch_3432,6809,6937,4.316484654897052,1,False
2828,2829,Branch_3434,8767,8930,8.69414014953921,1,False
2829,2830,Branch_3435,9203,9426,9.088430428065074,1,False
2830,2831,Branch_3436,9198,9207,44.464206313917295,1,False
2831,2832,Branch_3437,8750,9198,2000.0,1,False
2832,2833,Branch_3438,9208,9300,1333.3333333333333,1,False
2833,2834,Branch_3439,8767,9207,4.625988805107092,1,False
2834,2835,Branch_3440,8767,9203,16.108247422680414,1,False
2835,2836,Branch_3442,9207,9300,961.5384615384615,1,False
2836,2837,Branch_3443,9426,9431,18.158707100054475,1,False
2837,2838,Branch_3446,8930,9065,15.119443604475356,1,False
2838,2839,Branch_3447,8883,9065,2000.0,1,False
2839,2840,Branch_3449,2134,5983,32.43593902043464,1,False
2840,2841,Branch_3450,3068,3745,40.17677782241864,1,False
2841,2842,Branch_3451,3978,4671,3.1986693535489237,1,False
2842,2843,Branch_3452,3124,4727,5.660911406736485,1,False
2843,2844,Branch_3453,4671,4727,6.086056843770921,1,False
2844,2845,Branch_3454,3978,4841,4.543389368468878,1,False
2845,2846,Branch_3455,4367,4841,8.216926869350862,1,False
2846,2847,Branch_3456,3125,4675,20.22653721682848,1,False
2847,2848,Branch_3457,3125,4367,13.252054068380598,1,False
2848,2849,Branch_3458,1966,2388,28.32058906825262,1,False
2849,2850,Branch_3459,2740,3746,23.22340919647004,1,False
2850,2851,Branch_3460,3768,4534,27.359781121751027,1,False
2851,2852,Branch_3461,6850,7025,26.867275658248253,1,False
2852,2853,Branch_3462,8786,8991,20.53388090349076,1,False
2853,2854,Branch_3463,8979,8991,26.36435539151068,1,False
2854,2855,Branch_3464,8782,8955,9.447331128956067,1,False
2855,2856,Branch_3465,8786,9009,40.600893219650835,1,False
2856,2857,Branch_3466,8825,8834,2000.0,1,False
2857,2858,Branch_3467,8979,9045,10.58873358746294,1,False
2858,2859,Branch_3468,8781,9009,5.322546306152863,1,False
2859,2860,Branch_3469,8778,9009,34.566194262011756,1,False
2860,2861,Branch_3470,8825,9044,41.928721174004195,1,False
2861,2862,Branch_3471,8955,9044,20.04008016032064,1,False
2862,2863,Branch_3472,8955,8979,7.347538574577516,1,False
2863,2864,Branch_3473,6995,7189,94.16195856873824,1,False
2864,2865,Branch_3474,3344,4701,24.43195699975568,1,False
2865,2866,Branch_3475,4701,6188,50.76142131979695,1,False
2866,2867,Branch_3479,6753,7150,35.12469265893923,1,False
2867,2868,Branch_3480,7046,7380,3.754599384245701,1,False
2868,2869,Branch_3481,6114,7380,4.888063349301007,1,False
2869,2870,Branch_3482,1995,2607,21.753317380900587,1,False
2870,2871,Branch_3483,5726,6072,94.6969696969697,1,False
2871,2872,Branch_3484,5726,5829,22.75830678197542,1,False
2872,2873,Branch_3485,5829,6128,5.8809691837214775,1,False
2873,2874,Branch_3486,1848,2430,43.535045711798,1,False
2874,2875,Branch_3487,5829,6126,7.107320540156361,1,False
2875,2876,Branch_3488,5799,6126,9.30232558139535,1,False
2876,2877,Branch_3489,5727,5799,6.6956812855708066,1,False
2877,2878,Branch_3490,5799,6127,8.682816705739342,1,False
2878,2879,Branch_3491,5707,6127,11.956001912960303,1,False
2879,2880,Branch_3492,5694,6127,90.33423667570008,1,False
2880,2881,Branch_3493,5716,5829,176.67844522968198,1,False
2881,2882,Branch_3494,5707,5716,4.423995752964077,1,False
2882,2883,Branch_3495,5716,6071,30.816640986132512,1,False
2883,2884,Branch_3496,5928,6167,35.587188612099645,1,False
2884,2885,Branch_3500,6090,6128,8.061265618702135,1,False
2885,2886,Branch_3503,7112,7587,11.633317822242905,1,False
2886,2887,Branch_3505,6734,7112,8.916629514043692,1,False
2887,2888,Branch_3506,6885,7327,3.8028597505324,1,False
2888,2889,Branch_3508,7112,7595,5.405405405405405,1,False
2889,2890,Branch_3509,6958,7595,9.13575735428467,1,False
2890,2891,Branch_3511,1755,2573,9.017945711966814,1,False
2891,2892,Branch_3512,3220,3344,52.13764337851929,1,False
2892,2893,Branch_3513,3367,3402,64.72491909385113,1,False
2893,2894,Branch_3514,3220,3367,75.7002271006813,1,False
2894,2895,Branch_3515,7010,7047,2000.0,1,False
2895,2896,Branch_3516,7008,7066,39.55696202531646,1,False
2896,2897,Branch_3517,7066,7190,23.11604253351826,1,False
2897,2898,Branch_3518,7062,7625,51.975051975051976,1,False
2898,2899,Branch_3519,7062,7116,4.3060758730568836,1,False
2899,2900,Branch_3520,7190,7626,15.820281601012498,1,False
2900,2901,Branch_3521,1917,2605,85.25149190110827,1,False
2901,2902,Branch_3522,6741,7107,14.596409283316303,1,False
2902,2903,Branch_3524,6932,7071,18.412815319462347,1,False
2903,2904,Branch_3525,7008,7071,12.71940981938438,1,False
2904,2905,Branch_3526,7071,7107,10.884946119516709,1,False
2905,2906,Branch_3527,6956,7107,9.811616954474095,1,False
2906,2907,Branch_3530,6618,7327,8.813678829543452,1,False
2907,2908,Branch_3531,5853,6111,16.147263038914904,1,False
2908,2909,Branch_3532,6889,7100,11.016855789357717,1,False
2909,2910,Branch_3533,6889,7050,27.862914460852604,1,False
2910,2911,Branch_3534,6889,7013,3.6165057321615857,1,False
2911,2912,Branch_3535,6997,7013,28.677946659019213,1,False
2912,2913,Branch_3536,2025,2128,1282.051282051282,1,False
2913,2914,Branch_3538,8890,9064,5.457919441109049,1,False
2914,2915,Branch_3539,8772,8890,5.333617792948957,1,False
2915,2916,Branch_3540,8890,8995,8.92379082634303,1,False
2916,2917,Branch_3541,2142,2169,1298.7012987012988,1,False
2917,2918,Branch_3543,9014,9064,26.63825253063399,1,False
2918,2919,Branch_3545,6058,6166,2.9537734455767244,1,False
2919,2920,Branch_3546,5820,6317,78.49293563579278,1,False
2920,2921,Branch_3547,6022,6082,66.62225183211193,1,False
2921,2922,Branch_3548,6022,6058,11.764705882352942,1,False
2922,2923,Branch_3549,5820,6022,78.49293563579278,1,False
2923,2924,Branch_3550,5924,6454,25.660764690787783,1,False
2924,2925,Branch_3551,5893,6166,4.845195988177722,1,False
2925,2926,Branch_3552,5883,6166,10.734220695577502,1,False
2926,2927,Branch_3554,5719,5882,49.52947003467063,1,False
2927,2928,Branch_3555,5719,6076,38.38771593090211,1,False
2928,2929,Branch_3556,5719,5894,12.23840411210378,1,False
2929,2930,Branch_3557,5883,6450,118.0637544273908,1,False
2930,2931,Branch_3558,5882,6450,118.0637544273908,1,False
2931,2932,Branch_3559,6454,6467,21.767522855899,1,False
2932,2933,Branch_3560,5818,6166,10.171905197843556,1,False
2933,2934,Branch_3561,5677,5818,7.106310403638431,1,False
2934,2935,Branch_3562,6013,6499,80.25682182985554,1,False
2935,2936,Branch_3563,2020,6165,24.61235540241201,1,False
2936,2937,Branch_3564,4534,4634,73.69196757553426,1,False
2937,2938,Branch_3565,4020,4634,123.76237623762376,1,False
2938,2939,Branch_3566,3768,4634,17.1909919202338,1,False
2939,2940,Branch_3567,1997,2441,20.15722636565209,1,False
2940,2941,Branch_3568,3130,3402,8.587376556462,1,False
2941,2942,Branch_3569,6946,7105,13.575889220743958,1,False
2942,2943,Branch_3570,6809,6946,19.06577693040991,1,False
2943,2944,Branch_3571,3124,3777,25.201612903225808,1,False
2944,2945,Branch_3572,7034,7438,364.963503649635,1,False
2945,2946,Branch_3573,4404,9093,13.653741125068269,1,False
2946,2947,Branch_3574,3124,4404,2.695926455126304,1,False
2947,2948,Branch_3575,3920,4021,11.974613818704348,1,False
2948,2949,Branch_3576,7179,7319,59.02322956439341,1,False
2949,2950,Branch_3577,8824,9093,10.236462278636504,1,False
2950,2951,Branch_3578,8797,8824,21.63565556036348,1,False
2951,2952,Branch_3579,8891,8919,4.733279689496852,1,False
2952,2953,Branch_3580,8797,8891,7.793624814901411,1,False
2953,2954,Branch_3581,8772,8919,20.53809817210926,1,False
2954,2955,Branch_3583,8791,8844,2000.0,1,False
2955,2956,Branch_3584,8772,9039,2.8243002796057275,1,False
2956,2957,Branch_3585,8844,9039,4.4929685042907845,1,False
2957,2958,Branch_3586,9034,9039,8.480325644504749,1,False
2958,2959,Branch_3587,8844,9060,107.18113612004288,1,False
2959,2960,Branch_3589,8887,9060,4.800537660217945,1,False
2960,2961,Branch_3590,8149,8156,47.93863854266539,1,False
2961,2962,Branch_3591,6751,7116,5.549697541483989,1,False
2962,2963,Branch_3592,6751,7159,9.859988168014198,1,False
2963,2964,Branch_3593,6890,7159,25.647601949217748,1,False
2964,2965,Branch_3594,6890,7029,78.18608287724786,1,False
2965,2966,Branch_3595,6746,7159,53.304904051172706,1,False
2966,2967,Branch_3596,1990,2564,23.326335432703523,1,False
2967,2968,Branch_3604,4675,4943,22.527596305474205,1,False
2968,2969,Branch_3605,3379,3422,25.3613999492772,1,False
2969,2970,Branch_3606,3379,4943,6.476683937823834,1,False
2970,2971,Branch_3607,3422,4366,5.417118093174431,1,False
2971,2972,Branch_3608,6085,6165,25.76655501159495,1,False
2972,2973,Branch_3609,8797,9290,9.848335631278314,1,False
2973,2974,Branch_3610,6078,6370,25.374270489723425,1,False
2974,2975,Branch_3611,5243,5443,39.354584809130266,1,False
2975,2976,Branch_3612,5313,5443,50.94243504839531,1,False
2976,2977,Branch_3613,5289,5312,49.67709885742673,1,False
2977,2978,Branch_3614,5176,5313,35.08771929824562,1,False
2978,2979,Branch_3615,5210,5458,367.6470588235294,1,False
2979,2980,Branch_3616,5176,5210,28.20078962210942,1,False
2980,2981,Branch_3617,5313,5391,23.792529145848203,1,False
2981,2982,Branch_3618,5148,5391,124.53300124533,1,False
2982,2983,Branch_3619,5312,5458,58.61664712778429,1,False
2983,2984,Branch_3620,4804,5148,102.98661174047372,1,False
2984,2985,Branch_3621,4804,5009,85.47008547008546,1,False
2985,2986,Branch_3622,3584,4804,64.59948320413437,1,False
2986,2987,Branch_3623,4806,5009,34.36426116838488,1,False
2987,2988,Branch_3624,2877,5009,2000.0,1,False
2988,2989,Branch_3626,6643,6769,16.038492381716118,1,False
2989,2990,Branch_3627,6643,7077,8.46955196070128,1,False
2990,2991,Branch_3628,6767,7085,115.2073732718894,1,True
2991,2992,Branch_3629,6769,7327,12.763241863433311,1,False
2992,2993,Branch_3631,8786,8902,78.74015748031496,1,False
2993,2994,Branch_3632,8902,8979,14.669209329617134,1,False
2994,2995,Branch_3633,8902,9268,29.922202274087372,1,False
2995,2996,Branch_3634,8938,8953,3.84571011037188,1,False
2996,2997,Branch_3635,8847,8938,156.49452269170578,1,False
2997,2998,Branch_3636,8847,8956,1000.0,1,False
2998,2999,Branch_3637,8786,8929,185.5287569573284,1,False
2999,3000,Branch_3638,8777,8929,12.201073694485114,1,False
3000,3001,Branch_3639,8929,8954,112.99435028248588,1,False
3001,3002,Branch_3640,8938,8954,22.558087074216107,1,False
3002,3003,Branch_3641,8954,9268,24.06159769008662,1,False
3003,3004,Branch_3642,5894,6360,11.24353496739375,1,False
3004,3005,Branch_3643,6128,6360,2.973181899268597,1,False
3005,3006,Branch_3646,5214,5485,52.74261603375528,1,False
3006,3007,Branch_3647,5169,5214,2000.0,1,False
3007,3008,Branch_3650,1974,2549,41.1522633744856,1,False
3008,3009,Branch_3653,8014,8524,11.767474699929394,1,False
3009,3010,Branch_3654,1917,2653,24.968789013732835,1,False
3010,3011,Branch_3655,2203,2228,40.48582995951417,1,False
3011,3012,Branch_3656,2290,2402,19.712201852946976,1,False
3012,3013,Branch_3659,2917,5045,1886.7924528301887,1,False
3013,3014,Branch_3660,330,1347,362.3188405797101,1,False
3014,3015,Branch_3661,361,1499,58.47953216374269,1,False
3015,3016,Branch_3662,361,362,151.05740181268882,1,False
3016,3017,Branch_3663,56,361,140.64697609001408,1,False
3017,3018,Branch_3671,3641,5045,6.269199423233653,1,False
3018,3019,Branch_3674,6559,6735,4.5987583352494825,1,False
3019,3020,Branch_3675,3445,5045,24.154589371980677,1,False
3020,3021,Branch_3677,437,1376,543.4782608695652,1,False
3021,3022,Branch_3678,6559,6727,5.091649694501018,1,False
3022,3023,Branch_3679,9300,9308,675.6756756756756,1,False
3023,3024,Branch_3682,290,1357,826.4462809917355,1,False
3024,3025,Branch_3687,7741,7895,94.42870632672332,1,False
3025,3026,Branch_3688,1850,2300,1544.4245676803816,1,False
3026,3027,Branch_3689,9126,9317,35.7398141529664,1,False
3027,3028,Branch_3693,9204,9317,42.24757076468103,1,False
3028,3029,Branch_3694,9321,9352,2000.0,1,False
3029,3030,Branch_3695,9321,9351,2000.0,1,False
3030,3031,Branch_3696,9227,9317,800.0,1,False
3031,3032,Branch_3697,9319,9339,2000.0,1,False
3032,3033,Branch_3698,9319,9340,2000.0,1,False
3033,3034,Branch_3703,7387,9320,51.44032921810699,1,False
3034,3035,Branch_3704,9320,9349,2000.0,1,False
3035,3036,Branch_3705,9320,9348,2000.0,1,False
3036,3037,Branch_3706,9126,9419,65.48788474132286,1,False
3037,3038,Branch_3707,9419,9452,2000.0,1,False
3038,3039,Branch_3708,9119,9419,147.49262536873155,1,False
3039,3040,Branch_3709,3325,4719,4.756242568370987,1,False
3040,3041,Branch_3710,1832,2258,92.5925925925926,1,False
3041,3042,Branch_3711,5243,5519,23.651844843897823,1,False
3042,3043,Branch_3713,5231,5519,12.567550584391102,1,False
3043,3044,Branch_3714,2856,4720,7.164350193437455,1,False
3044,3045,Branch_3715,2856,3465,118.90606420927467,1,False
3045,3046,Branch_3716,3465,3597,8.233841086867024,1,False
3046,3047,Branch_3717,4276,4720,16.71402306535183,1,False
3047,3048,Branch_3718,2746,4276,4.585262964831033,1,False
3048,3049,Branch_3719,3771,4276,4.585262964831033,1,False
3049,3050,Branch_3720,4276,4796,59.27682276229994,1,False
3050,3051,Branch_3723,9129,9457,116.68611435239208,1,False
3051,3052,Branch_3724,9457,9460,2000.0,1,False
3052,3053,Branch_3725,9119,9457,46.06172270842929,1,False
3053,3054,Branch_3726,9126,9482,341.29692832764505,1,False
3054,3055,Branch_3727,9119,9482,52.52100840336134,1,False
3055,3056,Branch_3731,1774,1903,19.952114924181963,1,False
3056,3057,Branch_3732,1997,2153,19.168104274487252,1,False
3057,3058,Branch_3733,3596,4559,25.980774227071965,1,False
3058,3059,Branch_3734,3135,4559,21.64970772894566,1,False
3059,3060,Branch_3735,3137,5367,19.584802193497847,1,False
3060,3061,Branch_3737,5382,5636,125.6281407035176,1,False
3061,3062,Branch_3738,2700,5382,52.6592943654555,1,False
3062,3063,Branch_3739,2700,5367,118.48341232227487,1,False
3063,3064,Branch_3740,2137,2414,107.87486515641856,1,False
3064,3065,Branch_3741,1772,1901,19.880715705765407,1,False
3065,3066,Branch_3742,5220,5281,28.87669650591972,1,False
3066,3067,Branch_3743,5281,5302,75.8150113722517,1,False
3067,3068,Branch_3744,5302,5446,7.484469725319961,1,False
3068,3069,Branch_3745,5322,5446,19.190174630589137,1,False
3069,3070,Branch_3746,5322,5401,11.337868480725623,1,False
3070,3071,Branch_3747,1786,1973,115.07483671522917,1,False
3071,3072,Branch_3748,5209,5231,240.3846153846154,1,False
3072,3073,Branch_3749,5209,5480,61.12469437652812,1,False
3073,3074,Branch_3750,5220,5368,6.5915233010348695,1,False
3074,3075,Branch_3751,5253,5368,11.890606420927467,1,False
3075,3076,Branch_3752,5165,5254,37.90750568612585,1,False
3076,3077,Branch_3753,5165,5457,99.601593625498,1,False
3077,3078,Branch_3754,5164,5457,88.49557522123894,1,True
3078,3079,Branch_3755,5163,5164,41.63197335553705,1,False
3079,3080,Branch_3756,5163,5294,111.23470522803116,1,False
3080,3081,Branch_3757,5163,5378,24.044241404183698,1,False
3081,3082,Branch_3759,5320,5457,43.97537379067722,1,False
3082,3083,Branch_3760,5295,5320,103.62694300518136,1,False
3083,3084,Branch_3761,5320,5504,74.01924500370096,1,False
3084,3085,Branch_3762,5294,5388,33.692722371967655,1,False
3085,3086,Branch_3763,5387,5453,8.663259118080221,1,False
3086,3087,Branch_3764,5453,5476,10.018032458425166,1,False
3087,3088,Branch_3766,4094,4476,103.51966873706004,1,False
3088,3089,Branch_3767,5453,5475,8.918219923303308,1,False
3089,3090,Branch_3769,4025,4475,113.8635426633373,1,False
3090,3091,Branch_3771,2289,2311,22.43158366980709,1,False
3091,3092,Branch_3772,2018,2547,40.93327875562833,1,False
3092,3093,Branch_3773,5881,6140,79.93605115907275,1,False
3093,3094,Branch_3774,2372,2615,25.720164609053494,1,False
3094,3095,Branch_3775,1901,2372,704.2253521126761,1,False
3095,3096,Branch_3776,4246,4475,70.17543859649123,1,False
3096,3097,Branch_3777,3288,4246,112.10762331838563,1,False
3097,3098,Branch_3778,3288,3336,177.61989342806393,1,False
3098,3099,Branch_3779,6654,6850,32.38341968911917,1,False
3099,3100,Branch_3780,2311,6140,24.551927326295115,1,False
3100,3101,Branch_3781,7179,7319,59.02322956439341,1,False
3101,3102,Branch_3782,6736,7575,194.1747572815534,1,False
3102,3103,Branch_3783,1931,2230,67.70480704129993,1,False
3103,3104,Branch_3784,3185,8806,73.74631268436578,1,False
3104,3105,Branch_3785,6669,7375,26.56042496679947,1,False
3105,3106,Branch_3786,3180,3313,175.43859649122808,1,False
3106,3107,Branch_3787,3313,3837,108.57763300760044,1,False
3107,3108,Branch_3788,3837,4626,66.75567423230974,1,False
3108,3109,Branch_3789,3165,4106,81.43322475570032,1,False
3109,3110,Branch_3790,3180,4475,92.93680297397768,1,False
3110,3111,Branch_3791,4106,4626,235.2941176470588,1,False
3111,3112,Branch_3792,5805,5873,45.146726862302486,1,False
3112,3113,Branch_3794,6653,7309,1162.7906976744189,1,False
3113,3114,Branch_3795,7309,7350,18.695083193120208,1,False
3114,3115,Branch_3796,2228,2440,276.24309392265195,1,False
3115,3116,Branch_3797,3165,3993,165.01650165016505,1,False
3116,3117,Branch_3798,3993,4590,56.14823133071308,1,False
3117,3118,Branch_3801,2169,6234,12.34567901234568,1,False
3118,3119,Branch_3802,3879,4488,239.8081534772182,1,False
3119,3120,Branch_3803,3165,4488,79.93605115907275,1,False
3120,3121,Branch_3804,3879,4341,126.42225031605562,1,False
3121,3122,Branch_3805,3879,4588,138.88888888888889,1,False
3122,3123,Branch_3806,3179,4475,92.93680297397768,1,False
3123,3124,Branch_3807,3179,3314,68.87052341597796,1,False
3124,3125,Branch_3808,3836,3984,531.9148936170212,1,False
3125,3126,Branch_3809,3984,4162,502.5125628140703,1,False
3126,3127,Branch_3810,3984,4627,76.33587786259542,1,False
3127,3128,Branch_3811,4105,4627,235.2941176470588,1,False
3128,3129,Branch_3812,3165,4105,81.43322475570032,1,False
3129,3130,Branch_3813,3314,3836,104.60251046025104,1,False
3130,3131,Branch_3814,2083,2405,100.70493454179255,1,False
3131,3132,Branch_3815,1919,2432,145.5604075691412,1,False
3132,3133,Branch_3816,2465,2613,29.524653085326246,1,False
3133,3134,Branch_3817,6014,6234,497.5124378109453,1,False
3134,3135,Branch_3818,4025,4475,113.8635426633373,1,False
3135,3136,Branch_3820,5715,6499,2000.0,1,False
3136,3137,Branch_3821,3448,3932,104.60251046025104,1,False
3137,3138,Branch_3822,3932,3955,84.31703204047217,1,False
3138,3139,Branch_3823,2814,3955,124.0694789081886,1,False
3139,3140,Branch_3824,5823,6467,2000.0,1,False
3140,3141,Branch_3825,3448,3933,104.60251046025104,1,False
3141,3142,Branch_3826,3933,3956,87.64241893076249,1,False
3142,3143,Branch_3827,2814,3956,124.0694789081886,1,False
3143,3144,Branch_3828,5824,6467,2000.0,1,False
3144,3145,Branch_3830,3994,4746,40.290088638195,1,False
3145,3146,Branch_3831,3447,3618,1818.1818181818185,1,False
3146,3147,Branch_3832,3618,3962,2000.0,1,False
3147,3148,Branch_3833,3568,3962,1428.571428571429,1,False
3148,3149,Branch_3834,3568,3994,126.42225031605562,1,False
3149,3150,Branch_3835,2741,3447,552.4861878453039,1,False
3150,3151,Branch_3836,2741,2814,684.931506849315,1,False
3151,3152,Branch_3837,2179,2464,22.537750732476898,1,False
3152,3153,Branch_3839,2454,2455,5.508427894678858,1,False
3153,3154,Branch_3840,2267,2454,31.595576619273302,1,False
3154,3155,Branch_3841,1988,2560,19.264110961279137,1,False
3155,3156,Branch_3843,3288,4285,662.2516556291391,1,False
3156,3157,Branch_3844,3020,4285,83.05647840531562,1,False
3157,3158,Branch_3845,3020,4503,151.5151515151515,1,False
3158,3159,Branch_3846,3274,4503,68.54009595613434,1,False
3159,3160,Branch_3847,3288,3335,177.61989342806393,1,False
3160,3161,Branch_3848,3288,4286,662.2516556291391,1,False
3161,3162,Branch_3849,4286,4504,97.84735812133071,1,False
3162,3163,Branch_3850,3274,4504,71.58196134574088,1,False
3163,3164,Branch_3851,1992,2468,37.20238095238095,1,False
3164,3165,Branch_3852,6157,6501,1785.7142857142858,1,False
3165,3166,Branch_3853,2169,2560,337.8378378378378,1,False
3166,3167,Branch_3854,3185,4094,156.98587127158555,1,False
3167,3168,Branch_3855,2110,2481,90.74410163339384,1,False
3168,3169,Branch_3856,3022,3395,63.371356147021544,1,False
3169,3170,Branch_3857,3022,4237,126.26262626262626,1,False
3170,3171,Branch_3858,3854,4237,72.20216606498195,1,False
3171,3172,Branch_3859,2854,4153,101.010101010101,1,False
3172,3173,Branch_3860,2854,3854,98.03921568627452,1,False
3173,3174,Branch_3862,2387,2503,36.127167630057805,1,False
3174,3175,Branch_3863,3288,4025,30.58103975535168,1,False
3175,3176,Branch_3864,3289,4475,42.51700680272109,1,False
3176,3177,Branch_3868,3405,4185,107.41138560687432,1,False
3177,3178,Branch_3870,3404,4184,106.951871657754,1,False
3178,3179,Branch_3871,4187,4960,751.8796992481203,1,False
3179,3180,Branch_3872,2134,2560,163.66612111292963,1,False
3180,3181,Branch_3873,3582,3858,35.99712023038157,1,False
3181,3182,Branch_3874,3142,3858,42.40882103477524,1,False
3182,3183,Branch_3875,3164,3582,109.17030567685588,1,False
3183,3184,Branch_3876,4186,4893,44.72271914132379,1,False
3184,3185,Branch_3877,3142,4893,819.672131147541,1,False
3185,3186,Branch_3878,4186,4960,943.3962264150944,1,False
3186,3187,Branch_3882,4960,4961,1298.7012987012988,1,False
3187,3188,Branch_3883,4960,4962,1298.7012987012988,1,False
3188,3189,Branch_3884,5960,6007,813.0081300813008,1,False
3189,3190,Branch_3887,4644,4771,42.918454935622314,1,False
3190,3191,Branch_3888,3868,4644,120.48192771084338,1,False
3191,3192,Branch_3889,3868,4993,27.15915263443781,1,False
3192,3193,Branch_3891,2786,3642,35.77817531305904,1,False
3193,3194,Branch_3892,3642,4993,2000.0,1,False
3194,3195,Branch_3894,3164,3533,34.258307639602606,1,False
3195,3196,Branch_3895,2926,4993,48.49660523763337,1,False
3196,3197,Branch_3896,2926,3533,83.5421888053467,1,False
3197,3198,Branch_3899,1889,1908,662.2516556291391,1,False
3198,3199,Branch_3900,2478,2479,11.074197120708748,1,False
3199,3200,Branch_3901,2478,2480,11.074197120708748,1,False
3200,3201,Branch_3902,2465,2478,2000.0,1,False
3201,3202,Branch_3903,1850,2280,89.84725965858041,1,False
3202,3203,Branch_3904,7088,7309,4000.0,1,False
3203,3204,Branch_3905,2013,2253,2000.0,1,False
3204,3205,Branch_3906,3164,3604,87.56567425569177,1,False
3205,3206,Branch_3907,3604,4759,934.5794392523364,1,False
3206,3207,Branch_3908,3378,4759,113.89521640091117,1,False
3207,3208,Branch_3909,3378,4975,17.17622810030917,1,False
3208,3209,Branch_3910,7088,7309,4000.0,1,False
3209,3210,Branch_3912,1796,2352,11.824524062906468,1,False
3210,3211,Branch_3913,1878,2353,109.40919037199124,1,False
3211,3212,Branch_3914,7912,8576,140.8450704225352,1,False
3212,3213,Branch_3915,8388,8576,122.39902080783354,1,False
3213,3214,Branch_3916,2354,2569,122.39902080783354,1,False
3214,3215,Branch_3917,1972,2355,27.307482250136538,1,False
3215,3216,Branch_3918,2351,2663,165.8374792703151,1,False
3216,3217,Branch_3919,3502,4975,659.9260708849749,1,False
3217,3218,Branch_3920,3502,4975,659.9260708849749,1,False
3218,3219,Branch_3921,1961,2621,15.44878727019929,1,False
3219,3220,Branch_3922,1889,2657,71.17437722419929,1,False
3220,3221,Branch_3923,3708,4409,344.82758620689657,1,False
3221,3222,Branch_3924,1796,2621,11.791062374719962,1,False
3222,3223,Branch_3925,4079,4783,17.6056338028169,1,False
3223,3224,Branch_3926,3487,4483,71.68458781362007,1,True
3224,3225,Branch_3927,3164,4309,510.2040816326531,1,False
3225,3226,Branch_3928,3601,4309,43.45936549326379,1,False
3226,3227,Branch_3929,3601,4483,25.374270489723425,1,False
3227,3228,Branch_3930,3487,4783,61.804697156983934,1,False
3228,3229,Branch_3932,1796,2656,69.97900629811056,1,False
3229,3230,Branch_3933,3095,3894,196.07843137254903,1,False
3230,3231,Branch_3934,4365,4463,124.37810945273633,1,False
3231,3232,Branch_3935,4463,4939,1136.3636363636365,1,False
3232,3233,Branch_3936,3894,4939,99.10802775024776,1,False
3233,3234,Branch_3937,3095,4670,144.50867052023122,1,False
3234,3235,Branch_3938,4475,4670,543.4782608695652,1,False
3235,3236,Branch_3939,3708,4476,190.11406844106463,1,False
3236,3237,Branch_3940,3255,4365,162.07455429497568,1,False
3237,3238,Branch_3941,2750,4955,2000.0,1,False
3238,3239,Branch_3942,4510,4955,50.0,1,False
3239,3240,Branch_3944,1909,2394,151.285930408472,1,False
3240,3241,Branch_3945,2394,2408,467.2897196261682,1,False
3241,3242,Branch_3948,199,2656,2.49925022493252,1,False
3242,3243,Branch_3952,7740,8218,64.85084306095979,1,False
3243,3244,Branch_3953,1970,2295,2000.0,1,False
3244,3245,Branch_3954,1970,2296,2000.0,1,False
3245,3246,Branch_3955,1970,2294,2000.0,1,False
3246,3247,Branch_3956,2768,4365,900.9009009009008,1,False
3247,3248,Branch_3958,3315,3890,48.899755501222494,1,False
3248,3249,Branch_3959,2801,4104,204.08163265306123,1,False
3249,3250,Branch_3960,3315,4104,2000.0,1,False
3250,3251,Branch_3961,3890,9002,101.9367991845056,1,False
3251,3252,Branch_3962,2768,3003,268.81720430107526,1,False
3252,3253,Branch_3963,9002,9270,17.23246596587972,1,False
3253,3254,Branch_3964,2829,3003,184.50184501845015,1,False
3254,3255,Branch_3965,2801,4963,2000.0,1,False
3255,3256,Branch_3966,2802,4963,2000.0,1,False
3256,3257,Branch_3967,2801,2829,83.82229673093043,1,False
3257,3258,Branch_3970,2959,3315,1754.3859649122808,1,False
3258,3259,Branch_3975,6970,7457,2000.0,1,False
3259,3260,Branch_3976,1749,2599,20.3210729526519,1,False
3260,3261,Branch_3977,4297,4476,231.4814814814815,1,False
3261,3262,Branch_3978,4475,4669,340.13605442176873,1,False
3262,3263,Branch_3979,4078,4669,52.54860746190226,1,False
3263,3264,Branch_3980,4078,4797,248.75621890547265,1,False
3264,3265,Branch_3981,3707,4797,373.13432835820896,1,False
3265,3266,Branch_3982,2705,4797,645.1612903225806,1,False
3266,3267,Branch_3983,3707,4798,375.9398496240602,1,False
3267,3268,Branch_3984,3895,4077,58.47953216374269,1,False
3268,3269,Branch_3985,3615,3895,148.14814814814815,1,False
3269,3270,Branch_3986,4462,4940,1136.3636363636365,1,False
3270,3271,Branch_3987,4365,4462,124.37810945273633,1,False
3271,3272,Branch_3988,4077,4798,328.94736842105266,1,False
3272,3273,Branch_3989,2705,4799,2000.0,1,False
3273,3274,Branch_3990,3615,4910,546.448087431694,1,False
3274,3275,Branch_3991,4910,4940,201.6129032258065,1,False
3275,3276,Branch_3992,3558,4802,518.1347150259068,1,False
3276,3277,Branch_3993,3274,4802,129.70168612191958,1,False
3277,3278,Branch_3994,3558,4110,157.23270440251574,1,False
3278,3279,Branch_3995,2701,4110,2000.0,1,False
3279,3280,Branch_3996,2702,4110,2000.0,1,False
3280,3281,Branch_3997,3707,4866,146.41288433382138,1,False
3281,3282,Branch_3998,3372,3721,92.42144177449168,1,False
3282,3283,Branch_3999,3372,4707,142.45014245014244,1,False
3283,3284,Branch_4000,4365,4707,78.24726134585289,1,False
3284,3285,Branch_4001,3721,4866,88.73114463176574,1,False
3285,3286,Branch_4002,2229,2666,111.23470522803116,1,False
3286,3287,Branch_4003,4365,4706,78.24726134585289,1,False
3287,3288,Branch_4004,3760,4411,128.7001287001287,1,False
3288,3289,Branch_4005,3485,4865,91.49130832570906,1,False
3289,3290,Branch_4006,3373,4706,142.45014245014244,1,False
3290,3291,Branch_4007,3373,3485,191.93857965451056,1,False
3291,3292,Branch_4008,3760,4865,81.76614881439085,1,False
3292,3293,Branch_4009,3707,3905,132.1003963011889,1,False
3293,3294,Branch_4010,3274,3905,147.05882352941177,1,False
3294,3295,Branch_4011,3761,4411,127.2264631043257,1,False
3295,3296,Branch_4012,3761,3904,81.43322475570032,1,False
3296,3297,Branch_4013,3274,3904,147.71048744460856,1,False
3297,3298,Branch_4014,4110,4803,104.38413361169104,1,False
3298,3299,Branch_4015,3274,4803,163.3986928104575,1,False
3299,3300,Branch_4016,1833,1928,20.07226013649137,1,False
3300,3301,Branch_4017,4409,5413,20.449897750511248,1,False
3301,3302,Branch_4019,4098,4365,2000.0,1,False
3302,3303,Branch_4020,4102,4365,2000.0,1,False
3303,3304,Branch_4021,2034,2202,34.78260869565217,1,False
3304,3305,Branch_4022,3946,4505,129.70168612191958,1,False
3305,3306,Branch_4023,4505,5485,36.96857670979667,1,False
3306,3307,Branch_4024,5301,5485,88.65248226950355,1,False
3307,3308,Branch_4025,5166,5289,91.49130832570906,1,False
3308,3309,Branch_4026,5166,5301,29.086678301337987,1,False
3309,3310,Branch_4027,5300,5301,21.2630236019562,1,False
3310,3311,Branch_4028,3623,3946,106.15711252653928,1,False
3311,3312,Branch_4029,3623,5570,17.917935853789643,1,False
3312,3313,Branch_4030,5151,5570,48.05382027871216,1,False
3313,3314,Branch_4031,5132,5151,2000.0,1,False
3314,3315,Branch_4032,5151,8801,18.98614011771407,1,False
3315,3316,Branch_4035,2888,5038,2000.0,1,False
3316,3317,Branch_4036,3946,5038,12.948336138806164,1,False
3317,3318,Branch_4037,5038,9096,666.6666666666666,1,False
3318,3319,Branch_4038,8751,8801,9.701202949165696,1,False
3319,3320,Branch_4039,8751,9096,220.7505518763797,1,False
3320,3321,Branch_4040,2035,2228,38.62495171881035,1,False
3321,3322,Branch_4041,4026,4475,70.4225352112676,1,False
3322,3323,Branch_4043,9299,9314,84.7457627118644,1,False
3323,3324,Branch_4044,9299,9312,51.89413596263622,1,False
3324,3325,Branch_4045,9299,9304,2000.0,1,False
3325,3326,Branch_4046,2035,2202,34.78260869565217,1,False
3326,3327,Branch_4047,8861,9018,60.45949214026602,1,False
3327,3328,Branch_4049,8861,9050,114.15525114155253,1,False
3328,3329,Branch_4050,8716,8807,26.32964718272775,1,False
3329,3330,Branch_4051,8803,8861,134.2281879194631,1,False
3330,3331,Branch_4052,8716,8803,228.83295194508008,1,False
3331,3332,Branch_4053,9050,9314,42.3728813559322,1,False
3332,3333,Branch_4054,9314,9376,471.6981132075472,1,False
3333,3334,Branch_4055,3099,4004,206.18556701030928,1,False
3334,3335,Branch_4056,3946,4004,20.74688796680498,1,False
3335,3336,Branch_4057,3099,9312,211.864406779661,1,False
3336,3337,Branch_4058,9312,9370,2000.0,1,False
3337,3338,Branch_4059,1849,2034,39.29273084479372,1,False
3338,3339,Branch_4060,1968,2280,181.15942028985503,1,False
3339,3340,Branch_4061,2793,4254,2000.0,1,False
3340,3341,Branch_4062,2794,4254,2000.0,1,False
3341,3342,Branch_4063,2689,3602,234.192037470726,1,False
3342,3343,Branch_4064,2690,3603,69.1085003455425,1,False
3343,3344,Branch_4065,2909,2912,2000.0,1,False
3344,3345,Branch_4066,2909,2913,2000.0,1,False
3345,3346,Branch_4067,7019,7076,419.4675044316127,1,False
3346,3347,Branch_4068,7938,8630,59.844404548174744,1,False
3347,3348,Branch_4069,7872,8518,7.96241738991958,1,False
3348,3349,Branch_4070,2034,2226,76.04562737642586,1,False
3349,3350,Branch_4071,3272,4476,136.05442176870747,1,False
3350,3351,Branch_4072,4370,4585,19.120458891013385,1,False
3351,3352,Branch_4073,3966,4471,66.8002672010688,1,False
3352,3353,Branch_4074,3375,4370,215.9827213822894,1,False
3353,3354,Branch_4075,2676,4370,215.9827213822894,1,False
3354,3355,Branch_4076,4471,4585,27.389756231169542,1,False
3355,3356,Branch_4078,4472,4975,128.2051282051282,1,False
3356,3357,Branch_4079,2202,2227,131.06159895150722,1,False
3357,3358,Branch_4080,4197,4645,118.48341232227487,1,False
3358,3359,Branch_4081,2849,4197,246.3054187192118,1,False
3359,3360,Branch_4082,4043,4645,76.5696784073507,1,False
3360,3361,Branch_4083,4043,4490,39.29273084479372,1,False
3361,3362,Branch_4084,1909,2102,95.14747859181732,1,False
3362,3363,Branch_4085,2838,3368,53.475935828877006,1,False
3363,3364,Branch_4086,2838,2849,50.45408678102926,1,False
3364,3365,Branch_4087,2851,3368,64.85084306095979,1,False
3365,3366,Branch_4088,2122,2179,284.91307189073126,1,False
3366,3367,Branch_4090,2851,3529,606.060606060606,1,False
3367,3368,Branch_4091,6012,6171,6.700616456714018,1,False
3368,3369,Branch_4092,4490,5199,19.282684149633628,1,False
3369,3370,Branch_4096,1748,2624,380.22813688212926,1,False
3370,3371,Branch_4097,3391,4553,141.44271570014143,1,False
3371,3372,Branch_4098,3395,4553,63.65372374283896,1,False
3372,3373,Branch_4099,3395,3492,189.75332068311195,1,False
3373,3374,Branch_4100,3492,4642,151.9756838905775,1,False
3374,3375,Branch_4101,3395,4540,75.47169811320755,1,False
3375,3376,Branch_4102,4214,4642,192.30769230769232,1,False
3376,3377,Branch_4103,3520,4214,247.5247524752475,1,False
3377,3378,Branch_4104,6850,7009,2000.0,1,False
3378,3379,Branch_4105,3391,4552,141.44271570014143,1,False
3379,3380,Branch_4106,3395,4552,63.65372374283896,1,False
3380,3381,Branch_4107,1786,1950,58.17335660267597,1,False
3381,3382,Branch_4108,3240,5102,36.231884057971016,1,False
3382,3383,Branch_4109,3479,5102,41.82350480970305,1,False
3383,3384,Branch_4111,3353,4044,431.0344827586207,1,False
3384,3385,Branch_4112,3426,3738,172.41379310344828,1,False
3385,3386,Branch_4113,3426,3479,46.23208506703652,1,False
3386,3387,Branch_4114,3353,3738,1000.0,1,False
3387,3388,Branch_4115,3848,4044,324.6753246753247,1,False
3388,3389,Branch_4116,3898,3998,140.8450704225352,1,False
3389,3390,Branch_4117,3240,3898,53.219797764768494,1,False
3390,3391,Branch_4118,3574,3898,113.63636363636364,1,False
3391,3392,Branch_4119,3574,4236,38.92565200467108,1,False
3392,3393,Branch_4120,2849,3998,31.220730565095224,1,False
3393,3394,Branch_4121,3240,3735,2000.0,1,False
3394,3395,Branch_4122,667,2297,5.858574023082782,1,False
3395,3396,Branch_4123,2849,3240,21.729682746631894,1,False
3396,3397,Branch_4124,3391,4793,134.40860215053763,1,False
3397,3398,Branch_4125,4044,4793,45.558086560364465,1,False
3398,3399,Branch_4126,1786,2182,75.47169811320755,1,False
3399,3400,Branch_4127,3024,3033,49.75124378109453,1,False
3400,3401,Branch_4128,2669,3024,133.15579227696404,1,False
3401,3402,Branch_4129,2669,4044,124.0694789081886,1,False
3402,3403,Branch_4130,2650,5682,3.635834787667248,1,False
3403,3404,Branch_4131,2306,2650,3.8504485772592503,1,False
3404,3405,Branch_4132,2851,5086,418.41004184100416,1,False
3405,3406,Branch_4133,1786,1973,115.07483671522917,1,False
3406,3407,Branch_4134,3272,4408,282.4858757062147,1,False
3407,3408,Branch_4135,5480,5486,28.818443804034583,1,False
3408,3409,Branch_4136,5255,5456,27.15915263443781,1,False
3409,3410,Branch_4137,5255,5275,40.50222762251923,1,False
3410,3411,Branch_4138,5456,5555,57.43825387708214,1,False
3411,3412,Branch_4139,5486,5555,79.36507936507937,1,False
3412,3413,Branch_4141,2851,5086,418.41004184100416,1,False
3413,3414,Branch_4143,1909,2167,123.00123001230013,1,False
3414,3415,Branch_4144,3431,4408,95.32888465204957,1,False
3415,3416,Branch_4145,5315,5455,87.7963125548727,1,False
3416,3417,Branch_4147,5480,5563,13.62954886193267,1,False
3417,3418,Branch_4148,5436,5455,30.11141222523336,1,False
3418,3419,Branch_4149,5315,5563,28.7686996547756,1,False
3419,3420,Branch_4150,5243,5314,30.33060357901122,1,False
3420,3421,Branch_4151,5314,5440,19.138755980861244,1,False
3421,3422,Branch_4152,5324,5565,79.11392405063292,1,False
3422,3423,Branch_4153,5324,5440,23.90057361376673,1,False
3423,3424,Branch_4154,5186,5565,70.77140835102618,1,False
3424,3425,Branch_4155,5186,5581,107.64262648008612,1,False
3425,3426,Branch_4156,1849,2228,31.07520198881293,1,False
3426,3427,Branch_4157,5436,5581,51.733057423693744,1,False
3427,3428,Branch_4158,7800,8528,274.72527472527474,1,False
3428,3429,Branch_4159,8442,8630,18.52537977028529,1,False
3429,3430,Branch_4161,1849,2229,63.0119722747322,1,False
3430,3431,Branch_4162,5167,5480,120.1923076923077,1,False
3431,3432,Branch_4163,5269,5407,66.62225183211193,1,False
3432,3433,Branch_4164,5167,5407,925.925925925926,1,False
3433,3434,Branch_4165,7789,8524,15.997440409534477,1,False
3434,3435,Branch_4166,4027,5873,103.62694300518136,1,False
3435,3436,Branch_4167,5268,5406,66.62225183211193,1,False
3436,3437,Branch_4168,8412,8642,21.872265966754156,1,False
3437,3438,Branch_4170,1849,2310,97.75171065493646,1,False
3438,3439,Branch_4171,2093,2578,248.75621890547265,1,False
3439,3440,Branch_4172,1965,2005,154.5595054095827,1,False
3440,3441,Branch_4173,2005,2048,50.9683995922528,1,False
3441,3442,Branch_4174,1839,1914,39.936102236421725,1,False
3442,3443,Branch_4175,1839,2060,246.91358024691357,1,False
3443,3444,Branch_4176,1839,2060,246.91358024691357,1,False
3444,3445,Branch_4177,1839,1980,1010.10101010101,1,False
3445,3446,Branch_4178,1752,1839,25.95380223202699,1,False
3446,3447,Branch_4179,2344,2446,107.87486515641856,1,False
3447,3448,Branch_4180,2371,2446,240.96385542168676,1,False
3448,3449,Branch_4181,1771,2150,168.63406408094434,1,False
3449,3450,Branch_4182,1771,1959,90.41591320072332,1,False
3450,3451,Branch_4183,2250,2344,125.6281407035176,1,False
3451,3452,Branch_4184,6033,6257,2000.0,1,False
3452,3453,Branch_4185,5785,6257,41.78854993731718,1,False
3453,3454,Branch_4186,6257,6258,32.25806451612903,1,False
3454,3455,Branch_4187,6124,6123,9.975062344139651,1,False
3455,3456,Branch_4188,6125,6123,8.053475074494644,1,False
3456,3457,Branch_4189,5921,6124,56.36978579481398,1,False
3457,3458,Branch_4190,5953,6125,47.80114722753346,1,False
3458,3459,Branch_4191,5922,6124,20.868113522537563,1,False
3459,3460,Branch_4192,5788,6123,132.27513227513228,1,False
3460,3461,Branch_4193,5779,6123,56.94760820045558,1,False
3461,3462,Branch_4194,3538,6123,8.682062858135092,1,False
3462,3463,Branch_4195,5767,6124,18.51851851851852,1,False
3463,3464,Branch_4197,5759,5786,165.28925619834712,1,False
3464,3465,Branch_4198,5786,6035,63.33122229259025,1,False
3465,3466,Branch_4199,4805,4825,4000.0,1,False
3466,3467,Branch_4200,4805,4825,4000.0,1,False
3467,3468,Branch_4201,6062,6064,11.771630370806356,1,False
3468,3469,Branch_4202,6064,6063,10.770059235325794,1,False
3469,3470,Branch_4203,6019,6063,12.60239445494644,1,False
3470,3471,Branch_4204,6064,6339,8.442380751371887,1,False
3471,3472,Branch_4205,5759,6062,83.89261744966443,1,False
3472,3473,Branch_4206,5758,6064,22.22716159146477,1,False
3473,3474,Branch_4207,6063,9229,6.93000693000693,1,False
3474,3475,Branch_4208,6034,6063,102.45901639344262,1,False
3475,3476,Branch_4209,5754,6064,18.674136321195142,1,False
3476,3477,Branch_4210,5766,6062,66.8002672010688,1,False
3477,3478,Branch_4211,6062,6063,2000.0,1,False
3478,3479,Branch_4212,6064,6108,42.80821917808219,1,False
3479,3480,Branch_4213,5862,5921,23.798191337458352,1,False
3480,3481,Branch_4214,5921,5954,346.02076124567475,1,False
3481,3482,Branch_4215,5683,5953,13.960631020522127,1,False
3482,3483,Branch_4216,5852,5953,57.04506560182544,1,False
3483,3484,Branch_4217,5953,6122,13.368983957219251,1,False
3484,3485,Branch_4218,4435,4510,131.92612137203167,1,False
3485,3486,Branch_4219,4434,4499,22.81021897810219,1,False
3486,3487,Branch_4220,5782,5923,30.75030750307503,1,False
3487,3488,Branch_4221,6508,7164,28.28854314002829,1,False
3488,3489,Branch_4222,7164,7165,0.7584376185058779,1,False
3489,3490,Branch_4223,578,585,2000.0,1,False
3490,3491,Branch_4224,14,578,18.864365214110546,1,False
3491,3492,Branch_4225,578,1226,273.972602739726,1,False
3492,3493,Branch_4226,8927,9382,57.04506560182544,1,False
3493,3494,Branch_4227,8927,8928,11.316057485572026,1,False
3494,3495,Branch_4228,9297,9306,2000.0,1,False
3495,3496,Branch_4229,6543,6545,46.57661853749418,1,False
3496,3497,Branch_4230,6546,6545,-456.6210045662101,1,False
3497,3498,Branch_4231,6544,6545,8.92379082634303,1,False
3498,3499,Branch_4232,6547,6548,46.8384074941452,1,False
3499,3500,Branch_4233,6546,6548,-564.9717514124294,1,False
3500,3501,Branch_4234,6549,6548,8.949346697691068,1,True
3501,3502,Branch_4235,2685,4425,709.2198581560284,1,False
3502,3503,Branch_4236,8351,8699,23.13208420078649,1,False
3503,3504,Branch_4237,8098,8699,34.85535029627048,1,False
3504,3505,Branch_4238,233,658,168.35016835016836,1,False
3505,3506,Branch_4239,237,658,184.84288354898337,1,False
3506,3507,Branch_4240,233,1039,101.9367991845056,1,False
3507,3508,Branch_4241,233,1036,102.56410256410255,1,True
3508,3509,Branch_4242,235,1105,115.74074074074076,1,False
3509,3510,Branch_4243,237,346,178.57142857142858,1,False
3510,3511,Branch_4244,233,347,172.41379310344828,1,False
3511,3512,Branch_4245,234,237,1149.425287356322,1,False
3512,3513,Branch_4246,113,235,186.9158878504673,1,False
3513,3514,Branch_4248,233,238,118.90606420927467,1,False
3514,3515,Branch_4249,235,238,95.96928982725528,1,False
3515,3516,Branch_4250,240,238,9.51746454744456,1,False
3516,3517,Branch_4251,233,239,-500.0,1,False
3517,3518,Branch_4252,235,239,58.13953488372093,1,False
3518,3519,Branch_4253,241,239,9.912767644726408,1,False
3519,3520,Branch_4256,954,1648,62.5,1,False
3520,3521,Branch_4257,1421,1648,134.58950201884252,1,False
3521,3522,Branch_4258,9227,9228,29.07822041291073,1,False
3522,3523,Branch_4259,9227,9223,16.67778519012675,1,False
3523,3524,Branch_4260,9227,9224,16.67778519012675,1,False
3524,3525,Branch_4261,9227,9225,16.67778519012675,1,False
3525,3526,Branch_4262,9226,9220,6.166368625516434,1,False
3526,3527,Branch_4263,9226,9221,6.166368625516434,1,False
3527,3528,Branch_4264,9226,9222,6.166368625516434,1,False
3528,3529,Branch_4265,8008,8514,111.358574610245,1,False
3529,3530,Branch_4266,9229,9235,970.8737864077668,1,False
3530,3531,Branch_4267,540,1283,1851.851851851852,1,False
3531,3532,Branch_4268,545,1283,33.80662609871535,1,False
3532,3533,Branch_4269,570,1283,2000.0,1,False
3533,3534,Branch_4270,1283,1558,18.311664530305805,1,False
3534,3535,Branch_4271,37,1283,18.825301204819276,1,False
3535,3536,Branch_4272,1034,1283,22.256843979523705,1,False
3536,3537,Branch_4273,411,1283,193.05019305019303,1,False
3537,3538,Branch_4274,8775,8884,4.751045229950589,1,False
3538,3539,Branch_4275,8859,8884,5.530361685654242,1,False
3539,3540,Branch_4276,85,1371,96.61835748792272,1,False
3540,3541,Branch_4277,1371,1433,77.33952049497293,1,False
3541,3542,Branch_4278,3676,4364,45.45454545454545,1,False
3542,3543,Branch_4279,3676,4034,396.8253968253968,1,False
3543,3544,Branch_4280,3039,3676,2000.0,1,False
3544,3545,Branch_4281,5054,5055,12.439358129120537,1,False
3545,3546,Branch_4282,5781,5788,36.14022406938923,1,False
3546,3547,Branch_4283,7766,8358,27.034333603676668,1,False
3547,3548,Branch_4284,7766,8356,58.309037900874635,1,False
3548,3549,Branch_4285,7766,8579,158.9825119236884,1,False
3549,3550,Branch_4286,7766,8519,101.83299389002036,1,False
3550,3551,Branch_4287,7766,7768,2000.0,1,False
3551,3552,Branch_4288,7767,7768,2000.0,1,False
3552,3553,Branch_4289,7766,7767,2000.0,1,False
3553,3554,Branch_4290,7766,8493,162.60162601626016,1,False
3554,3555,Branch_4291,8629,8628,6.715916722632639,1,False
3555,3556,Branch_4292,6868,7247,53.61930294906166,1,False
3556,3557,Branch_4293,7774,8703,87.48906386701663,1,False
3557,3558,Branch_4294,7731,7774,409.8360655737705,1,False
3558,3559,Branch_4295,4450,4912,157.9778830963665,1,False
3559,3560,Branch_4296,784,1392,534.75935828877,1,False
3560,3561,Branch_4297,928,1393,90.09009009009009,1,False
3561,3562,Branch_4298,828,1392,454.54545454545456,1,False
3562,3563,Branch_4299,828,1393,444.44444444444446,1,False
3563,3564,Branch_4300,1391,1392,2000.0,1,False
3564,3565,Branch_4301,1393,1394,2000.0,1,False
3565,3566,Branch_4302,9404,9405,16.423057973394645,1,False
3566,3567,Branch_4303,9404,9406,10.11326860841424,1,False
3567,3568,Branch_4304,9386,9404,111.48272017837236,1,False
3568,3569,Branch_4305,7739,8190,42.99226139294927,1,False
3569,3570,Branch_4306,7739,8609,55.248618784530386,1,False
3570,3571,Branch_4309,7739,8122,277.0083102493075,1,False
3571,3572,Branch_4310,7739,8547,144.50867052023122,1,False
3572,3573,Branch_4311,9129,9156,91.03322712790168,1,False
3573,3574,Branch_4312,9129,9156,91.03322712790168,1,False
3574,3575,Branch_4313,9156,9282,103.30578512396694,1,False
3575,3576,Branch_4314,9134,9156,45.31037607612143,1,False
3576,3577,Branch_4315,81,82,14.10238330277817,1,False
3577,3578,Branch_4316,8358,8492,29.07822041291073,1,False
3578,3579,Branch_4317,8492,8608,34.602076124567475,1,False
3579,3580,Branch_4318,4222,4288,2.18751367196045,1,False
3580,3581,Branch_4319,2772,4222,270.61958308292725,1,False
3581,3582,Branch_4320,2772,4222,270.61958308292725,1,False
3582,3583,Branch_4321,2772,6194,30.807147258163894,1,False
3583,3584,Branch_4322,5725,6194,9.748488984207448,1,False
3584,3585,Branch_4324,2879,6194,26.455026455026456,1,False
3585,3586,Branch_4326,2878,4032,26.52519893899204,1,False
3586,3587,Branch_4327,2773,4032,7.261636772928618,1,False
3587,3588,Branch_4328,7751,8521,81.10300081103001,1,False
3588,3589,Branch_4329,7751,7828,128.04097311139566,1,False
3589,3590,Branch_4330,7751,7861,66.48936170212765,1,False
3590,3591,Branch_4331,926,1352,241.54589371980677,1,False
3591,3592,Branch_4332,925,1352,240.96385542168676,1,False
3592,3593,Branch_4333,2793,3677,68.07351940095303,1,False
3593,3594,Branch_4335,8257,8260,2000.0,1,False
3594,3595,Branch_4336,8260,8259,14.35544071202986,1,False
3595,3596,Branch_4337,2975,3890,2000.0,1,False
3596,3597,Branch_4338,9132,9133,2.375014843842774,1,True
3597,3598,Branch_4339,9131,9133,-826.4462809917355,1,False
3598,3599,Branch_4340,9129,9133,22.246941045606228,1,False
3599,3600,Branch_4341,9129,9139,52.35602094240838,1,False
3600,3601,Branch_4342,9129,9157,102.35414534288638,1,False
3601,3602,Branch_4343,9119,9129,31.79650238473768,1,False
3602,3603,Branch_4345,8621,8620,7.722604062089736,1,False
3603,3604,Branch_4346,7889,8620,10.955302366345313,1,False
3604,3605,Branch_4347,7806,8621,4.9147294441441,1,False
3605,3606,Branch_4348,7822,8621,6.141751627564181,1,False
3606,3607,Branch_4349,8567,8621,18.365472910927455,1,False
3607,3608,Branch_4350,7795,8440,80.77544426494346,1,False
3608,3609,Branch_4351,7735,7795,1587.3015873015872,1,False
3609,3610,Branch_4352,328,1355,199.203187250996,1,False
3610,3611,Branch_4353,328,366,531.9148936170212,1,False
3611,3612,Branch_4354,7247,7248,210.9704641350211,1,False
3612,3613,Branch_4355,6754,7247,28.5143997718848,1,False
3613,3614,Branch_4356,7135,7136,10.632959456633463,1,False
3614,3615,Branch_4357,6996,7135,2.9409169779137136,1,False
3615,3616,Branch_4358,6605,7136,3.725643604932752,1,False
3616,3617,Branch_4359,6942,7135,105.48523206751057,1,False
3617,3618,Branch_4361,7135,7136,10.632959456633463,1,False
3618,3619,Branch_4362,7057,7135,6.800408024481469,1,False
3619,3620,Branch_4363,4408,4410,70.4225352112676,1,False
3620,3621,Branch_4364,4412,4410,72.25433526011561,1,False
3621,3622,Branch_4365,4407,4410,5.22384161312229,1,False
3622,3623,Branch_4366,4409,4414,92.42144177449168,1,False
3623,3624,Branch_4367,4413,4414,207.4688796680498,1,False
3624,3625,Branch_4368,4415,4414,12.420817289777668,1,False
3625,3626,Branch_4369,4411,4412,63.492063492063494,1,False
3626,3627,Branch_4370,4411,4413,95.23809523809524,1,False
3627,3628,Branch_4371,28,1385,4.595588235294118,1,False
3628,3629,Branch_4372,8030,8701,292.39766081871346,1,False
3629,3630,Branch_4373,8030,8702,292.39766081871346,1,False
3630,3631,Branch_4374,6895,7028,7.666360012266176,1,False
3631,3632,Branch_4375,7028,7321,3.8370040672243113,1,False
3632,3633,Branch_4376,6942,7028,2.6962899050905955,1,False
3633,3634,Branch_4377,6902,7028,6.952169076751947,1,False
3634,3635,Branch_4378,6895,7040,1.614595947364172,1,False
3635,3636,Branch_4380,1877,1876,8.260366760284157,1,False
3636,3637,Branch_4381,1877,1876,8.260366760284157,1,False
3637,3638,Branch_4382,8326,8452,105.04201680672269,1,False
3638,3639,Branch_4384,3859,3858,5.230946278181723,1,False
3639,3640,Branch_4385,155,1688,56.33802816901409,1,False
3640,3641,Branch_4386,969,1688,15.629884338855891,1,False
3641,3642,Branch_4387,6415,6414,5.00175061271445,1,False
3642,3643,Branch_4388,6417,6416,12.003360941063498,1,True
3643,3644,Branch_4389,6402,6415,2000.0,1,False
3644,3645,Branch_4391,5813,6004,10.862480990658266,1,False
3645,3646,Branch_4392,5864,6004,12.81722635221738,1,False
3646,3647,Branch_4395,6415,6417,168.9189189189189,1,False
3647,3648,Branch_4396,5684,5890,35.19887363604364,1,False
3648,3649,Branch_4397,6066,6068,3.6084148233680944,1,False
3649,3650,Branch_4398,6066,6067,3.6084148233680944,1,False
3650,3651,Branch_4399,5890,6066,134.2281879194631,1,False
3651,3652,Branch_4400,1244,1252,13.315579227696404,1,False
3652,3653,Branch_4401,1244,1254,13.422818791946307,1,False
3653,3654,Branch_4402,1244,1253,13.315579227696404,1,False
3654,3655,Branch_4403,1244,1250,13.717421124828531,1,False
3655,3656,Branch_4404,1245,1248,13.315579227696404,1,False
3656,3657,Branch_4405,1245,1255,13.315579227696404,1,False
3657,3658,Branch_4406,1245,1251,13.717421124828531,1,False
3658,3659,Branch_4407,1244,1249,19.611688566385567,1,False
3659,3660,Branch_4408,1336,1337,28.653295128939828,1,False
3660,3661,Branch_4409,1336,1337,28.653295128939828,1,False
3661,3662,Branch_4410,1243,1244,4000.0,1,False
3662,3663,Branch_4411,1243,1244,4000.0,1,False
3663,3664,Branch_4412,1245,1256,4000.0,1,False
3664,3665,Branch_4413,1245,1256,4000.0,1,False
3665,3666,Branch_4414,984,985,95.60229445506693,1,False
3666,3667,Branch_4415,986,1389,81.9672131147541,1,False
3667,3668,Branch_4416,985,1387,85.1063829787234,1,False
3668,3669,Branch_4417,984,1227,199.203187250996,1,False
3669,3670,Branch_4418,984,1197,178.89087656529517,1,False
3670,3671,Branch_4419,985,987,2000.0,1,False
3671,3672,Branch_4420,6260,6261,8.791208791208792,1,False
3672,3673,Branch_4421,3185,3187,46.27487274409995,1,False
3673,3674,Branch_4422,3183,3187,-460.8294930875576,1,False
3674,3675,Branch_4423,3188,3187,8.986340762041696,1,False
3675,3676,Branch_4424,3185,3184,46.59832246039143,1,False
3676,3677,Branch_4425,3183,3184,-476.1904761904762,1,False
3677,3678,Branch_4426,3186,3184,8.991997122560921,1,False
3678,3679,Branch_4427,6253,6260,39.23107100823852,1,False
3679,3680,Branch_4428,2841,2842,12.661433274246646,1,False
3680,3681,Branch_4429,2841,2843,14.001680201624197,1,False
3681,3682,Branch_4430,2841,4998,205.761316872428,1,False
3682,3683,Branch_4431,6478,6479,10.74922068150059,1,False
3683,3684,Branch_4432,6478,6480,10.902747492368077,1,False
3684,3685,Branch_4433,6460,6478,1369.86301369863,1,False
3685,3686,Branch_4435,8077,8325,1351.3513513513512,1,False
3686,3687,Branch_4436,8325,8324,13.689253935660506,1,False
3687,3688,Branch_4437,2716,3677,23.304591004427873,1,False
3688,3689,Branch_4439,5757,5812,10.67691650651292,1,False
3689,3690,Branch_4440,5757,6203,2000.0,1,False
3690,3691,Branch_4441,5757,6080,8.555783709787816,1,False
3691,3692,Branch_4445,8232,8240,2000.0,1,False
3692,3693,Branch_4447,214,8232,16.002560409665545,1,False
3693,3694,Branch_4448,8232,8482,109.40919037199124,1,False
3694,3695,Branch_4449,6501,6500,14.110342881332016,1,False
3695,3696,Branch_4450,6501,6502,10.529640939243972,1,False
3696,3697,Branch_4451,3600,4709,2000.0,1,False
3697,3698,Branch_4452,7875,8385,138.69625520110958,1,False
3698,3699,Branch_4453,7814,7875,79.23930269413628,1,False
3699,3700,Branch_4458,6081,6163,29.735355337496284,1,False
3700,3701,Branch_4459,5885,6163,7.85299198994817,1,False
3701,3702,Branch_4460,5848,6163,4.391936404760859,1,False
3702,3703,Branch_4461,6441,6442,13.831258644536652,1,False
3703,3704,Branch_4462,6430,6441,2000.0,1,False
3704,3705,Branch_4466,6081,6369,8.548469823901522,1,False
3705,3706,Branch_4467,9226,9228,2000.0,1,False
3706,3707,Branch_4470,5584,5586,19.79414093428345,1,False
3707,3708,Branch_4471,5586,5587,92.85051067780871,1,False
3708,3709,Branch_4472,861,1168,162.60162601626016,1,False
3709,3710,Branch_4473,861,1130,116.82242990654206,1,False
3710,3711,Branch_4474,918,1382,4000.0,1,False
3711,3712,Branch_4475,918,1382,4000.0,1,False
3712,3713,Branch_4476,2862,2863,8.89125989152663,1,False
3713,3714,Branch_4477,2862,2865,8.89125989152663,1,False
3714,3715,Branch_4478,2862,2866,8.89125989152663,1,False
3715,3716,Branch_4479,2862,2864,8.89125989152663,1,False
3716,3717,Branch_4480,2862,9410,369.0036900369004,1,False
3717,3718,Branch_4481,7615,7616,16.54807214959457,1,False
3718,3719,Branch_4482,6688,7615,2000.0,1,False
3719,3720,Branch_4486,7782,8628,96.24639076034649,1,False
3720,3721,Branch_4487,2832,2899,2000.0,1,False
3721,3722,Branch_4488,2832,2833,20.08435428800964,1,False
3722,3723,Branch_4489,2832,2834,20.08435428800964,1,False
3723,3724,Branch_4490,7564,7565,12.69196598553116,1,False
3724,3725,Branch_4491,6669,7564,216.4502164502165,1,False
3725,3726,Branch_4492,8495,8496,22.109219544550076,1,False
3726,3727,Branch_4493,7845,8495,7.503564192991671,1,False
3727,3728,Branch_4494,8496,8633,53.219797764768494,1,False
3728,3729,Branch_4495,7780,8496,60.93845216331505,1,False
3729,3730,Branch_4496,8434,8495,20.197939810139367,1,False
3730,3731,Branch_4497,7920,8528,47.596382674916704,1,False
3731,3732,Branch_4498,7920,8392,94.42870632672332,1,False
3732,3733,Branch_4499,7920,8378,98.32841691248773,1,False
3733,3734,Branch_4503,770,938,148.14814814814815,1,False
3734,3735,Branch_4504,758,770,226.75736961451247,1,False
3735,3736,Branch_4505,7802,8605,9.7380465478625,1,False
3736,3737,Branch_4506,7910,8605,12.802458071949816,1,False
3737,3738,Branch_4507,5746,5764,25.374270489723425,1,False
3738,3739,Branch_4508,5758,5764,31.35779241141424,1,False
3739,3740,Branch_4509,5539,5602,375.9398496240602,1,False
3740,3741,Branch_4510,5533,5539,2000.0,1,False
3741,3742,Branch_4511,5713,5908,6.128201985537443,1,False
3742,3743,Branch_4512,5713,5724,9.066183136899364,1,False
3743,3744,Branch_4515,569,625,1315.7894736842106,1,False
3744,3745,Branch_4516,200,569,30.693677102516883,1,False
3745,3746,Branch_4517,569,1008,30.835646006783843,1,False
3746,3747,Branch_4519,13,1350,156.25,1,False
3747,3748,Branch_4520,878,1350,48.99559039686428,1,False
3748,3749,Branch_4523,8565,8564,13.914011409489357,1,False
3749,3750,Branch_4524,8502,8564,15.878056525881233,1,False
3750,3751,Branch_4525,7783,8565,8.253549026081215,1,False
3751,3752,Branch_4526,7994,8564,28.727377190462512,1,False
3752,3753,Branch_4527,8154,8564,7.830240388379924,1,False
3753,3754,Branch_4528,8564,8566,2000.0,1,False
3754,3755,Branch_4530,4988,4998,82.98755186721992,1,False
3755,3756,Branch_4532,8831,8832,15.010507355148604,1,False
3756,3757,Branch_4533,8820,8832,13.599891200870394,1,False
3757,3758,Branch_4534,8831,8896,6.169031462060457,1,False
3758,3759,Branch_4535,8832,8924,2.9324653235975484,1,False
3759,3760,Branch_4536,8831,8904,5.435668859053107,1,False
3760,3761,Branch_4537,8832,8983,10.15434606011373,1,False
3761,3762,Branch_4538,8731,8832,19.18649270913277,1,False
3762,3763,Branch_4539,9134,9258,140.4494382022472,1,False
3763,3764,Branch_4540,9258,9259,10.427528675703858,1,False
3764,3765,Branch_4541,5798,5813,14.511681903932663,1,False
3765,3766,Branch_4542,5798,5808,3.8668264954951472,1,False
3766,3767,Branch_4543,7584,7594,55.83472920156337,1,False
3767,3768,Branch_4544,6877,7594,29.682398337785692,1,False
3768,3769,Branch_4545,5316,5315,6.218905472636816,1,False
3769,3770,Branch_4546,5583,5629,32.637075718015666,1,False
3770,3771,Branch_4547,5364,5366,20.36659877800407,1,False
3771,3772,Branch_4548,5364,5365,2.7404017428955085,1,False
3772,3773,Branch_4549,5293,5364,72.15007215007215,1,False
3773,3774,Branch_4550,5303,5364,30.3951367781155,1,False
3774,3775,Branch_4551,5364,5479,19.496977968414896,1,False
3775,3776,Branch_4552,6743,6836,18.01801801801802,1,False
3776,3777,Branch_4553,6836,6916,15.873015873015872,1,False
3777,3778,Branch_4554,6752,7113,3.45447008428907,1,False
3778,3779,Branch_4555,5988,6752,5.684402000909504,1,False
3779,3780,Branch_4557,1702,1725,85.17887563884156,1,False
3780,3781,Branch_4558,432,1702,91.6590284142988,1,False
3781,3782,Branch_4559,3463,3599,25.926886180969664,1,False
3782,3783,Branch_4560,2500,2499,14.78415138971023,1,False
3783,3784,Branch_4561,3897,4271,50.55611729019211,1,False
3784,3785,Branch_4562,2507,2506,1.44423101919383,1,False
3785,3786,Branch_4563,2024,2026,30.11141222523336,1,False
3786,3787,Branch_4564,2025,2026,-233.6448598130841,1,False
3787,3788,Branch_4565,2028,2026,9.004141905276427,1,False
3788,3789,Branch_4566,2024,2027,25.806451612903224,1,False
3789,3790,Branch_4567,2025,2027,-108.34236186348862,1,False
3790,3791,Branch_4568,2029,2027,5.991611743559018,1,False
3791,3792,Branch_4569,2158,2507,2000.0,1,False
3792,3793,Branch_4570,653,1710,980.3921568627452,1,False
3793,3794,Branch_4571,44,1710,193.7984496124031,1,False
3794,3795,Branch_4574,2824,3223,6.889424733034792,1,False
3795,3796,Branch_4575,2824,3880,6.660893891960301,1,False
3796,3797,Branch_4576,5946,6074,35.49875754348598,1,False
3797,3798,Branch_4577,5916,5946,12.891581797086502,1,False
3798,3799,Branch_4580,6424,6423,10.183299389002038,1,False
3799,3800,Branch_4581,6424,6422,11.516756881262236,1,False
3800,3801,Branch_4583,2681,2869,68.82312456985547,1,False
3801,3802,Branch_4584,9118,9383,69.58942240779402,1,False
3802,3803,Branch_4585,9137,9383,182.4817518248175,1,False
3803,3804,Branch_4586,9383,9407,2000.0,1,False
3804,3805,Branch_4587,9383,9443,123.76237623762376,1,False
3805,3806,Branch_4588,5744,6424,404.8582995951417,1,False
3806,3807,Branch_4589,1460,1498,46.57661853749418,1,False
3807,3808,Branch_4590,13,1459,67.79661016949153,1,False
3808,3809,Branch_4591,433,1460,40.51863857374392,1,False
3809,3810,Branch_4592,14,1459,819.672131147541,1,False
3810,3811,Branch_4593,1460,1461,132.1003963011889,1,False
3811,3812,Branch_4594,1459,1462,41.06776180698152,1,False
3812,3813,Branch_4597,7961,8168,200.0,1,False
3813,3814,Branch_4598,7961,8098,135.50135501355012,1,False
3814,3815,Branch_4599,9110,9387,2000.0,1,False
3815,3816,Branch_4600,9400,9403,141.44271570014143,1,False
3816,3817,Branch_4601,9401,9403,17.953321364452425,1,False
3817,3818,Branch_4602,9402,9403,17.83484929552345,1,False
3818,3819,Branch_4603,9387,9400,2000.0,1,False
3819,3820,Branch_4604,453,1291,65.06180871828236,1,False
3820,3821,Branch_4605,1291,1636,143.47202295552367,1,False
3821,3822,Branch_4607,1291,1288,14.374011786689666,1,False
3822,3823,Branch_4608,1291,1290,14.378145219266717,1,False
3823,3824,Branch_4609,1291,1287,14.371945961483185,1,False
3824,3825,Branch_4610,1291,1289,14.230823964707556,1,False
3825,3826,Branch_4611,1863,2204,33.88681802778719,1,False
3826,3827,Branch_4612,2204,2530,201.6129032258065,1,False
3827,3828,Branch_4613,1883,2204,91.24087591240875,1,False
3828,3829,Branch_4614,1904,1963,26.52519893899204,1,False
3829,3830,Branch_4615,1904,1924,130.89005235602093,1,False
3830,3831,Branch_4616,1904,2583,113.12217194570135,1,False
3831,3832,Branch_4617,2109,2178,57.142857142857146,1,False
3832,3833,Branch_4618,2178,2378,74.90636704119851,1,False
3833,3834,Branch_4619,337,969,877.1929824561404,1,False
3834,3835,Branch_4620,337,340,390.625,1,False
3835,3836,Branch_4621,331,340,9.514747859181732,1,False
3836,3837,Branch_4622,332,340,9.48676596148373,1,False
3837,3838,Branch_4623,337,338,353.35689045936397,1,False
3838,3839,Branch_4624,333,338,9.908838684106223,1,False
3839,3840,Branch_4625,334,338,9.813542688910696,1,False
3840,3841,Branch_4626,337,339,314.4654088050315,1,False
3841,3842,Branch_4627,335,339,10.068465565847765,1,False
3842,3843,Branch_4628,336,339,10.024057738572576,1,False
3843,3844,Branch_4629,1783,2096,24.563989191844755,1,False
3844,3845,Branch_4630,1782,2096,6.695232994108195,1,False
3845,3846,Branch_4631,7820,8288,9.399379640943698,1,False
3846,3847,Branch_4632,8288,8545,14.755791648221926,1,False
3847,3848,Branch_4635,8017,8016,13.636983499249967,1,False
3848,3849,Branch_4636,8017,8016,13.636983499249967,1,False
3849,3850,Branch_4637,2835,2836,12.295585884667403,1,False
3850,3851,Branch_4638,2835,2837,8.861320336730174,1,False
3851,3852,Branch_4639,2835,4988,283.28611898017,1,False
3852,3853,Branch_4640,3657,4243,9.736150326161036,1,False
3853,3854,Branch_4641,3539,4243,5.590339892665474,1,False
3854,3855,Branch_4642,9472,9474,37.18854592785422,1,False
3855,3856,Branch_4643,9473,9475,37.18854592785422,1,False
3856,3857,Branch_4644,7179,7403,520.8333333333334,1,False
3857,3858,Branch_4645,9476,9474,16.68613382279326,1,False
3858,3859,Branch_4646,9476,9475,16.929067208396816,1,False
3859,3860,Branch_4648,7179,7496,102.77492291880782,1,False
3860,3861,Branch_4649,5932,5931,8.274036074797285,1,False
3861,3862,Branch_4650,5804,5932,22.893772893772898,1,False
3862,3863,Branch_4654,5932,6436,13.238019592268996,1,False
3863,3864,Branch_4655,5794,5931,12.414649286157664,1,False
3864,3865,Branch_4656,5914,5931,8.218952905399853,1,False
3865,3866,Branch_4657,5931,5991,3.639142617999199,1,False
3866,3867,Branch_4658,5793,5931,7.15922107674685,1,False
3867,3868,Branch_4659,5932,6338,12.871669455528382,1,False
3868,3869,Branch_4660,2019,2020,4.370629370629371,1,False
3869,3870,Branch_4662,4700,6189,5.6104129263913824,1,False
3870,3871,Branch_4663,2909,3357,111.48272017837236,1,False
3871,3872,Branch_4664,2909,3403,197.23865877712032,1,False
3872,3873,Branch_4665,7799,8113,17.205781142463866,1,False
3873,3874,Branch_4666,681,867,123.45679012345678,1,False
3874,3875,Branch_4667,680,867,61.12469437652812,1,False
3875,3876,Branch_4668,7040,7041,7.987220447284345,1,False
3876,3877,Branch_4669,7040,7234,7.980209081477935,1,False
3877,3878,Branch_4670,7041,7317,2000.0,1,True
3878,3879,Branch_4671,5809,6211,4.685376938574708,1,False
3879,3880,Branch_4672,5809,5811,54.585152838427945,1,False
3880,3881,Branch_4673,5809,6349,10.049241282283187,1,False
3881,3882,Branch_4674,5811,6985,3.428414701042238,1,False
3882,3883,Branch_4675,7522,7524,8.623663332183511,1,False
3883,3884,Branch_4676,7522,7523,8.686587908269631,1,False
3884,3885,Branch_4677,6606,7522,92.50693802035153,1,False
3885,3886,Branch_4678,679,681,156.25,1,False
3886,3887,Branch_4679,206,681,208.33333333333337,1,False
3887,3888,Branch_4680,2993,4403,22.768670309653917,1,False
3888,3889,Branch_4681,2620,2993,11.032656663724625,1,False
3889,3890,Branch_4682,3286,3449,6.3742988271290155,1,False
3890,3891,Branch_4685,6569,7298,159.4896331738437,1,False
3891,3892,Branch_4686,6569,7322,367.6470588235294,1,False
3892,3893,Branch_4687,2259,2262,12.232415902140673,1,False
3893,3894,Branch_4688,2259,2261,12.232415902140673,1,False
3894,3895,Branch_4689,2259,2260,18.25150574922431,1,False
3895,3896,Branch_4690,6448,6447,8.982304859426929,1,False
3896,3897,Branch_4691,6171,6448,1428.571428571429,1,False
3897,3898,Branch_4692,8613,8614,5.396654074473826,1,False
3898,3899,Branch_4693,7757,8614,27.107617240444565,1,False
3899,3900,Branch_4694,7938,8585,1428.571428571429,1,False
3900,3901,Branch_4695,8038,8585,11.462631820265932,1,False
3901,3902,Branch_4696,7803,8585,95.69377990430624,1,False
3902,3903,Branch_4697,7754,8508,3.1017369727047144,1,False
3903,3904,Branch_4698,8402,8613,3.286230693394676,1,False
3904,3905,Branch_4702,5264,5538,26.504108136761197,1,True
3905,3906,Branch_4703,441,996,103.09278350515464,1,False
3906,3907,Branch_4704,326,996,142.04545454545453,1,False
3907,3908,Branch_4705,1551,1576,3.2372936225315634,1,False
3908,3909,Branch_4707,825,1364,242.13075060532688,1,False
3909,3910,Branch_4708,826,1364,245.09803921568627,1,False
3910,3911,Branch_4709,999,1442,1428.571428571429,1,False
3911,3912,Branch_4710,999,1117,297.6190476190476,1,False
3912,3913,Branch_4711,999,1000,2.7979071654402508,1,False
3913,3914,Branch_4712,999,1001,2.7979071654402508,1,False
3914,3915,Branch_4713,8107,8108,1470.5882352941176,1,False
3915,3916,Branch_4714,8108,8109,8.64304235090752,1,False
3916,3917,Branch_4715,8108,8110,8.64304235090752,1,False
3917,3918,Branch_4716,9012,9109,62.93266205160478,1,False
3918,3919,Branch_4719,2714,3477,225.2252252252252,1,False
3919,3920,Branch_4720,9109,9108,14.255167498218103,1,False
3920,3921,Branch_4721,540,534,4.738887309259786,1,False
3921,3922,Branch_4722,540,535,4.738887309259786,1,False
3922,3923,Branch_4723,540,536,4.738887309259786,1,False
3923,3924,Branch_4724,540,537,4.738887309259786,1,False
3924,3925,Branch_4725,540,538,4.738887309259786,1,False
3925,3926,Branch_4726,540,539,4.738887309259786,1,False
3926,3927,Branch_4729,489,491,2000.0,1,False
3927,3928,Branch_4730,491,492,16.423057973394645,1,False
3928,3929,Branch_4731,491,493,16.423057973394645,1,False
3929,3930,Branch_4733,1211,1405,297.6190476190476,1,False
3930,3931,Branch_4734,1265,1405,427.35042735042737,1,False
3931,3932,Branch_4736,1652,1676,33.344448149383126,1,False
3932,3933,Branch_4737,1652,1746,131.92612137203167,1,False
3933,3934,Branch_4738,524,1343,54.70459518599562,1,True
3934,3935,Branch_4739,2,524,666.6666666666666,1,False
3935,3936,Branch_4740,524,531,900.9009009009008,1,False
3936,3937,Branch_4741,5222,5363,21.720243266724587,1,False
3937,3938,Branch_4744,7235,7544,2000.0,1,False
3938,3939,Branch_4745,8000,8464,4.198681613973212,1,False
3939,3940,Branch_4748,8443,8627,5.608524957936063,1,False
3940,3941,Branch_4749,8281,8443,56.01852623855659,1,False
3941,3942,Branch_4750,8281,8443,56.01852623855659,1,False
3942,3943,Branch_4752,4538,4539,9.054690329590729,1,False
3943,3944,Branch_4753,6936,7321,2.2073593360263115,1,False
3944,3945,Branch_4754,6936,7101,210.08403361344537,1,False
3945,3946,Branch_4756,6230,6390,5.679559266200942,1,False
3946,3947,Branch_4757,5981,6390,24.66091245376079,1,False
3947,3948,Branch_4758,6235,6390,35.06311360448808,1,False
3948,3949,Branch_4760,9194,9196,2000.0,1,False
3949,3950,Branch_4761,1916,1917,4.883527860526445,1,False
3950,3951,Branch_4762,2954,2953,13.908205841446453,1,False
3951,3952,Branch_4763,2993,4538,4.546281142025823,1,False
3952,3953,Branch_4764,8729,8780,7.939658594680429,1,False
3953,3954,Branch_4765,678,1714,284.9002849002849,1,False
3954,3955,Branch_4766,5866,6059,16.283992835043154,1,False
3955,3956,Branch_4767,5915,6059,69.58942240779402,1,False
3956,3957,Branch_4769,8858,9276,37.0919881305638,1,False
3957,3958,Branch_4770,295,678,349.65034965034965,1,False
3958,3959,Branch_4771,9007,9094,5.223023085762039,1,False
3959,3960,Branch_4772,8889,9094,6.19463544570402,1,False
3960,3961,Branch_4773,8404,8500,88.88888888888889,1,False
3961,3962,Branch_4774,8500,8684,99.10802775024776,1,False
3962,3963,Branch_4775,7938,8601,67.34006734006734,1,True
3963,3964,Branch_4776,8601,8684,80.12820512820512,1,False
3964,3965,Branch_4777,3822,4248,38.80481179666278,1,False
3965,3966,Branch_4778,8464,8465,10.0,1,False
3966,3967,Branch_4779,7820,8375,3.0700273232431767,1,False
3967,3968,Branch_4780,1835,1837,38.58024691358025,1,False
3968,3969,Branch_4781,1833,1837,56.91519635742743,1,False
3969,3970,Branch_4782,1836,1837,12.73074474856779,1,False
3970,3971,Branch_4783,34,490,1886.7924528301887,1,False
3971,3972,Branch_4784,490,893,298.5074626865672,1,False
3972,3973,Branch_4785,8020,8412,14.186409419775854,1,False
3973,3974,Branch_4786,7874,8020,25.387154100025388,1,False
3974,3975,Branch_4787,647,1695,33.05785123966942,1,False
3975,3976,Branch_4788,46,647,330.03300330033005,1,False
3976,3977,Branch_4789,2757,4498,8.780402142418122,1,False
3977,3978,Branch_4790,8009,8010,17.55001755001755,1,False
3978,3979,Branch_4791,8009,8694,9.214891264283082,1,False
3979,3980,Branch_4793,84,1257,85.39709649871904,1,False
3980,3981,Branch_4794,84,1168,70.27406886858749,1,False
3981,3982,Branch_4795,786,1017,73.20644216691069,1,False
3982,3983,Branch_4796,364,1017,480.7692307692308,1,False
3983,3984,Branch_4797,1017,1018,5.01002004008016,1,False
3984,3985,Branch_4798,1293,1396,78.61635220125787,1,False
3985,3986,Branch_4799,386,1396,126.10340479192938,1,False
3986,3987,Branch_4800,780,1201,219.2982456140351,1,False
3987,3988,Branch_4801,10,1201,122.54901960784314,1,False
3988,3989,Branch_4802,3400,3626,4.593477262287552,1,False
3989,3990,Branch_4803,3400,3915,5.588777734309507,1,False
3990,3991,Branch_4804,1568,1690,27.59381898454746,1,False
3991,3992,Branch_4806,1060,1690,5.485463521667581,1,False
3992,3993,Branch_4807,6984,6986,2000.0,1,False
3993,3994,Branch_4808,6985,6984,11.859150447419871,1,False
3994,3995,Branch_4809,6985,6984,11.859150447419871,1,False
3995,3996,Branch_4810,6526,6985,9.820288716488264,1,False
3996,3997,Branch_4811,6600,6986,48.03073967339097,1,False
3997,3998,Branch_4812,6961,6985,8.719916288803628,1,False
3998,3999,Branch_4813,6314,6984,2000.0,1,False
3999,4000,Branch_4814,6984,7249,37.03703703703704,1,False
4000,4001,Branch_4815,8000,8600,1.8501387604070303,1,False
4001,4002,Branch_4819,757,1437,255.10204081632656,1,False
4002,4003,Branch_4820,1436,1437,2000.0,1,False
4003,4004,Branch_4821,1063,1436,55.00550055005501,1,False
4004,4005,Branch_4822,8405,8694,5.884776084269993,1,False
4005,4006,Branch_4823,7922,8405,2.9292012068308972,1,False
4006,4007,Branch_4824,8397,8398,10.259567046270648,1,False
4007,4008,Branch_4826,1933,8397,11.28158844765343,1,False
4008,4009,Branch_4827,8398,8631,44.9034575662326,1,False
4009,4010,Branch_4828,8397,8575,3.858917959404183,1,False
4010,4011,Branch_4829,8398,8504,7.932730445819451,1,False
4011,4012,Branch_4830,7836,8439,3.8476337052712584,1,False
4012,4013,Branch_4831,2450,2448,14.35544071202986,1,False
4013,4014,Branch_4832,2450,2449,5.370280865689275,1,False
4014,4015,Branch_4833,7724,8502,11.640088464672331,1,False
4015,4016,Branch_4834,1332,1566,344.82758620689657,1,False
4016,4017,Branch_4835,295,1332,318.47133757961785,1,False
4017,4018,Branch_4837,7873,8423,14.092446448703496,1,False
4018,4019,Branch_4838,7042,7448,7.00770847932726,1,False
4019,4020,Branch_4839,7103,7448,9.512937595129376,1,False
4020,4021,Branch_4840,6955,7448,24.06159769008662,1,False
4021,4022,Branch_4841,8731,8907,5.007511266900351,1,False
4022,4023,Branch_4842,5676,5992,2000.0,1,False
4023,4024,Branch_4843,5656,5992,2000.0,1,False
4024,4025,Branch_4844,1656,1665,100.2004008016032,1,False
4025,4026,Branch_4845,1657,1665,218.34061135371175,1,False
4026,4027,Branch_4846,1666,1665,11.990407673860911,1,False
4027,4028,Branch_4847,1656,1662,98.71668311944718,1,False
4028,4029,Branch_4848,1657,1662,198.80715705765408,1,False
4029,4030,Branch_4849,1660,1662,12.202562538133009,1,False
4030,4031,Branch_4850,1656,1663,54.31830526887561,1,False
4031,4032,Branch_4851,1657,1663,-243.90243902439025,1,False
4032,4033,Branch_4852,1659,1663,10.554089709762533,1,False
4033,4034,Branch_4853,1656,1664,86.13264427217915,1,False
4034,4035,Branch_4854,1658,1664,134.40860215053763,1,False
4035,4036,Branch_4855,1661,1664,9.489466691971913,1,False
4036,4037,Branch_4857,1,1657,112.4859392575928,1,False
4037,4038,Branch_4858,1544,1656,378.7878787878788,1,False
4038,4039,Branch_4859,772,1658,189.0359168241966,1,False
4039,4040,Branch_4860,109,1657,173.61111111111111,1,False
4040,4041,Branch_4861,108,1657,166.9449081803005,1,False
4041,4042,Branch_4862,1073,1656,78.61635220125787,1,False
4042,4043,Branch_4863,1055,1658,138.88888888888889,1,False
4043,4044,Branch_4865,835,1657,151.05740181268882,1,False
4044,4045,Branch_4866,834,1657,83.05647840531562,1,False
4045,4046,Branch_4867,181,1656,79.93605115907275,1,False
4046,4047,Branch_4868,8178,8246,769.2307692307693,1,False
4047,4048,Branch_4869,434,487,46.01932811780948,1,False
4048,4049,Branch_4870,434,1635,98.71668311944718,1,False
4049,4050,Branch_4872,434,1718,2000.0,1,False
4050,4051,Branch_4875,2777,4608,41.71881518564873,1,False
4051,4052,Branch_4876,441,1572,14.662756598240469,1,False
4052,4053,Branch_4877,8246,8245,9.160025648071814,1,False
4053,4054,Branch_4878,8246,8247,8.624407072013799,1,False
4054,4055,Branch_4880,2797,4956,37.664783427495294,1,False
4055,4056,Branch_4881,5589,5591,26.52519893899204,1,False
4056,4057,Branch_4882,651,757,25.581990278843698,1,False
4057,4058,Branch_4884,4608,4934,2000.0,1,False
4058,4059,Branch_4885,214,1564,147.71048744460856,1,False
4059,4060,Branch_4886,1563,1564,30.339805825242717,1,False
4060,4061,Branch_4887,1562,1563,7.432181345224824,1,False
4061,4062,Branch_4888,759,1563,11.282861333634209,1,False
4062,4063,Branch_4889,1089,1562,6.846501437765302,1,False
4063,4064,Branch_4890,221,1562,5.553087516659263,1,False
4064,4065,Branch_4891,1214,1562,6.8756875687568755,1,False
4065,4066,Branch_4892,430,1563,24.05002405002405,1,False
4066,4067,Branch_4893,1087,1563,43.78283712784589,1,False
4067,4068,Branch_4894,4829,4832,29.472443265546715,1,False
4068,4069,Branch_4895,4828,4829,24.65483234714004,1,False
4069,4070,Branch_4896,187,294,275.4820936639118,1,False
4070,4071,Branch_4898,9105,9292,177.61989342806393,1,False
4071,4072,Branch_4899,9292,9291,15.441630636195182,1,False
4072,4073,Branch_4900,9105,9106,19.48178453146308,1,False
4073,4074,Branch_4901,9105,9107,15.441630636195182,1,False
4074,4075,Branch_4902,9105,9128,260.4166666666667,1,False
4075,4076,Branch_4903,4201,4777,46.55493482309125,1,False
4076,4077,Branch_4904,350,1722,224.2152466367713,1,True
4077,4078,Branch_4906,5616,5614,6.916107614634484,1,False
4078,4079,Branch_4907,5616,5615,15.124016938898972,1,False
4079,4080,Branch_4908,5178,5616,108.4598698481562,1,False
4080,4081,Branch_4909,5690,5797,44.38526409232135,1,False
4081,4082,Branch_4910,5690,6073,350.87719298245617,1,True
4082,4083,Branch_4911,5975,5980,69.15629322268326,1,False
4083,4084,Branch_4912,5973,5980,719.4244604316547,1,False
4084,4085,Branch_4913,5979,5980,10.684902233144566,1,False
4085,4086,Branch_4914,5975,5974,68.58710562414267,1,False
4086,4087,Branch_4915,5976,5974,662.2516556291391,1,False
4087,4088,Branch_4916,5978,5974,10.481081647626034,1,False
4088,4089,Branch_4917,5904,5976,23.71354043158643,1,False
4089,4090,Branch_4918,5975,6038,73.85524372230428,1,False
4090,4091,Branch_4919,5720,5977,20.124773596297043,1,False
4091,4092,Branch_4921,5867,5975,39.77724741447892,1,False
4092,4093,Branch_4922,5751,5977,13.614703880190604,1,False
4093,4094,Branch_4923,5680,5973,934.5794392523364,1,False
4094,4095,Branch_4924,5850,5976,2000.0,1,False
4095,4096,Branch_4925,648,1722,195.3125,1,False
4096,4097,Branch_4926,4150,4677,8.410428931875526,1,False
4097,4098,Branch_4931,350,489,131.75230566534916,1,False
4098,4099,Branch_4932,350,367,41.75365344467641,1,False
4099,4100,Branch_4934,350,1723,1204.8192771084337,1,False
4100,4101,Branch_4936,1229,1517,81.43322475570032,1,False
4101,4102,Branch_4937,1227,1516,83.2639467110741,1,False
4102,4103,Branch_4938,1517,1645,152.67175572519085,1,False
4103,4104,Branch_4939,1516,1643,153.84615384615384,1,False
4104,4105,Branch_4941,1514,1517,2000.0,1,False
4105,4106,Branch_4942,1515,1516,2000.0,1,False
4106,4107,Branch_4943,3085,4608,2000.0,1,False
4107,4108,Branch_4944,3086,4608,2000.0,1,False
4108,4109,Branch_4945,658,660,2000.0,1,False
4109,4110,Branch_4946,85,658,107.2961373390558,1,False
4110,4111,Branch_4947,87,658,78.80220646178093,1,False
4111,4112,Branch_4948,658,909,214.13276231263384,1,False
4112,4113,Branch_4949,660,908,217.8649237472767,1,False
4113,4114,Branch_4950,659,660,2000.0,1,False
4114,4115,Branch_4951,658,664,107.87486515641856,1,False
4115,4116,Branch_4952,658,666,79.55449482895784,1,False
4116,4117,Branch_4953,4117,4124,44.54342984409799,1,False
4117,4118,Branch_4954,4120,4124,-2000.0,1,False
4118,4119,Branch_4955,4122,4124,7.99744081893794,1,True
4119,4120,Branch_4956,4117,4125,46.27487274409995,1,False
4120,4121,Branch_4957,4121,4125,-460.8294930875576,1,False
4121,4122,Branch_4958,4123,4125,9.042408897730356,1,False
4122,4123,Branch_4959,4249,4252,25.44529262086514,1,False
4123,4124,Branch_4960,4248,4252,-112.35955056179776,1,False
4124,4125,Branch_4961,4253,4252,5.813953488372093,1,False
4125,4126,Branch_4962,4249,4251,30.67484662576687,1,False
4126,4127,Branch_4963,4248,4251,-370.3703703703704,1,False
4127,4128,Branch_4964,4250,4251,10.893246187363834,1,False
4128,4129,Branch_4965,3008,4537,57.24098454493417,1,False
4129,4130,Branch_4966,3009,3008,9.374707040404989,1,False
4130,4131,Branch_4967,2691,3008,512.8205128205128,1,False
4131,4132,Branch_4968,2915,3008,7.64642911760208,1,False
4132,4133,Branch_4969,3008,4321,50.505050505050505,1,False
4133,4134,Branch_4970,365,882,284.09090909090907,1,False
4134,4135,Branch_4971,91,365,641.025641025641,1,False
4135,4136,Branch_4972,8860,8861,5.541701302299806,1,False
4136,4137,Branch_4973,285,287,757.5757575757576,1,False
4137,4138,Branch_4974,285,1557,91.74311926605505,1,False
4138,4139,Branch_4975,323,1295,2000.0,1,False
4139,4140,Branch_4976,51,323,34.83106931382793,1,False
4140,4141,Branch_4977,2677,2676,5.589714924538849,1,False
4141,4142,Branch_4978,322,323,2000.0,1,False
4142,4143,Branch_4979,5584,5585,23.110700254217704,1,False
4143,4144,Branch_4980,5027,5030,7.423904974016333,1,False
4144,4145,Branch_4981,5027,5029,12.858428700012858,1,False
4145,4146,Branch_4982,5028,5027,42.19409282700422,1,False
4146,4147,Branch_4983,5024,5028,208.33333333333337,1,False
4147,4148,Branch_4984,6524,6866,300.3003003003003,1,False
4148,4149,Branch_4985,6524,6525,237.52969121140143,1,False
4149,4150,Branch_4986,6523,6524,9.103322712790169,1,False
4150,4151,Branch_4987,8717,9140,7.599939200486396,1,False
4151,4152,Branch_4988,9140,9142,2000.0,1,False
4152,4153,Branch_4990,6719,6718,10.670081092616304,1,False
4153,4154,Branch_4991,405,453,129.5336787564767,1,False
4154,4155,Branch_4992,453,997,120.91898428053204,1,False
4155,4156,Branch_4993,453,1686,326.797385620915,1,False
4156,4157,Branch_4995,453,454,6.315523556902868,1,False
4157,4158,Branch_4996,454,1485,2000.0,1,False
4158,4159,Branch_4997,453,460,101.010101010101,1,False
4159,4160,Branch_4998,456,460,3.951007506914263,1,False
4160,4161,Branch_4999,456,1479,2000.0,1,False
4161,4162,Branch_5000,457,460,3.951007506914263,1,False
4162,4163,Branch_5001,457,1480,2000.0,1,False
4163,4164,Branch_5002,453,455,6.315523556902868,1,False
4164,4165,Branch_5003,455,1487,2000.0,1,False
4165,4166,Branch_5004,453,461,101.010101010101,1,False
4166,4167,Branch_5005,458,461,3.951007506914263,1,False
4167,4168,Branch_5006,458,1479,2000.0,1,False
4168,4169,Branch_5007,459,461,3.951007506914263,1,False
4169,4170,Branch_5008,459,1478,2000.0,1,False
4170,4171,Branch_5009,453,462,101.010101010101,1,False
4171,4172,Branch_5010,464,462,3.951007506914263,1,False
4172,4173,Branch_5011,464,1476,2000.0,1,False
4173,4174,Branch_5012,465,462,3.951007506914263,1,False
4174,4175,Branch_5013,465,1477,2000.0,1,False
4175,4176,Branch_5014,453,463,101.010101010101,1,False
4176,4177,Branch_5015,466,463,3.951007506914263,1,False
4177,4178,Branch_5016,466,1476,2000.0,1,False
4178,4179,Branch_5017,467,463,3.951007506914263,1,False
4179,4180,Branch_5018,467,1477,2000.0,1,False
4180,4181,Branch_5019,9074,9077,46.27487274409995,1,False
4181,4182,Branch_5020,9073,9077,-460.8294930875576,1,False
4182,4183,Branch_5021,9072,9077,9.00657479960371,1,False
4183,4184,Branch_5022,9074,9075,45.187528242205154,1,False
4184,4185,Branch_5023,9071,9075,-467.2897196261682,1,False
4185,4186,Branch_5024,9076,9075,7.662248103593594,1,False
4186,4187,Branch_5025,5865,6299,5.533728072602512,1,False
4187,4188,Branch_5026,5988,6299,8.037939072421832,1,False
4188,4189,Branch_5027,6299,6376,1250.0,1,False
4189,4190,Branch_5030,8169,8665,71.68458781362007,1,False
4190,4191,Branch_5031,7932,8169,175.7469244288225,1,False
4191,4192,Branch_5032,8169,8170,2000.0,1,False
4192,4193,Branch_5033,8169,8171,2000.0,1,False
4193,4194,Branch_5036,8926,9040,2000.0,1,True
4194,4195,Branch_5037,3929,4722,38.55050115651503,1,False
4195,4196,Branch_5038,8546,8558,4.466279589102278,1,False
4196,4197,Branch_5039,7179,7316,1449.2753623188405,1,False
4197,4198,Branch_5040,7315,7316,10.175010175010176,1,False
4198,4199,Branch_5041,272,796,487.8048780487805,1,False
4199,4200,Branch_5042,8043,8095,187.26591760299627,1,False
4200,4201,Branch_5043,8043,8066,73.96449704142012,1,False
4201,4202,Branch_5044,8095,8094,15.441630636195182,1,False
4202,4203,Branch_5045,8043,8042,19.48178453146308,1,False
4203,4204,Branch_5046,796,885,1724.1379310344828,1,False
4204,4205,Branch_5047,4345,4663,109.89010989010988,1,False
4205,4206,Branch_5048,3562,4345,2000.0,1,False
4206,4207,Branch_5049,4345,4344,13.655605626109518,1,False
4207,4208,Branch_5050,4345,4348,13.73437714599643,1,False
4208,4209,Branch_5051,4343,4347,14.206563432305725,1,False
4209,4210,Branch_5052,4343,4349,7.106310403638431,1,False
4210,4211,Branch_5053,4345,4346,16.803898504453034,1,False
4211,4212,Branch_5054,3134,3943,27.716186252771617,1,False
4212,4213,Branch_5055,3561,4343,526.3157894736842,1,False
4213,4214,Branch_5056,7892,7962,421.9409282700422,1,False
4214,4215,Branch_5057,3629,8993,17.117425539198905,1,False
4215,4216,Branch_5058,8985,8993,24.142926122646063,1,False
4216,4217,Branch_5059,8994,8993,1.5109391998065995,1,False
4217,4218,Branch_5060,8990,8994,19.42124684404739,1,False
4218,4219,Branch_5061,3181,3785,73.47538574577517,1,False
4219,4220,Branch_5062,3453,3785,138.50415512465375,1,False
4220,4221,Branch_5063,2820,3850,41.58004158004158,1,False
4221,4222,Branch_5064,2820,3355,72.67441860465117,1,False
4222,4223,Branch_5066,6078,8340,5.861321141785359,1,False
4223,4224,Branch_5067,6078,6303,2000.0,1,False
4224,4225,Branch_5068,6078,6079,2000.0,1,False
4225,4226,Branch_5069,6077,6078,2000.0,1,False
4226,4227,Branch_5070,5685,5740,33.61344537815126,1,False
4227,4228,Branch_5071,5875,6168,2000.0,1,False
4228,4229,Branch_5072,2063,2064,22.988505747126435,1,False
4229,4230,Branch_5073,2063,2076,29.585798816568047,1,False
4230,4231,Branch_5074,2061,2068,25.77319587628866,1,False
4231,4232,Branch_5075,2061,2066,28.41716396703609,1,False
4232,4233,Branch_5076,2062,2069,44.662795891022775,1,False
4233,4234,Branch_5077,2067,2076,11.750881316098708,1,True
4234,4235,Branch_5078,2061,2074,133.6898395721925,1,False
4235,4236,Branch_5079,2070,2074,9.355412105903264,1,False
4236,4237,Branch_5080,2071,2074,9.267840593141798,1,False
4237,4238,Branch_5081,2061,2075,130.3780964797914,1,False
4238,4239,Branch_5082,2072,2075,9.42151874882231,1,False
4239,4240,Branch_5083,2073,2075,9.270418095856122,1,False
4240,4241,Branch_5084,2065,2076,10.29230135858378,1,False
4241,4242,Branch_5085,1199,1200,7.604562737642586,1,False
4242,4243,Branch_5086,6117,6120,26.068821689259646,1,False
4243,4244,Branch_5087,6121,6116,6.984215672579969,1,False
4244,4245,Branch_5088,6118,6119,4.19621501405732,1,False
4245,4246,Branch_5089,4248,4314,144.50867052023122,1,False
4246,4247,Branch_5090,2181,2252,6.475006475006475,1,False
4247,4248,Branch_5091,3303,3463,58.13953488372093,1,False
4248,4249,Branch_5092,9333,9399,826.4462809917355,1,False
4249,4250,Branch_5093,5233,5520,4000.0,1,False
4250,4251,Branch_5094,5233,5520,4000.0,1,True
4251,4252,Branch_5095,3803,4612,34.746351633078525,1,False
4252,4253,Branch_5096,8261,8262,3.955539733396622,1,False
4253,4254,Branch_5097,8242,8261,354.6099290780142,1,False
4254,4255,Branch_5098,5557,5558,2000.0,1,False
4255,4256,Branch_5099,9212,9211,10.002000400080016,1,False
4256,4257,Branch_5100,9119,9212,325.7328990228013,1,False
4257,4258,Branch_5104,3977,3978,7.121999857560003,1,False
4258,4259,Branch_5105,5587,5590,338.9830508474576,1,False
4259,4260,Branch_5106,414,818,440.52863436123346,1,False
4260,4261,Branch_5107,818,1127,127.38853503184713,1,False
4261,4262,Branch_5108,3345,3344,2.881014116969173,1,False
4262,4263,Branch_5109,1275,1276,4.459507670353193,1,False
4263,4264,Branch_5110,1274,1276,10.464629552113855,1,False
4264,4265,Branch_5111,1277,1276,0.8509841631847231,1,False
4265,4266,Branch_5112,596,1275,2000.0,1,False
4266,4267,Branch_5113,649,1278,11.595547309833025,1,False
4267,4268,Branch_5114,1085,1278,27.480076944215444,1,False
4268,4269,Branch_5115,596,1352,34.78260869565217,1,False
4269,4270,Branch_5116,469,596,163.3986928104575,1,False
4270,4271,Branch_5117,7742,8606,32.6797385620915,1,False
4271,4272,Branch_5118,7742,7856,2.829494652255107,1,False
4272,4273,Branch_5120,8206,8606,3.4236023143551644,1,False
4273,4274,Branch_5121,7790,8229,2000.0,1,False
4274,4275,Branch_5122,7791,8230,2000.0,1,False
4275,4276,Branch_5123,8228,8447,2000.0,1,False
4276,4277,Branch_5125,5345,5516,2000.0,1,False
4277,4278,Branch_5126,5584,5629,30.599755201958384,1,False
4278,4279,Branch_5127,4753,4754,10.59658789869662,1,False
4279,4280,Branch_5129,7862,8377,18.01801801801802,1,False
4280,4281,Branch_5130,7862,7964,19.98800719568259,1,False
4281,4282,Branch_5131,7848,7849,3.4904013961605584,1,False
4282,4283,Branch_5132,7849,7862,549.4505494505495,1,False
4283,4284,Branch_5133,3059,5112,6.98616738857063,1,False
4284,4285,Branch_5135,6934,6996,1298.7012987012988,1,False
4285,4286,Branch_5136,5207,5469,112.4859392575928,1,False
4286,4287,Branch_5137,5207,5244,18.248175182481752,1,False
4287,4288,Branch_5138,5633,5634,14.28775539362766,1,False
4288,4289,Branch_5139,5633,5635,12.671059300557529,1,False
4289,4290,Branch_5140,1,1229,133.33333333333334,1,False
4290,4291,Branch_5141,106,1216,128.53470437017995,1,False
4291,4292,Branch_5142,106,1025,127.06480304955528,1,False
4292,4293,Branch_5143,106,107,9.777082518576456,1,False
4293,4294,Branch_5144,7073,7074,10.05126143330988,1,False
4294,4295,Branch_5145,359,810,73.09941520467837,1,False
4295,4296,Branch_5146,311,810,1724.1379310344828,1,True
4296,4297,Branch_5147,809,810,1515.1515151515152,1,False
4297,4298,Branch_5148,74,1121,2000.0,1,False
4298,4299,Branch_5149,70,1121,2000.0,1,False
4299,4300,Branch_5150,74,69,49.333991119881595,1,False
4300,4301,Branch_5151,70,69,49.333991119881595,1,False
4301,4302,Branch_5152,69,72,17.58087201125176,1,False
4302,4303,Branch_5153,69,71,14.795088030773783,1,False
4303,4304,Branch_5154,69,73,14.721036360959811,1,False
4304,4305,Branch_5155,69,75,14.795088030773783,1,False
4305,4306,Branch_5156,585,579,4.739336492890995,1,False
4306,4307,Branch_5157,585,580,4.739336492890995,1,False
4307,4308,Branch_5158,585,581,4.7395611166405995,1,False
4308,4309,Branch_5159,585,582,4.7395611166405995,1,False
4309,4310,Branch_5160,585,583,4.739336492890995,1,False
4310,4311,Branch_5161,585,584,4.739336492890995,1,False
4311,4312,Branch_5162,585,586,4.739336492890995,1,False
4312,4313,Branch_5163,585,587,4.739336492890995,1,False
4313,4314,Branch_5164,8060,8073,1470.5882352941176,1,False
4314,4315,Branch_5165,8060,8074,1851.851851851852,1,False
4315,4316,Branch_5166,5992,5996,109.89010989010988,1,False
4316,4317,Branch_5167,5996,6440,694.4444444444445,1,False
4317,4318,Branch_5168,5730,5992,2000.0,1,False
4318,4319,Branch_5169,9267,9268,23.392119700666775,1,False
4319,4320,Branch_5170,9267,9268,23.392119700666775,1,False
4320,4321,Branch_5171,66,67,2000.0,1,False
4321,4322,Branch_5172,66,1149,44.58314757021846,1,False
4322,4323,Branch_5173,66,1542,141.24293785310735,1,False
4323,4324,Branch_5174,66,422,84.17508417508418,1,False
4324,4325,Branch_5175,67,989,35.423308537017355,1,False
4325,4326,Branch_5176,66,287,85.47008547008546,1,False
4326,4327,Branch_5177,67,68,2000.0,1,False
4327,4328,Branch_5178,5958,6009,5.450779461462989,1,False
4328,4329,Branch_5179,5957,6006,4.559547692868867,1,False
4329,4330,Branch_5180,5959,6005,5.450779461462989,1,False
4330,4331,Branch_5181,2767,4901,2000.0,1,False
4331,4332,Branch_5182,2767,2766,6.4712353588300005,1,False
4332,4333,Branch_5183,1886,1887,4.710759374411155,1,False
4333,4334,Branch_5186,5684,5858,88.261253309797,1,False
4334,4335,Branch_5188,6512,7212,76.86395080707149,1,False
4335,4336,Branch_5189,5904,5907,11.689070718877849,1,False
4336,4337,Branch_5190,5903,5905,15.796540557617881,1,False
4337,4338,Branch_5191,5903,5905,15.796540557617881,1,False
4338,4339,Branch_5192,5904,5906,9.887284951552305,1,False
4339,4340,Branch_5193,5903,5904,50.0,1,False
4340,4341,Branch_5194,6820,7099,13.35113484646195,1,False
4341,4342,Branch_5195,7099,7098,16.515276630883566,1,False
4342,4343,Branch_5196,7099,7098,16.515276630883566,1,False
4343,4344,Branch_5197,8160,8276,10.400416016640666,1,False
4344,4345,Branch_5198,8096,8276,79.74481658692186,1,False
4345,4346,Branch_5199,5555,5556,2000.0,1,False
4346,4347,Branch_5200,360,1229,139.66480446927375,1,False
4347,4348,Branch_5201,360,888,248.75621890547265,1,False
4348,4349,Branch_5203,8028,8159,343.64261168384877,1,False
4349,4350,Branch_5204,8028,8412,99.30486593843098,1,False
4350,4351,Branch_5205,8028,8091,20.120724346076457,1,False
4351,4352,Branch_5206,8028,8058,581.3953488372093,1,False
4352,4353,Branch_5207,8028,8059,680.2721088435375,1,False
4353,4354,Branch_5208,6239,6396,15.36806516059628,1,False
4354,4355,Branch_5211,6074,6396,6.612444620776301,1,False
4355,4356,Branch_5212,7925,8540,25.523226135783563,1,False
4356,4357,Branch_5213,7931,8540,21.02165230187093,1,False
4357,4358,Branch_5215,3786,4455,2000.0,1,False
4358,4359,Branch_5216,3140,3155,101.31712259371834,1,False
4359,4360,Branch_5218,3189,4288,2.18751367196045,1,False
4360,4361,Branch_5219,5155,5170,22.48201438848921,1,False
4361,4362,Branch_5223,653,1569,158.9825119236884,1,False
4362,4363,Branch_5224,1073,1504,2000.0,1,False
4363,4364,Branch_5225,1073,1506,2000.0,1,False
4364,4365,Branch_5226,1073,1501,2000.0,1,False
4365,4366,Branch_5227,1504,1505,19.23076923076923,1,False
4366,4367,Branch_5228,1501,1502,14.388489208633093,1,False
4367,4368,Branch_5229,1506,1503,14.41545336600836,1,False
4368,4369,Branch_5230,674,1333,62.266500622665006,1,False
4369,4370,Branch_5231,674,771,51.282051282051285,1,False
4370,4371,Branch_5232,8017,8026,458.7155963302752,1,False
4371,4372,Branch_5233,2718,2722,17.322016282695305,1,False
4372,4373,Branch_5234,2718,2723,17.283097131005878,1,False
4373,4374,Branch_5236,15,916,195.3125,1,False
4374,4375,Branch_5237,15,415,170.35775127768312,1,False
4375,4376,Branch_5238,5585,5600,2000.0,1,False
4376,4377,Branch_5239,15,412,117.50881316098707,1,False
4377,4378,Branch_5240,15,866,166.11295681063123,1,False
4378,4379,Branch_5241,869,1596,153.84615384615384,1,False
4379,4380,Branch_5245,561,560,3.4748766418792134,1,False
4380,4381,Branch_5246,808,938,66.57789613848202,1,False
4381,4382,Branch_5247,38,808,438.5964912280702,1,False
4382,4383,Branch_5248,1442,1715,230.9468822170901,1,False
4383,4384,Branch_5249,1442,1650,1538.4615384615386,1,False
4384,4385,Branch_5250,970,1442,31.756113051762465,1,False
4385,4386,Branch_5252,1442,1441,8.066467693796886,1,False
4386,4387,Branch_5253,1442,1439,7.769404086706549,1,False
4387,4388,Branch_5254,1442,1438,7.980209081477935,1,False
4388,4389,Branch_5255,1442,1440,8.166598611678236,1,False
4389,4390,Branch_5256,1168,1494,202.4291497975709,1,False
4390,4391,Branch_5257,1422,1494,218.8183807439825,1,False
4391,4392,Branch_5258,359,1216,193.4235976789168,1,False
4392,4393,Branch_5259,8366,8360,15.358623867301487,1,False
4393,4394,Branch_5260,8365,8357,15.344483658124904,1,False
4394,4395,Branch_5261,8364,8362,33.523298692591354,1,False
4395,4396,Branch_5264,8358,8364,2000.0,1,False
4396,4397,Branch_5265,8358,8366,1428.571428571429,1,False
4397,4398,Branch_5266,8358,8365,1250.0,1,False
4398,4399,Branch_5267,8156,8358,42.680324370465215,1,False
4399,4400,Branch_5268,8358,8519,25.87991718426501,1,False
4400,4401,Branch_5269,7805,8358,39.18495297805643,1,False
4401,4402,Branch_5270,8137,8358,40.08016032064128,1,False
4402,4403,Branch_5271,2046,2206,78.80220646178093,1,False
4403,4404,Branch_5272,2206,2214,57.50431282346176,1,False
4404,4405,Branch_5274,1762,1763,361.01083032490976,1,False
4405,4406,Branch_5275,1826,1841,155.03875968992247,1,False
4406,4407,Branch_5276,1826,1937,29.753049687592977,1,False
4407,4408,Branch_5277,1914,2060,61.804697156983934,1,False
4408,4409,Branch_5278,1914,2132,95.41984732824427,1,False
4409,4410,Branch_5279,1914,2517,22.512381809995496,1,False
4410,4411,Branch_5280,1914,2082,36.88675765400221,1,False
4411,4412,Branch_5281,1751,1914,63.05170239596469,1,False
4412,4413,Branch_5282,1914,2333,108.34236186348862,1,False
4413,4414,Branch_5283,1914,1943,32.98153034300792,1,False
4414,4415,Branch_5284,2411,2516,37.257824143070046,1,False
4415,4416,Branch_5285,2048,2411,32.927230819888045,1,False
4416,4417,Branch_5286,8356,8378,163.66612111292963,1,False
4417,4418,Branch_5287,8120,8143,1219.5121951219512,1,False
4418,4419,Branch_5289,8120,8320,2000.0,1,False
4419,4420,Branch_5291,8143,8144,9.11244760342628,1,False
4420,4421,Branch_5292,8143,8145,9.11244760342628,1,False
4421,4422,Branch_5293,797,800,195.69471624266143,1,False
4422,4423,Branch_5294,800,899,94.9667616334283,1,False
4423,4424,Branch_5295,522,799,42.158516020236085,1,False
4424,4425,Branch_5298,798,799,320.5128205128205,1,False
4425,4426,Branch_5299,6990,7152,5.5589526933125795,1,False
4426,4427,Branch_5300,7152,7153,81.36696501220504,1,False
4427,4428,Branch_5301,6771,7152,15.246226558926663,1,False
4428,4429,Branch_5302,88,799,632.9113924050633,1,False
4429,4430,Branch_5303,819,941,4000.0,1,False
4430,4431,Branch_5304,1868,1869,32.341526520051744,1,False
4431,4432,Branch_5305,1863,1869,-378.7878787878788,1,False
4432,4433,Branch_5306,1870,1869,6.811061163329247,1,False
4433,4434,Branch_5307,1868,1863,36.77822728944465,1,False
4434,4435,Branch_5308,1868,1865,-2000.0,1,False
4435,4436,Branch_5309,1862,1865,46.04051565377532,1,False
4436,4437,Branch_5310,1864,1865,4.929751047572098,1,False
4437,4438,Branch_5311,1868,1867,-2000.0,1,False
4438,4439,Branch_5312,1862,1867,46.125461254612546,1,False
4439,4440,Branch_5313,1866,1867,4.870208931963181,1,False
4440,4441,Branch_5314,8367,8415,33.47840642785403,1,False
4441,4442,Branch_5315,2517,2514,43.17789291882556,1,False
4442,4443,Branch_5316,2517,2511,65.359477124183,1,False
4443,4444,Branch_5319,2515,2510,74.6268656716418,1,False
4444,4445,Branch_5320,2515,2520,56.78591709256104,1,False
4445,4446,Branch_5321,8804,9101,2000.0,1,False
4446,4447,Branch_5322,5780,8804,6.749460043196544,1,False
4447,4448,Branch_5323,8804,8896,86.20689655172414,1,True
4448,4449,Branch_5324,2319,2328,19.4325689856199,1,False
4449,4450,Branch_5325,383,384,4.784688995215311,1,False
4450,4451,Branch_5326,383,385,4.784688995215311,1,False
4451,4452,Branch_5328,6019,6392,17.83484929552345,1,False
4452,4453,Branch_5329,8160,8412,961.5384615384615,1,False
4453,4454,Branch_5331,2197,2419,2000.0,1,False
4454,4455,Branch_5332,1830,2197,9.05961224859576,1,False
4455,4456,Branch_5333,3675,4265,4.5004500450045,1,False
4456,4457,Branch_5334,219,218,7.693491306354824,1,False
4457,4458,Branch_5335,7821,8568,5.750100626760968,1,False
4458,4459,Branch_5336,1830,3420,8.161266628580755,1,False
4459,4460,Branch_5337,34,35,112.2334455667789,1,False
4460,4461,Branch_5338,34,219,1030.9278350515465,1,False
4461,4462,Branch_5339,35,36,862.0689655172414,1,False
4462,4463,Branch_5340,36,219,1030.9278350515465,1,False
4463,4464,Branch_5341,7794,8367,9.276437847866418,1,False
4464,4465,Branch_5342,7761,8367,12.244398187829068,1,False
4465,4466,Branch_5343,3230,3675,15.04664459825459,1,False
4466,4467,Branch_5344,7821,8460,40.14452027298274,1,False
4467,4468,Branch_5345,7759,8341,8.676036786395974,1,False
4468,4469,Branch_5346,7975,8341,47.37091425864519,1,False
4469,4470,Branch_5347,219,220,6.325510784995888,1,False
4470,4471,Branch_5348,6043,6289,934.5794392523364,1,False
4471,4472,Branch_5349,5790,6225,3.5655708478927477,1,False
4472,4473,Branch_5350,5791,6259,7.027900766041183,1,False
4473,4474,Branch_5351,3668,4946,185.5287569573284,1,False
4474,4475,Branch_5352,2751,4946,552.4861878453039,1,False
4475,4476,Branch_5353,2809,4946,2000.0,1,False
4476,4477,Branch_5354,2810,4946,2000.0,1,False
4477,4478,Branch_5355,5712,6155,34.48275862068966,1,False
4478,4479,Branch_5356,348,1095,393.7007874015748,1,False
4479,4480,Branch_5357,348,1585,401.6064257028112,1,False
4480,4481,Branch_5358,8033,8036,2000.0,1,False
4481,4482,Branch_5359,8036,8037,11.234692731153803,1,False
4482,4483,Branch_5360,7200,7270,74.57121551081282,1,False
4483,4484,Branch_5361,5243,5575,2000.0,1,False
4484,4485,Branch_5362,5575,5576,21.27659574468085,1,False
4485,4486,Branch_5363,5578,5579,49.14004914004914,1,False
4486,4487,Branch_5365,6496,6493,12.003360941063498,1,False
4487,4488,Branch_5366,6496,6494,11.14951499609767,1,False
4488,4489,Branch_5367,6496,6495,11.161960040183056,1,False
4489,4490,Branch_5368,5832,6129,200.8032128514056,1,False
4490,4491,Branch_5369,5751,5832,131.57894736842104,1,False
4491,4492,Branch_5370,6214,6496,65.14657980456026,1,False
4492,4493,Branch_5371,6201,6339,31.959092361776925,1,False
4493,4494,Branch_5372,5926,6339,15.441630636195182,1,False
4494,4495,Branch_5373,5665,5667,43.55400696864111,1,False
4495,4496,Branch_5374,5665,5668,40.58441558441559,1,False
4496,4497,Branch_5375,5663,5664,21.128248468201985,1,False
4497,4498,Branch_5376,5671,5672,38.46153846153846,1,False
4498,4499,Branch_5377,5667,5670,15.4273372415921,1,False
4499,4500,Branch_5378,5665,5669,10.25220422390814,1,False
4500,4501,Branch_5379,5668,5666,15.176809834572772,1,False
4501,4502,Branch_5380,8829,9080,6.2000124000248,1,False
4502,4503,Branch_5381,1214,1445,4.224221687154142,1,False
4503,4504,Branch_5382,649,1445,5.556481635828193,1,False
4504,4505,Branch_5383,6017,6018,2.9269720474169474,1,False
4505,4506,Branch_5387,6527,7383,2000.0,1,False
4506,4507,Branch_5388,6824,7383,137.5515818431912,1,False
4507,4508,Branch_5389,7775,8009,20.29220779220779,1,False
4508,4509,Branch_5390,6316,6320,65.359477124183,1,False
4509,4510,Branch_5391,6045,6239,591.7159763313609,1,False
4510,4511,Branch_5392,5701,6239,147.71048744460856,1,False
4511,4512,Branch_5393,5469,5487,26.72367717797969,1,False
4512,4513,Branch_5396,7783,8562,4.428697962798937,1,False
4513,4514,Branch_5398,6374,7093,7.687576875768758,1,False
4514,4515,Branch_5399,5951,6374,10.990218705352236,1,False
4515,4516,Branch_5400,5988,6375,272.47956403269757,1,False
4516,4517,Branch_5401,6375,6374,9.601536245799329,1,False
4517,4518,Branch_5402,6374,6386,207.4688796680498,1,False
4518,4519,Branch_5403,5195,5487,43.308791684712,1,False
4519,4520,Branch_5404,712,1684,6.8728522336769755,1,False
4520,4521,Branch_5408,1329,1568,30.38590094196293,1,False
4521,4522,Branch_5409,6573,6574,14.06271972999578,1,False
4522,4523,Branch_5410,6349,6348,10.165700925078784,1,False
4523,4524,Branch_5411,5901,6349,3.693716987404425,1,True
4524,4525,Branch_5412,6274,6348,22.716946842344388,1,False
4525,4526,Branch_5413,1328,1329,239.23444976076556,1,False
4526,4527,Branch_5414,7147,7155,1010.10101010101,1,False
4527,4528,Branch_5416,1262,1329,2000.0,1,False
4528,4529,Branch_5417,1783,2111,36.350418029807344,1,False
4529,4530,Branch_5418,7994,8011,46.08294930875576,1,False
4530,4531,Branch_5425,7847,7896,35.701535166012135,1,False
4531,4532,Branch_5426,7847,7953,79.6812749003984,1,False
4532,4533,Branch_5427,1293,1558,123.91573729863693,1,False
4533,4534,Branch_5428,274,546,43.95604395604395,1,False
4534,4535,Branch_5429,546,1331,7.8064012490242,1,False
4535,4536,Branch_5430,1678,1697,53.56186395286556,1,False
4536,4537,Branch_5431,820,1697,186.56716417910448,1,False
4537,4538,Branch_5432,354,351,27.75464890369137,1,False
4538,4539,Branch_5433,354,352,31.69572107765452,1,False
4539,4540,Branch_5434,354,353,39.77724741447892,1,False
4540,4541,Branch_5435,698,705,3.257328990228013,1,False
4541,4542,Branch_5436,698,706,3.257328990228013,1,False
4542,4543,Branch_5437,698,703,11.109876680368847,1,False
4543,4544,Branch_5438,698,704,11.109876680368847,1,False
4544,4545,Branch_5439,698,699,11.109876680368847,1,False
4545,4546,Branch_5440,698,700,11.109876680368847,1,False
4546,4547,Branch_5441,698,702,12.49843769528809,1,False
4547,4548,Branch_5442,698,701,12.49843769528809,1,False
4548,4549,Branch_5443,698,899,2000.0,1,False
4549,4550,Branch_5444,6226,6228,46.57661853749418,1,False
4550,4551,Branch_5445,6229,6228,-480.7692307692308,1,False
4551,4552,Branch_5446,6227,6228,8.85112409275978,1,False
4552,4553,Branch_5447,1146,1598,781.25,1,False
4553,4554,Branch_5448,1598,1601,16.854879487611665,1,False
4554,4555,Branch_5449,1598,1599,16.89189189189189,1,False
4555,4556,Branch_5450,1598,1600,16.854879487611665,1,False
4556,4557,Branch_5451,1145,1149,19.043991620643688,1,False
4557,4558,Branch_5452,1149,1400,157.48031496062993,1,False
4558,4559,Branch_5453,1149,1399,147.92899408284023,1,False
4559,4560,Branch_5454,1121,1146,662.2516556291391,1,False
4560,4561,Branch_5455,711,1146,117.23329425556858,1,False
4561,4562,Branch_5456,90,1149,42.69854824935952,1,False
4562,4563,Branch_5457,968,1147,45.8295142071494,1,False
4563,4564,Branch_5458,1148,1149,2000.0,1,False
4564,4565,Branch_5459,1147,1151,2000.0,1,False
4565,4566,Branch_5460,298,1146,217.3913043478261,1,False
4566,4567,Branch_5461,988,1149,50.787201625190455,1,False
4567,4568,Branch_5462,1147,1565,38.03727653100038,1,False
4568,4569,Branch_5463,1147,1406,81.03727714748784,1,False
4569,4570,Branch_5464,313,1147,31.545741324921135,1,False
4570,4571,Branch_5465,1145,1153,-186.21973929236495,1,False
4571,4572,Branch_5466,1159,1153,16.16553507921112,1,False
4572,4573,Branch_5467,1145,1154,-735.2941176470588,1,False
4573,4574,Branch_5468,1157,1154,7.389890629618682,1,False
4574,4575,Branch_5469,1147,1150,134.40860215053763,1,False
4575,4576,Branch_5470,1146,1150,86.13264427217915,1,False
4576,4577,Branch_5471,1158,1150,9.475080538184574,1,False
4577,4578,Branch_5472,1146,1153,31.142946122703208,1,False
4578,4579,Branch_5473,1146,1154,36.61662394727206,1,False
4579,4580,Branch_5474,1146,1155,55.00550055005501,1,False
4580,4581,Branch_5476,1149,1155,-401.6064257028112,1,False
4581,4582,Branch_5477,1156,1155,9.838646202282566,1,False
4582,4583,Branch_5478,1148,1144,84.67400508044031,1,False
4583,4584,Branch_5479,1151,1152,79.11392405063292,1,False
4584,4585,Branch_5480,1037,1039,2000.0,1,False
4585,4586,Branch_5481,1036,1038,2000.0,1,False
4586,4587,Branch_5482,1039,1223,96.61835748792272,1,False
4587,4588,Branch_5483,1036,1225,95.87727708533076,1,False
4588,4589,Branch_5484,8458,8456,14.76886722788362,1,False
4589,4590,Branch_5485,8458,8459,19.31620629708325,1,False
4590,4591,Branch_5486,8455,8457,19.31620629708325,1,False
4591,4592,Branch_5487,7596,7595,9.017132551848512,1,False
4592,4593,Branch_5488,489,528,303.030303030303,1,False
4593,4594,Branch_5489,5281,5535,2000.0,1,False
4594,4595,Branch_5490,1388,1389,179.85611510791367,1,False
4595,4596,Branch_5491,1388,1448,30.931023816888334,1,False
4596,4597,Branch_5492,1059,1388,140.8450704225352,1,False
4597,4598,Branch_5493,1386,1389,2000.0,1,False
4598,4599,Branch_5494,3052,3053,9.182736455463727,1,False
4599,4600,Branch_5496,3519,3521,46.23208506703652,1,False
4600,4601,Branch_5497,3520,3521,-462.962962962963,1,False
4601,4602,Branch_5498,3522,3521,8.935751943526048,1,False
4602,4603,Branch_5499,3436,4219,23.82654276864427,1,False
4603,4604,Branch_5500,4219,4264,27.277686852154936,1,False
4604,4605,Branch_5501,427,1400,57.142857142857146,1,False
4605,4606,Branch_5502,1397,1400,2000.0,1,False
4606,4607,Branch_5503,1398,1399,2000.0,1,False
4607,4608,Branch_5504,52,1399,74.29420505200595,1,False
4608,4609,Branch_5505,8107,8191,2000.0,1,False
4609,4610,Branch_5506,7933,8190,75.642965204236,1,False
4610,4611,Branch_5507,8190,8191,2000.0,1,False
4611,4612,Branch_5508,8190,8192,2000.0,1,False
4612,4613,Branch_5509,5688,5855,68.02721088435374,1,False
4613,4614,Branch_5510,5750,5855,18.542555164101618,1,False
4614,4615,Branch_5511,2679,4569,92.5925925925926,1,False
4615,4616,Branch_5512,7418,7496,271.00271002710025,1,False
4616,4617,Branch_5513,7418,7496,271.00271002710025,1,False
4617,4618,Branch_5516,5580,5581,136.23978201634878,1,False
4618,4619,Branch_5517,5933,5935,9.601536245799329,1,False
4619,4620,Branch_5518,5920,5933,5.318017443097213,1,False
4620,4621,Branch_5519,5935,5944,8.285690612312536,1,False
4621,4622,Branch_5520,5783,5934,192.67822736030828,1,False
4622,4623,Branch_5521,5846,5933,13.88888888888889,1,False
4623,4624,Branch_5522,5580,5593,16.672224074691563,1,False
4624,4625,Branch_5523,7971,7970,13.415615776764154,1,False
4625,4626,Branch_5524,7964,7971,32.02049311559398,1,False
4626,4627,Branch_5525,3241,4569,35.22367030644593,1,False
4627,4628,Branch_5526,8597,8594,5.555246930726071,1,False
4628,4629,Branch_5527,431,860,290.69767441860466,1,False
4629,4630,Branch_5528,7755,8593,43.61098996947231,1,False
4630,4631,Branch_5529,8595,8610,24.437927663734115,1,False
4631,4632,Branch_5530,8595,8596,2000.0,1,False
4632,4633,Branch_5531,8593,8596,2000.0,1,False
4633,4634,Branch_5532,859,860,2000.0,1,False
4634,4635,Branch_5533,859,884,24.467824810374356,1,False
4635,4636,Branch_5534,8065,8068,24.515812699190977,1,False
4636,4637,Branch_5535,7832,8066,151.74515563952582,1,False
4637,4638,Branch_5536,7832,8066,151.74515563952582,1,False
4638,4639,Branch_5538,8065,8066,2000.0,1,False
4639,4640,Branch_5539,8066,8314,135.68521031207598,1,False
4640,4641,Branch_5544,8595,8597,303.030303030303,1,False
4641,4642,Branch_5545,867,1110,62.18905472636816,1,False
4642,4643,Branch_5546,867,1109,62.11180124223603,1,False
4643,4644,Branch_5547,867,902,93.45794392523364,1,False
4644,4645,Branch_5548,1617,1619,135.40961408259986,1,False
4645,4646,Branch_5549,1617,1619,135.40961408259986,1,False
4646,4647,Branch_5550,6366,6367,10.877841836179702,1,False
4647,4648,Branch_5551,6368,6367,6.356874960269532,1,False
4648,4649,Branch_5552,6365,6367,-117.6470588235294,1,True
4649,4650,Branch_5553,6363,6366,148.3679525222552,1,False
4650,4651,Branch_5554,3382,4699,321.54340836012864,1,False
4651,4652,Branch_5555,1218,1263,390.625,1,False
4652,4653,Branch_5556,1221,1263,442.4778761061947,1,False
4653,4654,Branch_5557,229,1402,155.27950310559007,1,False
4654,4655,Branch_5558,5829,5828,7.979572294924992,1,False
4655,4656,Branch_5559,1020,1402,1960.7843137254904,1,False
4656,4657,Branch_5560,1430,1431,120.1923076923077,1,False
4657,4658,Branch_5561,655,1429,164.74464579901152,1,False
4658,4659,Branch_5562,27,1431,70.52186177715092,1,False
4659,4660,Branch_5563,1431,1550,2000.0,1,False
4660,4661,Branch_5564,1032,1430,100.70493454179255,1,False
4661,4662,Branch_5565,1427,1430,227.27272727272728,1,False
4662,4663,Branch_5566,1428,1429,118.48341232227487,1,False
4663,4664,Branch_5567,832,1429,78.06401249024199,1,False
4664,4665,Branch_5568,8724,8976,490.19607843137254,1,False
4665,4666,Branch_5569,8976,9046,60.64281382656155,1,False
4666,4667,Branch_5570,8977,9084,114.5475372279496,1,False
4667,4668,Branch_5571,593,1424,34.89183531053733,1,False
4668,4669,Branch_5572,326,593,39.32363350373574,1,False
4669,4670,Branch_5573,8208,8207,18.005041411595247,1,False
4670,4671,Branch_5574,8202,8208,23.512814483893724,1,False
4671,4672,Branch_5575,7684,7685,2.6250853152727465,1,False
4672,4673,Branch_5576,7683,7685,2.6250853152727465,1,False
4673,4674,Branch_5577,3812,4145,2000.0,1,False
4674,4675,Branch_5578,389,387,4.784688995215311,1,False
4675,4676,Branch_5579,389,388,4.784688995215311,1,False
4676,4677,Branch_5581,8537,8563,90.99181073703366,1,False
4677,4678,Branch_5582,7732,8563,164.47368421052633,1,False
4678,4679,Branch_5583,8428,8563,146.41288433382138,1,False
4679,4680,Branch_5584,8089,8136,9.231053263177328,1,False
4680,4681,Branch_5585,7811,8136,9.46521533364884,1,False
4681,4682,Branch_5586,8479,8510,2.0071857248951246,1,False
4682,4683,Branch_5587,7762,8479,6.6862797539449055,1,False
4683,4684,Branch_5588,8242,8283,15.8052789631737,1,False
4684,4685,Branch_5589,8242,8430,26.867275658248253,1,False
4685,4686,Branch_5590,7972,8350,3.5123458958238207,1,False
4686,4687,Branch_5591,7899,8544,14.602803738317755,1,False
4687,4688,Branch_5592,8544,8545,2000.0,1,False
4688,4689,Branch_5593,7836,8350,4.750593824228028,1,False
4689,4690,Branch_5594,7776,7897,3.684598378776714,1,False
4690,4691,Branch_5595,298,1121,317.46031746031747,1,False
4691,4692,Branch_5596,929,1468,2000.0,1,False
4692,4693,Branch_5597,1465,1490,2000.0,1,False
4693,4694,Branch_5598,1466,1490,2000.0,1,False
4694,4695,Branch_5599,8030,8105,423.728813559322,1,False
4695,4696,Branch_5600,8030,8105,423.728813559322,1,False
4696,4697,Branch_5601,6861,7056,14.259232853272492,1,False
4697,4698,Branch_5602,6839,7056,11.705489874751258,1,False
4698,4699,Branch_5603,6922,7056,21.308331557639036,1,False
4699,4700,Branch_5604,6861,6862,53.763440860215056,1,False
4700,4701,Branch_5605,6674,6862,2000.0,1,False
4701,4702,Branch_5606,8739,8788,500.0,1,False
4702,4703,Branch_5607,1465,1463,16.764459346186086,1,False
4703,4704,Branch_5608,1468,1467,14.398848092152628,1,False
4704,4705,Branch_5609,1468,1469,16.669444907484582,1,False
4705,4706,Branch_5610,1466,1464,17.540782318891424,1,False
4706,4707,Branch_5611,8794,8910,4.2426813746287655,1,False
4707,4708,Branch_5612,8864,8910,4.8503662026483,1,False
4708,4709,Branch_5613,8724,8728,7.389890629618682,1,False
4709,4710,Branch_5617,6934,6993,6.92952671332548,1,False
4710,4711,Branch_5618,6808,6993,9.119095385737737,1,False
4711,4712,Branch_5619,2825,4854,2000.0,1,False
4712,4713,Branch_5620,2825,2826,8.11886011204027,1,False
4713,4714,Branch_5621,2869,4533,67.02412868632707,1,False
4714,4715,Branch_5622,3134,3298,47.641734159123395,1,False
4715,4716,Branch_5623,8732,8794,64.9772579597141,1,False
4716,4717,Branch_5624,8758,8794,14.9902563333833,1,False
4717,4718,Branch_5625,9425,9449,2000.0,1,False
4718,4719,Branch_5626,882,931,119.33174224343676,1,False
4719,4720,Branch_5627,9046,9084,78.67820613690007,1,False
4720,4721,Branch_5628,8771,9047,7.820442637053257,1,False
4721,4722,Branch_5629,9047,9049,8.114248620577735,1,False
4722,4723,Branch_5630,9046,9049,-53.908355795148246,1,False
4723,4724,Branch_5631,9048,9049,0.6642355645005945,1,False
4724,4725,Branch_5632,2366,7776,7.0298769771529,1,False
4725,4726,Branch_5633,2366,2365,17.117425539198905,1,False
4726,4727,Branch_5634,1649,2365,7.036802476954472,1,False
4727,4728,Branch_5635,713,1363,21.891418563922944,1,False
4728,4729,Branch_5636,1063,1363,95.32888465204957,1,False
4729,4730,Branch_5637,6192,6197,152.67175572519085,1,False
4730,4731,Branch_5638,5889,6197,2000.0,1,False
4731,4732,Branch_5639,389,1675,33.818058843422385,1,False
4732,4733,Branch_5640,3298,4257,2000.0,1,False
4733,4734,Branch_5641,389,523,1282.051282051282,1,False
4734,4735,Branch_5642,8157,8183,2000.0,1,False
4735,4736,Branch_5643,6049,6316,65.359477124183,1,False
4736,4737,Branch_5644,5911,6316,9.904912836767036,1,False
4737,4738,Branch_5645,2672,3538,21.14611968703743,1,False
4738,4739,Branch_5646,7800,8455,1000.0,1,False
4739,4740,Branch_5647,7800,8458,1000.0,1,False
4740,4741,Branch_5648,8349,8421,52.21932114882507,1,False
4741,4742,Branch_5649,8349,8478,69.39625260235947,1,False
4742,4743,Branch_5650,419,420,4.784688995215311,1,False
4743,4744,Branch_5651,419,421,4.784688995215311,1,False
4744,4745,Branch_5652,419,428,2000.0,1,False
4745,4746,Branch_5653,428,801,2000.0,1,False
4746,4747,Branch_5654,967,1581,90.57971014492752,1,False
4747,4748,Branch_5655,475,967,116.55011655011656,1,False
4748,4749,Branch_5659,1913,2643,220.26431718061673,1,False
4749,4750,Branch_5660,1843,1948,3715.170278637771,1,False
4750,4751,Branch_5661,1843,1948,3715.170278637771,1,False
4751,4752,Branch_5662,1843,2555,52.35602094240838,1,False
4752,4753,Branch_5663,2088,2164,175.13134851138355,1,False
4753,4754,Branch_5664,1859,2023,406.21236865112746,1,False
4754,4755,Branch_5665,1747,2201,152.20700152207002,1,False
4755,4756,Branch_5666,1827,2555,38.255547054322875,1,False
4756,4757,Branch_5667,1939,2463,389.10505836575874,1,False
4757,4758,Branch_5668,2152,2343,127.8772378516624,1,False
4758,4759,Branch_5669,1939,2231,88.41732979664015,1,False
4759,4760,Branch_5670,2059,2136,113.63636363636364,1,False
4760,4761,Branch_5671,1998,2183,91.99632014719413,1,False
4761,4762,Branch_5672,1902,2006,628.930817610063,1,False
4762,4763,Branch_5673,1815,2463,446.42857142857144,1,False
4763,4764,Branch_5674,1948,2360,66.13756613756614,1,False
4764,4765,Branch_5675,2369,2555,64.59948320413437,1,False
4765,4766,Branch_5676,1784,1859,84.60236886632826,1,False
4766,4767,Branch_5677,2415,2643,57.24098454493417,1,False
4767,4768,Branch_5678,2452,2608,105.70824524312896,1,False
4768,4769,Branch_5679,2418,2643,128.2051282051282,1,False
4769,4770,Branch_5683,1813,2024,122.39902080783354,1,False
4770,4771,Branch_5684,2280,2447,80.0640512409928,1,False
4771,4772,Branch_5685,2138,2543,194.9317738791423,1,False
4772,4773,Branch_5686,648,2138,28.58776443682104,1,False
4773,4774,Branch_5687,214,648,202.09463949072148,1,False
4774,4775,Branch_5688,1813,2368,101.7293997965412,1,False
4775,4776,Branch_5689,1813,2093,53.36179295624333,1,False
4776,4777,Branch_5690,2093,2423,106.6098081023454,1,False
4777,4778,Branch_5691,2024,2368,568.1818181818181,1,False
4778,4779,Branch_5692,1813,2423,102.24948875255625,1,False
4779,4780,Branch_5693,2138,2447,78.43137254901961,1,False
4780,4781,Branch_5694,2447,2450,2000.0,1,False
4781,4782,Branch_5695,1964,2592,38.24091778202677,1,False
4782,4783,Branch_5696,1828,2305,17.765144785930005,1,False
4783,4784,Branch_5697,1964,2305,50.89058524173028,1,False
4784,4785,Branch_5698,1831,2101,48.07692307692308,1,False
4785,4786,Branch_5699,1999,2042,36.3901018922853,1,False
4786,4787,Branch_5700,2042,2101,30.91190108191654,1,False
4787,4788,Branch_5701,1831,1964,59.665871121718375,1,False
4788,4789,Branch_5702,1938,2586,28.71912693854107,1,False
4789,4790,Branch_5703,1803,2586,33.266799733865604,1,False
4790,4791,Branch_5704,1803,2042,18.744142455482663,1,False
4791,4792,Branch_5705,1938,2042,294.11764705882354,1,False
4792,4793,Branch_5706,1859,2555,81.03727714748784,1,False
4793,4794,Branch_5707,1827,2023,194.83724020119578,1,False
4794,4795,Branch_5708,1859,2023,406.21236865112746,1,False
4795,4796,Branch_5709,1827,1993,178.89087656529517,1,False
4796,4797,Branch_5710,1993,2014,171.52658662092625,1,False
4797,4798,Branch_5711,1827,2023,194.83724020119578,1,False
4798,4799,Branch_5712,1989,2555,88.41732979664015,1,False
4799,4800,Branch_5713,1989,1998,157.23270440251574,1,False
4800,4801,Branch_5714,1998,2198,147.05882352941177,1,False
4801,4802,Branch_5715,1915,2159,243.30900243309003,1,False
4802,4803,Branch_5716,2288,2590,169.20473773265653,1,False
4803,4804,Branch_5717,1910,2143,163.1321370309951,1,True
4804,4805,Branch_5718,2143,2590,63.73486297004462,1,False
4805,4806,Branch_5719,2198,2555,106.49627263045794,1,False
4806,4807,Branch_5720,1899,2200,76.21951219512195,1,False
4807,4808,Branch_5721,2200,2608,132.4503311258278,1,False
4808,4809,Branch_5722,2025,2369,96.52509652509652,1,False
4809,4810,Branch_5723,2025,2347,225.2252252252252,1,False
4810,4811,Branch_5724,2059,2636,127.8772378516624,1,False
4811,4812,Branch_5725,1948,2555,52.32862375719519,1,False
4812,4813,Branch_5726,2253,2568,60.16847172081829,1,False
4813,4814,Branch_5727,1891,2253,300.07518763140956,1,False
4814,4815,Branch_5728,1891,2253,300.07518763140956,1,False
4815,4816,Branch_5729,2006,2616,71.99424046076314,1,False
4816,4817,Branch_5730,1891,2616,92.33610341643583,1,False
4817,4818,Branch_5731,2602,2635,90.82652134423252,1,False
4818,4819,Branch_5732,1800,2616,89.92805755395683,1,False
4819,4820,Branch_5733,1800,2112,63.69426751592356,1,False
4820,4821,Branch_5734,1827,2012,121.50668286755771,1,False
4821,4822,Branch_5735,1915,2635,130.54830287206266,1,False
4822,4823,Branch_5736,2012,2553,162.33766233766235,1,False
4823,4824,Branch_5737,2152,2553,149.7005988023952,1,False
4824,4825,Branch_5738,1998,2343,158.7301587301587,1,False
4825,4826,Branch_5739,1915,1993,303.951367781155,1,False
4826,4827,Branch_5740,1915,2609,63.73486297004462,1,False
4827,4828,Branch_5741,1993,2609,68.7757909215956,1,False
4828,4829,Branch_5742,2159,2288,218.34061135371175,1,False
4829,4830,Branch_5743,2283,2568,33.00330033003301,1,False
4830,4831,Branch_5744,2136,2568,128.8659793814433,1,False
4831,4832,Branch_5745,2164,2231,423.728813559322,1,False
4832,4833,Branch_5746,1998,2164,82.50825082508251,1,False
4833,4834,Branch_5747,1948,2568,66.18133686300463,1,False
4834,4835,Branch_5748,2059,2253,82.57638315441784,1,False
4835,4836,Branch_5749,2201,2609,106.49627263045794,1,False
4836,4837,Branch_5750,1747,2418,61.72839506172839,1,False
4837,4838,Branch_5751,2360,2596,70.62146892655367,1,False
4838,4839,Branch_5752,2253,2596,27.677830058123444,1,False
4839,4840,Branch_5753,1814,2112,96.61835748792272,1,False
4840,4841,Branch_5754,1899,1902,427.35042735042737,1,False
4841,4842,Branch_5755,1815,2636,159.4896331738437,1,False
4842,4843,Branch_5756,1827,1913,131.4060446780552,1,False
4843,4844,Branch_5757,1784,2025,39.65107057890563,1,False
4844,4845,Branch_5759,2369,2643,21.281123643328367,1,False
4845,4846,Branch_5761,1827,2014,115.74074074074076,1,False
4846,4847,Branch_5762,1815,2107,94.42870632672332,1,False
4847,4848,Branch_5763,2014,2590,67.24949562878278,1,False
4848,4849,Branch_5764,2107,2590,193.4235976789168,1,False
4849,4850,Branch_5765,1815,2158,95.32888465204957,1,False
4850,4851,Branch_5767,1814,1915,52.493438320209975,1,False
4851,4852,Branch_5768,1910,2158,840.3361344537815,1,False
4852,4853,Branch_5769,1814,2602,48.97159647404506,1,False
4853,4854,Branch_5770,2253,2608,116.95906432748538,1,False
4854,4855,Branch_5771,2283,2452,27.716186252771617,1,False
4855,4856,Branch_5772,1948,2183,97.5609756097561,1,False
4856,4857,Branch_5773,1162,1164,214.13276231263384,1,False
4857,4858,Branch_5774,1160,1165,214.13276231263384,1,False
4858,4859,Branch_5775,938,1162,186.56716417910448,1,False
4859,4860,Branch_5776,939,1160,135.68521031207598,1,False
4860,4861,Branch_5777,1164,1362,374.53183520599254,1,False
4861,4862,Branch_5778,1165,1361,374.53183520599254,1,False
4862,4863,Branch_5779,766,1162,111.60714285714286,1,False
4863,4864,Branch_5780,768,1160,83.33333333333333,1,False
4864,4865,Branch_5781,1161,1164,404.8582995951417,1,False
4865,4866,Branch_5782,1163,1165,404.8582995951417,1,False
4866,4867,Branch_5784,8412,8537,42.05214465937763,1,False
4867,4868,Branch_5785,8790,8918,4.964010920824026,1,False
4868,4869,Branch_5786,8738,8790,5.17437648763324,1,False
4869,4870,Branch_5787,8790,9100,6.980802792321117,1,False
4870,4871,Branch_5788,6327,6331,16.611295681063122,1,False
4871,4872,Branch_5789,6328,6331,-172.1170395869191,1,False
4872,4873,Branch_5790,6330,6331,8.981498113885396,1,False
4873,4874,Branch_5791,6327,6333,16.611295681063122,1,False
4874,4875,Branch_5792,6329,6333,-172.1170395869191,1,False
4875,4876,Branch_5793,6332,6333,8.981498113885396,1,False
4876,4877,Branch_5795,6327,6430,45.433893684688776,1,False
4877,4878,Branch_5796,6213,6327,212.0890774125133,1,False
4878,4879,Branch_5797,6213,6327,212.0890774125133,1,False
4879,4880,Branch_5798,4842,6327,26.79528403001072,1,False
4880,4881,Branch_5799,9110,9136,54.43658138268917,1,False
4881,4882,Branch_5802,6262,9111,52.46589716684155,1,False
4882,4883,Branch_5803,6264,9111,52.35602094240838,1,False
4883,4884,Branch_5804,9110,9421,149.2537313432836,1,False
4884,4885,Branch_5806,9110,9111,4000.0,1,False
4885,4886,Branch_5807,4842,9111,122.54901960784314,1,False
4886,4887,Branch_5808,4842,9111,122.54901960784314,1,False
4887,4888,Branch_5809,2245,2248,26.041666666666668,1,False
4888,4889,Branch_5810,2244,2248,-301.2048192771084,1,False
4889,4890,Branch_5811,2249,2248,6.614194060453734,1,False
4890,4891,Branch_5812,2245,2246,316.45569620253167,1,False
4891,4892,Branch_5813,2244,2246,36.46973012399708,1,False
4892,4893,Branch_5814,2247,2246,4.188306248952923,1,False
4893,4894,Branch_5815,2245,2648,747.6661635642015,1,False
4894,4895,Branch_5816,2245,2648,747.6661635642015,1,False
4895,4896,Branch_5817,9110,9111,4000.0,1,False
4896,4897,Branch_5818,275,677,17.88908765652952,1,False
4897,4898,Branch_5820,5891,5981,21.81500872600349,1,False
4898,4899,Branch_5821,5891,6364,2.1577766269635767,1,False
4899,4900,Branch_5822,3810,4418,60.56935190793458,1,False
4900,4901,Branch_5823,3089,4418,5.675368898978434,1,False
4901,4902,Branch_5824,3759,4150,9.619084263178143,1,False
4902,4903,Branch_5825,4151,4149,7.336757153338224,1,False
4903,4904,Branch_5826,4150,4149,7.704160246533128,1,False
4904,4905,Branch_5827,2992,4418,49.26108374384236,1,False
4905,4906,Branch_5828,3559,4740,2000.0,1,False
4906,4907,Branch_5829,199,275,3.9556962025316458,1,False
4907,4908,Branch_5830,221,275,40.74979625101874,1,False
4908,4909,Branch_5831,1229,1745,2000.0,1,False
4909,4910,Branch_5832,7837,8168,88.02816901408451,1,False
4910,4911,Branch_5833,1745,1743,7.831466833737959,1,False
4911,4912,Branch_5834,1745,1744,7.831466833737959,1,False
4912,4913,Branch_5835,5011,5014,43.2152117545376,1,False
4913,4914,Branch_5836,1264,1273,19.047619047619047,1,False
4914,4915,Branch_5837,1264,1265,38.095238095238095,1,False
4915,4916,Branch_5838,1264,1265,38.095238095238095,1,False
4916,4917,Branch_5839,2959,2960,2000.0,1,False
4917,4918,Branch_5840,2960,2961,2000.0,1,False
4918,4919,Branch_5841,3172,4824,746.2686567164179,1,False
4919,4920,Branch_5842,3206,3657,13.365410318096766,1,False
4920,4921,Branch_5843,4633,4824,6.188501763723003,1,False
4921,4922,Branch_5844,3206,5683,22.007042253521128,1,False
4922,4923,Branch_5845,3206,4824,13.5080372821829,1,False
4923,4924,Branch_5846,1568,1570,-166.11295681063123,1,False
4924,4925,Branch_5847,1569,1570,23.250406882120437,1,False
4925,4926,Branch_5848,1571,1570,5.9315499139925265,1,False
4926,4927,Branch_5850,1359,1568,14.19244961680386,1,False
4927,4928,Branch_5851,1569,1711,613.4969325153374,1,False
4928,4929,Branch_5852,994,1569,105.26315789473684,1,False
4929,4930,Branch_5854,4974,4977,46.08294930875576,1,False
4930,4931,Branch_5855,4975,4977,-432.9004329004329,1,False
4931,4932,Branch_5856,4976,4977,8.977466558937069,1,False
4932,4933,Branch_5858,8278,8323,2000.0,1,False
4933,4934,Branch_5859,8277,8323,2000.0,1,False
4934,4935,Branch_5860,3745,3748,74.12898443291327,1,False
4935,4936,Branch_5861,3746,3748,66.3129973474801,1,False
4936,4937,Branch_5862,3747,3748,5.213492518638236,1,False
4937,4938,Branch_5865,6553,7213,53.27650506126798,1,False
4938,4939,Branch_5866,3210,3211,11.682242990654206,1,False
4939,4940,Branch_5870,3210,3213,11.961722488038278,1,False
4940,4941,Branch_5871,4094,4095,46.55493482309125,1,False
4941,4942,Branch_5872,4096,4095,-471.6981132075472,1,False
4942,4943,Branch_5873,4097,4095,9.306654257794325,1,False
4943,4944,Branch_5874,4094,4099,45.97701149425287,1,False
4944,4945,Branch_5875,4101,4099,-444.44444444444446,1,False
4945,4946,Branch_5876,4100,4099,8.981498113885396,1,False
4946,4947,Branch_5877,4101,4102,95.23809523809524,1,False
4947,4948,Branch_5879,426,1714,2000.0,1,False
4948,4949,Branch_5880,4352,4356,92.16589861751152,1,False
4949,4950,Branch_5881,4354,4356,252.5252525252525,1,False
4950,4951,Branch_5882,4360,4356,13.424620754463689,1,False
4951,4952,Branch_5883,4352,4357,92.16589861751152,1,False
4952,4953,Branch_5884,4353,4357,252.5252525252525,1,False
4953,4954,Branch_5885,4359,4357,13.424620754463689,1,False
4954,4955,Branch_5886,4353,4361,95.23809523809524,1,False
4955,4956,Branch_5887,4354,4362,95.23809523809524,1,False
4956,4957,Branch_5888,4355,4362,95.23809523809524,1,False
4957,4958,Branch_5889,4358,4361,95.23809523809524,1,False
4958,4959,Branch_5890,2900,5075,584.7953216374269,1,False
4959,4960,Branch_5891,3891,4811,555.5555555555555,1,False
4960,4961,Branch_5892,3064,4810,122.54901960784314,1,False
4961,4962,Branch_5893,8339,8561,6.323110970597534,1,False
4962,4963,Branch_5894,3181,4423,81.9000819000819,1,False
4963,4964,Branch_5895,3278,4371,97.0873786407767,1,False
4964,4965,Branch_5896,3118,4371,133.6898395721925,1,False
4965,4966,Branch_5897,9283,9284,14.84560570071259,1,False
4966,4967,Branch_5898,9282,9283,413.22314049586777,1,False
4967,4968,Branch_5899,758,916,120.33694344163658,1,False
4968,4969,Branch_5900,7015,7101,4.665920119447555,1,False
4969,4970,Branch_5901,5588,5589,25.926886180969664,1,False
4970,4971,Branch_5902,1296,1297,50.200803212851405,1,False
4971,4972,Branch_5903,5800,5866,32.24766204450177,1,False
4972,4973,Branch_5904,5800,6311,704.2253521126761,1,False
4973,4974,Branch_5905,5804,5989,11.016855789357717,1,False
4974,4975,Branch_5906,5989,6248,82.16926869350863,1,False
4975,4976,Branch_5907,5989,6109,45.08566275924256,1,False
4976,4977,Branch_5908,8551,8554,82.78145695364239,1,False
4977,4978,Branch_5909,8548,8554,109.40919037199124,1,False
4978,4979,Branch_5910,8549,8554,5.81767409389726,1,False
4979,4980,Branch_5911,8551,8552,41.78854993731718,1,False
4980,4981,Branch_5912,8548,8552,-552.4861878453039,1,False
4981,4982,Branch_5913,8550,8552,6.17093489663684,1,False
4982,4983,Branch_5914,8116,8548,7.247952453431905,1,False
4983,4984,Branch_5915,8555,8553,78.43137254901961,1,False
4984,4985,Branch_5916,8176,8551,40.91653027823241,1,False
4985,4986,Branch_5918,8114,8548,16.49620587264929,1,False
4986,4987,Branch_5919,801,8548,33.972413777194944,1,False
4987,4988,Branch_5920,801,8548,33.972413777194944,1,False
4988,4989,Branch_5921,5804,6232,19.569471624266143,1,False
4989,4990,Branch_5922,5804,6233,35.637918745545264,1,False
4990,4991,Branch_5923,5861,5942,18.99335232668566,1,False
4991,4992,Branch_5924,5942,6110,9.3905531035778,1,False
4992,4993,Branch_5925,4262,4683,95.51098376313276,1,False
4993,4994,Branch_5926,2788,4365,43.40277777777778,1,False
4994,4995,Branch_5927,4314,4683,64.55777921239509,1,False
4995,4996,Branch_5928,8548,8555,71.42857142857143,1,False
4996,4997,Branch_5929,9181,9185,2000.0,1,False
4997,4998,Branch_5930,3850,4819,2000.0,1,False
4998,4999,Branch_5932,5717,7264,4.901720503896867,1,False
4999,5000,Branch_5933,5714,5717,12.706480304955528,1,False
5000,5001,Branch_5934,2831,3223,48.16955684007707,1,False
5001,5002,Branch_5935,2831,4702,2.505888838771112,1,False
5002,5003,Branch_5937,5909,6055,3.673499375505106,1,False
5003,5004,Branch_5939,5806,6055,20.859407592824365,1,False
5004,5005,Branch_5941,6056,6311,2000.0,1,False
5005,5006,Branch_5942,6055,6310,396.8253968253968,1,False
5006,5007,Branch_5943,6055,6074,9.659036028204383,1,False
5007,5008,Branch_5944,5718,6055,69.58942240779402,1,False
5008,5009,Branch_5945,6055,6164,10.163634515702816,1,False
5009,5010,Branch_5946,6055,6142,17.307026652821044,1,False
5010,5011,Branch_5947,9370,9371,9.104151493080844,1,False
5011,5012,Branch_5948,884,1572,2000.0,1,False
5012,5013,Branch_5949,7635,7636,46.27487274409995,1,False
5013,5014,Branch_5950,7637,7636,-460.8294930875576,1,False
5014,5015,Branch_5951,7638,7636,9.042408897730356,1,False
5015,5016,Branch_5952,7635,7639,46.57661853749418,1,False
5016,5017,Branch_5953,7637,7639,-478.4688995215311,1,False
5017,5018,Branch_5954,7640,7639,8.995232526760816,1,False
5018,5019,Branch_5955,3901,4487,144.3001443001443,1,False
5019,5020,Branch_5956,2811,3901,26.427061310782243,1,False
5020,5021,Branch_5957,2750,4862,203.66598778004072,1,False
5021,5022,Branch_5958,2823,4862,115.2073732718894,1,False
5022,5023,Branch_5959,2748,4862,185.5287569573284,1,False
5023,5024,Branch_5960,4862,4882,254.4529262086514,1,False
5024,5025,Branch_5961,3377,4405,2000.0,1,False
5025,5026,Branch_5962,2910,2911,21.04151190169869,1,False
5026,5027,Branch_5963,2910,2911,21.04151190169869,1,False
5027,5028,Branch_5964,2904,2910,2000.0,1,False
5028,5029,Branch_5966,8237,8238,14.070634585619812,1,False
5029,5030,Branch_5968,7832,8237,512.8205128205128,1,False
5030,5031,Branch_5971,1520,1713,21.67786689789725,1,False
5031,5032,Branch_5972,200,417,18.65671641791045,1,False
5032,5033,Branch_5973,417,1074,36.8052999631947,1,False
5033,5034,Branch_5974,5960,5956,4.971908715755979,1,False
5034,5035,Branch_5975,5956,5958,2.2485047443450106,1,False
5035,5036,Branch_5976,5956,5957,2.2365360529611737,1,False
5036,5037,Branch_5977,5956,5959,2.2355860588853367,1,False
5037,5038,Branch_5978,6909,7264,36.98224852071006,1,False
5038,5039,Branch_5979,7264,7286,2000.0,1,False
5039,5040,Branch_5980,7763,8494,5.476151360823613,1,False
5040,5041,Branch_5981,8494,8657,4.798464491362764,1,False
5041,5042,Branch_5983,3043,4599,24.648755237860488,1,False
5042,5043,Branch_5984,3042,4174,9.276437847866418,1,False
5043,5044,Branch_5985,4492,4609,27.63957987838585,1,False
5044,5045,Branch_5986,9204,9242,2000.0,1,False
5045,5046,Branch_5987,9242,9243,11.755025273304335,1,False
5046,5047,Branch_5988,9118,9125,46.860356138706656,1,False
5047,5048,Branch_5989,9118,9125,46.860356138706656,1,False
5048,5049,Branch_5991,7966,7969,9.063717937097795,1,False
5049,5050,Branch_5992,7922,7923,17.31301939058172,1,False
5050,5051,Branch_5993,7923,8407,57.90387955993051,1,False
5051,5052,Branch_5994,7923,8006,57.90387955993051,1,False
5052,5053,Branch_5995,8005,8407,102.880658436214,1,False
5053,5054,Branch_5996,3695,9093,11.971746677840295,1,False
5054,5055,Branch_5997,7922,8454,3.497726477789437,1,False
5055,5056,Branch_5998,7958,7966,2000.0,1,False
5056,5057,Branch_5999,9118,9295,103.41261633919338,1,False
5057,5058,Branch_6000,9135,9295,98.23182711198427,1,False
5058,5059,Branch_6001,9295,9296,2000.0,1,False
5059,5060,Branch_6002,9295,9303,526.3157894736842,1,False
5060,5061,Branch_6003,6129,6301,27.15915263443781,1,False
5061,5062,Branch_6005,7853,8542,6.522306287503262,1,False
5062,5063,Branch_6008,8106,8542,3.3333333333333335,1,False
5063,5064,Branch_6010,7979,8542,3.437371098583803,1,False
5064,5065,Branch_6011,7203,7204,20.955574182732608,1,False
5065,5066,Branch_6012,7204,7228,37.96507213363705,1,False
5066,5067,Branch_6013,6345,6421,253.80710659898477,1,False
5067,5068,Branch_6014,6421,6419,10.422094841063052,1,False
5068,5069,Branch_6015,6421,6420,10.469011725293132,1,False
5069,5070,Branch_6016,7884,8573,6.541933795629988,1,False
5070,5071,Branch_6017,34,1554,363.6363636363636,1,False
5071,5072,Branch_6018,1076,1554,43.95604395604395,1,False
5072,5073,Branch_6019,3460,4405,43.7636761487965,1,False
5073,5074,Branch_6020,3068,3066,112.0460838952115,1,False
5074,5075,Branch_6021,3068,3066,112.0460838952115,1,False
5075,5076,Branch_6022,3068,3065,111.66945840312674,1,False
5076,5077,Branch_6023,3068,3065,111.66945840312674,1,False
5077,5078,Branch_6024,7835,8603,112.10762331838563,1,False
5078,5079,Branch_6025,2977,4374,2000.0,1,True
5079,5080,Branch_6026,8177,8186,293.2551319648094,1,False
5080,5081,Branch_6027,8186,8185,14.35544071202986,1,False
5081,5082,Branch_6028,7009,7008,9.389671361502348,1,False
5082,5083,Branch_6029,6527,7146,819.672131147541,1,False
5083,5084,Branch_6030,6850,7048,2000.0,1,False
5084,5085,Branch_6031,7047,7048,16.118633139909736,1,False
5085,5086,Branch_6032,7047,7394,63.13131313131313,1,False
5086,5087,Branch_6033,6960,7047,29.15451895043732,1,False
5087,5088,Branch_6034,625,624,11.263798152737102,1,False
5088,5089,Branch_6035,3134,3156,24.354603019970774,1,False
5089,5090,Branch_6036,94,1682,66.40106241699867,1,False
5090,5091,Branch_6037,92,993,96.7117988394584,1,False
5091,5092,Branch_6038,92,189,39.8247710075667,1,False
5092,5093,Branch_6039,94,189,40.38772213247173,1,False
5093,5094,Branch_6040,93,94,1960.7843137254904,1,False
5094,5095,Branch_6041,3930,3929,55.814644603930184,1,False
5095,5096,Branch_6042,3930,3929,55.814644603930184,1,False
5096,5097,Branch_6043,3929,4041,32.25806451612903,1,False
5097,5098,Branch_6044,3929,4698,51.15089514066496,1,False
5098,5099,Branch_6045,7322,7614,304.8780487804878,1,False
5099,5100,Branch_6046,6517,7614,119.18951132300356,1,False
5100,5101,Branch_6047,8336,8377,8.982304859426929,1,False
5101,5102,Branch_6048,5623,5622,9.991008092716555,1,False
5102,5103,Branch_6049,5621,5622,11.914690813773383,1,False
5103,5104,Branch_6050,5624,5622,8.975854950184004,1,False
5104,5105,Branch_6051,4821,4831,301.2048192771084,1,False
5105,5106,Branch_6052,4820,4830,301.2048192771084,1,False
5106,5107,Branch_6053,5258,5257,2.024701356549909,1,False
5107,5108,Branch_6054,5260,5257,10.0,1,False
5108,5109,Branch_6055,5259,5257,-97.0873786407767,1,False
5109,5110,Branch_6056,4476,4477,46.27487274409995,1,False
5110,5111,Branch_6057,4475,4477,-460.8294930875576,1,False
5111,5112,Branch_6058,4474,4477,8.97021887334051,1,False
5112,5113,Branch_6059,5987,6387,4.900519455062237,1,False
5113,5114,Branch_6060,5835,6338,2000.0,1,False
5114,5115,Branch_6061,5701,6049,11.354604292040422,1,False
5115,5116,Branch_6065,5938,5987,4.261303106489964,1,False
5116,5117,Branch_6066,5814,5987,17.571604287471445,1,False
5117,5118,Branch_6068,6044,6464,3.957888070925354,1,False
5118,5119,Branch_6069,6527,7382,2000.0,1,False
5119,5120,Branch_6070,27,1687,169.20473773265653,1,False
5120,5121,Branch_6071,292,1687,113.2502831257078,1,False
5121,5122,Branch_6072,7576,7577,7.767593599502874,1,False
5122,5123,Branch_6073,7576,7578,7.767593599502874,1,False
5123,5124,Branch_6074,7575,7576,1098.901098901099,1,False
5124,5125,Branch_6075,6828,7458,95.69377990430624,1,False
5125,5126,Branch_6076,6688,7458,11.83431952662722,1,False
5126,5127,Branch_6077,3223,3349,5.089058524173028,1,False
5127,5128,Branch_6080,9143,9144,-51.04645227156713,1,False
5128,5129,Branch_6081,9145,9146,-51.04645227156713,1,False
5129,5130,Branch_6082,9113,9144,42.211903756859435,1,False
5130,5131,Branch_6083,9113,9146,42.319085907744395,1,False
5131,5132,Branch_6084,8779,8823,3.911138923654568,1,False
5132,5133,Branch_6085,8779,9200,3.7982376177453663,1,False
5133,5134,Branch_6086,8779,9102,4.189183528130368,1,False
5134,5135,Branch_6087,2892,5053,2000.0,1,False
5135,5136,Branch_6089,3807,3808,9.4921689606075,1,False
5136,5137,Branch_6090,3806,3808,-46.728971962616825,1,False
5137,5138,Branch_6091,3809,3808,2.566339886054509,1,False
5138,5139,Branch_6092,5587,5588,31.377470975839348,1,False
5139,5140,Branch_6093,272,828,89.28571428571429,1,False
5140,5141,Branch_6094,3131,4248,129.70168612191958,1,False
5141,5142,Branch_6095,7627,7685,1111.111111111111,1,False
5142,5143,Branch_6097,8402,8451,18.248175182481752,1,False
5143,5144,Branch_6098,3419,4223,33.42245989304813,1,False
5144,5145,Branch_6099,5178,5545,46.62004662004662,1,False
5145,5146,Branch_6100,6554,7302,23.557126030624264,1,False
5146,5147,Branch_6101,2892,2891,6.68851581833991,1,False
5147,5148,Branch_6102,6641,7478,245.09803921568627,1,False
5148,5149,Branch_6103,6838,7478,58.10575246949448,1,False
5149,5150,Branch_6104,7811,8562,20.275750202757504,1,False
5150,5151,Branch_6105,168,710,157.72870662460568,1,False
5151,5152,Branch_6106,710,1390,192.30769230769232,1,False
5152,5153,Branch_6107,710,814,160.51364365971108,1,False
5153,5154,Branch_6108,7886,8523,9.790483649892304,1,False
5154,5155,Branch_6109,7886,8604,18.284878405558604,1,False
5155,5156,Branch_6110,6155,6156,8.758101243650376,1,False
5156,5157,Branch_6111,6155,6154,8.89125989152663,1,False
5157,5158,Branch_6112,5215,5469,56.49717514124294,1,False
5158,5159,Branch_6113,5337,5469,181.8181818181818,1,False
5159,5160,Branch_6114,3317,4707,217.8649237472767,1,False
5160,5161,Branch_6115,3318,4706,217.8649237472767,1,False
5161,5162,Branch_6116,623,1090,217.3913043478261,1,False
5162,5163,Branch_6117,1090,1725,34.81894150417827,1,False
5163,5164,Branch_6120,1090,1586,90.74410163339384,1,False
5164,5165,Branch_6121,1051,1090,41.11842105263158,1,False
5165,5166,Branch_6122,488,1090,77.33952049497293,1,False
5166,5167,Branch_6123,1090,1091,6.4238453138048435,1,False
5167,5168,Branch_6125,5801,6371,8.387854386847843,1,False
5168,5169,Branch_6126,5801,6386,14.541224371092046,1,False
5169,5170,Branch_6127,711,1414,2000.0,1,False
5170,5171,Branch_6128,711,1409,2000.0,1,False
5171,5172,Branch_6129,711,1415,2000.0,1,False
5172,5173,Branch_6130,711,1416,2000.0,1,False
5173,5174,Branch_6131,711,1408,2000.0,1,False
5174,5175,Branch_6132,711,1417,2000.0,1,False
5175,5176,Branch_6133,711,971,83.33333333333333,1,False
5176,5177,Branch_6134,626,1740,2000.0,1,False
5177,5178,Branch_6138,202,414,869.5652173913044,1,False
5178,5179,Branch_6139,202,295,561.7977528089888,1,False
5179,5180,Branch_6140,377,390,64.51612903225806,1,False
5180,5181,Branch_6141,342,390,124.0694789081886,1,False
5181,5182,Branch_6142,1778,2117,22.93577981651376,1,False
5182,5183,Branch_6144,5169,5327,114.5475372279496,1,False
5183,5184,Branch_6145,101,1088,2000.0,1,False
5184,5185,Branch_6146,103,1088,2000.0,1,False
5185,5186,Branch_6147,102,1088,2000.0,1,False
5186,5187,Branch_6148,101,104,293.2551319648094,1,False
5187,5188,Branch_6149,99,104,15.08523155830442,1,False
5188,5189,Branch_6150,100,104,15.08523155830442,1,False
5189,5190,Branch_6151,103,97,17.755681818181817,1,False
5190,5191,Branch_6152,102,98,17.755681818181817,1,False
5191,5192,Branch_6153,90,306,122.85012285012284,1,False
5192,5193,Branch_6154,54,55,2000.0,1,False
5193,5194,Branch_6155,55,761,76.10350076103501,1,False
5194,5195,Branch_6156,54,1211,92.50693802035153,1,False
5195,5196,Branch_6157,55,418,146.19883040935673,1,False
5196,5197,Branch_6158,55,325,134.58950201884252,1,False
5197,5198,Branch_6159,415,687,302.11480362537765,1,False
5198,5199,Branch_6160,23,1582,93.72071227741333,1,False
5199,5200,Branch_6161,692,1582,76.98229407236336,1,False
5200,5201,Branch_6162,692,1581,77.1604938271605,1,False
5201,5202,Branch_6163,1579,1582,2000.0,1,False
5202,5203,Branch_6164,1580,1581,2000.0,1,False
5203,5204,Branch_6165,2554,2659,93.89671361502349,1,False
5204,5205,Branch_6166,1759,2554,159.4896331738437,1,False
5205,5206,Branch_6167,1751,2554,53.70569280343717,1,False
5206,5207,Branch_6168,2055,2410,29.231218941829873,1,False
5207,5208,Branch_6169,1985,2055,40.04805766920305,1,False
5208,5209,Branch_6170,2055,2406,58.0046403712297,1,False
5209,5210,Branch_6171,2060,2334,163.13745528190776,1,False
5210,5211,Branch_6172,2060,2334,163.13745528190776,1,False
5211,5212,Branch_6173,1798,1937,51.65289256198347,1,False
5212,5213,Branch_6174,1798,2061,47.48338081671415,1,False
5213,5214,Branch_6175,1881,1996,47.43833017077799,1,False
5214,5215,Branch_6176,1862,1996,51.255766273705795,1,False
5215,5216,Branch_6177,2150,2633,94.42870632672332,1,False
5216,5217,Branch_6178,2150,2263,55.46311702717693,1,False
5217,5218,Branch_6181,2150,2378,73.1528895391368,1,False
5218,5219,Branch_6182,533,545,2000.0,1,False
5219,5220,Branch_6183,64,545,892.8571428571429,1,False
5220,5221,Branch_6184,507,557,2000.0,1,False
5221,5222,Branch_6185,557,558,9.845426799251747,1,False
5222,5223,Branch_6186,557,559,9.845426799251747,1,False
5223,5224,Branch_6187,95,1563,17.54385964912281,1,True
5224,5225,Branch_6188,96,95,5.688282138794084,1,False
5225,5226,Branch_6189,8114,8118,2000.0,1,False
5226,5227,Branch_6190,588,648,2000.0,1,False
5227,5228,Branch_6191,5155,5154,19.15708812260537,1,False
5228,5229,Branch_6192,5154,5366,30.422878004259204,1,False
5229,5230,Branch_6193,5155,5153,9.70873786407767,1,False
5230,5231,Branch_6194,5155,5152,13.157894736842104,1,False
5231,5232,Branch_6195,5155,5156,5.497526113249038,1,False
5232,5233,Branch_6196,5154,5529,23.97506593143131,1,False
5233,5234,Branch_6197,5154,5546,217.3913043478261,1,False
5234,5235,Branch_6198,876,952,10.355182768975872,1,False
5235,5236,Branch_6200,96,876,29.832935560859188,1,False
5236,5237,Branch_6201,588,589,19.50458357714063,1,False
5237,5238,Branch_6202,588,590,14.353380221042055,1,False
5238,5239,Branch_6203,588,591,14.34102968593145,1,False
5239,5240,Branch_6204,95,1513,10.02004008016032,1,False
5240,5241,Branch_6205,222,1637,206.61157024793388,1,False
5241,5242,Branch_6206,830,1637,403.2258064516129,1,False
5242,5243,Branch_6207,3059,3239,29.13752913752914,1,False
5243,5244,Branch_6208,992,1676,26.13695765812859,1,False
5244,5245,Branch_6209,992,1034,25.74002574002574,1,False
5245,5246,Branch_6210,3757,4537,26.212319790301443,1,False
5246,5247,Branch_6211,3374,3696,67.29475100942126,1,False
5247,5248,Branch_6212,3502,3504,9.77230528681716,1,False
5248,5249,Branch_6213,3502,3506,9.810654370646525,1,False
5249,5250,Branch_6214,3502,3507,9.650646593321753,1,False
5250,5251,Branch_6215,3502,3505,9.77230528681716,1,False
5251,5252,Branch_6219,3502,3511,19.451468585878235,1,False
5252,5253,Branch_6220,8874,9055,2000.0,1,False
5253,5254,Branch_6221,5360,5413,89.52551477170994,1,False
5254,5255,Branch_6222,7939,8686,2000.0,1,False
5255,5256,Branch_6223,1408,1412,19.719976336028395,1,False
5256,5257,Branch_6224,1414,1407,15.096618357487923,1,False
5257,5258,Branch_6225,1409,1413,15.11030522816561,1,False
5258,5259,Branch_6226,1415,1410,15.600624024960998,1,False
5259,5260,Branch_6227,1416,1411,15.096618357487923,1,False
5260,5261,Branch_6228,1417,1418,14.999250037498124,1,False
5261,5262,Branch_6229,9134,9282,82.64462809917356,1,False
5262,5263,Branch_6230,4912,4921,2000.0,1,False
5263,5264,Branch_6231,4912,4922,2000.0,1,False
5264,5265,Branch_6232,4912,4923,2000.0,1,False
5265,5266,Branch_6233,2555,2556,5.523031039434442,1,False
5266,5267,Branch_6234,2555,2557,5.523031039434442,1,False
5267,5268,Branch_6235,3114,3303,225.2252252252252,1,False
5268,5269,Branch_6236,3114,3374,112.6126126126126,1,False
5269,5270,Branch_6237,4921,4924,-526.3157894736842,1,False
5270,5271,Branch_6238,4919,4924,6.919457514530861,1,False
5271,5272,Branch_6239,4920,4924,7.0467197519554645,1,False
5272,5273,Branch_6240,4922,4925,495.0495049504951,1,False
5273,5274,Branch_6241,4915,4925,7.160759040458289,1,False
5274,5275,Branch_6242,4916,4925,7.336218912772357,1,False
5275,5276,Branch_6243,4923,4926,763.3587786259542,1,False
5276,5277,Branch_6244,4917,4926,7.124536905101168,1,False
5277,5278,Branch_6245,4918,4926,7.272727272727272,1,False
5278,5279,Branch_6246,2388,2387,4.140615295432902,1,False
5279,5280,Branch_6247,9416,9414,12.558081125204067,1,False
5280,5281,Branch_6248,9416,9415,12.558081125204067,1,False
5281,5282,Branch_6249,5603,9416,87.41258741258741,1,False
5282,5283,Branch_6255,8069,8157,187.26591760299627,1,False
5283,5284,Branch_6256,8069,8077,102.35414534288638,1,False
5284,5285,Branch_6257,8069,8317,253.16455696202533,1,False
5285,5286,Branch_6258,8069,8320,77.39938080495357,1,False
5286,5287,Branch_6259,8068,8069,2000.0,1,False
5287,5288,Branch_6261,5945,6364,65.01950585175553,1,False
5288,5289,Branch_6262,5945,6199,35.62522265764161,1,False
5289,5290,Branch_6263,4378,4732,2000.0,1,False
5290,5291,Branch_6264,7764,7814,98.32841691248773,1,False
5291,5292,Branch_6265,7764,8522,109.17030567685588,1,False
5292,5293,Branch_6266,5821,6026,70.8215297450425,1,False
5293,5294,Branch_6267,2671,4948,2000.0,1,False
5294,5295,Branch_6268,4442,4441,11.402508551881414,1,False
5295,5296,Branch_6269,4947,4950,9.719117504130624,1,False
5296,5297,Branch_6270,4948,4950,-75.8150113722517,1,False
5297,5298,Branch_6271,4949,4950,4.101722723543888,1,False
5298,5299,Branch_6272,2813,4947,32.32062055591467,1,False
5299,5300,Branch_6273,3981,4947,63.29113924050633,1,False
5300,5301,Branch_6274,3614,4441,1111.111111111111,1,False
5301,5302,Branch_6275,6345,6347,8.395600705230459,1,False
5302,5303,Branch_6276,6345,6346,8.395600705230459,1,False
5303,5304,Branch_6277,6219,6345,2000.0,1,False
5304,5305,Branch_6278,6601,7333,16.220600162206,1,False
5305,5306,Branch_6279,7103,7333,9.954210631096954,1,False
5306,5307,Branch_6280,7017,7333,63.492063492063494,1,False
5307,5308,Branch_6281,405,893,483.09178743961354,1,True
5308,5309,Branch_6282,8386,8501,8.320852055250457,1,False
5309,5310,Branch_6284,3389,3392,53.53319057815846,1,False
5310,5311,Branch_6285,3391,3392,-2000.0,1,False
5311,5312,Branch_6286,3390,3392,8.792754770069463,1,False
5312,5313,Branch_6287,1929,1928,4.88328938372888,1,False
5313,5314,Branch_6288,1824,1933,9.830908375933936,1,False
5314,5315,Branch_6290,1933,2008,28.48191398461977,1,False
5315,5316,Branch_6291,2007,2307,9.68054211035818,1,False
5316,5317,Branch_6292,1822,2007,7.423904974016333,1,False
5317,5318,Branch_6293,2308,2626,12.690355329949238,1,False
5318,5319,Branch_6294,6424,6426,184.1620626151013,1,False
5319,5320,Branch_6295,6426,6425,7.352941176470588,1,False
5320,5321,Branch_6296,1355,1678,91.24087591240875,1,False
5321,5322,Branch_6297,222,1680,109.2896174863388,1,False
5322,5323,Branch_6298,1679,1680,2000.0,1,False
5323,5324,Branch_6299,1677,1678,202.4291497975709,1,False
5324,5325,Branch_6300,1050,1680,141.84397163120568,1,False
5325,5326,Branch_6302,6147,6150,5.107252298263534,1,False
5326,5327,Branch_6303,1455,1696,76.51109410864575,1,False
5327,5328,Branch_6304,1130,1696,66.35700066357,1,False
5328,5329,Branch_6305,5453,5454,5.423875901719368,1,False
5329,5330,Branch_6306,811,1588,546.448087431694,1,False
5330,5331,Branch_6307,828,1588,154.320987654321,1,False
5331,5332,Branch_6308,1588,1587,11.013215859030836,1,False
5332,5333,Branch_6309,1588,1591,11.230907457322552,1,False
5333,5334,Branch_6310,1588,1589,11.013215859030836,1,False
5334,5335,Branch_6311,1588,1590,11.013215859030836,1,False
5335,5336,Branch_6312,3035,3951,29.985007496251875,1,False
5336,5337,Branch_6313,4651,4650,1.763668430335097,1,False
5337,5338,Branch_6314,3882,4650,52.38344683080147,1,False
5338,5339,Branch_6315,4289,4650,21.39952921035737,1,False
5339,5340,Branch_6316,3985,4650,53.61930294906166,1,False
5340,5341,Branch_6317,9257,9255,8.017960230917256,1,False
5341,5342,Branch_6318,9257,9256,8.381527114240214,1,False
5342,5343,Branch_6319,9090,9257,840.3361344537815,1,False
5343,5344,Branch_6320,2917,2918,5.356473297980609,1,False
5344,5345,Branch_6321,7725,7724,5.029169181251257,1,False
5345,5346,Branch_6322,7723,7724,5.537098560354374,1,False
5346,5347,Branch_6326,7725,8510,33.3889816360601,1,False
5347,5348,Branch_6327,7724,8031,13.32267519317879,1,False
5348,5349,Branch_6328,7724,8006,23.24500232450023,1,False
5349,5350,Branch_6329,8510,8575,3.224454261116306,1,False
5350,5351,Branch_6330,7723,7725,2000.0,1,False
5351,5352,Branch_6331,7723,7922,4.290924694271616,1,False
5352,5353,Branch_6332,7723,8386,76.33587786259542,1,False
5353,5354,Branch_6333,7106,7241,27.8473962684489,1,False
5354,5355,Branch_6334,6989,7241,34.19972640218878,1,False
5355,5356,Branch_6335,7241,7248,154.5595054095827,1,False
5356,5357,Branch_6336,5663,5744,595.2380952380952,1,False
5357,5358,Branch_6337,5665,5672,47.48338081671415,1,False
5358,5359,Branch_6338,5671,5744,2000.0,1,False
5359,5360,Branch_6341,8931,9067,7.702973347712217,1,False
5360,5361,Branch_6342,8738,8931,15.076134479119554,1,False
5361,5362,Branch_6343,9471,9470,15.394088669950738,1,False
5362,5363,Branch_6344,968,1542,297.6190476190476,1,False
5363,5364,Branch_6345,1040,1645,155.27950310559007,1,False
5364,5365,Branch_6346,1030,1040,120.33694344163658,1,False
5365,5366,Branch_6347,1040,1368,1219.5121951219512,1,False
5366,5367,Branch_6350,6219,6221,46.51162790697674,1,False
5367,5368,Branch_6351,6220,6221,-485.4368932038834,1,False
5368,5369,Branch_6352,6224,6221,8.880994671403197,1,False
5369,5370,Branch_6353,6219,6222,46.27487274409995,1,False
5370,5371,Branch_6354,6220,6222,-460.8294930875576,1,False
5371,5372,Branch_6355,6223,6222,8.881783462119193,1,False
5372,5373,Branch_6356,6219,6264,40.766408479412966,1,False
5373,5374,Branch_6357,6219,6460,120.48192771084338,1,False
5374,5375,Branch_6358,9061,9063,5.197505197505198,1,False
5375,5376,Branch_6359,9061,9062,5.197505197505198,1,False
5376,5377,Branch_6360,623,921,159.23566878980893,1,False
5377,5378,Branch_6361,623,1735,2000.0,1,False
5378,5379,Branch_6364,991,1344,40.17677782241864,1,False
5379,5380,Branch_6365,1228,1344,9.872642906506073,1,False
5380,5381,Branch_6366,1344,1453,64.64124111182934,1,False
5381,5382,Branch_6370,309,311,129.5336787564767,1,False
5382,5383,Branch_6371,310,368,77.9423226812159,1,False
5383,5384,Branch_6372,311,368,384.61538461538464,1,False
5384,5385,Branch_6373,310,1358,1960.7843137254904,1,False
5385,5386,Branch_6374,309,836,751.8796992481203,1,False
5386,5387,Branch_6375,308,310,2000.0,1,False
5387,5388,Branch_6376,307,309,2000.0,1,False
5388,5389,Branch_6377,7963,8521,43.63001745200698,1,False
5389,5390,Branch_6378,6371,6389,17.247326664367023,1,False
5390,5391,Branch_6379,6307,6371,28.6286859433152,1,False
5391,5392,Branch_6380,416,784,507.61421319796955,1,False
5392,5393,Branch_6381,2684,4425,73.74631268436578,1,False
5393,5394,Branch_6384,745,753,84.10428931875526,1,False
5394,5395,Branch_6385,735,736,130.3780964797914,1,False
5395,5396,Branch_6386,735,753,460.8294930875576,1,False
5396,5397,Branch_6387,733,736,207.0393374741201,1,False
5397,5398,Branch_6388,733,740,101.21457489878544,1,False
5398,5399,Branch_6389,740,745,187.72022551092317,1,False
5399,5400,Branch_6390,718,731,8.009611533840609,1,False
5400,5401,Branch_6391,732,753,368.7375018453651,1,False
5401,5402,Branch_6392,732,753,368.7375018453651,1,False
5402,5403,Branch_6393,734,737,2000.0,1,False
5403,5404,Branch_6394,734,738,2000.0,1,False
5404,5405,Branch_6395,736,745,236.4066193853428,1,False
5405,5406,Branch_6396,740,745,187.72022551092317,1,False
5406,5407,Branch_6397,736,753,117.096018735363,1,True
5407,5408,Branch_6398,741,745,1149.425287356322,1,False
5408,5409,Branch_6399,742,745,1075.268817204301,1,False
5409,5410,Branch_6400,743,745,990.0990099009902,1,False
5410,5411,Branch_6401,744,745,1298.7012987012988,1,False
5411,5412,Branch_6402,734,754,990.0990099009902,1,False
5412,5413,Branch_6403,734,739,787.4015748031496,1,False
5413,5414,Branch_6404,734,752,990.0990099009902,1,False
5414,5415,Branch_6405,739,756,4.915454187966968,1,False
5415,5416,Branch_6406,729,756,2.4986257558342913,1,False
5416,5417,Branch_6407,755,756,4.959087527894868,1,False
5417,5418,Branch_6409,740,731,5.612302166348636,1,False
5418,5419,Branch_6410,737,730,5.7231156641675724,1,False
5419,5420,Branch_6411,738,727,5.76435323956652,1,False
5420,5421,Branch_6412,741,714,5.14668039114771,1,False
5421,5422,Branch_6413,742,715,5.14668039114771,1,False
5422,5423,Branch_6414,743,717,5.137690094533498,1,False
5423,5424,Branch_6415,744,747,23.66863905325444,1,False
5424,5425,Branch_6416,732,716,5.515111405250386,1,False
5425,5426,Branch_6417,732,748,10.799136069114471,1,False
5426,5427,Branch_6418,746,748,140.64697609001408,1,False
5427,5428,Branch_6419,749,748,15.59332605644784,1,False
5428,5429,Branch_6420,367,838,1162.7906976744187,1,False
5429,5430,Branch_6421,367,838,1162.7906976744187,1,False
5430,5431,Branch_6422,5521,5568,106.6098081023454,1,False
5431,5432,Branch_6423,5879,5878,4.580852038479157,1,False
5432,5433,Branch_6424,5878,6319,2000.0,1,False
5433,5434,Branch_6425,5878,6377,85.32423208191126,1,False
5434,5435,Branch_6426,1617,1624,32.278889606197545,1,False
5435,5436,Branch_6428,838,1217,110.92623405435386,1,False
5436,5437,Branch_6429,838,1217,110.92623405435386,1,False
5437,5438,Branch_6431,852,1585,684.931506849315,1,False
5438,5439,Branch_6432,840,1585,751.8796992481203,1,False
5439,5440,Branch_6433,728,729,1492.5373134328358,1,False
5440,5441,Branch_6434,725,755,900.9009009009008,1,False
5441,5442,Branch_6435,838,853,47.82400765184122,1,False
5442,5443,Branch_6436,855,853,78.98894154818325,1,True
5443,5444,Branch_6437,854,853,4.982064567556796,1,False
5444,5445,Branch_6438,838,845,48.5201358563804,1,False
5445,5446,Branch_6439,839,845,77.9423226812159,1,False
5446,5447,Branch_6440,844,845,4.988277547762758,1,False
5447,5448,Branch_6441,838,846,69.97900629811056,1,False
5448,5449,Branch_6442,837,846,56.274620146314014,1,False
5449,5450,Branch_6443,843,846,4.858142246404975,1,False
5450,5451,Branch_6444,838,848,53.908355795148246,1,False
5451,5452,Branch_6445,847,848,66.57789613848202,1,False
5452,5453,Branch_6446,849,848,5.104645227156713,1,False
5453,5454,Branch_6447,838,841,54.824561403508774,1,False
5454,5455,Branch_6449,840,841,-390.625,1,False
5455,5456,Branch_6450,842,841,9.828009828009828,1,True
5456,5457,Branch_6451,852,850,-243.30900243309003,1,False
5457,5458,Branch_6452,838,850,54.34782608695652,1,False
5458,5459,Branch_6453,851,850,10.53518752633797,1,False
5459,5460,Branch_6454,736,855,2000.0,1,False
5460,5461,Branch_6455,736,847,2000.0,1,False
5461,5462,Branch_6456,736,837,2000.0,1,False
5462,5463,Branch_6457,736,839,2000.0,1,False
5463,5464,Branch_6459,753,754,66.00660066006601,1,False
5464,5465,Branch_6460,752,753,2000.0,1,False
5465,5466,Branch_6461,722,728,7.267441860465116,1,False
5466,5467,Branch_6462,726,730,40.32258064516129,1,False
5467,5468,Branch_6463,719,726,9.48316737790422,1,False
5468,5469,Branch_6464,720,726,9.48316737790422,1,False
5469,5470,Branch_6465,721,726,9.48316737790422,1,False
5470,5471,Branch_6466,722,726,9.48316737790422,1,False
5471,5472,Branch_6467,723,727,10.51967178624027,1,False
5472,5473,Branch_6468,724,727,11.89767995240928,1,False
5473,5474,Branch_6469,725,727,11.89767995240928,1,False
5474,5475,Branch_6470,3630,4310,11.494252873563218,1,False
5475,5476,Branch_6472,279,1574,1612.9032258064517,1,False
5476,5477,Branch_6473,279,325,1886.7924528301887,1,False
5477,5478,Branch_6474,929,1174,303.030303030303,1,False
5478,5479,Branch_6475,931,1490,564.9717514124294,1,False
5479,5480,Branch_6476,51,930,27.53303964757709,1,False
5480,5481,Branch_6477,242,930,25.46473134708429,1,False
5481,5482,Branch_6478,894,930,18.37897445322551,1,False
5482,5483,Branch_6479,929,1088,153.1393568147014,1,False
5483,5484,Branch_6480,931,932,-331.12582781456956,1,False
5484,5485,Branch_6481,929,932,57.870370370370374,1,False
5485,5486,Branch_6482,933,932,10.44932079414838,1,False
5486,5487,Branch_6483,223,1033,285.7142857142857,1,False
5487,5488,Branch_6484,1033,1065,133.5113484646195,1,False
5488,5489,Branch_6487,2687,2831,17.768301350390903,1,False
5489,5490,Branch_6488,2687,2803,1470.5882352941176,1,False
5490,5491,Branch_6489,7183,7198,36.14022406938923,1,False
5491,5492,Branch_6491,8339,8657,5.515719801434087,1,False
5492,5493,Branch_6492,8345,8657,3.750937734433609,1,False
5493,5494,Branch_6493,2396,6481,15.22301720200944,1,False
5494,5495,Branch_6494,5699,6481,15.812776723592664,1,False
5495,5496,Branch_6495,654,1059,162.07455429497568,1,False
5496,5497,Branch_6496,655,1059,164.74464579901152,1,False
5497,5498,Branch_6497,654,1550,58.10575246949448,1,False
5498,5499,Branch_6499,7612,7613,110.74197120708747,1,False
5499,5500,Branch_6501,7609,7610,46.92632566870014,1,False
5500,5501,Branch_6502,7612,7611,5.787037037037037,1,False
5501,5502,Branch_6503,7609,7608,5.793742757821553,1,False
5502,5503,Branch_6504,53,211,55.12679162072767,1,False
5503,5504,Branch_6505,211,1675,126.10340479192938,1,False
5504,5505,Branch_6508,167,169,-122.85012285012284,1,False
5505,5506,Branch_6509,168,169,22.281639928698752,1,False
5506,5507,Branch_6510,172,169,7.783918424534911,1,False
5507,5508,Branch_6511,167,170,-129.5336787564767,1,False
5508,5509,Branch_6512,168,170,16.79261125104954,1,False
5509,5510,Branch_6513,171,170,6.628222973420826,1,False
5510,5511,Branch_6514,167,1078,24.752475247524753,1,False
5511,5512,Branch_6515,167,1453,57.8368999421631,1,False
5512,5513,Branch_6516,168,661,862.0689655172414,1,False
5513,5514,Branch_6517,4439,4438,2.1114864864864864,1,False
5514,5515,Branch_6518,7722,8098,2000.0,1,False
5515,5516,Branch_6519,7719,8098,2000.0,1,False
5516,5517,Branch_6520,7717,8098,2000.0,1,False
5517,5518,Branch_6521,7722,7720,15.105740181268882,1,False
5518,5519,Branch_6522,7719,7718,15.024038461538462,1,False
5519,5520,Branch_6523,7717,7721,15.042117930204572,1,False
5520,5521,Branch_6524,6879,6882,43.89815627743635,1,False
5521,5522,Branch_6526,6880,7352,5.964451866873434,1,False
5522,5523,Branch_6527,273,707,793.6507936507936,1,False
5523,5524,Branch_6528,273,295,363.6363636363636,1,False
5524,5525,Branch_6529,2369,2368,101.36847440446022,1,False
5525,5526,Branch_6530,2369,2368,101.36847440446022,1,False
5526,5527,Branch_6531,232,356,1851.851851851852,1,False
5527,5528,Branch_6532,1638,1641,2000.0,1,False
5528,5529,Branch_6533,1638,1640,2000.0,1,False
5529,5530,Branch_6534,358,1063,490.19607843137254,1,False
5530,5531,Branch_6535,356,358,393.7007874015748,1,False
5531,5532,Branch_6536,356,1640,341.29692832764505,1,False
5532,5533,Branch_6537,357,1063,425.531914893617,1,False
5533,5534,Branch_6538,356,357,518.1347150259068,1,False
5534,5535,Branch_6539,356,1641,381.6793893129771,1,False
5535,5536,Branch_6540,42,357,1369.86301369863,1,False
5536,5537,Branch_6541,43,358,1298.7012987012988,1,False
5537,5538,Branch_6542,231,356,1851.851851851852,1,False
5538,5539,Branch_6543,1638,1639,10.208248264597795,1,False
5539,5540,Branch_6544,8227,8384,88.65248226950355,1,False
5540,5541,Branch_6545,7830,8227,34.940600978336825,1,False
5541,5542,Branch_6548,60,913,277.0083102493075,1,False
5542,5543,Branch_6549,59,912,346.02076124567475,1,False
5543,5544,Branch_6550,60,1545,377.35849056603774,1,False
5544,5545,Branch_6551,58,60,313.47962382445144,1,False
5545,5546,Branch_6552,57,59,242.13075060532688,1,False
5546,5547,Branch_6553,59,891,131.06159895150722,1,False
5547,5548,Branch_6554,5746,5784,31.34796238244514,1,False
5548,5549,Branch_6555,110,899,42.337002540220155,1,False
5549,5550,Branch_6556,1781,2002,17.035775127768314,1,False
5550,5551,Branch_6557,1781,1985,35.51136363636363,1,False
5551,5552,Branch_6558,1881,1963,66.44518272425249,1,False
5552,5553,Branch_6559,1881,2575,64.14368184733804,1,False
5553,5554,Branch_6560,2234,2263,35.00175008750438,1,False
5554,5555,Branch_6561,1985,2234,28.1928390188892,1,False
5555,5556,Branch_6562,2385,8504,12.884937508053088,1,False
5556,5557,Branch_6564,2129,2476,2000.0,1,False
5557,5558,Branch_6565,2045,2129,138.79250520471894,1,False
5558,5559,Branch_6566,2045,2129,138.79250520471894,1,False
5559,5560,Branch_6567,893,997,256.4102564102564,1,False
5560,5561,Branch_6568,63,1561,273.224043715847,1,False
5561,5562,Branch_6569,63,828,128.8659793814433,1,False
5562,5563,Branch_6570,7744,8340,329.07346517868234,1,False
5563,5564,Branch_6571,7744,8340,329.07346517868234,1,False
5564,5565,Branch_6572,8475,8474,20.40816326530612,1,False
5565,5566,Branch_6573,8119,8475,497.5124378109453,1,False
5566,5567,Branch_6575,39,1127,1315.7894736842106,1,False
5567,5568,Branch_6576,39,1712,116.95906432748538,1,False
5568,5569,Branch_6578,8718,8717,9.601536245799329,1,False
5569,5570,Branch_6579,8718,9007,57.37234652897303,1,False
5570,5571,Branch_6580,8717,8896,9.370314842578711,1,False
5571,5572,Branch_6581,8717,8895,9.186954524575103,1,False
5572,5573,Branch_6582,8717,9276,16.716817118020728,1,False
5573,5574,Branch_6583,5208,5207,19.15708812260537,1,False
5574,5575,Branch_6584,6034,6036,19.043991620643688,1,False
5575,5576,Branch_6586,2470,2471,13.176966662274344,1,False
5576,5577,Branch_6587,2469,2470,2000.0,1,False
5577,5578,Branch_6589,2497,2496,13.689253935660506,1,False
5578,5579,Branch_6590,2497,2498,1351.3513513513512,1,False
5579,5580,Branch_6591,3303,3636,33.82949932341001,1,False
5580,5581,Branch_6592,522,1343,71.27583749109051,1,False
5581,5582,Branch_6593,1343,2606,46.468401486988846,1,False
5582,5583,Branch_6594,6826,7258,704.2253521126761,1,False
5583,5584,Branch_6595,7258,7256,17.577781683951486,1,False
5584,5585,Branch_6596,7258,7257,15.482272797646694,1,False
5585,5586,Branch_6597,6302,6303,2.6688017080330932,1,False
5586,5587,Branch_6598,8716,8941,2000.0,1,False
5587,5588,Branch_6599,709,909,227.27272727272728,1,False
5588,5589,Branch_6600,708,908,220.7505518763797,1,False
5589,5590,Branch_6601,709,1313,198.80715705765408,1,False
5590,5591,Branch_6602,708,1312,202.83975659229208,1,False
5591,5592,Branch_6603,5939,6023,15.271838729383015,1,False
5592,5593,Branch_6605,5734,5939,3.2618977721238216,1,False
5593,5594,Branch_6606,5443,5442,2.087246921310791,1,False
5594,5595,Branch_6607,5444,5442,-55.248618784530386,1,False
5595,5596,Branch_6608,5445,5442,2.189141856392294,1,False
5596,5597,Branch_6609,6270,6272,-49.6031746031746,1,False
5597,5598,Branch_6610,6271,6273,-49.6031746031746,1,False
5598,5599,Branch_6611,9118,9279,729.92700729927,1,False
5599,5600,Branch_6612,9118,9443,159.4896331738437,1,False
5600,5601,Branch_6613,9090,9118,99.72625627484766,1,False
5601,5602,Branch_6614,9090,9118,99.72625627484766,1,False
5602,5603,Branch_6615,9113,9118,75.58578987150416,1,False
5603,5604,Branch_6616,9113,9118,75.58578987150416,1,False
5604,5605,Branch_6617,5920,5955,1315.7894736842106,1,False
5605,5606,Branch_6618,769,1713,7.988496564946477,1,False
5606,5607,Branch_6619,1074,1170,26.096033402922757,1,False
5607,5608,Branch_6620,801,1170,9.683354313934348,1,False
5608,5609,Branch_6621,7919,8498,4.521613311629589,1,False
5609,5610,Branch_6623,8497,8586,7.250580046403712,1,False
5610,5611,Branch_6624,8497,8498,3.186743148502231,1,False
5611,5612,Branch_6627,210,1449,121.654501216545,1,False
5612,5613,Branch_6628,210,474,104.9317943336831,1,False
5613,5614,Branch_6629,209,278,72.3589001447178,1,False
5614,5615,Branch_6630,208,210,359.71223021582733,1,True
5615,5616,Branch_6631,207,209,364.963503649635,1,False
5616,5617,Branch_6632,209,1016,92.85051067780871,1,False
5617,5618,Branch_6633,2811,4674,104.4932079414838,1,False
5618,5619,Branch_6634,487,1034,122.24938875305624,1,False
5619,5620,Branch_6636,487,1719,2000.0,1,False
5620,5621,Branch_6637,3155,4673,90.57971014492752,1,False
5621,5622,Branch_6638,3627,4673,28.176951253874332,1,False
5622,5623,Branch_6639,6681,6680,14.326647564469914,1,False
5623,5624,Branch_6640,6681,7438,2000.0,1,False
5624,5625,Branch_6641,9440,9439,16.65278934221482,1,False
5625,5626,Branch_6642,6554,7207,33.818058843422385,1,False
5626,5627,Branch_6643,7207,7208,19.398642095053347,1,False
5627,5628,Branch_6644,6533,7207,2000.0,1,False
5628,5629,Branch_6645,7302,7303,41.16920543433512,1,False
5629,5630,Branch_6646,7196,7303,2000.0,1,False
5630,5631,Branch_6647,7206,7302,56.88282138794085,1,False
5631,5632,Branch_6648,8239,8243,2000.0,1,False
5632,5633,Branch_6649,8243,8244,8.671522719389525,1,False
5633,5634,Branch_6650,7203,7208,14.423770373575652,1,False
5634,5635,Branch_6651,7208,7209,2.175473709400222,1,False
5635,5636,Branch_6652,7022,7023,11.856770215793215,1,False
5636,5637,Branch_6653,3401,4208,9.48676596148373,1,False
5637,5638,Branch_6654,6842,7022,495.0495049504951,1,False
5638,5639,Branch_6655,3401,3695,7.651694850409366,1,False
5639,5640,Branch_6656,3401,9038,5.393743257820928,1,False
5640,5641,Branch_6657,915,1370,25.393600812595228,1,False
5641,5642,Branch_6658,5895,5950,28.677946659019213,1,False
5642,5643,Branch_6659,5776,5895,5.593779716954747,1,False
5643,5644,Branch_6660,5895,6139,22.79981760145919,1,False
5644,5645,Branch_6661,7963,7992,50.505050505050505,1,False
5645,5646,Branch_6662,5481,5483,69.44444444444444,1,False
5646,5647,Branch_6663,5480,5483,74.01924500370096,1,False
5647,5648,Branch_6664,5482,5483,4.8016901949486215,1,False
5648,5649,Branch_6665,7068,7584,54.229934924078094,1,False
5649,5650,Branch_6666,5023,5022,6.333924499619965,1,False
5650,5651,Branch_6667,2876,5023,277.0083102493075,1,False
5651,5652,Branch_6668,5758,5759,10.641694157709908,1,False
5652,5653,Branch_6669,5758,5862,26.232948583420775,1,False
5653,5654,Branch_6670,5759,5912,55.21811154058531,1,False
5654,5655,Branch_6671,3822,5036,4000.0,1,False
5655,5656,Branch_6672,3822,5036,4000.0,1,False
5656,5657,Branch_6673,4659,4658,9.182736455463727,1,False
5657,5658,Branch_6674,4663,4661,35.0754121360926,1,False
5658,5659,Branch_6675,4658,4661,316.45569620253167,1,False
5659,5660,Branch_6676,4662,4661,9.606147934678194,1,False
5660,5661,Branch_6677,9081,9086,63.775510204081634,1,False
5661,5662,Branch_6678,4271,4561,59.80861244019139,1,False
5662,5663,Branch_6679,3696,4561,53.56186395286556,1,False
5663,5664,Branch_6680,8192,8291,478.4688995215311,1,False
5664,5665,Branch_6681,8291,8292,7.403568520026653,1,False
5665,5666,Branch_6682,8291,8293,6.993006993006993,1,False
5666,5667,Branch_6683,8351,8636,60.60606060606061,1,False
5667,5668,Branch_6684,33,1083,76.51109410864575,1,False
5668,5669,Branch_6685,769,1083,12.042389210019268,1,False
5669,5670,Branch_6686,827,1083,89.28571428571429,1,False
5670,5671,Branch_6687,5149,5493,8.071025020177563,1,False
5671,5672,Branch_6688,33,1528,4.799155348658636,1,False
5672,5673,Branch_6692,199,200,7.432181345224824,1,False
5673,5674,Branch_6694,1449,1450,2000.0,1,False
5674,5675,Branch_6695,1323,1452,91.99632014719413,1,False
5675,5676,Branch_6696,1027,1452,182.14936247723136,1,False
5676,5677,Branch_6697,1029,1448,175.7469244288225,1,False
5677,5678,Branch_6698,8170,8198,425.531914893617,1,False
5678,5679,Branch_6699,8198,8199,9.152480322167309,1,False
5679,5680,Branch_6700,8198,8200,9.063717937097795,1,False
5680,5681,Branch_6701,1450,1668,63.371356147021544,1,False
5681,5682,Branch_6702,1447,1452,2000.0,1,False
5682,5683,Branch_6703,1448,1451,2000.0,1,False
5683,5684,Branch_6704,1446,1450,2000.0,1,False
5684,5685,Branch_6705,1124,1449,50.0751126690035,1,False
5685,5686,Branch_6706,3728,5112,26.35740643120717,1,False
5686,5687,Branch_6707,5210,5334,2000.0,1,False
5687,5688,Branch_6708,3968,3970,46.57661853749418,1,False
5688,5689,Branch_6709,3966,3970,-478.4688995215311,1,False
5689,5690,Branch_6710,3971,3970,8.92379082634303,1,False
5690,5691,Branch_6711,3968,3969,826.4462809917355,1,False
5691,5692,Branch_6712,3966,3969,45.47521600727603,1,False
5692,5693,Branch_6713,3967,3969,23.51834430856068,1,False
5693,5694,Branch_6714,5349,5537,19.18281220026856,1,False
5694,5695,Branch_6715,7914,8027,210.9704641350211,1,False
5695,5696,Branch_6716,7914,8148,11.154489682097044,1,False
5696,5697,Branch_6717,474,969,39.52569169960474,1,False
5697,5698,Branch_6718,6453,6452,4.231550440081246,1,False
5698,5699,Branch_6719,6220,6453,302.11480362537765,1,False
5699,5700,Branch_6720,2991,4509,60.024009603841534,1,False
5700,5701,Branch_6721,2991,4776,11.75226231049477,1,False
5701,5702,Branch_6722,4509,4869,680.2721088435375,1,False
5702,5703,Branch_6723,6254,6387,200.8032128514056,1,False
5703,5704,Branch_6724,6385,6387,70.92198581560284,1,False
5704,5705,Branch_6726,4839,9096,2000.0,1,False
5705,5706,Branch_6727,4839,4840,33.95585738539898,1,False
5706,5707,Branch_6728,4213,4645,104.16666666666669,1,False
5707,5708,Branch_6729,5391,5477,2000.0,1,False
5708,5709,Branch_6730,5814,5991,16.276041666666668,1,False
5709,5710,Branch_6732,5814,6252,4.871869823638312,1,False
5710,5711,Branch_6734,295,707,473.9336492890995,1,False
5711,5712,Branch_6735,7898,8412,74.07407407407408,1,False
5712,5713,Branch_6736,7898,7918,198.80715705765408,1,False
5713,5714,Branch_6737,7899,8281,27.48763056624519,1,False
5714,5715,Branch_6738,7899,8599,7.456009543692216,1,False
5715,5716,Branch_6739,8033,8387,40.93327875562833,1,False
5716,5717,Branch_6740,8147,8387,41.999160016799664,1,False
5717,5718,Branch_6741,8119,8340,23.337222870478413,1,False
5718,5719,Branch_6742,6167,6166,16.486196468637207,1,False
5719,5720,Branch_6743,6166,6167,16.486196468637207,1,False
5720,5721,Branch_6744,6024,6167,87.03220191470844,1,False
5721,5722,Branch_6745,5723,6166,6.014675808973896,1,False
5722,5723,Branch_6746,7093,7341,12.007684918347742,1,False
5723,5724,Branch_6747,7249,7341,22.099447513812155,1,False
5724,5725,Branch_6748,6274,7341,26.281208935611037,1,False
5725,5726,Branch_6749,431,1087,44.150110375275936,1,False
5726,5727,Branch_6750,8775,8905,9.902951079421667,1,False
5727,5728,Branch_6751,6864,6957,9.91768322919766,1,False
5728,5729,Branch_6752,6957,7133,13.317352510320948,1,False
5729,5730,Branch_6753,8721,8775,22.36636099306643,1,False
5730,5731,Branch_6755,2747,4877,2000.0,1,False
5731,5732,Branch_6756,4630,4877,2000.0,1,False
5732,5733,Branch_6757,2818,4877,15.105740181268882,1,False
5733,5734,Branch_6758,2888,2889,6.104633416763323,1,False
5734,5735,Branch_6759,2888,2890,14.70155836518671,1,False
5735,5736,Branch_6760,83,1077,245.09803921568627,1,False
5736,5737,Branch_6761,83,661,1562.5,1,False
5737,5738,Branch_6762,83,1023,125.15644555694618,1,False
5738,5739,Branch_6763,3735,3737,33.32222592469177,1,False
5739,5740,Branch_6764,3735,3736,33.32222592469177,1,False
5740,5741,Branch_6765,885,1574,1694.915254237288,1,False
5741,5742,Branch_6767,314,562,657.8947368421053,1,False
5742,5743,Branch_6768,894,1507,47.32787245649709,1,False
5743,5744,Branch_6769,894,1507,47.32787245649709,1,False
5744,5745,Branch_6770,8078,8116,25.201612903225808,1,False
5745,5746,Branch_6771,7545,7546,16.4257555847569,1,False
5746,5747,Branch_6772,7545,7547,16.4257555847569,1,False
5747,5748,Branch_6773,6659,7545,2000.0,1,False
5748,5749,Branch_6774,5581,5629,23.980815347721823,1,False
5749,5750,Branch_6775,16,109,100.10010010010012,1,False
5750,5751,Branch_6778,16,1128,226.2443438914027,1,False
5751,5752,Branch_6781,2980,8843,500.0,1,False
5752,5753,Branch_6783,4770,4772,46.62004662004662,1,False
5753,5754,Branch_6784,4771,4772,-473.9336492890995,1,False
5754,5755,Branch_6785,4773,4772,8.992805755395684,1,False
5755,5756,Branch_6786,4770,4774,46.59832246039143,1,False
5756,5757,Branch_6787,4771,4774,-476.1904761904762,1,False
5757,5758,Branch_6788,4775,4774,8.958165367732688,1,False
5758,5759,Branch_6799,8041,8040,5.55926173004225,1,False
5759,5760,Branch_6800,7997,7996,6.802721088435374,1,False
5760,5761,Branch_6801,6526,6834,735.2941176470588,1,False
5761,5762,Branch_6802,761,1542,73.20644216691069,1,False
5762,5763,Branch_6803,1542,1538,30.640864943897924,1,False
5763,5764,Branch_6804,1542,1538,30.640864943897924,1,False
5764,5765,Branch_6805,1542,1538,30.640864943897924,1,False
5765,5766,Branch_6806,1540,1530,4.563917666925288,1,False
5766,5767,Branch_6807,1540,1531,4.563917666925288,1,False
5767,5768,Branch_6808,1540,1532,4.558716265499635,1,False
5768,5769,Branch_6809,1537,1535,12.379301807378065,1,False
5769,5770,Branch_6810,1541,1539,13.672409078479628,1,False
5770,5771,Branch_6811,1536,1533,2.39652982481367,1,False
5771,5772,Branch_6812,1537,1533,6.259382597270901,1,False
5772,5773,Branch_6813,1537,1533,6.259382597270901,1,False
5773,5774,Branch_6814,1536,1534,7.98540596779324,1,False
5774,5775,Branch_6815,1536,1534,7.98540596779324,1,True
5775,5776,Branch_6816,1536,1534,7.98540596779324,1,False
5776,5777,Branch_6817,1536,1534,7.98540596779324,1,False
5777,5778,Branch_6818,5576,5577,26.63115845539281,1,False
5778,5779,Branch_6819,5577,5578,43.10344827586207,1,False
5779,5780,Branch_6820,5577,5593,41.16920543433512,1,False
5780,5781,Branch_6821,5286,5440,2000.0,1,False
5781,5782,Branch_6823,7652,7658,46.2962962962963,1,False
5782,5783,Branch_6824,7650,7658,-458.7155963302752,1,False
5783,5784,Branch_6825,7655,7658,8.933357155619081,1,False
5784,5785,Branch_6826,7653,7659,46.2962962962963,1,False
5785,5786,Branch_6827,7650,7659,-458.7155963302752,1,False
5786,5787,Branch_6828,7657,7659,8.933357155619081,1,False
5787,5788,Branch_6829,1207,1567,215.9827213822894,1,False
5788,5789,Branch_6830,1281,1567,571.4285714285714,1,False
5789,5790,Branch_6831,881,1567,2000.0,1,False
5790,5791,Branch_6833,2437,2436,10.018032458425166,1,False
5791,5792,Branch_6834,2430,2437,2000.0,1,False
5792,5793,Branch_6836,7978,8588,63.05170239596469,1,False
5793,5794,Branch_6837,2498,2540,2000.0,1,False
5794,5795,Branch_6838,2379,2540,50.607287449392715,1,False
5795,5796,Branch_6839,1947,2540,112.99435028248588,1,False
5796,5797,Branch_6840,1768,2540,53.821313240043054,1,False
5797,5798,Branch_6841,2400,2540,19.029495718363464,1,False
5798,5799,Branch_6842,1841,2113,19.654088050314467,1,False
5799,5800,Branch_6843,1841,1930,20.554984583761563,1,False
5800,5801,Branch_6844,2091,2113,15.693659761456372,1,False
5801,5802,Branch_6845,1779,2659,145.5604075691412,1,False
5802,5803,Branch_6846,1779,2627,3144.1906165561286,1,False
5803,5804,Branch_6847,1779,2627,3144.1906165561286,1,False
5804,5805,Branch_6848,1779,2085,294.11764705882354,1,False
5805,5806,Branch_6849,2046,2379,24.919013207077,1,False
5806,5807,Branch_6853,3480,4683,2000.0,1,False
5807,5808,Branch_6854,3480,4679,232.0185614849188,1,False
5808,5809,Branch_6855,8222,8435,26.469031233456857,1,False
5809,5810,Branch_6856,8406,8435,54.34782608695652,1,False
5810,5811,Branch_6857,8651,8654,1.2196311835301006,1,False
5811,5812,Branch_6858,8651,8653,1.2225536701061177,1,False
5812,5813,Branch_6860,8435,8651,96.66505558240696,1,False
5813,5814,Branch_6861,8435,8651,96.66505558240696,1,False
5814,5815,Branch_6862,8335,8336,9.16590284142988,1,False
5815,5816,Branch_6863,8336,8574,12.399256044637324,1,False
5816,5817,Branch_6864,8335,8383,5.347307630607989,1,False
5817,5818,Branch_6865,8336,8520,10.855405992184108,1,False
5818,5819,Branch_6866,8335,8337,662.2516556291391,1,False
5819,5820,Branch_6867,8337,8338,168.35016835016836,1,False
5820,5821,Branch_6868,2684,3264,73.52941176470588,1,False
5821,5822,Branch_6869,3264,4685,30.303030303030305,1,False
5822,5823,Branch_6870,47,1309,166.66666666666666,1,False
5823,5824,Branch_6871,8375,8598,6.6970265202250205,1,False
5824,5825,Branch_6872,804,8598,4.5551860793513415,1,False
5825,5826,Branch_6873,47,1369,421.9409282700422,1,False
5826,5827,Branch_6874,7177,7387,87.48906386701663,1,False
5827,5828,Branch_6878,5571,5598,2000.0,1,False
5828,5829,Branch_6879,771,1333,26.75943270002676,1,False
5829,5830,Branch_6880,1333,1746,77.9423226812159,1,False
5830,5831,Branch_6881,611,1333,2000.0,1,False
5831,5832,Branch_6882,993,1333,145.1378809869376,1,False
5832,5833,Branch_6883,927,1333,625.0,1,False
5833,5834,Branch_6884,3865,3866,6.079027355623101,1,False
5834,5835,Branch_6885,26,1175,47.43833017077799,1,False
5835,5836,Branch_6887,26,830,46.18937644341801,1,False
5836,5837,Branch_6888,7092,7113,37.5234521575985,1,False
5837,5838,Branch_6889,225,1054,216.9197396963124,1,False
5838,5839,Branch_6890,225,1700,106.83760683760684,1,False
5839,5840,Branch_6892,380,381,2000.0,1,False
5840,5841,Branch_6893,380,379,13.10615989515072,1,False
5841,5842,Branch_6897,5058,5059,10.60220525869381,1,False
5842,5843,Branch_6898,5058,5060,10.501995379122032,1,False
5843,5844,Branch_6899,6280,6283,18.31501831501831,1,False
5844,5845,Branch_6900,6278,6281,15.28117359413203,1,False
5845,5846,Branch_6901,6279,6282,15.377518068583733,1,False
5846,5847,Branch_6902,6344,6343,10.002000400080016,1,False
5847,5848,Branch_6903,5704,5879,216.4502164502165,1,False
5848,5849,Branch_6904,5704,5947,5.443658138268916,1,False
5849,5850,Branch_6905,5704,6053,3.5486160397444997,1,False
5850,5851,Branch_6906,5438,5439,72.41129616220131,1,False
5851,5852,Branch_6907,5436,5439,72.41129616220131,1,False
5852,5853,Branch_6908,5437,5439,-72.41129616220131,1,False
5853,5854,Branch_6909,3770,3768,12.363996043521269,1,False
5854,5855,Branch_6910,6263,6402,94.5179584120983,1,False
5855,5856,Branch_6911,6402,6460,176.3668430335097,1,False
5856,5857,Branch_6912,5056,5057,12.009126936471718,1,False
5857,5858,Branch_6913,5034,5056,321.54340836012864,1,False
5858,5859,Branch_6917,6187,6188,2000.0,1,False
5859,5860,Branch_6918,4702,6189,847.457627118644,1,False
5860,5861,Branch_6919,5082,5080,15.420200462606012,1,False
5861,5862,Branch_6920,5082,5081,8.862105636299185,1,False
5862,5863,Branch_6921,5082,5083,16.803898504453034,1,False
5863,5864,Branch_6922,2613,2612,3.486750348675035,1,False
5864,5865,Branch_6923,3903,3951,66.75567423230974,1,False
5865,5866,Branch_6924,6730,6729,34.48870494912916,1,False
5866,5867,Branch_6925,6730,6729,34.48870494912916,1,False
5867,5868,Branch_6926,6729,6732,7.754943776657619,1,False
5868,5869,Branch_6927,6729,6733,7.814942169427947,1,False
5869,5870,Branch_6928,6729,6731,7.754943776657619,1,False
5870,5871,Branch_6929,8917,9097,8.091269520187717,1,False
5871,5872,Branch_6930,9097,9438,4.932669067232279,1,False
5872,5873,Branch_6931,9083,9097,15.482272797646694,1,False
5873,5874,Branch_6933,7586,7585,7.767593599502874,1,False
5874,5875,Branch_6934,4421,4422,4.492362982929021,1,False
5875,5876,Branch_6936,6340,6341,8.031483414986749,1,False
5876,5877,Branch_6937,6340,6342,8.065817067268915,1,False
5877,5878,Branch_6938,6220,6340,45.78754578754579,1,False
5878,5879,Branch_6939,204,771,196.8503937007874,1,False
5879,5880,Branch_6940,771,873,54.525627044711015,1,False
5880,5881,Branch_6941,771,874,55.46311702717693,1,False
5881,5882,Branch_6942,771,1519,30.816640986132512,1,False
5882,5883,Branch_6943,771,1107,54.17118093174431,1,False
5883,5884,Branch_6944,330,329,14.291839359725596,1,False
5884,5885,Branch_6946,874,1695,57.93742757821553,1,False
5885,5886,Branch_6948,9279,9280,13.368983957219251,1,False
5886,5887,Branch_6949,9279,9281,13.502565487442617,1,False
5887,5888,Branch_6950,1619,1622,12.95001295001295,1,False
5888,5889,Branch_6951,1619,1623,12.916559028674762,1,False
5889,5890,Branch_6952,1619,1620,5.313496280552604,1,False
5890,5891,Branch_6953,1619,1621,5.353319057815845,1,False
5891,5892,Branch_6954,1613,1608,10.721561059290233,1,False
5892,5893,Branch_6956,1613,1605,10.616838305552609,1,False
5893,5894,Branch_6957,1613,1607,10.763104079216443,1,False
5894,5895,Branch_6958,1613,1609,10.626992561105208,1,False
5895,5896,Branch_6959,1613,1604,5.394616173059287,1,False
5896,5897,Branch_6960,1613,1612,9.23020121838656,1,False
5897,5898,Branch_6961,1613,1611,7.763372408974458,1,False
5898,5899,Branch_6962,1613,1603,12.9366106080207,1,False
5899,5900,Branch_6963,1615,1610,9.685230024213077,1,False
5900,5901,Branch_6964,1614,1610,9.933445912387008,1,False
5901,5902,Branch_6965,1610,1633,26.31578947368421,1,False
5902,5903,Branch_6966,1602,1633,6.125588638111855,1,False
5903,5904,Branch_6967,1602,1633,6.125588638111855,1,True
5904,5905,Branch_6968,1627,1628,10.001000100010002,1,False
5905,5906,Branch_6969,1626,1628,10.001000100010002,1,False
5906,5907,Branch_6970,1628,1629,5.000250012500625,1,False
5907,5908,Branch_6971,1628,1630,12.048192771084338,1,False
5908,5909,Branch_6972,1628,1631,12.048192771084338,1,False
5909,5910,Branch_6973,1610,1632,11.574074074074074,1,False
5910,5911,Branch_6974,1618,1632,5.87820362097343,1,False
5911,5912,Branch_6975,1625,1632,5.906325674797708,1,False
5912,5913,Branch_6976,1352,1610,102.56410256410255,1,False
5913,5914,Branch_6977,759,1610,21.427040925648168,1,False
5914,5915,Branch_6978,7087,7090,50.25125628140704,1,False
5915,5916,Branch_6979,3660,3662,46.57661853749418,1,False
5916,5917,Branch_6980,3659,3662,-480.7692307692308,1,False
5917,5918,Branch_6981,3661,3662,9.01144453455889,1,False
5918,5919,Branch_6982,5967,6171,1818.1818181818185,1,False
5919,5920,Branch_6983,5733,6171,6.421782686873876,1,False
5920,5921,Branch_6984,3480,4269,333.3333333333333,1,False
5921,5922,Branch_6985,230,667,4.84027105517909,1,False
5922,5923,Branch_6986,4269,4744,384.61538461538464,1,False
5923,5924,Branch_6987,204,622,55.80357142857143,1,False
5924,5925,Branch_6988,280,1360,60.93845216331505,1,False
5925,5926,Branch_6989,6691,7068,2000.0,1,False
5926,5927,Branch_6991,8087,8086,16.005121638924457,1,False
5927,5928,Branch_6992,8084,8086,384.61538461538464,1,False
5928,5929,Branch_6993,8085,8086,39.43217665615142,1,False
5929,5930,Branch_6994,8085,8467,109.5290251916758,1,False
5930,5931,Branch_6995,8085,8467,109.5290251916758,1,False
5931,5932,Branch_6996,9055,9230,58.78894767783657,1,False
5932,5933,Branch_6997,9230,9410,74.46016381236039,1,False
5933,5934,Branch_6998,8272,8270,10.529640939243972,1,False
5934,5935,Branch_6999,8272,8271,10.529640939243972,1,False
5935,5936,Branch_7000,8264,8272,454.54545454545456,1,False
5936,5937,Branch_7001,4315,4600,68.72852233676976,1,False
5937,5938,Branch_7002,4602,4600,6.031363088057901,1,False
5938,5939,Branch_7003,4601,4600,5.0208364713561275,1,False
5939,5940,Branch_7004,3029,4601,17.7999288002848,1,False
5940,5941,Branch_7005,3235,4600,25.131942699170647,1,False
5941,5942,Branch_7006,1879,2180,61.95786864931846,1,False
5942,5943,Branch_7007,2093,2095,59.523809523809526,1,False
5943,5944,Branch_7008,2093,2094,43.89815627743635,1,False
5944,5945,Branch_7009,2543,2544,40.600893219650835,1,False
5945,5946,Branch_7010,8346,8628,90.33423667570008,1,False
5946,5947,Branch_7011,378,869,134.77088948787062,1,False
5947,5948,Branch_7013,89,869,165.8374792703151,1,False
5948,5949,Branch_7014,1492,1493,5.720823798627002,1,False
5949,5950,Branch_7015,2082,2154,66.35700066357,1,False
5950,5951,Branch_7016,5139,5137,14.57301078402798,1,False
5951,5952,Branch_7017,5139,5140,14.57301078402798,1,False
5952,5953,Branch_7018,5139,5138,15.6128024980484,1,False
5953,5954,Branch_7019,5134,5133,14.330753797649756,1,False
5954,5955,Branch_7020,5134,5135,14.3000143000143,1,False
5955,5956,Branch_7021,5134,5136,15.5448468832582,1,False
5956,5957,Branch_7022,6015,6014,3.5855145213338115,1,False
5957,5958,Branch_7023,5834,5863,7.548309178743962,1,False
5958,5959,Branch_7024,8509,8512,7.224389539083948,1,False
5959,5960,Branch_7025,7831,8512,1.1098163253981466,1,False
5960,5961,Branch_7026,7822,8512,2.355601620653915,1,False
5961,5962,Branch_7027,7848,8399,1.6270745200130166,1,False
5962,5963,Branch_7028,5383,5450,124.84394506866415,1,False
5963,5964,Branch_7029,6918,7092,18.618506795754985,1,False
5964,5965,Branch_7030,7092,7093,7.110858280594468,1,False
5965,5966,Branch_7031,8088,8501,5.151187348683871,1,False
5966,5967,Branch_7032,5696,5865,1.6984272563606102,1,False
5967,5968,Branch_7033,8439,8508,3.250975292587776,1,False
5968,5969,Branch_7034,1077,1390,141.44271570014143,1,False
5969,5970,Branch_7035,3682,3688,12.169891687963975,1,False
5970,5971,Branch_7036,3682,3687,12.1921482565228,1,False
5971,5972,Branch_7037,3682,3683,12.169891687963975,1,False
5972,5973,Branch_7038,3685,3691,12.112403100775191,1,False
5973,5974,Branch_7039,3685,3690,12.19958521410272,1,False
5974,5975,Branch_7040,3685,3686,12.135922330097088,1,False
5975,5976,Branch_7041,3682,3684,27.87844995818233,1,False
5976,5977,Branch_7042,3685,3689,27.808676307007783,1,False
5977,5978,Branch_7043,3032,3569,2000.0,1,False
5978,5979,Branch_7045,8761,8849,48.59086491739553,1,False
5979,5980,Branch_7046,7938,8015,47.37091425864519,1,False
5980,5981,Branch_7047,7938,8347,40.22526146419952,1,False
5981,5982,Branch_7048,7938,8313,251.88916876574308,1,False
5982,5983,Branch_7049,7938,8311,251.88916876574308,1,False
5983,5984,Branch_7050,7938,8312,251.88916876574308,1,True
5984,5985,Branch_7051,8310,8313,14.36988072998994,1,False
5985,5986,Branch_7052,8309,8311,13.904338153503891,1,False
5986,5987,Branch_7053,8308,8312,13.827433628318584,1,False
5987,5988,Branch_7054,5863,6011,5.406282099799967,1,False
5988,5989,Branch_7055,5863,5965,1.9062869343093525,1,False
5989,5990,Branch_7056,6515,6516,2000.0,1,False
5990,5991,Branch_7057,2757,4328,31.24023742580444,1,False
5991,5992,Branch_7058,3255,4093,82.57638315441784,1,False
5992,5993,Branch_7059,3813,3989,31.055900621118013,1,False
5993,5994,Branch_7060,2716,3828,13.35291761249833,1,False
5994,5995,Branch_7061,9452,9450,16.655562958027982,1,False
5995,5996,Branch_7062,9452,9451,16.655562958027982,1,False
5996,5997,Branch_7063,23,317,225.2252252252252,1,False
5997,5998,Branch_7064,24,316,225.2252252252252,1,False
5998,5999,Branch_7068,317,318,2000.0,1,False
5999,6000,Branch_7069,316,319,2000.0,1,False
6000,6001,Branch_7070,263,317,110.49723756906076,1,False
6001,6002,Branch_7071,266,316,110.13215859030836,1,False
6002,6003,Branch_7072,149,1455,103.62694300518136,1,False
6003,6004,Branch_7073,8879,8880,54.112554112554115,1,False
6004,6005,Branch_7074,8878,8880,101.9367991845056,1,False
6005,6006,Branch_7075,8881,8880,6.914194842010648,1,False
6006,6007,Branch_7076,6151,6247,2000.0,1,False
6007,6008,Branch_7077,6151,6436,25.4000508001016,1,False
6008,6009,Branch_7078,5943,6151,88.41732979664015,1,False
6009,6010,Branch_7081,6898,6897,5.887894488930758,1,False
6010,6011,Branch_7082,6897,6909,9.92950054612253,1,False
6011,6012,Branch_7083,6771,6898,14.351320321469576,1,False
6012,6013,Branch_7084,6086,6235,69.25207756232687,1,False
6013,6014,Branch_7085,5780,6301,73.04601899196494,1,False
6014,6015,Branch_7086,5766,5781,53.648068669527895,1,False
6015,6016,Branch_7087,5780,5781,2000.0,1,False
6016,6017,Branch_7088,5179,5492,2000.0,1,False
6017,6018,Branch_7089,5492,5490,42.24757076468103,1,False
6018,6019,Branch_7090,5492,5491,42.24757076468103,1,False
6019,6020,Branch_7091,5492,5489,42.24757076468103,1,False
6020,6021,Branch_7092,5492,5488,75.7002271006813,1,False
6021,6022,Branch_7093,7015,7014,7.523888345496953,1,False
6022,6023,Branch_7094,7014,7318,9.609840476648088,1,False
6023,6024,Branch_7095,6511,7014,12.493753123438282,1,False
6024,6025,Branch_7096,7068,7317,17.01258931609391,1,False
6025,6026,Branch_7097,2771,2770,12.750223128904755,1,False
6026,6027,Branch_7098,2771,2774,183.4862385321101,1,False
6027,6028,Branch_7099,4450,4800,122.85012285012284,1,True
6028,6029,Branch_7100,938,959,50.70993914807302,1,False
6029,6030,Branch_7101,820,939,51.94805194805195,1,False
6030,6031,Branch_7102,939,940,2000.0,1,False
6031,6032,Branch_7103,938,1049,96.15384615384616,1,False
6032,6033,Branch_7104,832,938,35.1000351000351,1,False
6033,6034,Branch_7107,600,622,88.49557522123894,1,False
6034,6035,Branch_7110,381,1227,1818.1818181818185,1,False
6035,6036,Branch_7111,8004,8084,12.49843769528809,1,False
6036,6037,Branch_7112,6646,6645,9.901970492127932,1,False
6037,6038,Branch_7113,6646,6654,2000.0,1,False
6038,6039,Branch_7114,1497,1655,28.256569652444192,1,False
6039,6040,Branch_7115,1495,1497,117.37089201877934,1,False
6040,6041,Branch_7116,1496,1498,118.48341232227487,1,False
6041,6042,Branch_7117,1010,1497,144.92753623188406,1,False
6042,6043,Branch_7118,1010,1498,144.3001443001443,1,False
6043,6044,Branch_7119,873,1193,47.68717215069147,1,False
6044,6045,Branch_7120,394,1193,86.20689655172414,1,False
6045,6046,Branch_7121,2132,2659,61.652281134401974,1,False
6046,6047,Branch_7122,2434,2659,43.196544276457885,1,False
6047,6048,Branch_7123,32,1198,70.92198581560284,1,False
6048,6049,Branch_7124,320,858,175.43859649122808,1,False
6049,6050,Branch_7125,858,897,77.45933384972889,1,False
6050,6051,Branch_7126,897,1454,89.04719501335708,1,False
6051,6052,Branch_7127,1259,1454,35.373187124159884,1,False
6052,6053,Branch_7128,995,1198,59.523809523809526,1,False
6053,6054,Branch_7129,764,1423,17.88908765652952,1,False
6054,6055,Branch_7130,1200,1330,25.374270489723425,1,False
6055,6056,Branch_7131,907,1200,31.94888178913738,1,False
6056,6057,Branch_7132,1330,1423,285.7142857142857,1,False
6057,6058,Branch_7133,819,1308,551.4855514855515,1,False
6058,6059,Branch_7134,775,1518,507.61421319796955,1,False
6059,6060,Branch_7135,205,1518,77.88161993769471,1,False
6060,6061,Branch_7136,775,1654,352.11267605633805,1,False
6061,6062,Branch_7137,1337,1654,352.11267605633805,1,False
6062,6063,Branch_7138,819,1518,568.1818181818181,1,False
6063,6064,Branch_7139,1246,1518,93.02325581395348,1,False
6064,6065,Branch_7140,1247,1518,93.98496240601504,1,False
6065,6066,Branch_7141,439,969,29.48117307256401,1,False
6066,6067,Branch_7142,439,1308,92.42144177449168,1,False
6067,6068,Branch_7143,819,1308,551.4855514855515,1,False
6068,6069,Branch_7144,819,918,1562.5,1,False
6069,6070,Branch_7145,918,1337,86.35578583765113,1,False
6070,6071,Branch_7146,439,969,29.48117307256401,1,False
6071,6072,Branch_7147,439,995,228.83295194508008,1,False
6072,6073,Branch_7148,995,1308,108.69565217391305,1,False
6073,6074,Branch_7149,403,969,86.80555555555556,1,False
6074,6075,Branch_7150,32,403,79.87220447284345,1,False
6075,6076,Branch_7152,1330,1375,35.62522265764161,1,False
6076,6077,Branch_7153,1785,1957,263.1578947368421,1,False
6077,6078,Branch_7154,1785,1924,144.0922190201729,1,False
6078,6079,Branch_7155,2061,2477,99.2063492063492,1,False
6079,6080,Branch_7156,2422,2477,133.86880856760374,1,False
6080,6081,Branch_7157,871,1381,49.26108374384236,1,False
6081,6082,Branch_7158,56,1381,54.34782608695652,1,False
6082,6083,Branch_7159,203,1381,925.925925925926,1,False
6083,6084,Branch_7160,45,1404,279.3296089385475,1,False
6084,6085,Branch_7161,45,1357,246.3054187192118,1,False
6085,6086,Branch_7162,56,1336,67.47638326585695,1,False
6086,6087,Branch_7163,56,282,192.67822736030828,1,False
6087,6088,Branch_7164,281,282,454.54545454545456,1,False
6088,6089,Branch_7165,281,1310,454.54545454545456,1,False
6089,6090,Branch_7166,105,281,2000.0,1,False
6090,6091,Branch_7167,1336,1357,67.56756756756756,1,False
6091,6092,Branch_7168,1357,1689,58.51375073142189,1,False
6092,6093,Branch_7169,1238,1689,60.31363088057901,1,True
6093,6094,Branch_7170,1307,1384,26.041666666666668,1,False
6094,6095,Branch_7171,1238,1384,61.652281134401974,1,False
6095,6096,Branch_7172,856,1384,31.979533098816756,1,False
6096,6097,Branch_7173,1345,1404,257.7319587628866,1,False
6097,6098,Branch_7174,1307,1345,18.115942028985508,1,False
6098,6099,Branch_7175,1238,1345,143.47202295552367,1,False
6099,6100,Branch_7176,856,1307,16.31055292774425,1,False
6100,6101,Branch_7177,196,1307,110.49723756906076,1,False
6101,6102,Branch_7178,196,1458,93.45794392523364,1,False
6102,6103,Branch_7179,871,1597,56.78591709256104,1,False
6103,6104,Branch_7180,1573,1597,510.2040816326531,1,False
6104,6105,Branch_7181,871,1458,42.42681374628766,1,False
6105,6106,Branch_7182,1084,1199,23.457658925639223,1,False
6106,6107,Branch_7183,1199,1685,78.36990595611286,1,False
6107,6108,Branch_7184,25,1685,11.771630370806356,1,False
6108,6109,Branch_7185,25,321,137.7410468319559,1,False
6109,6110,Branch_7186,1238,1651,195.9412042899205,1,False
6110,6111,Branch_7187,1376,1491,454.54545454545456,1,False
6111,6112,Branch_7188,41,1491,704.2253521126761,1,False
6112,6113,Branch_7189,41,1347,95.60229445506693,1,False
6113,6114,Branch_7192,1238,1651,195.9412042899205,1,False
6114,6115,Branch_7193,2654,2655,3.5855145213338115,1,False
6115,6116,Branch_7194,205,969,76.4525993883792,1,False
6116,6117,Branch_7195,8714,8722,13.119916032537391,1,False
6117,6118,Branch_7196,8714,8897,9.98003992015968,1,False
6118,6119,Branch_7197,6443,6444,15.832805573147562,1,False
6119,6120,Branch_7198,6443,6445,6.892748828232699,1,False
6120,6121,Branch_7199,6406,6443,2000.0,1,False
6121,6122,Branch_7200,562,564,2000.0,1,True
6122,6123,Branch_7201,283,562,11.67269756040621,1,False
6123,6124,Branch_7202,473,472,6.70510929328148,1,False
6124,6125,Branch_7203,8119,8592,114.41647597254004,1,False
6125,6126,Branch_7204,1086,1520,18.214936247723134,1,False
6126,6127,Branch_7205,1167,1520,25.012506253126563,1,False
6127,6128,Branch_7206,2596,2597,65.02173239371716,1,False
6128,6129,Branch_7207,2596,2597,65.02173239371716,1,False
6129,6130,Branch_7208,422,923,213.2196162046908,1,False
6130,6131,Branch_7209,8535,8536,9.090909090909092,1,False
6131,6132,Branch_7210,8038,8536,23.860653781913623,1,False
6132,6133,Branch_7211,8535,8617,10.629251700680271,1,False
6133,6134,Branch_7212,8406,8536,14.766686355581808,1,False
6134,6135,Branch_7216,1968,2597,4000.0,1,False
6135,6136,Branch_7217,1968,2597,4000.0,1,False
6136,6137,Branch_7218,7881,7885,104.82180293501048,1,False
6137,6138,Branch_7219,7885,8343,41.339396444811904,1,False
6138,6139,Branch_7220,7885,8522,40.11231448054553,1,False
6139,6140,Branch_7221,7753,7882,105.26315789473684,1,False
6140,6141,Branch_7222,7753,8112,17.6056338028169,1,False
6141,6142,Branch_7223,7753,8507,79.23930269413628,1,False
6142,6143,Branch_7224,7881,7883,2000.0,1,False
6143,6144,Branch_7225,3813,4717,8.547008547008547,1,False
6144,6145,Branch_7227,9135,9136,-49.6031746031746,1,False
6145,6146,Branch_7229,9137,9241,178.57142857142858,1,False
6146,6147,Branch_7230,778,1553,135.13513513513513,1,False
6147,6148,Branch_7231,776,1553,113.37868480725623,1,False
6148,6149,Branch_7232,776,957,23.82654276864427,1,False
6149,6150,Branch_7234,778,779,2000.0,1,False
6150,6151,Branch_7235,778,1010,9.686168151879116,1,False
6151,6152,Branch_7236,1175,1178,23.803856224708404,1,False
6152,6153,Branch_7237,1178,1180,2000.0,1,False
6153,6154,Branch_7240,883,1177,8.557247989046722,1,False
6154,6155,Branch_7241,1174,1671,527.7044854881267,1,False
6155,6156,Branch_7242,1174,1671,527.7044854881267,1,False
6156,6157,Branch_7243,671,1178,70.0280112044818,1,False
6157,6158,Branch_7244,669,1175,70.17543859649123,1,False
6158,6159,Branch_7245,1181,1490,45.02476361999099,1,False
6159,6160,Branch_7246,1181,1218,56.40157924421884,1,False
6160,6161,Branch_7247,44,1178,77.51937984496124,1,False
6161,6162,Branch_7248,1178,1706,432.9004329004329,1,False
6162,6163,Branch_7249,1178,1707,432.9004329004329,1,False
6163,6164,Branch_7250,1088,1174,304.8780487804878,1,False
6164,6165,Branch_7252,994,1178,77.82101167315174,1,False
6165,6166,Branch_7253,1181,1281,105.3740779768177,1,False
6166,6167,Branch_7254,1175,1282,107.87486515641856,1,False
6167,6168,Branch_7255,1177,1261,10.978153474585577,1,False
6168,6169,Branch_7257,1174,1186,101.7293997965412,1,False
6169,6170,Branch_7259,1175,1186,211.4164904862579,1,False
6170,6171,Branch_7260,1189,1186,12.026458208057727,1,False
6171,6172,Branch_7261,1174,1187,54.614964500273075,1,False
6172,6173,Branch_7263,1181,1187,-248.75621890547265,1,False
6173,6174,Branch_7264,1190,1187,10.580890911014707,1,False
6174,6175,Branch_7265,1177,1188,13.252054068380598,1,False
6175,6176,Branch_7266,1181,1188,-25.284450063211125,1,False
6176,6177,Branch_7267,1191,1188,3.372795035245708,1,False
6177,6178,Branch_7268,1179,1171,6.527415143603133,1,False
6178,6179,Branch_7269,1185,1171,6.559958016268696,1,False
6179,6180,Branch_7270,1180,1171,136.986301369863,1,False
6180,6181,Branch_7271,1184,1172,5.02411575562701,1,False
6181,6182,Branch_7272,1173,1172,5.094762584063583,1,False
6182,6183,Branch_7273,1180,1172,-27.07092582566324,1,False
6183,6184,Branch_7274,1182,1176,5.024368185700648,1,False
6184,6185,Branch_7275,1183,1176,5.111690436027194,1,False
6185,6186,Branch_7276,1180,1176,-29.086678301337987,1,False
6186,6187,Branch_7277,8354,8516,56.40157924421884,1,False
6187,6188,Branch_7278,8175,8193,2000.0,1,False
6188,6189,Branch_7279,8175,8194,2000.0,1,False
6189,6190,Branch_7280,8175,8195,1666.6666666666667,1,False
6190,6191,Branch_7281,8175,8196,1666.6666666666667,1,False
6191,6192,Branch_7282,5245,5342,102.35414534288638,1,False
6192,6193,Branch_7284,3554,3979,99.601593625498,1,False
6193,6194,Branch_7285,8866,8892,40.783034257748774,1,False
6194,6195,Branch_7286,3648,4487,47.66444232602478,1,False
6195,6196,Branch_7287,2225,2404,152.9051987767584,1,False
6196,6197,Branch_7288,2404,2606,39.714058776806986,1,False
6197,6198,Branch_7289,8018,8532,16.142050040355127,1,False
6198,6199,Branch_7290,8532,8531,17.31301939058172,1,False
6199,6200,Branch_7291,7880,8531,39.21568627450981,1,False
6200,6201,Branch_7292,4560,4564,8.021819348628268,1,False
6201,6202,Branch_7293,8514,8531,49.382716049382715,1,False
6202,6203,Branch_7294,7876,8532,61.34969325153374,1,False
6203,6204,Branch_7295,7880,8395,8.361204013377927,1,False
6204,6205,Branch_7296,22,23,84.45945945945945,1,False
6205,6206,Branch_7297,21,24,84.10428931875526,1,False
6206,6207,Branch_7298,24,477,68.58710562414267,1,False
6207,6208,Branch_7300,228,886,48.99559039686428,1,False
6208,6209,Branch_7301,228,527,105.04201680672269,1,False
6209,6210,Branch_7302,229,527,53.07855626326964,1,False
6210,6211,Branch_7303,226,228,56.49717514124294,1,False
6211,6212,Branch_7304,227,229,142.45014245014244,1,False
6212,6213,Branch_7305,8090,8175,89.76660682226212,1,False
6213,6214,Branch_7306,8175,8396,106.38297872340424,1,False
6214,6215,Branch_7307,5245,5249,28.735632183908045,1,False
6215,6216,Branch_7308,5244,5249,-120.48192771084338,1,False
6216,6217,Branch_7309,5246,5249,4.477077363896848,1,False
6217,6218,Branch_7310,5245,5250,31.436655139893116,1,False
6218,6219,Branch_7311,5244,5250,-546.448087431694,1,False
6219,6220,Branch_7312,5251,5250,9.991008092716555,1,False
6220,6221,Branch_7313,5245,5248,30.693677102516883,1,False
6221,6222,Branch_7314,5244,5248,-381.6793893129771,1,False
6222,6223,Branch_7315,5247,5248,10.903936321011884,1,False
6223,6224,Branch_7316,5244,5321,173.61111111111111,1,False
6224,6225,Branch_7317,3543,5245,61.22772985422121,1,False
6225,6226,Branch_7318,3543,5245,61.22772985422121,1,False
6226,6227,Branch_7321,1755,1757,34.02517863218782,1,False
6227,6228,Branch_7322,2493,2492,9.032607713846987,1,False
6228,6229,Branch_7323,2432,2493,2000.0,1,False
6229,6230,Branch_7324,7955,8528,220.14315969041837,1,False
6230,6231,Branch_7325,7955,8528,220.14315969041837,1,False
6231,6232,Branch_7326,7955,7995,41.49377593360996,1,False
6232,6233,Branch_7327,7955,8648,57.37234652897303,1,False
6233,6234,Branch_7328,7955,8649,38.328861632809506,1,False
6234,6235,Branch_7329,7955,7956,2000.0,1,True
6235,6236,Branch_7330,7955,7957,2000.0,1,False
6236,6237,Branch_7331,7955,8039,67.24949562878278,1,False
6237,6238,Branch_7332,1918,2415,4000.0,1,False
6238,6239,Branch_7333,1918,2415,4000.0,1,False
6239,6240,Branch_7334,1919,1920,57.77007510109763,1,False
6240,6241,Branch_7335,1918,1920,-746.2686567164179,1,False
6241,6242,Branch_7336,1923,1920,6.9993700566948975,1,False
6242,6243,Branch_7337,1919,1921,56.433408577878104,1,False
6243,6244,Branch_7338,1918,1921,-584.7953216374269,1,False
6244,6245,Branch_7339,1922,1921,6.675567423230975,1,False
6245,6246,Branch_7340,6010,6012,4.84824978182876,1,False
6246,6247,Branch_7341,8113,8567,4.988775255674732,1,False
6247,6248,Branch_7342,8827,9199,1587.3015873015872,1,False
6248,6249,Branch_7343,8886,9067,51.41388174807198,1,False
6249,6250,Branch_7344,8905,9067,3.87972841901067,1,False
6250,6251,Branch_7345,6667,6701,2000.0,1,False
6251,6252,Branch_7346,6637,6701,211.4164904862579,1,False
6252,6253,Branch_7347,6638,6701,1785.7142857142858,1,False
6253,6254,Branch_7351,3418,3446,3.3261267254282387,1,False
6254,6255,Branch_7352,567,935,94.07337723424271,1,False
6255,6256,Branch_7353,567,1694,31.133250311332503,1,False
6256,6257,Branch_7355,567,576,2000.0,1,False
6257,6258,Branch_7356,1900,1901,8.055421298533913,1,False
6258,6259,Branch_7357,3126,3149,5.06482982171799,1,False
6259,6260,Branch_7358,386,410,135.31799729364005,1,False
6260,6261,Branch_7359,410,1585,120.33694344163658,1,False
6261,6262,Branch_7361,5861,6207,3.9184952978056424,1,False
6262,6263,Branch_7362,5703,5861,14.667057788207686,1,False
6263,6264,Branch_7364,951,1553,448.4304932735426,1,False
6264,6265,Branch_7365,950,1553,448.4304932735426,1,False
6265,6266,Branch_7366,3885,3981,45.537340619307834,1,False
6266,6267,Branch_7367,9005,9006,6.761325219743069,1,True
6267,6268,Branch_7368,1309,1395,125.94458438287154,1,False
6268,6269,Branch_7369,3885,3883,9.017132551848512,1,False
6269,6270,Branch_7370,3884,3883,-109.89010989010988,1,False
6270,6271,Branch_7371,3886,3883,3.0609121518212428,1,False
6271,6272,Branch_7372,3885,3881,9.68054211035818,1,False
6272,6273,Branch_7373,3882,3881,178.57142857142858,1,False
6273,6274,Branch_7374,3887,3881,3.248862897985705,1,False
6274,6275,Branch_7375,10,1309,2000.0,1,False
6275,6276,Branch_7376,5654,5659,2000.0,1,False
6276,6277,Branch_7377,5659,5660,10.58425063505504,1,False
6277,6278,Branch_7378,8150,8256,202.83975659229208,1,False
6278,6279,Branch_7379,8150,8151,2000.0,1,False
6279,6280,Branch_7380,8150,8152,2000.0,1,False
6280,6281,Branch_7381,8150,8263,58.89281507656066,1,False
6281,6282,Branch_7382,713,1352,13.877324451845684,1,False
6282,6283,Branch_7383,2894,2893,6.68851581833991,1,False
6283,6284,Branch_7384,2894,5053,2000.0,1,False
6284,6285,Branch_7387,1991,1992,4.13992962119644,1,False
6285,6286,Branch_7388,6508,6808,3.585385966799326,1,False
6286,6287,Branch_7389,8728,9382,5.395489370885939,1,False
6287,6288,Branch_7390,9460,9458,9.46880030300161,1,False
6288,6289,Branch_7391,9460,9459,6.601531555320834,1,False
6289,6290,Branch_7392,5154,5611,14.515894904920888,1,False
6290,6291,Branch_7393,6384,6382,8.014104824491104,1,False
6291,6292,Branch_7394,6384,6383,8.084074373484237,1,False
6292,6293,Branch_7395,6340,6384,36.50967506389193,1,False
6293,6294,Branch_7396,8892,8939,2000.0,1,False
6294,6295,Branch_7397,1244,1247,1000.0,1,False
6295,6296,Branch_7398,1244,1246,1000.0,1,False
6296,6297,Branch_7399,9190,9230,2000.0,1,False
6297,6298,Branch_7400,9190,9189,11.363636363636363,1,False
6298,6299,Branch_7403,1221,1510,342.4657534246575,1,False
6299,6300,Branch_7407,292,1511,261.0966057441253,1,False
6300,6301,Branch_7408,1510,1511,2000.0,1,False
6301,6302,Branch_7409,1510,1512,2000.0,1,False
6302,6303,Branch_7411,9185,9183,10.50089257586895,1,False
6303,6304,Branch_7412,9185,9184,10.50089257586895,1,False
6304,6305,Branch_7413,9181,9180,10.498687664041997,1,False
6305,6306,Branch_7414,9181,9182,10.498687664041997,1,False
6306,6307,Branch_7417,8713,9099,14.273479874393376,1,False
6307,6308,Branch_7419,8713,8733,5.050249987374375,1,False
6308,6309,Branch_7420,9139,9240,84.38818565400844,1,False
6309,6310,Branch_7421,9113,9139,39.785237278933536,1,False
6310,6311,Branch_7422,9113,9139,39.785237278933536,1,False
6311,6312,Branch_7423,4036,4113,5.161823155938677,1,False
6312,6313,Branch_7424,3777,4113,512.8205128205128,1,False
6313,6314,Branch_7425,3209,4223,151.9756838905775,1,False
6314,6315,Branch_7426,2814,3209,42.918454935622314,1,False
6315,6316,Branch_7427,2691,4832,98.61932938856016,1,False
6316,6317,Branch_7428,3008,4951,115.47344110854505,1,False
6317,6318,Branch_7429,3009,3168,240.96385542168676,1,False
6318,6319,Branch_7430,3168,3653,7.549448890231013,1,False
6319,6320,Branch_7431,6667,6665,9.79431929480901,1,False
6320,6321,Branch_7432,6667,6666,9.782821365681862,1,False
6321,6322,Branch_7436,156,1116,27.3224043715847,1,False
6322,6323,Branch_7438,857,1116,3.5998416069692936,1,False
6323,6324,Branch_7440,7748,7845,10.396091069757771,1,False
6324,6325,Branch_7442,7863,7916,7.817997029161129,1,False
6325,6326,Branch_7443,5233,5244,20.55076037813399,1,False
6326,6327,Branch_7444,5233,5574,97.75171065493646,1,False
6327,6328,Branch_7445,3817,4843,56.85048322910745,1,False
6328,6329,Branch_7446,3817,4844,38.095238095238095,1,False
6329,6330,Branch_7447,5233,5544,133.86880856760374,1,False
6330,6331,Branch_7449,2772,2878,37.764350453172206,1,False
6331,6332,Branch_7450,9407,9408,6.636580833554553,1,False
6332,6333,Branch_7451,9407,9409,7.8277886497064575,1,False
6333,6334,Branch_7455,8176,8411,63.57279084551812,1,False
6334,6335,Branch_7457,8176,8177,2000.0,1,False
6335,6336,Branch_7458,2870,2871,8.203445447087777,1,False
6336,6337,Branch_7459,2867,2870,2000.0,1,False
6337,6338,Branch_7460,3776,3778,21.159542953872197,1,False
6338,6339,Branch_7461,3776,3777,10.882576994232236,1,False
6339,6340,Branch_7462,5215,5520,107.52688172043013,1,False
6340,6341,Branch_7463,3597,3596,4.911591355599214,1,False
6341,6342,Branch_7464,4688,4692,23.540489642184557,1,False
6342,6343,Branch_7465,4689,4693,41.736227045075125,1,False
6343,6344,Branch_7466,4689,4690,78.06401249024199,1,False
6344,6345,Branch_7467,4688,4690,63.25110689437065,1,False
6345,6346,Branch_7468,4691,4690,5.185377236193933,1,False
6346,6347,Branch_7469,3463,4843,62.53908692933083,1,False
6347,6348,Branch_7472,592,954,93.10986964618247,1,False
6348,6349,Branch_7473,592,956,116.82242990654206,1,False
6349,6350,Branch_7475,956,1065,161.29032258064515,1,False
6350,6351,Branch_7476,953,954,326.797385620915,1,False
6351,6352,Branch_7477,955,956,326.797385620915,1,False
6352,6353,Branch_7478,801,806,1785.7142857142858,1,True
6353,6354,Branch_7479,801,807,1408.4507042253522,1,False
6354,6355,Branch_7480,1077,1079,24.740227610094013,1,False
6355,6356,Branch_7481,1078,1079,-284.9002849002849,1,False
6356,6357,Branch_7482,1080,1079,7.089181908407769,1,False
6357,6358,Branch_7483,1077,1081,23.435669088352473,1,False
6358,6359,Branch_7484,1078,1081,-173.61111111111111,1,False
6359,6360,Branch_7485,1082,1081,5.942829975634397,1,False
6360,6361,Branch_7486,815,1077,175.7469244288225,1,False
6361,6362,Branch_7487,780,781,2000.0,1,False
6362,6363,Branch_7488,772,780,153.60983102918587,1,False
6363,6364,Branch_7489,773,780,157.9778830963665,1,False
6364,6365,Branch_7490,781,1007,621.1180124223603,1,False
6365,6366,Branch_7491,2188,2189,12.60239445494644,1,False
6366,6367,Branch_7492,2188,2191,12.60239445494644,1,False
6367,6368,Branch_7493,2188,2192,12.60239445494644,1,False
6368,6369,Branch_7494,2188,2193,12.60239445494644,1,False
6369,6370,Branch_7495,2188,2190,16.002560409665545,1,False
6370,6371,Branch_7496,2188,2187,16.002560409665545,1,False
6371,6372,Branch_7498,6882,7447,4.8508367693427115,1,False
6372,6373,Branch_7501,8751,9087,2000.0,1,False
6373,6374,Branch_7502,7272,7283,2000.0,1,False
6374,6375,Branch_7503,7283,7284,10.152284263959393,1,False
6375,6376,Branch_7504,2867,4776,5.823433496389471,1,False
6376,6377,Branch_7505,4639,4776,4.753981459472308,1,False
6377,6378,Branch_7506,9129,9181,212.31422505307856,1,False
6378,6379,Branch_7507,1060,1061,-174.52006980802793,1,False
6379,6380,Branch_7508,1059,1061,23.452157598499063,1,False
6380,6381,Branch_7509,1062,1061,5.941770647653001,1,False
6381,6382,Branch_7510,1059,1324,34.61405330564209,1,False
6382,6383,Branch_7511,1059,1575,62.97229219143577,1,False
6383,6384,Branch_7512,1060,1228,7.949757532395262,1,False
6384,6385,Branch_7513,5441,5524,2000.0,1,False
6385,6386,Branch_7514,2735,3130,60.71645415907711,1,False
6386,6387,Branch_7515,2735,2734,11.276499774470004,1,False
6387,6388,Branch_7516,1257,1707,53.70569280343717,1,False
6388,6389,Branch_7517,8858,9385,13.724951962668133,1,False
6389,6390,Branch_7518,9385,9384,31.756113051762465,1,False
6390,6391,Branch_7519,8877,9384,16.733601070950467,1,False
6391,6392,Branch_7520,8759,9384,6.988120195667365,1,False
6392,6393,Branch_7521,91,201,70.47216349541931,1,False
6393,6394,Branch_7522,20,1594,854.7008547008547,1,False
6394,6395,Branch_7523,17,1592,854.7008547008547,1,False
6395,6396,Branch_7524,825,1594,43.85964912280702,1,False
6396,6397,Branch_7525,1593,1594,137.7410468319559,1,False
6397,6398,Branch_7526,1592,1595,138.50415512465375,1,False
6398,6399,Branch_7527,128,1592,63.775510204081634,1,False
6399,6400,Branch_7528,1872,1874,724.6376811594203,1,True
6400,6401,Branch_7529,1871,1873,724.6376811594203,1,False
6401,6402,Branch_7530,1940,1965,142.2475106685633,1,False
6402,6403,Branch_7531,1965,2386,78.98894154818325,1,False
6403,6404,Branch_7534,1888,2383,55.09641873278237,1,False
6404,6405,Branch_7535,1858,1888,64.93506493506493,1,False
6405,6406,Branch_7536,1766,1888,80.0,1,False
6406,6407,Branch_7537,1767,1888,79.36507936507937,1,False
6407,6408,Branch_7538,1888,1924,34.32887058015791,1,False
6408,6409,Branch_7539,1863,1888,36.65689149560117,1,False
6409,6410,Branch_7540,1883,1888,36.11412062116288,1,False
6410,6411,Branch_7541,2309,2399,103.19917440660474,1,False
6411,6412,Branch_7542,2048,2399,88.10572687224669,1,False
6412,6413,Branch_7543,914,1583,384.61538461538464,1,False
6413,6414,Branch_7544,418,1583,273.224043715847,1,False
6414,6415,Branch_7545,7854,8348,148.3679525222552,1,False
6415,6416,Branch_7546,7977,8348,86.95652173913044,1,False
6416,6417,Branch_7547,7887,8096,16.051364365971107,1,False
6417,6418,Branch_7549,7868,8511,103.7344398340249,1,False
6418,6419,Branch_7550,8404,8511,76.80491551459293,1,False
6419,6420,Branch_7551,2948,2947,18.453589223103897,1,False
6420,6421,Branch_7552,6026,6029,8.395600705230459,1,False
6421,6422,Branch_7553,6026,6030,8.468834688346883,1,False
6422,6423,Branch_7555,6028,6027,2000.0,1,True
6423,6424,Branch_7556,6026,8592,5.775672865888876,1,False
6424,6425,Branch_7557,6027,6336,8.386447500838646,1,False
6425,6426,Branch_7558,5684,6026,28.70264064293915,1,False
6426,6427,Branch_7559,5714,6026,22.28660574994428,1,False
6427,6428,Branch_7560,6026,6028,2000.0,1,False
6428,6429,Branch_7561,5929,6130,44.11116012351125,1,False
6429,6430,Branch_7562,6130,6231,10.0,1,False
6430,6431,Branch_7563,5825,6130,9.306654257794325,1,False
6431,6432,Branch_7565,5885,5929,4.225114078080108,1,False
6432,6433,Branch_7567,6069,6231,366.3003663003663,1,False
6433,6434,Branch_7568,5739,6231,12.489072061945798,1,False
6434,6435,Branch_7569,3532,4234,58.71990604815032,1,False
6435,6436,Branch_7570,656,1521,255.7544757033248,1,False
6436,6437,Branch_7571,3231,5067,30.14772384684956,1,False
6437,6438,Branch_7572,970,1521,41.98152812762385,1,False
6438,6439,Branch_7574,7526,7525,12.426991425375917,1,False
6439,6440,Branch_7575,8836,8985,91.57509157509158,1,False
6440,6441,Branch_7576,6292,6300,10.641694157709908,1,False
6441,6442,Branch_7577,6292,6306,41.05090311986864,1,False
6442,6443,Branch_7578,6160,6292,8.089305937550558,1,False
6443,6444,Branch_7579,5711,5807,11.678150181011327,1,False
6444,6445,Branch_7580,5711,6142,7.780284758422158,1,False
6445,6446,Branch_7581,7867,8538,32.99241174529858,1,False
6446,6447,Branch_7582,7978,8538,22.456770716370983,1,False
6447,6448,Branch_7583,8376,8538,21.39495079161318,1,False
6448,6449,Branch_7584,7866,7867,16.299918500407497,1,False
6449,6450,Branch_7585,7866,7977,78.86435331230284,1,False
6450,6451,Branch_7586,7866,8197,69.25207756232687,1,False
6451,6452,Branch_7587,7773,7866,13.8811771238201,1,False
6452,6453,Branch_7588,8765,9014,7.1438776968138304,1,False
6453,6454,Branch_7589,5764,5810,36.24501631025734,1,False
6454,6455,Branch_7590,5810,6258,43.78283712784589,1,False
6455,6456,Branch_7591,5750,6258,11.168192986374804,1,False
6456,6457,Branch_7593,8836,9013,41.06776180698152,1,False
6457,6458,Branch_7594,8774,8962,254.4529262086514,1,False
6458,6459,Branch_7595,8962,8975,8.640055296353896,1,False
6459,6460,Branch_7596,8924,8962,5.804841237592152,1,False
6460,6461,Branch_7597,8774,8900,19.46282600233554,1,False
6461,6462,Branch_7598,8901,9147,26.838432635534083,1,False
6462,6463,Branch_7599,8796,8975,59.45303210463734,1,False
6463,6464,Branch_7600,8796,8950,9.70591089973794,1,False
6464,6465,Branch_7601,8740,8796,16.246953696181965,1,False
6465,6466,Branch_7602,4310,4638,27.90957298353335,1,False
6466,6467,Branch_7603,4639,4638,13.587288607615314,1,False
6467,6468,Branch_7604,4639,4638,13.587288607615314,1,False
6468,6469,Branch_7605,5738,5794,6.153467478924374,1,False
6469,6470,Branch_7606,286,1566,289.01734104046244,1,False
6470,6471,Branch_7607,6241,6369,80.1924619085806,1,False
6471,6472,Branch_7608,8960,8959,4.633920296570899,1,False
6472,6473,Branch_7609,8961,8959,5.031446540880503,1,False
6473,6474,Branch_7610,8749,8959,36.166365280289334,1,False
6474,6475,Branch_7611,8959,8986,46.97040864255519,1,False
6475,6476,Branch_7612,8784,8960,25.33569799847986,1,False
6476,6477,Branch_7613,2300,2304,28.868360277136254,1,False
6477,6478,Branch_7614,2300,2301,28.868360277136254,1,False
6478,6479,Branch_7615,2300,2303,28.868360277136254,1,True
6479,6480,Branch_7616,2300,2302,28.868360277136254,1,False
6480,6481,Branch_7617,6605,7317,131.75230566534916,1,False
6481,6482,Branch_7618,1042,1321,73.69196757553426,1,False
6482,6483,Branch_7619,1041,1322,73.90983000739098,1,False
6483,6484,Branch_7620,1324,1669,136.05442176870747,1,False
6484,6485,Branch_7621,1321,1323,2000.0,1,False
6485,6486,Branch_7622,1322,1324,2000.0,1,False
6486,6487,Branch_7623,1123,1323,107.2961373390558,1,False
6487,6488,Branch_7624,53,1673,53.96654074473826,1,False
6488,6489,Branch_7625,53,657,47.39336492890995,1,False
6489,6490,Branch_7626,53,1354,53.937432578209275,1,False
6490,6491,Branch_7627,4853,4856,46.8384074941452,1,False
6491,6492,Branch_7628,4854,4856,-502.5125628140703,1,False
6492,6493,Branch_7629,4855,4856,8.949346697691068,1,False
6493,6494,Branch_7630,4853,4857,47.778308647873864,1,False
6494,6495,Branch_7631,4854,4857,-502.5125628140703,1,False
6495,6496,Branch_7632,4858,4857,8.949346697691068,1,False
6496,6497,Branch_7633,7198,7200,30.120481927710845,1,False
6497,6498,Branch_7634,7467,7469,269.54177897574124,1,False
6498,6499,Branch_7637,6467,6468,4.001760774740886,1,False
6499,6500,Branch_7638,7916,7987,25.451768897938408,1,False
6500,6501,Branch_7639,7851,7987,23.71916508538899,1,False
6501,6502,Branch_7640,7987,8635,96.8054211035818,1,False
6502,6503,Branch_7641,7870,7950,10.0999899000101,1,False
6503,6504,Branch_7642,7870,8415,209.64360587002096,1,False
6504,6505,Branch_7643,6289,6394,5.294086505373498,1,False
6505,6506,Branch_7644,5760,6394,41.459369817578775,1,False
6506,6507,Branch_7646,6256,6394,2000.0,1,False
6507,6508,Branch_7647,5734,6394,1.796299622777079,1,False
6508,6509,Branch_7648,5362,5463,15.335071308081584,1,False
6509,6510,Branch_7649,5242,5463,11.20699316373417,1,False
6510,6511,Branch_7651,8030,8090,121.654501216545,1,False
6511,6512,Branch_7652,8030,8277,97.27626459143968,1,False
6512,6513,Branch_7653,8030,8480,92.6966774215693,1,False
6513,6514,Branch_7654,8030,8480,92.6966774215693,1,False
6514,6515,Branch_7655,8098,8658,461.92043420520815,1,False
6515,6516,Branch_7656,8098,8658,461.92043420520815,1,False
6516,6517,Branch_7657,1307,1308,28.653295128939828,1,False
6517,6518,Branch_7658,1307,1308,28.653295128939828,1,False
6518,6519,Branch_7661,7834,8385,143.47202295552367,1,False
6519,6520,Branch_7662,9418,9420,2000.0,1,False
6520,6521,Branch_7663,6318,6319,7.002801120448179,1,False
6521,6522,Branch_7667,8895,9229,26.226068712300027,1,False
6522,6523,Branch_7671,9134,9174,2000.0,1,False
6523,6524,Branch_7676,5969,5993,6.373080109616978,1,False
6524,6525,Branch_7677,5734,5969,3.3324446814182886,1,False
6525,6526,Branch_7679,991,1237,5.527915975677169,1,False
6526,6527,Branch_7681,991,1134,21.81976871045167,1,False
6527,6528,Branch_7682,242,1359,64.14368184733804,1,False
6528,6529,Branch_7683,2320,2328,206.18556701030928,1,False
6529,6530,Branch_7684,5973,6174,934.5794392523364,1,False
6530,6531,Branch_7685,2328,6179,416.6666666666667,1,True
6531,6532,Branch_7687,5836,6174,17.14089818306479,1,False
6532,6533,Branch_7688,5973,6177,1041.6666666666667,1,False
6533,6534,Branch_7689,2328,6176,300.3003003003003,1,False
6534,6535,Branch_7690,2318,6176,18.76172607879925,1,False
6535,6536,Branch_7692,2322,2328,202.4291497975709,1,False
6536,6537,Branch_7693,2327,2331,11.295606009262396,1,False
6537,6538,Branch_7694,2326,2327,-21.36752136752137,1,False
6538,6539,Branch_7695,2326,2329,41.35649296939619,1,False
6539,6540,Branch_7696,2328,2329,41.35649296939619,1,False
6540,6541,Branch_7697,2324,2329,5.226298735235706,1,False
6541,6542,Branch_7698,2326,2330,41.459369817578775,1,False
6542,6543,Branch_7699,2328,2330,41.459369817578775,1,False
6543,6544,Branch_7700,2325,2330,5.220024012110455,1,False
6544,6545,Branch_7703,2318,2313,16.298047547958312,1,False
6545,6546,Branch_7704,2318,2313,16.298047547958312,1,False
6546,6547,Branch_7705,2319,2314,8.101758081503686,1,False
6547,6548,Branch_7706,2320,2315,15.396458814472672,1,False
6548,6549,Branch_7707,5836,5837,15.20450053215752,1,False
6549,6550,Branch_7710,5850,5851,10.39176971838304,1,False
6550,6551,Branch_7711,6359,6357,10.26167265264238,1,False
6551,6552,Branch_7712,6359,6358,10.26167265264238,1,False
6552,6553,Branch_7713,6359,6560,102.04081632653062,1,False
6553,6554,Branch_7714,3532,4089,2.7132624267419145,1,False
6554,6555,Branch_7715,3195,4089,5.229578495973224,1,False
6555,6556,Branch_7716,3149,4089,5.923117929277972,1,False
6556,6557,Branch_7717,8379,8380,2000.0,1,False
6557,6558,Branch_7718,8379,8404,74.8502994011976,1,False
6558,6559,Branch_7719,2929,3849,18.443378827001105,1,False
6559,6560,Branch_7720,6065,6311,1562.5,1,False
6560,6561,Branch_7721,5971,6065,98.32841691248773,1,False
6561,6562,Branch_7722,2213,2224,32.48862897985705,1,False
6562,6563,Branch_7723,2214,2224,-359.71223021582733,1,False
6563,6564,Branch_7724,2223,2224,6.763611768684478,1,False
6564,6565,Branch_7728,2213,2221,51.02040816326531,1,False
6565,6566,Branch_7729,2212,2221,-574.7126436781609,1,False
6566,6567,Branch_7730,2215,2221,7.112375533428165,1,False
6567,6568,Branch_7731,2213,2217,57.636887608069166,1,False
6568,6569,Branch_7732,2212,2217,2000.0,1,False
6569,6570,Branch_7733,2222,2217,9.633911368015417,1,False
6570,6571,Branch_7734,1787,2213,152.0336450283091,1,False
6571,6572,Branch_7735,1787,2213,152.0336450283091,1,False
6572,6573,Branch_7736,3035,4126,34.746351633078525,1,False
6573,6574,Branch_7737,3418,3653,9.815469179426776,1,False
6574,6575,Branch_7738,4034,4126,31.055900621118013,1,False
6575,6576,Branch_7739,4126,4892,1587.3015873015872,1,False
6576,6577,Branch_7740,4127,4126,8.450942280064227,1,False
6577,6578,Branch_7741,2724,4126,22.872827081427264,1,False
6578,6579,Branch_7742,38,687,564.9717514124294,1,False
6579,6580,Branch_7743,7864,8031,9.293680297397769,1,False
6580,6581,Branch_7744,8527,8528,24.65483234714004,1,False
6581,6582,Branch_7745,8527,8623,53.36179295624333,1,False
6582,6583,Branch_7746,8425,8528,136.986301369863,1,False
6583,6584,Branch_7747,8527,8703,26.954177897574123,1,False
6584,6585,Branch_7748,8528,8533,72.3589001447178,1,False
6585,6586,Branch_7749,7598,7597,6.112095837662735,1,False
6586,6587,Branch_7750,7496,7598,2000.0,1,False
6587,6588,Branch_7751,7493,7495,163.9344262295082,1,False
6588,6589,Branch_7752,7489,7495,8.631851532153647,1,False
6589,6590,Branch_7753,7490,7495,8.631851532153647,1,False
6590,6591,Branch_7754,7493,7494,163.9344262295082,1,False
6591,6592,Branch_7755,7491,7494,8.631851532153647,1,False
6592,6593,Branch_7756,7492,7494,8.631851532153647,1,False
6593,6594,Branch_7757,7493,7496,302.11480362537765,1,False
6594,6595,Branch_7758,4747,4749,-89.68609865470852,1,False
6595,6596,Branch_7759,4746,4749,24.807740014884644,1,False
6596,6597,Branch_7760,4748,4749,5.05382321726386,1,False
6597,6598,Branch_7763,46,563,35.536602700781806,1,False
6598,6599,Branch_7764,46,1242,59.73715651135006,1,False
6599,6600,Branch_7765,46,1240,38.669760247486465,1,False
6600,6601,Branch_7766,3402,3452,12.941633234114144,1,False
6601,6602,Branch_7767,214,648,202.09463949072148,1,False
6602,6603,Branch_7768,512,648,53.61930294906166,1,False
6603,6604,Branch_7769,5462,5461,7.060650992021464,1,False
6604,6605,Branch_7770,3064,4203,53.53319057815846,1,False
6605,6606,Branch_7771,4203,4296,84.53085376162299,1,False
6606,6607,Branch_7772,4079,4080,9.071940488070398,1,False
6607,6608,Branch_7773,4082,4080,-82.78145695364239,1,False
6608,6609,Branch_7774,4081,4080,2.1292451825827743,1,False
6609,6610,Branch_7776,3918,3919,45.59963520291838,1,False
6610,6611,Branch_7778,3918,3921,14.285714285714286,1,False
6611,6612,Branch_7779,3920,3921,100.30090270812435,1,False
6612,6613,Branch_7780,3916,3921,1.5094339622641508,1,False
6613,6614,Branch_7781,5274,5493,102.98661174047372,1,False
6614,6615,Branch_7782,5274,5462,3.65884892612784,1,False
6615,6616,Branch_7783,5274,5377,7.7417356971433,1,False
6616,6617,Branch_7786,923,1586,299.4011976047904,1,False
6617,6618,Branch_7787,921,1264,84.38818565400844,1,False
6618,6619,Branch_7788,921,922,63.89776357827476,1,False
6619,6620,Branch_7789,923,924,92.85051067780871,1,False
6620,6621,Branch_7790,5542,5543,512.8205128205128,1,False
6621,6622,Branch_7791,5182,5543,65.31678641410842,1,False
6622,6623,Branch_7793,2951,4827,2000.0,1,False
6623,6624,Branch_7795,7633,7649,2000.0,1,False
6624,6625,Branch_7796,1395,1575,119.33174224343676,1,False
6625,6626,Branch_7797,4419,4583,337.8378378378378,1,False
6626,6627,Branch_7798,3385,4583,7.009673349221926,1,False
6627,6628,Branch_7799,934,1025,95.69377990430624,1,False
6628,6629,Branch_7800,1227,1229,38.095238095238095,1,False
6629,6630,Branch_7801,1229,1235,1234.567901234568,1,False
6630,6631,Branch_7802,1227,1234,952.3809523809524,1,False
6631,6632,Branch_7803,1195,1227,98.81422924901186,1,False
6632,6633,Branch_7804,773,1234,52.493438320209975,1,False
6633,6634,Branch_7805,521,1227,2000.0,1,False
6634,6635,Branch_7807,1054,1235,113.37868480725623,1,False
6635,6636,Branch_7808,1233,1235,2000.0,1,False
6636,6637,Branch_7809,1232,1234,2000.0,1,False
6637,6638,Branch_7810,1229,1230,21.533161068044787,1,False
6638,6639,Branch_7811,1228,1230,-177.93594306049823,1,False
6639,6640,Branch_7812,1231,1230,13.48254011055683,1,False
6640,6641,Branch_7813,3004,3399,52.32862375719519,1,False
6641,6642,Branch_7814,2686,3399,68.63417982155113,1,False
6642,6643,Branch_7815,7234,7235,11.786892975011789,1,False
6643,6644,Branch_7818,6922,7233,5.046681806712087,1,False
6644,6645,Branch_7820,7892,8027,10.462439840970914,1,False
6645,6646,Branch_7822,8773,8772,14.08649105507818,1,False
6646,6647,Branch_7824,7805,8579,52.43838489774515,1,False
6647,6648,Branch_7825,8578,8579,2000.0,1,False
6648,6649,Branch_7826,8391,8578,149.2537313432836,1,False
6649,6650,Branch_7827,8378,8578,69.06077348066299,1,False
6650,6651,Branch_7828,6226,6405,1639.344262295082,1,False
6651,6652,Branch_7829,6405,6403,6.516356053694774,1,False
6652,6653,Branch_7830,6405,6404,6.516356053694774,1,False
6653,6654,Branch_7831,8399,8454,1.952362358453729,1,False
6654,6655,Branch_7832,599,597,11.743981209630064,1,False
6655,6656,Branch_7833,599,598,11.743981209630064,1,False
6656,6657,Branch_7834,599,1722,440.52863436123346,1,False
6657,6658,Branch_7835,7829,8633,74.23904974016332,1,False
6658,6659,Branch_7836,2538,2537,8.517887563884157,1,False
6659,6660,Branch_7837,1783,2538,3.360440889844748,1,False
6660,6661,Branch_7838,2308,2538,6.293266205160478,1,False
6661,6662,Branch_7839,2538,6150,17.793594306049823,1,False
6662,6663,Branch_7840,2002,2537,27.739251040221912,1,False
6663,6664,Branch_7841,3399,4472,105.26315789473684,1,False
6664,6665,Branch_7842,8848,9431,4.161984434178216,1,False
6665,6666,Branch_7843,5641,5639,15.513496742165684,1,False
6666,6667,Branch_7844,5641,5640,8.797395970792646,1,False
6667,6668,Branch_7845,427,946,272.47956403269757,1,False
6668,6669,Branch_7846,8300,8303,2000.0,1,False
6669,6670,Branch_7847,6046,6277,26.267402153926977,1,False
6670,6671,Branch_7848,9247,9248,8.381527114240214,1,False
6671,6672,Branch_7849,9247,9249,8.027614995584813,1,False
6672,6673,Branch_7850,9241,9247,2000.0,1,False
6673,6674,Branch_7851,6692,7321,826.4462809917355,1,False
6674,6675,Branch_7852,6692,6693,12.764871074802144,1,False
6675,6676,Branch_7853,7218,7317,401.6064257028112,1,False
6676,6677,Branch_7854,7217,7218,4.672897196261682,1,False
6677,6678,Branch_7857,9174,9175,8.336112037345782,1,False
6678,6679,Branch_7858,9174,9176,8.336112037345782,1,False
6679,6680,Branch_7859,9179,9178,12.990387113535984,1,False
6680,6681,Branch_7860,9179,9177,12.990387113535984,1,False
6681,6682,Branch_7865,2181,5362,6.7123103772318435,1,False
6682,6683,Branch_7866,5149,5362,11.14951499609767,1,False
6683,6684,Branch_7867,5361,5611,2000.0,1,False
6684,6685,Branch_7868,5362,5361,7.939658594680429,1,False
6685,6686,Branch_7869,8304,8303,14.222727919214906,1,False
6686,6687,Branch_7870,814,1168,121.95121951219512,1,False
6687,6688,Branch_7871,1168,1421,99.50248756218906,1,False
6688,6689,Branch_7872,8774,9033,5.662834815108443,1,False
6689,6690,Branch_7873,8894,9147,4.986536351850005,1,False
6690,6691,Branch_7874,5848,9147,5.56885894080303,1,False
6691,6692,Branch_7875,913,1055,537.6344086021505,1,False
6692,6693,Branch_7876,911,913,2000.0,1,False
6693,6694,Branch_7877,910,912,2000.0,1,False
6694,6695,Branch_7878,835,912,480.7692307692308,1,False
6695,6696,Branch_7879,2878,5819,20.837674515524068,1,False
6696,6697,Branch_7882,5725,6230,21.45002145002145,1,False
6697,6698,Branch_7884,396,1302,90.41591320072332,1,False
6698,6699,Branch_7885,396,1655,37.764350453172206,1,False
6699,6700,Branch_7886,80,396,546.448087431694,1,False
6700,6701,Branch_7887,80,396,546.448087431694,1,False
6701,6702,Branch_7888,396,399,303.951367781155,1,False
6702,6703,Branch_7889,396,400,303.951367781155,1,False
6703,6704,Branch_7890,396,401,319.4888178913738,1,False
6704,6705,Branch_7891,396,402,260.4166666666667,1,False
6705,6706,Branch_7892,399,397,3.703703703703704,1,False
6706,6707,Branch_7893,400,398,3.745318352059925,1,False
6707,6708,Branch_7894,522,525,2000.0,1,False
6708,6709,Branch_7895,5724,5950,7.245851749873197,1,False
6709,6710,Branch_7896,2773,3356,2000.0,1,False
6710,6711,Branch_7897,2773,3539,5.274818018778352,1,False
6711,6712,Branch_7898,5698,5914,5.653870074065698,1,False
6712,6713,Branch_7899,6526,6743,170.64846416382252,1,False
6713,6714,Branch_7900,164,656,854.7008547008547,1,False
6714,6715,Branch_7901,1805,1806,46.2962962962963,1,False
6715,6716,Branch_7902,1804,1806,-458.7155963302752,1,False
6716,6717,Branch_7903,1807,1806,8.987148377819718,1,False
6717,6718,Branch_7904,1805,1809,46.8384074941452,1,False
6718,6719,Branch_7905,1804,1809,-564.9717514124294,1,False
6719,6720,Branch_7906,1808,1809,8.949346697691068,1,False
6720,6721,Branch_7907,7183,7691,2000.0,1,False
6721,6722,Branch_7909,20,1065,93.37068160597572,1,False
6722,6723,Branch_7910,17,1065,93.37068160597572,1,False
6723,6724,Branch_7911,18,20,101.41987829614604,1,False
6724,6725,Branch_7912,17,19,101.010101010101,1,False
6725,6726,Branch_7913,3382,3381,11.876484560570072,1,False
6726,6727,Branch_7914,1913,2102,2000.0,1,False
6727,6728,Branch_7915,8344,8603,241.54589371980677,1,False
6728,6729,Branch_7916,7765,8344,59.594755661501786,1,False
6729,6730,Branch_7917,155,957,77.10100231303007,1,False
6730,6731,Branch_7919,7179,7681,2000.0,1,False
6731,6732,Branch_7920,86,87,2000.0,1,False
6732,6733,Branch_7921,87,891,89.20606601248885,1,False
6733,6734,Branch_7923,3850,4836,22.22222222222222,1,False
6734,6735,Branch_7927,7736,8581,793.6507936507936,1,False
6735,6736,Branch_7928,7735,8581,787.4015748031496,1,False
6736,6737,Branch_7929,8559,8581,2000.0,1,False
6737,6738,Branch_7930,7058,7060,13.575889220743958,1,False
6738,6739,Branch_7932,6908,6909,9.548362455838824,1,False
6739,6740,Branch_7933,6910,7163,2.8333427778092592,1,False
6740,6741,Branch_7934,9309,9310,13.16309069369488,1,False
6741,6742,Branch_7935,1646,1683,247.5247524752475,1,False
6742,6743,Branch_7936,1681,1683,185.5287569573284,1,False
6743,6744,Branch_7937,187,1683,42.3728813559322,1,False
6744,6745,Branch_7938,5839,5840,9.09338910611985,1,False
6745,6746,Branch_7939,5839,5841,9.134922809902257,1,False
6746,6747,Branch_7940,6970,6969,8.87154009936125,1,False
6747,6748,Branch_7941,914,1401,2000.0,1,False
6748,6749,Branch_7942,2823,3614,1818.1818181818185,1,False
6749,6750,Branch_7943,8622,8645,41.254125412541256,1,False
6750,6751,Branch_7945,2991,3957,8.95094880057286,1,False
6751,6752,Branch_7946,5839,6195,316.45569620253167,1,False
6752,6753,Branch_7947,3980,4713,31.017369727047143,1,False
6753,6754,Branch_7948,4678,4769,6.6956812855708066,1,False
6754,6755,Branch_7949,5889,6195,2000.0,1,False
6755,6756,Branch_7950,33,230,10.060362173038229,1,False
6756,6757,Branch_7951,8581,8580,10.70663811563169,1,False
6757,6758,Branch_7952,8581,8583,10.70663811563169,1,False
6758,6759,Branch_7954,8440,8633,84.45945945945945,1,False
6759,6760,Branch_7955,5662,5661,1.953125,1,False
6760,6761,Branch_7956,9421,9430,2000.0,1,False
6761,6762,Branch_7957,9430,9429,7.766387076731904,1,False
6762,6763,Branch_7958,9429,9427,8.132726089785296,1,False
6763,6764,Branch_7959,9430,9428,16.5371258475277,1,False
6764,6765,Branch_7961,5178,5321,42.034468263976464,1,False
6765,6766,Branch_7962,5178,5222,35.56187766714083,1,False
6766,6767,Branch_7963,3583,3584,3.988990386533168,1,False
6767,6768,Branch_7964,1195,1470,49.6031746031746,1,False
6768,6769,Branch_7965,1194,1195,2000.0,1,False
6769,6770,Branch_7966,1196,1197,2000.0,1,False
6770,6771,Branch_7967,1197,1373,151.5151515151515,1,False
6771,6772,Branch_7968,4209,4328,4.00416433090414,1,False
6772,6773,Branch_7969,3667,4209,4.05104314360948,1,False
6773,6774,Branch_7970,8,40,71.58196134574088,1,False
6774,6775,Branch_7971,8440,8560,170.35775127768312,1,False
6775,6776,Branch_7972,8440,8559,185.1851851851852,1,False
6776,6777,Branch_7973,7902,8440,578.0346820809249,1,False
6777,6778,Branch_7974,7902,8440,578.0346820809249,1,False
6778,6779,Branch_7976,8090,8440,145.34883720930233,1,False
6779,6780,Branch_7977,8277,8440,750.5233006499946,1,False
6780,6781,Branch_7978,8277,8440,750.5233006499946,1,False
6781,6782,Branch_7980,7747,8440,24.49779519843214,1,False
6782,6783,Branch_7981,7749,8440,24.33682161109759,1,False
6783,6784,Branch_7983,1911,2633,125.0,1,False
6784,6785,Branch_7984,1971,2633,226.75736961451247,1,False
6785,6786,Branch_7985,1763,1842,97.65625,1,False
6786,6787,Branch_7986,1780,1842,72.72727272727273,1,False
6787,6788,Branch_7987,1842,2309,165.8374792703151,1,False
6788,6789,Branch_7988,1780,2106,35.61253561253561,1,False
6789,6790,Branch_7989,1780,2041,83.33333333333333,1,False
6790,6791,Branch_7990,2212,2309,47.05882352941177,1,False
6791,6792,Branch_7991,4801,4814,4000.0,1,False
6792,6793,Branch_7992,4801,4814,4000.0,1,False
6793,6794,Branch_7993,3323,4609,47.03668861712136,1,False
6794,6795,Branch_7994,3323,3321,15.067048365225252,1,False
6795,6796,Branch_7995,3323,3320,15.14004542013626,1,False
6796,6797,Branch_7996,3323,3322,21.867483052700635,1,False
6797,6798,Branch_7997,3323,4741,84.60236886632826,1,False
6798,6799,Branch_7998,5789,5806,36.27130939426913,1,False
6799,6800,Branch_7999,5806,5876,305.8103975535168,1,False
6800,6801,Branch_8000,5756,5789,51.4668039114771,1,False
6801,6802,Branch_8001,3323,4612,20.238818053025703,1,False
6802,6803,Branch_8002,6474,6475,10.827197921178,1,False
6803,6804,Branch_8003,6474,6476,10.902747492368077,1,False
6804,6805,Branch_8004,1735,1727,4.7395611166405995,1,False
6805,6806,Branch_8005,1735,1728,4.7395611166405995,1,False
6806,6807,Branch_8006,1735,1729,4.7395611166405995,1,False
6807,6808,Branch_8007,1735,1730,4.7395611166405995,1,False
6808,6809,Branch_8008,1735,1731,4.7395611166405995,1,False
6809,6810,Branch_8009,1735,1732,4.7395611166405995,1,False
6810,6811,Branch_8021,8711,8738,5.3558995233249425,1,False
6811,6812,Branch_8022,8425,8426,2000.0,1,False
6812,6813,Branch_8023,8426,8526,101.11223458038424,1,False
6813,6814,Branch_8024,510,512,2000.0,1,False
6814,6815,Branch_8025,8760,8931,64.1025641025641,1,False
6815,6816,Branch_8026,510,509,11.741223435481976,1,False
6816,6817,Branch_8027,510,511,11.741223435481976,1,True
6817,6818,Branch_8028,4814,4817,26.406126221283337,1,False
6818,6819,Branch_8029,4814,4815,15.114873035066504,1,False
6819,6820,Branch_8030,4814,4816,15.062509414068384,1,False
6820,6821,Branch_8031,2929,3323,62.53908692933083,1,False
6821,6822,Branch_8032,368,377,1408.4507042253522,1,False
6822,6823,Branch_8033,368,378,1470.5882352941176,1,False
6823,6824,Branch_8034,367,423,46.06172270842929,1,False
6824,6825,Branch_8035,214,367,36.25815808556926,1,False
6825,6826,Branch_8036,376,377,2000.0,1,False
6826,6827,Branch_8037,375,378,2000.0,1,False
6827,6828,Branch_8038,368,1585,272.29420378505625,1,False
6828,6829,Branch_8039,368,1585,272.29420378505625,1,False
6829,6830,Branch_8040,367,1723,43.15925766076823,1,False
6830,6831,Branch_8041,368,369,-877.1929824561404,1,False
6831,6832,Branch_8042,367,369,67.70480704129993,1,False
6832,6833,Branch_8043,371,369,10.060362173038229,1,False
6833,6834,Branch_8044,368,370,-724.6376811594203,1,False
6834,6835,Branch_8045,367,370,66.53359946773121,1,False
6835,6836,Branch_8046,372,370,10.006003602161297,1,False
6836,6837,Branch_8047,368,373,-465.1162790697674,1,False
6837,6838,Branch_8048,367,373,58.47953216374269,1,False
6838,6839,Branch_8049,374,373,9.893153937475269,1,False
6839,6840,Branch_8050,4912,4913,2000.0,1,False
6840,6841,Branch_8051,4912,4914,2000.0,1,False
6841,6842,Branch_8052,2792,4912,156.00624024961,1,False
6842,6843,Branch_8053,3293,3781,6.145148405333988,1,False
6843,6844,Branch_8054,5572,5596,2000.0,1,False
6844,6845,Branch_8055,6291,6306,13.886960144424386,1,False
6845,6846,Branch_8056,6291,6296,10.641694157709908,1,False
6846,6847,Branch_8057,6291,6314,24.551927326295115,1,False
6847,6848,Branch_8058,824,825,523.5602094240837,1,False
6848,6849,Branch_8059,822,826,523.5602094240837,1,False
6849,6850,Branch_8060,821,824,113.89521640091117,1,False
6850,6851,Branch_8061,822,823,113.89521640091117,1,False
6851,6852,Branch_8062,144,826,104.4932079414838,1,False
6852,6853,Branch_8063,217,824,2000.0,1,False
6853,6854,Branch_8064,216,822,2000.0,1,False
6854,6855,Branch_8065,5423,5424,4.098360655737705,1,False
6855,6856,Branch_8066,5428,5429,30.67484662576687,1,False
6856,6857,Branch_8067,5424,5429,-75.87253414264036,1,False
6857,6858,Branch_8068,5430,5429,8.148631029986962,1,False
6858,6859,Branch_8069,5427,5426,42.955326460481096,1,False
6859,6860,Branch_8070,5424,5426,252.5252525252525,1,False
6860,6861,Branch_8071,5425,5426,10.350895352447989,1,False
6861,6862,Branch_8072,27,1098,2000.0,1,False
6862,6863,Branch_8073,27,1100,2000.0,1,False
6863,6864,Branch_8074,27,1101,2000.0,1,False
6864,6865,Branch_8075,27,1103,2000.0,1,False
6865,6866,Branch_8076,27,893,369.0036900369004,1,True
6866,6867,Branch_8077,9090,9128,91.57509157509158,1,False
6867,6868,Branch_8078,9128,9425,51.255766273705795,1,False
6868,6869,Branch_8086,5457,5456,5.037022112527074,1,False
6869,6870,Branch_8087,5341,5472,43.365134431916736,1,False
6870,6871,Branch_8088,5341,5468,27.99552071668533,1,False
6871,6872,Branch_8089,5342,5344,30.67484662576687,1,False
6872,6873,Branch_8090,5341,5344,-384.61538461538464,1,False
6873,6874,Branch_8091,5343,5344,10.905125408942205,1,False
6874,6875,Branch_8092,5298,5342,81.9000819000819,1,False
6875,6876,Branch_8093,3532,4784,4.095674967234601,1,False
6876,6877,Branch_8094,1544,1546,89.12655971479501,1,False
6877,6878,Branch_8096,1545,1546,132.4503311258278,1,False
6878,6879,Branch_8097,1547,1546,9.92358836955443,1,False
6879,6880,Branch_8098,1544,1549,42.80821917808219,1,False
6880,6881,Branch_8100,1545,1549,-274.72527472527474,1,False
6881,6882,Branch_8101,1548,1549,11.95886151638364,1,False
6882,6883,Branch_8102,181,1544,104.0582726326743,1,False
6883,6884,Branch_8103,179,1544,104.16666666666669,1,False
6884,6885,Branch_8104,1129,1544,173.91304347826087,1,False
6885,6886,Branch_8105,1545,1700,160.25641025641025,1,False
6886,6887,Branch_8106,890,1545,208.33333333333337,1,False
6887,6888,Branch_8107,5925,6278,2000.0,1,False
6888,6889,Branch_8108,5925,6279,2000.0,1,False
6889,6890,Branch_8109,5925,6280,2000.0,1,False
6890,6891,Branch_8110,3930,4542,2000.0,1,False
6891,6892,Branch_8111,8990,9431,8.324315325064513,1,False
6892,6893,Branch_8112,8952,8990,9.317059536010436,1,False
6893,6894,Branch_8114,592,694,2000.0,1,False
6894,6895,Branch_8115,592,695,2000.0,1,False
6895,6896,Branch_8116,592,1051,21.150592216582066,1,False
6896,6897,Branch_8117,295,305,2000.0,1,False
6897,6898,Branch_8118,298,1671,103.30578512396694,1,False
6898,6899,Branch_8119,298,1066,70.8215297450425,1,False
6899,6900,Branch_8120,291,295,179.53321364452424,1,False
6900,6901,Branch_8121,295,297,2000.0,1,False
6901,6902,Branch_8122,296,305,2000.0,1,False
6902,6903,Branch_8123,305,1712,363.6363636363636,1,False
6903,6904,Branch_8124,295,299,-354.6099290780142,1,False
6904,6905,Branch_8125,298,299,58.17335660267597,1,False
6905,6906,Branch_8126,300,299,10.439503079653408,1,False
6906,6907,Branch_8127,295,302,-241.54589371980677,1,False
6907,6908,Branch_8128,298,302,54.43658138268917,1,False
6908,6909,Branch_8129,301,302,10.700909577314071,1,False
6909,6910,Branch_8130,295,303,-480.7692307692308,1,False
6910,6911,Branch_8131,298,303,58.07200929152149,1,False
6911,6912,Branch_8132,304,303,10.44932079414838,1,False
6912,6913,Branch_8133,383,1352,2000.0,1,False
6913,6914,Branch_8135,2828,4077,1851.851851851852,1,False
6914,6915,Branch_8136,2827,4078,1851.851851851852,1,False
6915,6916,Branch_8137,3627,4041,87.18395815170008,1,False
6916,6917,Branch_8138,7762,8106,13.83700013837,1,False
6917,6918,Branch_8139,8726,8848,12.518778167250876,1,False
6918,6919,Branch_8140,6538,7367,42.73504273504273,1,False
6919,6920,Branch_8141,7186,7187,32.1853878339234,1,False
6920,6921,Branch_8142,6538,7186,56.2429696287964,1,False
6921,6922,Branch_8143,9174,9179,383.1417624521073,1,False
6922,6923,Branch_8144,8039,8061,1075.268817204301,1,False
6923,6924,Branch_8145,8039,8062,1075.268817204301,1,False
6924,6925,Branch_8149,5842,5902,38.98635477582846,1,False
6925,6926,Branch_8150,5842,6046,4.756242568370987,1,False
6926,6927,Branch_8152,7551,7552,10.406910188365076,1,False
6927,6928,Branch_8153,7551,7553,10.295480284155255,1,False
6928,6929,Branch_8154,3025,4262,134.9527665317139,1,False
6929,6930,Branch_8155,4901,5067,52.882072977260705,1,False
6930,6931,Branch_8156,3017,4901,12.097749818533751,1,False
6931,6932,Branch_8157,2383,2664,28.07411566535654,1,False
6932,6933,Branch_8160,1980,2046,68.11989100817439,1,False
6933,6934,Branch_8161,1963,2195,166.9449081803005,1,False
6934,6935,Branch_8162,2195,2516,24.43195699975568,1,False
6935,6936,Branch_8163,1986,2431,13.220518244315178,1,False
6936,6937,Branch_8164,1862,2431,37.11952487008166,1,False
6937,6938,Branch_8166,1335,1709,9.276437847866418,1,False
6938,6939,Branch_8167,8162,8164,7.336757153338224,1,False
6939,6940,Branch_8168,8162,8163,7.336757153338224,1,False
6940,6941,Branch_8169,8165,8166,7.336757153338224,1,False
6941,6942,Branch_8170,2091,2375,79.1765637371338,1,False
6942,6943,Branch_8171,2356,2375,15.424957581366652,1,False
6943,6944,Branch_8173,8256,8411,143.67816091954023,1,False
6944,6945,Branch_8174,7380,7381,518.1347150259068,1,False
6945,6946,Branch_8176,773,774,2000.0,1,False
6946,6947,Branch_8177,691,5179,48.355899419729205,1,False
6947,6948,Branch_8178,246,690,787.4015748031496,1,False
6948,6949,Branch_8179,246,691,787.4015748031496,1,False
6949,6950,Branch_8180,689,690,2000.0,1,False
6950,6951,Branch_8181,688,691,2000.0,1,False
6951,6952,Branch_8182,690,789,278.55153203342616,1,False
6952,6953,Branch_8183,4741,4879,20.631318341242004,1,False
6953,6954,Branch_8184,4879,4878,10.124531740407006,1,False
6954,6955,Branch_8185,4144,4492,71.63323782234957,1,False
6955,6956,Branch_8186,5321,5393,22.53267237494367,1,False
6956,6957,Branch_8187,5411,5487,63.13131313131313,1,False
6957,6958,Branch_8188,5321,5411,326.797385620915,1,True
6958,6959,Branch_8189,5601,5600,3.881686204487229,1,False
6959,6960,Branch_8190,7382,7394,32.754667540124466,1,False
6960,6961,Branch_8191,7854,8201,66.48936170212765,1,False
6961,6962,Branch_8192,7931,8201,65.87615283267458,1,False
6962,6963,Branch_8193,8201,8202,2000.0,1,False
6963,6964,Branch_8194,2170,2173,57.47126436781609,1,False
6964,6965,Branch_8195,2171,2173,-714.2857142857143,1,False
6965,6966,Branch_8196,2174,2173,7.02543206407194,1,False
6966,6967,Branch_8197,2170,2172,49.62779156327544,1,False
6967,6968,Branch_8198,2169,2172,-552.4861878453039,1,False
6968,6969,Branch_8199,2175,2172,6.63129973474801,1,False
6969,6970,Branch_8200,2170,2176,49.52947003467063,1,False
6970,6971,Branch_8201,2169,2176,-555.5555555555555,1,False
6971,6972,Branch_8202,2177,2176,6.609822195782933,1,False
6972,6973,Branch_8203,2090,2091,14.473874656245476,1,False
6973,6974,Branch_8204,2090,2168,33.18951211417192,1,False
6974,6975,Branch_8205,2091,8114,8.357709987463435,1,False
6975,6976,Branch_8206,2091,8078,14.9678191887442,1,False
6976,6977,Branch_8207,2366,7884,8.60141063134354,1,False
6977,6978,Branch_8208,2168,8640,4.486920626374119,1,False
6978,6979,Branch_8209,3170,3936,57.17552887364208,1,False
6979,6980,Branch_8210,6787,6786,14.492753623188406,1,False
6980,6981,Branch_8211,7950,8060,43.15925766076823,1,False
6981,6982,Branch_8212,8060,8408,46.16805170821792,1,False
6982,6983,Branch_8213,7778,8452,294.11764705882354,1,False
6983,6984,Branch_8214,7778,8353,67.02412868632707,1,False
6984,6985,Branch_8215,7778,8347,108.34236186348862,1,False
6985,6986,Branch_8216,1672,1675,1030.9278350515465,1,False
6986,6987,Branch_8217,1673,1674,787.4015748031496,1,False
6987,6988,Branch_8219,1066,1671,224.7191011235955,1,False
6988,6989,Branch_8221,1673,1706,57.01254275940707,1,False
6989,6990,Branch_8222,246,1671,162.86644951140065,1,False
6990,6991,Branch_8223,246,1671,162.86644951140065,1,False
6991,6992,Branch_8225,5696,6002,131.06159895150722,1,False
6992,6993,Branch_8226,5696,6003,543.4782608695652,1,False
6993,6994,Branch_8227,5963,6003,3.905639743790033,1,False
6994,6995,Branch_8228,3310,4431,2000.0,1,False
6995,6996,Branch_8229,7055,7069,48.05382027871216,1,False
6996,6997,Branch_8230,6802,7539,70.72135785007072,1,False
6997,6998,Branch_8231,7874,8574,16.097875080489377,1,False
6998,6999,Branch_8232,1998,1999,18.18512456810329,1,False
6999,7000,Branch_8233,6892,7069,42.57130693912303,1,False
7000,7001,Branch_8234,7756,7889,47.25897920604915,1,False
7001,7002,Branch_8237,7889,8091,11.064394777605663,1,False
7002,7003,Branch_8238,6974,7539,1020.408163265306,1,False
7003,7004,Branch_8239,6615,7484,2000.0,1,False
7004,7005,Branch_8240,6614,6615,416.6666666666667,1,False
7005,7006,Branch_8241,6614,6829,183.8235294117647,1,False
7006,7007,Branch_8242,7055,7054,8.516436722875149,1,False
7007,7008,Branch_8243,6802,6803,5.546927002440648,1,False
7008,7009,Branch_8244,6614,6794,46.21072088724584,1,False
7009,7010,Branch_8245,6614,6679,2000.0,1,False
7010,7011,Branch_8246,6892,6893,5.61104253170239,1,False
7011,7012,Branch_8247,6974,6973,9.417969485778864,1,False
7012,7013,Branch_8254,7352,7394,689.6551724137931,1,False
7013,7014,Branch_8255,5237,5471,50.89058524173028,1,False
7014,7015,Branch_8256,6262,6263,-49.6031746031746,1,False
7015,7016,Branch_8258,692,998,88.33922261484099,1,False
7016,7017,Branch_8259,998,1096,148.3679525222552,1,False
7017,7018,Branch_8260,7755,7802,20.63983488132095,1,False
7018,7019,Branch_8261,7755,7756,2000.0,1,False
7019,7020,Branch_8262,3795,3799,48.56726566294318,1,False
7020,7021,Branch_8263,3794,3799,-1020.408163265306,1,False
7021,7022,Branch_8264,3796,3799,7.702380035430949,1,False
7022,7023,Branch_8265,3795,3798,46.49000464900047,1,False
7023,7024,Branch_8266,3794,3798,-478.4688995215311,1,False
7024,7025,Branch_8267,3797,3798,8.92299455697332,1,False
7025,7026,Branch_8268,692,868,22.857142857142858,1,False
7026,7027,Branch_8269,8851,8854,12.12121212121212,1,False
7027,7028,Branch_8270,8851,8855,12.12121212121212,1,False
7028,7029,Branch_8271,8851,8857,22.172949002217297,1,False
7029,7030,Branch_8272,8851,8853,12.12121212121212,1,False
7030,7031,Branch_8273,8851,8852,12.12121212121212,1,False
7031,7032,Branch_8274,8851,8856,22.172949002217297,1,False
7032,7033,Branch_8275,8851,8982,49.12797838368951,1,False
7033,7034,Branch_8276,8851,8982,49.12797838368951,1,False
7034,7035,Branch_8277,5902,5970,21.381227282446012,1,False
7035,7036,Branch_8278,970,1301,76.10350076103501,1,False
7036,7037,Branch_8279,970,1299,75.41478129713424,1,False
7037,7038,Branch_8280,768,1299,39.29273084479372,1,False
7038,7039,Branch_8281,1300,1301,2000.0,1,False
7039,7040,Branch_8282,1298,1299,2000.0,1,False
7040,7041,Branch_8283,1016,1301,57.971014492753625,1,False
7041,7042,Branch_8284,2748,4033,138.50415512465375,1,False
7042,7043,Branch_8285,7025,7539,125.47051442910916,1,False
7043,7044,Branch_8286,8759,8907,4.704996706502305,1,False
7044,7045,Branch_8287,5874,5918,5.9523809523809526,1,False
7045,7046,Branch_8288,5700,5874,5.480052608505042,1,False
7046,7047,Branch_8289,8877,8908,7.926442612555485,1,False
7047,7048,Branch_8290,8908,9150,17.46419839329375,1,False
7048,7049,Branch_8291,8906,9199,16.661112962345886,1,False
7049,7050,Branch_8292,8906,9150,40.88307440719542,1,False
7050,7051,Branch_8293,989,990,2000.0,1,False
7051,7052,Branch_8294,989,1406,155.52099533437013,1,False
7052,7053,Branch_8295,886,1395,124.22360248447204,1,False
7053,7054,Branch_8296,888,1369,175.13134851138355,1,False
7054,7055,Branch_8297,886,889,2000.0,1,False
7055,7056,Branch_8298,887,888,2000.0,1,False
7056,7057,Branch_8299,7796,7951,322.5806451612903,1,False
7057,7058,Branch_8300,7797,8412,41.85851820845542,1,False
7058,7059,Branch_8301,7796,7797,2000.0,1,False
7059,7060,Branch_8302,7952,7950,5.820044232336166,1,False
7060,7061,Branch_8303,7950,7951,8.045699573577922,1,False
7061,7062,Branch_8304,7951,8039,88.49557522123894,1,False
7062,7063,Branch_8305,2729,2730,-39.354584809130266,1,False
7063,7064,Branch_8306,2731,2732,-46.948356807511736,1,False
7064,7065,Branch_8307,5541,5544,42.122999157540015,1,False
7065,7066,Branch_8308,3400,4351,4.754885645000238,1,False
7066,7067,Branch_8309,4028,4351,11.328877308258752,1,False
7067,7068,Branch_8310,4351,5377,6.339948012426298,1,False
7068,7069,Branch_8311,4202,4510,2000.0,1,False
7069,7070,Branch_8312,13,1472,46.42525533890437,1,False
7070,7071,Branch_8313,13,877,37.93626707132018,1,False
7071,7072,Branch_8314,8018,8436,9.416195856873824,1,False
7072,7073,Branch_8315,872,874,2000.0,1,False
7073,7074,Branch_8317,8151,8162,2000.0,1,False
7074,7075,Branch_8318,8152,8165,2000.0,1,False
7075,7076,Branch_8319,432,657,71.78750897343862,1,False
7076,7077,Branch_8320,1858,1862,80.1924619085806,1,False
7077,7078,Branch_8321,1858,2530,200.4008016032064,1,False
7078,7079,Branch_8322,2046,2106,120.7729468599034,1,False
7079,7080,Branch_8325,7628,7629,11.764705882352942,1,False
7080,7081,Branch_8326,7628,7630,11.764705882352942,1,False
7081,7082,Branch_8327,7618,7628,148.8095238095238,1,False
7082,7083,Branch_8328,5797,5910,127.7139208173691,1,False
7083,7084,Branch_8331,3936,4487,71.42857142857143,1,False
7084,7085,Branch_8332,3074,4469,53.96654074473826,1,False
7085,7086,Branch_8333,3075,4469,53.96654074473826,1,False
7086,7087,Branch_8334,1424,1425,12.746972594008923,1,False
7087,7088,Branch_8335,1008,1424,184.50184501845015,1,False
7088,7089,Branch_8336,306,1127,337.8378378378378,1,False
7089,7090,Branch_8338,429,1424,14.695077149155033,1,False
7090,7091,Branch_8339,1424,1426,2000.0,1,False
7091,7092,Branch_8340,8923,9066,22.722108611679165,1,False
7092,7093,Branch_8342,7500,7501,7.465472191116088,1,False
7093,7094,Branch_8343,5700,8089,3.1885721573879215,1,False
7094,7095,Branch_8344,7830,7964,14.156285390713476,1,False
7095,7096,Branch_8346,8100,8099,10.649627263045794,1,False
7096,7097,Branch_8347,7814,8099,2000.0,1,False
7097,7098,Branch_8348,7985,7984,10.111223458038422,1,False
7098,7099,Branch_8349,7986,7983,10.141987829614605,1,False
7099,7100,Branch_8350,7787,7785,55.865921787709496,1,False
7100,7101,Branch_8351,7908,7906,8.130081300813009,1,False
7101,7102,Branch_8352,7907,7906,8.855827134254339,1,False
7102,7103,Branch_8353,7909,7908,9.366804046459348,1,False
7103,7104,Branch_8354,7907,8384,1515.1515151515152,1,False
7104,7105,Branch_8355,7785,7909,2000.0,1,False
7105,7106,Branch_8356,7814,8384,1682.5733474726053,1,False
7106,7107,Branch_8357,7814,8384,1682.5733474726053,1,False
7107,7108,Branch_8358,8115,8384,540.5405405405405,1,False
7108,7109,Branch_8359,7830,8384,24.826216484607745,1,False
7109,7110,Branch_8361,7814,7818,8.136034496786266,1,False
7110,7111,Branch_8362,7815,7818,-51.282051282051285,1,False
7111,7112,Branch_8363,7813,7818,0.8480972937215357,1,False
7112,7113,Branch_8364,7814,7817,8.233841086867024,1,False
7113,7114,Branch_8365,7812,7817,-54.55537370430987,1,True
7114,7115,Branch_8366,7819,7817,0.8535409144837358,1,False
7115,7116,Branch_8367,7812,7815,2000.0,1,False
7116,7117,Branch_8368,7812,8619,11.299435028248588,1,False
7117,7118,Branch_8369,7815,8619,11.312217194570136,1,False
7118,7119,Branch_8370,7814,7834,98.23182711198427,1,False
7119,7120,Branch_8371,8115,8477,110.13215859030836,1,False
7120,7121,Branch_8372,7988,8632,169.7792869269949,1,False
7121,7122,Branch_8373,7931,7988,12.322858903265558,1,False
7122,7123,Branch_8374,7340,7339,5.916109566349169,1,False
7123,7124,Branch_8375,7321,7340,34.19972640218878,1,False
7124,7125,Branch_8376,5597,5598,18.587360594795538,1,False
7125,7126,Branch_8378,4842,4988,146.84287812041117,1,False
7126,7127,Branch_8379,7854,8525,28.563267637817766,1,False
7127,7128,Branch_8380,8063,8525,31.90810465858328,1,False
7128,7129,Branch_8381,2875,2886,2000.0,1,False
7129,7130,Branch_8382,2875,2885,2000.0,1,False
7130,7131,Branch_8383,6,695,137.93103448275863,1,False
7131,7132,Branch_8384,4,1065,195.69471624266143,1,False
7132,7133,Branch_8385,7856,7854,25.121662198717914,1,False
7133,7134,Branch_8386,7856,7854,25.121662198717914,1,False
7134,7135,Branch_8387,7857,7859,207.4688796680498,1,False
7135,7136,Branch_8388,7854,7859,64.55777921239509,1,False
7136,7137,Branch_8389,7855,7859,7.908264136022143,1,False
7137,7138,Branch_8390,7752,7854,25.075225677031092,1,False
7138,7139,Branch_8391,7854,8693,47.86979415988511,1,False
7139,7140,Branch_8392,7854,8125,1886.7924528301887,1,False
7140,7141,Branch_8393,7854,8126,1886.7924528301887,1,False
7141,7142,Branch_8394,7810,7856,5.299417064122946,1,False
7142,7143,Branch_8395,7856,8206,16.934801016088063,1,False
7143,7144,Branch_8396,7857,7932,199.203187250996,1,False
7144,7145,Branch_8397,7856,8698,352.11267605633805,1,False
7145,7146,Branch_8398,7784,7854,20.828993959591752,1,False
7146,7147,Branch_8399,4,1422,94.16195856873824,1,False
7147,7148,Branch_8400,6,782,143.26647564469914,1,False
7148,7149,Branch_8401,5,6,165.01650165016505,1,False
7149,7150,Branch_8402,4,7,126.42225031605562,1,False
7150,7151,Branch_8403,9306,9307,43.15925766076823,1,False
7151,7152,Branch_8404,471,1273,163.1321370309951,1,True
7152,7153,Branch_8405,471,1264,163.1321370309951,1,False
7153,7154,Branch_8406,2474,2475,32.39390994493035,1,False
7154,7155,Branch_8407,2476,2475,12.187690432663013,1,False
7155,7156,Branch_8408,2669,2679,108.69565217391305,1,False
7156,7157,Branch_8409,669,815,50.27652086475616,1,False
7157,7158,Branch_8410,670,671,2000.0,1,False
7158,7159,Branch_8411,668,669,2000.0,1,False
7159,7160,Branch_8412,671,1130,37.579857196542655,1,False
7160,7161,Branch_8413,2112,2393,2000.0,1,False
7161,7162,Branch_8414,6850,7034,10.612331529236974,1,False
7162,7163,Branch_8415,3326,3330,-39.43217665615142,1,False
7163,7164,Branch_8416,3324,3330,17.822135091783995,1,False
7164,7165,Branch_8417,3328,3330,9.971083856815236,1,False
7165,7166,Branch_8418,3326,3329,45.80852038479157,1,False
7166,7167,Branch_8419,3324,3329,-418.41004184100416,1,False
7167,7168,Branch_8420,3332,3329,9.040773890245005,1,False
7168,7169,Branch_8421,3324,3331,10.88139281828074,1,False
7169,7170,Branch_8422,3325,3331,20.49180327868853,1,False
7170,7171,Branch_8423,3333,3331,8.00640512409928,1,False
7171,7172,Branch_8424,3324,3327,10.893246187363834,1,False
7172,7173,Branch_8425,3325,3327,20.449897750511248,1,False
7173,7174,Branch_8426,3334,3327,8.012820512820513,1,False
7174,7175,Branch_8427,110,935,54.46623093681917,1,False
7175,7176,Branch_8428,110,1425,2000.0,1,False
7176,7177,Branch_8429,7177,7230,181.48820326678765,1,False
7177,7178,Branch_8430,280,1356,18.19174094960888,1,False
7178,7179,Branch_8431,1356,1559,26.082420448617633,1,False
7179,7180,Branch_8432,7209,7351,346.02076124567475,1,False
7180,7181,Branch_8433,2706,5107,2000.0,1,False
7181,7182,Branch_8434,4937,4940,2000.0,1,False
7182,7183,Branch_8435,4938,4939,2000.0,1,False
7183,7184,Branch_8436,3543,3545,2000.0,1,False
7184,7185,Branch_8437,3543,3546,2000.0,1,False
7185,7186,Branch_8438,3543,3551,87.87346221441125,1,False
7186,7187,Branch_8439,3548,3551,32.48862897985705,1,False
7187,7188,Branch_8440,3552,3551,17.806267806267805,1,False
7188,7189,Branch_8441,3548,3544,33.200531208499335,1,False
7189,7190,Branch_8442,3543,3544,89.92805755395683,1,False
7190,7191,Branch_8443,3547,3544,17.5377060680463,1,False
7191,7192,Branch_8444,3545,3549,106.72358591248666,1,False
7192,7193,Branch_8445,3546,3550,105.59662090813094,1,False
7193,7194,Branch_8446,1936,1935,4.289084280506112,1,False
7194,7195,Branch_8447,8005,8148,137.7410468319559,1,False
7195,7196,Branch_8449,4676,4675,17.683198715291148,1,False
7196,7197,Branch_8450,4676,4675,17.683198715291148,1,False
7197,7198,Branch_8451,3537,4676,6.629980773055758,1,False
7198,7199,Branch_8452,5366,5638,133.15579227696404,1,False
7199,7200,Branch_8453,2150,2144,-31.026993484331367,1,False
7200,7201,Branch_8454,2146,2144,4.010427110487267,1,False
7201,7202,Branch_8455,2145,2144,3.980257920713262,1,False
7202,7203,Branch_8456,2150,2147,57.43825387708214,1,False
7203,7204,Branch_8457,2148,2147,4.220655889925294,1,False
7204,7205,Branch_8458,2149,2147,4.218697266284171,1,False
7205,7206,Branch_8459,4677,8942,5.124525981346725,1,False
7206,7207,Branch_8460,2150,2385,20.36659877800407,1,False
7207,7208,Branch_8461,7879,8503,5.482456140350878,1,False
7208,7209,Branch_8462,4844,8885,18.90716581584421,1,False
7209,7210,Branch_8463,5948,7879,9.363295880149812,1,False
7210,7211,Branch_8464,4943,4944,2000.0,1,False
7211,7212,Branch_8465,391,393,9.216589861751151,1,False
7212,7213,Branch_8466,386,391,2000.0,1,False
7213,7214,Branch_8467,386,392,2000.0,1,False
7214,7215,Branch_8468,5239,5240,46.53327128897161,1,False
7215,7216,Branch_8469,5238,5240,-483.09178743961354,1,False
7216,7217,Branch_8470,5241,5240,8.960573476702509,1,False
7217,7218,Branch_8471,8909,9167,649.3506493506494,1,False
7218,7219,Branch_8472,9093,9167,4.602144599383313,1,False
7219,7220,Branch_8473,4936,4937,150.37593984962405,1,False
7220,7221,Branch_8474,4935,4938,150.37593984962405,1,False
7221,7222,Branch_8475,7538,7537,18.358729575913348,1,False
7222,7223,Branch_8476,6180,6182,35.38570417551309,1,False
7223,7224,Branch_8477,6182,6183,10.797969981643451,1,False
7224,7225,Branch_8478,7902,7904,8.94454382826476,1,False
7225,7226,Branch_8479,7902,7905,13.206550449022716,1,False
7226,7227,Branch_8480,7902,7903,13.319126265316996,1,False
7227,7228,Branch_8481,2690,2793,52.35602094240838,1,False
7228,7229,Branch_8482,2690,3035,246.3054187192118,1,False
7229,7230,Branch_8483,2689,3357,192.67822736030828,1,False
7230,7231,Branch_8484,2689,4126,320.5128205128205,1,False
7231,7232,Branch_8485,2745,2744,8.810572687224669,1,False
7232,7233,Branch_8486,2745,2743,8.810572687224669,1,False
7233,7234,Branch_8487,1057,1208,248.13895781637717,1,False
7234,7235,Branch_8488,1057,1264,218.8183807439825,1,False
7235,7236,Branch_8489,1057,1058,17.765144785930005,1,False
7236,7237,Branch_8490,9193,9191,8.336807002917883,1,False
7237,7238,Branch_8491,9193,9192,8.336807002917883,1,False
7238,7239,Branch_8492,9119,9193,138.88888888888889,1,False
7239,7240,Branch_8493,4685,4698,833.3333333333334,1,False
7240,7241,Branch_8494,4458,4461,75.01875468867217,1,False
7241,7242,Branch_8495,4458,4460,68.11989100817439,1,False
7242,7243,Branch_8496,8868,9438,78.18608287724786,1,False
7243,7244,Branch_8497,2899,5046,719.4244604316547,1,False
7244,7245,Branch_8498,2707,2899,136.23978201634878,1,False
7245,7246,Branch_8499,8823,8864,6.91323885240235,1,False
7246,7247,Branch_8500,5262,5312,2000.0,1,False
7247,7248,Branch_8501,552,553,2000.0,1,False
7248,7249,Branch_8502,523,552,2000.0,1,False
7249,7250,Branch_8503,4591,4594,46.53327128897161,1,False
7250,7251,Branch_8504,4590,4594,-483.09178743961354,1,False
7251,7252,Branch_8505,4593,4594,8.92299455697332,1,False
7252,7253,Branch_8506,4591,4595,39.69829297340215,1,False
7253,7254,Branch_8507,4588,4595,-467.2897196261682,1,False
7254,7255,Branch_8508,4596,4595,7.14694110920526,1,False
7255,7256,Branch_8509,553,550,4.740235115661736,1,False
7256,7257,Branch_8510,553,551,4.740235115661736,1,False
7257,7258,Branch_8511,4986,4987,12.611930886618742,1,False
7258,7259,Branch_8512,2820,4986,2000.0,1,False
7259,7260,Branch_8513,2811,4486,38.729666924864446,1,False
7260,7261,Branch_8514,4486,4635,37.993920972644375,1,False
7261,7262,Branch_8515,3383,4486,72.20216606498195,1,False
7262,7263,Branch_8516,433,1470,71.58196134574088,1,False
7263,7264,Branch_8517,7964,7997,2000.0,1,False
7264,7265,Branch_8518,9139,9166,86.65511265164645,1,False
7265,7266,Branch_8519,960,965,21.01281781886951,1,False
7266,7267,Branch_8520,961,966,21.01281781886951,1,False
7267,7268,Branch_8521,7285,7317,61.19951040391677,1,False
7268,7269,Branch_8522,2782,3950,105.59662090813094,1,False
7269,7270,Branch_8523,7757,8154,40.08016032064128,1,False
7270,7271,Branch_8527,7779,8590,12.88161793121216,1,False
7271,7272,Branch_8528,3413,4429,1000.0,1,False
7272,7273,Branch_8529,905,934,112.10762331838563,1,False
7273,7274,Branch_8530,3902,4777,54.49591280653951,1,False
7274,7275,Branch_8531,8741,9031,3.9328273095528377,1,False
7275,7276,Branch_8532,9031,9038,7.209805335255948,1,False
7276,7277,Branch_8533,5197,5265,2000.0,1,False
7277,7278,Branch_8534,5197,5325,73.26007326007326,1,False
7278,7279,Branch_8537,3641,3640,9.45179584120983,1,False
7279,7280,Branch_8538,4375,4584,116.55011655011656,1,True
7280,7281,Branch_8539,3641,3907,7.586677793794098,1,False
7281,7282,Branch_8540,3561,3640,1000.0,1,False
7282,7283,Branch_8541,128,937,44.84304932735426,1,False
7283,7284,Branch_8542,937,1128,94.07337723424271,1,False
7284,7285,Branch_8543,8212,8211,11.62925921618793,1,False
7285,7286,Branch_8544,8212,8210,11.603620329542816,1,False
7286,7287,Branch_8545,7051,7343,2000.0,1,False
7287,7288,Branch_8546,7343,7342,7.894529091339701,1,False
7288,7289,Branch_8547,7343,7344,3.780289570181076,1,False
7289,7290,Branch_8548,7051,7050,15.454683813214608,1,False
7290,7291,Branch_8549,7051,7050,15.454683813214608,1,False
7291,7292,Branch_8550,5501,5645,2000.0,1,False
7292,7293,Branch_8552,6286,6288,2000.0,1,False
7293,7294,Branch_8553,8913,8914,13.0718954248366,1,False
7294,7295,Branch_8555,957,1691,47.48338081671415,1,False
7295,7296,Branch_8556,7827,7901,44.563279857397504,1,False
7296,7297,Branch_8557,957,1010,16.246953696181965,1,False
7297,7298,Branch_8558,288,1264,72.41129616220131,1,False
7298,7299,Branch_8559,289,1264,81.03727714748784,1,False
7299,7300,Branch_8560,2982,2981,14.85001485001485,1,False
7300,7301,Branch_8561,2982,2981,14.85001485001485,1,False
7301,7302,Branch_8562,4694,4695,11.901928112354202,1,False
7302,7303,Branch_8563,4696,4697,18.95375284306293,1,False
7303,7304,Branch_8564,3103,3751,2000.0,1,False
7304,7305,Branch_8565,5190,5237,94.07337723424271,1,False
7305,7306,Branch_8566,9304,9305,19.89258006763477,1,False
7306,7307,Branch_8567,1537,1538,899.4708994708996,1,False
7307,7308,Branch_8568,1536,1538,39.8406374501992,1,False
7308,7309,Branch_8569,1537,1538,899.4708994708996,1,False
7309,7310,Branch_8570,1536,1537,276.82648401826486,1,False
7310,7311,Branch_8571,1542,1543,142.85714285714286,1,False
7311,7312,Branch_8572,1541,1542,370.3703703703704,1,False
7312,7313,Branch_8573,1536,1537,276.82648401826486,1,False
7313,7314,Branch_8574,1540,1543,80.0,1,False
7314,7315,Branch_8575,1540,1541,107.52688172043013,1,False
7315,7316,Branch_8576,7832,7830,125.51345518417435,1,False
7316,7317,Branch_8577,7832,7830,125.51345518417435,1,False
7317,7318,Branch_8578,7831,7830,9.709680551509855,1,False
7318,7319,Branch_8579,7832,8085,59.32965932965933,1,False
7319,7320,Branch_8580,7832,8085,59.32965932965933,1,False
7320,7321,Branch_8582,7832,7833,2000.0,1,False
7321,7322,Branch_8583,9286,9285,11.990407673860911,1,False
7322,7323,Branch_8584,9257,9286,371.7472118959108,1,False
7323,7324,Branch_8585,2078,2080,5.149860953754248,1,False
7324,7325,Branch_8586,2079,2080,-48.92367906066536,1,False
7325,7326,Branch_8587,2081,2080,2.0663291662361813,1,False
7326,7327,Branch_8588,4302,4928,160.25641025641025,1,False
7327,7328,Branch_8591,759,801,8.874689385871495,1,False
7328,7329,Branch_8592,7901,7900,6.715916722632639,1,False
7329,7330,Branch_8593,280,804,10.374520178441747,1,False
7330,7331,Branch_8594,6186,6184,10.835410120273052,1,False
7331,7332,Branch_8595,6186,6185,10.744600838078863,1,False
7332,7333,Branch_8596,6173,6186,400.0,1,False
7333,7334,Branch_8597,5752,5893,8.445232666159953,1,False
7334,7335,Branch_8598,5237,5327,21.743857360295717,1,False
7335,7336,Branch_8599,8411,8419,-18.684603886397607,1,False
7336,7337,Branch_8600,8418,8419,13.431833445265278,1,False
7337,7338,Branch_8601,8417,8419,13.726835964310226,1,False
7338,7339,Branch_8602,8411,8413,-18.684603886397607,1,False
7339,7340,Branch_8603,8416,8413,13.431833445265278,1,False
7340,7341,Branch_8604,8414,8413,13.726835964310226,1,False
7341,7342,Branch_8605,8415,8412,48.83454111032492,1,False
7342,7343,Branch_8606,8415,8412,48.83454111032492,1,False
7343,7344,Branch_8607,8411,8673,16.105653084232564,1,False
7344,7345,Branch_8608,8411,8609,94.87666034155598,1,False
7345,7346,Branch_8609,8395,8412,10.095911155981828,1,False
7346,7347,Branch_8610,7958,8412,24.77086945751796,1,False
7347,7348,Branch_8612,7823,8415,17.618040873854827,1,False
7348,7349,Branch_8613,8412,8418,4000.0,1,False
7349,7350,Branch_8614,8412,8418,4000.0,1,False
7350,7351,Branch_8615,8412,8416,4000.0,1,False
7351,7352,Branch_8616,8412,8416,4000.0,1,False
7352,7353,Branch_8617,8415,8586,23.137436372049976,1,False
7353,7354,Branch_8618,8411,8482,97.84735812133071,1,False
7354,7355,Branch_8619,7975,8415,35.637918745545264,1,False
7355,7356,Branch_8620,533,532,5.159426271798576,1,False
7356,7357,Branch_8622,166,1056,9.157509157509155,1,False
7357,7358,Branch_8623,2751,2754,-72.46376811594203,1,False
7358,7359,Branch_8624,2752,2754,9.633911368015417,1,False
7359,7360,Branch_8625,2753,2754,5.572582892170521,1,False
7360,7361,Branch_8626,2751,3025,87.26003490401396,1,False
7361,7362,Branch_8627,801,1284,48.49660523763337,1,False
7362,7363,Branch_8628,8222,8403,264.55026455026456,1,False
7363,7364,Branch_8629,8403,8446,13.017443374121322,1,False
7364,7365,Branch_8630,2235,2237,16.578249336870027,1,False
7365,7366,Branch_8631,2235,2236,16.396130513198884,1,False
7366,7367,Branch_8632,2235,2238,16.43115346697338,1,False
7367,7368,Branch_8633,1813,2235,4000.0,1,False
7368,7369,Branch_8634,1813,2235,4000.0,1,False
7369,7370,Branch_8635,7322,7323,9.26612305411416,1,True
7370,7371,Branch_8637,1009,1167,7.686395080707149,1,False
7371,7372,Branch_8639,7801,7802,5.720823798627002,1,False
7372,7373,Branch_8640,9022,9026,16.54807214959457,1,False
7373,7374,Branch_8642,9022,9025,12.21001221001221,1,False
7374,7375,Branch_8643,9022,9028,12.175818823815902,1,False
7375,7376,Branch_8646,9332,9333,2.7567955009097425,1,False
7376,7377,Branch_8647,9332,9334,2.759838825412596,1,False
7377,7378,Branch_8648,9322,9357,53.02226935312832,1,False
7378,7379,Branch_8649,9322,9326,39.01677721420211,1,False
7379,7380,Branch_8650,9335,9378,64.43298969072166,1,False
7380,7381,Branch_8651,9329,9378,85.76329331046313,1,False
7381,7382,Branch_8652,9378,9380,7.947230390209012,1,False
7382,7383,Branch_8653,9379,9380,-70.57163020465772,1,False
7383,7384,Branch_8654,9381,9380,5.911563017261764,1,False
7384,7385,Branch_8655,9340,9337,22.639800769753226,1,False
7385,7386,Branch_8656,9336,9337,-191.57088122605364,1,False
7386,7387,Branch_8657,9342,9337,6.434592368573451,1,False
7387,7388,Branch_8658,9339,9338,22.49212775528565,1,False
7388,7389,Branch_8659,9336,9338,-192.30769230769232,1,False
7389,7390,Branch_8660,9341,9338,6.463706289186219,1,False
7390,7391,Branch_8661,9328,9332,34.85535029627048,1,False
7391,7392,Branch_8662,9328,9373,28.04262478968031,1,False
7392,7393,Branch_8663,9336,9358,86.13264427217915,1,False
7393,7394,Branch_8667,9330,9379,18.726591760299627,1,False
7394,7395,Branch_8668,9324,9366,46.55493482309125,1,False
7395,7396,Branch_8669,9373,9379,22.3563603845294,1,False
7396,7397,Branch_8670,9325,9372,56.49717514124294,1,False
7397,7398,Branch_8671,9350,9372,115.87485515643104,1,False
7398,7399,Branch_8672,9372,9374,7.886435331230284,1,False
7399,7400,Branch_8673,9373,9374,-62.61740763932373,1,False
7400,7401,Branch_8674,9375,9374,5.9262771127177905,1,False
7401,7402,Branch_8675,9325,9336,39.88831272437176,1,False
7402,7403,Branch_8676,9324,9331,33.72681281618887,1,False
7403,7404,Branch_8677,9331,9350,110.98779134295228,1,False
7404,7405,Branch_8678,9343,9357,16.084928422068522,1,False
7405,7406,Branch_8679,9348,9344,22.634676324128566,1,False
7406,7407,Branch_8680,9343,9344,-197.23865877712032,1,False
7407,7408,Branch_8681,9346,9344,6.463288521199586,1,False
7408,7409,Branch_8682,9349,9345,22.665457842248415,1,False
7409,7410,Branch_8683,9343,9345,-195.3125,1,False
7410,7411,Branch_8684,9347,9345,6.449532408900355,1,False
7411,7412,Branch_8685,9327,9332,19.364833462432223,1,False
7412,7413,Branch_8686,9326,9358,51.3347022587269,1,False
7413,7414,Branch_8687,9326,9357,54.25935973955507,1,False
7414,7415,Branch_8688,9326,9343,20.742584526031944,1,False
7415,7416,Branch_8689,9335,9358,58.51375073142189,1,False
7416,7417,Branch_8690,9326,9335,79.4912559618442,1,False
7417,7418,Branch_8691,9322,9323,85.25149190110827,1,False
7418,7419,Branch_8692,9330,9367,23.025558369790467,1,True
7419,7420,Branch_8693,9327,9367,25.64102564102564,1,False
7420,7421,Branch_8694,9323,9366,81.43322475570032,1,False
7421,7422,Branch_8695,9366,9368,7.847445656438829,1,False
7422,7423,Branch_8696,9367,9368,-60.790273556231,1,False
7423,7424,Branch_8697,9369,9368,5.813953488372093,1,False
7424,7425,Branch_8698,9329,9336,139.66480446927375,1,False
7425,7426,Branch_8699,9351,9353,22.680880018144705,1,False
7426,7427,Branch_8700,9350,9353,-193.7984496124031,1,False
7427,7428,Branch_8701,9354,9353,6.459531038046638,1,False
7428,7429,Branch_8702,9352,9355,22.56826901376665,1,False
7429,7430,Branch_8703,9350,9355,-192.30769230769232,1,False
7430,7431,Branch_8704,9356,9355,6.463706289186219,1,False
7431,7432,Branch_8705,5087,5088,45.187528242205154,1,False
7432,7433,Branch_8706,5086,5088,-467.2897196261682,1,False
7433,7434,Branch_8707,5089,5088,7.662248103593594,1,False
7434,7435,Branch_8708,5087,5090,45.187528242205154,1,False
7435,7436,Branch_8709,5086,5090,-467.2897196261682,1,False
7436,7437,Branch_8710,5091,5090,7.662248103593594,1,False
7437,7438,Branch_8711,787,1355,157.9778830963665,1,False
7438,7439,Branch_8712,366,786,469.4835680751174,1,False
7439,7440,Branch_8713,787,1285,537.6344086021505,1,False
7440,7441,Branch_8714,785,787,160.0,1,False
7441,7442,Branch_8715,786,788,363.6363636363636,1,False
7442,7443,Branch_8716,1005,1006,952.3809523809524,1,False
7443,7444,Branch_8717,1003,1007,555.5555555555555,1,False
7444,7445,Branch_8718,8083,8084,15.85288522511097,1,False
7445,7446,Branch_8719,7738,7988,90.33423667570008,1,False
7446,7447,Branch_8721,2671,4268,48.97159647404506,1,False
7447,7448,Branch_8722,3296,4268,27.412280701754387,1,False
7448,7449,Branch_8724,2017,2018,4.795013186286262,1,False
7449,7450,Branch_8725,8111,8203,206.18556701030928,1,False
7450,7451,Branch_8726,8203,8693,42.51700680272109,1,False
7451,7452,Branch_8727,8203,8204,2000.0,1,False
7452,7453,Branch_8728,6536,7228,26.490066225165563,1,False
7453,7454,Branch_8729,247,1045,75.87253414264036,1,False
7454,7455,Branch_8730,1043,1045,2000.0,1,False
7455,7456,Branch_8731,1044,1046,2000.0,1,False
7456,7457,Branch_8732,790,1046,43.61098996947231,1,False
7457,7458,Branch_8733,40,1045,85.39709649871904,1,False
7458,7459,Branch_8734,40,1046,85.32423208191126,1,False
7459,7460,Branch_8735,7931,8001,112.73957158962796,1,False
7460,7461,Branch_8736,8001,8002,934.5794392523364,1,False
7461,7462,Branch_8737,8002,8003,14.275517487508925,1,False
7462,7463,Branch_8738,8001,8188,49.28536224741252,1,False
7463,7464,Branch_8739,8188,8189,14.84560570071259,1,False
7464,7465,Branch_8740,8023,8024,13.273161667109106,1,False
7465,7466,Branch_8741,8072,8157,2000.0,1,False
7466,7467,Branch_8742,8071,8072,14.148273910582908,1,False
7467,7468,Branch_8743,8038,8045,2000.0,1,False
7468,7469,Branch_8744,8045,8044,7.756748371082842,1,False
7469,7470,Branch_8745,5951,6180,14.490653528474134,1,False
7470,7471,Branch_8746,5950,5951,13.205443028557971,1,False
7471,7472,Branch_8747,5950,5951,13.205443028557971,1,False
7472,7473,Branch_8749,64,626,132.9787234042553,1,False
7473,7474,Branch_8750,4297,4295,48.54368932038835,1,False
7474,7475,Branch_8751,4294,4296,48.54368932038835,1,False
7475,7476,Branch_8752,4263,4295,2000.0,1,False
7476,7477,Branch_8753,4520,4521,2000.0,1,False
7477,7478,Branch_8754,694,697,1960.7843137254904,1,False
7478,7479,Branch_8755,697,783,68.39945280437756,1,False
7479,7480,Branch_8756,696,697,2000.0,1,False
7480,7481,Branch_8757,693,695,2000.0,1,False
7481,7482,Branch_8758,1207,1210,2000.0,1,False
7482,7483,Branch_8759,1211,1212,2000.0,1,False
7483,7484,Branch_8760,7034,7412,195.3125,1,False
7484,7485,Branch_8761,6511,7412,13.865779256794232,1,False
7485,7486,Branch_8762,3118,3722,64.89292667099286,1,True
7486,7487,Branch_8763,2356,8504,9.813542688910696,1,False
7487,7488,Branch_8764,1824,1825,10.123506782749544,1,False
7488,7489,Branch_8765,2280,2281,32.78688524590164,1,False
7489,7490,Branch_8766,2283,2281,-395.25691699604744,1,False
7490,7491,Branch_8767,2284,2281,6.980802792321117,1,False
7491,7492,Branch_8768,2280,2282,29.71768202080238,1,False
7492,7493,Branch_8769,2283,2282,-369.0036900369004,1,False
7493,7494,Branch_8770,2285,2282,4.919323101141283,1,False
7494,7495,Branch_8771,2280,2286,30.11141222523336,1,False
7495,7496,Branch_8772,2283,2286,-398.4063745019921,1,False
7496,7497,Branch_8773,2287,2286,6.587615283267457,1,False
7497,7498,Branch_8774,341,1208,206.18556701030928,1,False
7498,7499,Branch_8775,1207,1265,245.09803921568627,1,False
7499,7500,Branch_8776,1208,1209,2000.0,1,False
7500,7501,Branch_8777,7752,8121,20.98635886673662,1,False
7501,7502,Branch_8778,7826,7941,97.27626459143968,1,False
7502,7503,Branch_8779,7826,8184,57.537399309551205,1,False
7503,7504,Branch_8780,5729,5731,19.569471624266143,1,False
7504,7505,Branch_8781,6559,7045,12.007684918347742,1,False
7505,7506,Branch_8783,1759,2061,15.730690577316343,1,False
7506,7507,Branch_8784,1759,2333,89.92805755395683,1,False
7507,7508,Branch_8785,1763,1957,602.4096385542168,1,False
7508,7509,Branch_8786,1874,1957,471.6981132075472,1,False
7509,7510,Branch_8787,1765,1766,118.48341232227487,1,False
7510,7511,Branch_8788,1765,1767,118.48341232227487,1,False
7511,7512,Branch_8789,9031,9275,27.609055770292656,1,False
7512,7513,Branch_8790,6180,6449,14.492753623188406,1,False
7513,7514,Branch_8791,5915,6449,104.07671213901857,1,False
7514,7515,Branch_8792,5915,6449,104.07671213901857,1,False
7515,7516,Branch_8793,6363,6449,8.147967082212988,1,False
7516,7517,Branch_8794,8250,8251,8.216926869350862,1,False
7517,7518,Branch_8795,8250,8252,8.145312372729494,1,False
7518,7519,Branch_8796,8250,8684,2000.0,1,False
7519,7520,Branch_8797,326,327,57.6036866359447,1,False
7520,7521,Branch_8798,6080,6464,45.59963520291838,1,False
7521,7522,Branch_8799,1559,1560,23.29373398555789,1,False
7522,7523,Branch_8801,1122,1559,18.618506795754985,1,False
7523,7524,Branch_8802,1560,1777,18.355359765051396,1,False
7524,7525,Branch_8803,804,1559,14.85001485001485,1,False
7525,7526,Branch_8804,801,1560,60.790273556231,1,False
7526,7527,Branch_8812,2502,2501,18.453589223103897,1,False
7527,7528,Branch_8814,5751,5779,55.55555555555556,1,False
7528,7529,Branch_8815,7982,8026,2000.0,1,False
7529,7530,Branch_8816,7911,8026,2000.0,1,False
7530,7531,Branch_8817,6521,7248,297.6190476190476,1,False
7531,7532,Branch_8818,1951,1954,2.1872265966754156,1,False
7532,7533,Branch_8819,1951,1955,2.1872265966754156,1,False
7533,7534,Branch_8820,7896,8063,41.1522633744856,1,False
7534,7535,Branch_8821,8063,8075,404.8582995951417,1,False
7535,7536,Branch_8822,9199,9231,9.541074324968992,1,False
7536,7537,Branch_8823,9246,9244,7.8982702788089405,1,False
7537,7538,Branch_8824,9246,9245,7.8982702788089405,1,False
7538,7539,Branch_8825,9134,9246,78.125,1,False
7539,7540,Branch_8826,1787,1788,25.980774227071965,1,False
7540,7541,Branch_8827,1786,1788,-296.7359050445104,1,False
7541,7542,Branch_8828,1789,1788,18.17190623296384,1,False
7542,7543,Branch_8829,1787,1791,25.094102885821833,1,False
7543,7544,Branch_8830,1786,1791,-259.7402597402597,1,False
7544,7545,Branch_8831,1790,1791,18.17190623296384,1,False
7545,7546,Branch_8832,274,1089,38.15337657382678,1,False
7546,7547,Branch_8833,1787,2129,293.68575624082234,1,False
7547,7548,Branch_8834,1787,2129,293.68575624082234,1,False
7548,7549,Branch_8835,1107,1519,67.11409395973155,1,False
7549,7550,Branch_8836,4744,4743,9.297136481963555,1,False
7550,7551,Branch_8837,2272,2273,-39.03200624512099,1,False
7551,7552,Branch_8838,2271,2275,-38.85003885003885,1,False
7552,7553,Branch_8839,2269,2273,3.391785096496286,1,False
7553,7554,Branch_8840,2274,2275,3.3846674564224064,1,False
7554,7555,Branch_8841,2270,2268,3.108003108003108,1,False
7555,7556,Branch_8842,2270,2273,6.840413160954922,1,False
7556,7557,Branch_8843,2270,2275,6.868131868131868,1,False
7557,7558,Branch_8844,6435,6440,2000.0,1,False
7558,7559,Branch_8845,6435,6434,14.068655036578503,1,False
7559,7560,Branch_8846,3542,4743,1162.7906976744189,1,False
7560,7561,Branch_8847,5962,5965,251.25628140703515,1,False
7561,7562,Branch_8848,5962,5993,6.520605112154408,1,False
7562,7563,Branch_8849,5962,6275,4.1128567903265605,1,False
7563,7564,Branch_8851,5967,5965,15.43924656476764,1,False
7564,7565,Branch_8852,6106,6105,4.765308553728854,1,False
7565,7566,Branch_8853,6106,6107,4.765308553728854,1,False
7566,7567,Branch_8854,6255,6275,40.91653027823241,1,False
7567,7568,Branch_8856,5993,6057,15.098897780462028,1,False
7568,7569,Branch_8857,9394,9397,2.700658960786432,1,False
7569,7570,Branch_8858,9395,9398,2.725686873092019,1,False
7570,7571,Branch_8859,9393,9396,6.476683937823834,1,False
7571,7572,Branch_8863,8869,9083,7.371369600471768,1,False
7572,7573,Branch_8864,8870,8922,2.361330846064842,1,False
7573,7574,Branch_8865,8859,8869,8.04634695848085,1,False
7574,7575,Branch_8866,8817,8870,3.4047189404514655,1,False
7575,7576,Branch_8867,7919,8019,8.880206020779681,1,False
7576,7577,Branch_8868,7894,8436,3.546853940554728,1,False
7577,7578,Branch_8869,7894,7919,12.24889759921607,1,False
7578,7579,Branch_8870,7894,8602,7.987220447284345,1,False
7579,7580,Branch_8871,9007,9231,29.12904165452957,1,False
7580,7581,Branch_8872,8828,9231,2000.0,1,False
7581,7582,Branch_8873,6432,6431,11.054609772275038,1,False
7582,7583,Branch_8874,6432,6433,5.369992482010526,1,False
7583,7584,Branch_8875,6429,6432,436.6812227074235,1,False
7584,7585,Branch_8876,6406,6429,140.4494382022472,1,False
7585,7586,Branch_8877,6429,6427,15.160703456640388,1,False
7586,7587,Branch_8878,6429,6428,5.369992482010526,1,False
7587,7588,Branch_8879,6336,6337,2000.0,1,False
7588,7589,Branch_8880,6307,6336,62.30529595015577,1,False
7589,7590,Branch_8881,8015,8656,59.844404548174744,1,False
7590,7591,Branch_8882,7995,8486,42.19409282700422,1,False
7591,7592,Branch_8883,946,1127,943.3962264150944,1,False
7592,7593,Branch_8884,1643,1644,2000.0,1,False
7593,7594,Branch_8885,8904,8921,9.746588693957117,1,False
7594,7595,Branch_8886,9015,9200,4.125072188763303,1,False
7595,7596,Branch_8887,8940,9200,2000.0,1,False
7596,7597,Branch_8888,6925,7016,3.143764343424817,1,False
7597,7598,Branch_8889,6523,6925,454.54545454545456,1,False
7598,7599,Branch_8890,6828,6944,1369.86301369863,1,False
7599,7600,Branch_8891,364,1715,323.62459546925567,1,False
7600,7601,Branch_8892,8090,8277,398.4063745019921,1,False
7601,7602,Branch_8894,7998,8090,2000.0,1,False
7602,7603,Branch_8895,7999,8090,2000.0,1,False
7603,7604,Branch_8896,3279,4352,1587.3015873015872,1,False
7604,7605,Branch_8897,7921,8209,5.985873338920149,1,False
7605,7606,Branch_8898,8013,8209,7.947230390209012,1,False
7606,7607,Branch_8899,3279,3280,30.76923076923077,1,False
7607,7608,Branch_8900,3278,3280,-357.14285714285717,1,False
7608,7609,Branch_8901,3283,3280,8.176614881439084,1,False
7609,7610,Branch_8902,3279,3284,30.76923076923077,1,False
7610,7611,Branch_8903,3278,3284,-357.14285714285717,1,False
7611,7612,Branch_8904,3285,3284,8.176614881439084,1,False
7612,7613,Branch_8905,3281,3278,15.928639694170116,1,False
7613,7614,Branch_8906,3279,4249,312.5,1,False
7614,7615,Branch_8907,3131,3278,48.44961240310077,1,False
7615,7616,Branch_8908,7079,7082,9.336196433572962,1,False
7616,7617,Branch_8909,7079,7081,6.355662895640015,1,False
7617,7618,Branch_8910,5685,5760,37.064492216456635,1,False
7618,7619,Branch_8912,5760,5770,125.0,1,False
7619,7620,Branch_8913,6960,7353,34.674063800277395,1,False
7620,7621,Branch_8916,28,1314,19.960079840319363,1,False
7621,7622,Branch_8917,1314,8572,2.606202762574928,1,False
7622,7623,Branch_8918,4515,4516,5.920663114268798,1,False
7623,7624,Branch_8919,2955,3199,69.63788300835654,1,False
7624,7625,Branch_8920,3199,4767,59.38242280285036,1,False
7625,7626,Branch_8923,7918,8378,21.533161068044787,1,False
7626,7627,Branch_8924,2823,4882,413.22314049586777,1,False
7627,7628,Branch_8925,2,440,98.32841691248773,1,False
7628,7629,Branch_8926,440,927,43.066322136089575,1,False
7629,7630,Branch_8927,6023,6047,6.052536012589275,1,False
7630,7631,Branch_8928,6023,6169,152.4390243902439,1,False
7631,7632,Branch_8929,8280,8279,15.264845061822625,1,False
7632,7633,Branch_8930,8280,8566,16.276041666666668,1,False
7633,7634,Branch_8931,5913,6122,52.19206680584551,1,False
7634,7635,Branch_8932,5862,5913,43.2338953739732,1,False
7635,7636,Branch_8933,1828,1827,24.277737314882252,1,False
7636,7637,Branch_8934,7259,7262,46.21072088724584,1,False
7637,7638,Branch_8935,7260,7262,-454.54545454545456,1,False
7638,7639,Branch_8936,7261,7262,8.94854586129754,1,False
7639,7640,Branch_8937,1827,1909,2000.0,1,False
7640,7641,Branch_8938,7804,8658,105.9322033898305,1,False
7641,7642,Branch_8939,7781,7804,38.16793893129771,1,False
7642,7643,Branch_8940,7772,7807,5.380972879896685,1,False
7643,7644,Branch_8941,7772,8255,5.629362756136006,1,False
7644,7645,Branch_8942,2983,2987,12.737230925996688,1,False
7645,7646,Branch_8943,2983,2988,13.75515818431912,1,False
7646,7647,Branch_8944,2983,2986,86.80555555555556,1,False
7647,7648,Branch_8945,2983,2985,5.420054200542006,1,False
7648,7649,Branch_8946,2984,2985,-27.3224043715847,1,False
7649,7650,Branch_8947,2989,2985,8.401243384020836,1,False
7650,7651,Branch_8948,863,1643,37.67897513187641,1,False
7651,7652,Branch_8949,1434,1646,164.47368421052633,1,False
7652,7653,Branch_8950,1645,1647,2000.0,1,False
7653,7654,Branch_8951,1642,1646,66.40106241699867,1,False
7654,7655,Branch_8952,4381,4388,21.81976871045167,1,False
7655,7656,Branch_8953,4381,4384,21.436227224008576,1,False
7656,7657,Branch_8954,4382,4383,21.71552660152009,1,False
7657,7658,Branch_8955,4382,4387,21.71552660152009,1,False
7658,7659,Branch_8956,4381,4386,21.468441391155004,1,False
7659,7660,Branch_8957,4381,4385,21.4638334406525,1,False
7660,7661,Branch_8959,7123,7127,46.51162790697674,1,False
7661,7662,Branch_8960,7126,7127,-485.4368932038834,1,False
7662,7663,Branch_8961,7128,7127,8.997660608241857,1,False
7663,7664,Branch_8962,7123,7124,46.57661853749418,1,False
7664,7665,Branch_8963,7126,7124,-478.4688995215311,1,False
7665,7666,Branch_8964,7125,7124,6.815238874122538,1,False
7666,7667,Branch_8965,252,1217,1136.3636363636365,1,False
7667,7668,Branch_8966,252,971,113.76564277588167,1,False
7668,7669,Branch_8967,252,254,38.639876352395675,1,False
7669,7670,Branch_8968,253,254,2000.0,1,False
7670,7671,Branch_8969,255,254,7.411250277921885,1,False
7671,7672,Branch_8970,256,257,136.986301369863,1,False
7672,7673,Branch_8971,252,257,87.18395815170008,1,False
7673,7674,Branch_8972,258,257,9.899029895070283,1,False
7674,7675,Branch_8973,7277,7278,71.4796283059328,1,False
7675,7676,Branch_8974,7276,7278,69.7350069735007,1,False
7676,7677,Branch_8975,7279,7278,5.13294322964788,1,False
7677,7678,Branch_8976,77,919,2000.0,1,False
7678,7679,Branch_8977,5887,5888,23.391812865497077,1,False
7679,7680,Branch_8978,5888,6172,2000.0,1,False
7680,7681,Branch_8979,30,7887,7.263746640517179,1,False
7681,7682,Branch_8980,8127,8248,33.7609723160027,1,False
7682,7683,Branch_8981,7749,8127,7.946598855689765,1,False
7683,7684,Branch_8982,1202,8127,10.785159620362382,1,False
7684,7685,Branch_8983,8127,8491,28.546959748786755,1,False
7685,7686,Branch_8984,5685,6047,4.3029259896729775,1,False
7686,7687,Branch_8985,5734,6046,3.5724492712203486,1,False
7687,7688,Branch_8986,5046,5047,16.056518946692357,1,False
7688,7689,Branch_8987,5046,5048,16.046213093709884,1,False
7689,7690,Branch_8988,7828,7891,118.48341232227487,1,False
7690,7691,Branch_8989,7788,7891,62.97229219143577,1,False
7691,7692,Branch_8990,5926,5940,17.307026652821044,1,False
7692,7693,Branch_8991,5901,5998,56.72149744753261,1,False
7693,7694,Branch_8992,5901,6204,77.33952049497293,1,True
7694,7695,Branch_8993,5856,5998,4.936077792586011,1,False
7695,7696,Branch_8994,3446,3634,4.423995752964077,1,False
7696,7697,Branch_8995,3089,4329,61.576354679802954,1,False
7697,7698,Branch_8996,3446,3488,6.601531555320834,1,False
7698,7699,Branch_8997,3089,3149,6.561679790026247,1,False
7699,7700,Branch_8998,7240,7238,8.874689385871495,1,False
7700,7701,Branch_8999,7240,7239,8.874689385871495,1,False
7701,7702,Branch_9000,8111,8691,25.119316754584275,1,False
7702,7703,Branch_9001,8181,8183,386.1003861003861,1,False
7703,7704,Branch_9002,8181,8182,14.234875444839858,1,False
7704,7705,Branch_9003,3135,3136,1.8456995201181248,1,False
7705,7706,Branch_9004,682,684,2000.0,1,False
7706,7707,Branch_9005,664,684,250.6265664160401,1,False
7707,7708,Branch_9006,666,683,174.52006980802793,1,False
7708,7709,Branch_9007,206,684,146.84287812041117,1,False
7709,7710,Branch_9010,2740,2745,250.0,1,False
7710,7711,Branch_9011,6087,6089,9.932459276916964,1,False
7711,7712,Branch_9012,6087,6095,9.921619208254787,1,False
7712,7713,Branch_9013,6087,6098,9.94431185361973,1,False
7713,7714,Branch_9014,6087,6093,9.852216748768472,1,False
7714,7715,Branch_9015,6087,6096,9.875567845151096,1,False
7715,7716,Branch_9016,6087,6094,9.818360333824252,1,False
7716,7717,Branch_9017,6088,6100,33.277870216306155,1,False
7717,7718,Branch_9018,6087,6100,168.0672268907563,1,False
7718,7719,Branch_9019,6092,6100,6.378364587319811,1,False
7719,7720,Branch_9020,6088,6102,-25.438819638768763,1,False
7720,7721,Branch_9021,6087,6102,12.971851083149565,1,False
7721,7722,Branch_9022,6091,6102,2.628259041211102,1,False
7722,7723,Branch_9023,6087,6101,10.827197921178,1,False
7723,7724,Branch_9024,6090,6101,-72.83321194464676,1,False
7724,7725,Branch_9025,6103,6101,2.8348688873139616,1,False
7725,7726,Branch_9026,6088,6099,33.523298692591354,1,False
7726,7727,Branch_9027,6087,6099,153.84615384615384,1,False
7727,7728,Branch_9028,6097,6099,6.968641114982578,1,False
7728,7729,Branch_9029,2537,8631,17.36111111111111,1,False
7729,7730,Branch_9030,8368,8626,123.00123001230013,1,False
7730,7731,Branch_9031,9164,9166,10.196798205363516,1,False
7731,7732,Branch_9032,9165,9166,10.144045445323597,1,False
7732,7733,Branch_9033,781,1003,413.22314049586777,1,False
7733,7734,Branch_9034,1003,1004,2000.0,1,False
7734,7735,Branch_9035,1004,1005,2000.0,1,False
7735,7736,Branch_9036,662,1006,877.1929824561404,1,False
7736,7737,Branch_9038,8020,8021,432.9004329004329,1,False
7737,7738,Branch_9039,8020,8022,432.9004329004329,1,False
7738,7739,Branch_9042,8135,8480,2000.0,1,False
7739,7740,Branch_9043,8135,8134,11.234692731153803,1,False
7740,7741,Branch_9044,8450,8513,62.73525721455458,1,False
7741,7742,Branch_9045,6918,7042,3.1623553222440073,1,False
7742,7743,Branch_9046,221,917,12.805736970162632,1,False
7743,7744,Branch_9047,8513,8515,18.73711823121604,1,False
7744,7745,Branch_9048,8481,8513,262.4671916010499,1,False
7745,7746,Branch_9049,5793,5808,8.101101749837978,1,False
7746,7747,Branch_9050,7840,8626,2000.0,1,False
7747,7748,Branch_9051,7839,8626,2000.0,1,False
7748,7749,Branch_9052,7841,8626,2000.0,1,False
7749,7750,Branch_9054,7839,8431,48.804294777940456,1,False
7750,7751,Branch_9055,7840,7842,2000.0,1,False
7751,7752,Branch_9056,7839,7842,2000.0,1,False
7752,7753,Branch_9057,7784,7840,25.588536335721596,1,False
7753,7754,Branch_9058,2916,3017,2000.0,1,False
7754,7755,Branch_9059,2915,3017,2000.0,1,False
7755,7756,Branch_9060,5550,5551,2.031281738777168,1,False
7756,7757,Branch_9061,5549,5550,62.18905472636816,1,False
7757,7758,Branch_9062,5287,5551,78.80220646178093,1,False
7758,7759,Branch_9063,5544,5550,129.70168612191958,1,False
7759,7760,Branch_9064,2875,3822,33.67003367003367,1,False
7760,7761,Branch_9065,2875,4886,884.9557522123894,1,False
7761,7762,Branch_9066,2683,4371,115.2073732718894,1,False
7762,7763,Branch_9067,2683,2990,120.1923076923077,1,False
7763,7764,Branch_9068,8477,8618,89.84725965858041,1,False
7764,7765,Branch_9069,3017,3013,6.249609399412536,1,False
7765,7766,Branch_9070,3017,3014,9.80872976949485,1,False
7766,7767,Branch_9071,3017,3016,30.816640986132512,1,False
7767,7768,Branch_9072,3017,3015,11.109876680368847,1,False
7768,7769,Branch_9073,3017,3012,11.109876680368847,1,False
7769,7770,Branch_9074,2916,3950,16.406890894175554,1,False
7770,7771,Branch_9075,3017,4165,21.27659574468085,1,False
7771,7772,Branch_9076,7892,8618,45.33091568449683,1,False
7772,7773,Branch_9077,1295,1297,1.4760583338253528,1,False
7773,7774,Branch_9078,364,363,1.7828807787623242,1,False
7774,7775,Branch_9079,8077,8082,352.11267605633805,1,False
7775,7776,Branch_9080,8082,8081,11.350737797956867,1,False
7776,7777,Branch_9081,8080,8082,8.56898029134533,1,False
7777,7778,Branch_9082,9287,9288,9.286775631500744,1,False
7778,7779,Branch_9083,9287,9289,9.286775631500744,1,False
7779,7780,Branch_9084,9113,9287,2000.0,1,False
7780,7781,Branch_9085,51,894,59.20663114268798,1,False
7781,7782,Branch_9086,5940,6200,21.58894645941278,1,False
7782,7783,Branch_9087,5723,5940,22.951572182694516,1,False
7783,7784,Branch_9090,4498,4891,408.16326530612247,1,False
7784,7785,Branch_9091,4497,4891,408.16326530612247,1,False
7785,7786,Branch_9092,5357,5352,54.88474204171241,1,False
7786,7787,Branch_9093,5357,5356,75.41478129713424,1,False
7787,7788,Branch_9094,5357,5355,62.53908692933083,1,False
7788,7789,Branch_9095,5357,5359,11.983223487118035,1,False
7789,7790,Branch_9096,5351,5359,-520.8333333333334,1,False
7790,7791,Branch_9097,5353,5359,8.802042073761113,1,False
7791,7792,Branch_9098,5357,5358,21.1864406779661,1,False
7792,7793,Branch_9099,5350,5358,100.0,1,False
7793,7794,Branch_9100,5354,5358,3.4904013961605584,1,False
7794,7795,Branch_9101,4482,4570,2000.0,1,False
7795,7796,Branch_9102,3892,4405,161.55088852988692,1,False
7796,7797,Branch_9103,3892,4263,92.08103130755065,1,False
7797,7798,Branch_9104,2162,2161,5.234779877506151,1,False
7798,7799,Branch_9105,5413,5415,69.7350069735007,1,False
7799,7800,Branch_9106,5412,5415,72.41129616220131,1,False
7800,7801,Branch_9107,5414,5415,5.212677231025855,1,False
7801,7802,Branch_9108,8707,8992,40.32258064516129,1,False
7802,7803,Branch_9109,5562,5564,2000.0,1,False
7803,7804,Branch_9110,811,875,806.4516129032259,1,False
7804,7805,Branch_9111,7850,8032,177.61989342806393,1,False
7805,7806,Branch_9112,8032,8539,26.70940170940171,1,False
7806,7807,Branch_9115,5700,6225,3.248862897985705,1,False
7807,7808,Branch_9116,8742,9438,18.716077110237695,1,True
7808,7809,Branch_9117,9443,9479,2000.0,1,False
7809,7810,Branch_9118,9479,9477,8.6617583369424,1,False
7810,7811,Branch_9119,9479,9478,8.625894936599671,1,False
7811,7812,Branch_9120,2955,3517,26.12330198537095,1,False
7812,7813,Branch_9121,8421,8668,34.036759700476516,1,False
7813,7814,Branch_9123,3517,3902,39.03200624512099,1,False
7814,7815,Branch_9124,1822,8439,4.653327128897161,1,False
7815,7816,Branch_9125,8534,8642,66.00660066006601,1,False
7816,7817,Branch_9126,8533,8534,2000.0,1,False
7817,7818,Branch_9127,8378,8534,42.30118443316413,1,False
7818,7819,Branch_9128,341,1282,53.13496280552604,1,False
7819,7820,Branch_9129,6813,6814,64.14368184733804,1,False
7820,7821,Branch_9130,6811,6814,152.20700152207002,1,False
7821,7822,Branch_9131,6815,6814,8.450942280064227,1,False
7822,7823,Branch_9132,6816,6817,46.99248120300752,1,False
7823,7824,Branch_9133,6811,6817,-543.4782608695652,1,False
7824,7825,Branch_9134,6818,6817,8.943743851176102,1,False
7825,7826,Branch_9135,2398,2397,5.139274334463973,1,False
7826,7827,Branch_9136,2291,2290,4.88328938372888,1,False
7827,7828,Branch_9137,3041,3675,6.68359844940516,1,False
7828,7829,Branch_9138,9103,9104,2.7524703421320633,1,False
7829,7830,Branch_9139,201,1711,235.8490566037736,1,False
7830,7831,Branch_9140,201,1022,145.98540145985402,1,False
7831,7832,Branch_9141,7993,8064,16.409583196586805,1,False
7832,7833,Branch_9142,342,1585,68.1663258350375,1,False
7833,7834,Branch_9148,416,1355,124.53300124533,1,False
7834,7835,Branch_9149,1204,1355,2000.0,1,False
7835,7836,Branch_9150,1203,1355,2000.0,1,False
7836,7837,Branch_9153,9373,9394,2000.0,1,False
7837,7838,Branch_9154,9373,9395,2000.0,1,False
7838,7839,Branch_9155,9372,9393,2000.0,1,False
7839,7840,Branch_9156,2792,4033,115.0747986191024,1,False
7840,7841,Branch_9157,1119,1302,387.5968992248062,1,False
7841,7842,Branch_9158,1305,1302,3.441866868589523,1,False
7842,7843,Branch_9159,1304,1302,3.299894403379092,1,False
7843,7844,Branch_9160,1306,1302,3.4441191665231616,1,False
7844,7845,Branch_9161,1304,1303,4.026089057089942,1,False
7845,7846,Branch_9162,3157,4083,3.0134096730450506,1,False
7846,7847,Branch_9163,3293,4083,3.1729914963827897,1,False
7847,7848,Branch_9167,5597,5599,19.34984520123839,1,False
7848,7849,Branch_9168,816,1584,119.76047904191616,1,False
7849,7850,Branch_9169,8723,8840,27.464982147761603,1,False
7850,7851,Branch_9170,1264,1584,73.52941176470588,1,False
7851,7852,Branch_9171,523,1584,854.7008547008547,1,False
7852,7853,Branch_9172,7912,8626,81.30081300813008,1,False
7853,7854,Branch_9173,6038,6040,-138.88888888888889,1,False
7854,7855,Branch_9174,6036,6040,18.939393939393938,1,False
7855,7856,Branch_9175,6042,6040,2.4103936172777014,1,False
7856,7857,Branch_9176,6038,6039,18.014772113132768,1,False
7857,7858,Branch_9177,6037,6039,-96.89922480620154,1,False
7858,7859,Branch_9178,6041,6039,4.365477801545379,1,False
7859,7860,Branch_9185,6038,9410,36.19254433586681,1,False
7860,7861,Branch_9186,9082,9083,2000.0,1,False
7861,7862,Branch_9187,8740,9007,6.387327542156362,1,False
7862,7863,Branch_9188,4217,9007,1.8868992584485913,1,False
7863,7864,Branch_9189,6517,7349,37.0919881305638,1,False
7864,7865,Branch_9190,6517,6520,1000.0,1,False
7865,7866,Branch_9191,564,565,10.52853232259423,1,False
7866,7867,Branch_9192,564,566,10.930156301235108,1,False
7867,7868,Branch_9193,7988,7989,55.77244841048522,1,False
7868,7869,Branch_9194,7824,8380,93.28358208955224,1,False
7869,7870,Branch_9195,7824,7941,50.53057099545225,1,False
7870,7871,Branch_9196,7910,8632,20.846362309776943,1,False
7871,7872,Branch_9197,8921,8920,11.05094485578517,1,False
7872,7873,Branch_9198,6336,6344,114.15525114155253,1,False
7873,7874,Branch_9199,527,1339,684.931506849315,1,False
7874,7875,Branch_9200,527,1342,684.931506849315,1,False
7875,7876,Branch_9201,8992,9239,1562.5,1,False
7876,7877,Branch_9202,8783,9239,23.34812047630166,1,False
7877,7878,Branch_9203,570,571,12.893243940175347,1,False
7878,7879,Branch_9204,570,572,12.893243940175347,1,False
7879,7880,Branch_9205,570,574,24.88181139586962,1,False
7880,7881,Branch_9207,6846,7006,21.427040925648168,1,False
7881,7882,Branch_9208,6954,7020,7.103786318107551,1,False
7882,7883,Branch_9209,6631,6954,108.22510822510824,1,False
7883,7884,Branch_9210,6954,7006,72.46376811594203,1,False
7884,7885,Branch_9211,7020,7119,30.637254901960784,1,False
7885,7886,Branch_9212,6964,7119,7.605719501064801,1,False
7886,7887,Branch_9213,6964,7095,9.798157946306096,1,False
7887,7888,Branch_9215,6872,7142,3.4199726402188784,1,False
7888,7889,Branch_9217,6739,7037,53.02226935312832,1,False
7889,7890,Branch_9218,6727,7037,3.1938677738741617,1,False
7890,7891,Branch_9219,6735,7160,9.325748391308403,1,False
7891,7892,Branch_9220,7160,7161,8.583690987124463,1,False
7892,7893,Branch_9221,7161,7162,9.099181073703368,1,False
7893,7894,Branch_9222,6859,7162,7.593014426727411,1,False
7894,7895,Branch_9223,1911,2517,23.685457129322597,1,False
7895,7896,Branch_9225,2517,2575,17.044486108743822,1,False
7896,7897,Branch_9226,2061,2517,66.84491978609626,1,False
7897,7898,Branch_9227,1943,2517,71.63323782234957,1,False
7898,7899,Branch_9228,2038,2516,22.696323195642307,1,False
7899,7900,Branch_9229,2363,2516,35.637918745545264,1,False
7900,7901,Branch_9230,2516,2539,87.56567425569177,1,False
7901,7902,Branch_9231,2045,2515,196.8503937007874,1,False
7902,7903,Branch_9232,2045,2515,196.8503937007874,1,False
7903,7904,Branch_9233,1868,2515,54.28881650380022,1,False
7904,7905,Branch_9235,2063,2515,120.48192771084338,1,False
7905,7906,Branch_9236,3025,3291,45.93477262287551,1,False
7906,7907,Branch_9237,3129,3291,98.52216748768473,1,False
7907,7908,Branch_9238,5530,5531,10.002000400080016,1,False
7908,7909,Branch_9239,5528,5530,854.7008547008547,1,False
7909,7910,Branch_9240,2545,2546,4.130183380142078,1,False
7910,7911,Branch_9241,1370,2545,3.9984006397441023,1,False
7911,7912,Branch_9250,2925,5072,2000.0,1,False
7912,7913,Branch_9251,2685,2686,73.31378299120234,1,False
7913,7914,Branch_9253,1782,2626,14.444604940054887,1,False
7914,7915,Branch_9254,8156,8155,23.228803716608596,1,False
7915,7916,Branch_9258,7915,8155,7.133176403452457,1,False
7916,7917,Branch_9259,2798,3476,63.89776357827476,1,False
7917,7918,Branch_9260,2797,3475,63.89776357827476,1,False
7918,7919,Branch_9261,2706,2729,22.256843979523705,1,False
7919,7920,Branch_9262,2728,2730,37.778617302606726,1,False
7920,7921,Branch_9263,2727,4998,95.32888465204957,1,False
7921,7922,Branch_9264,3239,3805,66.09385327164574,1,False
7922,7923,Branch_9265,963,959,2.5021894157387714,1,False
7923,7924,Branch_9266,964,959,2.5021894157387714,1,False
7924,7925,Branch_9267,965,959,2.38299494805071,1,False
7925,7926,Branch_9268,966,959,2.6228132294699296,1,False
7926,7927,Branch_9269,961,962,0.1527069599251125,1,False
7927,7928,Branch_9270,959,1010,64.02048655569783,1,False
7928,7929,Branch_9271,7754,8503,17.421602787456447,1,False
7929,7930,Branch_9272,1403,1500,1851.851851851852,1,False
7930,7931,Branch_9273,1050,1500,230.9468822170901,1,False
7931,7932,Branch_9274,7196,7366,925.925925925926,1,False
7932,7933,Branch_9275,7366,7526,341.29692832764505,1,False
7933,7934,Branch_9276,7366,7365,12.40694789081886,1,False
7934,7935,Branch_9277,8644,8645,3.1985670419651995,1,False
7935,7936,Branch_9278,1065,1067,88.88888888888889,1,False
7936,7937,Branch_9279,1066,1067,134.9527665317139,1,False
7937,7938,Branch_9280,1068,1067,9.926543577526305,1,False
7938,7939,Branch_9281,1065,1071,50.377833753148614,1,False
7939,7940,Branch_9282,1066,1071,-757.5757575757576,1,False
7940,7941,Branch_9283,1069,1071,6.736728644570197,1,False
7941,7942,Branch_9284,1065,1072,-315.45741324921136,1,False
7942,7943,Branch_9285,1066,1072,43.802014892685065,1,False
7943,7944,Branch_9286,1070,1072,11.99760047990402,1,False
7944,7945,Branch_9287,113,1066,223.71364653243847,1,False
7945,7946,Branch_9288,156,159,5.424758598242378,1,False
7946,7947,Branch_9289,156,160,5.424758598242378,1,False
7947,7948,Branch_9290,156,158,11.81753722524226,1,False
7948,7949,Branch_9291,156,157,11.835720203574388,1,False
7949,7950,Branch_9292,156,243,5.410377103284099,1,True
7950,7951,Branch_9293,156,161,5.392289026691831,1,False
7951,7952,Branch_9294,160,163,0.8576329331046312,1,False
7952,7953,Branch_9295,156,162,4.291385044523119,1,False
7953,7954,Branch_9296,156,162,4.291385044523119,1,False
7954,7955,Branch_9297,156,165,6.5333856004181365,1,False
7955,7956,Branch_9298,157,469,17.45810055865922,1,False
7956,7957,Branch_9299,158,1202,170.06802721088437,1,False
7957,7958,Branch_9300,157,158,2000.0,1,False
7958,7959,Branch_9301,158,650,39.87240829346093,1,False
7959,7960,Branch_9302,7974,8568,3.711676935639522,1,False
7960,7961,Branch_9303,5308,5309,46.27487274409995,1,False
7961,7962,Branch_9304,5307,5309,-460.8294930875576,1,False
7962,7963,Branch_9305,5306,5309,8.986340762041696,1,False
7963,7964,Branch_9306,482,1034,1041.6666666666667,1,False
7964,7965,Branch_9307,482,483,4.1363335539377895,1,False
7965,7966,Branch_9308,6301,6308,73.96449704142012,1,False
7966,7967,Branch_9309,8269,8268,9.69274013763691,1,False
7967,7968,Branch_9310,8204,8269,1408.4507042253522,1,False
7968,7969,Branch_9311,8665,8675,48.33252779120348,1,False
7969,7970,Branch_9312,8665,8666,235.2941176470588,1,False
7970,7971,Branch_9313,8677,8666,61.53846153846154,1,False
7971,7972,Branch_9314,8663,8666,7.928327915642591,1,False
7972,7973,Branch_9315,8659,8658,7.52049334436339,1,False
7973,7974,Branch_9317,8669,8672,34.940600978336825,1,False
7974,7975,Branch_9318,8660,8671,34.940600978336825,1,False
7975,7976,Branch_9319,8662,8670,34.940600978336825,1,False
7976,7977,Branch_9320,8381,8661,58.445353594389246,1,False
7977,7978,Branch_9321,8353,8658,29.507229271171436,1,False
7978,7979,Branch_9322,8047,8665,21.34927412467976,1,False
7979,7980,Branch_9323,8077,8665,151.9185121332867,1,False
7980,7981,Branch_9324,8077,8665,151.9185121332867,1,False
7981,7982,Branch_9325,8658,8700,36.46973012399708,1,False
7982,7983,Branch_9327,8658,8676,2000.0,1,False
7983,7984,Branch_9328,8658,8678,2000.0,1,False
7984,7985,Branch_9329,8675,8676,9.385265133740027,1,False
7985,7986,Branch_9330,8658,8669,1538.4615384615386,1,False
7986,7987,Branch_9331,8658,8662,1538.4615384615386,1,False
7987,7988,Branch_9332,8677,8678,9.385265133740027,1,False
7988,7989,Branch_9333,8658,8660,1538.4615384615386,1,False
7989,7990,Branch_9334,7945,8665,57.37234652897303,1,False
7990,7991,Branch_9335,8673,8674,-49.6031746031746,1,False
7991,7992,Branch_9336,8665,8674,2000.0,1,False
7992,7993,Branch_9337,8381,8658,58.445353594389246,1,False
7993,7994,Branch_9341,6637,7179,564.9717514124294,1,False
7994,7995,Branch_9343,6637,6829,174.21602787456445,1,False
7995,7996,Branch_9344,4850,4863,2000.0,1,False
7996,7997,Branch_9345,4850,4864,2000.0,1,False
7997,7998,Branch_9346,5696,6259,2.787301056387101,1,False
7998,7999,Branch_9347,5769,5902,2000.0,1,False
7999,8000,Branch_9348,2990,3129,485.4368932038834,1,False
8000,8001,Branch_9349,2439,2438,8.908685968819599,1,False
8001,8002,Branch_9350,1792,2439,793.6507936507936,1,False
8002,8003,Branch_9352,5720,5943,168.0672268907563,1,False
8003,8004,Branch_9353,5720,6353,11.75226231049477,1,False
8004,8005,Branch_9354,5720,5736,18.198362147406733,1,False
8005,8006,Branch_9355,3452,3726,8.670770831526923,1,False
8006,8007,Branch_9358,2207,2208,3.5855145213338115,1,False
8007,8008,Branch_9360,7893,8011,5.164755707055057,1,False
8008,8009,Branch_9361,7892,7893,2000.0,1,False
8009,8010,Branch_9362,7892,8112,61.53846153846154,1,False
8010,8011,Branch_9363,8404,8516,80.25682182985554,1,False
8011,8012,Branch_9364,1218,1220,141.84397163120568,1,False
8012,8013,Branch_9365,1219,1221,140.4494382022472,1,False
8013,8014,Branch_9366,2857,2859,14.729709824716451,1,False
8014,8015,Branch_9367,2857,2860,14.3348623853211,1,False
8015,8016,Branch_9368,2857,4827,2000.0,1,False
8016,8017,Branch_9369,8706,9080,15.45833977430824,1,False
8017,8018,Branch_9371,7418,7671,522.1932114882507,1,False
8018,8019,Branch_9372,7418,7671,522.1932114882507,1,False
8019,8020,Branch_9373,8627,8640,9.285051067780874,1,False
8020,8021,Branch_9374,286,291,404.8582995951417,1,False
8021,8022,Branch_9375,3165,4052,2000.0,1,False
8022,8023,Branch_9376,4050,4049,46.53327128897161,1,False
8023,8024,Branch_9377,4051,4049,-458.7155963302752,1,False
8024,8025,Branch_9378,4055,4049,8.960573476702509,1,False
8025,8026,Branch_9379,4050,4054,46.403712296983755,1,False
8026,8027,Branch_9380,4052,4054,-450.4504504504504,1,False
8027,8028,Branch_9381,4053,4054,9.000090000900009,1,False
8028,8029,Branch_9382,5223,5547,2000.0,1,False
8029,8030,Branch_9383,5223,5548,2000.0,1,False
8030,8031,Branch_9384,2590,2591,22.055580061755624,1,False
8031,8032,Branch_9385,2592,2591,-154.79876160990713,1,False
8032,8033,Branch_9386,2593,2591,7.4766355140186915,1,False
8033,8034,Branch_9387,3477,4033,198.80715705765408,1,False
8034,8035,Branch_9388,6829,6831,49.75124378109453,1,False
8035,8036,Branch_9389,6828,6831,-555.5555555555555,1,False
8036,8037,Branch_9390,6832,6831,6.784260515603799,1,False
8037,8038,Branch_9391,6829,6830,49.75124378109453,1,False
8038,8039,Branch_9392,6828,6830,-555.5555555555555,1,False
8039,8040,Branch_9393,6833,6830,6.784260515603799,1,False
8040,8041,Branch_9394,5170,5385,20.669698222405952,1,True
8041,8042,Branch_9395,5303,5385,19.98800719568259,1,False
8042,8043,Branch_9396,5385,5467,23.963575365444523,1,False
8043,8044,Branch_9397,4826,4828,98.61932938856016,1,False
8044,8045,Branch_9398,9445,9444,5.45048236768954,1,False
8045,8046,Branch_9399,9446,9444,5.446919766871834,1,False
8046,8047,Branch_9400,9447,9448,8.431703204047217,1,False
8047,8048,Branch_9401,5698,6208,3.9619651347068143,1,False
8048,8049,Branch_9402,5698,6312,16.611295681063122,1,False
8049,8050,Branch_9405,3496,8885,32.1853878339234,1,False
8050,8051,Branch_9406,187,1635,14.639145073927684,1,False
8051,8052,Branch_9407,813,815,2000.0,1,False
8052,8053,Branch_9408,812,814,2000.0,1,False
8053,8054,Branch_9409,8648,8646,15.358623867301487,1,False
8054,8055,Branch_9410,8649,8647,15.358623867301487,1,False
8055,8056,Branch_9411,8650,8643,36.85956505713233,1,False
8056,8057,Branch_9412,8644,8642,13.53546291283162,1,False
8057,8058,Branch_9413,8642,8650,2000.0,1,False
8058,8059,Branch_9417,8483,8642,24.52182442373713,1,False
8059,8060,Branch_9418,5981,6210,10.658708164570454,1,False
8060,8061,Branch_9419,667,1552,9.25925925925926,1,False
8061,8062,Branch_9420,9432,9433,56.21135469364812,1,False
8062,8063,Branch_9421,4443,4446,5.717552887364208,1,False
8063,8064,Branch_9422,4444,4446,-100.0,1,False
8064,8065,Branch_9423,4445,4446,3.2562683165092805,1,False
8065,8066,Branch_9424,8798,8797,7.162810686913545,1,False
8066,8067,Branch_9425,6238,6381,621.1180124223603,1,False
8067,8068,Branch_9426,6082,6238,98.61932938856016,1,False
8068,8069,Branch_9427,6871,6896,273.224043715847,1,False
8069,8070,Branch_9428,6871,6870,9.560229445506693,1,False
8070,8071,Branch_9429,6871,6870,9.560229445506693,1,False
8071,8072,Branch_9430,4003,4143,2000.0,1,False
8072,8073,Branch_9431,3235,3698,36.67033370003667,1,False
8073,8074,Branch_9432,3698,4892,49.97501249375313,1,False
8074,8075,Branch_9433,3553,3827,2000.0,1,False
8075,8076,Branch_9434,5363,5461,16.283992835043154,1,False
8076,8077,Branch_9435,7806,8383,6.622955162593549,1,False
8077,8078,Branch_9436,7781,8352,64.9772579597141,1,False
8078,8079,Branch_9437,8352,8354,2000.0,1,False
8079,8080,Branch_9438,8353,8354,2000.0,1,False
8080,8081,Branch_9439,8610,8608,2000.0,1,False
8081,8082,Branch_9440,8609,8608,43.49717268377555,1,False
8082,8083,Branch_9441,8101,8608,54.94505494505494,1,False
8083,8084,Branch_9442,8608,8611,2000.0,1,False
8084,8085,Branch_9443,8609,8612,2000.0,1,False
8085,8086,Branch_9444,804,1122,21.468441391155004,1,False
8086,8087,Branch_9445,1883,1924,79.11392405063292,1,False
8087,8088,Branch_9446,2038,2046,45.64125969876768,1,False
8088,8089,Branch_9447,1799,1930,23.391812865497077,1,False
8089,8090,Branch_9448,5944,6392,17.304031839418585,1,False
8090,8091,Branch_9449,5943,5944,2000.0,1,False
8091,8092,Branch_9450,3371,4481,26.462026991267532,1,False
8092,8093,Branch_9451,3355,3371,66.53359946773121,1,False
8093,8094,Branch_9454,2750,4956,2000.0,1,False
8094,8095,Branch_9455,8400,8401,5.720823798627002,1,False
8095,8096,Branch_9456,3282,3610,156.49452269170578,1,False
8096,8097,Branch_9458,179,1217,203.77233139215014,1,False
8097,8098,Branch_9459,179,1217,203.77233139215014,1,False
8098,8099,Branch_9460,7503,7502,13.22576378785875,1,False
8099,8100,Branch_9461,1107,1112,-354.6099290780142,1,False
8100,8101,Branch_9462,1105,1112,58.17335660267597,1,False
8101,8102,Branch_9463,1115,1112,10.439503079653408,1,False
8102,8103,Branch_9464,1107,1111,-847.457627118644,1,False
8103,8104,Branch_9465,1105,1111,65.27415143603133,1,False
8104,8105,Branch_9466,1104,1111,9.789525208027412,1,False
8105,8106,Branch_9467,1107,1113,-250.6265664160401,1,False
8106,8107,Branch_9468,1105,1113,55.00550055005501,1,False
8107,8108,Branch_9469,1114,1113,10.640561821664184,1,False
8108,8109,Branch_9470,1107,1110,2000.0,1,False
8109,8110,Branch_9471,1107,1109,2000.0,1,False
8110,8111,Branch_9472,1106,1110,1886.7924528301887,1,False
8111,8112,Branch_9473,1108,1109,2000.0,1,False
8112,8113,Branch_9474,179,1105,245.39877300613497,1,False
8113,8114,Branch_9475,179,1105,245.39877300613497,1,False
8114,8115,Branch_9476,259,1105,246.91358024691357,1,False
8115,8116,Branch_9477,259,1105,246.91358024691357,1,False
8116,8117,Branch_9480,2374,2373,2.66865926558497,1,False
8117,8118,Branch_9481,6794,6795,44.96402877697842,1,False
8118,8119,Branch_9482,6791,6795,440.52863436123346,1,False
8119,8120,Branch_9483,6792,6795,6.0960741282613995,1,False
8120,8121,Branch_9484,6794,6796,90.00900090009002,1,False
8121,8122,Branch_9485,6791,6796,265.2519893899204,1,False
8122,8123,Branch_9486,6793,6796,13.35826876836762,1,False
8123,8124,Branch_9487,6794,6797,69.97900629811056,1,False
8124,8125,Branch_9488,6791,6797,69.01311249137336,1,False
8125,8126,Branch_9489,6798,6797,5.138482092389908,1,False
8126,8127,Branch_9491,7759,8634,8.180628272251308,1,False
8127,8128,Branch_9493,7116,7115,12.007684918347742,1,False
8128,8129,Branch_9495,6756,6759,12.727504136438844,1,False
8129,8130,Branch_9496,6756,6763,12.727504136438844,1,False
8130,8131,Branch_9497,6756,6760,17.711654268508678,1,False
8131,8132,Branch_9498,6757,6758,12.727504136438844,1,False
8132,8133,Branch_9499,6757,6761,12.727504136438844,1,False
8133,8134,Branch_9500,6757,6762,17.711654268508678,1,False
8134,8135,Branch_9501,9126,9134,160.38657408747179,1,False
8135,8136,Branch_9504,9126,9134,160.38657408747179,1,False
8136,8137,Branch_9505,5512,5514,7.519927808693036,1,False
8137,8138,Branch_9506,5512,5515,71.42857142857143,1,False
8138,8139,Branch_9507,5512,5513,70.87172218284904,1,False
8139,8140,Branch_9509,5852,6243,176.3668430335097,1,False
8140,8141,Branch_9510,5852,6350,12.600806451612904,1,False
8141,8142,Branch_9511,3371,4779,2000.0,1,False
8142,8143,Branch_9512,9052,9053,18.740629685157423,1,False
8143,8144,Branch_9513,9052,9055,21.77226213803614,1,False
8144,8145,Branch_9514,9054,9053,2.606678309829784,1,False
8145,8146,Branch_9515,9055,9053,-130.89005235602093,1,False
8146,8147,Branch_9516,9055,9090,1476.3884447287069,1,False
8147,8148,Branch_9517,9055,9090,1476.3884447287069,1,False
8148,8149,Branch_9518,8734,9052,27.88622420524261,1,False
8149,8150,Branch_9519,8737,9052,34.094783498124784,1,False
8150,8151,Branch_9520,2798,4510,171.8213058419244,1,False
8151,8152,Branch_9521,2798,2807,33.32222592469177,1,False
8152,8153,Branch_9522,2797,2808,33.32222592469177,1,False
8153,8154,Branch_9523,7978,7977,13.914011409489357,1,False
8154,8155,Branch_9525,3076,3077,8.333333333333334,1,False
8155,8156,Branch_9526,3076,3082,9.261831990367694,1,False
8156,8157,Branch_9527,3076,3079,13.640703860319192,1,False
8157,8158,Branch_9528,3076,3080,9.602458229306702,1,False
8158,8159,Branch_9529,3076,3083,1.1577692102856216,1,True
8159,8160,Branch_9530,3076,4248,14.9678191887442,1,False
8160,8161,Branch_9534,3640,4343,353.35689045936397,1,False
8161,8162,Branch_9535,6824,7465,162.86644951140065,1,False
8162,8163,Branch_9536,7447,7465,194.55252918287937,1,False
8163,8164,Branch_9538,7770,8431,684.931506849315,1,False
8164,8165,Branch_9539,2298,2299,5.203996669442132,1,False
8165,8166,Branch_9540,8465,8602,8.554319931565441,1,False
8166,8167,Branch_9541,3695,3694,14.678617942235501,1,False
8167,8168,Branch_9542,3695,3694,14.678617942235501,1,False
8168,8169,Branch_9543,3695,3781,4.705882352941177,1,False
8169,8170,Branch_9544,3106,4404,2000.0,1,False
8170,8171,Branch_9545,3694,4433,14.992503748125936,1,False
8171,8172,Branch_9546,3445,3444,13.64815067558346,1,False
8172,8173,Branch_9547,3444,4343,17.84439685938615,1,False
8173,8174,Branch_9548,2992,3445,91.74311926605505,1,False
8174,8175,Branch_9549,3445,4583,15.62011871290222,1,False
8175,8176,Branch_9550,3445,4784,2.513004799839168,1,False
8176,8177,Branch_9551,3445,4235,2.606202762574928,1,False
8177,8178,Branch_9552,2170,2331,2000.0,1,False
8178,8179,Branch_9553,9317,9319,62.814070351758794,1,False
8179,8180,Branch_9554,9317,9321,88.96797153024912,1,False
8180,8181,Branch_9555,9319,9320,230.4147465437788,1,False
8181,8182,Branch_9556,3980,4289,64.47453255963894,1,False
8182,8183,Branch_9557,5754,6364,42.78990158322636,1,False
8183,8184,Branch_9558,3144,3145,11.381743683132257,1,False
8184,8185,Branch_9559,3143,3145,5.899705014749262,1,False
8185,8186,Branch_9560,3147,3145,-11.381743683132257,1,False
8186,8187,Branch_9561,3144,3146,4.209994527007115,1,False
8187,8188,Branch_9562,3143,3146,-22.537750732476898,1,False
8188,8189,Branch_9563,3148,3146,1.0840460936399017,1,False
8189,8190,Branch_9564,8394,8523,313.47962382445144,1,False
8190,8191,Branch_9567,8394,8395,8.710801393728223,1,False
8191,8192,Branch_9568,1285,1650,165.56291390728478,1,False
8192,8193,Branch_9569,5687,5866,22.81021897810219,1,True
8193,8194,Branch_9570,5687,6353,50.505050505050505,1,False
8194,8195,Branch_9573,2,3,2000.0,1,False
8195,8196,Branch_9577,6359,6380,132.27513227513228,1,False
8196,8197,Branch_9578,6380,6378,11.669973159061737,1,False
8197,8198,Branch_9579,6380,6379,11.556685542586386,1,False
8198,8199,Branch_9580,5750,6122,12.751849018107626,1,False
8199,8200,Branch_9581,712,901,12.853470437017997,1,False
8200,8201,Branch_9582,62,712,4.515692029803567,1,False
8201,8202,Branch_9584,7090,7091,4.752851711026616,1,False
8202,8203,Branch_9585,6550,6600,26.737967914438503,1,False
8203,8204,Branch_9586,6601,6600,9.601536245799329,1,False
8204,8205,Branch_9587,7898,8035,232.5581395348837,1,False
8205,8206,Branch_9588,7472,7471,2.3245542667193564,1,False
8206,8207,Branch_9589,6980,7472,2000.0,1,False
8207,8208,Branch_9590,8035,8034,3.7158145065398336,1,False
8208,8209,Branch_9591,8560,8581,1785.7142857142858,1,False
8209,8210,Branch_9592,6764,6918,18.37897445322551,1,False
8210,8211,Branch_9593,6764,7163,151.5151515151515,1,False
8211,8212,Branch_9594,1946,1947,225.2252252252252,1,False
8212,8213,Branch_9595,2061,2434,25.906735751295336,1,False
8213,8214,Branch_9596,1947,2048,85.17887563884156,1,False
8214,8215,Branch_9597,2048,2092,65.91957811470007,1,False
8215,8216,Branch_9598,2045,2213,370.03060197577855,1,False
8216,8217,Branch_9599,2045,2213,370.03060197577855,1,False
8217,8218,Branch_9600,1862,2332,113.2502831257078,1,False
8218,8219,Branch_9601,1959,2332,71.12375533428165,1,False
8219,8220,Branch_9602,601,1286,363.6363636363636,1,False
8220,8221,Branch_9603,601,1491,606.060606060606,1,False
8221,8222,Branch_9604,437,1286,1587.3015873015872,1,False
8222,8223,Branch_9609,8770,9015,101.21457489878544,1,False
8223,8224,Branch_9610,8770,8922,33.921302578018995,1,False
8224,8225,Branch_9611,8922,9041,43.84042086804033,1,False
8225,8226,Branch_9612,8770,8771,10.673497705197994,1,False
8226,8227,Branch_9613,8771,9276,4.985293384515678,1,False
8227,8228,Branch_9614,5776,6486,970.8737864077668,1,False
8228,8229,Branch_9615,8896,8894,10.621348911311737,1,False
8229,8230,Branch_9619,8895,8896,2000.0,1,False
8230,8231,Branch_9620,8894,9033,645.1612903225806,1,False
8231,8232,Branch_9621,5884,8896,7.548878991469767,1,False
8232,8233,Branch_9622,1214,1215,2000.0,1,False
8233,8234,Branch_9623,7965,8614,9.7551458394303,1,False
8234,8235,Branch_9624,7724,7965,19.8019801980198,1,False
8235,8236,Branch_9625,7965,8239,96.06147934678194,1,False
8236,8237,Branch_9626,7965,8437,23.364485981308412,1,False
8237,8238,Branch_9630,8125,8123,22.90950744558992,1,False
8238,8239,Branch_9631,8126,8124,22.81021897810219,1,False
8239,8240,Branch_9632,8347,8638,2000.0,1,False
8240,8241,Branch_9633,8478,8639,161.81229773462783,1,False
8241,8242,Branch_9634,8637,8638,2000.0,1,False
8242,8243,Branch_9635,8048,8047,33.211557622052474,1,False
8243,8244,Branch_9636,8049,8047,23.4246896228625,1,False
8244,8245,Branch_9637,7945,8047,27.979854504756577,1,False
8245,8246,Branch_9638,8048,8121,510.2040816326531,1,False
8246,8247,Branch_9639,8049,8121,529.1005291005291,1,False
8247,8248,Branch_9640,8147,8174,2000.0,1,False
8248,8249,Branch_9641,7803,8478,126.74271229404307,1,False
8249,8250,Branch_9642,8174,8173,13.297872340425531,1,False
8250,8251,Branch_9643,7770,7871,104.2752867570386,1,False
8251,8252,Branch_9644,6688,7557,751.8796992481203,1,False
8252,8253,Branch_9645,949,1213,229.3577981651376,1,False
8253,8254,Branch_9646,3410,4717,16.105653084232564,1,False
8254,8255,Branch_9647,3254,3410,2.928000468480075,1,False
8255,8256,Branch_9648,4174,4784,7.752538956508256,1,False
8256,8257,Branch_9649,5678,5812,45.16711833785005,1,False
8257,8258,Branch_9650,2733,2739,2000.0,1,False
8258,8259,Branch_9651,2733,4874,2000.0,1,False
8259,8260,Branch_9652,9155,9154,32.74394237066143,1,False
8260,8261,Branch_9653,9155,9153,20.50020500205002,1,False
8261,8262,Branch_9654,9155,9152,20.597322348094742,1,False
8262,8263,Branch_9655,2739,2738,29.940119760479043,1,False
8263,8264,Branch_9656,2739,2736,18.231540565177756,1,False
8264,8265,Branch_9657,2739,2737,18.20167455405897,1,False
8265,8266,Branch_9658,4874,4873,29.559562518474728,1,False
8266,8267,Branch_9659,4874,4872,17.99208348326736,1,False
8267,8268,Branch_9660,4874,4875,17.879492222420883,1,False
8268,8269,Branch_9661,8241,8441,76.62835249042145,1,False
8269,8270,Branch_9662,8241,8691,120.62726176115802,1,False
8270,8271,Branch_9663,3410,4174,2000.0,1,False
8271,8272,Branch_9664,7958,7959,2000.0,1,False
8272,8273,Branch_9665,7959,7960,12.612726240776944,1,False
8273,8274,Branch_9666,7959,7960,12.612726240776944,1,False
8274,8275,Branch_9667,7835,8033,12.575452716297786,1,False
8275,8276,Branch_9670,2154,2379,102.45901639344262,1,False
8276,8277,Branch_9671,3034,4708,2000.0,1,False
8277,8278,Branch_9672,61,413,452.4886877828054,1,False
8278,8279,Branch_9673,413,900,144.50867052023122,1,False
8279,8280,Branch_9674,8141,8612,561.7977528089888,1,False
8280,8281,Branch_9675,8839,8993,74.4047619047619,1,False
8281,8282,Branch_9676,5817,5866,40.16064257028113,1,False
8282,8283,Branch_9677,5817,5910,79.30214115781126,1,False
8283,8284,Branch_9678,8864,8863,9.380863039399625,1,False
8284,8285,Branch_9679,8864,8928,9.539254030334828,1,False
8285,8286,Branch_9680,8734,8863,10.058338362502514,1,False
8286,8287,Branch_9681,429,430,2000.0,1,False
8287,8288,Branch_9682,6705,6704,13.28374070138151,1,False
8288,8289,Branch_9683,6705,7140,2000.0,1,False
8289,8290,Branch_9684,2365,2509,13.659336156262803,1,False
8290,8291,Branch_9685,2509,8470,9.40999341300461,1,False
8291,8292,Branch_9686,2508,2515,44.18912947414936,1,False
8292,8293,Branch_9687,2508,8263,164.74464579901152,1,False
8293,8294,Branch_9688,2508,2509,20.716801325875284,1,False
8294,8295,Branch_9689,2508,8467,69.54102920723227,1,False
8295,8296,Branch_9690,6999,7003,9.94431185361973,1,False
8296,8297,Branch_9691,6999,7000,9.875567845151096,1,False
8297,8298,Branch_9692,6999,7004,9.909820632246555,1,False
8298,8299,Branch_9693,6999,7002,9.791442279447764,1,False
8299,8300,Branch_9694,6999,7001,9.754194303550529,1,False
8300,8301,Branch_9695,6930,6999,2000.0,1,False
8301,8302,Branch_9696,6725,6842,2000.0,1,False
8302,8303,Branch_9697,6722,7154,126.10340479192938,1,False
8303,8304,Branch_9698,6842,7154,2000.0,1,False
8304,8305,Branch_9699,6720,6722,208.33333333333337,1,False
8305,8306,Branch_9701,6725,6726,10.54407423028258,1,False
8306,8307,Branch_9702,6722,6723,10.513036164844408,1,False
8307,8308,Branch_9703,6720,6721,10.513036164844408,1,False
8308,8309,Branch_9704,6720,6724,10.513036164844408,1,False
8309,8310,Branch_9706,7726,7727,4.277891854893908,1,False
8310,8311,Branch_9707,7726,7728,4.277891854893908,1,False
8311,8312,Branch_9708,7726,7729,4.277891854893908,1,False
8312,8313,Branch_9709,7726,7730,4.277891854893908,1,False
8313,8314,Branch_9710,8439,8437,23.752969121140143,1,False
8314,8315,Branch_9711,7726,8437,719.4244604316547,1,False
8315,8316,Branch_9712,8300,8437,632.9113924050633,1,False
8316,8317,Branch_9713,8437,8631,22.670596236681025,1,False
8317,8318,Branch_9715,1782,1781,8.402655239055541,1,False
8318,8319,Branch_9716,3174,4630,38.92565200467108,1,False
8319,8320,Branch_9717,6531,7210,35.486160397445,1,True
8320,8321,Branch_9718,6531,7226,35.1741118536757,1,False
8321,8322,Branch_9719,6877,6900,16.94628029147602,1,False
8322,8323,Branch_9720,1939,1938,19.443904335990663,1,False
8323,8324,Branch_9721,7958,8480,77.39938080495357,1,False
8324,8325,Branch_9722,6636,7270,144.3001443001443,1,False
8325,8326,Branch_9723,7982,7981,6.242976651267324,1,False
8326,8327,Branch_9724,8682,8683,18.357044515832953,1,False
8327,8328,Branch_9725,8682,8683,18.357044515832953,1,False
8328,8329,Branch_9726,7982,8682,2000.0,1,False
8329,8330,Branch_9727,9241,9421,149.03129657228018,1,False
8330,8331,Branch_9731,5783,5964,39.69829297340215,1,False
8331,8332,Branch_9732,5678,5964,17.6056338028169,1,False
8332,8333,Branch_9733,8088,8439,46.36068613815485,1,False
8333,8334,Branch_9734,6392,6393,259.7402597402597,1,False
8334,8335,Branch_9735,626,1119,141.84397163120568,1,False
8335,8336,Branch_9737,424,425,8.655011251514628,1,False
8336,8337,Branch_9738,423,424,729.92700729927,1,False
8337,8338,Branch_9739,1339,1340,95.14747859181732,1,False
8338,8339,Branch_9740,1341,1342,95.14747859181732,1,False
8339,8340,Branch_9741,1123,1339,156.98587127158555,1,False
8340,8341,Branch_9742,1124,1342,156.98587127158555,1,False
8341,8342,Branch_9743,4142,4242,2.630402188494621,1,False
8342,8343,Branch_9744,507,1694,41.23711340206186,1,False
8343,8344,Branch_9745,1693,1694,2000.0,1,False
8344,8345,Branch_9746,9170,9168,8.878629139660836,1,False
8345,8346,Branch_9747,9170,9169,8.878629139660836,1,False
8346,8347,Branch_9748,9188,9186,7.501875468867217,1,False
8347,8348,Branch_9749,9188,9187,7.501875468867217,1,False
8348,8349,Branch_9750,5844,6235,29.061319383900027,1,False
8349,8350,Branch_9751,7828,7837,163.9344262295082,1,False
8350,8351,Branch_9752,8128,8130,22.716946842344388,1,False
8351,8352,Branch_9753,8129,8131,22.716946842344388,1,False
8352,8353,Branch_9754,7781,7828,75.7002271006813,1,False
8353,8354,Branch_9755,7781,8128,2000.0,1,False
8354,8355,Branch_9756,7781,8129,2000.0,1,False
8355,8356,Branch_9757,7781,8167,104.0582726326743,1,False
8356,8357,Branch_9758,6914,6961,180.18018018018017,1,False
8357,8358,Branch_9759,6955,6961,23.228803716608596,1,False
8358,8359,Branch_9760,4971,4972,10.594342621040363,1,False
8359,8360,Branch_9761,4971,4973,10.583130489998942,1,False
8360,8361,Branch_9762,4842,6430,65.31678641410842,1,False
8361,8362,Branch_9763,7440,7439,10.658708164570454,1,False
8362,8363,Branch_9764,7441,7439,10.984182776801406,1,False
8363,8364,Branch_9765,9376,9377,7.539203860072376,1,False
8364,8365,Branch_9776,969,1027,27.034333603676668,1,False
8365,8366,Branch_9779,970,973,2000.0,1,False
8366,8367,Branch_9780,970,972,2000.0,1,False
8367,8368,Branch_9781,970,1011,32.98153034300792,1,False
8368,8369,Branch_9782,969,1015,33.222591362126245,1,False
8369,8370,Branch_9783,970,974,-231.4814814814815,1,False
8370,8371,Branch_9784,971,974,53.50454788657036,1,False
8371,8372,Branch_9785,975,974,10.278548668927948,1,False
8372,8373,Branch_9786,971,978,57.8368999421631,1,False
8373,8374,Branch_9788,969,978,-331.12582781456956,1,False
8374,8375,Branch_9789,976,978,10.472300764477955,1,False
8375,8376,Branch_9790,971,980,65.23157208088715,1,False
8376,8377,Branch_9792,969,980,-781.25,1,False
8377,8378,Branch_9793,981,980,9.848335631278314,1,False
8378,8379,Branch_9794,971,979,58.20721769499418,1,False
8379,8380,Branch_9796,970,979,-492.6108374384236,1,False
8380,8381,Branch_9797,977,979,9.891196834817013,1,False
8381,8382,Branch_9798,7317,7349,28.555111364934323,1,False
8382,8383,Branch_9799,8011,8025,2000.0,1,False
8383,8384,Branch_9808,7690,7691,24.685262898049864,1,False
8384,8385,Branch_9809,7690,7689,9.937394415184338,1,False
8385,8386,Branch_9810,8187,8634,96.99321047526674,1,False
8386,8387,Branch_9811,8187,8599,3.750515695908187,1,False
8387,8388,Branch_9812,1557,1686,746.2686567164179,1,False
8388,8389,Branch_9813,2872,2873,14.801657785671996,1,False
8389,8390,Branch_9814,2872,2874,4.802151363810987,1,False
8390,8391,Branch_9815,5763,5762,4.622353702505316,1,False
8391,8392,Branch_9816,2920,2921,3.827751196172249,1,False
8392,8393,Branch_9817,790,868,47.14757190004715,1,False
8393,8394,Branch_9818,1027,1028,215.05376344086025,1,False
8394,8395,Branch_9819,1026,1029,293.2551319648094,1,False
8395,8396,Branch_9820,1010,1029,71.89072609633357,1,False
8396,8397,Branch_9821,2692,2697,2000.0,1,False
8397,8398,Branch_9822,2692,2696,2000.0,1,False
8398,8399,Branch_9823,2692,2698,2000.0,1,False
8399,8400,Branch_9824,4323,4325,19.71608832807571,1,False
8400,8401,Branch_9825,4323,4324,19.569471624266143,1,False
8401,8402,Branch_9826,662,1005,581.3953488372093,1,False
8402,8403,Branch_9827,661,662,2000.0,1,False
8403,8404,Branch_9828,675,1085,4.479483963447411,1,False
8404,8405,Branch_9830,426,488,657.8947368421053,1,False
8405,8406,Branch_9833,96,1019,13.345789403443211,1,False
8406,8407,Branch_9834,915,1019,11.571395510298542,1,False
8407,8408,Branch_9835,760,949,71.94244604316546,1,False
8408,8409,Branch_9836,817,1335,8.976660682226212,1,False
8409,8410,Branch_9837,817,1056,9.182736455463727,1,False
8410,8411,Branch_9838,8505,8504,9.63948332369385,1,False
8411,8412,Branch_9839,8106,8505,847.457627118644,1,False
8412,8413,Branch_9840,481,479,16.5892501658925,1,False
8413,8414,Branch_9841,481,480,16.5892501658925,1,False
8414,8415,Branch_9842,481,648,367.6470588235294,1,False
8415,8416,Branch_9843,5523,5534,20.060180541624874,1,False
8416,8417,Branch_9844,5212,5213,5.2854122621564485,1,False
8417,8418,Branch_9845,5825,6242,12.790995139421849,1,True
8418,8419,Branch_9846,3420,3792,5.14827018121911,1,False
8419,8420,Branch_9847,8979,8980,10.650761529449357,1,False
8420,8421,Branch_9849,8727,8793,2000.0,1,False
8421,8422,Branch_9850,294,293,9.42951438000943,1,False
8422,8423,Branch_9851,5337,5516,90.9090909090909,1,False
8423,8424,Branch_9852,3380,4441,239.8081534772182,1,False
8424,8425,Branch_9853,3354,3380,132.80212483399734,1,False
8425,8426,Branch_9854,8283,8286,9.469696969696969,1,False
8426,8427,Branch_9855,8285,8286,0.7369957106849638,1,False
8427,8428,Branch_9856,8281,8286,-27.389756231169542,1,False
8428,8429,Branch_9857,8078,8284,15.008254539997,1,False
8429,8430,Branch_9858,8019,8281,3.9813672014969943,1,False
8430,8431,Branch_9859,8821,9150,12.16397031991242,1,False
8431,8432,Branch_9860,7868,7869,2000.0,1,False
8432,8433,Branch_9861,7869,8167,289.8550724637681,1,False
8433,8434,Branch_9862,8077,8317,175.43859649122808,1,False
8434,8435,Branch_9863,7057,7133,13.014055179593962,1,False
8435,8436,Branch_9864,8396,8480,69.7350069735007,1,False
8436,8437,Branch_9865,8434,8518,8.15594160345812,1,False
8437,8438,Branch_9866,5085,5084,23.24500232450023,1,False
8438,8439,Branch_9867,8726,9003,7.245326764237067,1,False
8439,8440,Branch_9868,8726,9043,10.937329104232749,1,False
8440,8441,Branch_9869,2982,4697,37.299515106303616,1,False
8441,8442,Branch_9870,3174,6293,48.1000481000481,1,False
8442,8443,Branch_9871,3174,4835,117.096018735363,1,False
8443,8444,Branch_9872,2867,3254,8.426729586247577,1,False
8444,8445,Branch_9873,7777,8400,8.32639467110741,1,False
8445,8446,Branch_9874,7777,8439,1.8742034635280005,1,False
8446,8447,Branch_9875,7777,7921,5.170630816959669,1,False
8447,8448,Branch_9876,6321,6325,1315.7894736842106,1,False
8448,8449,Branch_9877,765,766,2000.0,1,False
8449,8450,Branch_9878,767,768,2000.0,1,False
8450,8451,Branch_9879,766,1011,118.2033096926714,1,False
8451,8452,Branch_9882,8216,8368,429.1845493562232,1,False
8452,8453,Branch_9883,4952,4971,250.6265664160401,1,False
8453,8454,Branch_9884,1508,1509,3.069085105729982,1,False
8454,8455,Branch_9885,3805,3915,3.0365601846228594,1,False
8455,8456,Branch_9886,3063,3804,68.4931506849315,1,False
8456,8457,Branch_9887,3629,3803,25.588536335721596,1,False
8457,8458,Branch_9888,4999,5001,12.802458071949816,1,False
8458,8459,Branch_9889,4999,5002,8.156606851549755,1,False
8459,8460,Branch_9890,5000,4999,42.3728813559322,1,False
8460,8461,Branch_9891,4995,5000,182.14936247723136,1,False
8461,8462,Branch_9894,8197,8427,49.82561036372696,1,False
8462,8463,Branch_9907,8258,8473,16.9061707523246,1,False
8463,8464,Branch_9908,7942,8258,3.006795357507968,1,False
8464,8465,Branch_9910,8024,8317,416.6666666666667,1,False
8465,8466,Branch_9911,7530,7528,11.559357299734137,1,False
8466,8467,Branch_9912,7530,7529,11.469205184080744,1,False
8467,8468,Branch_9913,7520,7530,990.0990099009902,1,False
8468,8469,Branch_9914,521,513,4.738887309259786,1,False
8469,8470,Branch_9915,521,514,4.738887309259786,1,False
8470,8471,Branch_9916,521,515,4.738887309259786,1,False
8471,8472,Branch_9917,521,516,4.738887309259786,1,False
8472,8473,Branch_9918,521,517,4.738887309259786,1,False
8473,8474,Branch_9919,521,518,4.738887309259786,1,False
8474,8475,Branch_9920,521,519,4.738887309259786,1,False
8475,8476,Branch_9921,521,520,4.738887309259786,1,False
8476,8477,Branch_9922,8064,8437,9.636696540425945,1,False
8477,8478,Branch_9923,7568,7566,9.72384286269934,1,False
8478,8479,Branch_9924,7568,7567,11.469205184080744,1,False
8479,8480,Branch_9925,7520,7568,869.5652173913044,1,False
8480,8481,Branch_9926,8799,8802,46.81647940074907,1,False
8481,8482,Branch_9927,8801,8802,-507.61421319796955,1,False
8482,8483,Branch_9928,8800,8802,5.130573085013596,1,False
8483,8484,Branch_9929,1192,1401,495.0495049504951,1,False
8484,8485,Branch_9930,1704,1709,3.1187624750499,1,False
8485,8486,Branch_9931,4376,4528,187.6172607879925,1,False
8486,8487,Branch_9932,165,1709,149.03129657228018,1,False
8487,8488,Branch_9933,3542,4376,111.48272017837236,1,False
8488,8489,Branch_9934,3885,4152,85.32423208191126,1,False
8489,8490,Branch_9935,2817,4152,2000.0,1,False
8490,8491,Branch_9936,2788,3475,238.6634844868735,1,False
8491,8492,Branch_9937,2789,3476,238.6634844868735,1,False
8492,8493,Branch_9938,2789,4093,140.8450704225352,1,False
8493,8494,Branch_9939,2789,2791,85.6898029134533,1,False
8494,8495,Branch_9940,2788,2790,85.6898029134533,1,False
8495,8496,Branch_9941,3400,4067,5.297732570459843,1,False
8496,8497,Branch_9942,3324,4068,30.864197530864196,1,False
8497,8498,Branch_9943,3792,4067,5.169027189083015,1,False
8498,8499,Branch_9944,4067,4068,11.538017768547364,1,False
8499,8500,Branch_9945,8346,8388,172.1170395869191,1,False
8500,8501,Branch_9946,7900,8388,31.017369727047143,1,False
8501,8502,Branch_9947,8368,8388,58.03830528148578,1,False
8502,8503,Branch_9948,48,242,129.19896640826877,1,False
8503,8504,Branch_9949,48,50,2.8827582230678312,1,False
8504,8505,Branch_9950,48,49,2.7092194738695783,1,False
8505,8506,Branch_9951,1264,1272,15.89825119236884,1,False
8506,8507,Branch_9952,1265,1269,21.41327623126338,1,False
8507,8508,Branch_9953,1265,1267,21.41327623126338,1,False
8508,8509,Branch_9954,1265,1266,21.41327623126338,1,False
8509,8510,Branch_9955,1265,1271,21.41327623126338,1,False
8510,8511,Branch_9956,1264,1270,21.41327623126338,1,False
8511,8512,Branch_9957,1264,1268,26.939655172413794,1,False
8512,8513,Branch_9958,1098,1097,16.452780519907865,1,False
8513,8514,Branch_9959,1100,1099,16.469038208168644,1,False
8514,8515,Branch_9960,1101,1102,16.488046166529266,1,False
8515,8516,Branch_9962,3708,3706,46.21072088724584,1,False
8516,8517,Branch_9963,3707,3706,-467.2897196261682,1,False
8517,8518,Branch_9964,3709,3706,8.97102359379205,1,False
8518,8519,Branch_9965,3399,4321,68.54009595613434,1,False
8519,8520,Branch_9966,2225,2614,74.96251874062969,1,False
8520,8521,Branch_9968,600,2614,23.26663564448581,1,False
8521,8522,Branch_9970,1242,2614,10.82485386447283,1,False
8522,8523,Branch_9971,6872,7045,11.927480916030534,1,False
8523,8524,Branch_9972,7789,7790,1.6171286264109448,1,False
8524,8525,Branch_9973,7789,7791,2.3214244260278107,1,False
8525,8526,Branch_9974,6306,6309,41.084634346754314,1,False
8526,8527,Branch_9976,3059,4447,5.359056806002144,1,False
8527,8528,Branch_9978,3539,3880,63.57279084551812,1,False
8528,8529,Branch_9979,3539,3538,10.620220900594733,1,False
8529,8530,Branch_9980,3537,3536,2000.0,1,False
8530,8531,Branch_9981,2818,3536,24.131274131274132,1,False
8531,8532,Branch_9982,165,1085,28.058361391694724,1,False
8532,8533,Branch_9983,197,1117,675.6756756756756,1,False
8533,8534,Branch_9984,1705,1706,2000.0,1,False
8534,8535,Branch_9985,1707,1708,2000.0,1,False
8535,8536,Branch_9986,5691,6196,432.9004329004329,1,False
8536,8537,Branch_9987,5691,5692,10.498687664041997,1,False
8537,8538,Branch_9988,5691,5693,10.50089257586895,1,False
8538,8539,Branch_9989,5889,6196,2000.0,1,False
8539,8540,Branch_9992,7765,7896,19.406171162429654,1,False
8540,8541,Branch_9993,7896,8695,81.36696501220504,1,False
8541,8542,Branch_9996,1986,2062,67.11409395973155,1,False
8542,8543,Branch_9997,1898,1934,2000.0,1,False
8543,8544,Branch_9998,1934,2257,75.75757575757575,1,False
8544,8545,Branch_9999,2085,2363,125.6281407035176,1,False
8545,8546,Branch_10000,828,1351,246.91358024691357,1,False
8546,8547,Branch_10001,1049,1351,153.60983102918587,1,False
8547,8548,Branch_10002,6774,6781,49.504950495049506,1,True
8548,8549,Branch_10003,6780,6781,5.700929251467989,1,False
8549,8550,Branch_10004,6779,6781,5.651313930488839,1,False
8550,8551,Branch_10005,6774,6782,46.860356138706656,1,False
8551,8552,Branch_10006,6777,6782,5.728689275893675,1,False
8552,8553,Branch_10007,6778,6782,5.6840788950150625,1,False
8553,8554,Branch_10008,6774,6783,44.28697962798937,1,False
8554,8555,Branch_10009,6775,6783,11.193827550264029,1,False
8555,8556,Branch_10010,6775,6783,11.193827550264029,1,False
8556,8557,Branch_10011,6774,6784,135.13513513513513,1,False
8557,8558,Branch_10012,6776,6784,12.231675519763549,1,False
8558,8559,Branch_10013,6776,6784,12.231675519763549,1,False
8559,8560,Branch_10014,2776,4284,69.88120195667365,1,False
8560,8561,Branch_10015,2776,2780,41.71881518564873,1,False
8561,8562,Branch_10016,3266,3267,6.406149903907751,1,False
8562,8563,Branch_10017,3265,3267,42.19409282700422,1,False
8563,8564,Branch_10018,3268,3267,3.9401103230890464,1,False
8564,8565,Branch_10019,313,1636,2000.0,1,False
8565,8566,Branch_10020,7508,7509,46.04051565377532,1,False
8566,8567,Branch_10021,7507,7509,-438.5964912280702,1,False
8567,8568,Branch_10022,7511,7509,9.06947215672048,1,False
8568,8569,Branch_10023,7508,7510,46.27487274409995,1,False
8569,8570,Branch_10024,7507,7510,-460.8294930875576,1,False
8570,8571,Branch_10025,7512,7510,8.916629514043692,1,False
8571,8572,Branch_10026,6364,6369,16.35590448151783,1,False
8572,8573,Branch_10027,6679,6678,6.112095837662735,1,False
8573,8574,Branch_10028,7484,7485,105.70824524312896,1,False
8574,8575,Branch_10029,7481,7485,8.203445447087777,1,False
8575,8576,Branch_10030,7480,7485,8.203445447087777,1,False
8576,8577,Branch_10031,7484,7486,105.70824524312896,1,False
8577,8578,Branch_10032,7482,7486,8.203445447087777,1,False
8578,8579,Branch_10033,7483,7486,8.203445447087777,1,False
8579,8580,Branch_10034,2396,2410,23.277467411545626,1,False
8580,8581,Branch_10035,7917,8248,49.23682914820286,1,False
8581,8582,Branch_10036,1367,1368,79.55449482895784,1,False
8582,8583,Branch_10037,864,1368,51.51983513652756,1,False
8583,8584,Branch_10038,1365,1367,2000.0,1,False
8584,8585,Branch_10039,1367,1372,87.18395815170008,1,False
8585,8586,Branch_10040,1366,1374,87.7963125548727,1,False
8586,8587,Branch_10041,1894,2566,57.077625570776256,1,False
8587,8588,Branch_10042,2858,2859,27.731558513588464,1,False
8588,8589,Branch_10043,1959,1971,38.55050115651503,1,False
8589,8590,Branch_10044,2860,2861,27.731558513588464,1,False
8590,8591,Branch_10045,2367,2575,86.88097306689835,1,False
8591,8592,Branch_10047,1862,2263,25.562372188139054,1,False
8592,8593,Branch_10048,1862,2407,53.02226935312832,1,False
8593,8594,Branch_10049,1863,2233,58.61664712778429,1,False
8594,8595,Branch_10050,1863,2406,44.24778761061947,1,False
8595,8596,Branch_10051,1868,2170,41.52823920265781,1,False
8596,8597,Branch_10054,1868,2213,107.2961373390558,1,False
8597,8598,Branch_10055,1868,2063,75.35795026375283,1,False
8598,8599,Branch_10056,9129,9202,227.27272727272728,1,False
8599,8600,Branch_10057,506,1073,2000.0,1,False
8600,8601,Branch_10058,506,502,97.3709834469328,1,False
8601,8602,Branch_10059,494,502,5.7224606580829755,1,False
8602,8603,Branch_10060,495,502,5.657708628005658,1,False
8603,8604,Branch_10061,506,503,97.3709834469328,1,False
8604,8605,Branch_10062,496,503,5.7224606580829755,1,False
8605,8606,Branch_10063,497,503,5.657708628005658,1,False
8606,8607,Branch_10064,506,504,97.3709834469328,1,False
8607,8608,Branch_10065,498,504,5.7224606580829755,1,False
8608,8609,Branch_10066,499,504,5.657708628005658,1,False
8609,8610,Branch_10067,506,505,97.3709834469328,1,False
8610,8611,Branch_10068,500,505,5.7224606580829755,1,False
8611,8612,Branch_10069,501,505,5.657708628005658,1,False
8612,8613,Branch_10070,8520,8700,8.424599831508003,1,False
8613,8614,Branch_10071,5885,5884,7.199424046076314,1,False
8614,8615,Branch_10072,5020,5017,12.094823415578132,1,False
8615,8616,Branch_10073,5020,5018,12.094823415578132,1,False
8616,8617,Branch_10074,5019,5020,2000.0,1,False
8617,8618,Branch_10075,9139,9157,104.71204188481676,1,False
8618,8619,Branch_10076,9157,9170,282.4858757062147,1,False
8619,8620,Branch_10077,9157,9188,137.7410468319559,1,False
8620,8621,Branch_10080,8684,8689,301.2048192771084,1,False
8621,8622,Branch_10081,8686,8689,301.2048192771084,1,False
8622,8623,Branch_10082,5767,5844,16.363933889707084,1,False
8623,8624,Branch_10083,5767,5782,40.04805766920305,1,False
8624,8625,Branch_10084,6157,6410,2000.0,1,False
8625,8626,Branch_10085,6410,6409,11.37397634212921,1,False
8626,8627,Branch_10086,7450,7451,11.579434923575729,1,False
8627,8628,Branch_10087,7450,7452,11.486331265793703,1,False
8628,8629,Branch_10088,7418,7450,2000.0,1,False
8629,8630,Branch_10089,8007,8424,2000.0,1,False
8630,8631,Branch_10090,8424,8446,9.799118079372857,1,False
8631,8632,Branch_10091,7810,8473,7.609191903819815,1,False
8632,8633,Branch_10092,6529,7016,500.0,1,False
8633,8634,Branch_10093,6528,6916,3.366096674296486,1,False
8634,8635,Branch_10094,8314,8320,49.800796812749006,1,False
8635,8636,Branch_10095,6449,6459,141.04372355430183,1,False
8636,8637,Branch_10096,6459,6458,13.338668800853675,1,False
8637,8638,Branch_10097,5527,5595,213.67521367521368,1,False
8638,8639,Branch_10098,1317,1315,5.688282138794084,1,False
8639,8640,Branch_10099,1316,1318,7.982295482295482,1,False
8640,8641,Branch_10100,1316,1320,4.8076923076923075,1,False
8641,8642,Branch_10101,1316,1319,4.8076923076923075,1,False
8642,8643,Branch_10102,1316,1318,7.982295482295482,1,False
8643,8644,Branch_10104,1315,1316,2000.0,1,False
8644,8645,Branch_10105,7773,8632,52.27391531625719,1,False
8645,8646,Branch_10106,7988,8432,500.0,1,False
8646,8647,Branch_10107,8393,8433,40.81632653061224,1,False
8647,8648,Branch_10108,1317,1385,6.25,1,False
8648,8649,Branch_10109,1315,1649,97.18172983479106,1,False
8649,8650,Branch_10110,1002,1317,5.602240896358543,1,False
8650,8651,Branch_10111,1284,1315,36.36363636363637,1,False
8651,8652,Branch_10112,8433,8632,140.4494382022472,1,False
8652,8653,Branch_10113,1317,1552,19.940179461615156,1,False
8653,8654,Branch_10114,1317,8600,7.6923076923076925,1,False
8654,8655,Branch_10115,1315,1525,7.424456158586383,1,False
8655,8656,Branch_10116,1317,7897,3.92156862745098,1,True
8656,8657,Branch_10117,247,1064,80.45052292839904,1,False
8657,8658,Branch_10118,312,1064,51.44032921810699,1,False
8658,8659,Branch_10119,611,610,8.598452278589853,1,False
8659,8660,Branch_10120,5499,5543,25.01876407305479,1,False
8660,8661,Branch_10121,5361,5499,41.40786749482402,1,False
8661,8662,Branch_10122,5466,5499,13.054830287206268,1,False
8662,8663,Branch_10123,7761,7888,9.643201542912246,1,False
8663,8664,Branch_10124,6671,7179,775.1937984496124,1,False
8664,8665,Branch_10125,8949,9051,2000.0,1,False
8665,8666,Branch_10132,8971,8972,5.935070330583417,1,False
8666,8667,Branch_10133,8973,8972,-125.78616352201256,1,False
8667,8668,Branch_10134,8974,8972,3.0825190345550384,1,False
8668,8669,Branch_10135,8805,8893,1000.0,1,False
8669,8670,Branch_10136,5658,5657,6.527415143603133,1,False
8670,8671,Branch_10137,7514,7516,269.54177897574124,1,False
8671,8672,Branch_10139,4714,4715,11.402508551881414,1,False
8672,8673,Branch_10142,8480,8486,10.053282396702524,1,False
8673,8674,Branch_10143,8480,8483,10.05631536604988,1,False
8674,8675,Branch_10144,5699,6377,37.34129947722181,1,False
8675,8676,Branch_10146,2726,2900,73.85524372230428,1,False
8676,8677,Branch_10147,2900,5078,2000.0,1,False
8677,8678,Branch_10148,2900,4842,59.63029218843173,1,False
8678,8679,Branch_10149,5912,5936,140.8450704225352,1,False
8679,8680,Branch_10150,5803,5937,123.30456226880396,1,False
8680,8681,Branch_10151,6671,6672,17.105713308244955,1,False
8681,8682,Branch_10155,5867,5871,37.72161448509996,1,False
8682,8683,Branch_10156,5866,5871,-309.59752321981426,1,False
8683,8684,Branch_10157,5869,5871,6.968155529231413,1,False
8684,8685,Branch_10158,5867,5870,37.93626707132018,1,False
8685,8686,Branch_10159,5866,5870,-319.4888178913738,1,False
8686,8687,Branch_10160,5868,5870,6.3516260162601625,1,False
8687,8688,Branch_10162,5866,6338,18.30831197363603,1,False
8688,8689,Branch_10163,7989,7990,8.583690987124463,1,False
8689,8690,Branch_10164,7989,7991,8.583690987124463,1,False
8690,8691,Branch_10165,8254,8294,40.27386226339106,1,False
8691,8692,Branch_10166,8050,8055,96.89922480620154,1,False
8692,8693,Branch_10167,8052,8055,5.668291576918716,1,False
8693,8694,Branch_10168,8051,8055,5.635390250774866,1,False
8694,8695,Branch_10169,8050,8056,87.10801393728222,1,False
8695,8696,Branch_10170,8054,8056,5.693463903438852,1,False
8696,8697,Branch_10171,8053,8056,5.627778715740897,1,False
8697,8698,Branch_10172,8057,8700,917.4311926605504,1,False
8698,8699,Branch_10173,8057,8254,2000.0,1,False
8699,8700,Branch_10175,8254,8255,271.00271002710025,1,False
8700,8701,Branch_10179,164,412,240.96385542168676,1,False
8701,8702,Branch_10180,214,423,158.22784810126583,1,False
8702,8703,Branch_10181,7916,7917,9.56846234810066,1,False
8703,8704,Branch_10182,804,8541,2.959543046553612,1,False
8704,8705,Branch_10185,8217,8314,2000.0,1,False
8705,8706,Branch_10186,8219,8220,24.479804161566708,1,False
8706,8707,Branch_10187,8217,8219,2000.0,1,False
8707,8708,Branch_10188,3272,3275,46.51162790697674,1,False
8708,8709,Branch_10189,3271,3275,-485.4368932038834,1,False
8709,8710,Branch_10190,3273,3275,8.907892392659896,1,False
8710,8711,Branch_10191,3272,3277,43.85964912280702,1,False
8711,8712,Branch_10192,3274,3277,218.8183807439825,1,False
8712,8713,Branch_10193,3276,3277,9.94431185361973,1,False
8713,8714,Branch_10194,3897,4247,29.197080291970803,1,False
8714,8715,Branch_10195,4247,4423,36.11412062116288,1,False
8715,8716,Branch_10196,4144,4247,39.09304143862393,1,False
8716,8717,Branch_10197,7291,7292,6.238303181534623,1,False
8717,8718,Branch_10198,7291,7293,6.238303181534623,1,False
8718,8719,Branch_10199,7285,7291,217.8649237472767,1,False
8719,8720,Branch_10200,3113,3140,118.62396204033216,1,False
8720,8721,Branch_10201,3113,3383,139.27576601671308,1,False
8721,8722,Branch_10202,8005,8083,11.68360789811894,1,False
8722,8723,Branch_10203,8221,8222,2000.0,1,False
8723,8724,Branch_10204,8558,8572,4.512635379061372,1,False
8724,8725,Branch_10205,7838,8406,35.27336860670194,1,False
8725,8726,Branch_10213,7895,8216,135.8695652173913,1,False
8726,8727,Branch_10214,8050,8057,2000.0,1,False
8727,8728,Branch_10215,4271,4533,223.21428571428572,1,False
8728,8729,Branch_10216,3453,4271,28.48191398461977,1,False
8729,8730,Branch_10217,284,283,17.969451931716083,1,False
8730,8731,Branch_10218,284,1370,78.06401249024199,1,False
8731,8732,Branch_10219,5854,5930,3.8061888630913865,1,False
8732,8733,Branch_10220,8345,8463,10.504201680672267,1,False
8733,8734,Branch_10221,5410,5466,128.2051282051282,1,False
8734,8735,Branch_10222,6572,6571,11.524720525527256,1,False
8735,8736,Branch_10223,6572,7014,21.682567215958368,1,False
8736,8737,Branch_10224,9090,9113,31.665611146295124,1,False
8737,8738,Branch_10225,7748,7747,7.891414141414141,1,False
8738,8739,Branch_10226,7747,7749,2000.0,1,False
8739,8740,Branch_10227,7748,8481,16.663889351774703,1,False
8740,8741,Branch_10228,7747,8480,33.59086328518643,1,False
8741,8742,Branch_10229,7202,7301,28.37684449489217,1,False
8742,8743,Branch_10230,928,1565,1282.051282051282,1,False
8743,8744,Branch_10231,632,1576,7.974481658692185,1,False
8744,8745,Branch_10232,631,632,42.7715996578272,1,False
8745,8746,Branch_10234,8046,8535,746.2686567164179,1,False
8746,8747,Branch_10235,7931,8387,31.416902293433868,1,False
8747,8748,Branch_10236,7932,7930,87.41258741258741,1,False
8748,8749,Branch_10237,7931,7930,107.41138560687432,1,False
8749,8750,Branch_10238,7927,7930,5.73394495412844,1,False
8750,8751,Branch_10239,7932,7929,46.468401486988846,1,False
8751,8752,Branch_10240,7931,7929,-456.6210045662101,1,False
8752,8753,Branch_10241,7928,7929,11.734334663224596,1,False
8753,8754,Branch_10242,7933,7934,2000.0,1,False
8754,8755,Branch_10243,7931,8427,11.634671320535196,1,False
8755,8756,Branch_10244,7932,7933,-49.75124378109453,1,False
8756,8757,Branch_10245,7932,8212,217.8649237472767,1,False
8757,8758,Branch_10246,2648,2647,12.939958592132506,1,False
8758,8759,Branch_10247,2648,2645,13.039509714434738,1,False
8759,8760,Branch_10248,2648,2644,13.03780964797914,1,False
8760,8761,Branch_10249,2648,2646,25.06265664160401,1,False
8761,8762,Branch_10250,7034,7035,18.137049041753933,1,False
8762,8763,Branch_10251,7034,7035,18.137049041753933,1,False
8763,8764,Branch_10252,6525,7035,12.470382840753212,1,False
8764,8765,Branch_10253,6900,7034,28.70264064293915,1,False
8765,8766,Branch_10254,7850,8461,15.410695022345507,1,False
8766,8767,Branch_10255,8617,8616,10.574177857671566,1,False
8767,8768,Branch_10256,9315,9316,3.913894324853229,1,False
8768,8769,Branch_10259,3630,3726,17.280110592707793,1,False
8769,8770,Branch_10261,3456,3457,46.36068613815485,1,False
8770,8771,Branch_10262,3455,3457,-452.4886877828054,1,False
8771,8772,Branch_10263,3454,3457,9.317927692881105,1,False
8772,8773,Branch_10264,6552,7205,37.878787878787875,1,False
8773,8774,Branch_10265,6552,7202,38.595137012736394,1,False
8774,8775,Branch_10266,870,1009,32.84072249589491,1,False
8775,8776,Branch_10267,870,1578,8.952551477170994,1,False
8776,8777,Branch_10268,284,870,15.54243083618278,1,False
8777,8778,Branch_10269,3422,4507,4.294425835265825,1,False
8778,8779,Branch_10270,4546,4549,45.72473708276178,1,False
8779,8780,Branch_10271,4545,4549,-425.531914893617,1,False
8780,8781,Branch_10272,4547,4549,9.02608538676776,1,False
8781,8782,Branch_10273,4546,4548,46.53327128897161,1,False
8782,8783,Branch_10274,4545,4548,-483.09178743961354,1,False
8783,8784,Branch_10275,4550,4548,8.958165367732688,1,False
8784,8785,Branch_10276,3419,4545,35.7653791130186,1,False
8785,8786,Branch_10277,3947,4545,104.82180293501048,1,False
8786,8787,Branch_10278,5179,5501,357.14285714285717,1,False
8787,8788,Branch_10279,2681,3947,48.732943469785575,1,False
8788,8789,Branch_10280,7069,7189,2000.0,1,False
8789,8790,Branch_10281,5844,6240,26.70940170940171,1,False
8790,8791,Branch_10282,5864,5955,6.47542575924367,1,False
8791,8792,Branch_10283,7823,8506,75.13148009015778,1,False
8792,8793,Branch_10284,5688,6051,9.872642906506073,1,False
8793,8794,Branch_10285,5752,6242,5.519068381257243,1,False
8794,8795,Branch_10286,5710,5752,7.062146892655367,1,False
8795,8796,Branch_10287,7794,8494,15.015015015015017,1,False
8796,8797,Branch_10288,7823,7888,83.12551953449709,1,False
8797,8798,Branch_10289,8821,8924,7.044734061289186,1,False
8798,8799,Branch_10290,7779,7780,19.131432944327532,1,False
8799,8800,Branch_10291,7779,7780,19.131432944327532,1,False
8800,8801,Branch_10292,5696,6355,131.06159895150722,1,False
8801,8802,Branch_10293,3592,4678,6.364967220418815,1,False
8802,8803,Branch_10294,8720,8821,2000.0,1,False
8803,8804,Branch_10295,3592,4198,9.69274013763691,1,False
8804,8805,Branch_10296,3369,4198,18.58045336306206,1,False
8805,8806,Branch_10297,5293,5595,46.57661853749418,1,False
8806,8807,Branch_10298,5208,5595,21.602937999567946,1,False
8807,8808,Branch_10299,900,1561,591.7159763313609,1,False
8808,8809,Branch_10302,2727,2728,-39.354584809130266,1,False
8809,8810,Branch_10303,2725,2726,-46.948356807511736,1,False
8810,8811,Branch_10304,5695,6242,21.63097555699762,1,False
8811,8812,Branch_10305,3722,3832,226.2443438914027,1,False
8812,8813,Branch_10306,5015,5014,16.44195988161789,1,False
8813,8814,Branch_10307,5015,5012,11.916110581506196,1,False
8814,8815,Branch_10308,5015,5013,11.856770215793215,1,False
8815,8816,Branch_10309,3034,3666,2000.0,1,False
8816,8817,Branch_10310,7798,8401,25.70694087403599,1,False
8817,8818,Branch_10311,5651,6198,480.7692307692308,1,False
8818,8819,Branch_10312,5889,6198,2000.0,1,False
8819,8820,Branch_10313,5710,9100,5.748778384593274,1,False
8820,8821,Branch_10314,9202,9201,10.00300090027008,1,False
8821,8822,Branch_10315,528,555,2000.0,1,False
8822,8823,Branch_10316,555,554,11.429877700308609,1,False
8823,8824,Branch_10317,555,556,16.02820964898221,1,False
8824,8825,Branch_10318,902,1701,111.23470522803116,1,False
8825,8826,Branch_10319,5244,5336,21.710811984368217,1,False
8826,8827,Branch_10320,5612,5613,4.1363335539377895,1,False
8827,8828,Branch_10321,5611,5612,2000.0,1,False
8828,8829,Branch_10322,7667,7665,10.811979673478216,1,False
8829,8830,Branch_10323,7667,7666,10.811979673478216,1,False
8830,8831,Branch_10324,5078,5076,12.003360941063498,1,False
8831,8832,Branch_10325,5078,5077,12.003360941063498,1,False
8832,8833,Branch_10326,8686,8690,2000.0,1,False
8833,8834,Branch_10327,3034,4718,56.21135469364812,1,False
8834,8835,Branch_10328,7196,7252,340.13605442176873,1,False
8835,8836,Branch_10329,7250,7252,8.298755186721992,1,False
8836,8837,Branch_10330,7251,7252,8.298755186721992,1,False
8837,8838,Branch_10331,3495,4447,4.2673039173849965,1,False
8838,8839,Branch_10332,3495,4497,18.85014137606032,1,False
8839,8840,Branch_10333,3495,3592,10.647359454855197,1,False
8840,8841,Branch_10334,6362,6413,247.5247524752475,1,False
8841,8842,Branch_10335,6413,6411,11.123470522803114,1,False
8842,8843,Branch_10336,6413,6412,11.123470522803114,1,False
8843,8844,Branch_10337,6334,6362,132.9787234042553,1,False
8844,8845,Branch_10338,6362,6361,13.080444735120992,1,False
8845,8846,Branch_10339,247,312,113.89521640091117,1,False
8846,8847,Branch_10340,247,790,41.911148365465216,1,False
8847,8848,Branch_10341,247,249,-333.3333333333333,1,False
8848,8849,Branch_10342,246,249,55.5247084952804,1,False
8849,8850,Branch_10343,248,249,9.498480243161094,1,False
8850,8851,Branch_10344,247,250,203.2520325203252,1,False
8851,8852,Branch_10345,246,250,105.04201680672269,1,False
8852,8853,Branch_10346,251,250,11.88212927756654,1,False
8853,8854,Branch_10347,906,907,2000.0,1,False
8854,8855,Branch_10348,905,907,2000.0,1,False
8855,8856,Branch_10349,903,906,2000.0,1,False
8856,8857,Branch_10350,904,905,2000.0,1,False
8857,8858,Branch_10351,906,1034,48.97159647404506,1,False
8858,8859,Branch_10352,2630,2631,1.0945349868108534,1,False
8859,8860,Branch_10353,406,1063,2000.0,1,False
8860,8861,Branch_10354,6310,6311,13.468013468013469,1,False
8861,8862,Branch_10355,1420,1421,258.3979328165375,1,False
8862,8863,Branch_10356,1419,1422,203.2520325203252,1,False
8863,8864,Branch_10357,7801,8463,28.169014084507044,1,False
8864,8865,Branch_10358,6504,6507,2000.0,1,False
8865,8866,Branch_10359,6580,6582,31.230480949406623,1,False
8866,8867,Branch_10360,6579,6582,-78.98894154818325,1,False
8867,8868,Branch_10361,6583,6582,8.14000814000814,1,False
8868,8869,Branch_10362,6580,6581,47.48338081671415,1,False
8869,8870,Branch_10363,6579,6581,-621.1180124223603,1,False
8870,8871,Branch_10364,6584,6581,8.925383791503034,1,False
8871,8872,Branch_10365,2456,2459,4.080133828389571,1,False
8872,8873,Branch_10366,2457,2460,4.095339503644852,1,False
8873,8874,Branch_10367,2456,2458,2000.0,1,False
8874,8875,Branch_10368,2457,2458,2000.0,1,False
8875,8876,Branch_10369,2451,2458,2000.0,1,False
8876,8877,Branch_10370,3861,4483,2000.0,1,False
8877,8878,Branch_10371,3431,3432,91.09599414130977,1,False
8878,8879,Branch_10373,3431,3432,91.09599414130977,1,False
8879,8880,Branch_10374,411,1226,34.317089910775564,1,False
8880,8881,Branch_10375,2250,2263,142.65335235378032,1,False
8881,8882,Branch_10377,1768,1890,42.6075841499787,1,False
8882,8883,Branch_10378,1890,2400,50.27652086475616,1,False
8883,8884,Branch_10380,4851,5092,83.5421888053467,1,False
8884,8885,Branch_10381,3981,5092,16.70843776106934,1,False
8885,8886,Branch_10382,6053,6147,4.701457451810061,1,False
8886,8887,Branch_10384,6073,6074,7.582075972401244,1,False
8887,8888,Branch_10385,5787,6074,20.63983488132095,1,False
8888,8889,Branch_10386,5880,6073,117.50881316098707,1,False
8889,8890,Branch_10387,5718,5911,27.210884353741495,1,False
8890,8891,Branch_10389,7506,7504,12.454851164528584,1,False
8891,8892,Branch_10390,7506,7505,12.454851164528584,1,False
8892,8893,Branch_10391,7398,7506,133.5113484646195,1,False
8893,8894,Branch_10392,8762,8787,3.86458494357706,1,False
8894,8895,Branch_10393,8749,8840,115.34025374855824,1,False
8895,8896,Branch_10394,1975,1977,56.14823133071308,1,False
8896,8897,Branch_10395,1974,1977,-653.59477124183,1,False
8897,8898,Branch_10396,1978,1977,6.70196367535688,1,False
8898,8899,Branch_10397,1975,1976,57.80346820809248,1,False
8899,8900,Branch_10398,1974,1976,-769.2307692307693,1,False
8900,8901,Branch_10399,1979,1976,6.997900629811057,1,False
8901,8902,Branch_10400,244,1258,58.309037900874635,1,False
8902,8903,Branch_10401,7169,7201,268.81720430107526,1,False
8903,8904,Branch_10402,9254,9252,8.668515950069349,1,False
8904,8905,Branch_10403,9254,9253,8.668515950069349,1,False
8905,8906,Branch_10404,9240,9254,2000.0,1,False
8906,8907,Branch_10405,6284,6287,125.0,1,False
8907,8908,Branch_10406,6287,7203,9.87166831194472,1,False
8908,8909,Branch_10407,9113,9425,793.6507936507936,1,False
8909,8910,Branch_10408,9266,9264,8.395600705230459,1,False
8910,8911,Branch_10409,9266,9265,12.504689258471927,1,False
8911,8912,Branch_10410,9241,9266,653.59477124183,1,False
8912,8913,Branch_10411,5972,6164,17.056114617090227,1,False
8913,8914,Branch_10412,5856,5972,5.990176111177669,1,False
8914,8915,Branch_10413,5605,5606,11.114816049794376,1,False
8915,8916,Branch_10414,5605,5607,11.114816049794376,1,False
8916,8917,Branch_10417,5603,5605,108.93246187363836,1,False
8917,8918,Branch_10418,5608,5609,11.114816049794376,1,False
8918,8919,Branch_10419,5608,5610,11.114816049794376,1,False
8919,8920,Branch_10420,5605,5608,591.7159763313609,1,False
8920,8921,Branch_10421,2707,2732,34.376074252320386,1,False
8921,8922,Branch_10422,2725,2731,37.735849056603776,1,False
8922,8923,Branch_10423,6109,6110,6.827802813054759,1,False
8923,8924,Branch_10424,4702,6110,51.20327700972862,1,False
8924,8925,Branch_10425,6148,6149,1.4390766883967248,1,False
8925,8926,Branch_10426,1843,1845,6.788405403570701,1,False
8926,8927,Branch_10427,1843,1844,6.745817593092283,1,False
8927,8928,Branch_10428,1843,1847,8.084727948904519,1,False
8928,8929,Branch_10429,1843,1846,41.00041000410004,1,False
8929,8930,Branch_10430,8815,9158,28.910089621277827,1,False
8930,8931,Branch_10431,8736,8815,36.58982802780827,1,False
8931,8932,Branch_10432,8733,9158,118.62396204033216,1,False
8932,8933,Branch_10433,8757,9158,83.75209380234506,1,False
8933,8934,Branch_10434,6136,6202,2000.0,1,False
8934,8935,Branch_10435,2293,2292,5.139274334463973,1,False
8935,8936,Branch_10436,7865,7864,8.710801393728223,1,False
8936,8937,Branch_10437,7993,8470,61.387354205033766,1,False
8937,8938,Branch_10438,8467,8468,41.35649296939619,1,False
8938,8939,Branch_10439,8470,8468,-704.2253521126761,1,False
8939,8940,Branch_10440,8472,8468,16.49348507339601,1,False
8940,8941,Branch_10441,8467,8469,39.37007874015748,1,False
8941,8942,Branch_10442,8470,8469,-387.5968992248062,1,False
8942,8943,Branch_10443,8466,8469,15.96678907871627,1,False
8943,8944,Branch_10444,8467,8471,58.41121495327103,1,False
8944,8945,Branch_10445,8012,8470,11.479738261967627,1,False
8945,8946,Branch_10446,7865,7972,15.723270440251572,1,False
8946,8947,Branch_10447,7865,7974,17.649135192375574,1,False
8947,8948,Branch_10448,5910,5911,8.161266628580755,1,False
8948,8949,Branch_10449,5787,5911,20.70393374741201,1,False
8949,8950,Branch_10450,8075,8076,10.650761529449357,1,False
8950,8951,Branch_10451,5854,6146,156.73981191222572,1,False
8951,8952,Branch_10452,8101,8104,70.47216349541931,1,False
8952,8953,Branch_10453,8104,8102,11.862396204033214,1,False
8953,8954,Branch_10454,8104,8103,11.3109376767334,1,False
8954,8955,Branch_10455,6550,7557,19.790223629527013,1,False
8955,8956,Branch_10456,507,1034,55.99104143337066,1,False
8956,8957,Branch_10457,4033,4499,37.53753753753754,1,False
8957,8958,Branch_10458,3173,3813,16.31055292774425,1,False
8958,8959,Branch_10459,2812,4116,421.9409282700422,1,False
8959,8960,Branch_10460,7919,8604,8.242664029014177,1,False
8960,8961,Branch_10461,3496,4499,79.42811755361397,1,False
8961,8962,Branch_10462,3173,4116,12.655024044545684,1,False
8962,8963,Branch_10463,5916,5915,14.50536698578474,1,False
8963,8964,Branch_10467,5876,5916,21.317416329140908,1,False
8964,8965,Branch_10468,5915,5971,66.13756613756614,1,False
8965,8966,Branch_10469,5880,5915,440.52863436123346,1,False
8966,8967,Branch_10470,2670,3495,4.101386268558773,1,False
8967,8968,Branch_10471,2670,2669,4.633276189593662,1,False
8968,8969,Branch_10472,7911,8547,254.4529262086514,1,False
8969,8970,Branch_10473,3257,3260,46.57661853749418,1,False
8970,8971,Branch_10474,3258,3260,-480.7692307692308,1,False
8971,8972,Branch_10475,3259,3260,8.957362952346829,1,False
8972,8973,Branch_10476,3257,3261,45.8295142071494,1,False
8973,8974,Branch_10477,3258,3261,-414.9377593360996,1,False
8974,8975,Branch_10478,3262,3261,8.987148377819718,1,False
8975,8976,Branch_10479,1492,1551,7.4460163812360385,1,False
8976,8977,Branch_10480,6146,6145,3.5045910142286396,1,False
8977,8978,Branch_10481,5877,5971,223.71364653243847,1,False
8978,8979,Branch_10482,5755,5787,45.87155963302752,1,False
8979,8980,Branch_10483,5750,6350,31.51591553734636,1,False
8980,8981,Branch_10485,346,1325,163.9344262295082,1,False
8981,8982,Branch_10486,347,1326,167.50418760469012,1,False
8982,8983,Branch_10487,1326,1327,2000.0,1,False
8983,8984,Branch_10488,137,1325,53.05039787798408,1,False
8984,8985,Branch_10489,477,1326,58.37711617046118,1,False
8985,8986,Branch_10490,525,526,16.564518800728838,1,False
8986,8987,Branch_10493,4315,4333,56.46527385657821,1,False
8987,8988,Branch_10494,4333,4787,65.96306068601584,1,False
8988,8989,Branch_10495,3757,4333,60.75334143377886,1,False
8989,8990,Branch_10496,6809,6810,2.98971537909591,1,False
8990,8991,Branch_10500,7765,8121,192.67822736030828,1,False
8991,8992,Branch_10501,7765,7871,35.0754121360926,1,False
8992,8993,Branch_10502,4834,4833,61.08735491753207,1,False
8993,8994,Branch_10503,6237,6560,73.34066740007334,1,False
8994,8995,Branch_10504,6237,6560,73.34066740007334,1,False
8995,8996,Branch_10505,78,79,813.0081300813008,1,False
8996,8997,Branch_10508,7980,8153,12.532898859506204,1,False
8997,8998,Branch_10510,8117,8153,33.96739130434783,1,False
8998,8999,Branch_10511,77,78,1351.3513513513512,1,False
8999,9000,Branch_10512,78,198,101.41987829614604,1,False
9000,9001,Branch_10514,2620,2654,5.111429155591903,1,False
9001,9002,Branch_10515,9085,9298,2000.0,1,False
9002,9003,Branch_10516,8904,9085,14.983518130056938,1,False
9003,9004,Branch_10517,6137,9298,9.767532721234616,1,False
9004,9005,Branch_10518,9079,9298,502.5125628140703,1,False
9005,9006,Branch_10519,9078,9298,502.5125628140703,1,False
9006,9007,Branch_10520,1375,1378,6.4935064935064934,1,False
9007,9008,Branch_10521,1375,1377,6.4935064935064934,1,False
9008,9009,Branch_10522,1376,1379,6.802721088435374,1,True
9009,9010,Branch_10523,1375,1380,11.904761904761903,1,False
9010,9011,Branch_10524,1375,1376,15.151515151515152,1,False
9011,9012,Branch_10525,1375,1376,15.151515151515152,1,False
9012,9013,Branch_10526,6213,6215,46.33920296570899,1,False
9013,9014,Branch_10527,6214,6215,-454.54545454545456,1,False
9014,9015,Branch_10528,6218,6215,8.932559178204556,1,False
9015,9016,Branch_10529,6213,6216,45.93477262287551,1,False
9016,9017,Branch_10530,6214,6216,-446.42857142857144,1,False
9017,9018,Branch_10531,6217,6216,8.946944618412813,1,False
9018,9019,Branch_10532,6051,6446,102.35414534288638,1,False
9019,9020,Branch_10533,6446,6457,1219.5121951219512,1,False
9020,9021,Branch_10534,6181,6446,7.489514679448772,1,False
9021,9022,Branch_10535,8963,9032,169.4915254237288,1,False
9022,9023,Branch_10536,6525,6869,14.622020763269484,1,False
9023,9024,Branch_10537,278,1669,315.45741324921136,1,False
9024,9025,Branch_10538,5658,6137,18.05706031058144,1,False
9025,9026,Branch_10539,5275,5280,18.885741265344667,1,False
9026,9027,Branch_10540,5275,5277,59.523809523809526,1,False
9027,9028,Branch_10541,5276,5279,69.01311249137336,1,False
9028,9029,Branch_10542,5275,5279,70.97232079489,1,False
9029,9030,Branch_10543,5278,5279,4.768717215069146,1,False
9030,9031,Branch_10544,893,895,22.40645305848084,1,False
9031,9032,Branch_10546,894,895,-125.31328320802004,1,False
9032,9033,Branch_10547,896,895,7.743534148985597,1,False
9033,9034,Branch_10548,893,1294,166.9449081803005,1,False
9034,9035,Branch_10551,8256,8257,2000.0,1,False
9035,9036,Branch_10552,243,1704,5.5263885051119095,1,False
9036,9037,Branch_10553,8176,8178,2000.0,1,False
9037,9038,Branch_10554,3449,3450,11.555350127108852,1,False
9038,9039,Branch_10556,2384,2396,27.824151363383415,1,False
9039,9040,Branch_10557,5970,6141,5.814629608093965,1,False
9040,9041,Branch_10558,898,897,2.551801571909768,1,False
9041,9042,Branch_10559,4838,4837,9.775171065493646,1,False
9042,9043,Branch_10560,2717,4838,2000.0,1,False
9043,9044,Branch_10561,197,866,414.9377593360996,1,False
9044,9045,Branch_10562,4096,4098,95.23809523809524,1,False
9045,9046,Branch_10563,8203,8205,2000.0,1,False
9046,9047,Branch_10564,6474,6477,2000.0,1,False
9047,9048,Branch_10565,5828,5830,19.043991620643688,1,False
9048,9049,Branch_10566,5828,5831,19.043991620643688,1,False
9049,9050,Branch_10569,5255,5340,500.0,1,False
9050,9051,Branch_10570,7679,7678,7.776049766718507,1,False
9051,9052,Branch_10572,6801,6800,3.4120376688958647,1,False
9052,9053,Branch_10573,6839,6838,9.601536245799329,1,False
9053,9054,Branch_10574,6838,7317,14.75143826523086,1,False
9054,9055,Branch_10575,3764,3767,46.04051565377532,1,False
9055,9056,Branch_10576,3765,3767,-438.5964912280702,1,False
9056,9057,Branch_10577,3766,3767,9.031791907514451,1,False
9057,9058,Branch_10578,3290,3631,5.431830526887561,1,False
9058,9059,Branch_10579,8141,8142,14.088475626937166,1,False
9059,9060,Branch_10580,7686,7688,1666.6666666666667,1,False
9060,9061,Branch_10581,7671,7686,2000.0,1,False
9061,9062,Branch_10582,9209,9210,12.934937265554264,1,False
9062,9063,Branch_10583,9206,9209,1010.10101010101,1,False
9063,9064,Branch_10584,5751,6136,1388.888888888889,1,False
9064,9065,Branch_10585,5803,6136,176.99115044247787,1,False
9065,9066,Branch_10586,7954,8656,133.6898395721925,1,False
9066,9067,Branch_10589,8909,9043,7.580926389204761,1,True
9067,9068,Branch_10590,5208,5479,19.44768572539868,1,False
9068,9069,Branch_10591,5815,6139,446.42857142857144,1,False
9069,9070,Branch_10592,5396,5397,51.38746145940391,1,False
9070,9071,Branch_10594,5525,5526,2000.0,1,False
9071,9072,Branch_10595,5075,5073,12.186205215695832,1,False
9072,9073,Branch_10596,5075,5074,12.16397031991242,1,False
9073,9074,Branch_10597,3981,3983,9.718172983479104,1,False
9074,9075,Branch_10598,3980,3983,-75.75757575757575,1,False
9075,9076,Branch_10599,3982,3983,4.101722723543888,1,False
9076,9077,Branch_10600,6141,6249,37.9794910748196,1,False
9077,9078,Branch_10601,6057,6141,4.632417658776116,1,False
9078,9079,Branch_10604,9155,9270,123.15270935960592,1,False
9079,9080,Branch_10605,8789,8944,2000.0,1,False
9080,9081,Branch_10606,2704,2703,9.414422895876482,1,False
9081,9082,Branch_10607,2703,4744,699.3006993006993,1,False
9082,9083,Branch_10608,2703,3278,70.87172218284904,1,False
9083,9084,Branch_10609,2703,4679,257.7319587628866,1,False
9084,9085,Branch_10610,6523,6878,48.732943469785575,1,False
9085,9086,Branch_10611,9089,9092,2000.0,1,False
9086,9087,Branch_10612,355,546,34.770514603616135,1,False
9087,9088,Branch_10613,4277,4281,55.49389567147614,1,False
9088,9089,Branch_10614,4279,4281,398.4063745019921,1,False
9089,9090,Branch_10615,4280,4281,8.553588230262596,1,False
9090,9091,Branch_10616,4277,4283,47.84688995215311,1,False
9091,9092,Branch_10617,4278,4283,-613.4969325153374,1,False
9092,9093,Branch_10618,4282,4283,9.39584703561026,1,False
9093,9094,Branch_10619,3610,4485,50.65856129685917,1,False
9094,9095,Branch_10620,4376,4485,191.93857965451056,1,False
9095,9096,Branch_10621,2704,4485,137.17421124828533,1,False
9096,9097,Branch_10622,1031,1668,66.84491978609626,1,False
9097,9098,Branch_10623,1668,1670,2000.0,1,False
9098,9099,Branch_10624,1667,1669,90.41591320072332,1,False
9099,9100,Branch_10625,864,865,102.880658436214,1,False
9100,9101,Branch_10626,862,863,102.04081632653062,1,False
9101,9102,Branch_10627,8507,8539,92.7643784786642,1,False
9102,9103,Branch_10628,189,864,89.60573476702508,1,False
9103,9104,Branch_10629,187,863,79.30214115781126,1,False
9104,9105,Branch_10630,8430,8514,71.73601147776183,1,False
9105,9106,Branch_10633,8368,8374,3.780718336483932,1,False
9106,9107,Branch_10636,8369,8368,11.96029183112068,1,False
9107,9108,Branch_10637,8369,8368,11.96029183112068,1,False
9108,9109,Branch_10638,5732,5783,10.780508840017248,1,False
9109,9110,Branch_10639,5732,5847,1818.1818181818185,1,False
9110,9111,Branch_10640,5732,6206,40.86636697997548,1,False
9111,9112,Branch_10641,7821,7876,16.716817118020728,1,False
9112,9113,Branch_10642,8515,8634,7.028888732691361,1,False
9113,9114,Branch_10643,8897,8911,53.36179295624333,1,False
9114,9115,Branch_10644,8897,9016,260.4166666666667,1,False
9115,9116,Branch_10645,7758,7963,68.30601092896175,1,False
9116,9117,Branch_10647,7294,7295,7.733952049497293,1,False
9117,9118,Branch_10648,7296,7295,3.665689149560117,1,False
9118,9119,Branch_10650,1358,1493,31.201248049921997,1,False
9119,9120,Branch_10651,8829,9068,6.780120686148213,1,False
9120,9121,Branch_10652,8836,9069,42.24757076468103,1,False
9121,9122,Branch_10653,9070,9069,5.301102629346905,1,False
9122,9123,Branch_10654,9068,9069,5.301102629346905,1,False
9123,9124,Branch_10655,8707,9069,85.47008547008546,1,False
9124,9125,Branch_10656,1204,1206,10.137875101378752,1,False
9125,9126,Branch_10657,1203,1205,9.742790335151987,1,False
9126,9127,Branch_10658,5424,5594,68.96551724137932,1,False
9127,9128,Branch_10659,2392,2390,3.4239539820584812,1,False
9128,9129,Branch_10660,2392,2391,3.450893781489406,1,False
9129,9130,Branch_10661,1906,2392,2000.0,1,False
9130,9131,Branch_10662,2045,2048,35.36067892503536,1,False
9131,9132,Branch_10663,2045,2049,32.425421530479895,1,False
9132,9133,Branch_10664,2048,2049,-366.3003663003663,1,False
9133,9134,Branch_10665,2044,2049,6.806888571234089,1,False
9134,9135,Branch_10666,2045,2051,28.52253280091272,1,False
9135,9136,Branch_10667,2046,2051,-148.5884101040119,1,False
9136,9137,Branch_10668,2047,2051,6.868603612885501,1,False
9137,9138,Branch_10669,2045,2052,32.1853878339234,1,False
9138,9139,Branch_10670,2046,2052,-369.0036900369004,1,False
9139,9140,Branch_10671,2050,2052,6.746272684341901,1,False
9140,9141,Branch_10672,2442,2443,4.1363335539377895,1,False
9141,9142,Branch_10673,2442,2444,4.1363335539377895,1,False
9142,9143,Branch_10674,1918,2442,2000.0,1,False
9143,9144,Branch_10675,7460,7461,47.14757190004715,1,False
9144,9145,Branch_10676,7459,7461,-595.2380952380952,1,False
9145,9146,Branch_10677,7462,7461,8.93814801573114,1,False
9146,9147,Branch_10678,7460,7464,46.27487274409995,1,False
9147,9148,Branch_10679,7459,7464,-460.8294930875576,1,False
9148,9149,Branch_10680,7463,7464,9.02445627650934,1,False
9149,9150,Branch_10681,7319,7460,95.14782314273893,1,False
9150,9151,Branch_10682,7319,7460,95.14782314273893,1,False
9151,9152,Branch_10684,6636,7301,28.868360277136254,1,False
9152,9153,Branch_10685,6553,7245,111.11111111111111,1,False
9153,9154,Branch_10686,7245,7265,15.186028853454822,1,False
9154,9155,Branch_10687,8978,9298,114.15525114155253,1,False
9155,9156,Branch_10688,244,355,8.16259897151253,1,False
9156,9157,Branch_10689,1484,1488,10.137875101378752,1,False
9157,9158,Branch_10690,1486,1489,10.137875101378752,1,False
9158,9159,Branch_10691,1475,1483,168.63406408094434,1,False
9159,9160,Branch_10692,1481,1482,182.14936247723136,1,False
9160,9161,Branch_10693,1486,1487,60.64281382656155,1,False
9161,9162,Branch_10694,1484,1485,59.31198102016607,1,False
9162,9163,Branch_10695,1478,1480,125.15644555694618,1,False
9163,9164,Branch_10696,1475,1481,125.15644555694618,1,False
9164,9165,Branch_10697,1478,1483,11.575413821044105,1,False
9165,9166,Branch_10698,1480,1482,11.575413821044105,1,False
9166,9167,Branch_10699,5625,5638,58.07200929152149,1,False
9167,9168,Branch_10701,2129,8467,64.3707756678468,1,False
9168,9169,Branch_10702,2129,8467,64.3707756678468,1,False
9169,9170,Branch_10703,1893,1892,3.5855145213338115,1,False
9170,9171,Branch_10704,7936,8586,52.35602094240838,1,False
9171,9172,Branch_10705,181,1073,2000.0,1,False
9172,9173,Branch_10706,8791,9275,14.26126640045636,1,False
9173,9174,Branch_10707,7973,7974,41.18616144975288,1,False
9174,9175,Branch_10708,8811,8846,4.493978069387022,1,False
9175,9176,Branch_10709,8811,8899,5.846927439630474,1,False
9176,9177,Branch_10710,8811,8905,11.14330287497214,1,False
9177,9178,Branch_10712,8561,8577,4.85649069982031,1,False
9178,9179,Branch_10713,8041,8424,43.10344827586207,1,False
9179,9180,Branch_10714,2525,2526,49.6031746031746,1,False
9180,9181,Branch_10715,2528,2526,-943.3962264150944,1,False
9181,9182,Branch_10716,2527,2526,9.00657479960371,1,False
9182,9183,Branch_10717,2525,2523,48.804294777940456,1,False
9183,9184,Branch_10718,2529,2523,-934.5794392523364,1,False
9184,9185,Branch_10719,2524,2523,9.0049527239982,1,False
9185,9186,Branch_10720,2522,2528,95.23809523809524,1,False
9186,9187,Branch_10721,2522,2529,95.23809523809524,1,False
9187,9188,Branch_10722,5545,5553,77.7000777000777,1,False
9188,9189,Branch_10723,5336,5553,67.11409395973155,1,False
9189,9190,Branch_10724,5552,5553,15.080681646810437,1,False
9190,9191,Branch_10725,3152,3648,59.63029218843173,1,False
9191,9192,Branch_10726,8394,8577,2.7777777777777777,1,False
9192,9193,Branch_10727,7822,8577,222.71714922048997,1,False
9193,9194,Branch_10728,3481,3648,395.25691699604744,1,False
9194,9195,Branch_10729,789,5501,46.10419548178884,1,False
9195,9196,Branch_10730,6560,7671,581.3953488372093,1,False
9196,9197,Branch_10731,6560,7671,581.3953488372093,1,False
9197,9198,Branch_10732,5245,5501,456.1009350849274,1,False
9198,9199,Branch_10733,5245,5501,456.1009350849274,1,False
9199,9200,Branch_10734,259,5501,78.03355442840422,1,False
9200,9201,Branch_10735,259,5501,78.03355442840422,1,False
9201,9202,Branch_10736,8008,8470,9.683354313934348,1,False
9202,9203,Branch_10737,7864,8470,625.0,1,False
9203,9204,Branch_10738,5474,5473,2.1108179419525066,1,False
9204,9205,Branch_10739,5474,5541,20.48760499897562,1,False
9205,9206,Branch_10740,5374,5474,53.61930294906166,1,False
9206,9207,Branch_10741,5887,6115,31.79650238473768,1,False
9207,9208,Branch_10742,5707,6115,18.726591760299627,1,False
9208,9209,Branch_10743,8787,9010,21.01723413198823,1,False
9209,9210,Branch_10744,9010,9068,416.6666666666667,1,False
9210,9211,Branch_10745,5707,5709,10.111223458038422,1,False
9211,9212,Branch_10746,37,1095,40.53506282934739,1,False
9212,9213,Branch_10747,7760,8422,5.3276505061267985,1,False
9213,9214,Branch_10748,9234,9235,7.733952049497293,1,False
9214,9215,Branch_10749,2818,2819,381.6793893129771,1,False
9215,9216,Branch_10750,828,875,212.7659574468085,1,False
9216,9217,Branch_10751,7317,7318,2000.0,1,False
9217,9218,Branch_10752,7319,7317,90.09016320928757,1,False
9218,9219,Branch_10753,7319,7317,90.09016320928757,1,False
9219,9220,Branch_10754,2234,7798,30.50640634533252,1,False
9220,9221,Branch_10755,5984,5988,63.85696040868455,1,False
9221,9222,Branch_10756,5345,5521,257.0694087403599,1,False
9222,9223,Branch_10757,5750,5751,19.716088328075713,1,False
9223,9224,Branch_10758,5750,5751,19.716088328075713,1,False
9224,9225,Branch_10759,5751,6293,72.09805335255948,1,False
9225,9226,Branch_10760,8390,8391,2000.0,1,False
9226,9227,Branch_10761,8389,8390,2000.0,1,False
9227,9228,Branch_10762,8389,8392,2000.0,1,False
9228,9229,Branch_10763,5373,5574,180.50541516245488,1,False
9229,9230,Branch_10764,5345,5373,1818.1818181818185,1,False
9230,9231,Branch_10765,1471,1472,115.47344110854505,1,False
9231,9232,Branch_10766,1373,1472,218.34061135371175,1,False
9232,9233,Branch_10767,9204,9215,195.3125,1,False
9233,9234,Branch_10768,9204,9219,91.324200913242,1,False
9234,9235,Branch_10769,5678,6251,10.922992900054616,1,False
9235,9236,Branch_10770,8273,8274,10.195758564437194,1,False
9236,9237,Branch_10771,8273,8275,10.646225912913872,1,False
9237,9238,Branch_10772,8265,8273,2000.0,1,False
9238,9239,Branch_10773,5955,6250,31.17206982543641,1,False
9239,9240,Branch_10775,4210,4442,333.3333333333333,1,False
9240,9241,Branch_10776,4441,4928,826.4462809917355,1,False
9241,9242,Branch_10777,9215,9213,6.9046468273147825,1,False
9242,9243,Branch_10778,9215,9214,6.903693476009665,1,False
9243,9244,Branch_10779,9219,9217,10.29230135858378,1,False
9244,9245,Branch_10780,9219,9218,10.301844030081384,1,False
9245,9246,Branch_10781,4210,4212,6.666222251849876,1,False
9246,9247,Branch_10782,4210,4211,6.666222251849876,1,False
9247,9248,Branch_10783,6321,6322,4.245743641998896,1,False
9248,9249,Branch_10784,6321,6323,4.254957024934048,1,False
9249,9250,Branch_10785,6321,6324,3.01504507492387,1,False
9250,9251,Branch_10786,3951,4750,61.05006105006105,1,False
9251,9252,Branch_10787,8723,8885,17.488632388947185,1,False
9252,9253,Branch_10788,4247,4750,261.78010471204186,1,False
9253,9254,Branch_10789,8783,8885,89.68609865470852,1,False
9254,9255,Branch_10791,6769,6770,2000.0,1,False
9255,9256,Branch_10792,4336,4338,2000.0,1,False
9256,9257,Branch_10793,4005,4008,2000.0,1,False
9257,9258,Branch_10794,4006,4007,2000.0,1,False
9258,9259,Branch_10795,5268,5269,5000.0,1,False
9259,9260,Branch_10796,5268,5269,5000.0,1,False
9260,9261,Branch_10797,5268,5269,5000.0,1,False
9261,9262,Branch_10798,7355,7354,14.00560224089636,1,False
9262,9263,Branch_10799,3351,3350,4.733727810650888,1,False
9263,9264,Branch_10800,3352,3350,5.106469897359955,1,False
9264,9265,Branch_10801,8905,8904,6.053635207942369,1,False
9265,9266,Branch_10802,3004,3350,67.98096532970769,1,False
9266,9267,Branch_10803,3350,4722,48.1000481000481,1,False
9267,9268,Branch_10804,3351,4560,40.83299305839118,1,False
9268,9269,Branch_10805,3351,4563,7.496251874062969,1,False
9269,9270,Branch_10806,3570,4146,68.96551724137932,1,False
9270,9271,Branch_10807,7741,8628,88.49557522123894,1,False
9271,9272,Branch_10809,4588,4592,38.095238095238095,1,False
9272,9273,Branch_10810,4589,4590,38.095238095238095,1,False
9273,9274,Branch_10811,828,1403,181.48820326678765,1,False
9274,9275,Branch_10812,52,828,54.7645125958379,1,False
9275,9276,Branch_10813,89,1585,146.84287812041117,1,False
9276,9277,Branch_10814,4119,4120,95.23809523809524,1,False
9277,9278,Branch_10815,4118,4121,95.23809523809524,1,False
9278,9279,Branch_10816,7230,7229,12.871669455528382,1,False
9279,9280,Branch_10817,7232,7231,13.403029084573111,1,False
9280,9281,Branch_10818,7230,7232,359.71223021582733,1,False
9281,9282,Branch_10819,7687,7688,38.446751249519416,1,False
9282,9283,Branch_10820,9160,9163,265.9574468085106,1,False
9283,9284,Branch_10821,4420,4421,56.657223796034,1,False
9284,9285,Branch_10822,5288,5291,39.51007506914263,1,False
9285,9286,Branch_10823,5289,5291,346.02076124567475,1,False
9286,9287,Branch_10824,5290,5291,6.797634423220719,1,False
9287,9288,Branch_10825,9163,9161,8.372404554588078,1,False
9288,9289,Branch_10826,9163,9162,8.428860418071476,1,False
9289,9290,Branch_10827,9160,9159,10.860121633362294,1,False
9290,9291,Branch_10828,5630,5631,12.00192030724916,1,False
9291,9292,Branch_10829,5630,5632,12.607160867372668,1,False
9292,9293,Branch_10830,6903,6906,41.61464835622139,1,False
9293,9294,Branch_10834,6904,6903,6.324710644488015,1,False
9294,9295,Branch_10836,6080,6114,36.52300949598247,1,False
9295,9296,Branch_10837,6114,6209,5.849663644340451,1,False
9296,9297,Branch_10838,3985,3987,2.2399928320229376,1,False
9297,9298,Branch_10839,3985,3986,3.538069629210303,1,False
9298,9299,Branch_10840,3985,3988,4.888541259288228,1,False
9299,9300,Branch_10841,8122,8133,219.2982456140351,1,False
9300,9301,Branch_10842,8133,8132,11.588828369451848,1,False
9301,9302,Branch_10843,4045,4044,5.824111822947001,1,False
9302,9303,Branch_10844,7937,7975,259.0673575129534,1,False
9303,9304,Branch_10845,7942,7941,5.049229992426155,1,False
9304,9305,Branch_10846,7945,7948,39.920159680638726,1,False
9305,9306,Branch_10847,7945,7949,41.00041000410004,1,False
9306,9307,Branch_10848,7944,7948,-354.6099290780142,1,False
9307,9308,Branch_10849,7943,7949,-467.2897196261682,1,False
9308,9309,Branch_10850,7946,7948,6.684491978609626,1,False
9309,9310,Branch_10851,7947,7949,6.744452687664396,1,False
9310,9311,Branch_10852,7941,8249,35.51136363636363,1,False
9311,9312,Branch_10853,7941,7944,2000.0,1,False
9312,9313,Branch_10854,7941,7943,2000.0,1,False
9313,9314,Branch_10855,2682,4651,2.0,1,False
9314,9315,Branch_10856,3884,3985,588.2352941176471,1,False
9315,9316,Branch_10857,3985,4713,11.899095668729176,1,False
9316,9317,Branch_10858,3296,3985,7.859163784973279,1,False
9317,9318,Branch_10859,1432,1434,2000.0,1,False
9318,9319,Branch_10860,1433,1435,2000.0,1,False
9319,9320,Branch_10861,189,1433,30.75030750307503,1,False
9320,9321,Branch_10862,890,1434,46.42525533890437,1,False
9321,9322,Branch_10863,3281,4769,8.363301831563101,1,False
9322,9323,Branch_10864,3094,3293,13.424620754463689,1,False
9323,9324,Branch_10865,9011,9068,21.01723413198823,1,False
9324,9325,Branch_10867,7900,8121,943.3962264150944,1,False
9325,9326,Branch_10868,563,791,30.73140749846343,1,False
9326,9327,Branch_10869,5738,6181,6.941552131056504,1,False
9327,9328,Branch_10870,5961,6181,4.1426736815941005,1,False
9328,9329,Branch_10871,4131,4293,2000.0,1,False
9329,9330,Branch_10872,9270,9273,9.379103357719002,1,False
9330,9331,Branch_10873,9271,9273,13.65001365001365,1,False
9331,9332,Branch_10874,9274,9273,11.037527593818984,1,False
9332,9333,Branch_10875,214,2129,29.515938606847698,1,False
9333,9334,Branch_10876,214,2129,29.515938606847698,1,False
9334,9335,Branch_10877,76,1349,52.00208008320333,1,False
9335,9336,Branch_10878,76,1087,40.899795501022496,1,False
9336,9337,Branch_10879,179,214,29.20560747663551,1,False
9337,9338,Branch_10880,3241,4635,41.01722723543888,1,False
9338,9339,Branch_10881,214,213,158.8566359867691,1,False
9339,9340,Branch_10882,214,213,158.8566359867691,1,False
9340,9341,Branch_10883,214,212,157.4195338994076,1,False
9341,9342,Branch_10884,214,212,157.4195338994076,1,False
9342,9343,Branch_10885,4991,4990,9.586808551433228,1,False
9343,9344,Branch_10886,7873,7874,7.697636825494573,1,False
9344,9345,Branch_10888,949,1684,9.337068160597571,1,False
9345,9346,Branch_10889,3230,3231,14.409221902017292,1,False
9346,9347,Branch_10890,3230,3231,14.409221902017292,1,False
9347,9348,Branch_10891,3231,4826,85.17887563884156,1,False
9348,9349,Branch_10892,6024,6025,12.34567901234568,1,False
9349,9350,Branch_10893,198,1691,71.58196134574088,1,False
9350,9351,Branch_10894,198,763,17.885888034340905,1,False
9351,9352,Branch_10895,198,762,17.873100983020553,1,False
9352,9353,Branch_10896,8343,8507,86.4304235090752,1,False
9353,9354,Branch_10897,1052,1055,169.4915254237288,1,False
9354,9355,Branch_10898,1053,1054,99.30486593843098,1,False
9355,9356,Branch_10899,5559,5560,2000.0,1,False
9356,9357,Branch_10900,7953,8696,60.790273556231,1,False
9357,9358,Branch_10901,5315,5561,2000.0,1,False
9358,9359,Branch_10902,6481,6506,2000.0,1,False
9359,9360,Branch_10903,6083,6325,1315.7894736842106,1,False
9360,9361,Branch_10904,6083,6137,27.540622418066647,1,False
9361,9362,Branch_10905,5031,5032,15.792798483891346,1,False
9362,9363,Branch_10906,5031,5033,8.843296781039971,1,False
9363,9364,Branch_10907,6083,6120,86.05851979345955,1,False
9364,9365,Branch_10908,6116,6117,41.23711340206186,1,False
9365,9366,Branch_10909,6117,6119,16.633399866932802,1,False
9366,9367,Branch_10910,6505,6506,14.427932477276006,1,False
9367,9368,Branch_10911,5242,5467,5.128205128205129,1,False
9368,9369,Branch_10912,2252,3286,3.8327392587482274,1,False
9369,9370,Branch_10913,1983,2252,3.424188467333242,1,False
9370,9371,Branch_10914,1830,2252,8.791981712678037,1,False
9371,9372,Branch_10915,8746,8970,2000.0,1,False
9372,9373,Branch_10916,8722,8746,8.733624454148472,1,False
9373,9374,Branch_10917,8746,8818,8.481044864727334,1,False
9374,9375,Branch_10918,6906,6907,8.960573476702509,1,False
9375,9376,Branch_10919,5730,5731,13.605442176870747,1,False
9376,9377,Branch_10920,5728,5729,10.54407423028258,1,False
9377,9378,Branch_10921,5676,5673,10.454783063251435,1,False
9378,9379,Branch_10922,5674,5675,9.851246182642104,1,False
9379,9380,Branch_10923,5996,5997,16.076797176984062,1,False
9380,9381,Branch_10924,5996,5997,16.076797176984062,1,False
9381,9382,Branch_10925,6440,6439,5.5432372505543235,1,False
9382,9383,Branch_10926,5655,5656,7.0821529745042495,1,False
9383,9384,Branch_10930,4979,4980,2000.0,1,False
9384,9385,Branch_10931,4978,4980,2000.0,1,False
9385,9386,Branch_10932,2724,4980,85.91065292096219,1,False
9386,9387,Branch_10933,2759,4908,2000.0,1,False
9387,9388,Branch_10934,4152,4908,61.72839506172839,1,False
9388,9389,Branch_10935,3076,4908,17.761989342806395,1,False
9389,9390,Branch_10936,7582,7583,7.767593599502874,1,False
9390,9391,Branch_10937,5673,5675,26.99055330634278,1,False
9391,9392,Branch_10938,6995,6994,5.72967398155045,1,False
9392,9393,Branch_10945,3043,4235,34.447123665173955,1,False
9393,9394,Branch_10946,4966,4968,2325.5813953488378,1,False
9394,9395,Branch_10947,4966,4968,2325.5813953488378,1,False
9395,9396,Branch_10948,7754,8613,13.550135501355014,1,False
9396,9397,Branch_10949,7769,8460,20.77706212341575,1,False
9397,9398,Branch_10950,9277,9278,7.334604664808567,1,False
9398,9399,Branch_10951,9275,9277,2000.0,1,False
9399,9400,Branch_10952,7954,8404,106.04453870625665,1,False
9400,9401,Branch_10953,8184,8404,309.59752321981426,1,False
9401,9402,Branch_10954,8695,8697,2000.0,1,False
9402,9403,Branch_10955,8446,8461,19.466614755693985,1,False
9403,9404,Branch_10956,7538,7541,138.88888888888889,1,False
9404,9405,Branch_10957,7541,7551,42.955326460481096,1,False
9405,9406,Branch_10958,9433,9434,2000.0,1,False
9406,9407,Branch_10959,9434,9444,552.4861878453039,1,False
9407,9408,Branch_10960,9434,9447,395.25691699604744,1,False
9408,9409,Branch_10961,6719,7541,980.3921568627452,1,False
9409,9410,Branch_10962,6219,6469,1273.8853503184714,1,False
9410,9411,Branch_10963,6219,6469,1273.8853503184714,1,False
9411,9412,Branch_10964,6213,7197,60.132291040288635,1,False
9412,9413,Branch_10965,7177,7197,125.47051442910916,1,False
9413,9414,Branch_10966,6213,7177,40.65040650406504,1,False
9414,9415,Branch_10969,6794,7181,36.83241252302026,1,False
9415,9416,Branch_10970,7177,7195,24.108003857280615,1,False
9416,9417,Branch_10971,5744,7195,50.42864346949067,1,False
9417,9418,Branch_10972,7196,7618,386.1003861003861,1,False
9418,9419,Branch_10973,7177,7542,2000.0,1,False
9419,9420,Branch_10975,9125,9432,104.8767697954903,1,False
9420,9421,Branch_10976,9125,9471,2000.0,1,False
9421,9422,Branch_10977,6469,6477,1470.5882352941176,1,False
9422,9423,Branch_10978,6469,9432,128.2873636946761,1,False
9423,9424,Branch_10979,7195,7618,82.78145695364239,1,False
9424,9425,Branch_10980,9125,9418,2000.0,1,False
9425,9426,Branch_10981,6469,9432,128.2873636946761,1,False
9426,9427,Branch_10982,9125,9432,104.8767697954903,1,False
9427,9428,Branch_10984,1940,2041,134.04825737265415,1,False
9428,9429,Branch_10985,1873,2583,90.09009009009009,1,False
9429,9430,Branch_10986,1940,2583,147.05882352941177,1,False
9430,9431,Branch_10990,1874,2212,49.40711462450593,1,False
9431,9432,Branch_10991,1766,2214,87.33624454148472,1,False
9432,9433,Branch_10992,1882,2212,161.0305958132045,1,False
9433,9434,Branch_10993,1890,2214,27.129679869777537,1,False
9434,9435,Branch_10994,2214,2370,45.146726862302486,1,False
9435,9436,Branch_10995,2205,2214,95.14747859181732,1,False
9436,9437,Branch_10996,2092,2212,32.372936225315634,1,False
9437,9438,Branch_10999,5468,5469,23.80952380952381,1,False
9438,9439,Branch_11000,5467,5468,15.037593984962406,1,False
9439,9440,Branch_11001,5393,5468,32.97065611605671,1,False
9440,9441,Branch_11002,5155,5467,10.006003602161297,1,False
9441,9442,Branch_11003,5467,5527,15.89825119236884,1,False
9442,9443,Branch_11004,7760,8546,6.142506142506143,1,False
9443,9444,Branch_11005,7398,7399,10.529640939243972,1,False
9444,9445,Branch_11006,7398,7400,10.529640939243972,1,False
9445,9446,Branch_11007,7387,7398,257.7319587628866,1,False
9446,9447,Branch_11008,7193,7226,22.411474675033617,1,False
9447,9448,Branch_11009,5703,6312,8.000640051204096,1,False
9448,9449,Branch_11010,4718,4836,73.80073800738008,1,False
9449,9450,Branch_11011,5282,5502,137.17421124828533,1,False
9450,9451,Branch_11012,5223,5366,83.19467554076539,1,False
9451,9452,Branch_11013,5223,5568,230.9468822170901,1,False
9452,9453,Branch_11014,5228,5223,1.444627430585652,1,False
9453,9454,Branch_11015,5227,5223,1.4308403325272934,1,False
9454,9455,Branch_11016,5226,5223,1.4359769669294504,1,False
9455,9456,Branch_11017,5224,5223,2.928795728264828,1,False
9456,9457,Branch_11018,5224,5223,2.928795728264828,1,False
9457,9458,Branch_11019,5225,5223,1.768972227136034,1,False
9458,9459,Branch_11020,5229,5223,1.7155601303825698,1,True
9459,9460,Branch_11021,8263,8264,2000.0,1,False
9460,9461,Branch_11022,8263,8265,2000.0,1,False
9461,9462,Branch_11023,344,346,259.7402597402597,1,False
9462,9463,Branch_11024,345,347,384.61538461538464,1,False
9463,9464,Branch_11027,531,529,11.50483202945237,1,False
9464,9465,Branch_11028,531,530,10.486577181208052,1,False
9465,9466,Branch_11029,5148,5335,2000.0,1,False
9466,9467,Branch_11030,5335,5386,2000.0,1,False
9467,9468,Branch_11031,7570,7571,8.430992327796982,1,False
9468,9469,Branch_11032,7570,7572,8.429570934839417,1,False
9469,9470,Branch_11033,7349,7570,39.29273084479372,1,False
9470,9471,Branch_11034,6651,6650,8.3236224404861,1,False
9471,9472,Branch_11035,6651,6652,8.3236224404861,1,False
9472,9473,Branch_11036,6651,7349,32.62642740619902,1,False
9473,9474,Branch_11037,2243,2242,6.013229104028864,1,False
9474,9475,Branch_11038,7663,7664,12.50312578144536,1,False
9475,9476,Branch_11039,7025,7663,2000.0,1,False
9476,9477,Branch_11040,790,792,-366.3003663003663,1,False
9477,9478,Branch_11041,789,792,56.59309564233163,1,False
9478,9479,Branch_11042,795,792,9.476876421531465,1,False
9479,9480,Branch_11043,790,793,-335.5704697986577,1,False
9480,9481,Branch_11044,789,793,55.80357142857143,1,False
9481,9482,Branch_11045,794,793,9.38350380031904,1,False
9482,9483,Branch_11046,790,791,2000.0,1,False
9483,9484,Branch_11047,9261,9263,5.818012566907145,1,False
9484,9485,Branch_11048,9260,9263,-558.659217877095,1,False
9485,9486,Branch_11049,9262,9263,1.945449593401035,1,False
9486,9487,Branch_11050,10,12,7.899518129394107,1,False
9487,9488,Branch_11051,11,10,8.22886720739681,1,False
9488,9489,Branch_11052,11,10,8.22886720739681,1,False
9489,9490,Branch_11053,5474,5529,43.38394793926247,1,False
9490,9491,Branch_11059,2490,2489,44.50378282153983,1,False
9491,9492,Branch_11060,2484,2489,-323.62459546925567,1,False
9492,9493,Branch_11061,2491,2489,9.004141905276427,1,False
9493,9494,Branch_11062,5296,5508,500.0,1,False
9494,9495,Branch_11063,7194,7259,4000.0,1,False
9495,9496,Branch_11064,7194,7259,4000.0,1,False
9496,9497,Branch_11065,7193,7194,41.16920543433512,1,False
9497,9498,Branch_11066,7193,7260,574.7126436781609,1,False
9498,9499,Branch_11067,6353,6356,245.7002457002457,1,False
9499,9500,Branch_11068,6356,6438,225.7336343115124,1,False
9500,9501,Branch_11069,3937,3938,14.41545336600836,1,False
9501,9502,Branch_11070,3937,3939,8.781173164734808,1,False
9502,9503,Branch_11071,3929,3937,88.05419239313136,1,False
9503,9504,Branch_11072,3929,3937,88.05419239313136,1,False
9504,9505,Branch_11073,3170,3937,25.056376847907792,1,False
9505,9506,Branch_11074,8091,8093,483.09178743961354,1,False
9506,9507,Branch_11075,2671,4465,18.298261665141812,1,False
9507,9508,Branch_11076,3980,4465,56.91519635742743,1,False
9508,9509,Branch_11077,9113,9116,20.69108214359611,1,False
9509,9510,Branch_11078,9113,9117,20.69108214359611,1,False
9510,9511,Branch_11080,7673,7676,45.187528242205154,1,False
9511,9512,Branch_11081,7672,7676,-467.2897196261682,1,False
9512,9513,Branch_11082,7675,7676,7.662248103593594,1,False
9513,9514,Branch_11083,7673,7677,46.2962962962963,1,False
9514,9515,Branch_11084,7672,7677,-458.7155963302752,1,False
9515,9516,Branch_11085,7674,7677,8.933357155619081,1,False
9516,9517,Branch_11086,5219,5534,2000.0,1,False
9517,9518,Branch_11087,5458,5537,2000.0,1,False
9518,9519,Branch_11088,5464,5536,2000.0,1,False
9519,9520,Branch_11089,1123,1125,2000.0,1,False
9520,9521,Branch_11090,1124,1126,2000.0,1,False
9521,9522,Branch_11091,5330,5332,42.24757076468103,1,False
9522,9523,Branch_11092,5330,5329,42.24757076468103,1,False
9523,9524,Branch_11093,5330,5331,42.24757076468103,1,False
9524,9525,Branch_11094,5330,5333,75.7002271006813,1,False
9525,9526,Branch_11096,576,577,11.668611435239209,1,False
9526,9527,Branch_11097,8569,8571,11.560693641618498,1,False
9527,9528,Branch_11098,8569,8570,11.55802126675913,1,False
9528,9529,Branch_11099,8547,8569,2000.0,1,False
9529,9530,Branch_11100,2709,9095,588.2352941176471,1,False
9530,9531,Branch_11101,1777,1778,2000.0,1,False
9531,9532,Branch_11102,8117,8429,2000.0,1,False
9532,9533,Branch_11103,8429,8430,13.468013468013469,1,False
9533,9534,Branch_11104,3189,4217,12.405408758218584,1,False
9534,9535,Branch_11105,2674,4951,65.57377049180327,1,False
9535,9536,Branch_11106,2674,4584,128.2051282051282,1,False
9536,9537,Branch_11107,121,154,324.6753246753247,1,False
9537,9538,Branch_11108,132,137,1333.3333333333333,1,False
9538,9539,Branch_11109,137,138,1492.5373134328358,1,False
9539,9540,Branch_11110,113,120,2000.0,1,False
9540,9541,Branch_11111,139,149,2000.0,1,False
9541,9542,Branch_11112,137,149,2000.0,1,False
9542,9543,Branch_11113,128,144,2000.0,1,False
9543,9544,Branch_11114,126,144,2000.0,1,False
9544,9545,Branch_11115,128,1096,60.132291040288635,1,False
9545,9546,Branch_11116,137,475,70.2247191011236,1,False
9546,9547,Branch_11119,113,151,55.0357732526142,1,False
9547,9548,Branch_11120,128,151,-427.35042735042737,1,False
9548,9549,Branch_11121,124,151,9.86971969996052,1,False
9549,9550,Branch_11122,147,152,-67.38544474393531,1,False
9550,9551,Branch_11123,128,152,7.540909433677702,1,False
9551,9552,Branch_11124,154,152,1.928491533922166,1,False
9552,9553,Branch_11125,113,153,58.0046403712297,1,False
9553,9554,Branch_11126,137,153,-336.7003367003367,1,False
9554,9555,Branch_11127,150,153,10.466820180029307,1,False
9555,9556,Branch_11128,132,148,10.22390348635109,1,False
9556,9557,Branch_11129,138,146,10.282776349614396,1,False
9557,9558,Branch_11130,132,114,-27.647221454243848,1,False
9558,9559,Branch_11131,130,114,4.63907960660605,1,False
9559,9560,Branch_11132,141,114,4.733279689496852,1,False
9560,9561,Branch_11133,133,123,4.814636494944632,1,False
9561,9562,Branch_11134,145,123,4.8954814706026335,1,False
9562,9563,Branch_11135,132,123,-28.433323855558715,1,False
9563,9564,Branch_11136,138,115,-28.441410693970425,1,False
9564,9565,Branch_11137,143,115,4.569548528605374,1,False
9565,9566,Branch_11138,127,115,4.710981297404249,1,False
9566,9567,Branch_11139,138,112,82.44023083264634,1,False
9567,9568,Branch_11140,134,112,5.9680114585820006,1,False
9568,9569,Branch_11141,140,112,5.9680114585820006,1,False
9569,9570,Branch_11142,120,118,40.06410256410256,1,False
9570,9571,Branch_11143,136,118,5.681495369581274,1,False
9571,9572,Branch_11144,129,118,5.631899076368551,1,False
9572,9573,Branch_11145,120,122,44.150110375275936,1,False
9573,9574,Branch_11146,142,122,5.636343140570398,1,False
9574,9575,Branch_11147,131,122,5.5735146583435515,1,False
9575,9576,Branch_11148,120,117,40.43671653861706,1,False
9576,9577,Branch_11149,125,117,5.674080798910577,1,False
9577,9578,Branch_11150,135,117,5.624613307835086,1,False
9578,9579,Branch_11151,61,1294,80.77544426494346,1,False
9579,9580,Branch_11152,9100,9103,91.91176470588236,1,False
9580,9581,Branch_11153,1613,1615,92.67840593141798,1,False
9581,9582,Branch_11154,1613,1614,90.57971014492752,1,False
9582,9583,Branch_11155,1617,1627,127.06480304955528,1,False
9583,9584,Branch_11156,1617,1626,127.06480304955528,1,False
9584,9585,Branch_11157,1610,1617,3562.5,1,False
9585,9586,Branch_11158,1610,1617,3562.5,1,False
9586,9587,Branch_11159,1691,1692,2000.0,1,False
9587,9588,Branch_11160,8004,8531,12.108003390240947,1,False
9588,9589,Branch_11167,760,1555,10.438413361169102,1,False
9589,9590,Branch_11168,7548,7549,8.987956138774043,1,False
9590,9591,Branch_11169,7548,7550,8.922198429693076,1,False
9591,9592,Branch_11170,6669,7548,57.43825387708214,1,False
9592,9593,Branch_11171,5651,5652,10.513036164844408,1,False
9593,9594,Branch_11172,5651,5653,10.513036164844408,1,False
9594,9595,Branch_11173,9156,9160,53.99568034557235,1,False
9595,9596,Branch_11174,4636,4832,2000.0,1,False
9596,9597,Branch_11175,1076,1192,193.7984496124031,1,False
9597,9598,Branch_11177,7079,7080,64.14368184733804,1,False
9598,9599,Branch_11178,4176,4178,46.04051565377532,1,False
9599,9600,Branch_11179,4177,4178,-438.5964912280702,1,False
9600,9601,Branch_11180,4179,4178,9.013881377321075,1,True
9601,9602,Branch_11184,3248,3247,5.244663554832957,1,False
9602,9603,Branch_11185,3249,3251,46.2962962962963,1,False
9603,9604,Branch_11186,3250,3251,-458.7155963302752,1,False
9604,9605,Branch_11187,3252,3251,8.951750067138125,1,False
9605,9606,Branch_11188,3247,3250,95.23809523809524,1,False
9606,9607,Branch_11189,877,879,2000.0,1,False
9607,9608,Branch_11190,878,880,2000.0,1,False
9608,9609,Branch_11191,187,877,120.48192771084338,1,False
9609,9610,Branch_11192,187,878,119.76047904191616,1,False
9610,9611,Branch_11195,5158,5159,15.581177937052042,1,False
9611,9612,Branch_11196,5158,5160,15.790304752881733,1,False
9612,9613,Branch_11197,8756,8754,9.149967975112087,1,False
9613,9614,Branch_11198,8756,8755,9.067005168192946,1,False
9614,9615,Branch_11199,8756,8753,9.094216078574028,1,False
9615,9616,Branch_11202,7141,7140,7.81983109164842,1,False
9616,9617,Branch_11203,4703,5104,72.09805335255948,1,False
9617,9618,Branch_11204,443,442,4.738887309259786,1,False
9618,9619,Branch_11205,443,452,4.738887309259786,1,False
9619,9620,Branch_11206,443,444,4.738887309259786,1,True
9620,9621,Branch_11207,443,445,4.738887309259786,1,False
9621,9622,Branch_11208,443,446,4.738887309259786,1,False
9622,9623,Branch_11209,443,447,4.738887309259786,1,False
9623,9624,Branch_11210,443,448,4.738887309259786,1,False
9624,9625,Branch_11211,443,449,4.738887309259786,1,False
9625,9626,Branch_11212,443,450,4.738887309259786,1,False
9626,9627,Branch_11213,443,451,4.738887309259786,1,False
9627,9628,Branch_11214,8013,8012,17.31301939058172,1,False
9628,9629,Branch_11215,8013,8573,5.396654074473826,1,False
9629,9630,Branch_11216,8013,8543,324.6753246753247,1,False
9630,9631,Branch_11217,7833,8138,65.359477124183,1,False
9631,9632,Branch_11218,8138,8139,15.441630636195182,1,False
9632,9633,Branch_11219,8138,8140,15.441630636195182,1,False
9633,9634,Branch_11220,603,1075,2000.0,1,False
9634,9635,Branch_11222,1222,1223,2000.0,1,False
9635,9636,Branch_11223,1224,1225,2000.0,1,False
9636,9637,Branch_11224,1135,1223,116.68611435239208,1,False
9637,9638,Branch_11225,1137,1225,116.68611435239208,1,False
9638,9639,Branch_11226,5348,5522,56.433408577878104,1,False
9639,9640,Branch_11231,5735,6363,12.067093037287318,1,False
9640,9641,Branch_11232,594,595,13.145786775338504,1,False
9641,9642,Branch_11233,594,1352,52.21932114882507,1,False
9642,9643,Branch_11234,5897,5898,5.05050505050505,1,False
9643,9644,Branch_11235,5897,5899,5.067653169817057,1,False
9644,9645,Branch_11236,5897,5900,5.033472592741733,1,False
9645,9646,Branch_11237,8326,8381,62.11180124223603,1,False
9646,9647,Branch_11238,276,952,82.3045267489712,1,False
9647,9648,Branch_11239,244,276,104.9317943336831,1,False
9648,9649,Branch_11240,8761,8943,7.378440197742197,1,False
9649,9650,Branch_11242,3794,4264,64.93506493506493,1,False
9650,9651,Branch_11243,2709,2710,8.962982880702699,1,False
9651,9652,Branch_11244,2709,2711,8.962982880702699,1,False
9652,9653,Branch_11245,5472,5546,18.5459940652819,1,False
9653,9654,Branch_11246,3606,3609,383.1417624521073,1,False
9654,9655,Branch_11247,3607,3608,383.1417624521073,1,False
9655,9656,Branch_11248,4887,4905,2000.0,1,False
9656,9657,Branch_11249,5220,5221,5.558643690939411,1,False
9657,9658,Branch_11250,8889,9102,81.23476848090984,1,False
9658,9659,Branch_11251,8719,9102,3.772873042822109,1,False
9659,9660,Branch_11252,5203,5198,46.44681839294008,1,False
9660,9661,Branch_11253,5199,5198,21.312872975277067,1,False
9661,9662,Branch_11254,5200,5198,87.33624454148472,1,False
9662,9663,Branch_11255,5202,5206,46.59832246039143,1,False
9663,9664,Branch_11256,5199,5206,-476.1904761904762,1,False
9664,9665,Branch_11257,5205,5206,8.975854950184004,1,False
9665,9666,Branch_11258,8171,8215,228.31050228310505,1,False
9666,9667,Branch_11259,8215,8213,8.599191675982457,1,False
9667,9668,Branch_11260,8215,8214,9.120758847136084,1,False
9668,9669,Branch_11261,9411,9413,8.336112037345782,1,False
9669,9670,Branch_11262,9411,9412,14.084507042253522,1,False
9670,9671,Branch_11263,9296,9411,2000.0,1,False
9671,9672,Branch_11266,3370,3368,4.968944099378882,1,False
9672,9673,Branch_11269,3354,4800,127.8772378516624,1,False
9673,9674,Branch_11271,5736,5737,11.266336187471834,1,False
9674,9675,Branch_11272,632,1555,4.374453193350831,1,False
9675,9676,Branch_11273,3899,4242,19.249278152069294,1,False
9676,9677,Branch_11274,3173,3899,87.7963125548727,1,False
9677,9678,Branch_11275,9119,9143,62.30529595015577,1,False
9678,9679,Branch_11276,9119,9145,62.5,1,True
9679,9680,Branch_11277,9122,9123,2.375014843842774,1,False
9680,9681,Branch_11278,9121,9123,-826.4462809917355,1,False
9681,9682,Branch_11279,9119,9123,22.246941045606228,1,False
9682,9683,Branch_11280,9119,9204,132.0132588366103,1,False
9683,9684,Branch_11281,9119,9204,132.0132588366103,1,False
9684,9685,Branch_11286,6556,7295,2000.0,1,False
9685,9686,Branch_11288,8868,9173,78.18608287724786,1,False
9686,9687,Branch_11289,5025,5026,17.857142857142858,1,True
9687,9688,Branch_11290,2813,5025,2000.0,1,False
9688,9689,Branch_11291,7811,8402,12.823800974608874,1,False
9689,9690,Branch_11292,7811,8615,5.437146585471944,1,False
9690,9691,Branch_11293,1373,1374,103.84215991692628,1,False
9691,9692,Branch_11294,40,1354,52.79831045406547,1,False
9692,9693,Branch_11295,6157,6158,56.49717514124294,1,False
9693,9694,Branch_11296,6160,6158,-609.7560975609756,1,False
9694,9695,Branch_11297,6159,6158,6.6970265202250205,1,False
9695,9696,Branch_11298,6157,6161,56.59309564233163,1,False
9696,9697,Branch_11299,6160,6161,-598.8023952095808,1,False
9697,9698,Branch_11300,6162,6161,6.68493883280968,1,False
9698,9699,Branch_11304,166,1002,18.832391713747647,1,False
9699,9700,Branch_11305,166,1169,106.38297872340424,1,False
9700,9701,Branch_11306,1238,1239,17.167381974248926,1,False
9701,9702,Branch_11307,941,943,16.307893020221787,1,False
9702,9703,Branch_11308,941,945,16.307893020221787,1,False
9703,9704,Branch_11309,941,944,16.307893020221787,1,False
9704,9705,Branch_11310,941,942,18.11922449719152,1,False
9705,9706,Branch_11311,819,941,4000.0,1,False
9706,9707,Branch_11312,8946,9001,90.41591320072332,1,False
9707,9708,Branch_11313,5267,5270,45.578851412944395,1,False
9708,9709,Branch_11314,5268,5270,-400.0,1,False
9709,9710,Branch_11315,5271,5270,8.92379082634303,1,False
9710,9711,Branch_11316,9251,9250,8.810572687224669,1,False
9711,9712,Branch_11317,9239,9251,45.22840343735866,1,False
9712,9713,Branch_11318,5232,5231,12.007684918347742,1,False
9713,9714,Branch_11323,1767,1882,170.94017094017093,1,False
9714,9715,Branch_11324,2062,2539,259.7402597402597,1,False
9715,9716,Branch_11325,2062,2371,65.01950585175553,1,False
9716,9717,Branch_11327,1959,2367,30.61849357011635,1,False
9717,9718,Branch_11329,2407,2473,229.88505747126436,1,False
9718,9719,Branch_11330,1382,1383,4.60426354804549,1,False
9719,9720,Branch_11331,833,835,216.4502164502165,1,False
9720,9721,Branch_11332,1021,1022,2000.0,1,False
9721,9722,Branch_11333,1023,1024,2000.0,1,False
9722,9723,Branch_11334,1020,1022,2000.0,1,False
9723,9724,Branch_11335,1020,1023,2000.0,1,False
9724,9725,Branch_11336,2776,2777,29.061319383900027,1,False
9725,9726,Branch_11337,5700,5699,9.480470231323473,1,False
9726,9727,Branch_11338,5699,7757,11.52073732718894,1,False
9727,9728,Branch_11339,5795,5948,7.002801120448179,1,False
9728,9729,Branch_11340,5849,5879,24.05002405002405,1,False
9729,9730,Branch_11341,5849,5948,9.416195856873824,1,False
9730,9731,Branch_11342,1280,1281,2000.0,1,False
9731,9732,Branch_11343,1279,1282,2000.0,1,False
9732,9733,Branch_11344,1047,1049,2000.0,1,False
9733,9734,Branch_11345,1048,1050,2000.0,1,False
9734,9735,Branch_11346,1890,2370,68.02721088435374,1,False
9735,9736,Branch_11347,2109,2422,99.601593625498,1,False
9736,9737,Branch_11348,2233,2341,30.959752321981423,1,False
9737,9738,Branch_11349,2233,2406,204.08163265306123,1,False
9738,9739,Branch_11351,8137,8493,158.9825119236884,1,False
9739,9740,Branch_11352,8410,8408,5.356186395286556,1,False
9740,9741,Branch_11353,8409,8408,5.356186395286556,1,False
9741,9742,Branch_11354,7734,7733,3.3478406427854033,1,False
9742,9743,Branch_11355,7732,7733,20.798668885191347,1,False
9743,9744,Branch_11356,7731,7733,-154.5595054095827,1,False
9744,9745,Branch_11357,7731,8408,469.4835680751174,1,False
9745,9746,Branch_11358,7861,8636,56.2429696287964,1,False
9746,9747,Branch_11360,349,1513,26.695141484249863,1,False
9747,9748,Branch_11361,8267,8266,3.34817691766833,1,False
9748,9749,Branch_11362,8205,8267,1408.4507042253522,1,False
9749,9750,Branch_11363,314,1525,8.629616845012082,1,True
9750,9751,Branch_11364,349,1525,2000.0,1,True
9751,9752,Branch_11365,62,343,746.2686567164179,1,False
9752,9753,Branch_11366,1338,1524,1428.571428571429,1,False
9753,9754,Branch_11367,262,394,101.9367991845056,1,False
9754,9755,Branch_11368,262,395,100.30090270812435,1,False
9755,9756,Branch_11369,6536,6537,74.3807630563876,1,False
9756,9757,Branch_11370,6536,6537,74.3807630563876,1,False
9757,9758,Branch_11371,6537,7177,172.1170395869191,1,False
9758,9759,Branch_11372,8225,8223,7.422802850356295,1,False
9759,9760,Branch_11373,8225,8224,7.422802850356295,1,False
9760,9761,Branch_11374,8226,8225,33.333333333333336,1,False
9761,9762,Branch_11375,8221,8226,57.17552887364208,1,False
9762,9763,Branch_11376,4181,4188,11.827321111768184,1,False
9763,9764,Branch_11377,4185,4188,-113.76564277588167,1,False
9764,9765,Branch_11378,4189,4188,5.889628364450203,1,False
9765,9766,Branch_11379,4180,4191,10.703200256876809,1,False
9766,9767,Branch_11380,4184,4191,-75.58578987150416,1,False
9767,9768,Branch_11381,4190,4191,8.31739166597355,1,False
9768,9769,Branch_11382,4181,4182,46.51162790697674,1,False
9769,9770,Branch_11383,4187,4182,-485.4368932038834,1,False
9770,9771,Branch_11384,4183,4182,8.959770629871874,1,False
9771,9772,Branch_11385,9303,9301,9.668374746205163,1,False
9772,9773,Branch_11386,9303,9302,9.668374746205163,1,False
9773,9774,Branch_11388,8733,8734,8.160600620205647,1,True
9774,9775,Branch_11389,8736,8737,13.468013468013469,1,False
9775,9776,Branch_11390,9230,9232,2000.0,1,False
9776,9777,Branch_11391,9232,9233,11.363636363636363,1,False
9777,9778,Branch_11392,8249,8441,40.79967360261118,1,False
9778,9779,Branch_11393,7985,8384,662.2516556291391,1,False
9779,9780,Branch_11394,7986,8384,645.1612903225806,1,False
9780,9781,Branch_11395,801,804,27.263839394876555,1,False
9781,9782,Branch_11396,801,804,27.263839394876555,1,False
9782,9783,Branch_11397,806,803,18.914318138831096,1,False
9783,9784,Branch_11398,807,802,16.998130205677377,1,False
9784,9785,Branch_11399,801,1063,68.4345774805866,1,False
9785,9786,Branch_11400,801,1063,68.4345774805866,1,False
9786,9787,Branch_11401,804,857,8.900756564307967,1,False
9787,9788,Branch_11402,30,801,16.215339711366955,1,False
9788,9789,Branch_11403,407,408,4.784688995215311,1,False
9789,9790,Branch_11404,407,409,4.784688995215311,1,False
9790,9791,Branch_11405,406,407,2000.0,1,False
9791,9792,Branch_11406,484,485,4.740235115661736,1,False
9792,9793,Branch_11407,484,486,4.740235115661736,1,False
9793,9794,Branch_11408,407,484,2000.0,1,False
9794,9795,Branch_11409,6293,6297,47.80114722753346,1,False
9795,9796,Branch_11410,2814,4405,60.20469596628537,1,False
9796,9797,Branch_11411,4996,4997,10.025062656641603,1,False
9797,9798,Branch_11412,651,652,2.886752691896885,1,False
9798,9799,Branch_11413,650,652,2.880101379568561,1,False
9799,9800,Branch_11414,650,651,2000.0,1,False
9800,9801,Branch_11415,8806,8808,46.27487274409995,1,False
9801,9802,Branch_11416,8807,8808,-460.8294930875576,1,False
9802,9803,Branch_11417,8809,8808,8.932559178204556,1,False
9803,9804,Branch_11418,817,1338,4.5024763619991,1,False
9804,9805,Branch_11419,62,1527,67.02412868632707,1,False
9805,9806,Branch_11420,1331,1576,32.010243277848915,1,False
9806,9807,Branch_11421,1331,1634,33.333333333333336,1,False
9807,9808,Branch_11422,5774,6108,34.04834865509023,1,False
9808,9809,Branch_11423,5782,6108,35.12469265893923,1,False
9809,9810,Branch_11424,2848,2845,12.2040517451794,1,False
9810,9811,Branch_11425,2848,2847,11.20322652924042,1,False
9811,9812,Branch_11426,2848,2846,12.2040517451794,1,False
9812,9813,Branch_11427,2848,5004,438.5964912280702,1,False
9813,9814,Branch_11428,2782,4600,25.4323499491353,1,False
9814,9815,Branch_11429,1873,2205,102.6694045174538,1,False
9815,9816,Branch_11430,9125,9236,151.5151515151515,1,False
9816,9817,Branch_11431,9236,9237,10.26167265264238,1,False
9817,9818,Branch_11432,9236,9238,10.24485196188915,1,False
9818,9819,Branch_11433,2813,3672,561.7977528089888,1,False
9819,9820,Branch_11434,2780,2813,1298.7012987012988,1,False
9820,9821,Branch_11435,3129,3480,152.67175572519085,1,False
9821,9822,Branch_11437,187,189,76.19047619047619,1,False
9822,9823,Branch_11438,187,189,76.19047619047619,1,False
9823,9824,Branch_11439,187,191,2000.0,1,False
9824,9825,Branch_11440,187,192,2000.0,1,False
9825,9826,Branch_11441,189,193,2000.0,1,False
9826,9827,Branch_11442,188,189,2000.0,1,False
9827,9828,Branch_11443,187,194,2000.0,1,False
9828,9829,Branch_11444,179,195,2000.0,1,False
9829,9830,Branch_11445,179,185,2000.0,1,False
9830,9831,Branch_11446,181,184,2000.0,1,False
9831,9832,Branch_11447,187,190,2000.0,1,False
9832,9833,Branch_11448,179,512,161.55088852988692,1,False
9833,9834,Branch_11449,181,528,225.2252252252252,1,False
9834,9835,Branch_11450,191,173,23.391812865497077,1,False
9835,9836,Branch_11451,192,176,23.386342376052387,1,False
9836,9837,Branch_11452,193,183,39.65107057890563,1,False
9837,9838,Branch_11453,188,180,60.56935190793458,1,False
9838,9839,Branch_11454,194,175,85.1063829787234,1,False
9839,9840,Branch_11456,185,177,44.923629829290206,1,True
9840,9841,Branch_11457,184,174,45.49590536851683,1,False
9841,9842,Branch_11458,190,186,2.450980392156863,1,False
9842,9843,Branch_11460,5410,5594,15.283509093687911,1,False
9843,9844,Branch_11462,5410,5461,54.14185165132648,1,False
9844,9845,Branch_11463,7403,7404,11.827321111768184,1,False
9845,9846,Branch_11464,7878,8524,45.31037607612143,1,False
9846,9847,Branch_11465,3438,3443,24.993751562109473,1,False
9847,9848,Branch_11466,3441,3439,24.993751562109473,1,False
9848,9849,Branch_11467,3442,3440,19.996000799840033,1,False
9849,9850,Branch_11468,3438,3743,2000.0,1,False
9850,9851,Branch_11469,3441,3743,2000.0,1,False
9851,9852,Branch_11470,3442,3743,2000.0,1,False
9852,9853,Branch_11479,7775,8615,4.127115146512588,1,False
9853,9854,Branch_11480,3743,4085,4000.0,1,False
9854,9855,Branch_11481,3743,4085,4000.0,1,False
9855,9856,Branch_11483,4450,4714,57.70340450086555,1,False
9856,9857,Branch_11484,663,664,1086.9565217391305,1,False
9857,9858,Branch_11485,665,666,1041.6666666666667,1,False
9858,9859,Branch_11486,4399,4400,10.114291493880854,1,False
9859,9860,Branch_11487,4398,4400,98.03921568627452,1,False
9860,9861,Branch_11488,4401,4400,91.49130832570906,1,False
9861,9862,Branch_11489,2347,2348,2.632271650434325,1,False
9862,9863,Branch_11490,1011,1012,2000.0,1,False
9863,9864,Branch_11491,1013,1016,2000.0,1,False
9864,9865,Branch_11492,1014,1015,2000.0,1,False
9865,9866,Branch_11493,1010,1015,353.35689045936397,1,False
9866,9867,Branch_11494,8817,8816,5.590027391134217,1,False
9867,9868,Branch_11495,7788,8381,78.92659826361484,1,False
9868,9869,Branch_11496,1752,2558,48.426150121065376,1,False
9869,9870,Branch_11497,2379,2558,341.29692832764505,1,False
9870,9871,Branch_11498,8378,8428,53.41880341880342,1,False
9871,9872,Branch_11499,7846,7925,42.73504273504273,1,False
9872,9873,Branch_11500,8378,8526,112.4859392575928,1,False
9873,9874,Branch_11501,6753,6754,6.25,1,False
9874,9875,Branch_11502,6035,6037,19.043991620643688,1,False
9875,9876,Branch_11503,1719,1720,9.67305088024763,1,False
9876,9877,Branch_11504,1719,1721,9.673986649898422,1,False
9877,9878,Branch_11505,7758,8636,92.85051067780871,1,False
9878,9879,Branch_11506,7846,8636,98.81422924901186,1,False
9879,9880,Branch_11507,829,830,2000.0,1,False
9880,9881,Branch_11508,831,832,2000.0,1,False
9881,9882,Branch_11509,8845,8998,2000.0,1,False
9882,9883,Branch_11510,8845,8999,2000.0,1,False
9883,9884,Branch_11511,8998,8997,3.7815761609438816,1,False
9884,9885,Branch_11512,8999,9000,3.76889156898956,1,False
9885,9886,Branch_11513,8295,8296,10.66894270777766,1,False
9886,9887,Branch_11514,7830,8295,531.9148936170212,1,False
9887,9888,Branch_11515,4034,4247,42.46284501061571,1,False
9888,9889,Branch_11516,1718,1717,9.004141905276427,1,True
9889,9890,Branch_11517,7825,8018,7.311544929443591,1,False
9890,9891,Branch_11518,7771,7825,13.30671989354624,1,False
9891,9892,Branch_11519,4898,4894,27.277686852154936,1,False
9892,9893,Branch_11520,4897,4895,27.700831024930743,1,False
9893,9894,Branch_11521,4897,4896,39.635354736424894,1,False
9894,9895,Branch_11522,4137,4138,-80.51529790660226,1,False
9895,9896,Branch_11523,4136,4138,14.718869590815425,1,False
9896,9897,Branch_11524,4134,4138,19.043991620643688,1,False
9897,9898,Branch_11525,4133,4135,18.37897445322551,1,False
9898,9899,Branch_11526,4890,4897,2000.0,1,False
9899,9900,Branch_11527,4890,4898,2000.0,1,False
9900,9901,Branch_11528,4137,4614,2000.0,1,False
9901,9902,Branch_11529,4133,4614,2000.0,1,False
9902,9903,Branch_11530,8480,8481,7.966857871255577,1,False
9903,9904,Branch_11531,8482,8489,41.084634346754314,1,False
9904,9905,Branch_11532,8480,8489,-454.54545454545456,1,False
9905,9906,Branch_11533,8490,8489,6.72449734382355,1,False
9906,9907,Branch_11544,3245,3631,10.507512871703268,1,False
9907,9908,Branch_11545,9125,9204,125.00004882814406,1,False
9908,9909,Branch_11546,9125,9204,125.00004882814406,1,False
9909,9910,Branch_11547,6307,6315,2000.0,1,False
9910,9911,Branch_11548,8729,8849,10.0664384940608,1,False
9911,9912,Branch_11549,3157,3245,8.54627809588924,1,False
9912,9913,Branch_11550,8916,8986,125.31328320802004,1,False
9913,9914,Branch_11551,6560,7559,144.0922190201729,1,False
9914,9915,Branch_11552,7559,7560,8.699434536755112,1,False
9915,9916,Branch_11553,7559,7561,15.441630636195182,1,False
9916,9917,Branch_11554,7559,7562,12.118274357731458,1,False
9917,9918,Branch_11555,2979,8745,2000.0,1,False
9918,9919,Branch_11556,3563,3561,24.940765681506424,1,False
9919,9920,Branch_11557,3563,3561,24.940765681506424,1,False
9920,9921,Branch_11558,3562,3565,77.51937984496124,1,False
9921,9922,Branch_11559,3561,3565,65.359477124183,1,False
9922,9923,Branch_11560,3566,3565,5.13083632632119,1,False
9923,9924,Branch_11561,3562,3567,77.51937984496124,1,False
9924,9925,Branch_11562,3561,3567,65.359477124183,1,False
9925,9926,Branch_11563,3564,3567,5.13083632632119,1,False
9926,9927,Branch_11564,8996,9004,2000.0,1,False
9927,9928,Branch_11565,8812,8813,9.3905531035778,1,False
9928,9929,Branch_11566,3563,3667,5.877858108505261,1,False
9929,9930,Branch_11567,6401,6399,17.898693395382136,1,False
9930,9931,Branch_11568,6401,6400,17.898693395382136,1,False
9931,9932,Branch_11569,6327,6401,847.457627118644,1,False
9932,9933,Branch_11570,7095,7096,14.413375612568464,1,False
9933,9934,Branch_11571,6768,6767,7.012622720897616,1,False
9934,9935,Branch_11573,4969,4970,24.224806201550383,1,False
9935,9936,Branch_11574,2821,4969,234.192037470726,1,False
9936,9937,Branch_11575,3132,3133,5.241090146750524,1,False
9937,9938,Branch_11576,3451,4980,34.65003465003465,1,False
9938,9939,Branch_11577,2423,2425,50.505050505050505,1,False
9939,9940,Branch_11578,2424,2425,-326.797385620915,1,False
9940,9941,Branch_11579,2426,2425,6.66000666000666,1,False
9941,9942,Branch_11580,2423,2427,51.49330587023687,1,False
9942,9943,Branch_11581,2424,2427,-344.82758620689657,1,False
9943,9944,Branch_11582,2428,2427,6.607638430025109,1,False
9944,9945,Branch_11583,8776,8933,2000.0,1,False
9945,9946,Branch_11584,8136,8146,2000.0,1,False
9946,9947,Branch_11585,7076,7077,5.767012687427912,1,False
9947,9948,Branch_11586,7020,7019,22.742122625467267,1,False
9948,9949,Branch_11587,7020,7019,22.742122625467267,1,False
9949,9950,Branch_11588,3156,4767,90.17132551848512,1,False
9950,9951,Branch_11589,4489,4767,33.9328130302002,1,False
9951,9952,Branch_11590,2534,2536,6.802258349772124,1,False
9952,9953,Branch_11591,2535,2533,6.802258349772124,1,False
9953,9954,Branch_11592,2031,2033,4.597701149425287,1,False
9954,9955,Branch_11593,2031,2032,2.050440844781628,1,False
9955,9956,Branch_11595,2976,4104,2000.0,1,False
9956,9957,Branch_11596,4698,5104,78.67820613690007,1,False
9957,9958,Branch_11597,8707,8812,59.701492537313435,1,False
9958,9959,Branch_11598,6564,6565,46.08294930875576,1,False
9959,9960,Branch_11599,6562,6565,-460.8294930875576,1,False
9960,9961,Branch_11600,6567,6565,8.94854586129754,1,False
9961,9962,Branch_11601,6564,6566,46.06172270842929,1,False
9962,9963,Branch_11602,6562,6566,-462.962962962963,1,False
9963,9964,Branch_11603,6568,6566,8.992805755395684,1,False
9964,9965,Branch_11604,6562,6563,12.696800406297614,1,False
9965,9966,Branch_11605,3099,4687,2000.0,1,False
9966,9967,Branch_11606,2780,2778,36.062026685899745,1,False
9967,9968,Branch_11607,2780,2779,36.062026685899745,1,False
9968,9969,Branch_11608,5582,5629,2000.0,1,False
9969,9970,Branch_11609,4574,4579,93.10986964618247,1,False
9970,9971,Branch_11610,4575,4579,211.4164904862579,1,False
9971,9972,Branch_11611,4580,4579,12.514078338130396,1,False
9972,9973,Branch_11612,4574,4577,90.09009009009009,1,False
9973,9974,Branch_11613,4573,4577,265.9574468085106,1,False
9974,9975,Branch_11614,4578,4577,13.238019592268996,1,False
9975,9976,Branch_11615,6821,6822,46.33920296570899,1,False
9976,9977,Branch_11616,6820,6822,-454.54545454545456,1,False
9977,9978,Branch_11617,6823,6822,8.94854586129754,1,False
9978,9979,Branch_11618,6372,6373,12.035142616440003,1,False
9979,9980,Branch_11619,1241,1242,109.64912280701756,1,False
9980,9981,Branch_11620,2758,2781,2000.0,1,False
9981,9982,Branch_11621,2758,4945,59.06674542232723,1,False
9982,9983,Branch_11622,9167,9171,1190.4761904761904,1,False
9983,9984,Branch_11623,9171,9172,5.29436679373147,1,False
9984,9985,Branch_11624,3027,3028,5.555246930726071,1,False
9985,9986,Branch_11625,3027,3488,5.974072525240456,1,False
9986,9987,Branch_11626,3561,4469,28.49002849002849,1,False
9987,9988,Branch_11627,4568,4567,6.230529595015576,1,False
9988,9989,Branch_11628,3149,4568,2000.0,1,False
9989,9990,Branch_11629,7557,7558,2000.0,1,False
9990,9991,Branch_11630,2823,3862,714.2857142857143,1,False
9991,9992,Branch_11631,3862,4928,2000.0,1,False
9992,9993,Branch_11632,6966,6965,7.089181908407769,1,False
9993,9994,Branch_11633,6976,6977,5.668934240362812,1,False
9994,9995,Branch_11634,8714,8784,8.869179600886918,1,False
9995,9996,Branch_11635,475,476,2000.0,1,False
9996,9997,Branch_11636,477,478,2000.0,1,False
9997,9998,Branch_11637,7064,7065,2.152389151958674,1,False
9998,9999,Branch_11638,6677,7065,161.29032258064515,1,False
9999,10000,Branch_11639,1130,1138,-529.1005291005291,1,False
10000,10001,Branch_11640,1129,1138,51.44032921810699,1,False
10001,10002,Branch_11641,1140,1138,10.165700925078784,1,False
10002,10003,Branch_11642,1134,1131,-104.60251046025104,1,False
10003,10004,Branch_11643,1128,1131,11.75226231049477,1,False
10004,10005,Branch_11644,1136,1131,3.077870113881194,1,False
10005,10006,Branch_11645,1128,1141,133.33333333333334,1,False
10006,10007,Branch_11646,1129,1141,88.261253309797,1,False
10007,10008,Branch_11647,1139,1141,9.88533017002768,1,False
10008,10009,Branch_11648,1134,1142,-174.52006980802793,1,False
10009,10010,Branch_11649,1128,1142,23.452157598499063,1,False
10010,10011,Branch_11650,1143,1142,5.977286312014345,1,False
10011,10012,Branch_11652,1128,1312,56.98005698005698,1,False
10012,10013,Branch_11653,3828,4425,45.662100456621005,1,False
10013,10014,Branch_11654,4375,4425,155.52099533437013,1,False
10014,10015,Branch_11655,1244,1256,4000.0,1,False
10015,10016,Branch_11656,1244,1256,4000.0,1,False
10016,10017,Branch_11657,7900,8557,60.09615384615385,1,False
10017,10018,Branch_11658,7782,8557,41.98152812762385,1,False
10018,10019,Branch_11659,6237,6372,408.16326530612247,1,False
10019,10020,Branch_11660,946,947,5.430355688297584,1,True
10020,10021,Branch_11661,88,800,2000.0,1,False
10021,10022,Branch_11662,8367,8422,5.561735261401557,1,False
10022,10023,Branch_11663,8422,8692,30.211480362537763,1,False
10023,10024,Branch_11664,4394,4393,10.554089709762533,1,False
10024,10025,Branch_11665,4392,4393,-165.28925619834712,1,False
10025,10026,Branch_11666,4395,4393,2.401998462720984,1,False
10026,10027,Branch_11667,2805,4959,2000.0,1,False
10027,10028,Branch_11668,3323,4847,34.27004797806717,1,False
10028,10029,Branch_11669,3451,4847,261.78010471204186,1,False
10029,10030,Branch_11670,4315,4904,114.94252873563218,1,False
10030,10031,Branch_11671,3413,4904,111.98208286674132,1,False
10031,10032,Branch_11672,3403,4429,94.9667616334283,1,False
10032,10033,Branch_11673,3236,3235,6.231306081754735,1,False
10033,10034,Branch_11674,3236,3290,27.3224043715847,1,False
10034,10035,Branch_11675,4156,4154,45.97701149425287,1,False
10035,10036,Branch_11676,4153,4154,-444.44444444444446,1,False
10036,10037,Branch_11677,4155,4154,8.979885057471265,1,False
10037,10038,Branch_11681,1261,1329,2000.0,1,False
10038,10039,Branch_11682,1260,1262,2000.0,1,False
10039,10040,Branch_11683,1699,1700,2000.0,1,False
10040,10041,Branch_11684,1698,1701,2000.0,1,False
10041,10042,Branch_11685,4619,4618,7.610350076103501,1,False
10042,10043,Branch_11686,4616,4618,100.0,1,False
10043,10044,Branch_11687,4622,4618,3.0712530712530715,1,False
10044,10045,Branch_11688,6966,7412,37.105751391465674,1,False
10045,10046,Branch_11689,6976,7412,23.26663564448581,1,False
10046,10047,Branch_11690,1545,1701,166.9449081803005,1,False
10047,10048,Branch_11691,4037,4396,2000.0,1,False
10048,10049,Branch_11692,3668,4886,16.466326362588507,1,False
10049,10050,Branch_11693,4850,4886,68.3526999316473,1,False
10050,10051,Branch_11694,3076,4886,152.44853131890258,1,False
10051,10052,Branch_11695,3076,4886,152.44853131890258,1,False
10052,10053,Branch_11696,3076,4886,152.44853131890258,1,False
10053,10054,Branch_11697,4248,4876,35.29827038475115,1,False
10054,10055,Branch_11698,2683,4876,97.0873786407767,1,False
10055,10056,Branch_11699,3832,4876,201.6129032258065,1,False
10056,10057,Branch_11701,891,892,2000.0,1,False
10057,10058,Branch_11702,4453,4449,30.959752321981423,1,False
10058,10059,Branch_11703,4450,4449,-384.61538461538464,1,False
10059,10060,Branch_11704,4452,4449,8.176614881439084,1,False
10060,10061,Branch_11705,4453,4448,30.959752321981423,1,False
10061,10062,Branch_11706,4450,4448,-384.61538461538464,1,False
10062,10063,Branch_11707,4451,4448,10.81081081081081,1,False
10063,10064,Branch_11708,7542,7541,56.21135469364812,1,False
10064,10065,Branch_11709,7177,7240,193.05019305019303,1,False
10065,10066,Branch_11710,7477,7476,10.498687664041997,1,False
10066,10067,Branch_11711,1825,1985,53.05039787798408,1,False
10067,10068,Branch_11712,1881,2257,51.3347022587269,1,False
10068,10069,Branch_11713,2371,2373,2000.0,1,False
10069,10070,Branch_11715,1898,2473,1666.6666666666667,1,False
10070,10071,Branch_11716,259,5245,79.30215362575453,1,False
10071,10072,Branch_11717,259,5245,79.30215362575453,1,False
10072,10073,Branch_11719,2085,2386,147.92899408284023,1,False
10073,10074,Branch_11720,3152,4849,15.126304643775526,1,False
10074,10075,Branch_11721,4469,4849,120.91898428053204,1,False
10075,10076,Branch_11722,5734,5733,21.18650938690854,1,False
10076,10077,Branch_11723,5734,5733,21.18650938690854,1,False
10077,10078,Branch_11724,5733,5735,2000.0,1,False
10078,10079,Branch_11725,5049,5050,14.677821811243213,1,False
10079,10080,Branch_11726,5049,5051,10.529640939243972,1,False
10080,10081,Branch_11727,5049,5052,15.812776723592664,1,False
10081,10082,Branch_11728,5037,5049,1960.7843137254904,1,False
10082,10083,Branch_11730,7326,7328,10.702054794520548,1,False
10083,10084,Branch_11731,7327,7328,-71.83908045977012,1,False
10084,10085,Branch_11732,7329,7328,2.601050824533111,1,False
10085,10086,Branch_11733,7326,7330,10.40582726326743,1,False
10086,10087,Branch_11734,7327,7330,-63.775510204081634,1,False
10087,10088,Branch_11735,7331,7330,2.467003823855927,1,False
10088,10089,Branch_11736,7326,7332,19.043991620643688,1,False
10089,10090,Branch_11737,8446,8447,1.63371998039536,1,False
10090,10091,Branch_11738,8446,8448,1.7723268879712173,1,False
10091,10092,Branch_11739,1000,1443,68.02721088435374,1,False
10092,10093,Branch_11740,262,264,-248.75621890547265,1,False
10093,10094,Branch_11741,259,264,54.614964500273075,1,False
10094,10095,Branch_11742,265,264,10.619093129446744,1,False
10095,10096,Branch_11743,262,267,-248.75621890547265,1,False
10096,10097,Branch_11744,259,267,55.09641873278237,1,False
10097,10098,Branch_11745,268,267,10.771219302024988,1,False
10098,10099,Branch_11746,262,269,-243.90243902439025,1,False
10099,10100,Branch_11747,259,269,54.31830526887561,1,False
10100,10101,Branch_11748,270,269,10.573059843518717,1,False
10101,10102,Branch_11749,6498,6497,15.28117359413203,1,False
10102,10103,Branch_11750,6370,6498,2000.0,1,False
10103,10104,Branch_11751,1850,1853,27.100271002710027,1,False
10104,10105,Branch_11752,1849,1853,-476.1904761904762,1,False
10105,10106,Branch_11753,1855,1853,19.29384526336099,1,False
10106,10107,Branch_11754,1850,1854,27.233115468409583,1,False
10107,10108,Branch_11755,1849,1854,-375.9398496240602,1,False
10108,10109,Branch_11756,1856,1854,6.572461386789352,1,False
10109,10110,Branch_11757,1850,1851,26.595744680851062,1,False
10110,10111,Branch_11758,1849,1851,-270.27027027027026,1,False
10111,10112,Branch_11759,1852,1851,6.574621959237344,1,False
10112,10113,Branch_11760,1034,1330,4000.0,1,False
10113,10114,Branch_11761,1034,1330,4000.0,1,False
