l,branch_name,from_bus,to_bus,suscept,available
1,Branch_1,4107,4202,143.67816091954023,1
2,Branch_2,3058,4023,2000.0,1
3,Branch_3,5283,5298,2000.0,1
4,Branch_4,3446,3716,51.4668039114771,1
5,Branch_5,3203,5170,127.2264631043257,1
6,Branch_6,2894,3094,89.28571428571429,1
7,Branch_7,9313,9487,2000.0,1
8,Branch_8,5623,5710,67.24949562878278,1
9,Branch_9,5623,5802,72.67441860465117,1
10,Branch_10,5623,5652,129.5336787564767,1
11,Branch_11,3459,4437,2000.0,1
12,Branch_12,1892,1915,28.153153153153152,1
13,Branch_13,3507,4415,1123.5955056179776,1
14,Branch_14,3507,3690,182.4817518248175,1
15,Branch_15,3641,4909,159.4896331738437,1
16,Branch_17,3288,4049,96.43201542912247,1
17,Branch_18,3288,5249,138.69625520110958,1
18,Branch_19,3102,5249,87.71929824561404,1
19,Branch_20,3102,3641,107.29613733905579,1
20,Branch_21,3362,5014,107.75862068965517,1
21,Branch_22,3288,5014,375.9398496240602,1
22,Branch_23,3292,4322,57.93742757821553,1
23,Branch_24,3292,3362,74.96251874062969,1
24,Branch_25,2436,2665,11.723329425556859,1
25,Branch_26,4129,4415,289.8550724637681,1
26,Branch_27,4322,4647,36.205648081100655,1
27,Branch_28,2852,3579,112.73957158962796,1
28,Branch_29,3424,3579,75.24454477050413,1
29,Branch_30,2852,2970,58.75440658049354,1
30,Branch_31,3579,4647,50.53057099545225,1
31,Branch_32,4322,4976,28.951939779965258,1
32,Branch_34,3487,4322,46.403712296983755,1
33,Branch_35,3487,3994,18.96453631708705,1
34,Branch_37,1962,2286,342.4657534246575,1
35,Branch_38,3091,3773,160.0,1
36,Branch_39,4255,4380,256.4102564102564,1
37,Branch_40,3161,3773,649.3506493506494,1
38,Branch_41,3161,3403,1639.344262295082,1
39,Branch_42,3403,4380,156.49452269170578,1
40,Branch_46,2073,2441,117.78563015312132,1
41,Branch_48,3402,4257,97.18172983479106,1
42,Branch_49,3402,3753,826.4462809917355,1
43,Branch_50,3753,3774,793.6507936507936,1
44,Branch_51,3091,5079,150.37593984962405,1
45,Branch_52,3774,5079,1075.268817204301,1
46,Branch_55,5011,5056,157.48031496062993,1
47,Branch_56,3280,5056,1282.051282051282,1
48,Branch_57,3364,5056,268.81720430107526,1
49,Branch_58,3055,3729,78.98894154818325,1
50,Branch_59,3055,3478,115.2073732718894,1
51,Branch_60,3106,3478,346.02076124567475,1
52,Branch_61,3106,5310,134.2281879194631,1
53,Branch_62,3687,4185,166.9449081803005,1
54,Branch_63,3687,3729,200.40080160320642,1
55,Branch_64,3075,3729,165.56291390728478,1
56,Branch_65,3106,4743,50.25125628140704,1
57,Branch_66,4185,5011,126.90355329949239,1
58,Branch_67,5011,5055,157.48031496062993,1
59,Branch_68,3279,5055,1562.5,1
60,Branch_69,1809,2536,76.21951219512195,1
61,Branch_70,3946,4129,283.28611898017,1
62,Branch_71,3946,4202,118.48341232227489,1
63,Branch_72,3553,4345,980.3921568627451,1
64,Branch_76,3332,4345,222.22222222222223,1
65,Branch_77,3168,4345,166.11295681063123,1
66,Branch_78,3332,4726,2000.0,1
67,Branch_79,4619,4726,163.3986928104575,1
68,Branch_80,4200,4619,434.7826086956522,1
69,Branch_81,3168,5011,2000.0,1
70,Branch_82,3024,4742,59.73715651135006,1
71,Branch_83,4347,4742,55.40166204986149,1
72,Branch_84,4156,4200,98.91196834817013,1
73,Branch_85,3793,4156,59.171597633136095,1
74,Branch_86,3793,4085,58.445353594389246,1
75,Branch_87,3103,4347,163.3986928104575,1
76,Branch_88,4085,4742,37.764350453172206,1
77,Branch_89,4494,4501,276.24309392265195,1
78,Branch_90,4493,4501,276.24309392265195,1
79,Branch_91,1962,2139,147.27540500736376,1
80,Branch_92,2845,4568,362.3188405797101,1
81,Branch_95,2817,2845,2000.0,1
82,Branch_96,3091,3923,201.61290322580646,1
83,Branch_97,3054,3893,116.95906432748538,1
84,Branch_98,3105,3468,145.5604075691412,1
85,Branch_99,3054,3479,115.2073732718894,1
86,Branch_100,3105,3479,346.02076124567475,1
87,Branch_101,3893,3923,173.91304347826087,1
88,Branch_102,3468,4743,76.74597083653109,1
89,Branch_103,3105,5309,134.2281879194631,1
90,Branch_104,3923,5153,248.75621890547265,1
91,Branch_105,4200,4618,434.7826086956522,1
92,Branch_106,4346,4618,107.9913606911447,1
93,Branch_107,3552,4346,980.3921568627451,1
94,Branch_108,3169,4346,166.11295681063123,1
95,Branch_109,3169,5011,2000.0,1
96,Branch_114,2817,4568,350.87719298245617,1
97,Branch_116,5741,5815,26.845637583892618,1
98,Branch_117,3688,5011,70.77140835102618,1
99,Branch_118,3688,3730,200.40080160320642,1
100,Branch_119,3730,3895,80.84074373484236,1
101,Branch_120,3091,3925,201.61290322580646,1
102,Branch_122,3074,3730,165.56291390728478,1
103,Branch_123,3925,5154,248.75621890547265,1
104,Branch_124,2138,2693,90.66183136899366,1
105,Branch_125,2817,4202,621.1180124223603,1
106,Branch_126,3210,3293,188.32391713747646,1
107,Branch_127,3682,4014,68.87052341597796,1
108,Branch_128,3077,4014,51.84033177812338,1
109,Branch_129,3682,4655,65.7030223390276,1
110,Branch_130,3210,4655,134.40860215053763,1
111,Branch_131,1779,2505,75.52870090634441,1
112,Branch_132,2817,4202,564.9717514124294,1
113,Branch_133,1810,1931,73.31378299120234,1
114,Branch_134,4542,5466,68.1663258350375,1
115,Branch_135,3441,3756,137.5515818431912,1
116,Branch_136,3293,4450,52.43838489774515,1
117,Branch_137,3441,4527,85.98452278589853,1
118,Branch_138,4450,4527,138.50415512465375,1
119,Branch_139,5506,5760,29.585798816568047,1
120,Branch_140,3294,4003,139.08205841446454,1
121,Branch_141,3293,4059,66.09385327164574,1
122,Branch_142,4059,4460,202.83975659229208,1
123,Branch_143,4059,4450,253.80710659898477,1
124,Branch_144,4458,4602,2000.0,1
125,Branch_145,4460,4602,2000.0,1
126,Branch_146,6376,6454,212.7659574468085,1
127,Branch_147,2962,3059,209.20502092050208,1
128,Branch_148,2962,3293,58.37711617046118,1
129,Branch_149,2962,5320,571.4285714285714,1
130,Branch_150,2962,4112,71.02272727272727,1
131,Branch_151,6039,6415,24.81389578163772,1
132,Branch_152,9189,9437,63.45177664974619,1
133,Branch_153,9189,9272,63.73486297004462,1
134,Branch_154,9189,9345,21.734405564007826,1
135,Branch_155,9489,9523,258.3979328165375,1
136,Branch_156,9345,9427,123.60939431396787,1
137,Branch_157,9427,9489,2000.0,1
138,Branch_158,9523,9524,31.12356053532524,1
139,Branch_159,9371,9523,27.151778441487917,1
140,Branch_160,9178,9524,2000.0,1
141,Branch_161,9178,9706,61.61429451632779,1
142,Branch_162,2053,2553,81.03727714748784,1
143,Branch_163,4256,4727,104.9317943336831,1
144,Branch_167,4252,4416,245.09803921568627,1
145,Branch_170,2573,2693,21.408691928923144,1
146,Branch_172,2881,3993,117.9245283018868,1
147,Branch_173,2950,3300,147.05882352941177,1
148,Branch_174,2881,4259,119.47431302270012,1
149,Branch_175,2881,3230,621.1180124223603,1
150,Branch_177,3300,4111,95.23809523809524,1
151,Branch_179,2950,3230,1538.4615384615386,1
152,Branch_181,2010,5943,15.299877600979192,1
153,Branch_183,3506,4416,116.95906432748538,1
154,Branch_184,3506,3664,109.40919037199124,1
155,Branch_186,1850,2115,20.837674515524068,1
156,Branch_187,5539,5839,19.04036557501904,1
157,Branch_188,5418,5724,34.73428273706148,1
158,Branch_189,5418,5839,31.201248049921997,1
159,Branch_190,1850,2042,46.2962962962963,1
160,Branch_191,5422,5661,2000.0,1
161,Branch_193,5416,5468,97.46588693957115,1
162,Branch_195,5839,5879,39.666798889329634,1
163,Branch_196,5416,5879,70.52186177715092,1
164,Branch_197,5661,5879,2000.0,1
165,Branch_198,5401,5514,64.06149903907752,1
166,Branch_199,5401,5618,126.26262626262626,1
167,Branch_200,5401,5757,45.20795660036166,1
168,Branch_201,5419,5514,73.96449704142012,1
169,Branch_202,5413,5757,45.20795660036166,1
170,Branch_203,5419,5839,35.4735721887194,1
171,Branch_206,2209,2230,59.701492537313435,1
172,Branch_207,2249,6633,17.911517105498834,1
173,Branch_208,7382,7445,223.71364653243847,1
174,Branch_209,3201,3721,15.559358954411078,1
175,Branch_218,1819,1916,7.957981855801369,1
176,Branch_220,3531,4183,13.05653479566523,1
177,Branch_221,3531,4097,17.37921445950643,1
178,Branch_222,4183,4872,46.62004662004662,1
179,Branch_223,4872,4931,2000.0,1
180,Branch_224,3721,5181,35.98416696653472,1
181,Branch_225,4872,5181,19.952114924181963,1
182,Branch_226,5367,5491,165.8374792703151,1
183,Branch_227,5367,5708,72.04610951008645,1
184,Branch_228,5367,5654,333.3333333333333,1
185,Branch_229,5371,5491,763.3587786259542,1
186,Branch_230,5365,5708,47.57373929590866,1
187,Branch_231,4433,5365,29.394473838918284,1
188,Branch_232,2801,3236,23.507287259050305,1
189,Branch_233,3236,4433,16.863406408094434,1
190,Branch_234,2801,2970,32.733224222585925,1
191,Branch_235,2450,6234,20.755500207555002,1
192,Branch_236,5805,5881,10.050251256281406,1
193,Branch_237,5488,5804,85.5431993156544,1
194,Branch_238,5556,5654,34.18803418803419,1
195,Branch_239,5448,5556,34.18803418803419,1
196,Branch_240,5408,5488,28.240609997175937,1
197,Branch_241,5408,5632,28.87669650591972,1
198,Branch_242,5408,5448,15.688735487919674,1
199,Branch_243,5804,5805,43.440486533449175,1
200,Branch_246,5440,5632,65.57377049180327,1
201,Branch_247,5398,5632,2000.0,1
202,Branch_248,5748,5881,313.47962382445144,1
203,Branch_249,5468,5748,45.08566275924256,1
204,Branch_250,2186,2554,43.802014892685065,1
205,Branch_252,5552,5571,56.882821387940844,1
206,Branch_253,5504,5537,82.98755186721992,1
207,Branch_254,5552,5852,42.62574595055413,1
208,Branch_255,5571,5868,892.8571428571429,1
209,Branch_256,5426,5728,14.84560570071259,1
210,Branch_257,5728,5852,20.990764063811923,1
211,Branch_258,1916,2725,7.737542556484061,1
212,Branch_259,5486,5736,24.33682161109759,1
213,Branch_260,5497,5827,143.88489208633092,1
214,Branch_261,5397,5497,77.33952049497293,1
215,Branch_262,5654,5736,12.12856276531231,1
216,Branch_263,5581,5681,62.93266205160478,1
217,Branch_264,5397,5607,50.70993914807302,1
218,Branch_265,5495,5581,42.5531914893617,1
219,Branch_266,5497,5503,23.872045834328002,1
220,Branch_267,5581,5736,42.99226139294927,1
221,Branch_268,5495,5515,30.497102775236353,1
222,Branch_269,5607,5681,27.01242571582928,1
223,Branch_270,5524,5827,38.02281368821293,1
224,Branch_271,5503,5852,81.76614881439085,1
225,Branch_272,5465,5503,847.457627118644,1
226,Branch_273,5683,5725,16.331863465621428,1
227,Branch_274,5506,5650,273.972602739726,1
228,Branch_275,5515,5725,26.72367717797969,1
229,Branch_276,5650,5683,20.124773596297043,1
230,Branch_277,1855,1915,15.121729925903523,1
231,Branch_279,5850,5868,33.244680851063826,1
232,Branch_280,5504,5850,48.2392667631452,1
233,Branch_281,5504,5654,23.674242424242426,1
234,Branch_282,1784,5729,11.665888940737284,1
235,Branch_283,1784,2002,37.85011355034065,1
236,Branch_286,3057,4216,32.6797385620915,1
237,Branch_287,3405,4025,41.63197335553705,1
238,Branch_288,3057,4025,216.91973969631238,1
239,Branch_289,3062,3435,90.66183136899366,1
240,Branch_290,3144,3509,68.4931506849315,1
241,Branch_291,3509,4157,526.3157894736842,1
242,Branch_293,4157,5165,189.3939393939394,1
243,Branch_294,5165,5237,117.37089201877934,1
244,Branch_295,3666,4565,173.61111111111111,1
245,Branch_296,3145,4565,113.25028312570781,1
246,Branch_297,2812,5165,229.3577981651376,1
247,Branch_298,2812,3062,110.01100110011001,1
248,Branch_299,3079,3666,16.142050040355127,1
249,Branch_300,2970,4148,37.93626707132018,1
250,Branch_301,4049,4148,87.26003490401396,1
251,Branch_304,1854,2586,12.856775520699408,1
252,Branch_305,2970,3586,35.842293906810035,1
253,Branch_306,4233,4298,116.14401858304298,1
254,Branch_307,3117,3378,2000.0,1
255,Branch_308,3117,4233,105.3740779768177,1
256,Branch_309,3586,4298,98.13542688910697,1
257,Branch_310,4233,4736,222.71714922048997,1
258,Branch_311,4736,4909,869.5652173913044,1
259,Branch_312,2894,3825,62.18905472636816,1
260,Branch_313,1854,2439,6.699718611818303,1
261,Branch_314,6900,7485,134.04825737265415,1
262,Branch_315,3825,4886,14.940983116689079,1
263,Branch_317,8448,9079,81.9000819000819,1
264,Branch_318,8406,9114,28.506271379703534,1
265,Branch_321,2970,4886,27.616680475006905,1
266,Branch_322,2115,2211,93.10986964618249,1
267,Branch_323,3238,3268,343.64261168384877,1
268,Branch_324,3268,4257,140.0560224089636,1
269,Branch_325,3268,4406,217.3913043478261,1
270,Branch_326,3165,3668,43.936731107205624,1
271,Branch_327,3372,4406,108.57763300760044,1
272,Branch_328,3238,4395,174.21602787456445,1
273,Branch_329,3668,3726,227.79043280182233,1
274,Branch_330,3412,3668,160.25641025641025,1
275,Branch_331,3250,3412,103.41261633919338,1
276,Branch_332,3372,3726,282.4858757062147,1
277,Branch_333,1855,2316,19.440124416796266,1
278,Branch_334,3392,3658,68.68131868131869,1
279,Branch_335,3647,3658,226.75736961451247,1
280,Branch_336,3583,4528,129.5336787564767,1
281,Branch_337,2947,3558,92.08103130755065,1
282,Branch_338,3647,4408,60.09615384615385,1
283,Branch_339,3583,4255,103.95010395010395,1
284,Branch_340,2947,4091,129.87012987012986,1
285,Branch_341,3656,4408,153.60983102918587,1
286,Branch_342,2857,3647,787.4015748031496,1
287,Branch_343,3658,4528,103.30578512396694,1
288,Branch_344,2947,3656,2000.0,1
289,Branch_345,7973,8366,30.084235860409144,1
290,Branch_346,1914,2455,133.5113484646195,1
291,Branch_347,3772,3987,869.5652173913044,1
292,Branch_348,2986,3772,264.55026455026456,1
293,Branch_349,3307,3772,215.05376344086022,1
294,Branch_350,3582,4257,103.41261633919338,1
295,Branch_351,3307,3582,98.71668311944718,1
296,Branch_352,2986,3443,729.92700729927,1
297,Branch_353,3443,4638,534.75935828877,1
298,Branch_354,3931,4638,153.60983102918587,1
299,Branch_355,5927,6582,17.23543605653223,1
300,Branch_356,5494,5629,23.91772303276728,1
301,Branch_357,5494,5649,43.2338953739732,1
302,Branch_358,5506,5649,11.560693641618498,1
303,Branch_359,5468,5629,37.453183520599254,1
304,Branch_360,6082,6162,139.66480446927375,1
305,Branch_361,5539,5714,114.41647597254004,1
306,Branch_362,5572,5615,558.659217877095,1
307,Branch_363,5572,5714,114.41647597254004,1
308,Branch_364,5468,5615,16.046213093709884,1
309,Branch_365,2301,2439,15.733165512901195,1
310,Branch_366,1976,2112,12.196609342602756,1
311,Branch_367,5412,5727,578.0346820809249,1
312,Branch_368,5407,5727,32.1646831778707,1
313,Branch_369,5404,5407,80.64516129032258,1
314,Branch_370,5395,5407,151.9756838905775,1
315,Branch_371,5392,5404,134.9527665317139,1
316,Branch_372,5395,5399,95.51098376313276,1
317,Branch_373,5392,5468,353.35689045936397,1
318,Branch_374,5392,5764,144.50867052023122,1
319,Branch_375,5395,5618,183.8235294117647,1
320,Branch_376,5411,5412,2000.0,1
321,Branch_377,8936,9054,2000.0,1
322,Branch_378,4450,5190,102.56410256410257,1
323,Branch_379,2884,5190,186.9158878504673,1
324,Branch_380,2884,5324,215.9827213822894,1
325,Branch_381,2509,2529,34.36426116838488,1
326,Branch_382,990,1246,1515.1515151515152,1
327,Branch_383,990,1246,1515.1515151515152,1
328,Branch_384,160,990,178.57142857142858,1
329,Branch_385,160,990,178.57142857142858,1
330,Branch_386,160,170,1030.9278350515465,1
331,Branch_387,161,170,1030.9278350515465,1
332,Branch_388,170,1744,448.4304932735426,1
333,Branch_389,170,1744,448.4304932735426,1
334,Branch_390,8076,8631,1315.7894736842106,1
335,Branch_391,8076,8754,258.3979328165375,1
336,Branch_393,8275,8957,90.00900090009002,1
337,Branch_394,8275,8980,1190.4761904761904,1
338,Branch_395,8275,8936,100.50251256281408,1
339,Branch_397,8957,9104,149.92503748125938,1
340,Branch_399,230,949,19.036740909956215,1
341,Branch_400,91,949,132.4503311258278,1
342,Branch_401,8631,8632,390.625,1
343,Branch_402,1208,1695,485.43689320388347,1
344,Branch_403,255,1208,184.1620626151013,1
345,Branch_404,324,632,645.1612903225806,1
346,Branch_405,8577,8579,75.18796992481202,1
347,Branch_406,8577,8578,75.18796992481202,1
348,Branch_407,290,294,374.53183520599254,1
349,Branch_408,2827,5082,2000.0,1
350,Branch_409,9579,9580,2000.0,1
351,Branch_410,8700,8702,235.2941176470588,1
352,Branch_411,8700,8701,724.6376811594203,1
353,Branch_412,8318,8701,28.555111364934323,1
354,Branch_413,8370,8882,62.93266205160478,1
355,Branch_414,8509,8510,806.4516129032259,1
356,Branch_415,8508,8509,2000.0,1
357,Branch_416,1036,1072,45.433893684688776,1
358,Branch_417,8013,8381,50.403225806451616,1
359,Branch_418,8381,8753,2000.0,1
360,Branch_419,8381,8752,2000.0,1
361,Branch_420,8381,8708,42.99226139294927,1
362,Branch_421,8370,8371,2000.0,1
363,Branch_422,8371,8997,31.575623618566468,1
364,Branch_423,166,1616,116.95906432748538,1
365,Branch_424,8527,8529,75.18796992481202,1
366,Branch_425,8527,8528,75.18796992481202,1
367,Branch_426,8527,8834,71.78750897343862,1
368,Branch_427,8371,8886,71.32667617689016,1
369,Branch_428,8735,8886,253.16455696202533,1
370,Branch_429,8735,8886,263.85224274406335,1
371,Branch_430,8886,8954,2000.0,1
372,Branch_431,8876,8997,1818.1818181818182,1
373,Branch_432,8876,8997,1639.344262295082,1
374,Branch_433,1529,1695,526.3157894736842,1
375,Branch_434,397,1695,239.8081534772182,1
376,Branch_435,8235,8876,49.14004914004914,1
377,Branch_436,3796,4814,2000.0,1
378,Branch_437,8333,8748,2000.0,1
379,Branch_438,8333,8567,81.23476848090984,1
380,Branch_439,8334,8508,129.87012987012986,1
381,Branch_440,8334,8748,2000.0,1
382,Branch_443,8705,8961,183.8235294117647,1
383,Branch_447,8176,8886,33.467202141900934,1
384,Branch_448,8176,8886,36.48303538854433,1
385,Branch_450,8865,8969,292.39766081871346,1
386,Branch_453,8748,8749,2000.0,1
387,Branch_454,8496,8497,450.45045045045043,1
388,Branch_455,7927,8495,1111.111111111111,1
389,Branch_456,8495,8865,1315.7894736842106,1
390,Branch_457,8495,8496,2000.0,1
391,Branch_458,8569,8570,241.54589371980677,1
392,Branch_459,8568,8569,2000.0,1
393,Branch_460,8568,8701,65.1890482398957,1
394,Branch_462,8176,8788,2000.0,1
395,Branch_463,8013,8985,32.22687721559781,1
396,Branch_464,8013,8934,1851.851851851852,1
397,Branch_466,175,286,431.0344827586207,1
398,Branch_467,8997,9072,72.46376811594203,1
399,Branch_468,8178,8936,2000.0,1
400,Branch_469,2781,4607,2000.0,1
401,Branch_470,230,866,64.35006435006434,1
402,Branch_471,8985,8986,221.72949002217294,1
403,Branch_472,8571,8985,1470.5882352941176,1
404,Branch_473,8571,8985,1470.5882352941176,1
405,Branch_474,8692,8694,191.57088122605364,1
406,Branch_475,8692,8955,2000.0,1
407,Branch_476,8692,8693,191.57088122605364,1
408,Branch_477,8675,8692,2000.0,1
409,Branch_478,397,1393,161.81229773462783,1
410,Branch_479,8283,8932,2000.0,1
411,Branch_480,8519,8527,2000.0,1
412,Branch_481,8580,8582,2000.0,1
413,Branch_482,8604,8705,2000.0,1
414,Branch_483,8580,8604,2000.0,1
415,Branch_485,252,829,147.49262536873155,1
416,Branch_486,252,829,143.88489208633092,1
417,Branch_487,8322,8959,8.88651915044877,1
418,Branch_488,8959,9104,23.245002324500234,1
419,Branch_489,8508,8687,81.9000819000819,1
420,Branch_490,8686,8687,2000.0,1
421,Branch_491,8226,8334,99.10802775024777,1
422,Branch_492,8226,8787,1369.86301369863,1
423,Branch_493,8226,8788,140.0560224089636,1
424,Branch_494,8176,8226,120.33694344163658,1
425,Branch_495,8226,8596,66.66666666666667,1
426,Branch_497,7948,9012,341.29692832764505,1
427,Branch_498,7947,7948,27.586206896551722,1
428,Branch_500,4311,4814,62.38303181534623,1
429,Branch_501,286,287,2000.0,1
430,Branch_502,286,1246,286.5329512893983,1
431,Branch_504,8235,8956,1190.4761904761904,1
432,Branch_505,8543,8577,2000.0,1
433,Branch_506,7906,8543,1000.0,1
434,Branch_507,8754,8997,26.116479498563592,1
435,Branch_508,8754,8755,1449.2753623188405,1
436,Branch_509,8489,8886,1851.851851851852,1
437,Branch_510,8489,9072,27.53303964757709,1
438,Branch_511,8755,8756,2000.0,1
439,Branch_512,8342,8642,2000.0,1
440,Branch_513,91,99,2000.0,1
441,Branch_514,91,102,2000.0,1
442,Branch_515,91,1132,109.64912280701755,1
443,Branch_516,8176,9039,63.13131313131313,1
444,Branch_517,8138,8930,1369.86301369863,1
445,Branch_518,8138,8848,67.34006734006734,1
446,Branch_519,8138,8977,307.6923076923077,1
447,Branch_520,8699,8762,2000.0,1
448,Branch_521,8568,8699,110.86474501108647,1
449,Branch_522,8699,9039,50.8646998982706,1
450,Branch_523,8200,8979,334.44816053511704,1
451,Branch_524,8200,8979,316.45569620253167,1
452,Branch_525,632,778,37.174721189591075,1
453,Branch_526,8638,8639,2000.0,1
454,Branch_527,8635,8638,2000.0,1
455,Branch_528,8697,8698,61.576354679802954,1
456,Branch_529,8696,8697,2000.0,1
457,Branch_530,8696,8848,37.5234521575985,1
458,Branch_531,8688,8835,172.1170395869191,1
459,Branch_532,8688,8690,2000.0,1
460,Branch_533,8688,8689,172.41379310344828,1
461,Branch_534,175,1246,377.35849056603774,1
462,Branch_535,8674,8688,2000.0,1
463,Branch_536,8708,8836,1369.86301369863,1
464,Branch_537,8708,8709,2000.0,1
465,Branch_538,8597,8598,303.030303030303,1
466,Branch_539,8596,8708,584.7953216374269,1
467,Branch_540,8596,8598,1449.2753623188405,1
468,Branch_541,8655,8656,50.70993914807302,1
469,Branch_542,8655,8657,2000.0,1
470,Branch_543,8899,8957,8.631851532153647,1
471,Branch_544,8899,8979,127.7139208173691,1
472,Branch_545,8899,8959,14.74491300501327,1
473,Branch_546,8685,8899,318.47133757961785,1
474,Branch_547,8685,8899,362.3188405797101,1
475,Branch_550,411,1036,2000.0,1
476,Branch_551,175,1036,75.18796992481202,1
477,Branch_552,7901,8957,2000.0,1
478,Branch_553,397,1112,2000.0,1
479,Branch_554,4814,4841,2000.0,1
480,Branch_555,4814,4841,2000.0,1
481,Branch_556,8531,8533,134.9527665317139,1
482,Branch_557,8531,8532,305.8103975535168,1
483,Branch_558,8531,8534,112.4859392575928,1
484,Branch_559,8532,8969,537.6344086021505,1
485,Branch_560,8532,8865,819.672131147541,1
486,Branch_561,8654,8985,125.94458438287154,1
487,Branch_562,8654,8936,13.877324451845684,1
488,Branch_563,8315,8979,17.094017094017094,1
489,Branch_564,8315,8321,11.862396204033214,1
490,Branch_565,7948,8315,65.359477124183,1
491,Branch_566,8642,8643,71.94244604316546,1
492,Branch_567,8344,8345,76.92307692307692,1
493,Branch_569,175,1202,41.80602006688963,1
494,Branch_570,8269,8588,44.1306266548985,1
495,Branch_571,8269,8588,50.8130081300813,1
496,Branch_572,8269,8977,24.28363283147159,1
497,Branch_573,4614,5331,2000.0,1
498,Branch_574,5330,5331,72.46376811594203,1
499,Branch_575,8076,8183,389.10505836575874,1
500,Branch_576,8183,8997,17.68972227136034,1
501,Branch_577,8183,8246,220.26431718061673,1
502,Branch_578,7916,8687,149.92503748125938,1
503,Branch_579,7916,8779,564.9717514124294,1
504,Branch_580,7916,8507,91.74311926605505,1
505,Branch_581,7916,9043,2000.0,1
506,Branch_582,7916,8696,89.92805755395683,1
507,Branch_583,3640,3755,689.6551724137931,1
508,Branch_584,4293,5324,282.4858757062147,1
509,Branch_585,3252,3515,529.1005291005291,1
510,Branch_586,3640,5257,114.5475372279496,1
511,Branch_587,3252,3640,76.27765064836004,1
512,Branch_588,3515,4293,151.9756838905775,1
513,Branch_589,3252,3980,847.457627118644,1
514,Branch_591,5257,5291,239.8081534772182,1
515,Branch_592,3569,4744,50.327126321087064,1
516,Branch_593,3569,4671,269.54177897574124,1
517,Branch_594,3973,4671,239.8081534772182,1
518,Branch_595,3077,4744,113.50737797956867,1
519,Branch_596,3973,5291,87.7963125548727,1
520,Branch_597,3217,5291,263.85224274406335,1
521,Branch_598,4450,5258,23.239600278875205,1
522,Branch_599,1873,2502,25.753283543651815,1
523,Branch_600,1924,2703,15.686274509803921,1
524,Branch_601,3197,3327,147.49262536873155,1
525,Branch_602,3327,4155,296.7359050445104,1
526,Branch_603,3405,3678,1408.4507042253522,1
527,Branch_604,3706,4461,109.64912280701755,1
528,Branch_605,3706,4155,952.3809523809524,1
529,Branch_606,3706,4450,473.93364928909955,1
530,Branch_607,3327,4081,129.19896640826875,1
531,Branch_608,4461,4603,2000.0,1
532,Branch_609,4459,4603,2000.0,1
533,Branch_610,3678,4081,122.85012285012284,1
534,Branch_613,8572,9068,2000.0,1
535,Branch_614,7908,7989,34.80682213713888,1
536,Branch_615,7908,8343,74.57121551081282,1
537,Branch_616,7908,8097,2000.0,1
538,Branch_617,8289,8343,16.949152542372882,1
539,Branch_618,7989,8309,20.89427496865859,1
540,Branch_619,8289,8309,21.03491796381994,1
541,Branch_620,6349,6760,55.55555555555556,1
542,Branch_621,6561,6760,1351.3513513513512,1
543,Branch_623,6349,6561,57.971014492753625,1
544,Branch_626,7973,8256,133.6898395721925,1
545,Branch_627,8109,8256,225.73363431151242,1
546,Branch_628,9006,9035,65.57377049180327,1
547,Branch_631,8256,9035,49.97501249375313,1
548,Branch_632,8410,9044,18.112660749864155,1
549,Branch_634,9006,9080,52.91005291005291,1
550,Branch_637,9044,9080,471.6981132075472,1
551,Branch_639,8424,9080,1333.3333333333333,1
552,Branch_643,8161,8406,51.124744376278116,1
553,Branch_644,8066,8161,99.2063492063492,1
554,Branch_645,8478,8525,1282.051282051282,1
555,Branch_646,8423,8717,1724.1379310344828,1
556,Branch_647,8440,8717,26.53927813163482,1
557,Branch_648,8717,8719,285.7142857142857,1
558,Branch_651,8423,8718,1298.7012987012988,1
559,Branch_652,8439,8718,26.673779674579887,1
560,Branch_653,8718,8720,273.224043715847,1
561,Branch_656,8854,8900,2000.0,1
562,Branch_657,8347,8603,21.24946876328092,1
563,Branch_658,7975,8603,31.877590054191902,1
564,Branch_660,8218,8998,21.326508850501174,1
565,Branch_661,8445,8998,28.129395218002813,1
566,Branch_662,8218,9093,2000.0,1
567,Branch_664,8337,8517,51.22950819672131,1
568,Branch_665,8404,8926,46.2962962962963,1
569,Branch_666,8517,9114,274.72527472527474,1
570,Branch_669,8488,8535,1351.3513513513512,1
571,Branch_670,8405,8535,45.578851412944395,1
572,Branch_671,8405,9114,51.124744376278116,1
573,Branch_672,1959,2454,18.338529249954153,1
574,Branch_673,4197,5207,96.89922480620154,1
575,Branch_674,7973,9109,28.885037550548816,1
576,Branch_675,2002,2497,56.36978579481398,1
577,Branch_676,2431,2497,79.23930269413628,1
578,Branch_677,2409,2431,26.42007926023778,1
579,Branch_678,7973,9109,29.10360884749709,1
580,Branch_679,8279,9109,70.0770847932726,1
581,Branch_680,8279,8377,51.3083632632119,1
582,Branch_682,3831,4197,86.05851979345955,1
583,Branch_683,3128,3825,49.77600796416127,1
584,Branch_685,3128,3825,49.77600796416127,1
585,Branch_686,1829,2185,16.257519102584947,1
586,Branch_687,3448,4373,60.86427267194157,1
587,Branch_688,4144,5197,54.734537493158186,1
588,Branch_689,2850,3910,2000.0,1
589,Branch_690,3910,4214,288.1844380403458,1
590,Branch_691,2866,4214,328.94736842105266,1
591,Branch_692,4086,4214,66.97923643670462,1
592,Branch_693,2850,3067,169.7792869269949,1
593,Branch_694,2850,3489,158.47860538827257,1
594,Branch_695,3126,3489,183.8235294117647,1
595,Branch_696,3489,4097,46.04051565377532,1
596,Branch_697,4086,4373,144.3001443001443,1
597,Branch_698,3448,5197,29.248318221702252,1
598,Branch_700,3448,4577,51.440329218106996,1
599,Branch_701,3108,4577,39.33910306845004,1
600,Branch_702,3108,4321,70.87172218284904,1
601,Branch_703,4321,5426,22.47696111485727,1
602,Branch_705,3680,4097,96.24639076034649,1
603,Branch_706,3448,3680,26.511134676564158,1
604,Branch_707,2195,2655,46.08294930875576,1
605,Branch_708,5539,5740,14.068655036578503,1
606,Branch_709,1936,2509,12.701638511367966,1
607,Branch_710,5531,5636,96.71179883945841,1
608,Branch_711,5539,5636,64.02048655569783,1
609,Branch_712,5531,5799,67.0690811535882,1
610,Branch_713,5582,5799,22.56317689530686,1
611,Branch_714,5582,5739,40.849673202614376,1
612,Branch_715,5739,5760,76.86395080707149,1
613,Branch_716,2509,2759,47.30368968779565,1
614,Branch_718,1922,2759,41.35649296939619,1
615,Branch_719,3194,4873,884.9557522123894,1
616,Branch_720,4097,5240,41.911148365465216,1
617,Branch_721,3194,5240,68.68131868131869,1
618,Branch_722,4873,4891,2000.0,1
619,Branch_723,4873,5426,41.63197335553705,1
620,Branch_724,1922,2584,35.16174402250352,1
621,Branch_725,1937,2383,61.08735491753207,1
622,Branch_726,2933,3335,66.00660066006601,1
623,Branch_727,3335,3664,59.347181008902076,1
624,Branch_728,3310,3335,1265.8227848101267,1
625,Branch_729,3310,4317,1098.901098901099,1
626,Branch_731,2944,4633,104.4932079414838,1
627,Branch_732,3113,3463,403.2258064516129,1
628,Branch_733,3113,3650,353.35689045936397,1
629,Branch_734,3650,4633,386.1003861003861,1
630,Branch_735,2944,4320,176.3668430335097,1
631,Branch_736,2917,4320,65.65988181221273,1
632,Branch_737,3009,4320,173.91304347826087,1
633,Branch_738,2933,3463,217.3913043478261,1
634,Branch_739,8400,8870,2000.0,1
635,Branch_740,8399,8870,20.69108214359611,1
636,Branch_741,8488,9023,48.03073967339097,1
637,Branch_742,8448,9033,81.30081300813008,1
638,Branch_744,9033,9133,17.5530981218185,1
639,Branch_745,8484,9133,2000.0,1
640,Branch_747,8395,8520,36.350418029807344,1
641,Branch_748,8456,8989,149.47683109118086,1
642,Branch_749,8448,8989,50.9683995922528,1
643,Branch_750,8408,9025,35.85514521333811,1
644,Branch_751,9026,9069,2000.0,1
645,Branch_752,9027,9069,2000.0,1
646,Branch_753,8864,8928,1282.051282051282,1
647,Branch_754,8878,8879,312.5,1
648,Branch_755,8409,8879,72.46376811594203,1
649,Branch_756,8878,9073,32.40440699935191,1
650,Branch_757,8864,9025,450.45045045045043,1
651,Branch_758,8928,9073,877.1929824561404,1
652,Branch_759,9073,9074,103.62694300518135,1
653,Branch_760,8409,8445,37.878787878787875,1
654,Branch_761,8445,8482,1265.8227848101267,1
655,Branch_762,8413,8482,29.7441998810232,1
656,Branch_763,8412,8482,166.11295681063123,1
657,Branch_766,9002,9023,92.42144177449168,1
658,Branch_767,8395,8910,96.06147934678194,1
659,Branch_768,8910,8974,96.06147934678194,1
660,Branch_770,8403,8898,249.37655860349128,1
661,Branch_771,8898,9023,263.85224274406335,1
662,Branch_772,8520,9002,37.778617302606726,1
663,Branch_773,9023,9105,23.969319271332694,1
664,Branch_774,8926,9105,31.887755102040817,1
665,Branch_775,8926,9114,75.07507507507508,1
666,Branch_780,3761,4759,81.9672131147541,1
667,Branch_783,3815,3823,50.0751126690035,1
668,Branch_784,3287,3815,302.11480362537765,1
669,Branch_785,3287,5284,37.467216185837394,1
670,Branch_786,8366,8377,17.041581458759374,1
671,Branch_787,2091,2360,81.9672131147541,1
672,Branch_788,8456,9082,2000.0,1
673,Branch_789,8430,9082,19.770660340055358,1
674,Branch_791,8220,9108,47.214353163361665,1
675,Branch_792,8663,9108,70.92198581560284,1
676,Branch_795,4283,5207,272.47956403269757,1
677,Branch_796,5538,5738,96.43201542912247,1
678,Branch_797,5538,5710,25.113008538422903,1
679,Branch_798,5738,5826,51.78663904712584,1
680,Branch_799,5626,5826,14.386419220256078,1
681,Branch_800,5442,5626,19.37233630375823,1
682,Branch_801,5442,5515,144.0922190201729,1
683,Branch_802,3100,4620,64.02048655569783,1
684,Branch_803,9231,9472,380.22813688212926,1
685,Branch_804,9381,9472,40.48582995951417,1
686,Branch_805,9470,9733,9.810654370646523,1
687,Branch_806,9237,9470,19.565642731363724,1
688,Branch_807,9381,9733,18.102824040550328,1
689,Branch_808,9182,9697,35.62522265764161,1
690,Branch_809,9231,9697,78.49293563579278,1
691,Branch_811,1974,2761,30.13863773357444,1
692,Branch_812,3100,4819,159.23566878980893,1
693,Branch_813,9231,9344,207.9002079002079,1
694,Branch_814,9344,9697,75.07507507507508,1
695,Branch_816,2467,2511,25.419420437214033,1
696,Branch_817,2510,2742,29.18855808523059,1
697,Branch_819,9138,9432,29.01915264074289,1
698,Branch_820,9432,9747,925.925925925926,1
699,Branch_821,9747,9882,186.9158878504673,1
700,Branch_822,9138,9369,43.2338953739732,1
701,Branch_823,9182,9369,704.2253521126761,1
702,Branch_824,9343,9579,109.64912280701755,1
703,Branch_825,9579,9747,123.76237623762377,1
704,Branch_826,9264,9403,18.248175182481752,1
705,Branch_827,9264,9882,186.9158878504673,1
706,Branch_828,9231,9882,57.971014492753625,1
707,Branch_829,9882,9886,2000.0,1
708,Branch_830,1971,2741,3.2375032375032373,1
709,Branch_831,9231,9882,57.971014492753625,1
710,Branch_832,9259,9706,1449.2753623188405,1
711,Branch_833,1796,1972,32.26847370119393,1
712,Branch_834,9222,9237,45.662100456621005,1
713,Branch_835,9222,9259,26.737967914438503,1
714,Branch_838,1796,1817,117.50881316098707,1
715,Branch_839,9158,9167,25.207965717166626,1
716,Branch_840,9167,9237,34.87966515521451,1
717,Branch_841,9158,9396,34.72222222222222,1
718,Branch_842,9396,9706,53.61930294906166,1
719,Branch_843,1972,2709,37.878787878787875,1
720,Branch_844,6048,6408,32.010243277848915,1
721,Branch_845,3831,4033,1000.0,1
722,Branch_846,9143,9341,74.57121551081282,1
723,Branch_847,9153,9341,352.11267605633805,1
724,Branch_848,9153,9864,123.76237623762377,1
725,Branch_849,9240,9267,33.97893306150187,1
726,Branch_850,9262,9267,943.3962264150944,1
727,Branch_851,9267,9326,113.76564277588169,1
728,Branch_852,9221,9341,31.47623544224111,1
729,Branch_853,9326,9864,185.87360594795538,1
730,Branch_854,9326,9490,81.43322475570032,1
731,Branch_855,9490,9706,48.47309743092583,1
732,Branch_857,8189,9120,1538.4615384615386,1
733,Branch_859,9143,9493,1000.0,1
734,Branch_860,8377,8391,35.77817531305904,1
735,Branch_861,8391,9081,1351.3513513513512,1
736,Branch_862,8392,9081,29.41176470588235,1
737,Branch_865,9143,9448,123.76237623762377,1
738,Branch_866,9237,9448,11.883541295306001,1
739,Branch_868,8522,8837,28.868360277136258,1
740,Branch_869,8522,9095,2000.0,1
741,Branch_870,8837,9120,110.86474501108647,1
742,Branch_872,8396,8522,28.37684449489217,1
743,Branch_873,8522,9096,2000.0,1
744,Branch_874,8392,9120,64.51612903225806,1
745,Branch_881,4121,4308,200.80321285140562,1
746,Branch_882,3929,4121,719.4244604316547,1
747,Branch_883,4308,4819,1204.8192771084337,1
748,Branch_884,3754,4199,145.5604075691412,1
749,Branch_885,4199,5280,263.85224274406335,1
750,Branch_886,3073,3133,141.643059490085,1
751,Branch_887,3073,5280,67.93478260869566,1
752,Branch_888,1400,2742,15.725743041358704,1
753,Branch_889,4759,4819,60.27727546714888,1
754,Branch_890,3472,3754,74.8502994011976,1
755,Branch_891,3133,3472,118.90606420927467,1
756,Branch_892,2314,2315,2000.0,1
757,Branch_894,3133,5168,121.8026796589525,1
758,Branch_895,2101,2549,20.30869212022746,1
759,Branch_896,4187,5251,122.85012285012284,1
760,Branch_897,2854,5241,212.31422505307856,1
761,Branch_898,3631,3920,62.893081761006286,1
762,Branch_899,3133,5314,181.8181818181818,1
763,Branch_900,4187,5241,117.096018735363,1
764,Branch_901,3077,3920,53.07855626326964,1
765,Branch_902,2854,3631,71.5307582260372,1
766,Branch_903,2871,4187,500.0,1
767,Branch_904,2871,5314,273.224043715847,1
768,Branch_905,2871,3456,147.71048744460856,1
769,Branch_906,2314,2315,1923.076923076923,1
770,Branch_907,1400,2052,15.926102882624622,1
771,Branch_908,4439,4819,2000.0,1
772,Branch_909,3669,4064,47.84688995215311,1
773,Branch_910,3133,3963,61.01281269066504,1
774,Branch_911,3669,3963,151.9756838905775,1
775,Branch_912,3898,4213,64.06149903907752,1
776,Branch_913,3077,3677,28.5143997718848,1
777,Branch_914,2903,4108,136.79890560875512,1
778,Branch_915,3464,4213,172.71157167530225,1
779,Branch_916,3942,4108,2000.0,1
780,Branch_917,2903,4126,909.0909090909091,1
781,Branch_918,3464,4126,26.666666666666668,1
782,Branch_919,3677,3942,195.69471624266146,1
783,Branch_920,3898,4526,19.07304978065993,1
784,Branch_921,4064,4526,49.504950495049506,1
785,Branch_922,1380,1400,38.61003861003861,1
786,Branch_923,5381,5643,17.755681818181817,1
787,Branch_924,5381,5561,18.747656542932134,1
788,Branch_925,5561,5662,31.645569620253166,1
789,Branch_926,5561,5732,57.4052812858783,1
790,Branch_927,5628,5750,96.52509652509653,1
791,Branch_928,5521,5750,84.7457627118644,1
792,Branch_929,5732,9403,48.44961240310077,1
793,Branch_930,5790,5793,24.324981756263682,1
794,Branch_931,5606,5628,71.22507122507122,1
795,Branch_932,5628,5790,97.27626459143968,1
796,Branch_933,5662,5793,2000.0,1
797,Branch_934,2783,4631,2000.0,1
798,Branch_935,2783,4630,2000.0,1
799,Branch_936,2101,2467,57.971014492753625,1
800,Branch_937,2123,2752,74.6268656716418,1
801,Branch_938,2617,2752,51.62622612287042,1
802,Branch_939,2122,2753,74.6268656716418,1
803,Branch_940,2617,2753,50.994390617032124,1
804,Branch_942,2262,2743,224.2152466367713,1
805,Branch_943,2262,2615,30.646644192460926,1
806,Branch_944,2346,2617,77.39938080495357,1
807,Branch_945,2320,2615,540.5405405405405,1
808,Branch_946,2320,2346,40.502227622519236,1
809,Branch_948,2314,2630,121.21212121212122,1
810,Branch_949,2333,2630,99.2063492063492,1
811,Branch_950,2347,2464,56.72149744753261,1
812,Branch_951,2263,2743,224.2152466367713,1
813,Branch_952,2263,2464,76.86395080707149,1
814,Branch_953,2347,2617,77.39938080495357,1
815,Branch_955,2523,2645,45.49590536851683,1
816,Branch_956,2297,2300,67.65899864682002,1
817,Branch_957,2088,2300,35.486160397445,1
818,Branch_958,8327,8965,1190.4761904761904,1
819,Branch_959,2548,2679,110.13215859030836,1
820,Branch_960,2270,2519,167.78523489932886,1
821,Branch_962,1891,1998,116.41443538998836,1
822,Branch_963,1891,2123,82.44023083264634,1
823,Branch_964,2430,2551,68.39945280437756,1
824,Branch_965,1998,2291,107.87486515641855,1
825,Branch_966,2291,2430,161.81229773462783,1
826,Branch_967,2088,2315,41.18616144975288,1
827,Branch_968,8730,8968,2000.0,1
828,Branch_969,2122,2476,83.75209380234506,1
829,Branch_970,2022,2105,32.195750160978754,1
830,Branch_971,6097,6408,24.636610002463662,1
831,Branch_972,7900,7901,7.81983109164842,1
832,Branch_973,4677,4688,30.571690614490983,1
833,Branch_974,3789,4657,149.7005988023952,1
834,Branch_975,3488,4306,70.0280112044818,1
835,Branch_976,3488,3789,39.37007874015748,1
836,Branch_977,4657,4875,510.2040816326531,1
837,Branch_978,3127,4657,243.30900243309003,1
838,Branch_979,4677,4875,70.12622720897616,1
839,Branch_980,3077,4688,72.20216606498195,1
840,Branch_981,3077,4306,14.499057561258518,1
841,Branch_982,4306,4490,28.24858757062147,1
842,Branch_983,4488,4490,43.15925766076823,1
843,Branch_984,2913,3077,43.066322136089575,1
844,Branch_985,2913,4490,45.20795660036166,1
845,Branch_986,3493,5711,27.159152634437806,1
846,Branch_988,4138,4766,22.33638597274961,1
847,Branch_989,4138,4266,518.1347150259068,1
848,Branch_990,3369,4194,30.59039461609055,1
849,Branch_991,2551,4266,22.7842333105491,1
850,Branch_992,3369,4766,83.75209380234506,1
851,Branch_993,2894,4194,28.70264064293915,1
852,Branch_996,2023,2467,37.993920972644375,1
853,Branch_998,2297,2409,11.879306248515087,1
854,Branch_999,2001,2409,483.09178743961354,1
855,Branch_1000,2408,2409,409.8360655737705,1
856,Branch_1001,8296,8887,12.759984688018374,1
857,Branch_1002,2027,2409,11.00957833314984,1
858,Branch_1003,2027,4851,24.015369836695484,1
859,Branch_1004,2894,4851,145.34883720930233,1
860,Branch_1006,2297,2365,2000.0,1
861,Branch_1007,2467,2524,31.220730565095224,1
862,Branch_1009,2409,2513,75.98784194528875,1
863,Branch_1011,2088,2517,23.618327822390174,1
864,Branch_1012,2356,2517,68.63417982155113,1
865,Branch_1013,3077,4109,51.78663904712584,1
866,Branch_1014,2800,4109,60.82725060827251,1
867,Branch_1015,2800,3890,1282.051282051282,1
868,Branch_1016,3890,4767,14.806040864672786,1
869,Branch_1017,3584,4767,36.85956505713233,1
870,Branch_1018,3890,5161,2000.0,1
871,Branch_1019,1809,2467,12.027904738994467,1
872,Branch_1020,3052,3707,116.14401858304298,1
873,Branch_1021,3052,3679,92.5925925925926,1
874,Branch_1022,3052,4455,52.826201796090864,1
875,Branch_1023,3405,3679,1587.3015873015872,1
876,Branch_1024,3784,4455,89.28571428571429,1
877,Branch_1025,4455,5272,75.47169811320755,1
878,Branch_1026,3800,5272,50.994390617032124,1
879,Branch_1030,1980,2467,28.885037550548816,1
880,Branch_1031,3294,3493,137.93103448275863,1
881,Branch_1032,2297,2315,15.820281601012498,1
882,Branch_1035,2333,2631,99.2063492063492,1
883,Branch_1036,2314,2631,121.21212121212122,1
884,Branch_1037,2270,2467,14.066676044450697,1
885,Branch_1038,5604,5694,87.87346221441125,1
886,Branch_1039,5500,5529,259.7402597402597,1
887,Branch_1040,5516,5529,111.11111111111111,1
888,Branch_1041,5516,5604,467.2897196261682,1
889,Branch_1042,5604,5689,164.74464579901152,1
890,Branch_1043,5651,5802,69.97900629811056,1
891,Branch_1044,5631,5639,126.42225031605562,1
892,Branch_1045,5605,5694,1492.5373134328358,1
893,Branch_1046,5605,5639,75.24454477050413,1
894,Branch_1047,5605,5688,606.060606060606,1
895,Branch_1048,5182,5187,42.122999157540015,1
896,Branch_1049,7119,7426,68.1663258350375,1
897,Branch_1050,2878,4190,170.64846416382252,1
898,Branch_1051,2495,2553,1162.7906976744187,1
899,Branch_1052,4190,4874,95.87727708533077,1
900,Branch_1053,3794,5256,19.61553550411926,1
901,Branch_1055,4874,5256,143.88489208633092,1
902,Branch_1056,3794,5082,20.79434393844874,1
903,Branch_1057,3201,4648,12.840267077555213,1
904,Branch_1059,4644,4649,1190.4761904761904,1
905,Branch_1060,4644,4648,1190.4761904761904,1
906,Branch_1061,4649,5082,20.79434393844874,1
907,Branch_1065,2356,2513,129.5336787564767,1
908,Branch_1067,1809,1832,13.40662287169862,1
909,Branch_1068,6955,7086,67.93478260869566,1
910,Branch_1069,2782,3672,70.6713780918728,1
911,Branch_1070,4074,4339,13.401232913428036,1
912,Branch_1071,4074,5243,2000.0,1
913,Branch_1072,4190,5243,18.145527127563057,1
914,Branch_1073,1809,2545,105.15247108307045,1
915,Branch_1074,5591,5711,45.392646391284615,1
916,Branch_1076,3061,3281,361.01083032490976,1
917,Branch_1077,3281,3460,869.5652173913044,1
918,Branch_1078,3460,4964,680.2721088435375,1
919,Branch_1079,3281,4738,110.86474501108647,1
920,Branch_1080,4964,5175,128.7001287001287,1
921,Branch_1081,5450,5506,17.319016279875303,1
922,Branch_1082,5450,5693,38.417210910487896,1
923,Branch_1083,5500,5614,96.06147934678194,1
924,Branch_1084,5614,5693,74.73841554559043,1
925,Branch_1085,2242,2716,79.42811755361397,1
926,Branch_1086,3175,4171,41.98152812762385,1
927,Branch_1087,3175,3792,106.15711252653928,1
928,Branch_1088,3128,4800,160.0,1
929,Branch_1089,3175,4800,16.88048615800135,1
930,Branch_1090,3792,3977,101.01010101010101,1
931,Branch_1091,3977,4425,46.2962962962963,1
932,Branch_1092,3613,4425,106.26992561105207,1
933,Branch_1093,3175,4904,199.20318725099602,1
934,Branch_1095,3175,4930,41.98152812762385,1
935,Branch_1096,4930,4933,158.22784810126583,1
936,Branch_1098,3642,4909,188.32391713747646,1
937,Branch_1099,4933,5009,520.8333333333334,1
938,Branch_1102,2451,2717,27.578599007170435,1
939,Branch_1104,2894,5260,158.47860538827257,1
940,Branch_1105,3128,5260,62.93266205160478,1
941,Branch_1107,4163,5169,699.3006993006993,1
942,Branch_1108,3195,4831,84.03361344537815,1
943,Branch_1109,4163,4831,77.04160246533128,1
944,Branch_1110,3195,4001,42.158516020236085,1
945,Branch_1111,4001,4835,25.031289111389235,1
946,Branch_1112,4163,4732,56.08524957936063,1
947,Branch_1113,4831,5851,2000.0,1
948,Branch_1114,4731,4732,346.02076124567475,1
949,Branch_1118,4046,4216,76.4525993883792,1
950,Branch_1119,4046,4835,238.6634844868735,1
951,Branch_1120,4449,4835,970.8737864077669,1
952,Branch_1121,3301,4216,53.05039787798408,1
953,Branch_1122,3301,3432,50.22601707684581,1
954,Branch_1123,3432,4306,87.41258741258741,1
955,Branch_1124,2438,2524,27.027027027027028,1
956,Branch_1126,5635,5640,69.44444444444444,1
957,Branch_1127,5447,5802,48.19277108433735,1
958,Branch_1128,5447,5735,155.52099533437013,1
959,Branch_1129,5447,5635,50.35246727089628,1
960,Branch_1130,5631,5807,76.62835249042145,1
961,Branch_1131,5635,5733,289.01734104046244,1
962,Branch_1132,5640,5807,15.432098765432098,1
963,Branch_1133,5726,5802,900.9009009009009,1
964,Branch_1134,5631,5726,41.911148365465216,1
965,Branch_1135,3040,4196,76.4525993883792,1
966,Branch_1136,4146,4919,344.82758620689657,1
967,Branch_1137,3461,4833,166.11295681063123,1
968,Branch_1138,3171,4146,144.3001443001443,1
969,Branch_1139,3171,4196,51.975051975051976,1
970,Branch_1140,3461,4919,45.91368227731864,1
971,Branch_1141,4833,4848,2000.0,1
972,Branch_1142,4738,4833,119.47431302270012,1
973,Branch_1143,3165,3990,82.16926869350863,1
974,Branch_1145,3165,3866,247.52475247524754,1
975,Branch_1146,1873,2270,23.815194093831863,1
976,Branch_1147,3482,4049,36.350418029807344,1
977,Branch_1148,3274,4941,213.67521367521368,1
978,Branch_1149,3274,4909,59.916117435590174,1
979,Branch_1150,3482,4941,182.81535648994515,1
980,Branch_1151,4287,4909,1351.3513513513512,1
981,Branch_1152,1994,2250,22.055580061755624,1
982,Branch_1153,4049,5146,233.6448598130841,1
983,Branch_1154,3118,3379,2000.0,1
984,Branch_1155,3118,3632,107.52688172043011,1
985,Branch_1156,3632,5146,28.20078962210942,1
986,Branch_1157,4071,5146,1041.6666666666667,1
987,Branch_1158,3632,4909,363.6363636363636,1
988,Branch_1160,3128,4974,38.15337657382678,1
989,Branch_1161,2877,4974,41.459369817578775,1
990,Branch_1162,2877,3352,50.505050505050505,1
991,Branch_1164,4958,4985,54.85463521667581,1
992,Branch_1166,4985,5085,98.4251968503937,1
993,Branch_1168,3201,3581,61.19951040391677,1
994,Branch_1169,2270,2570,12.204051745179399,1
995,Branch_1170,3423,4327,132.6259946949602,1
996,Branch_1171,5396,5549,2.44552591034702,1
997,Branch_1172,5385,5686,3.7993920972644375,1
998,Branch_1173,5386,5396,7.759155803848541,1
999,Branch_1174,5433,5854,724.6376811594203,1
1000,Branch_1175,2270,2502,66.00660066006601,1
1001,Branch_1176,5549,5800,5.918210333195241,1
1002,Branch_1177,5800,5854,653.59477124183,1
1003,Branch_1178,5426,5856,645.1612903225806,1
1004,Branch_1179,2270,2713,17.568517217146873,1
1005,Branch_1181,5579,5787,9.207255317189945,1
1006,Branch_1183,5462,5787,13.10272536687631,1
1007,Branch_1184,5549,5880,9.92950054612253,1
1008,Branch_1185,5579,5880,7.4710496824803885,1
1009,Branch_1186,4909,5085,85.1063829787234,1
1010,Branch_1187,1839,2570,26.518164942985944,1
1011,Branch_1188,9208,9255,6.410667350471184,1
1012,Branch_1189,9208,9707,4.527550142617829,1
1013,Branch_1190,9255,9290,69.3000693000693,1
1014,Branch_1191,1964,2570,61.387354205033766,1
1015,Branch_1192,9204,9290,5.304195618734419,1
1016,Branch_1193,9214,9380,5.09061290979434,1
1017,Branch_1194,9204,9379,11.309658448314861,1
1018,Branch_1195,9214,9696,14.992503748125937,1
1019,Branch_1196,1914,2258,183.8235294117647,1
1020,Branch_1197,5429,5667,142.45014245014244,1
1021,Branch_1198,5653,5737,5.3873505010235965,1
1022,Branch_1199,2308,2570,20.012007204322593,1
1023,Branch_1202,1860,2308,87.7963125548727,1
1024,Branch_1203,2992,3297,5.651952749675012,1
1025,Branch_1205,3299,6456,4.015902975784105,1
1026,Branch_1206,3294,3317,2000.0,1
1027,Branch_1207,9218,9301,15.487068297971193,1
1028,Branch_1208,9235,9405,108.34236186348862,1
1029,Branch_1209,9218,9235,4.570383912248629,1
1030,Branch_1211,1809,1925,79.74481658692186,1
1031,Branch_1212,3294,3320,2000.0,1
1032,Branch_1213,5269,6378,10.843634786380395,1
1033,Branch_1214,1859,2666,47.326076668244205,1
1034,Branch_1215,9190,9300,11.132138483802738,1
1035,Branch_1216,9190,9342,5.240540823813017,1
1036,Branch_1217,2078,2713,43.917435221783045,1
1037,Branch_1218,3076,3294,120.62726176115802,1
1038,Branch_1219,2665,2762,126.26262626262626,1
1039,Branch_1228,2090,2764,115.74074074074075,1
1040,Branch_1229,2463,2663,90.82652134423252,1
1041,Branch_1230,2042,2127,30.084235860409144,1
1042,Branch_1232,1853,2679,86.4304235090752,1
1043,Branch_1233,5519,5644,60.16847172081829,1
1044,Branch_1234,7303,7574,245.7002457002457,1
1045,Branch_1235,5405,5490,6.7114093959731544,1
1046,Branch_1236,5648,5730,11.285407967498026,1
1047,Branch_1237,5405,5648,8.682816705739342,1
1048,Branch_1238,5493,5648,16.43115346697338,1
1049,Branch_1239,5445,5493,23.3590282644242,1
1050,Branch_1240,5441,5730,5.863726984871584,1
1051,Branch_1241,7574,7592,53.85029617662897,1
1052,Branch_1243,1914,2157,24.84472049689441,1
1053,Branch_1244,2196,2488,54.734537493158186,1
1054,Branch_1245,5466,5544,259.0673575129534,1
1055,Branch_1246,3076,3294,120.62726176115802,1
1056,Branch_1247,3525,5236,8.442380751371887,1
1057,Branch_1248,9878,9883,10.895619960775768,1
1058,Branch_1249,4478,9883,1.852469341632396,1
1059,Branch_1250,2733,2743,34.51846738004833,1
1060,Branch_1251,3525,4478,3.6500346753294157,1
1061,Branch_1252,2115,2733,17.975912277548087,1
1062,Branch_1253,3076,4682,121.35922330097087,1
1063,Branch_1254,2102,2122,72.93946024799416,1
1064,Branch_1258,2581,2733,29.325513196480937,1
1065,Branch_1261,2937,3264,31.09452736318408,1
1066,Branch_1262,3264,4401,12.656625743576763,1
1067,Branch_1263,3264,4092,8.365400702693659,1
1068,Branch_1264,3651,4402,21.03491796381994,1
1069,Branch_1265,3651,4294,16.869095816464238,1
1070,Branch_1266,4078,4961,19.387359441644048,1
1071,Branch_1267,4078,4338,4.476676515355001,1
1072,Branch_1268,3651,4961,13.176966662274344,1
1073,Branch_1269,2810,4962,1315.7894736842106,1
1074,Branch_1270,2810,4961,2000.0,1
1075,Branch_1271,2451,2536,27.74694783573807,1
1076,Branch_1272,3493,3805,181.15942028985506,1
1077,Branch_1273,5663,5673,6.86436024162548,1
1078,Branch_1274,5559,5664,6.846970215679562,1
1079,Branch_1275,4274,4352,12.4750499001996,1
1080,Branch_1276,4352,5559,11.224604332697272,1
1081,Branch_1277,3223,4352,77.76049766718506,1
1082,Branch_1278,2276,2743,37.299515106303616,1
1083,Branch_1279,2904,3805,168.35016835016836,1
1084,Branch_1280,3612,4323,18.889308651303363,1
1085,Branch_1281,4172,4234,62.421972534332085,1
1086,Branch_1282,4172,4379,18.52537977028529,1
1087,Branch_1283,4378,4411,9.10166560480568,1
1088,Branch_1284,3612,4172,62.421972534332085,1
1089,Branch_1285,3724,4411,5.715592135345222,1
1090,Branch_1286,2115,2240,523.5602094240837,1
1091,Branch_1287,2904,4236,396.8253968253968,1
1092,Branch_1288,3612,4323,18.889308651303363,1
1093,Branch_1289,2893,3612,37.59398496240601,1
1094,Branch_1290,4172,4379,15.743073047858942,1
1095,Branch_1291,4378,4411,9.10166560480568,1
1096,Branch_1292,3612,4172,104.71204188481676,1
1097,Branch_1293,3724,4411,5.715592135345222,1
1098,Branch_1294,2244,2529,85.25149190110827,1
1099,Branch_1295,3804,4236,120.04801920768307,1
1100,Branch_1299,1924,6125,65.27415143603133,1
1101,Branch_1300,4236,4476,2000.0,1
1102,Branch_1301,3690,4476,377.35849056603774,1
1103,Branch_1302,5428,5544,111.11111111111111,1
1104,Branch_1304,6743,6776,11.453441759248655,1
1105,Branch_1305,3294,3404,264.55026455026456,1
1106,Branch_1306,3404,3493,221.72949002217294,1
1107,Branch_1307,4466,5271,21.963540522732263,1
1108,Branch_1308,4466,4593,5.689576695493855,1
1109,Branch_1309,3550,4593,16.68613382279326,1
1110,Branch_1310,3550,3686,31.25,1
1111,Branch_1312,3540,3592,8.278145695364238,1
1112,Branch_1313,6166,6605,218.8183807439825,1
1113,Branch_1314,9367,9438,59.701492537313435,1
1114,Branch_1315,9367,9401,7.416747014759326,1
1115,Branch_1318,2115,2478,50.68423720223011,1
1116,Branch_1319,9303,9438,4.936808846761453,1
1117,Branch_1320,9304,9441,7.555723460521345,1
1118,Branch_1321,6539,6545,39.96802557953637,1
1119,Branch_1322,4849,4855,2000.0,1
1120,Branch_1323,4404,5283,7.762167197081425,1
1121,Branch_1324,6509,6539,60.56935190793458,1
1122,Branch_1325,3183,5657,204.91803278688525,1
1123,Branch_1326,3383,4641,64.93506493506493,1
1124,Branch_1327,3383,5223,11.599582415033058,1
1125,Branch_1328,6077,6260,17.22949689869056,1
1126,Branch_1329,3183,5658,204.91803278688525,1
1127,Branch_1330,3031,3724,4.4929685042907845,1
1128,Branch_1331,3031,5223,11.403808872163303,1
1129,Branch_1332,3031,3510,12.330456226880395,1
1130,Branch_1333,3122,4641,8.2223318533136,1
1131,Branch_1334,1947,2115,48.94762604013705,1
1132,Branch_1335,3496,3715,6.959910913140312,1
1133,Branch_1336,3655,3715,30.826140567200987,1
1134,Branch_1337,3655,3922,26.961445133459154,1
1135,Branch_1338,3655,3714,12.20703125,1
1136,Branch_1339,3922,4117,7.851758793969849,1
1137,Branch_1340,2965,4117,38.417210910487896,1
1138,Branch_1341,3713,3724,6.826404532732609,1
1139,Branch_1342,2965,4161,9.998000399920016,1
1140,Branch_1344,3183,4542,51.4668039114771,1
1141,Branch_1345,4542,4849,432.9004329004329,1
1142,Branch_1346,2885,3447,5.054334091483447,1
1143,Branch_1347,2843,3724,3.665286075578199,1
1144,Branch_1348,2885,3314,11.406410402646287,1
1145,Branch_1349,2844,3549,28.011204481792717,1
1146,Branch_1350,3314,3549,6.520179956966812,1
1147,Branch_1351,1804,2115,40.19292604501608,1
1148,Branch_1352,3183,4849,58.13953488372093,1
1149,Branch_1353,1983,2249,12.175818823815902,1
1150,Branch_1354,5358,5544,259.0673575129534,1
1151,Branch_1355,4182,5236,7.265857734505558,1
1152,Branch_1356,3970,4284,12.416190712689346,1
1153,Branch_1357,3258,4284,2000.0,1
1154,Branch_1358,4284,5283,3.5752592062924564,1
1155,Branch_1359,3971,4182,7.440476190476191,1
1156,Branch_1360,3258,3962,19.849146486701073,1
1157,Branch_1364,2139,2420,211.41649048625794,1
1158,Branch_1365,4372,4832,229.3577981651376,1
1159,Branch_1366,5653,5679,3.667571334262451,1
1160,Branch_1367,4098,4457,8.509189925119129,1
1161,Branch_1368,4457,5374,10.336985734959686,1
1162,Branch_1369,5368,5374,8.756567425569177,1
1163,Branch_1370,5366,5368,31.665611146295124,1
1164,Branch_1371,5374,5446,8.755800717975658,1
1165,Branch_1372,5369,5679,2.5872551809785,1
1166,Branch_1373,3604,5275,38.40245775729647,1
1167,Branch_1374,3955,5242,9.08595311648192,1
1168,Branch_1375,3604,5242,23.623907394283016,1
1169,Branch_1376,3604,5446,11.163206072784103,1
1170,Branch_1377,2116,2183,16.663889351774703,1
1171,Branch_1378,2972,4372,1639.344262295082,1
1172,Branch_1379,1794,2116,90.74410163339383,1
1173,Branch_1380,4170,4426,4.2596694496507075,1
1174,Branch_1382,3554,4426,144.0922190201729,1
1175,Branch_1384,2115,2581,31.665611146295124,1
1176,Branch_1385,4832,4840,2000.0,1
1177,Branch_1386,2003,2006,6.509145349215648,1
1178,Branch_1387,1894,2895,2.632964718272775,1
1179,Branch_1388,1894,2007,11.99472232217824,1
1180,Branch_1389,1894,2357,112.10762331838565,1
1181,Branch_1390,2357,2385,2000.0,1
1182,Branch_1391,2357,2895,2.7125264471328596,1
1183,Branch_1393,6039,6309,12.333497779970399,1
1184,Branch_1394,6309,6379,28.129395218002813,1
1185,Branch_1396,5007,5658,51.07252298263534,1
1186,Branch_1397,4098,5854,2.824778961046298,1
1187,Branch_1398,3967,4098,8.210180623973727,1
1188,Branch_1399,2882,2956,27.070925825663238,1
1189,Branch_1400,2956,3823,138.88888888888889,1
1190,Branch_1401,6002,6077,14.712373105781962,1
1191,Branch_1402,3578,4080,11.71234481143125,1
1192,Branch_1403,2883,4080,7.081651441116068,1
1193,Branch_1404,3578,3771,22.119000221190003,1
1194,Branch_1405,2860,4041,23.40276152586005,1
1195,Branch_1406,3358,4041,136.05442176870747,1
1196,Branch_1407,3771,4747,8.91503967192654,1
1197,Branch_1408,3093,3788,5.733616191732126,1
1198,Branch_1409,3235,3788,24.307243558580456,1
1199,Branch_1410,3235,4193,27.22570106180234,1
1200,Branch_1411,5634,5765,52.38344683080147,1
1201,Branch_1412,5499,5670,67.65899864682002,1
1202,Branch_1413,5409,5670,40.12841091492777,1
1203,Branch_1414,5409,5765,104.27528675703859,1
1204,Branch_1415,5658,5731,40.46944556859571,1
1205,Branch_1416,5676,5797,4.922713399625874,1
1206,Branch_1417,5415,5676,4.924895345973898,1
1207,Branch_1418,5441,5797,4.5075501464953796,1
1208,Branch_1419,5415,5854,5.214036185411127,1
1209,Branch_1422,1856,2111,4.924167815639157,1
1210,Branch_1424,5007,5024,2000.0,1
1211,Branch_1425,2912,3811,4.564125969876769,1
1212,Branch_1428,4621,4640,151.05740181268882,1
1213,Branch_1429,1856,2153,5.382710733125202,1
1214,Branch_1430,3122,3550,8.539709649871904,1
1215,Branch_1431,4621,4640,162.33766233766235,1
1216,Branch_1432,1785,2072,74.01924500370096,1
1217,Branch_1433,4832,5007,862.0689655172414,1
1218,Branch_1434,4674,4682,2000.0,1
1219,Branch_1435,4675,4682,2000.0,1
1220,Branch_1436,1996,2025,45.289855072463766,1
1221,Branch_1439,2089,3674,4.425366199052972,1
1222,Branch_1440,3269,4686,7.691716021844473,1
1223,Branch_1441,3269,5259,8.835483300936561,1
1224,Branch_1442,4578,4686,10.06947940791461,1
1225,Branch_1444,4578,5047,18.67762420620097,1
1226,Branch_1445,3675,5047,28.90173410404624,1
1227,Branch_1447,2076,2563,19.35733643050716,1
1228,Branch_1449,2895,5259,39.635354736424894,1
1229,Branch_1450,6201,6321,14.238929232521714,1
1230,Branch_1454,2837,4285,6.959910913140312,1
1231,Branch_1459,5370,5657,826.4462809917355,1
1232,Branch_1462,2134,2636,55.18763796909492,1
1233,Branch_1463,1792,2534,116.27906976744185,1
1234,Branch_1464,1960,2534,57.17552887364208,1
1235,Branch_1466,1792,2449,33.222591362126245,1
1236,Branch_1467,1846,1966,32.829940906106366,1
1237,Branch_1469,2449,2754,25.342118601115054,1
1238,Branch_1470,5475,5530,45.248868778280546,1
1239,Branch_1471,2573,2737,67.29475100942126,1
1240,Branch_1472,3183,5530,91.6590284142988,1
1241,Branch_1473,6122,7298,5.754071005236205,1
1242,Branch_1474,2042,2706,118.06375442739079,1
1243,Branch_1475,3183,5530,91.6590284142988,1
1244,Branch_1476,1848,2706,63.171193935565384,1
1245,Branch_1477,6201,6408,16.433853738701725,1
1246,Branch_1478,2611,2706,28.61230329041488,1
1247,Branch_1479,5657,5731,41.562759767248544,1
1248,Branch_1480,2042,2275,69.63788300835654,1
1249,Branch_1481,5382,5530,120.04801920768307,1
1250,Branch_1482,2558,2705,39.666798889329634,1
1251,Branch_1483,5382,5530,120.04801920768307,1
1252,Branch_1484,2514,2728,62.57822277847309,1
1253,Branch_1485,5530,5743,2000.0,1
1254,Branch_1486,2518,2764,123.15270935960591,1
1255,Branch_1487,5530,5743,2000.0,1
1256,Branch_1488,1956,2435,13.795006207752794,1
1257,Branch_1489,5530,5657,60.38647342995169,1
1258,Branch_1490,2252,2606,43.89815627743635,1
1259,Branch_1491,6335,6373,19.73164956590371,1
1260,Branch_1492,1777,2028,162.60162601626016,1
1261,Branch_1493,2133,6205,45.146726862302486,1
1262,Branch_1494,1777,2507,175.7469244288225,1
1263,Branch_1495,2896,4579,1282.051282051282,1
1264,Branch_1496,1974,2453,61.576354679802954,1
1265,Branch_1497,3370,3436,132.1003963011889,1
1266,Branch_1498,2545,2588,25.03755633450175,1
1267,Branch_1499,3370,3436,135.13513513513513,1
1268,Branch_1500,1835,2466,16.86056314280897,1
1269,Branch_1501,2609,2717,26.65955745134631,1
1270,Branch_1502,2466,2609,22.040996253030638,1
1271,Branch_1503,2228,2245,4.701457451810061,1
1272,Branch_1504,2159,6205,49.6031746031746,1
1273,Branch_1505,2228,2461,4.440891731059597,1
1274,Branch_1506,2972,3422,217.8649237472767,1
1275,Branch_1507,1963,2461,8.236553825879252,1
1276,Branch_1508,3423,5344,689.6551724137931,1
1277,Branch_1509,1828,2461,68.44626967830253,1
1278,Branch_1510,2972,5344,334.44816053511704,1
1279,Branch_1511,1866,1963,3.1939697850458333,1
1280,Branch_1512,1866,2236,28.6697247706422,1
1281,Branch_1513,1965,2460,49.75124378109453,1
1282,Branch_1514,1961,2021,190.83969465648855,1
1283,Branch_1516,1824,2560,75.18796992481202,1
1284,Branch_1517,2642,6205,19.960079840319363,1
1285,Branch_1518,1808,2311,43.327556325823224,1
1286,Branch_1519,2146,2452,35.536602700781806,1
1287,Branch_1520,1808,1935,77.76049766718506,1
1288,Branch_1521,1808,1935,77.76049766718506,1
1289,Branch_1522,2021,2452,31.436655139893116,1
1290,Branch_1523,5937,6166,19.047619047619047,1
1291,Branch_1524,2146,2613,30.8546744831842,1
1292,Branch_1526,1831,2547,552.4861878453039,1
1293,Branch_1527,5900,6257,27.75464890369137,1
1294,Branch_1528,1802,1859,247.52475247524754,1
1295,Branch_1529,2050,2678,10.695187165775401,1
1296,Branch_1530,2896,3824,469.4835680751174,1
1297,Branch_1532,1808,2021,24.783147459727385,1
1298,Branch_1533,8059,8122,6.680026720106881,1
1299,Branch_1534,7022,7444,5.420935653493793,1
1300,Branch_1535,2629,2678,17.885888034340905,1
1301,Branch_1536,1982,2678,5.599104143337066,1
1302,Branch_1538,3164,4949,145.98540145985402,1
1303,Branch_1539,3036,3164,199.20318725099602,1
1304,Branch_1541,3036,4949,555.5555555555555,1
1305,Branch_1542,3804,4949,555.5555555555555,1
1306,Branch_1543,7030,7358,8.605851979345955,1
1307,Branch_1544,3164,3690,173.61111111111111,1
1308,Branch_1545,1982,2547,16.501650165016503,1
1309,Branch_1546,3804,4949,552.4861878453039,1
1310,Branch_1547,6997,7197,6.190034045187248,1
1311,Branch_1548,1828,2547,17.57469244288225,1
1312,Branch_1550,2824,4915,420.16806722689074,1
1313,Branch_1551,3042,5210,746.2686567164179,1
1314,Branch_1552,3225,5267,775.1937984496124,1
1315,Branch_1553,3225,4414,84.53085376162299,1
1316,Branch_1554,3042,5267,2000.0,1
1317,Branch_1555,2182,2576,337.8378378378378,1
1318,Branch_1556,2824,2972,97.75171065493646,1
1319,Branch_1557,3196,5211,2000.0,1
1320,Branch_1558,3043,3196,1000.0,1
1321,Branch_1559,3227,5266,775.1937984496124,1
1322,Branch_1560,3196,3212,1063.8297872340424,1
1323,Branch_1561,3227,4414,84.60236886632826,1
1324,Branch_1562,3043,5266,2000.0,1
1325,Branch_1563,1801,1956,66.2251655629139,1
1326,Branch_1564,2824,5113,2000.0,1
1327,Branch_1565,3234,4198,189.75332068311195,1
1328,Branch_1566,3110,4198,96.89922480620154,1
1329,Branch_1567,2951,3234,115.47344110854503,1
1330,Branch_1570,5004,5301,154.5595054095827,1
1331,Branch_1571,2951,5004,154.5595054095827,1
1332,Branch_1572,5050,5301,87.33624454148472,1
1333,Branch_1573,3800,5050,131.06159895150722,1
1334,Branch_1574,1801,2730,30.039050765995796,1
1335,Branch_1575,2225,2492,31.585596967782692,1
1336,Branch_1577,6955,7070,86.65511265164645,1
1337,Branch_1578,5464,5543,259.0673575129534,1
1338,Branch_1579,8122,8282,2.0661157024793386,1
1339,Branch_1580,3690,4258,203.2520325203252,1
1340,Branch_1581,5183,5194,109.05125408942203,1
1341,Branch_1583,3820,5194,152.9051987767584,1
1342,Branch_1584,3820,4318,173.3102253032929,1
1343,Branch_1585,1879,2741,15.356265356265355,1
1344,Branch_1586,4915,4995,2000.0,1
1345,Branch_1588,3336,4312,1515.1515151515152,1
1346,Branch_1589,3368,3814,248.13895781637717,1
1347,Branch_1590,3053,3368,248.13895781637717,1
1348,Branch_1591,3336,3368,104.9317943336831,1
1349,Branch_1592,2905,3348,66.53359946773121,1
1350,Branch_1593,3053,3759,467.2897196261682,1
1351,Branch_1594,3348,3728,518.1347150259068,1
1352,Branch_1595,3053,3728,150.15015015015015,1
1353,Branch_1596,3660,5194,99.00990099009901,1
1354,Branch_1597,3348,3660,56.78591709256104,1
1355,Branch_1598,1879,2718,37.95066413662239,1
1356,Branch_1599,3305,5194,94.42870632672333,1
1357,Branch_1600,3389,5200,132.9787234042553,1
1358,Branch_1601,5126,5200,82.91873963515755,1
1359,Branch_1602,3389,4133,242.71844660194174,1
1360,Branch_1603,3943,4133,312.5,1
1361,Branch_1604,3305,4133,288.1844380403458,1
1362,Branch_1605,540,1879,5.459111256687411,1
1363,Branch_1606,2896,3824,469.4835680751174,1
1364,Branch_1607,3306,5194,94.42870632672333,1
1365,Branch_1608,4432,5199,2000.0,1
1366,Branch_1609,5126,5199,82.91873963515755,1
1367,Branch_1610,3602,3944,328.94736842105266,1
1368,Branch_1611,3388,4432,140.0560224089636,1
1369,Branch_1612,3388,4134,242.71844660194174,1
1370,Branch_1613,3380,4432,120.62726176115802,1
1371,Branch_1614,3944,4134,312.5,1
1372,Branch_1615,3306,4134,288.1844380403458,1
1373,Branch_1616,807,1380,37.397157816005986,1
1374,Branch_1617,4896,5194,97.37098344693281,1
1375,Branch_1618,2952,3659,70.2247191011236,1
1376,Branch_1619,3659,4896,2000.0,1
1377,Branch_1622,5005,5302,170.64846416382252,1
1378,Branch_1623,2952,5005,143.47202295552367,1
1379,Branch_1624,5049,5302,91.32420091324201,1
1380,Branch_1625,3800,5049,136.986301369863,1
1381,Branch_1626,819,1631,19.10219675262655,1
1382,Branch_1627,3165,3502,39.603960396039604,1
1383,Branch_1628,1867,2636,19.227071716977505,1
1384,Branch_1629,5988,6045,2.3573230239739753,1
1385,Branch_1630,6249,6257,21.24946876328092,1
1386,Branch_1631,5429,5543,125.62814070351759,1
1387,Branch_1632,3165,5126,44.72271914132379,1
1388,Branch_1633,4120,5208,396.8253968253968,1
1389,Branch_1634,3929,4120,714.2857142857143,1
1390,Branch_1635,3872,5208,552.4861878453039,1
1391,Branch_1636,3831,3872,277.77777777777777,1
1392,Branch_1637,3165,5126,44.72271914132379,1
1393,Branch_1638,3428,5126,72.20216606498195,1
1394,Branch_1639,1832,1981,105.26315789473684,1
1395,Branch_1640,3165,3869,75.47169811320755,1
1396,Branch_1641,3869,4149,144.3001443001443,1
1397,Branch_1642,3381,4149,243.30900243309003,1
1398,Branch_1643,3110,4149,219.2982456140351,1
1399,Branch_1644,1943,2138,58.0046403712297,1
1400,Branch_1645,4405,9433,2000.0,1
1401,Branch_1646,4006,4422,277.77777777777777,1
1402,Branch_1647,2994,3138,202.83975659229208,1
1403,Branch_1648,3138,4279,318.47133757961785,1
1404,Branch_1649,4422,5244,160.25641025641025,1
1405,Branch_1650,4279,5244,400.0,1
1406,Branch_1651,3572,4279,374.53183520599254,1
1407,Branch_1652,2487,2756,5.150126178091363,1
1408,Branch_1653,4009,4421,289.8550724637681,1
1409,Branch_1654,3137,4186,934.5794392523364,1
1410,Branch_1655,2994,3137,202.83975659229208,1
1411,Branch_1656,4186,5250,374.53183520599254,1
1412,Branch_1657,3877,5250,119.61722488038278,1
1413,Branch_1658,4186,4280,480.7692307692308,1
1414,Branch_1659,4421,5245,160.25641025641025,1
1415,Branch_1660,4280,5245,400.0,1
1416,Branch_1661,3573,4280,122.85012285012284,1
1417,Branch_1662,3824,4915,862.0689655172414,1
1418,Branch_1663,3316,4004,840.3361344537815,1
1419,Branch_1664,3316,4112,39.98400639744102,1
1420,Branch_1665,2480,2537,116.27906976744185,1
1421,Branch_1666,3315,4005,840.3361344537815,1
1422,Branch_1667,3315,4112,40.04805766920305,1
1423,Branch_1668,2329,2480,115.34025374855824,1
1424,Branch_1669,3480,3846,69.25207756232687,1
1425,Branch_1670,3846,3883,119.47431302270012,1
1426,Branch_1671,2917,3480,235.8490566037736,1
1427,Branch_1672,3857,3939,636.9426751592357,1
1428,Branch_1673,2994,3939,224.7191011235955,1
1429,Branch_1674,3857,3883,1428.5714285714287,1
1430,Branch_1675,2675,2703,29.01915264074289,1
1431,Branch_1676,5363,5543,259.0673575129534,1
1432,Branch_1677,2868,3565,148.5884101040119,1
1433,Branch_1678,3491,4276,602.4096385542168,1
1434,Branch_1679,3565,3691,141.24293785310735,1
1435,Branch_1680,3491,4019,448.4304932735426,1
1436,Branch_1681,2868,4717,2000.0,1
1437,Branch_1682,4276,4717,403.2258064516129,1
1438,Branch_1683,5469,5507,42.69854824935952,1
1439,Branch_1684,8285,8733,70.47216349541931,1
1440,Branch_1686,3777,4349,418.41004184100416,1
1441,Branch_1687,3777,5193,84.24599831508003,1
1442,Branch_1688,3500,3777,314.4654088050315,1
1443,Branch_1689,3500,5201,314.4654088050315,1
1444,Branch_1690,3492,4349,74.23904974016332,1
1445,Branch_1691,3492,4020,448.4304932735426,1
1446,Branch_1692,4454,5192,84.24599831508003,1
1447,Branch_1693,3501,4454,314.4654088050315,1
1448,Branch_1694,3501,5201,314.4654088050315,1
1449,Branch_1695,3598,4454,151.9756838905775,1
1450,Branch_1696,3691,4272,165.28925619834712,1
1451,Branch_1697,3598,4272,2000.0,1
1452,Branch_1698,3956,4272,170.06802721088437,1
1453,Branch_1699,3076,4960,136.986301369863,1
1454,Branch_1703,3596,3691,156.73981191222572,1
1455,Branch_1704,1931,2432,2000.0,1
1456,Branch_1705,4328,5126,76.5696784073507,1
1457,Branch_1706,3603,3958,189.3939393939394,1
1458,Branch_1707,3747,3958,2000.0,1
1459,Branch_1708,3958,5247,152.4390243902439,1
1460,Branch_1709,3060,4328,130.03901170351105,1
1461,Branch_1710,3060,3747,362.3188405797101,1
1462,Branch_1711,4238,5247,86.13264427217915,1
1463,Branch_1712,3163,4329,126.42225031605562,1
1464,Branch_1713,3163,5126,204.49897750511246,1
1465,Branch_1714,3163,3248,113.63636363636364,1
1466,Branch_1715,3248,4335,121.50668286755771,1
1467,Branch_1716,4335,5248,85.61643835616438,1
1468,Branch_1717,1867,2703,15.74555188159345,1
1469,Branch_1719,3135,3691,38.729666924864446,1
1470,Branch_1720,3691,4177,133.33333333333334,1
1471,Branch_1721,3246,4177,115.60693641618496,1
1472,Branch_1722,4177,4394,50.30181086519115,1
1473,Branch_1723,5126,5354,189.0359168241966,1
1474,Branch_1724,3246,5354,104.9317943336831,1
1475,Branch_1725,6077,6264,257.7319587628866,1
1476,Branch_1726,5498,5591,50.787201625190455,1
1477,Branch_1727,3134,5189,139.86013986013987,1
1478,Branch_1728,5189,5300,72.99270072992701,1
1479,Branch_1729,2330,2354,2000.0,1
1480,Branch_1730,4533,4991,245.7002457002457,1
1481,Branch_1731,4990,4991,2000.0,1
1482,Branch_1732,2330,4991,151.74506828528072,1
1483,Branch_1733,4275,4768,93.28358208955224,1
1484,Branch_1734,2867,5212,303.951367781155,1
1485,Branch_1735,3134,5188,188.32391713747646,1
1486,Branch_1736,2867,4716,2000.0,1
1487,Branch_1737,4275,4716,403.2258064516129,1
1488,Branch_1738,4768,5188,164.20361247947454,1
1489,Branch_1739,3566,3691,141.24293785310735,1
1490,Branch_1740,3566,5212,165.28925619834712,1
1491,Branch_1741,2330,5382,126.26262626262626,1
1492,Branch_1742,8200,8922,45.64125969876768,1
1493,Branch_1743,3493,5498,25.641025641025642,1
1494,Branch_1744,2890,3135,149.2537313432836,1
1495,Branch_1745,2331,2352,2000.0,1
1496,Branch_1746,2317,5382,176.05633802816902,1
1497,Branch_1749,2317,2331,221.72949002217294,1
1498,Branch_1750,4533,5081,271.00271002710025,1
1499,Branch_1753,2331,5081,218.8183807439825,1
1500,Branch_1754,4533,4944,2000.0,1
1501,Branch_1755,1786,2582,61.881188118811885,1
1502,Branch_1756,3041,3226,769.2307692307693,1
1503,Branch_1757,3005,3226,97.46588693957115,1
1504,Branch_1758,3004,4414,75.75757575757575,1
1505,Branch_1759,2905,3005,103.95010395010395,1
1506,Branch_1761,8467,8820,190.47619047619048,1
1507,Branch_1762,3134,3158,729.92700729927,1
1508,Branch_1763,3158,3213,649.3506493506494,1
1509,Branch_1764,8467,8472,2000.0,1
1510,Branch_1765,8467,8468,2000.0,1
1511,Branch_1766,8387,8877,120.77294685990339,1
1512,Branch_1767,8467,8877,144.3001443001443,1
1513,Branch_1768,2440,2714,4.531037607612143,1
1514,Branch_1770,6133,6482,67.79661016949153,1
1515,Branch_1771,3135,3159,729.92700729927,1
1516,Branch_1772,3159,3214,649.3506493506494,1
1517,Branch_1773,6133,6482,67.79661016949153,1
1518,Branch_1774,6133,6484,142.65335235378032,1
1519,Branch_1775,6133,6484,142.65335235378032,1
1520,Branch_1776,6484,6490,66.2251655629139,1
1521,Branch_1777,7984,8390,2000.0,1
1522,Branch_1778,6484,6490,66.2251655629139,1
1523,Branch_1779,9507,9825,111.23470522803115,1
1524,Branch_1780,9525,9825,93.28358208955224,1
1525,Branch_1781,9507,9525,50.9683995922528,1
1526,Branch_1782,6225,6497,228.83295194508008,1
1527,Branch_1783,6482,6497,57.17552887364208,1
1528,Branch_1784,6482,6497,57.17552887364208,1
1529,Branch_1785,4361,4363,2000.0,1
1530,Branch_1786,4372,4517,2000.0,1
1531,Branch_1789,7955,7976,132.9787234042553,1
1532,Branch_1790,8645,8736,54.97526113249038,1
1533,Branch_1791,8645,8808,156.73981191222572,1
1534,Branch_1792,8645,8808,156.73981191222572,1
1535,Branch_1794,7976,9121,177.61989342806393,1
1536,Branch_1796,8590,9121,77.82101167315174,1
1537,Branch_1797,7955,8590,45.682960255824575,1
1538,Branch_1798,8590,8808,41.37360364087712,1
1539,Branch_1799,8590,8808,41.37360364087712,1
1540,Branch_1800,7435,7576,49.333991119881595,1
1541,Branch_1801,2879,3034,293.2551319648094,1
1542,Branch_1802,3256,5232,138.88888888888889,1
1543,Branch_1803,3034,3654,319.4888178913738,1
1544,Branch_1804,2879,5232,293.2551319648094,1
1545,Branch_1805,2880,3033,293.2551319648094,1
1546,Branch_1806,3255,5233,138.88888888888889,1
1547,Branch_1807,3033,3652,319.4888178913738,1
1548,Branch_1808,2880,5233,293.2551319648094,1
1549,Branch_1809,6220,6245,6.236357966947303,1
1550,Branch_1810,3339,3752,411.52263374485597,1
1551,Branch_1811,2994,3752,377.35849056603774,1
1552,Branch_1812,2806,3255,2000.0,1
1553,Branch_1813,2806,3338,201.61290322580646,1
1554,Branch_1814,1800,2731,12.769761205465457,1
1555,Branch_1815,6045,6249,6.741270055278415,1
1556,Branch_1816,3338,3751,411.52263374485597,1
1557,Branch_1817,2994,3751,377.35849056603774,1
1558,Branch_1818,2805,3256,2000.0,1
1559,Branch_1819,2805,3339,199.6007984031936,1
1560,Branch_1820,3949,4510,57.8368999421631,1
1561,Branch_1823,4355,9530,121.21212121212122,1
1562,Branch_1824,3830,4542,43.78283712784589,1
1563,Branch_1825,3831,4542,43.78283712784589,1
1564,Branch_1826,4544,5016,120.48192771084338,1
1565,Branch_1829,5016,5046,2000.0,1
1566,Branch_1831,2766,6497,22.763487366264513,1
1567,Branch_1832,4868,5016,602.4096385542168,1
1568,Branch_1833,2766,6225,24.968789013732835,1
1569,Branch_1834,3384,4667,267.379679144385,1
1570,Branch_1835,2766,4667,48.355899419729205,1
1571,Branch_1836,2766,4844,2000.0,1
1572,Branch_1837,4877,4887,2000.0,1
1573,Branch_1838,2766,4877,38.03727653100038,1
1574,Branch_1839,3436,4877,32.552083333333336,1
1575,Branch_1840,3436,4778,28.538812785388128,1
1576,Branch_1841,2766,4778,45.78754578754579,1
1577,Branch_1842,4960,5630,31.51591553734636,1
1578,Branch_1843,3974,4568,94.07337723424271,1
1579,Branch_1844,3256,5299,78.125,1
1580,Branch_1845,3607,4568,429.18454935622316,1
1581,Branch_1846,3727,4568,54.02485143165856,1
1582,Branch_1849,3727,4568,54.02485143165856,1
1583,Branch_1852,4801,9544,100.80645161290323,1
1584,Branch_1853,3727,4801,24.277737314882252,1
1585,Branch_1854,4870,9545,47.551117451260104,1
1586,Branch_1855,3727,4870,33.67003367003367,1
1587,Branch_1858,2192,2655,112.61261261261261,1
1588,Branch_1859,3255,5278,364.963503649635,1
1589,Branch_1860,1895,2532,36.496350364963504,1
1590,Branch_1861,3256,5277,364.963503649635,1
1591,Branch_1862,3256,4645,1010.10101010101,1
1592,Branch_1863,3255,4646,1098.901098901099,1
1593,Branch_1865,4960,5020,2000.0,1
1594,Branch_1866,3255,3702,411.52263374485597,1
1595,Branch_1867,3007,3702,168.35016835016836,1
1596,Branch_1868,3420,4028,236.4066193853428,1
1597,Branch_1869,3007,4028,132.27513227513228,1
1598,Branch_1870,4028,4414,617.283950617284,1
1599,Branch_1871,2184,2532,194.1747572815534,1
1600,Branch_1872,3256,3703,370.3703703703704,1
1601,Branch_1873,3008,3703,168.35016835016836,1
1602,Branch_1874,3008,4414,108.93246187363835,1
1603,Branch_1875,2124,2432,33.200531208499335,1
1604,Branch_1876,5591,5630,49.9001996007984,1
1605,Branch_1877,3419,4414,138.12154696132598,1
1606,Branch_1878,1928,2525,25.220680958385877,1
1607,Branch_1879,2889,3134,157.9778830963665,1
1608,Branch_1880,2889,4318,201.61290322580646,1
1609,Branch_1881,2891,4318,190.11406844106463,1
1610,Branch_1882,1978,2695,38.299502106472616,1
1611,Branch_1883,4273,4414,106.04453870625663,1
1612,Branch_1884,2905,4273,106.04453870625663,1
1613,Branch_1885,4318,5144,112.86681715575621,1
1614,Branch_1886,2905,5144,467.2897196261682,1
1615,Branch_1887,1854,2559,1.4900242873958847,1
1616,Branch_1888,5540,5680,68.1663258350375,1
1617,Branch_1889,6249,6379,13.892747985551543,1
1618,Branch_1890,3283,4318,649.3506493506494,1
1619,Branch_1891,3283,3821,150.6024096385542,1
1620,Branch_1892,3821,5194,154.5595054095827,1
1621,Branch_1893,3804,4769,86.80555555555556,1
1622,Branch_1894,4769,4775,2000.0,1
1623,Branch_1895,4542,4769,98.61932938856016,1
1624,Branch_1896,3804,4773,54.200542005420054,1
1625,Branch_1897,4773,4779,2000.0,1
1626,Branch_1898,4542,4773,279.3296089385475,1
1627,Branch_1899,4355,4555,118.90606420927467,1
1628,Branch_1901,3370,4579,150.6024096385542,1
1629,Branch_1902,2514,2611,59.523809523809526,1
1630,Branch_1903,5591,5680,117.50881316098707,1
1631,Branch_1904,3366,3697,103.30578512396694,1
1632,Branch_1905,2910,3366,152.9051987767584,1
1633,Branch_1906,4522,4925,86.58008658008659,1
1634,Branch_1907,3697,3813,49.9001996007984,1
1635,Branch_1908,3452,3697,47.05882352941177,1
1636,Branch_1909,3452,3758,147.49262536873155,1
1637,Branch_1910,3452,4414,67.38544474393531,1
1638,Branch_1911,2910,3785,57.50431282346176,1
1639,Branch_1912,2910,4522,2000.0,1
1640,Branch_1913,4318,5145,111.48272017837235,1
1641,Branch_1914,2905,5145,467.2897196261682,1
1642,Branch_1915,1935,1995,91.82736455463728,1
1643,Branch_1916,5429,5680,22.56317689530686,1
1644,Branch_1917,2939,4150,303.951367781155,1
1645,Branch_1918,2939,3394,246.91358024691357,1
1646,Branch_1919,2939,5163,336.7003367003367,1
1647,Branch_1920,2994,3394,617.283950617284,1
1648,Branch_1921,3800,4925,81.83306055646482,1
1649,Branch_1922,2940,4151,303.030303030303,1
1650,Branch_1923,2940,3393,246.91358024691357,1
1651,Branch_1924,2940,5163,336.7003367003367,1
1652,Branch_1925,2994,3393,617.283950617284,1
1653,Branch_1926,1852,2514,87.41258741258741,1
1654,Branch_1927,3548,3878,156.25,1
1655,Branch_1928,2994,3548,347.22222222222223,1
1656,Branch_1929,3548,3858,478.4688995215311,1
1657,Branch_1930,3858,3883,2000.0,1
1658,Branch_1931,2932,3457,278.55153203342616,1
1659,Branch_1932,2932,3883,581.3953488372093,1
1660,Branch_1933,3481,3845,69.25207756232687,1
1661,Branch_1934,3696,3883,284.9002849002849,1
1662,Branch_1935,2917,3481,235.8490566037736,1
1663,Branch_1936,3696,3845,194.55252918287937,1
1664,Branch_1937,3011,4112,30.275507114744173,1
1665,Branch_1938,3337,4313,1515.1515151515152,1
1666,Branch_1939,3011,5324,2000.0,1
1667,Branch_1940,3011,3337,93.10986964618249,1
1668,Branch_1941,4414,5141,44.38526409232135,1
1669,Branch_1942,5141,5324,2000.0,1
1670,Branch_1943,5563,5680,2000.0,1
1671,Branch_1944,4112,5324,29.895366218236173,1
1672,Branch_1945,4414,4434,80.58017727639,1
1673,Branch_1946,5140,5324,2000.0,1
1674,Branch_1947,4434,5140,98.81422924901186,1
1675,Branch_1948,2078,2570,32.62642740619902,1
1676,Branch_1949,5540,5841,157.9778830963665,1
1677,Branch_1950,3635,4004,89.44543828264759,1
1678,Branch_1951,3635,3819,138.12154696132598,1
1679,Branch_1952,3819,4414,83.75209380234506,1
1680,Branch_1953,4004,4112,38.74467260751646,1
1681,Branch_1954,2588,2609,26.143790849673202,1
1682,Branch_1955,3636,4005,89.44543828264759,1
1683,Branch_1956,3636,3818,138.12154696132598,1
1684,Branch_1957,3818,4414,83.75209380234506,1
1685,Branch_1958,4005,4112,38.74467260751646,1
1686,Branch_1959,1848,1852,55.61735261401557,1
1687,Branch_1960,5935,6249,8.429570934839417,1
1688,Branch_1961,1664,1666,1190.4761904761904,1
1689,Branch_1962,2945,3141,128.36970474967907,1
1690,Branch_1963,3141,5163,119.33174224343675,1
1691,Branch_1964,2945,4319,176.3668430335097,1
1692,Branch_1965,2917,4319,69.25207756232687,1
1693,Branch_1966,3010,4319,502.51256281407035,1
1694,Branch_1967,2851,4918,42.716787697565145,1
1695,Branch_1968,4918,4947,2000.0,1
1696,Branch_1969,4510,4918,617.283950617284,1
1697,Branch_1970,4510,9525,13.458950201884253,1
1698,Branch_1971,4510,9525,13.458950201884253,1
1699,Branch_1972,1785,2087,1282.051282051282,1
1700,Branch_1973,5507,5591,53.10674455655868,1
1701,Branch_1974,1785,2086,1265.8227848101267,1
1702,Branch_1975,1822,2551,40.08016032064128,1
1703,Branch_1976,3429,5126,43.38394793926247,1
1704,Branch_1977,2045,2562,144.7178002894356,1
1705,Branch_1978,2874,5201,91.15770282588879,1
1706,Branch_1979,2874,4398,179.85611510791367,1
1707,Branch_1980,4398,5163,206.61157024793388,1
1708,Branch_1982,2873,5201,84.31703204047217,1
1709,Branch_1983,2873,4399,188.32391713747646,1
1710,Branch_1984,4399,5163,201.61290322580646,1
1711,Branch_1985,1780,2046,66.711140760507,1
1712,Branch_1987,4495,5201,123.76237623762377,1
1713,Branch_1988,3115,3664,61.881188118811885,1
1714,Branch_1989,3115,4495,123.76237623762377,1
1715,Branch_1991,539,1381,5.1020408163265305,1
1716,Branch_1992,4496,5201,123.76237623762377,1
1717,Branch_1993,3114,3508,126.58227848101266,1
1718,Branch_1994,3508,3664,126.58227848101266,1
1719,Branch_1995,3114,4496,123.76237623762377,1
1720,Branch_1997,2498,2733,44.20866489832007,1
1721,Branch_1998,1941,2008,403.2258064516129,1
1722,Branch_2000,3309,4316,1098.901098901099,1
1723,Branch_2001,3309,3334,1265.8227848101267,1
1724,Branch_2002,2933,3334,66.00660066006601,1
1725,Branch_2003,3334,5191,110.74197120708749,1
1726,Branch_2004,3664,5191,127.7139208173691,1
1727,Branch_2005,3911,5191,584.7953216374269,1
1728,Branch_2006,3142,4634,380.22813688212926,1
1729,Branch_2007,3142,5163,119.61722488038278,1
1730,Branch_2008,2933,3462,201.61290322580646,1
1731,Branch_2009,3112,3462,403.2258064516129,1
1732,Branch_2010,3112,4634,201.61290322580646,1
1733,Branch_2011,2460,2679,36.023054755043226,1
1734,Branch_2012,2419,6174,27.662517289073307,1
1735,Branch_2013,2830,4510,31.036623215394165,1
1736,Branch_2014,2795,4510,189.0359168241966,1
1737,Branch_2015,2795,2830,37.65060240963855,1
1738,Branch_2016,4119,5860,35.27336860670194,1
1739,Branch_2017,1776,1871,87.64241893076249,1
1740,Branch_2018,3076,4119,135.13513513513513,1
1741,Branch_2019,5927,5990,46.51162790697674,1
1742,Branch_2020,5860,5862,2000.0,1
1743,Branch_2021,4303,4400,254.4529262086514,1
1744,Branch_2022,3514,4400,180.18018018018017,1
1745,Branch_2023,4303,4414,160.77170418006432,1
1746,Branch_2024,4303,4435,362.3188405797101,1
1747,Branch_2025,3514,3981,325.7328990228013,1
1748,Branch_2026,5838,5860,617.283950617284,1
1749,Branch_2027,5920,6032,3.8137370809656383,1
1750,Branch_2028,2036,2527,24.752475247524753,1
1751,Branch_2029,5644,5838,119.04761904761905,1
1752,Branch_2030,1777,1957,282.4858757062147,1
1753,Branch_2031,2147,2666,769.2307692307693,1
1754,Branch_2032,9730,9745,2000.0,1
1755,Branch_2033,5644,9730,57.4052812858783,1
1756,Branch_2035,1838,1867,40.19292604501608,1
1757,Branch_2036,9229,9730,121.21212121212122,1
1758,Branch_2037,9236,9900,58.47953216374269,1
1759,Branch_2038,3134,3653,847.457627118644,1
1760,Branch_2039,1966,2751,29.682398337785692,1
1761,Branch_2040,9229,9453,826.4462809917355,1
1762,Branch_2041,2787,3503,125.0,1
1763,Branch_2042,9229,9452,826.4462809917355,1
1764,Branch_2043,9229,9900,253.80710659898477,1
1765,Branch_2044,3503,5127,7.861635220125787,1
1766,Branch_2045,2030,2600,2000.0,1
1767,Branch_2046,3076,3899,136.6120218579235,1
1768,Branch_2047,2030,2600,2000.0,1
1769,Branch_2048,1803,1892,27.785495971103085,1
1770,Branch_2049,2147,2650,60.27727546714888,1
1771,Branch_2050,9900,9918,2000.0,1
1772,Branch_2051,1867,6174,66.40106241699867,1
1773,Branch_2052,3076,4119,135.13513513513513,1
1774,Branch_2053,9136,9236,2000.0,1
1775,Branch_2055,2830,9136,48.5201358563804,1
1776,Branch_2056,6189,6372,5.233136218535768,1
1777,Branch_2057,9136,9229,45.80852038479157,1
1778,Branch_2058,4119,9136,70.97232079489,1
1779,Branch_2059,7525,7761,88.02816901408451,1
1780,Branch_2061,1914,2633,47.82400765184122,1
1781,Branch_2062,3135,4237,595.2380952380952,1
1782,Branch_2063,3134,4235,595.2380952380952,1
1783,Branch_2064,1867,6174,65.57377049180327,1
1784,Branch_2065,5464,5658,62.93266205160478,1
1785,Branch_2066,4237,4563,401.60642570281124,1
1786,Branch_2067,3285,3654,2000.0,1
1787,Branch_2068,3285,4563,2000.0,1
1788,Branch_2069,1939,2570,38.2262996941896,1
1789,Branch_2070,4119,5853,59.95203836930455,1
1790,Branch_2071,4235,4562,401.60642570281124,1
1791,Branch_2072,3284,3652,2000.0,1
1792,Branch_2073,3284,4562,2000.0,1
1793,Branch_2074,2830,4119,85.1063829787234,1
1794,Branch_2075,1802,2106,2000.0,1
1795,Branch_2076,5853,5869,143.67816091954023,1
1796,Branch_2077,1822,2606,17.866714311238162,1
1797,Branch_2078,5853,5865,2000.0,1
1798,Branch_2079,1947,2642,12.292562999385371,1
1799,Branch_2080,1955,2758,26.99055330634278,1
1800,Branch_2081,5644,5838,123.30456226880395,1
1801,Branch_2082,1872,2611,31.289111389236545,1
1802,Branch_2083,2091,2600,236.96682464454977,1
1803,Branch_2084,196,200,228.83295194508008,1
1804,Branch_2086,5838,5869,176.3668430335097,1
1805,Branch_2087,8014,8854,22.49718785151856,1
1806,Branch_2088,2412,4533,65.91957811470007,1
1807,Branch_2089,5984,6424,66.53359946773121,1
1808,Branch_2090,6110,6424,115.47344110854503,1
1809,Branch_2091,5869,5873,2000.0,1
1810,Branch_2092,6110,6686,71.78750897343862,1
1811,Branch_2093,1997,2653,3.258390355164549,1
1812,Branch_2094,2896,4533,366.3003663003663,1
1813,Branch_2095,2134,2758,53.85029617662897,1
1814,Branch_2096,2606,2675,33.9097999321804,1
1815,Branch_2097,1914,2576,103.51966873706004,1
1816,Branch_2098,6082,6427,26.90341673392521,1
1817,Branch_2099,1997,2050,28.653295128939828,1
1818,Branch_2100,5892,6355,72.46376811594203,1
1819,Branch_2101,5892,5984,347.22222222222223,1
1820,Branch_2102,2412,4533,65.96306068601584,1
1821,Branch_2104,2393,7220,40.27386226339106,1
1822,Branch_2106,7308,7445,1369.86301369863,1
1823,Branch_2107,1807,2459,77.57951900698215,1
1824,Branch_2108,2896,4533,366.3003663003663,1
1825,Branch_2109,1807,2696,115.34025374855824,1
1826,Branch_2110,2462,2696,16.781339150864238,1
1827,Branch_2111,8061,8266,8.721437292865865,1
1828,Branch_2112,1838,2183,45.97701149425287,1
1829,Branch_2113,196,200,228.83295194508008,1
1830,Branch_2115,2363,2412,934.5794392523364,1
1831,Branch_2117,8014,8220,46.21072088724584,1
1832,Branch_2118,7991,8090,180.83182640144665,1
1833,Branch_2120,7969,8061,19.098548510313215,1
1834,Branch_2121,1780,2420,327.8688524590164,1
1835,Branch_2122,1859,2363,64.93506493506493,1
1836,Branch_2123,7914,8480,85.25149190110827,1
1837,Branch_2124,807,819,31.565656565656564,1
1838,Branch_2125,6262,6313,7.008199593524424,1
1839,Branch_2126,8200,8481,42.229729729729726,1
1840,Branch_2127,6003,6335,14.83459427384661,1
1841,Branch_2128,1872,1955,53.39028296849973,1
1842,Branch_2129,1859,2412,61.05006105006105,1
1843,Branch_2131,7897,8855,184.84288354898337,1
1844,Branch_2132,7991,8521,36.04902667627974,1
1845,Branch_2133,7991,8200,38.80481179666278,1
1846,Branch_2134,7991,8193,41.597337770382694,1
1847,Branch_2136,7991,8382,71.27583749109051,1
1848,Branch_2137,2551,2585,147.92899408284023,1
1849,Branch_2138,1841,2563,30.202355783751134,1
1850,Branch_2139,6004,6045,13.335111348179757,1
1851,Branch_2140,1846,2187,21.50537634408602,1
1852,Branch_2142,6321,6412,73.96449704142012,1
1853,Branch_2143,7640,7644,106.83760683760684,1
1854,Branch_2144,6274,6649,14.200511218403863,1
1855,Branch_2145,7285,7385,34.904013961605585,1
1856,Branch_2146,1771,2557,37.03703703703704,1
1857,Branch_2147,2500,2536,19.331142470520007,1
1858,Branch_2148,1925,2536,111.48272017837235,1
1859,Branch_2149,2028,2537,164.20361247947454,1
1860,Branch_2150,6174,6416,28.37684449489217,1
1861,Branch_2151,6177,6582,62.893081761006286,1
1862,Branch_2152,9236,9414,1492.5373134328358,1
1863,Branch_2153,7393,7425,17.135023989033584,1
1864,Branch_2154,7424,7454,8.909479686386314,1
1865,Branch_2155,7411,7525,41.511000415110004,1
1866,Branch_2156,7411,7753,105.9322033898305,1
1867,Branch_2157,7519,7565,6.246486351427322,1
1868,Branch_2158,7119,7303,40.46944556859571,1
1869,Branch_2159,5988,5992,93.72071227741331,1
1870,Branch_2160,7513,7592,18.942981625307823,1
1871,Branch_2161,5428,5507,30.23888720895071,1
1872,Branch_2162,8200,8324,79.80845969672785,1
1873,Branch_2163,2437,2561,310.55900621118013,1
1874,Branch_2164,7991,8324,74.34944237918215,1
1875,Branch_2165,7103,7285,19.968051118210862,1
1876,Branch_2166,6234,6573,59.844404548174744,1
1877,Branch_2167,5988,6260,4.130183380142078,1
1878,Branch_2169,3423,3824,59.31198102016607,1
1879,Branch_2171,8274,8493,5.353319057815845,1
1880,Branch_2172,1853,2085,30.931023816888338,1
1881,Branch_2173,3830,4819,122.54901960784314,1
1882,Branch_2175,1996,2021,46.68534080298786,1
1883,Branch_2176,2258,2634,183.8235294117647,1
1884,Branch_2177,6174,6313,93.37068160597572,1
1885,Branch_2178,2091,2666,211.41649048625794,1
1886,Branch_2179,1968,2309,84.45945945945945,1
1887,Branch_2181,4544,5053,93.89671361502347,1
1888,Branch_2184,1964,2309,21.83406113537118,1
1889,Branch_2187,2259,2715,27.925160569673274,1
1890,Branch_2188,4805,5351,2000.0,1
1891,Branch_2189,1960,2573,41.61464835622139,1
1892,Branch_2190,3422,5053,1162.7906976744187,1
1893,Branch_2191,2090,2634,70.97232079489,1
1894,Branch_2192,3423,4805,101.01010101010101,1
1895,Branch_2193,4544,4805,892.8571428571429,1
1896,Branch_2194,6234,6432,196.46365422396858,1
1897,Branch_2195,5983,6744,4.05926527298559,1
1898,Branch_2197,7086,7382,119.18951132300357,1
1899,Branch_2198,6174,6262,6.519754857217369,1
1900,Branch_2199,5466,5657,63.13131313131313,1
1901,Branch_2202,3493,5428,51.65289256198347,1
1902,Branch_2204,2619,2744,143.26647564469914,1
1903,Branch_2205,1976,2508,4.7447333459859555,1
1904,Branch_2207,8862,9106,1265.8227848101267,1
1905,Branch_2208,8862,9009,172.41379310344828,1
1906,Branch_2209,8246,9009,42.42681374628766,1
1907,Branch_2210,9010,9106,636.9426751592357,1
1908,Branch_2211,8614,9010,268.81720430107526,1
1909,Branch_2212,8246,8614,40.22526146419952,1
1910,Branch_2213,8613,8614,103.62694300518135,1
1911,Branch_2216,6003,6416,13.498920086393088,1
1912,Branch_2217,3493,3804,181.15942028985506,1
1913,Branch_2218,1816,1939,41.82350480970305,1
1914,Branch_2219,1776,1942,36.99593044765076,1
1915,Branch_2220,1779,2224,10.895619960775768,1
1916,Branch_2221,2582,6174,27.210884353741495,1
1917,Branch_2222,3493,5429,51.20327700972862,1
1918,Branch_2223,6380,6437,80.32128514056225,1
1919,Branch_2225,1770,1943,67.56756756756756,1
1920,Branch_2226,5030,5064,2000.0,1
1921,Branch_2227,1770,2706,109.17030567685589,1
1922,Branch_2228,1794,1841,55.67928730512249,1
1923,Branch_2229,2811,4721,383.1417624521073,1
1924,Branch_2230,2008,2476,189.0359168241966,1
1925,Branch_2231,2008,2122,72.5689404934688,1
1926,Branch_2232,3830,5030,2000.0,1
1927,Branch_2233,3831,4258,84.60236886632826,1
1928,Branch_2234,2492,2633,31.27932436659368,1
1929,Branch_2238,3164,5209,209.64360587002096,1
1930,Branch_2239,3871,5209,561.7977528089888,1
1931,Branch_2240,3830,3871,278.55153203342616,1
1932,Branch_2241,2229,2441,30.111412225233362,1
1933,Branch_2242,1957,2437,226.75736961451247,1
1934,Branch_2243,2145,2653,10.339123242349048,1
1935,Branch_2244,2811,4997,2000.0,1
1936,Branch_2245,1892,2127,613.4969325153374,1
1937,Branch_2246,2519,2523,45.578851412944395,1
1938,Branch_2247,2865,4064,128.2051282051282,1
1939,Branch_2248,2865,4166,127.8772378516624,1
1940,Branch_2249,2834,4636,342.4657534246575,1
1941,Branch_2250,3969,5142,268.81720430107526,1
1942,Branch_2251,3512,5142,253.16455696202533,1
1943,Branch_2252,3512,4492,381.6793893129771,1
1944,Branch_2253,3951,5142,287.35632183908046,1
1945,Branch_2254,4492,4503,381.6793893129771,1
1946,Branch_2256,4636,4720,103.30578512396694,1
1947,Branch_2257,3969,4720,125.31328320802005,1
1948,Branch_2258,4503,5012,495.0495049504951,1
1949,Branch_2259,4166,5012,793.6507936507936,1
1950,Branch_2260,2422,2519,2000.0,1
1951,Branch_2261,2864,4064,128.2051282051282,1
1952,Branch_2262,2864,4167,127.8772378516624,1
1953,Branch_2264,3511,5143,253.16455696202533,1
1954,Branch_2265,2834,3791,77.82101167315174,1
1955,Branch_2266,3791,4721,270.27027027027026,1
1956,Branch_2267,3968,5143,268.81720430107526,1
1957,Branch_2268,3950,5143,287.35632183908046,1
1958,Branch_2269,3511,4491,381.6793893129771,1
1959,Branch_2270,4491,4504,381.6793893129771,1
1960,Branch_2272,2811,3968,204.49897750511246,1
1961,Branch_2273,4167,5013,793.6507936507936,1
1962,Branch_2274,4504,5013,793.6507936507936,1
1963,Branch_2275,2423,2519,2000.0,1
1964,Branch_2276,1854,2731,7.746533426291735,1
1965,Branch_2277,2051,2716,120.77294685990339,1
1966,Branch_2279,1928,2191,37.50937734433609,1
1967,Branch_2280,3513,4064,123.00123001230013,1
1968,Branch_2281,3513,5173,98.81422924901186,1
1969,Branch_2282,3754,5173,108.22510822510823,1
1970,Branch_2283,2203,2230,44.36557231588287,1
1971,Branch_2284,1958,2559,4.491354143274197,1
1972,Branch_2285,2260,2721,78.92659826361484,1
1973,Branch_2286,2435,2695,17.953321364452425,1
1974,Branch_2287,9451,9887,628.930817610063,1
1975,Branch_2288,9450,9887,602.4096385542168,1
1976,Branch_2289,1972,2694,21.968365553602812,1
1977,Branch_2290,2459,2694,12.934937265554263,1
1978,Branch_2291,1795,2462,36.1794500723589,1
1979,Branch_2292,6016,6262,82.98755186721992,1
1980,Branch_2293,5984,6424,66.44518272425249,1
1981,Branch_2294,2957,4064,80.25682182985554,1
1982,Branch_2295,2957,3754,140.0560224089636,1
1983,Branch_2296,6424,6686,44.20866489832007,1
1984,Branch_2297,8090,8327,34.48275862068966,1
1985,Branch_2298,7991,8326,72.25433526011561,1
1986,Branch_2299,9399,9887,2000.0,1
1987,Branch_2302,9400,9887,2000.0,1
1988,Branch_2303,2013,6545,41.1522633744856,1
1989,Branch_2305,6240,6262,15.211439002129602,1
1990,Branch_2306,3485,3551,2000.0,1
1991,Branch_2307,3551,4244,99.10802775024777,1
1992,Branch_2308,4244,4477,21.934634788330776,1
1993,Branch_2310,3485,5202,85.03401360544218,1
1994,Branch_2311,4024,5202,346.02076124567475,1
1995,Branch_2312,3736,4024,43.63001745200698,1
1996,Branch_2313,3526,4024,192.30769230769232,1
1997,Branch_2314,2834,4784,140.4494382022472,1
1998,Branch_2317,4784,9514,72.7802037845706,1
1999,Branch_2318,9413,9514,2000.0,1
2000,Branch_2319,4776,4784,2000.0,1
2001,Branch_2320,9413,9887,33.244680851063826,1
2002,Branch_2321,4969,4970,2000.0,1
2003,Branch_2322,4969,4972,2000.0,1
2004,Branch_2323,3485,4971,2000.0,1
2005,Branch_2324,6424,6509,55.92841163310962,1
2006,Branch_2325,4477,5149,2000.0,1
2007,Branch_2328,4614,5122,33.818058843422385,1
2008,Branch_2329,5119,9938,1428.5714285714287,1
2009,Branch_2330,9887,9938,438.5964912280702,1
2010,Branch_2331,5119,5121,57.6036866359447,1
2011,Branch_2332,5121,5122,38.08073115003808,1
2012,Branch_2333,9237,9627,88.96797153024912,1
2013,Branch_2334,2834,4681,57.077625570776256,1
2014,Branch_2335,4614,4681,184.50184501845018,1
2015,Branch_2336,2807,5122,2000.0,1
2016,Branch_2337,4607,4841,60.97560975609756,1
2017,Branch_2340,3077,4607,19.37608990505716,1
2018,Branch_2341,3199,4841,2000.0,1
2019,Branch_2342,3199,3776,37.65060240963855,1
2020,Branch_2343,3240,3776,87.87346221441125,1
2021,Branch_2344,3240,4680,1162.7906976744187,1
2022,Branch_2345,4136,4680,96.24639076034649,1
2023,Branch_2346,2834,4136,140.0560224089636,1
2024,Branch_2347,3077,4567,62.77463904582549,1
2025,Branch_2348,6263,6776,401.60642570281124,1
2026,Branch_2349,6526,6605,24.177949709864603,1
2027,Branch_2350,3027,3071,283.28611898017,1
2028,Branch_2351,3071,3529,116.0092807424594,1
2029,Branch_2352,2280,2455,80.71025020177562,1
2030,Branch_2353,1961,2182,121.8026796589525,1
2031,Branch_2355,2211,2507,89.68609865470852,1
2032,Branch_2357,9627,9939,24.172105390379503,1
2033,Branch_2358,9887,9939,126.26262626262626,1
2034,Branch_2359,1816,2186,104.38413361169103,1
2035,Branch_2361,2204,2525,47.39336492890995,1
2036,Branch_2362,4311,5003,103.09278350515464,1
2037,Branch_2363,1915,2453,15.349194167306216,1
2038,Branch_2364,9939,9941,2000.0,1
2039,Branch_2365,2185,2209,24.248302618816684,1
2040,Branch_2366,9749,9751,2000.0,1
2041,Branch_2367,5943,6240,40.88307440719542,1
2042,Branch_2368,2192,2242,19.282684149633628,1
2043,Branch_2369,9299,9437,146.19883040935673,1
2044,Branch_2371,9299,9749,28.530670470756064,1
2045,Branch_2372,1995,2208,32.552083333333336,1
2046,Branch_2373,9487,9749,57.77007510109763,1
2047,Branch_2374,2188,2554,66.00660066006601,1
2048,Branch_2375,3156,5061,76.21951219512195,1
2049,Branch_2376,5061,9487,15.728216420257942,1
2050,Branch_2377,1857,2751,40.899795501022496,1
2051,Branch_2379,3006,3260,27.51031636863824,1
2052,Branch_2380,3006,5008,757.5757575757576,1
2053,Branch_2381,3156,3260,81.69934640522875,1
2054,Branch_2382,2010,2036,22.639800769753226,1
2055,Branch_2383,3156,3529,31.585596967782692,1
2056,Branch_2384,9706,9887,60.38647342995169,1
2057,Branch_2385,1785,2208,102.04081632653062,1
2058,Branch_2386,2135,2487,5.193725979017347,1
2059,Branch_2387,3529,3964,43.63001745200698,1
2060,Branch_2388,127,2435,19.519812609798947,1
2061,Branch_2389,3810,4220,52.11047420531527,1
2062,Branch_2390,3810,3964,162.07455429497568,1
2063,Branch_2391,48,127,57.01254275940707,1
2064,Branch_2392,3111,4128,169.4915254237288,1
2065,Branch_2393,3111,4220,97.27626459143968,1
2066,Branch_2394,5943,6576,177.3049645390071,1
2067,Branch_2395,2184,2203,30.637254901960784,1
2068,Branch_2396,3948,4175,500.0,1
2069,Branch_2397,4132,4175,50.505050505050505,1
2070,Branch_2398,1895,2204,104.0582726326743,1
2071,Branch_2399,4132,4220,93.28358208955224,1
2072,Branch_2400,4128,4132,216.45021645021646,1
2073,Branch_2401,1936,2205,110.25358324145535,1
2074,Branch_2402,3948,3964,172.71157167530225,1
2075,Branch_2403,8188,8366,15.90836780146357,1
2076,Branch_2404,4477,5150,2000.0,1
2077,Branch_2405,5008,5150,26.26050420168067,1
2078,Branch_2406,2474,2585,199.20318725099602,1
2079,Branch_2407,5008,5035,2000.0,1
2080,Branch_2408,6573,6576,67.38544474393531,1
2081,Branch_2409,2225,2452,38.38771593090211,1
2082,Branch_2410,5943,6411,238.6634844868735,1
2083,Branch_2411,2600,2666,112.86681715575621,1
2084,Branch_2412,2916,3761,108.22510822510823,1
2085,Branch_2413,2916,4819,213.21961620469082,1
2086,Branch_2414,3727,3974,97.65625,1
2087,Branch_2415,2851,5326,143.67816091954023,1
2088,Branch_2416,3727,5326,529.1005291005291,1
2089,Branch_2417,3761,3974,112.2334455667789,1
2090,Branch_2418,3727,3974,97.65625,1
2091,Branch_2419,2851,9637,94.9667616334283,1
2092,Branch_2420,9307,9507,139.08205841446454,1
2093,Branch_2421,9307,9525,35.75259206292456,1
2094,Branch_2422,9507,9637,91.24087591240875,1
2095,Branch_2423,2851,3727,113.76564277588169,1
2096,Branch_2424,2851,4555,124.06947890818859,1
2097,Branch_2425,9507,9530,73.1528895391368,1
2098,Branch_2426,3974,5207,52.19206680584551,1
2099,Branch_2427,4620,4759,381.6793893129771,1
2100,Branch_2428,1916,2224,31.25,1
2101,Branch_2429,3164,3245,185.1851851851852,1
2102,Branch_2430,3245,4819,214.59227467811158,1
2103,Branch_2431,4107,4510,126.90355329949239,1
2104,Branch_2434,4355,4361,34.35245620061834,1
2105,Branch_2435,4361,6293,112.73957158962796,1
2106,Branch_2437,6293,6482,88.57395925597874,1
2107,Branch_2439,6242,6352,64.26735218508998,1
2108,Branch_2440,4355,4367,41.597337770382694,1
2109,Branch_2441,4361,4367,142.04545454545453,1
2110,Branch_2442,6355,6440,185.87360594795538,1
2111,Branch_2443,4620,5207,274.72527472527474,1
2112,Branch_2444,4283,4620,2000.0,1
2113,Branch_2446,6133,6352,98.71668311944718,1
2114,Branch_2447,7234,7640,33.3667000333667,1
2115,Branch_2448,3974,4355,34.45899379738112,1
2116,Branch_2449,3974,4355,34.45899379738112,1
2117,Branch_2451,3761,3974,112.2334455667789,1
2118,Branch_2453,7886,9112,52.54860746190226,1
2119,Branch_2456,8297,9112,178.25311942959001,1
2120,Branch_2461,8297,8461,121.95121951219512,1
2121,Branch_2462,7976,8461,84.60236886632826,1
2122,Branch_2463,7917,7955,2000.0,1
2123,Branch_2464,7918,7955,2000.0,1
2124,Branch_2465,7935,7955,2000.0,1
2125,Branch_2466,7935,9048,787.4015748031496,1
2126,Branch_2467,6352,9000,29.197080291970803,1
2127,Branch_2471,7955,9048,552.4861878453039,1
2128,Branch_2472,6355,8005,57.6036866359447,1
2129,Branch_2475,8005,9000,60.49606775559589,1
2130,Branch_2478,4361,6482,45.12635379061372,1
2131,Branch_2479,6440,6482,68.63417982155113,1
2132,Branch_2480,8499,9000,157.9778830963665,1
2133,Branch_2481,2051,2355,22.763487366264513,1
2134,Branch_2482,2988,3853,72.04610951008645,1
2135,Branch_2484,3607,3974,91.49130832570906,1
2136,Branch_2485,3974,5207,52.19206680584551,1
2137,Branch_2486,4819,5207,47.192071731949035,1
2138,Branch_2487,6143,6434,79.23930269413628,1
2139,Branch_2488,8005,8389,69.39625260235947,1
2140,Branch_2489,1914,2235,22.29157378510923,1
2141,Branch_2490,2619,3370,59.13660555884092,1
2142,Branch_2491,2619,3370,59.13660555884092,1
2143,Branch_2492,2853,3546,671.1409395973154,1
2144,Branch_2493,2853,4430,1315.7894736842106,1
2145,Branch_2494,3455,9269,30.48780487804878,1
2146,Branch_2495,3200,3736,2000.0,1
2147,Branch_2496,9271,9383,120.91898428053204,1
2148,Branch_2497,3455,9419,66.711140760507,1
2149,Branch_2498,9383,9464,46.66355576294914,1
2150,Branch_2499,3023,3371,22.670596236681025,1
2151,Branch_2500,3371,3455,21.477663230240548,1
2152,Branch_2501,9244,9271,7.316359379572725,1
2153,Branch_2502,3200,3371,151.05740181268882,1
2154,Branch_2503,9244,9419,54.054054054054056,1
2155,Branch_2504,8757,8800,2000.0,1
2156,Branch_2505,1965,2570,52.576235541535226,1
2157,Branch_2506,8046,8211,70.57163020465772,1
2158,Branch_2507,8091,8259,53.27650506126798,1
2159,Branch_2508,8046,8091,68.68131868131869,1
2160,Branch_2509,8046,8169,87.10801393728222,1
2161,Branch_2510,8630,8874,2000.0,1
2162,Branch_2511,8757,8874,36.87315634218289,1
2163,Branch_2512,8211,8465,16.149870801033593,1
2164,Branch_2513,8465,8757,361.01083032490976,1
2165,Branch_2514,8270,8288,78.74015748031496,1
2166,Branch_2515,8079,8288,1851.851851851852,1
2167,Branch_2516,7884,8270,53.908355795148246,1
2168,Branch_2517,8259,8270,27.35229759299781,1
2169,Branch_2518,7989,8079,21.64970772894566,1
2170,Branch_2519,8557,8587,2000.0,1
2171,Branch_2520,8211,8238,21.496130696474633,1
2172,Branch_2521,8557,8905,51.733057423693744,1
2173,Branch_2522,8238,8905,22.22716159146477,1
2174,Branch_2523,8218,8373,34.08316291751875,1
2175,Branch_2524,8373,8556,11.603620329542817,1
2176,Branch_2525,8373,8379,2000.0,1
2177,Branch_2526,8556,8587,2000.0,1
2178,Branch_2527,8151,8630,96.24639076034649,1
2179,Branch_2528,8151,8211,14.353380221042055,1
2180,Branch_2529,8630,8875,2000.0,1
2181,Branch_2530,8154,8875,17.5530981218185,1
2182,Branch_2531,8211,8940,39.96802557953637,1
2183,Branch_2532,8154,8940,144.3001443001443,1
2184,Branch_2533,8305,8940,2000.0,1
2185,Branch_2534,1959,2230,90.09009009009009,1
2186,Branch_2535,5943,6432,18.08972503617945,1
2187,Branch_2536,4542,5464,68.1663258350375,1
2188,Branch_2537,7911,8316,19.63093835885355,1
2189,Branch_2538,8182,8471,116.95906432748538,1
2190,Branch_2539,8130,8670,1492.5373134328358,1
2191,Branch_2540,8316,8670,87.48906386701663,1
2192,Branch_2541,8316,8797,22.045855379188712,1
2193,Branch_2542,7911,8182,48.899755501222494,1
2194,Branch_2543,7911,8115,22.060445621001545,1
2195,Branch_2544,8146,8182,917.4311926605504,1
2196,Branch_2545,8325,8471,34.9283967865875,1
2197,Branch_2546,8211,8325,14.442518775274408,1
2198,Branch_2547,8541,8679,23.408239700374533,1
2199,Branch_2548,8055,8679,564.9717514124294,1
2200,Branch_2549,8641,8679,46.468401486988846,1
2201,Branch_2550,8630,8641,2000.0,1
2202,Branch_2551,8541,8751,41.22011541632317,1
2203,Branch_2552,2859,3763,56.14823133071308,1
2204,Branch_2553,8471,8526,48.85197850512946,1
2205,Branch_2554,8526,8751,25.157232704402517,1
2206,Branch_2555,7989,8471,10.860121633362294,1
2207,Branch_2556,8083,8211,17.238407171177382,1
2208,Branch_2557,7989,8083,43.78283712784589,1
2209,Branch_2558,1875,1942,30.740854595757764,1
2210,Branch_2559,3853,3926,50.53057099545225,1
2211,Branch_2560,2894,3982,76.68711656441718,1
2212,Branch_2561,3035,3926,892.8571428571429,1
2213,Branch_2562,3035,3982,1265.8227848101267,1
2214,Branch_2563,2859,3762,56.14823133071308,1
2215,Branch_2564,8210,8211,37.835792659856224,1
2216,Branch_2565,8210,8447,33.9097999321804,1
2217,Branch_2566,8447,8630,38.955979742890534,1
2218,Branch_2567,8060,8471,31.645569620253166,1
2219,Branch_2570,3591,3762,2000.0,1
2220,Branch_2571,2984,5255,188.32391713747646,1
2221,Branch_2572,3591,5255,62.814070351758794,1
2222,Branch_2573,2984,3735,74.23904974016332,1
2223,Branch_2574,3346,3735,129.19896640826875,1
2224,Branch_2575,3346,5230,606.060606060606,1
2225,Branch_2576,4223,5230,387.5968992248062,1
2226,Branch_2577,2788,5230,259.7402597402597,1
2227,Branch_2578,2984,3852,128.53470437017995,1
2228,Branch_2579,3099,3852,118.48341232227489,1
2229,Branch_2580,2838,2984,220.7505518763797,1
2230,Branch_2582,2838,3985,220.7505518763797,1
2231,Branch_2583,2838,4866,111.85682326621924,1
2232,Branch_2584,8188,8423,64.18485237483954,1
2233,Branch_2585,3590,3763,2000.0,1
2234,Branch_2586,2984,5254,188.32391713747646,1
2235,Branch_2587,3590,5254,62.814070351758794,1
2236,Branch_2588,2984,3734,76.4525993883792,1
2237,Branch_2589,3347,3734,129.87012987012986,1
2238,Branch_2590,3347,5231,432.9004329004329,1
2239,Branch_2591,4224,5231,387.5968992248062,1
2240,Branch_2592,2788,5231,259.7402597402597,1
2241,Branch_2593,2984,3851,128.53470437017995,1
2242,Branch_2594,3099,3851,118.48341232227489,1
2243,Branch_2595,2839,2984,220.7505518763797,1
2244,Branch_2597,2839,3984,220.7505518763797,1
2245,Branch_2598,2839,4865,111.73184357541899,1
2246,Branch_2599,3430,3762,45.31037607612143,1
2247,Branch_2600,3355,3430,139.4700139470014,1
2248,Branch_2601,3546,5295,192.30769230769232,1
2249,Branch_2602,3430,5295,76.74597083653109,1
2250,Branch_2603,7904,9129,131.23359580052494,1
2251,Branch_2604,6242,6482,259.7402597402597,1
2252,Branch_2606,7951,8335,35.91954022988506,1
2253,Branch_2607,3431,3763,44.24778761061947,1
2254,Branch_2608,3354,3431,139.4700139470014,1
2255,Branch_2609,3431,5294,75.7002271006813,1
2256,Branch_2610,8617,8660,92.42144177449168,1
2257,Branch_2611,8644,8660,33.5345405767941,1
2258,Branch_2612,8617,8807,90.25270758122744,1
2259,Branch_2613,8644,8921,21.34471718249733,1
2260,Branch_2614,8807,8843,24.342745861733203,1
2261,Branch_2615,8843,8921,35.86800573888092,1
2262,Branch_2624,8807,8814,1492.5373134328358,1
2263,Branch_2625,7968,8445,33.87533875338753,1
2264,Branch_2626,7968,8241,19.286403085824492,1
2265,Branch_2631,8494,9013,30.807147258163894,1
2266,Branch_2632,8020,9013,1190.4761904761904,1
2267,Branch_2633,9013,9032,1351.3513513513512,1
2268,Branch_2634,8972,9032,65.96306068601584,1
2269,Branch_2636,8241,9083,42.716787697565145,1
2270,Branch_2637,9083,9129,1388.888888888889,1
2271,Branch_2638,8445,8716,2000.0,1
2272,Branch_2639,8716,8771,28.92681515765114,1
2273,Branch_2640,8494,8771,56.46527385657821,1
2274,Branch_2641,8768,9070,2000.0,1
2275,Branch_2642,8644,8777,289.01734104046244,1
2276,Branch_2646,8422,8616,31.826861871419478,1
2277,Branch_2648,8025,8422,65.74621959237344,1
2278,Branch_2649,8616,8807,207.0393374741201,1
2279,Branch_2650,8025,9106,34.57814661134163,1
2280,Branch_2651,8202,8644,95.69377990430623,1
2281,Branch_2652,8202,8661,51.62622612287042,1
2282,Branch_2653,8661,8807,45.97701149425287,1
2283,Branch_2656,8669,8798,173.61111111111111,1
2284,Branch_2657,8039,8669,27.731558513588464,1
2285,Branch_2659,8798,9106,28.74389192296637,1
2286,Branch_2661,8077,8619,2000.0,1
2287,Branch_2662,8039,8807,175.7469244288225,1
2288,Branch_2663,8621,8644,105.04201680672269,1
2289,Branch_2664,8068,8113,11.530035743110803,1
2290,Branch_2665,8150,8658,81.43322475570032,1
2291,Branch_2666,7904,8113,118.62396204033215,1
2292,Branch_2667,8114,8658,116.0092807424594,1
2293,Branch_2668,8150,8241,102.24948875255623,1
2294,Branch_2670,8113,9083,2000.0,1
2295,Branch_2671,8066,8658,15.377518068583731,1
2296,Branch_2672,8300,8606,99.50248756218906,1
2297,Branch_2673,8406,8606,26.448029621793175,1
2298,Branch_2675,8769,8942,67.24949562878278,1
2299,Branch_2676,8644,9107,16.49620587264929,1
2300,Branch_2677,8942,9070,19.256691700365877,1
2301,Branch_2678,8770,9107,32.59452411994785,1
2302,Branch_2681,8615,8644,227.79043280182233,1
2303,Branch_2682,8558,8615,28.336639274582033,1
2304,Branch_2683,8707,8952,349.65034965034965,1
2305,Branch_2684,8558,8952,27.114967462039047,1
2306,Branch_2688,8644,8680,74.73841554559043,1
2307,Branch_2689,8680,8880,266.6666666666667,1
2308,Branch_2690,8682,8769,14.539110206455366,1
2309,Branch_2691,8770,8941,67.24949562878278,1
2310,Branch_2694,8682,8880,349.65034965034965,1
2311,Branch_2696,8941,9070,19.256691700365877,1
2312,Branch_2697,2196,2454,30.543677458766034,1
2313,Branch_2698,8141,8417,316.45569620253167,1
2314,Branch_2699,8131,8993,140.64697609001408,1
2315,Branch_2700,8131,8817,71.17437722419929,1
2316,Branch_2701,8131,8417,448.4304932735426,1
2317,Branch_2702,8363,8621,171.82130584192439,1
2318,Branch_2703,8363,8364,2000.0,1
2319,Branch_2704,8141,8417,892.8571428571429,1
2320,Branch_2705,8363,8365,2000.0,1
2321,Branch_2706,8363,8817,88.73114463176574,1
2322,Branch_2707,8707,8744,1785.7142857142858,1
2323,Branch_2708,8267,8619,51.51983513652756,1
2324,Branch_2709,8267,8684,75.35795026375283,1
2325,Branch_2710,8684,8707,1587.3015873015872,1
2326,Branch_2711,8683,8707,1587.3015873015872,1
2327,Branch_2712,8619,8683,30.03003003003003,1
2328,Branch_2713,8807,8818,324.6753246753247,1
2329,Branch_2714,4354,9870,7.468817686160281,1
2330,Branch_2715,9504,9870,17.006802721088434,1
2331,Branch_2716,8807,8819,324.6753246753247,1
2332,Branch_2717,8241,9110,17.975912277548087,1
2333,Branch_2718,8678,8707,30.98853424233034,1
2334,Branch_2719,8678,8993,534.75935828877,1
2335,Branch_2720,8644,8729,26.089225150013046,1
2336,Branch_2721,8729,8735,26.35740643120717,1
2337,Branch_2722,1839,2270,22.660321776569226,1
2338,Branch_2725,9224,9506,45.87155963302752,1
2339,Branch_2726,6071,9110,10.463534581981794,1
2340,Branch_2727,9224,9504,46.403712296983755,1
2341,Branch_2728,9504,9869,53.44735435595938,1
2342,Branch_2729,9200,9869,2000.0,1
2343,Branch_2730,9110,9111,2000.0,1
2344,Branch_2731,8970,9111,39.87240829346093,1
2345,Branch_2732,9397,9506,70.4225352112676,1
2346,Branch_2733,9397,9412,44.20866489832007,1
2347,Branch_2734,2267,2480,138.50415512465375,1
2348,Branch_2735,9398,9504,70.4225352112676,1
2349,Branch_2736,9275,9398,243.90243902439025,1
2350,Branch_2737,9275,9412,43.421623968736434,1
2351,Branch_2738,9464,9506,35.574528637495554,1
2352,Branch_2739,1792,2229,64.85084306095979,1
2353,Branch_2740,2870,3617,28.1135788585887,1
2354,Branch_2741,2870,4480,214.59227467811158,1
2355,Branch_2742,3271,4354,13.539128080151638,1
2356,Branch_2743,3271,3466,282.4858757062147,1
2357,Branch_2744,3271,4480,18.66019779809666,1
2358,Branch_2745,3617,4817,1176.4705882352941,1
2359,Branch_2746,2859,5227,101.5228426395939,1
2360,Branch_2747,3605,4549,400.0,1
2361,Branch_2748,4670,5227,200.0,1
2362,Branch_2749,3070,4549,38.49114703618168,1
2363,Branch_2750,3070,4670,28.555111364934323,1
2364,Branch_2751,4043,4670,200.0,1
2365,Branch_2753,1961,2634,45.80852038479157,1
2366,Branch_2754,2859,5226,101.5228426395939,1
2367,Branch_2755,3069,3605,34.55425017277125,1
2368,Branch_2756,3069,4668,21.299254526091588,1
2369,Branch_2758,4668,5226,60.42296072507553,1
2370,Branch_2759,3130,4389,156.98587127158555,1
2371,Branch_2760,3116,4389,109.40919037199124,1
2372,Branch_2761,2859,3130,78.125,1
2373,Branch_2762,3710,3867,2000.0,1
2374,Branch_2763,3116,3867,192.67822736030828,1
2375,Branch_2764,2721,2730,18.24484583105273,1
2376,Branch_2765,6346,6437,42.973785990545764,1
2377,Branch_2766,3831,4439,122.54901960784314,1
2378,Branch_2767,3502,4748,2000.0,1
2379,Branch_2768,3879,4748,95.51098376313276,1
2380,Branch_2769,3847,3879,167.78523489932886,1
2381,Branch_2770,3847,3930,181.8181818181818,1
2382,Branch_2771,8246,8797,109.2896174863388,1
2383,Branch_2772,8060,8246,9.523809523809524,1
2384,Branch_2773,8285,8481,1250.0,1
2385,Branch_2775,2988,3699,54.734537493158186,1
2386,Branch_2776,3128,3699,546.448087431694,1
2387,Branch_2778,8246,8929,19.774569903104606,1
2388,Branch_2779,6014,6071,19.48178453146308,1
2389,Branch_2780,6014,6419,45.289855072463766,1
2390,Branch_2781,6419,7983,17.301038062283737,1
2391,Branch_2782,7983,8205,64.06149903907752,1
2392,Branch_2783,8205,8317,10.453690152623876,1
2393,Branch_2784,8218,8317,27.862914460852604,1
2394,Branch_2785,8075,8480,1000.0,1
2395,Branch_2786,6073,6561,26.852846401718583,1
2396,Branch_2787,6074,6561,26.852846401718583,1
2397,Branch_2788,7969,8480,67.93478260869566,1
2398,Branch_2789,6667,6781,6.019020103527146,1
2399,Branch_2790,6128,6781,18.6046511627907,1
2400,Branch_2791,6071,6667,81.03727714748784,1
2401,Branch_2792,5947,6071,17.1909919202338,1
2402,Branch_2794,5947,6631,2000.0,1
2403,Branch_2795,6176,6343,186.21973929236498,1
2404,Branch_2796,6176,6631,22.08968411751712,1
2405,Branch_2797,8707,8767,29.886431560071728,1
2406,Branch_2798,8767,9070,63.13131313131313,1
2407,Branch_2799,8707,9070,21.547080370609784,1
2408,Branch_2800,6338,6526,21.321961620469082,1
2409,Branch_2801,8135,8241,219.78021978021977,1
2410,Branch_2802,8135,8831,35.61253561253561,1
2411,Branch_2803,6349,8831,10.311404413281089,1
2412,Branch_2806,4760,5206,19.557989438685702,1
2413,Branch_2807,8231,8663,793.6507936507936,1
2414,Branch_2808,8196,9017,471.6981132075472,1
2415,Branch_2809,9018,9040,28.793550244745177,1
2416,Branch_2810,8031,8335,68.7757909215956,1
2417,Branch_2811,8031,9017,53.648068669527895,1
2418,Branch_2812,8029,8031,118.76484560570071,1
2419,Branch_2814,8662,8663,272.47956403269757,1
2420,Branch_2815,9017,9040,709.2198581560284,1
2421,Branch_2816,8220,8665,29.647198339756894,1
2422,Branch_2817,8974,9018,30.91190108191654,1
2423,Branch_2818,2600,2666,100.0,1
2424,Branch_2819,2987,3853,72.04610951008645,1
2425,Branch_2820,2987,3698,54.734537493158186,1
2426,Branch_2821,3128,3698,546.448087431694,1
2427,Branch_2823,3229,4447,153.84615384615384,1
2428,Branch_2825,3605,4447,35.27336860670194,1
2429,Branch_2826,3718,4447,127.8772378516624,1
2430,Branch_2827,3229,4743,207.4688796680498,1
2431,Branch_2830,2819,2846,1111.111111111111,1
2432,Branch_2831,2819,2847,1111.111111111111,1
2433,Branch_2832,3605,4550,505.050505050505,1
2434,Branch_2833,3717,3786,123.45679012345678,1
2435,Branch_2834,3228,3786,153.37423312883436,1
2436,Branch_2835,3786,4550,37.69317753486619,1
2437,Branch_2836,3228,4743,207.4688796680498,1
2438,Branch_2839,2240,2241,33.3000333000333,1
2439,Branch_2840,3817,4743,38.051750380517504,1
2440,Branch_2841,3817,4569,273.224043715847,1
2441,Branch_2842,3816,4569,273.224043715847,1
2442,Branch_2843,3816,4913,99.10802775024777,1
2443,Branch_2844,4592,4913,122.85012285012284,1
2444,Branch_2845,4123,4592,2000.0,1
2445,Branch_2846,4123,4914,122.85012285012284,1
2446,Branch_2847,4743,4914,51.92107995846314,1
2447,Branch_2848,4569,4696,61.42506142506142,1
2448,Branch_2849,3220,4654,42.69854824935952,1
2449,Branch_2850,4654,4696,56.49717514124294,1
2450,Branch_2851,3220,4200,71.73601147776183,1
2451,Branch_2852,4684,4696,2000.0,1
2452,Branch_2855,4569,4695,61.42506142506142,1
2453,Branch_2856,3219,4695,24.993751562109473,1
2454,Branch_2858,4685,4695,2000.0,1
2455,Branch_2859,2802,3219,172.41379310344828,1
2456,Branch_2860,2802,4200,122.24938875305624,1
2457,Branch_2861,2802,4968,2000.0,1
2458,Branch_2863,3340,3605,22.88329519450801,1
2459,Branch_2864,3434,5182,43.29004329004329,1
2460,Branch_2865,3340,3434,64.18485237483954,1
2461,Branch_2867,3605,4569,45.578851412944395,1
2462,Branch_2869,3497,3605,432.9004329004329,1
2463,Branch_2870,3497,4569,50.94243504839531,1
2464,Branch_2871,3497,3882,2000.0,1
2465,Branch_2873,6994,7576,45.12635379061372,1
2466,Branch_2876,6434,6563,25.806451612903224,1
2467,Branch_2877,6349,6591,18.681113394358302,1
2468,Branch_2878,6006,6019,148.3679525222552,1
2469,Branch_2879,6006,6563,409.8360655737705,1
2470,Branch_2880,6006,6591,13.426423200859292,1
2471,Branch_2881,6583,6591,18.733608092918697,1
2472,Branch_2883,3259,4440,63.89776357827476,1
2473,Branch_2884,3259,3600,269.54177897574124,1
2474,Branch_2885,2788,3259,359.71223021582733,1
2475,Branch_2888,3409,4440,66.53359946773121,1
2476,Branch_2889,2788,3409,1612.9032258064517,1
2477,Branch_2890,5269,6412,17.36714136853074,1
2478,Branch_2891,6411,6437,55.67928730512249,1
2479,Branch_2892,3356,4282,65.83278472679395,1
2480,Branch_2893,3558,4403,478.4688995215311,1
2481,Branch_2894,3917,4403,191.20458891013385,1
2482,Branch_2895,3391,4282,84.88964346349745,1
2483,Branch_2896,3959,4440,110.98779134295228,1
2484,Branch_2897,3959,5138,144.3001443001443,1
2485,Branch_2898,3917,3959,131.75230566534916,1
2486,Branch_2899,3876,3917,151.74506828528072,1
2487,Branch_2900,3356,4403,89.20606601248885,1
2488,Branch_2901,2788,4440,123.76237623762377,1
2489,Branch_2902,2788,4440,125.94458438287154,1
2490,Branch_2903,2788,3410,2000.0,1
2491,Branch_2904,2191,2655,38.71467286101432,1
2492,Branch_2905,3080,3853,175.7469244288225,1
2493,Branch_2906,2855,3435,52.11047420531527,1
2494,Branch_2907,2855,3080,27.495188342040144,1
2495,Branch_2908,4215,4440,114.5475372279496,1
2496,Branch_2909,3558,3916,131.75230566534916,1
2497,Branch_2910,4215,5139,144.3001443001443,1
2498,Branch_2911,3916,4215,123.15270935960591,1
2499,Branch_2912,3875,3916,151.74506828528072,1
2500,Branch_2913,3471,4687,25.980774227071965,1
2501,Branch_2914,3471,4777,18.040772145047807,1
2502,Branch_2915,8066,8484,40.27386226339106,1
2503,Branch_2917,8860,9129,64.22607578676943,1
2504,Branch_2918,8484,8860,33.97893306150187,1
2505,Branch_2919,8423,8572,89.20606601248885,1
2506,Branch_2920,3661,4905,48.87585532746823,1
2507,Branch_2921,3563,4905,869.5652173913044,1
2508,Branch_2922,3165,3504,39.61965134706814,1
2509,Branch_2923,2942,3848,144.7178002894356,1
2510,Branch_2924,3848,3931,181.8181818181818,1
2511,Branch_2925,2942,3616,103.09278350515464,1
2512,Branch_2926,3504,3616,507.61421319796955,1
2513,Branch_2929,3599,3880,485.43689320388347,1
2514,Branch_2930,2788,3880,263.1578947368421,1
2515,Branch_2931,8548,8916,21.50537634408602,1
2516,Branch_2932,8607,8608,862.0689655172414,1
2517,Branch_2933,8519,8916,101.9367991845056,1
2518,Branch_2934,3160,3867,649.3506493506494,1
2519,Branch_2935,3160,4429,877.1929824561404,1
2520,Branch_2936,8014,8521,29.533372711163615,1
2521,Branch_2937,7965,8088,373.13432835820896,1
2522,Branch_2938,8686,8695,1351.3513513513512,1
2523,Branch_2939,8022,8069,37.243947858473,1
2524,Branch_2940,7966,7988,16.515276630883566,1
2525,Branch_2941,8240,8292,31.938677738741617,1
2526,Branch_2942,7988,8022,2000.0,1
2527,Branch_2943,8240,8999,23.803856224708404,1
2528,Branch_2944,8012,8999,1492.5373134328358,1
2529,Branch_2945,7988,9097,18.646280067126607,1
2530,Branch_2946,7988,8306,160.25641025641025,1
2531,Branch_2947,8022,8292,62.266500622665006,1
2532,Branch_2948,8088,9098,421.9409282700422,1
2533,Branch_2949,8240,8589,17.796760989499912,1
2534,Branch_2951,9097,9099,425.531914893617,1
2535,Branch_2952,8111,9099,2000.0,1
2536,Branch_2957,7988,8023,1886.7924528301887,1
2537,Branch_2958,8521,8611,434.7826086956522,1
2538,Branch_2959,7964,8111,478.4688995215311,1
2539,Branch_2960,9000,9048,125.31328320802005,1
2540,Branch_2961,8939,8949,19.63093835885355,1
2541,Branch_2962,8052,8939,23.946360153256705,1
2542,Branch_2963,8052,8766,22.114108801415302,1
2543,Branch_2964,8548,8766,45.16711833785005,1
2544,Branch_2965,2159,2419,36.79175864606328,1
2545,Branch_2966,3617,3991,19.849146486701073,1
2546,Branch_2967,3991,4391,389.10505836575874,1
2547,Branch_2968,3991,4397,13.563000135630002,1
2548,Branch_2971,3617,4816,1176.4705882352941,1
2549,Branch_2972,2813,4391,86.88097306689835,1
2550,Branch_2974,4354,4397,26.53927813163482,1
2551,Branch_2975,4470,4912,31.113876789047914,1
2552,Branch_2976,4339,4912,2000.0,1
2553,Branch_2977,2242,2248,24.582104228121928,1
2554,Branch_2978,8499,9048,584.7953216374269,1
2555,Branch_2979,4354,5178,47.34848484848485,1
2556,Branch_2980,3416,5178,141.84397163120568,1
2557,Branch_2981,3418,4423,15.453562046051616,1
2558,Branch_2982,4423,5284,17.985611510791365,1
2559,Branch_2984,3663,4354,13.157894736842104,1
2560,Branch_2985,3663,9323,6.531252041016263,1
2561,Branch_2986,2813,3704,17.394329448599755,1
2562,Branch_2987,3704,4339,35.99712023038157,1
2563,Branch_2988,1873,2250,34.141345168999656,1
2564,Branch_2989,3558,3884,101.6260162601626,1
2565,Branch_2990,3546,3884,58.8235294117647,1
2566,Branch_2991,3373,3558,38.47633705271258,1
2567,Branch_2992,3373,4431,961.5384615384615,1
2568,Branch_2993,8521,8576,245.7002457002457,1
2569,Branch_2994,6173,6380,41.01722723543888,1
2570,Branch_2995,3467,4031,61.34969325153374,1
2571,Branch_2996,3558,3587,73.31378299120234,1
2572,Branch_2997,3587,4464,117.9245283018868,1
2573,Branch_2998,3587,4031,131.92612137203167,1
2574,Branch_2999,3415,3467,130.54830287206266,1
2575,Branch_3000,3415,4743,130.54830287206266,1
2576,Branch_3001,3711,4745,2000.0,1
2577,Branch_3002,4464,4746,29.04443799012489,1
2578,Branch_3003,3867,4746,2000.0,1
2579,Branch_3004,4178,4743,116.95906432748538,1
2580,Branch_3005,3712,3867,2000.0,1
2581,Branch_3006,3712,4178,74.1839762611276,1
2582,Branch_3007,3414,4030,41.98152812762385,1
2583,Branch_3008,3558,5312,75.41478129713424,1
2584,Branch_3009,3546,4463,44.563279857397504,1
2585,Branch_3010,4463,5312,117.9245283018868,1
2586,Branch_3011,4030,5312,132.80212483399734,1
2587,Branch_3012,3414,4743,180.50541516245488,1
2588,Branch_3013,3853,4179,52.52100840336134,1
2589,Branch_3014,3180,3906,131.75230566534916,1
2590,Branch_3015,3180,4179,38.255547054322875,1
2591,Branch_3016,3475,4393,176.05633802816902,1
2592,Branch_3017,3475,3905,136.4256480218281,1
2593,Branch_3018,3435,4793,374.53183520599254,1
2594,Branch_3019,3143,4393,221.23893805309734,1
2595,Branch_3020,3905,3953,125.62814070351759,1
2596,Branch_3021,3143,4725,185.5287569573284,1
2597,Branch_3022,4725,5238,89.44543828264759,1
2598,Branch_3023,3953,4793,115.47344110854503,1
2599,Branch_3026,2863,4173,111.73184357541899,1
2600,Branch_3027,3930,4173,104.0582726326743,1
2601,Branch_3028,3413,3558,133.33333333333334,1
2602,Branch_3029,2863,3413,153.84615384615384,1
2603,Branch_3030,3931,4174,103.95010395010395,1
2604,Branch_3031,3558,4174,43.55400696864111,1
2605,Branch_3032,2266,2267,92.67840593141798,1
2606,Branch_3033,3435,4794,374.53183520599254,1
2607,Branch_3034,3906,3952,125.62814070351759,1
2608,Branch_3035,3952,4794,115.47344110854503,1
2609,Branch_3036,7989,8841,36.96857670979667,1
2610,Branch_3037,8143,8841,1298.7012987012988,1
2611,Branch_3039,8457,8841,675.6756756756756,1
2612,Branch_3041,8378,8457,31.104199066874028,1
2613,Branch_3042,8378,8653,19.584802193497847,1
2614,Branch_3043,8548,8653,18.21161901293025,1
2615,Branch_3044,5944,6491,47.192071731949035,1
2616,Branch_3045,6696,9410,10.382059800664452,1
2617,Branch_3046,6696,6715,29.18855808523059,1
2618,Branch_3047,5944,6715,2000.0,1
2619,Branch_3048,5950,6435,259.7402597402597,1
2620,Branch_3049,6251,6435,92.7643784786642,1
2621,Branch_3050,5944,6251,173.61111111111111,1
2622,Branch_3051,2122,2266,45.97701149425287,1
2623,Branch_3052,8000,8216,103.30578512396694,1
2624,Branch_3053,7989,8000,49.62779156327544,1
2625,Branch_3054,7975,8000,20.0,1
2626,Branch_3055,3986,4471,869.5652173913044,1
2627,Branch_3056,2985,4471,313.47962382445144,1
2628,Branch_3057,4471,4529,44.9842555105713,1
2629,Branch_3058,3646,4181,122.85012285012284,1
2630,Branch_3059,2946,3558,92.08103130755065,1
2631,Branch_3060,3646,4407,60.09615384615385,1
2632,Branch_3061,3657,4407,153.60983102918587,1
2633,Branch_3062,3657,4090,129.87012987012986,1
2634,Branch_3063,4181,4529,172.1170395869191,1
2635,Branch_3064,2946,3657,2000.0,1
2636,Branch_3065,2985,3442,704.2253521126761,1
2637,Branch_3066,3442,3930,108.57763300760044,1
2638,Branch_3067,6014,6198,56.08524957936063,1
2639,Branch_3068,6087,6198,20.036064916850332,1
2640,Branch_3069,6087,6491,32.62642740619902,1
2641,Branch_3070,5950,6343,108.22510822510823,1
2642,Branch_3071,2766,6613,94.07337723424271,1
2643,Branch_3072,9163,9486,98.81422924901186,1
2644,Branch_3073,9466,9486,127.7139208173691,1
2645,Branch_3074,9224,9390,228.83295194508008,1
2646,Branch_3075,9163,9412,70.8215297450425,1
2647,Branch_3076,9390,9466,2000.0,1
2648,Branch_3077,9224,9703,40.600893219650835,1
2649,Branch_3078,9224,9464,103.19917440660474,1
2650,Branch_3079,8220,8335,14.925373134328359,1
2651,Branch_3080,8384,8587,14.332807797047442,1
2652,Branch_3081,8710,8845,99.60159362549801,1
2653,Branch_3085,8384,8710,427.35042735042737,1
2654,Branch_3086,8338,8845,268.81720430107526,1
2655,Branch_3087,8338,9021,56.49717514124294,1
2656,Branch_3088,8300,9021,35.98416696653472,1
2657,Branch_3089,8019,9021,123.45679012345678,1
2658,Branch_3090,8300,8962,268.81720430107526,1
2659,Branch_3091,8462,8987,68.07351940095303,1
2660,Branch_3092,8711,8987,24.975024975024976,1
2661,Branch_3093,7910,8987,265.9574468085106,1
2662,Branch_3096,8340,8711,85.1063829787234,1
2663,Branch_3097,8340,8476,1388.888888888889,1
2664,Branch_3098,8277,8476,387.5968992248062,1
2665,Branch_3099,8277,8587,27.151778441487917,1
2666,Branch_3100,7975,8081,21.805494984736153,1
2667,Branch_3101,8462,8650,925.925925925926,1
2668,Branch_3102,8081,8650,15.295197308045275,1
2669,Branch_3103,7950,8300,75.98784194528875,1
2670,Branch_3106,8462,8988,70.12622720897616,1
2671,Branch_3107,8988,9022,40.22526146419952,1
2672,Branch_3108,7909,8988,265.9574468085106,1
2673,Branch_3109,7950,9022,68.3526999316473,1
2674,Branch_3110,8017,9022,123.45679012345678,1
2675,Branch_3111,8462,8651,925.925925925926,1
2676,Branch_3112,7975,8175,9.693679720822024,1
2677,Branch_3113,8651,8732,22.9147571035747,1
2678,Branch_3114,8175,8732,71.94244604316546,1
2679,Branch_3115,7973,8498,16.96928559307653,1
2680,Branch_3116,8856,8962,215.05376344086022,1
2681,Branch_3117,7933,8300,74.8502994011976,1
2682,Branch_3118,7934,8962,103.84215991692628,1
2683,Branch_3119,8856,8873,448.4304932735426,1
2684,Branch_3120,8873,9002,43.271311120726956,1
2685,Branch_3121,7973,9002,52.2466039707419,1
2686,Branch_3122,1827,2244,37.67897513187641,1
2687,Branch_3123,8260,8262,144.3001443001443,1
2688,Branch_3124,8252,8418,442.4778761061947,1
2689,Branch_3125,8262,8410,121.95121951219512,1
2690,Branch_3126,8245,8260,144.3001443001443,1
2691,Branch_3127,8262,8418,56.306306306306304,1
2692,Branch_3129,8252,9020,35.97122302158273,1
2693,Branch_3130,6349,9020,13.515339910798756,1
2694,Branch_3131,6343,6349,7.5947444368497,1
2695,Branch_3134,8015,8289,58.75440658049354,1
2696,Branch_3135,8015,8232,386.1003861003861,1
2697,Branch_3136,7975,8232,74.12898443291327,1
2698,Branch_3137,8241,8821,51.733057423693744,1
2699,Branch_3138,8254,8821,21.128248468201985,1
2700,Branch_3139,2225,2280,73.63770250368188,1
2701,Branch_3140,7975,8155,122.24938875305624,1
2702,Branch_3141,8155,8758,22.794620469569182,1
2703,Branch_3142,8126,8416,2000.0,1
2704,Branch_3143,8618,8920,110.49723756906077,1
2705,Branch_3144,7974,8416,20.903010033444815,1
2706,Branch_3145,8920,8975,27.06359945872801,1
2707,Branch_3146,8126,8618,387.5968992248062,1
2708,Branch_3147,8250,8975,9.311853990129435,1
2709,Branch_3148,7974,9109,68.07351940095303,1
2710,Branch_3150,8194,8976,17.674089784376104,1
2711,Branch_3151,8976,9091,19.164430816404753,1
2712,Branch_3152,8194,9120,17.46419839329375,1
2713,Branch_3153,9091,9109,80.45052292839904,1
2714,Branch_3154,8252,8419,13.392259274139548,1
2715,Branch_3155,8419,8763,12.19809709685289,1
2716,Branch_3157,8763,9120,24.993751562109473,1
2717,Branch_3158,8588,8666,28.312570781426952,1
2718,Branch_3159,8666,8758,24.449877750611247,1
2719,Branch_3160,8758,8803,2000.0,1
2720,Branch_3161,2570,2761,51.124744376278116,1
2721,Branch_3162,8543,8560,182.81535648994515,1
2722,Branch_3163,8543,8559,182.81535648994515,1
2723,Branch_3164,8543,8622,1250.0,1
2724,Branch_3165,8943,8949,1075.268817204301,1
2725,Branch_3166,8848,8849,813.0081300813008,1
2726,Branch_3167,8848,8850,813.0081300813008,1
2727,Branch_3168,3867,4745,2000.0,1
2728,Branch_3169,3350,4745,35.486160397445,1
2729,Branch_3170,3397,4743,163.9344262295082,1
2730,Branch_3171,3397,4191,500.0,1
2731,Branch_3172,3233,3397,57.2737686139748,1
2732,Branch_3173,3233,3350,99.9000999000999,1
2733,Branch_3174,2038,2085,146.19883040935673,1
2734,Branch_3175,6346,6347,34.39972480220158,1
2735,Branch_3176,7898,8284,313.47962382445144,1
2736,Branch_3177,7951,8284,58.8235294117647,1
2737,Branch_3178,8142,8284,88.41732979664015,1
2738,Branch_3179,7975,8142,36.95491500369549,1
2739,Branch_3180,7898,7998,900.9009009009009,1
2740,Branch_3181,8703,8713,2000.0,1
2741,Branch_3182,8040,8246,34.746351633078525,1
2742,Branch_3183,8040,8652,37.105751391465674,1
2743,Branch_3184,8652,8703,47.596382674916704,1
2744,Branch_3185,8385,8725,60.27727546714888,1
2745,Branch_3186,8603,8725,58.99705014749262,1
2746,Branch_3187,8385,8703,30.175015087507543,1
2747,Branch_3188,8125,8246,10.539629005059021,1
2748,Branch_3189,8125,8603,28.57959416976279,1
2749,Branch_3190,7899,8107,199.6007984031936,1
2750,Branch_3191,7951,8107,66.62225183211193,1
2751,Branch_3192,8088,8107,371.74721189591077,1
2752,Branch_3193,8144,8828,149.47683109118086,1
2753,Branch_3194,8828,9047,94.07337723424271,1
2754,Branch_3195,3385,4846,14.596409283316305,1
2755,Branch_3196,2991,4846,19.175455417066154,1
2756,Branch_3197,7949,8204,56.433408577878104,1
2757,Branch_3198,7949,8144,63.89776357827476,1
2758,Branch_3199,8291,8881,58.927519151443725,1
2759,Branch_3200,7949,8199,2000.0,1
2760,Branch_3201,8204,8291,386.1003861003861,1
2761,Branch_3202,8204,8307,174.52006980802793,1
2762,Branch_3204,8498,8881,22.016732716864816,1
2763,Branch_3206,8050,8300,156.98587127158555,1
2764,Branch_3207,8006,8093,70.27406886858749,1
2765,Branch_3208,8050,8093,72.09805335255948,1
2766,Branch_3209,8006,8743,74.73841554559043,1
2767,Branch_3210,8003,8743,141.643059490085,1
2768,Branch_3214,8144,8502,301.2048192771084,1
2769,Branch_3215,7951,8502,193.7984496124031,1
2770,Branch_3216,8085,8502,303.951367781155,1
2771,Branch_3217,7951,8084,495.0495049504951,1
2772,Branch_3218,8144,8289,35.1493848857645,1
2773,Branch_3219,8548,8588,235.8490566037736,1
2774,Branch_3221,8554,8774,27.548209366391184,1
2775,Branch_3222,8774,9077,20.43318348998774,1
2776,Branch_3224,8548,8599,751.8796992481203,1
2777,Branch_3226,6373,6438,80.84074373484236,1
2778,Branch_3227,3670,4084,307.6923076923077,1
2779,Branch_3228,3385,3670,60.56935190793458,1
2780,Branch_3229,3580,3670,156.73981191222572,1
2781,Branch_3230,4304,4864,89.52551477170994,1
2782,Branch_3231,4093,4190,21.477663230240548,1
2783,Branch_3232,3580,4304,53.937432578209275,1
2784,Branch_3233,4093,4864,22.716946842344388,1
2785,Branch_3235,7967,8312,154.5595054095827,1
2786,Branch_3236,7967,8704,33.62474781439139,1
2787,Branch_3237,8704,8990,47.86979415988511,1
2788,Branch_3238,8681,8990,507.61421319796955,1
2789,Branch_3239,7951,8681,8.753501400560225,1
2790,Branch_3240,8011,8990,33.62474781439139,1
2791,Branch_3241,7967,8588,142.2475106685633,1
2792,Branch_3242,8313,8548,53.937432578209275,1
2793,Branch_3243,8548,8588,204.49897750511246,1
2794,Branch_3245,8162,8599,2000.0,1
2795,Branch_3247,8163,8599,2000.0,1
2796,Branch_3249,7975,9077,21.299254526091588,1
2797,Branch_3250,2052,2451,51.75983436853002,1
2798,Branch_3251,8466,9047,151.9756838905775,1
2799,Branch_3252,8466,8829,268.81720430107526,1
2800,Branch_3253,7951,8829,141.643059490085,1
2801,Branch_3254,8583,8827,30.56234718826406,1
2802,Branch_3255,7973,8583,2000.0,1
2803,Branch_3256,8634,8827,62.53908692933083,1
2804,Branch_3257,8634,9047,48.732943469785575,1
2805,Branch_3258,1931,2432,2000.0,1
2806,Branch_3260,5182,5284,9.49397132820659,1
2807,Branch_3261,8041,8369,49.115913555992144,1
2808,Branch_3262,8105,8368,236.96682464454977,1
2809,Branch_3263,8105,8246,16.220600162206,1
2810,Branch_3264,7929,7990,103.09278350515464,1
2811,Branch_3265,7990,8368,2000.0,1
2812,Branch_3266,7990,8369,2000.0,1
2813,Branch_3267,8105,8588,704.2253521126761,1
2814,Branch_3268,1867,2493,37.92188092529389,1
2815,Branch_3269,8498,9047,45.433893684688776,1
2816,Branch_3270,9377,9412,38.08073115003808,1
2817,Branch_3271,9365,9377,71.22507122507122,1
2818,Branch_3272,9377,9420,181.15942028985506,1
2819,Branch_3273,9306,9526,42.14075010535188,1
2820,Branch_3274,9331,9465,1000.0,1
2821,Branch_3275,9331,9420,82.64462809917356,1
2822,Branch_3276,9465,9526,75.13148009015778,1
2823,Branch_3277,9292,9703,1298.7012987012988,1
2824,Branch_3278,9292,9306,76.39419404125286,1
2825,Branch_3279,8087,8572,2000.0,1
2826,Branch_3281,4087,4354,27.8473962684489,1
2827,Branch_3282,3395,4087,33.433634236041456,1
2828,Branch_3283,3395,9443,30.111412225233362,1
2829,Branch_3284,9227,9443,25.523226135783563,1
2830,Branch_3285,9395,9464,26.014568158168576,1
2831,Branch_3286,9395,9443,66.66666666666667,1
2832,Branch_3287,9306,9499,24.372410431391664,1
2833,Branch_3288,9499,9922,65.06180871828236,1
2834,Branch_3289,9909,9922,38.565368299267256,1
2835,Branch_3290,2013,2650,75.8150113722517,1
2836,Branch_3291,8248,8548,82.03445447087776,1
2837,Branch_3292,8625,8675,78.86435331230284,1
2838,Branch_3293,8248,8625,30.3951367781155,1
2839,Branch_3294,8675,8735,14.007564084605686,1
2840,Branch_3295,8635,8735,17.812611328820804,1
2841,Branch_3296,8548,8635,12.434717731907485,1
2842,Branch_3297,8246,8599,14.887598630340927,1
2843,Branch_3300,8674,8953,134.40860215053763,1
2844,Branch_3301,8604,8657,22.716946842344388,1
2845,Branch_3303,8619,8636,18.112660749864155,1
2846,Branch_3304,8657,8953,68.96551724137932,1
2847,Branch_3305,8355,8674,94.07337723424271,1
2848,Branch_3307,8355,8735,892.8571428571429,1
2849,Branch_3308,8623,8735,12.224938875305623,1
2850,Branch_3313,2259,2527,87.03220191470844,1
2851,Branch_3314,9418,9464,746.2686567164179,1
2852,Branch_3315,9174,9418,73.1528895391368,1
2853,Branch_3316,9174,9703,59.844404548174744,1
2854,Branch_3317,1803,2188,77.45933384972889,1
2855,Branch_3318,8003,8498,66.2251655629139,1
2856,Branch_3320,8730,8733,63.05170239596469,1
2857,Branch_3321,6173,6347,19.71608832807571,1
2858,Branch_3322,3830,4032,1000.0,1
2859,Branch_3323,8042,8242,13.065064018813692,1
2860,Branch_3324,7960,8042,41.511000415110004,1
2861,Branch_3325,7960,8213,7.2379849449913145,1
2862,Branch_3326,7969,8730,62.893081761006286,1
2863,Branch_3327,3048,3477,52.63157894736842,1
2864,Branch_3328,3477,4605,18.001800180018,1
2865,Branch_3329,8058,8063,10.206164523372117,1
2866,Branch_3330,8063,8095,29.958058717795087,1
2867,Branch_3331,8217,8367,21.77226213803614,1
2868,Branch_3332,8095,8367,9.33184023889511,1
2869,Branch_3333,8367,8372,2000.0,1
2870,Branch_3334,6265,8242,22.82583884957772,1
2871,Branch_3335,5987,6250,10.630381630700542,1
2872,Branch_3336,5987,6020,15.82528881152081,1
2873,Branch_3337,5987,6034,6.0949594685195345,1
2874,Branch_3338,6034,6353,7.5125835774922995,1
2875,Branch_3339,6020,6420,787.4015748031496,1
2876,Branch_3340,6250,6265,12.564392511622064,1
2877,Branch_3342,1937,2275,81.03727714748784,1
2878,Branch_3343,4190,5206,17.65536723163842,1
2879,Branch_3344,8033,8067,23.1000231000231,1
2880,Branch_3345,7926,8099,44.44444444444444,1
2881,Branch_3346,8033,8099,3.785297902944962,1
2882,Branch_3347,7971,8099,4.316484654897052,1
2883,Branch_3350,9634,9873,9.406452826639075,1
2884,Branch_3355,9634,9908,17.114495978093444,1
2885,Branch_3356,9194,9908,2000.0,1
2886,Branch_3358,9873,9878,18.158707100054475,1
2887,Branch_3364,1975,6234,32.43593902043464,1
2888,Branch_3365,3384,5207,40.17677782241864,1
2889,Branch_3366,3618,4334,3.1986693535489237,1
2890,Branch_3367,4396,5263,5.660911406736485,1
2891,Branch_3368,4334,4396,6.086056843770921,1
2892,Branch_3369,3618,4558,4.543389368468878,1
2893,Branch_3370,4018,4558,8.216926869350862,1
2894,Branch_3371,4338,5264,20.22653721682848,1
2895,Branch_3372,4018,5264,11.987532965715655,1
2896,Branch_3373,1800,2236,28.32058906825262,1
2897,Branch_3374,3385,4605,32.72251308900523,1
2898,Branch_3375,3408,4189,27.359781121751027,1
2899,Branch_3376,8014,8193,26.867275658248253,1
2900,Branch_3377,9215,9422,20.53388090349076,1
2901,Branch_3378,9411,9422,26.364355391510678,1
2902,Branch_3379,9210,9387,9.447331128956069,1
2903,Branch_3380,9215,9440,40.600893219650835,1
2904,Branch_3381,9254,9263,2000.0,1
2905,Branch_3382,9411,9475,10.58873358746294,1
2906,Branch_3383,9209,9440,5.322546306152863,1
2907,Branch_3384,9206,9440,34.566194262011756,1
2908,Branch_3385,9254,9474,41.928721174004195,1
2909,Branch_3386,9387,9474,20.04008016032064,1
2910,Branch_3387,9387,9411,7.347538574577516,1
2911,Branch_3388,8158,8382,94.16195856873823,1
2912,Branch_3389,2991,4369,24.43195699975568,1
2913,Branch_3390,4369,6455,50.76142131979695,1
2914,Branch_3392,4041,4637,140.25245441795232,1
2915,Branch_3393,3357,4637,2000.0,1
2916,Branch_3394,7914,8327,35.12469265893923,1
2917,Branch_3395,8213,8626,3.754599384245701,1
2918,Branch_3396,6381,8626,4.888063349301007,1
2919,Branch_3397,1832,2502,21.753317380900587,1
2920,Branch_3398,5968,6332,94.6969696969697,1
2921,Branch_3399,5968,6072,22.75830678197542,1
2922,Branch_3400,6072,6395,5.8809691837214775,1
2923,Branch_3401,2276,2663,43.535045711798,1
2924,Branch_3402,6072,6393,7.107320540156361,1
2925,Branch_3403,6042,6393,9.30232558139535,1
2926,Branch_3404,5969,6042,6.6956812855708066,1
2927,Branch_3405,6042,6394,8.682816705739342,1
2928,Branch_3406,5945,6394,11.956001912960305,1
2929,Branch_3407,5932,6394,90.33423667570008,1
2930,Branch_3408,5954,6072,176.67844522968198,1
2931,Branch_3409,5945,5954,4.423995752964077,1
2932,Branch_3410,5954,6331,30.816640986132512,1
2933,Branch_3411,6177,6434,35.587188612099645,1
2934,Branch_3415,6353,6395,8.061265618702135,1
2935,Branch_3417,7895,8286,8.916629514043692,1
2936,Branch_3418,8051,8549,3.8028597505324004,1
2937,Branch_3419,8286,8948,5.405405405405405,1
2938,Branch_3420,8121,8948,9.13575735428467,1
2939,Branch_3421,2463,2570,9.017945711966814,1
2940,Branch_3422,2869,2991,52.13764337851929,1
2941,Branch_3423,3012,3047,64.72491909385113,1
2942,Branch_3424,2869,3012,75.7002271006813,1
2943,Branch_3425,8174,8214,2000.0,1
2944,Branch_3426,8172,8234,39.55696202531646,1
2945,Branch_3427,8234,8383,23.11604253351826,1
2946,Branch_3428,8230,8991,51.975051975051976,1
2947,Branch_3429,8230,8290,4.3060758730568836,1
2948,Branch_3430,8383,8992,15.820281601012498,1
2949,Branch_3431,2500,2742,85.25149190110827,1
2950,Branch_3432,7902,8281,14.596409283316305,1
2951,Branch_3433,8094,8239,18.412815319462347,1
2952,Branch_3434,8172,8239,12.719409819384381,1
2953,Branch_3435,8239,8281,10.884946119516709,1
2954,Branch_3436,8119,8281,9.811616954474097,1
2955,Branch_3437,8549,8765,8.813678829543452,1
2956,Branch_3438,6097,6378,16.147263038914904,1
2957,Branch_3439,8053,8273,11.016855789357717,1
2958,Branch_3440,8053,8217,27.862914460852604,1
2959,Branch_3441,8053,8177,3.6165057321615857,1
2960,Branch_3442,8160,8177,28.677946659019213,1
2961,Branch_3443,1860,1968,1282.051282051282,1
2962,Branch_3445,9317,9497,5.457919441109049,1
2963,Branch_3446,9199,9317,5.333617792948957,1
2964,Branch_3447,9317,9426,8.92379082634303,1
2965,Branch_3448,1983,2010,1298.7012987012988,1
2966,Branch_3450,9445,9496,26.63825253063399,1
2967,Branch_3452,6318,6433,2.9537734455767244,1
2968,Branch_3453,6063,6596,78.49293563579278,1
2969,Branch_3454,6270,6342,66.62225183211193,1
2970,Branch_3455,6270,6318,11.764705882352942,1
2971,Branch_3456,6063,6270,78.49293563579278,1
2972,Branch_3457,6173,6732,25.660764690787786,1
2973,Branch_3458,6138,6433,4.845195988177722,1
2974,Branch_3459,6127,6433,10.734220695577502,1
2975,Branch_3460,5957,6126,49.52947003467063,1
2976,Branch_3461,5957,6336,38.38771593090211,1
2977,Branch_3462,5957,6139,12.238404112103781,1
2978,Branch_3463,6127,6728,118.06375442739079,1
2979,Branch_3464,6126,6728,118.06375442739079,1
2980,Branch_3465,6732,6743,21.767522855899,1
2981,Branch_3466,6061,6433,10.171905197843556,1
2982,Branch_3467,5915,6061,7.106310403638431,1
2983,Branch_3468,6262,6776,80.25682182985554,1
2984,Branch_3469,1857,6432,24.61235540241201,1
2985,Branch_3470,4189,4300,73.69196757553426,1
2986,Branch_3471,3661,4300,123.76237623762377,1
2987,Branch_3472,3408,4300,17.1909919202338,1
2988,Branch_3473,1835,2287,20.20610224287735,1
2989,Branch_3474,3047,5269,8.587376556462,1
2990,Branch_3477,3417,5263,25.201612903225808,1
2991,Branch_3478,8200,8712,364.963503649635,1
2992,Branch_3479,4057,9528,13.653741125068269,1
2993,Branch_3480,4057,5263,2.6959264551263042,1
2994,Branch_3481,3561,3661,11.974613818704347,1
2995,Branch_3482,8375,8540,29.4811320754717,1
2996,Branch_3483,9253,9528,10.236462278636504,1
2997,Branch_3484,9226,9253,21.635655560363478,1
2998,Branch_3488,9220,9274,2000.0,1
2999,Branch_3490,9274,9468,4.4929685042907845,1
3000,Branch_3491,9463,9468,8.480325644504749,1
3001,Branch_3492,9274,9491,107.18113612004288,1
3002,Branch_3493,9199,9468,0.7105704459540119,1
3003,Branch_3494,9315,9492,14.43209698369173,1
3004,Branch_3495,7753,7761,47.93863854266539,1
3005,Branch_3496,7912,8290,5.549697541483989,1
3006,Branch_3497,7912,8336,9.859988168014198,1
3007,Branch_3498,8054,8336,25.647601949217748,1
3008,Branch_3499,8054,8198,78.18608287724786,1
3009,Branch_3500,7907,8336,53.304904051172706,1
3010,Branch_3501,1827,2454,23.326335432703523,1
3011,Branch_3503,4338,4698,22.527596305474205,1
3012,Branch_3504,3026,3068,25.3613999492772,1
3013,Branch_3505,3026,4698,6.476683937823834,1
3014,Branch_3506,3068,4017,5.417118093174431,1
3015,Branch_3507,6347,6432,25.76655501159495,1
3016,Branch_3508,9226,9727,9.848335631278314,1
3017,Branch_3509,6338,6649,25.374270489723422,1
3018,Branch_3510,5473,5672,39.354584809130266,1
3019,Branch_3511,5546,5672,50.94243504839531,1
3020,Branch_3512,5521,5545,49.67709885742673,1
3021,Branch_3513,5400,5546,35.08771929824562,1
3022,Branch_3514,5439,5687,367.6470588235294,1
3023,Branch_3515,5400,5439,28.20078962210942,1
3024,Branch_3516,5546,5625,23.792529145848203,1
3025,Branch_3517,5372,5625,124.53300124533001,1
3026,Branch_3518,5545,5687,58.61664712778429,1
3027,Branch_3519,4487,5372,102.98661174047373,1
3028,Branch_3520,4487,4834,85.47008547008546,1
3029,Branch_3521,3224,4487,64.59948320413437,1
3030,Branch_3522,4489,4834,34.36426116838488,1
3031,Branch_3523,4834,4860,2000.0,1
3032,Branch_3525,7930,8844,16.038492381716118,1
3033,Branch_3526,8247,8844,8.46955196070128,1
3034,Branch_3527,7928,8258,115.2073732718894,1
3035,Branch_3528,7930,8549,12.763241863433311,1
3036,Branch_3529,9215,9330,78.74015748031496,1
3037,Branch_3530,9330,9411,14.669209329617134,1
3038,Branch_3531,9330,9704,29.922202274087372,1
3039,Branch_3532,9370,9385,3.84571011037188,1
3040,Branch_3533,9277,9370,156.49452269170578,1
3041,Branch_3534,9277,9388,1000.0,1
3042,Branch_3535,9215,9362,185.5287569573284,1
3043,Branch_3536,9205,9362,12.201073694485114,1
3044,Branch_3537,9362,9386,112.99435028248588,1
3045,Branch_3538,9370,9386,22.558087074216107,1
3046,Branch_3539,9386,9704,24.06159769008662,1
3047,Branch_3540,6139,6639,11.24353496739375,1
3048,Branch_3541,6395,6639,2.973181899268597,1
3049,Branch_3544,5443,5715,52.742616033755276,1
3050,Branch_3545,5393,5443,2000.0,1
3051,Branch_3548,1809,2438,41.1522633744856,1
3052,Branch_3551,7185,7644,11.767474699929394,1
3053,Branch_3552,2549,2742,24.968789013732835,1
3054,Branch_3553,2046,2073,40.48582995951417,1
3055,Branch_3554,2134,2249,19.712201852946976,1
3056,Branch_3557,4878,4928,1886.7924528301887,1
3057,Branch_3558,176,1218,362.3188405797101,1
3058,Branch_3559,208,1371,58.47953216374269,1
3059,Branch_3560,208,209,151.05740181268882,1
3060,Branch_3561,208,1641,140.64697609001408,1
3061,Branch_3562,2842,3732,5.229578495973224,1
3062,Branch_3567,3277,4878,6.269199423233653,1
3063,Branch_3568,3277,3547,7.586677793794098,1
3064,Branch_3570,2828,5228,6.433764395547835,1
3065,Branch_3571,7896,8584,4.5987583352494825,1
3066,Branch_3572,3088,4878,24.154589371980677,1
3067,Branch_3574,288,1247,543.4782608695652,1
3068,Branch_3575,7883,8584,5.091649694501018,1
3069,Branch_3579,134,1228,826.4462809917355,1
3070,Branch_3582,8184,9101,5.902490851139181,1
3071,Branch_3583,2828,5289,185.1851851851852,1
3072,Branch_3584,7386,7545,94.42870632672333,1
3073,Branch_3585,2147,2666,775.1937984496124,1
3074,Branch_3586,9559,9753,35.7398141529664,1
3075,Branch_3590,9635,9753,42.24757076468103,1
3076,Branch_3591,9757,9790,2000.0,1
3077,Branch_3592,9757,9789,2000.0,1
3078,Branch_3593,9659,9753,800.0,1
3079,Branch_3594,9754,9775,2000.0,1
3080,Branch_3595,9754,9776,2000.0,1
3081,Branch_3597,9565,9933,200.80321285140562,1
3082,Branch_3599,9587,9933,56.85048322910745,1
3083,Branch_3600,8633,9755,51.440329218106996,1
3084,Branch_3602,9755,9785,2000.0,1
3085,Branch_3603,9559,9866,65.48788474132286,1
3086,Branch_3604,9866,9899,2000.0,1
3087,Branch_3605,9554,9866,147.49262536873155,1
3088,Branch_3606,2971,4387,4.756242568370987,1
3089,Branch_3607,2105,2645,92.5925925925926,1
3090,Branch_3608,5473,5751,23.651844843897823,1
3091,Branch_3610,5461,5751,12.567550584391102,1
3092,Branch_3611,4388,4820,7.164350193437455,1
3093,Branch_3612,3109,4820,118.90606420927467,1
3094,Branch_3613,3109,3237,8.233841086867024,1
3095,Branch_3614,3927,4388,16.71402306535183,1
3096,Branch_3615,3927,4612,4.585262964831033,1
3097,Branch_3616,3411,3927,4.585262964831033,1
3098,Branch_3617,3927,4465,59.27682276229994,1
3099,Branch_3619,3433,3928,16.71402306535183,1
3100,Branch_3620,9561,9902,116.68611435239207,1
3101,Branch_3621,9902,9905,2000.0,1
3102,Branch_3622,9554,9902,46.06172270842929,1
3103,Branch_3623,9559,9923,341.29692832764505,1
3104,Branch_3624,9554,9923,52.52100840336134,1
3105,Branch_3629,1834,1994,19.168104274487252,1
3106,Branch_3630,3236,4217,25.980774227071965,1
3107,Branch_3631,4217,5274,21.64970772894566,1
3108,Branch_3632,5276,5602,19.584802193497847,1
3109,Branch_3633,5616,5868,125.62814070351759,1
3110,Branch_3634,4536,5616,52.6592943654555,1
3111,Branch_3635,4536,5602,118.48341232227489,1
3112,Branch_3636,1978,2260,107.87486515641855,1
3113,Branch_3637,2584,2721,19.880715705765407,1
3114,Branch_3638,5449,5512,28.87669650591972,1
3115,Branch_3639,5512,5534,75.8150113722517,1
3116,Branch_3640,5535,5675,7.484469725319961,1
3117,Branch_3641,5555,5675,19.190174630589137,1
3118,Branch_3642,5555,5633,11.337868480725623,1
3119,Branch_3643,1808,2599,57.570523891767415,1
3120,Branch_3644,5438,5461,240.3846153846154,1
3121,Branch_3645,5438,5710,61.12469437652812,1
3122,Branch_3646,5449,5603,6.5915233010348695,1
3123,Branch_3647,5483,5603,11.890606420927467,1
3124,Branch_3648,5389,5484,37.90750568612585,1
3125,Branch_3649,5389,5686,99.60159362549801,1
3126,Branch_3650,5388,5686,88.49557522123894,1
3127,Branch_3651,5387,5388,41.63197335553705,1
3128,Branch_3652,5387,5526,111.23470522803115,1
3129,Branch_3653,5387,5612,24.044241404183698,1
3130,Branch_3655,5553,5686,43.97537379067722,1
3131,Branch_3656,5527,5553,103.62694300518135,1
3132,Branch_3657,5553,5734,74.01924500370096,1
3133,Branch_3658,5526,5622,33.692722371967655,1
3134,Branch_3659,5621,5682,8.663259118080221,1
3135,Branch_3660,5682,5706,10.018032458425166,1
3136,Branch_3661,6613,6686,101.11223458038423,1
3137,Branch_3662,3738,4129,103.51966873706004,1
3138,Branch_3663,5682,5705,8.918219923303308,1
3139,Branch_3664,2766,6686,48.61448711716091,1
3140,Branch_3665,3664,4128,57.077625570776256,1
3141,Branch_3667,2133,2158,22.43158366980709,1
3142,Branch_3668,1855,2436,40.93327875562833,1
3143,Branch_3669,6125,6408,79.93605115907275,1
3144,Branch_3670,2220,2511,25.720164609053498,1
3145,Branch_3671,2220,2721,704.2253521126761,1
3146,Branch_3672,3896,4128,70.17543859649123,1
3147,Branch_3673,2933,3896,112.10762331838565,1
3148,Branch_3674,2933,2983,177.61989342806393,1
3149,Branch_3675,8014,8855,32.38341968911917,1
3150,Branch_3676,2158,6408,24.551927326295115,1
3151,Branch_3677,8375,8540,29.542097488921712,1
3152,Branch_3678,7897,8922,194.1747572815534,1
3153,Branch_3679,2076,2758,67.70480704129993,1
3154,Branch_3680,2830,9236,73.74631268436578,1
3155,Branch_3681,8619,8887,26.56042496679947,1
3156,Branch_3682,2958,5322,175.43859649122808,1
3157,Branch_3683,2958,3474,108.57763300760044,1
3158,Branch_3684,3474,4291,66.75567423230974,1
3159,Branch_3685,3750,5308,81.43322475570032,1
3160,Branch_3686,4128,5322,92.93680297397769,1
3161,Branch_3687,3750,4291,235.2941176470588,1
3162,Branch_3688,6048,6116,45.146726862302486,1
3163,Branch_3689,2693,2698,106.15711252653928,1
3164,Branch_3690,8530,8854,1162.7906976744187,1
3165,Branch_3691,8530,8572,18.695083193120208,1
3166,Branch_3692,2073,2286,276.24309392265195,1
3167,Branch_3693,3633,5308,165.01650165016503,1
3168,Branch_3694,3633,4257,56.14823133071308,1
3169,Branch_3697,2010,6506,12.345679012345679,1
3170,Branch_3698,3516,4142,239.8081534772182,1
3171,Branch_3699,4142,5308,79.93605115907275,1
3172,Branch_3700,3516,3992,126.42225031605562,1
3173,Branch_3701,3516,4255,138.88888888888889,1
3174,Branch_3702,4128,5321,92.93680297397769,1
3175,Branch_3703,2959,5321,68.87052341597796,1
3176,Branch_3704,3473,3624,531.9148936170212,1
3177,Branch_3705,3624,3812,502.51256281407035,1
3178,Branch_3706,3624,4292,76.33587786259542,1
3179,Branch_3707,3749,4292,235.2941176470588,1
3180,Branch_3708,3749,5308,81.43322475570032,1
3181,Branch_3709,2959,3473,104.60251046025104,1
3182,Branch_3710,1920,2252,100.70493454179255,1
3183,Branch_3711,2278,2744,145.5604075691412,1
3184,Branch_3712,2312,2509,29.533372711163615,1
3185,Branch_3713,6263,6506,497.5124378109453,1
3186,Branch_3714,3664,4128,56.78591709256104,1
3187,Branch_3716,5953,6776,2000.0,1
3188,Branch_3717,3091,3570,104.60251046025104,1
3189,Branch_3718,3570,3593,84.31703204047217,1
3190,Branch_3719,3593,4742,124.06947890818859,1
3191,Branch_3720,6066,6743,2000.0,1
3192,Branch_3721,3091,3571,104.60251046025104,1
3193,Branch_3722,3571,3594,87.64241893076249,1
3194,Branch_3723,3594,4742,124.06947890818859,1
3195,Branch_3724,6067,6743,2000.0,1
3196,Branch_3726,3634,4416,40.290088638195,1
3197,Branch_3727,3090,3257,1818.1818181818182,1
3198,Branch_3728,3257,3601,2000.0,1
3199,Branch_3729,3209,3601,1428.5714285714287,1
3200,Branch_3730,3209,3634,126.42225031605562,1
3201,Branch_3731,3090,4606,552.4861878453039,1
3202,Branch_3732,4606,4742,684.931506849315,1
3203,Branch_3733,2021,2311,22.537750732476898,1
3204,Branch_3735,2301,2302,5.508427894678858,1
3205,Branch_3736,2112,2301,31.595576619273302,1
3206,Branch_3737,1824,2450,19.264110961279137,1
3207,Branch_3739,2933,3937,662.2516556291391,1
3208,Branch_3740,3937,5162,83.05647840531562,1
3209,Branch_3741,4158,5162,151.5151515151515,1
3210,Branch_3742,2920,4158,68.54009595613434,1
3211,Branch_3743,2933,2982,177.61989342806393,1
3212,Branch_3744,2933,3938,662.2516556291391,1
3213,Branch_3745,3938,4159,97.84735812133073,1
3214,Branch_3746,2920,4159,71.58196134574088,1
3215,Branch_3747,1829,2316,37.20238095238095,1
3216,Branch_3748,6424,6778,1785.7142857142858,1
3217,Branch_3749,2010,2450,337.8378378378378,1
3218,Branch_3750,2830,3738,156.98587127158555,1
3219,Branch_3751,1950,2329,90.74410163339383,1
3220,Branch_3752,3040,5164,63.371356147021544,1
3221,Branch_3753,3889,5164,126.26262626262626,1
3222,Branch_3754,3490,3889,72.20216606498195,1
3223,Branch_3755,3800,4818,96.89922480620154,1
3224,Branch_3756,3490,4818,98.03921568627452,1
3225,Branch_3758,2235,2355,36.127167630057805,1
3226,Branch_3759,2933,3664,30.581039755351682,1
3227,Branch_3760,2934,4128,42.51700680272109,1
3228,Branch_3764,3051,3836,107.41138560687433,1
3229,Branch_3765,2278,2360,62.814070351758794,1
3230,Branch_3766,3050,3835,106.95187165775401,1
3231,Branch_3767,3838,4738,751.8796992481203,1
3232,Branch_3768,1975,2450,163.66612111292963,1
3233,Branch_3769,3222,3495,35.99712023038157,1
3234,Branch_3770,3495,5281,42.40882103477524,1
3235,Branch_3771,3222,5307,109.17030567685589,1
3236,Branch_3772,3837,4623,44.72271914132379,1
3237,Branch_3774,3837,4738,943.3962264150944,1
3238,Branch_3776,2383,2698,497.5124378109453,1
3239,Branch_3778,4738,4739,1298.7012987012988,1
3240,Branch_3779,4738,4740,1298.7012987012988,1
3241,Branch_3780,6209,6257,813.0081300813008,1
3242,Branch_3782,3505,5048,63.69426751592356,1
3243,Branch_3783,4309,4440,42.918454935622314,1
3244,Branch_3784,3505,4309,120.48192771084338,1
3245,Branch_3785,4777,5048,47.7326968973747,1
3246,Branch_3787,2788,3278,35.77817531305904,1
3247,Branch_3788,3278,4777,2000.0,1
3248,Branch_3789,3174,5307,34.258307639602606,1
3249,Branch_3790,2809,4777,48.49660523763337,1
3250,Branch_3791,2809,3174,83.5421888053467,1
3251,Branch_3794,2709,2732,746.2686567164179,1
3252,Branch_3795,2326,2327,11.074197120708748,1
3253,Branch_3796,2326,2328,11.074197120708748,1
3254,Branch_3797,2312,2326,2000.0,1
3255,Branch_3798,2124,2666,89.84725965858041,1
3256,Branch_3799,8261,8530,2000.0,1
3257,Branch_3800,1850,2100,2000.0,1
3258,Branch_3801,3244,5307,87.56567425569177,1
3259,Branch_3802,3244,4428,934.5794392523364,1
3260,Branch_3803,3025,4428,113.89521640091117,1
3261,Branch_3804,3025,4760,17.17622810030917,1
3262,Branch_3805,8261,8530,2000.0,1
3263,Branch_3806,2198,2610,11.824524062906468,1
3264,Branch_3807,2199,2696,109.40919037199124,1
3265,Branch_3808,7247,7562,140.8450704225352,1
3266,Branch_3809,7043,7247,122.39902080783354,1
3267,Branch_3810,2200,2459,122.39902080783354,1
3268,Branch_3811,1807,2201,27.307482250136538,1
3269,Branch_3812,2197,2559,165.8374792703151,1
3270,Branch_3813,3146,4760,317.46031746031747,1
3271,Branch_3814,3146,4760,342.4657534246575,1
3272,Branch_3815,1795,2516,15.44878727019929,1
3273,Branch_3816,2553,2709,621.1180124223603,1
3274,Branch_3817,3343,4062,344.82758620689657,1
3275,Branch_3818,2516,2610,11.791062374719962,1
3276,Branch_3819,3721,4451,17.6056338028169,1
3277,Branch_3820,3131,4137,71.68458781362007,1
3278,Branch_3821,3960,5307,510.2040816326531,1
3279,Branch_3822,3241,3960,43.459365493263796,1
3280,Branch_3823,3241,4137,25.374270489723422,1
3281,Branch_3824,3131,4451,61.804697156983934,1
3282,Branch_3826,2552,2610,69.97900629811056,1
3283,Branch_3827,3532,5235,196.07843137254903,1
3284,Branch_3828,4016,4116,124.37810945273633,1
3285,Branch_3829,4116,4693,1136.3636363636363,1
3286,Branch_3830,3532,4693,99.10802775024777,1
3287,Branch_3831,4333,5235,144.50867052023122,1
3288,Branch_3832,4128,4333,543.4782608695652,1
3289,Branch_3834,2902,4016,162.07455429497568,1
3290,Branch_3835,2782,4734,2000.0,1
3291,Branch_3836,4165,4734,50.0,1
3292,Branch_3838,2241,2733,151.285930408472,1
3293,Branch_3839,2241,2255,467.2897196261682,1
3294,Branch_3842,47,2552,2.49925022493252,1
3295,Branch_3843,4955,4965,2000.0,1
3296,Branch_3844,4955,4965,2000.0,1
3297,Branch_3845,4955,4965,2000.0,1
3298,Branch_3846,6900,7385,64.85084306095979,1
3299,Branch_3847,1804,2142,2000.0,1
3300,Branch_3848,1804,2143,2000.0,1
3301,Branch_3849,1804,2141,2000.0,1
3302,Branch_3850,4016,4653,900.9009009009009,1
3303,Branch_3851,9706,9934,36.54970760233918,1
3304,Branch_3853,3748,4722,204.08163265306123,1
3305,Branch_3854,2960,3748,2000.0,1
3306,Branch_3855,3527,9433,101.9367991845056,1
3307,Branch_3856,4653,5147,268.81720430107526,1
3308,Branch_3858,4783,5147,184.50184501845018,1
3309,Branch_3859,4722,4741,2000.0,1
3310,Branch_3860,4723,4741,2000.0,1
3311,Branch_3861,4722,4783,83.82229673093043,1
3312,Branch_3862,9433,9934,34.62603878116344,1
3313,Branch_3863,2960,5084,476.1904761904762,1
3314,Branch_3865,5000,5084,1886.7924528301887,1
3315,Branch_3866,3527,5084,56.33802816901409,1
3316,Branch_3869,8133,8733,2000.0,1
3317,Branch_3871,3949,4129,231.4814814814815,1
3318,Branch_3872,4128,4332,340.13605442176873,1
3319,Branch_3873,3720,4332,52.54860746190226,1
3320,Branch_3874,3720,4473,248.75621890547265,1
3321,Branch_3875,3342,4473,373.13432835820896,1
3322,Branch_3876,4473,4541,645.1612903225806,1
3323,Branch_3877,3342,4474,375.9398496240602,1
3324,Branch_3878,3533,3719,58.47953216374269,1
3325,Branch_3879,3254,3533,148.14814814814815,1
3326,Branch_3880,4115,4694,1136.3636363636363,1
3327,Branch_3881,4016,4115,124.37810945273633,1
3328,Branch_3882,3719,4474,328.94736842105266,1
3329,Branch_3883,4475,4541,2000.0,1
3330,Branch_3884,3254,4656,546.448087431694,1
3331,Branch_3885,4656,4694,201.61290322580646,1
3332,Branch_3886,3198,4485,518.1347150259068,1
3333,Branch_3887,2920,4485,129.70168612191958,1
3334,Branch_3888,3198,3754,157.23270440251574,1
3335,Branch_3889,3754,4537,2000.0,1
3336,Branch_3890,3754,4538,2000.0,1
3337,Branch_3891,3342,4590,146.41288433382138,1
3338,Branch_3892,3019,3359,92.42144177449168,1
3339,Branch_3893,3019,4375,142.45014245014244,1
3340,Branch_3894,4016,4375,78.24726134585289,1
3341,Branch_3895,3359,4590,88.73114463176574,1
3342,Branch_3897,4016,4374,78.24726134585289,1
3343,Branch_3898,3399,4064,128.7001287001287,1
3344,Branch_3899,3129,4589,91.49130832570906,1
3345,Branch_3900,3020,4374,142.45014245014244,1
3346,Branch_3901,3020,3129,191.93857965451056,1
3347,Branch_3902,3399,4589,81.76614881439085,1
3348,Branch_3903,3342,3545,132.1003963011889,1
3349,Branch_3904,2920,3545,147.05882352941177,1
3350,Branch_3906,3401,3544,81.43322475570032,1
3351,Branch_3907,2920,3544,147.71048744460856,1
3352,Branch_3908,3754,4486,104.38413361169103,1
3353,Branch_3909,2920,4486,163.3986928104575,1
3354,Branch_3910,2647,2754,20.07226013649137,1
3355,Branch_3911,4062,5644,20.449897750511248,1
3356,Branch_3913,3742,4016,2000.0,1
3357,Branch_3914,3746,4016,2000.0,1
3358,Branch_3915,1870,2045,34.78260869565217,1
3359,Branch_3916,3584,4160,129.19896640826875,1
3360,Branch_3917,4160,5715,36.96857670979667,1
3361,Branch_3918,5533,5715,88.65248226950355,1
3362,Branch_3919,5390,5521,91.49130832570906,1
3363,Branch_3920,5390,5533,29.086678301337987,1
3364,Branch_3921,5532,5533,21.2630236019562,1
3365,Branch_3922,3261,3584,302.11480362537765,1
3366,Branch_3923,3261,5803,17.917935853789643,1
3367,Branch_3924,5375,5803,48.05382027871216,1
3368,Branch_3925,5356,5375,2000.0,1
3369,Branch_3926,5375,9231,18.889308651303363,1
3370,Branch_3929,4871,4897,2000.0,1
3371,Branch_3930,3584,4871,12.948336138806164,1
3372,Branch_3931,4871,9531,666.6666666666666,1
3373,Branch_3932,9177,9231,9.701202949165696,1
3374,Branch_3933,9177,9531,220.7505518763797,1
3375,Branch_3934,1871,2073,38.62495171881035,1
3376,Branch_3935,3665,4128,70.4225352112676,1
3377,Branch_3937,9735,9750,84.7457627118644,1
3378,Branch_3938,9735,9748,51.89413596263622,1
3379,Branch_3939,9735,9740,2000.0,1
3380,Branch_3940,1871,2045,34.78260869565217,1
3381,Branch_3941,9291,9449,60.45949214026602,1
3382,Branch_3942,9291,9480,114.15525114155251,1
3383,Branch_3943,9144,9237,26.32964718272775,1
3384,Branch_3944,9233,9291,134.2281879194631,1
3385,Branch_3945,9144,9233,228.83295194508008,1
3386,Branch_3946,9480,9750,42.3728813559322,1
3387,Branch_3947,9750,9814,471.6981132075472,1
3388,Branch_3948,3645,5239,206.18556701030928,1
3389,Branch_3949,3584,3645,20.74688796680498,1
3390,Branch_3950,5239,9748,211.864406779661,1
3391,Branch_3951,9748,9808,2000.0,1
3392,Branch_3952,1870,2665,39.308176100628934,1
3393,Branch_3953,1802,2124,181.15942028985506,1
3394,Branch_3954,3904,4714,2000.0,1
3395,Branch_3955,3904,4715,2000.0,1
3396,Branch_3956,3242,4523,234.192037470726,1
3397,Branch_3957,3243,4524,69.1085003455425,1
3398,Branch_3958,2804,4923,2000.0,1
3399,Branch_3959,2804,4924,2000.0,1
3400,Branch_3960,8183,8246,199.20318725099602,1
3401,Branch_3961,7297,7590,59.844404548174744,1
3402,Branch_3962,7179,7519,7.96241738991958,1
3403,Branch_3963,1870,2071,76.04562737642586,1
3404,Branch_3964,2918,4129,136.05442176870747,1
3405,Branch_3965,4021,4248,19.120458891013385,1
3406,Branch_3966,3605,4124,66.8002672010688,1
3407,Branch_3967,3022,4021,215.9827213822894,1
3408,Branch_3968,4021,4477,215.9827213822894,1
3409,Branch_3969,4124,4248,27.389756231169542,1
3410,Branch_3971,4125,4760,128.2051282051282,1
3411,Branch_3972,2045,2072,131.06159895150722,1
3412,Branch_3973,3849,4310,118.48341232227489,1
3413,Branch_3974,3849,4813,246.30541871921181,1
3414,Branch_3975,3684,4310,61.84291898577613,1
3415,Branch_3977,1941,2733,95.14747859181732,1
3416,Branch_3978,3013,4792,53.475935828877006,1
3417,Branch_3979,4792,4813,50.45408678102926,1
3418,Branch_3980,3013,4815,64.85084306095979,1
3419,Branch_3981,1961,2021,94.07337723424271,1
3420,Branch_3982,3038,3170,120.62726176115802,1
3421,Branch_3983,3170,4815,606.060606060606,1
3422,Branch_3984,6262,6438,6.700616456714018,1
3423,Branch_3985,4144,5426,19.282684149633628,1
3424,Branch_3989,2518,2562,380.22813688212926,1
3425,Branch_3990,3038,4212,141.44271570014143,1
3426,Branch_3991,3040,4212,63.653723742838956,1
3427,Branch_3992,3040,3136,189.75332068311195,1
3428,Branch_3993,3136,4307,151.9756838905775,1
3429,Branch_3994,3040,4195,75.47169811320755,1
3430,Branch_3995,3865,4307,192.30769230769232,1
3431,Branch_3996,3165,3865,247.52475247524754,1
3432,Branch_3997,8014,8173,2000.0,1
3433,Branch_3998,3038,4211,141.44271570014143,1
3434,Branch_3999,3040,4211,63.653723742838956,1
3435,Branch_4000,1785,2599,58.17335660267597,1
3436,Branch_4001,2887,4963,36.231884057971016,1
3437,Branch_4002,3123,4963,41.82350480970305,1
3438,Branch_4003,2999,3685,431.0344827586207,1
3439,Branch_4004,3072,3377,172.41379310344828,1
3440,Branch_4005,3072,3123,46.23208506703652,1
3441,Branch_4006,2999,3377,1000.0,1
3442,Branch_4007,3484,3685,324.6753246753247,1
3443,Branch_4009,2887,3538,53.219797764768494,1
3444,Branch_4010,3215,3538,113.63636363636364,1
3445,Branch_4012,3638,4813,31.220730565095224,1
3446,Branch_4013,2887,3374,2000.0,1
3447,Branch_4014,534,2144,5.858574023082782,1
3448,Branch_4015,2887,4813,21.729682746631898,1
3449,Branch_4016,3038,4462,134.40860215053763,1
3450,Branch_4017,3685,4462,45.558086560364465,1
3451,Branch_4018,2025,2599,75.47169811320755,1
3452,Branch_4019,5167,5175,49.75124378109453,1
3453,Branch_4020,4467,5167,133.15579227696404,1
3454,Branch_4021,3685,4467,124.06947890818859,1
3455,Branch_4022,2546,5920,3.6358347876672483,1
3456,Branch_4023,2153,2546,3.8504485772592507,1
3457,Branch_4024,4815,4948,209.20502092050208,1
3458,Branch_4025,1808,2599,57.50431282346176,1
3459,Branch_4026,2918,4061,282.4858757062147,1
3460,Branch_4027,5710,5716,28.818443804034583,1
3461,Branch_4028,5485,5685,27.159152634437806,1
3462,Branch_4029,5485,5506,40.502227622519236,1
3463,Branch_4030,5685,5788,57.43825387708214,1
3464,Branch_4031,5716,5788,79.36507936507937,1
3465,Branch_4033,4815,4948,209.20502092050208,1
3466,Branch_4035,2008,2733,123.00123001230013,1
3467,Branch_4036,3076,4061,95.32888465204957,1
3468,Branch_4037,5548,5684,87.7963125548727,1
3469,Branch_4039,5710,5796,13.62954886193267,1
3470,Branch_4040,5665,5684,30.111412225233362,1
3471,Branch_4041,5548,5796,28.768699654775602,1
3472,Branch_4042,5473,5547,30.33060357901122,1
3473,Branch_4043,5547,5669,19.138755980861244,1
3474,Branch_4044,5557,5798,79.11392405063292,1
3475,Branch_4045,5557,5669,23.90057361376673,1
3476,Branch_4046,5410,5798,70.77140835102618,1
3477,Branch_4047,5410,5815,107.64262648008611,1
3478,Branch_4048,2073,2665,30.959752321981423,1
3479,Branch_4049,5665,5815,51.733057423693744,1
3480,Branch_4050,7189,7445,274.72527472527474,1
3481,Branch_4051,7103,7297,18.52537977028529,1
3482,Branch_4054,5391,5710,120.1923076923077,1
3483,Branch_4055,5500,5638,66.62225183211193,1
3484,Branch_4056,5391,5638,925.925925925926,1
3485,Branch_4057,7185,7435,15.997440409534475,1
3486,Branch_4058,3666,6116,103.62694300518135,1
3487,Branch_4059,5499,5637,66.62225183211193,1
3488,Branch_4060,7070,7308,21.872265966754156,1
3489,Branch_4062,2157,2665,97.75171065493646,1
3490,Branch_4063,1931,2468,248.75621890547265,1
3491,Branch_4064,1799,1842,154.5595054095827,1
3492,Branch_4065,1842,1883,50.9683995922528,1
3493,Branch_4066,2654,2739,39.936102236421725,1
3494,Branch_4067,1897,2654,123.45679012345678,1
3495,Branch_4068,1897,2654,123.45679012345678,1
3496,Branch_4069,1815,2654,1010.10101010101,1
3497,Branch_4070,2567,2654,25.95380223202699,1
3498,Branch_4071,2190,2292,107.87486515641855,1
3499,Branch_4072,2219,2292,240.96385542168676,1
3500,Branch_4073,1992,2583,168.63406408094434,1
3501,Branch_4074,1793,2583,90.41591320072332,1
3502,Branch_4075,2098,2190,125.62814070351759,1
3503,Branch_4076,6280,6530,2000.0,1
3504,Branch_4077,6027,6530,41.78854993731718,1
3505,Branch_4078,6530,6531,32.25806451612903,1
3506,Branch_4079,6391,6390,9.975062344139651,1
3507,Branch_4080,6392,6390,8.053475074494644,1
3508,Branch_4081,6170,6391,56.36978579481398,1
3509,Branch_4082,6202,6392,47.80114722753346,1
3510,Branch_4083,6171,6391,20.868113522537563,1
3511,Branch_4084,6030,6390,132.27513227513228,1
3512,Branch_4085,6021,6390,56.94760820045558,1
3513,Branch_4086,3177,6390,8.682062858135092,1
3514,Branch_4087,6008,6391,18.51851851851852,1
3515,Branch_4089,5998,6028,165.28925619834712,1
3516,Branch_4090,6028,6283,63.33122229259025,1
3517,Branch_4091,4488,4508,2000.0,1
3518,Branch_4092,4488,4508,2000.0,1
3519,Branch_4093,6322,6324,11.771630370806356,1
3520,Branch_4094,6324,6323,10.770059235325794,1
3521,Branch_4095,6267,6323,12.60239445494644,1
3522,Branch_4096,6324,6618,8.442380751371887,1
3523,Branch_4097,5998,6322,83.89261744966443,1
3524,Branch_4098,5997,6324,22.22716159146477,1
3525,Branch_4099,6323,9661,6.93000693000693,1
3526,Branch_4100,6281,6323,102.45901639344262,1
3527,Branch_4101,5993,6324,18.674136321195146,1
3528,Branch_4102,6007,6322,66.8002672010688,1
3529,Branch_4103,6322,6323,2000.0,1
3530,Branch_4104,6324,6375,42.80821917808219,1
3531,Branch_4105,6105,6170,23.798191337458352,1
3532,Branch_4106,6170,6203,346.02076124567475,1
3533,Branch_4107,5921,6202,13.960631020522127,1
3534,Branch_4108,6096,6202,57.04506560182544,1
3535,Branch_4109,6202,6389,13.368983957219251,1
3536,Branch_4110,4089,4165,131.92612137203167,1
3537,Branch_4111,4088,4154,22.81021897810219,1
3538,Branch_4112,6024,6172,30.75030750307503,1
3539,Branch_4113,8320,8361,28.28854314002829,1
3540,Branch_4114,8361,8362,0.7584376185058779,1
3541,Branch_4115,427,434,2000.0,1
3542,Branch_4116,427,1598,18.864365214110546,1
3543,Branch_4117,427,1099,273.972602739726,1
3544,Branch_4120,9733,9742,2000.0,1
3545,Branch_4121,8468,8470,46.57661853749418,1
3546,Branch_4122,8471,8470,-456.62100456621005,1
3547,Branch_4123,8469,8470,8.92379082634303,1
3548,Branch_4124,8472,8473,46.8384074941452,1
3549,Branch_4125,8471,8473,-564.9717514124294,1
3550,Branch_4126,8474,8473,8.949346697691068,1
3551,Branch_4127,4079,4519,709.2198581560284,1
3552,Branch_4128,7007,7359,23.13208420078649,1
3553,Branch_4129,7359,7723,34.85535029627048,1
3554,Branch_4130,80,525,168.35016835016836,1
3555,Branch_4131,83,525,184.84288354898337,1
3556,Branch_4132,80,911,101.9367991845056,1
3557,Branch_4133,80,908,102.56410256410257,1
3558,Branch_4134,82,977,115.74074074074075,1
3559,Branch_4135,83,192,178.57142857142858,1
3560,Branch_4136,80,193,172.41379310344828,1
3561,Branch_4137,81,83,1149.4252873563219,1
3562,Branch_4138,82,1697,186.9158878504673,1
3563,Branch_4139,82,1000,209.64360587002096,1
3564,Branch_4140,80,84,118.90606420927467,1
3565,Branch_4141,82,84,95.96928982725528,1
3566,Branch_4142,86,84,9.517464547444561,1
3567,Branch_4143,80,85,-500.0,1
3568,Branch_4144,82,85,58.13953488372093,1
3569,Branch_4145,87,85,9.912767644726408,1
3570,Branch_4146,493,1752,2000.0,1
3571,Branch_4147,493,492,9.560229445506693,1
3572,Branch_4148,825,1524,62.5,1
3573,Branch_4149,1294,1524,134.58950201884252,1
3574,Branch_4150,9659,9660,29.07822041291073,1
3575,Branch_4151,9659,9655,16.67778519012675,1
3576,Branch_4152,9659,9656,16.67778519012675,1
3577,Branch_4153,9659,9657,16.67778519012675,1
3578,Branch_4154,9658,9652,6.166368625516434,1
3579,Branch_4155,9658,9653,6.166368625516434,1
3580,Branch_4156,9658,9654,6.166368625516434,1
3581,Branch_4157,6834,7175,111.35857461024499,1
3582,Branch_4158,9661,9667,970.8737864077669,1
3583,Branch_4159,392,1154,1851.851851851852,1
3584,Branch_4160,395,1154,33.80662609871535,1
3585,Branch_4161,419,1154,2000.0,1
3586,Branch_4162,1154,1432,18.311664530305805,1
3587,Branch_4163,1154,1622,18.825301204819276,1
3588,Branch_4164,907,1154,22.256843979523705,1
3589,Branch_4165,262,1154,193.05019305019306,1
3590,Branch_4166,9203,9312,4.751045229950589,1
3591,Branch_4167,9288,9312,5.530361685654242,1
3592,Branch_4168,1242,1669,96.61835748792271,1
3593,Branch_4169,1242,1306,77.33952049497293,1
3594,Branch_4170,3311,4015,45.45454545454545,1
3595,Branch_4171,3311,3673,396.8253968253968,1
3596,Branch_4172,3311,5182,2000.0,1
3597,Branch_4173,4887,4888,12.439358129120537,1
3598,Branch_4174,6023,6030,36.14022406938923,1
3599,Branch_4175,7014,7411,27.034333603676668,1
3600,Branch_4176,7012,7411,58.309037900874635,1
3601,Branch_4177,7251,7411,158.9825119236884,1
3602,Branch_4178,7180,7411,101.83299389002036,1
3603,Branch_4179,7411,7413,2000.0,1
3604,Branch_4180,7412,7413,2000.0,1
3605,Branch_4181,7411,7412,2000.0,1
3606,Branch_4182,7152,7411,162.60162601626016,1
3607,Branch_4183,7296,7295,6.715916722632639,1
3608,Branch_4184,8034,8450,53.61930294906166,1
3609,Branch_4185,7419,7669,87.48906386701663,1
3610,Branch_4186,7376,7419,409.8360655737705,1
3611,Branch_4187,4104,4658,157.9778830963665,1
3612,Branch_4188,651,1263,534.75935828877,1
3613,Branch_4189,799,1264,90.09009009009009,1
3614,Branch_4190,695,1263,454.54545454545456,1
3615,Branch_4191,695,1264,444.44444444444446,1
3616,Branch_4192,1262,1263,2000.0,1
3617,Branch_4193,1264,1265,2000.0,1
3618,Branch_4194,9851,9852,16.423057973394645,1
3619,Branch_4195,9851,9853,10.11326860841424,1
3620,Branch_4196,9825,9851,111.48272017837235,1
3621,Branch_4197,6884,7384,42.99226139294927,1
3622,Branch_4198,7279,7384,55.248618784530386,1
3623,Branch_4201,6868,7384,277.0083102493075,1
3624,Branch_4202,7216,7384,144.50867052023122,1
3625,Branch_4203,9561,9587,45.51661356395084,1
3626,Branch_4204,9561,9587,45.51661356395084,1
3627,Branch_4205,9587,9719,103.30578512396694,1
3628,Branch_4207,1665,1666,14.10238330277817,1
3629,Branch_4208,7014,7151,29.07822041291073,1
3630,Branch_4209,7151,7278,34.602076124567475,1
3631,Branch_4210,3873,3940,2.4731049833065413,1
3632,Branch_4211,3873,4663,120.91898428053204,1
3633,Branch_4212,3873,4663,149.7005988023952,1
3634,Branch_4218,3671,4861,26.52519893899204,1
3635,Branch_4219,3671,4666,7.261636772928618,1
3636,Branch_4220,7182,7394,81.10300081103001,1
3637,Branch_4221,7394,7474,128.04097311139566,1
3638,Branch_4222,7394,7507,66.48936170212765,1
3639,Branch_4223,797,1223,241.54589371980677,1
3640,Branch_4224,796,1223,240.96385542168676,1
3641,Branch_4225,3313,4714,68.07351940095303,1
3642,Branch_4227,7817,7820,2000.0,1
3643,Branch_4228,7820,7819,14.355440712029859,1
3644,Branch_4229,3527,5116,2000.0,1
3645,Branch_4230,9563,9564,2.375014843842774,1
3646,Branch_4231,9562,9564,-826.4462809917355,1
3647,Branch_4232,9561,9564,22.246941045606228,1
3648,Branch_4233,9561,9571,52.35602094240838,1
3649,Branch_4234,9561,9589,102.35414534288638,1
3650,Branch_4235,9554,9561,31.79650238473768,1
3651,Branch_4236,7290,7289,7.7226040620897365,1
3652,Branch_4237,7289,7537,10.955302366345311,1
3653,Branch_4238,7290,7451,4.9147294441441,1
3654,Branch_4239,7290,7468,6.141751627564181,1
3655,Branch_4240,7237,7290,18.365472910927455,1
3656,Branch_4241,7098,7440,80.77544426494346,1
3657,Branch_4242,7380,7440,1587.3015873015872,1
3658,Branch_4243,174,1226,199.20318725099602,1
3659,Branch_4244,174,213,531.9148936170212,1
3660,Branch_4245,8450,8451,210.9704641350211,1
3661,Branch_4246,7915,8450,28.5143997718848,1
3662,Branch_4247,8310,8311,5.478851632697786,1
3663,Branch_4248,8159,8310,2.9409169779137136,1
3664,Branch_4249,8311,8750,3.725643604932752,1
3665,Branch_4250,8104,8310,105.48523206751055,1
3666,Branch_4251,8065,8310,4.190939189472361,1
3667,Branch_4252,8310,8311,5.154107823935677,1
3668,Branch_4253,8225,8310,6.800408024481469,1
3669,Branch_4254,4061,4063,70.4225352112676,1
3670,Branch_4255,4065,4063,72.25433526011561,1
3671,Branch_4256,4060,4063,5.22384161312229,1
3672,Branch_4257,4062,4068,92.42144177449168,1
3673,Branch_4258,4067,4068,207.4688796680498,1
3674,Branch_4259,4069,4068,12.420817289777668,1
3675,Branch_4260,4064,4065,63.492063492063494,1
3676,Branch_4261,4064,4067,95.23809523809524,1
3677,Branch_4262,1256,1614,4.595588235294118,1
3678,Branch_4263,7661,7667,292.39766081871346,1
3679,Branch_4264,7661,7668,292.39766081871346,1
3680,Branch_4265,8059,8197,7.666360012266176,1
3681,Branch_4266,8197,8542,3.8370040672243113,1
3682,Branch_4267,8104,8197,2.6962899050905955,1
3683,Branch_4268,8065,8197,6.952169076751947,1
3684,Branch_4269,8059,8206,1.614595947364172,1
3685,Branch_4270,9093,9092,8.902341315766046,1
3686,Branch_4271,2695,2694,4.130183380142078,1
3687,Branch_4272,2695,2694,4.130183380142078,1
3688,Branch_4273,6952,7110,105.04201680672269,1
3689,Branch_4274,3496,3495,5.230946278181723,1
3690,Branch_4275,1563,1739,56.33802816901409,1
3691,Branch_4276,841,1563,15.629884338855893,1
3692,Branch_4277,6693,6692,5.00175061271445,1
3693,Branch_4278,6695,6694,12.003360941063498,1
3694,Branch_4279,6682,6693,2000.0,1
3695,Branch_4281,6056,6254,10.862480990658266,1
3696,Branch_4282,6107,6254,12.81722635221738,1
3697,Branch_4283,6693,6695,168.9189189189189,1
3698,Branch_4284,5922,6135,35.19887363604364,1
3699,Branch_4286,6326,6327,3.6084148233680944,1
3700,Branch_4287,6135,6326,134.2281879194631,1
3701,Branch_4288,1117,1125,13.315579227696405,1
3702,Branch_4289,1117,1127,13.422818791946309,1
3703,Branch_4290,1117,1126,13.315579227696405,1
3704,Branch_4291,1117,1123,13.717421124828531,1
3705,Branch_4292,1118,1121,13.315579227696405,1
3706,Branch_4293,1118,1128,13.315579227696405,1
3707,Branch_4294,1118,1124,13.717421124828531,1
3708,Branch_4295,1117,1122,19.611688566385567,1
3709,Branch_4296,1207,1208,14.326647564469914,1
3710,Branch_4297,1207,1208,14.326647564469914,1
3711,Branch_4298,1116,1117,2000.0,1
3712,Branch_4299,1116,1117,2000.0,1
3713,Branch_4300,1118,1129,2000.0,1
3714,Branch_4301,1118,1129,2000.0,1
3715,Branch_4302,855,856,95.60229445506693,1
3716,Branch_4303,857,1260,81.9672131147541,1
3717,Branch_4304,856,1258,85.1063829787234,1
3718,Branch_4305,855,1100,199.20318725099602,1
3719,Branch_4306,855,1068,178.89087656529517,1
3720,Branch_4307,856,858,2000.0,1
3721,Branch_4308,6533,6534,8.791208791208792,1
3722,Branch_4309,2830,2832,46.27487274409995,1
3723,Branch_4310,2834,2832,-460.8294930875576,1
3724,Branch_4311,2833,2832,8.986340762041696,1
3725,Branch_4312,2830,2829,46.59832246039143,1
3726,Branch_4313,2834,2829,-476.1904761904762,1
3727,Branch_4314,2831,2829,8.991997122560921,1
3728,Branch_4315,6526,6533,39.23107100823852,1
3729,Branch_4316,4802,4803,12.661433274246646,1
3730,Branch_4317,4802,4804,14.001680201624195,1
3731,Branch_4318,4795,4802,205.76131687242798,1
3732,Branch_4319,6756,6757,10.74922068150059,1
3733,Branch_4320,6756,6758,10.902747492368077,1
3734,Branch_4321,6738,6756,1369.86301369863,1
3735,Branch_4323,6951,7702,1351.3513513513512,1
3736,Branch_4324,6951,6950,13.689253935660506,1
3737,Branch_4327,5996,6055,10.676916506512919,1
3738,Branch_4328,5996,6473,2000.0,1
3739,Branch_4329,5996,6340,8.555783709787816,1
3740,Branch_4330,6903,7772,122.24938875305624,1
3741,Branch_4333,6903,7809,2000.0,1
3742,Branch_4335,62,6903,16.002560409665545,1
3743,Branch_4336,6903,7139,109.40919037199124,1
3744,Branch_4337,6778,6777,14.110342881332016,1
3745,Branch_4338,6778,6779,10.529640939243972,1
3746,Branch_4339,3240,4377,2000.0,1
3747,Branch_4340,7039,7522,138.69625520110958,1
3748,Branch_4341,7459,7522,79.23930269413628,1
3749,Branch_4342,7457,7523,15.535187199005748,1
3750,Branch_4343,7288,7523,45.62043795620438,1
3751,Branch_4346,6341,6430,29.735355337496284,1
3752,Branch_4347,6129,6430,7.85299198994817,1
3753,Branch_4348,6091,6430,4.391936404760859,1
3754,Branch_4349,6719,6720,13.831258644536653,1
3755,Branch_4350,6708,6719,2000.0,1
3756,Branch_4354,6341,6648,8.548469823901522,1
3757,Branch_4355,9658,9660,2000.0,1
3758,Branch_4358,5819,5821,19.79414093428345,1
3759,Branch_4359,5821,5822,92.85051067780873,1
3760,Branch_4360,731,1038,162.60162601626016,1
3761,Branch_4361,731,1001,116.82242990654206,1
3762,Branch_4362,790,1253,2000.0,1
3763,Branch_4363,790,1253,2000.0,1
3764,Branch_4364,4826,4827,8.89125989152663,1
3765,Branch_4365,4826,4829,8.89125989152663,1
3766,Branch_4366,4826,4830,8.89125989152663,1
3767,Branch_4367,4826,4828,8.89125989152663,1
3768,Branch_4368,4826,9857,369.00369003690037,1
3769,Branch_4369,8981,8982,16.54807214959457,1
3770,Branch_4370,8978,8981,2000.0,1
3771,Branch_4374,7295,7427,96.24639076034649,1
3772,Branch_4375,4786,4907,2000.0,1
3773,Branch_4376,4786,4787,20.084354288009642,1
3774,Branch_4377,4786,4788,20.084354288009642,1
3775,Branch_4378,8911,8912,12.691965985531159,1
3776,Branch_4379,8887,8911,216.45021645021646,1
3777,Branch_4380,7155,7157,22.109219544550076,1
3778,Branch_4381,7156,7492,7.495689978262499,1
3779,Branch_4382,7157,7300,53.219797764768494,1
3780,Branch_4383,7157,7425,60.93845216331505,1
3781,Branch_4384,7093,7154,20.189783969311527,1
3782,Branch_4385,7189,7570,47.596382674916704,1
3783,Branch_4386,7047,7570,94.42870632672333,1
3784,Branch_4387,7032,7570,98.32841691248771,1
3785,Branch_4391,638,809,148.14814814814815,1
3786,Branch_4392,626,638,226.75736961451247,1
3787,Branch_4393,7275,7447,9.7380465478625,1
3788,Branch_4394,7275,7560,12.802458071949815,1
3789,Branch_4395,5986,6005,25.374270489723422,1
3790,Branch_4396,5997,6005,31.357792411414238,1
3791,Branch_4397,5771,5837,375.9398496240602,1
3792,Branch_4398,5765,5771,2000.0,1
3793,Branch_4399,5951,6154,6.128201985537443,1
3794,Branch_4400,5951,5962,9.066183136899365,1
3795,Branch_4403,418,473,1315.7894736842106,1
3796,Branch_4404,48,418,30.693677102516883,1
3797,Branch_4405,418,881,30.835646006783843,1
3798,Branch_4407,1221,1597,156.25,1
3799,Branch_4408,748,1221,48.99559039686428,1
3800,Branch_4409,5071,5069,15.082956259426847,1
3801,Branch_4410,5071,5070,15.082956259426847,1
3802,Branch_4411,7235,7234,13.914011409489357,1
3803,Branch_4412,7163,7234,15.878056525881233,1
3804,Branch_4413,7235,7429,8.253549026081215,1
3805,Branch_4414,6831,7234,28.727377190462512,1
3806,Branch_4415,6874,7234,7.830240388379924,1
3807,Branch_4416,7234,7236,2000.0,1
3808,Branch_4417,4544,5071,2000.0,1
3809,Branch_4418,4772,4795,82.98755186721992,1
3810,Branch_4420,9260,9261,15.010507355148604,1
3811,Branch_4421,9249,9261,13.599891200870394,1
3812,Branch_4422,9260,9324,6.169031462060457,1
3813,Branch_4423,9261,9355,2.9324653235975484,1
3814,Branch_4424,9260,9332,5.435668859053107,1
3815,Branch_4425,9261,9415,10.15434606011373,1
3816,Branch_4426,9159,9261,19.18649270913277,1
3817,Branch_4427,9565,9694,140.4494382022472,1
3818,Branch_4428,9694,9695,10.427528675703858,1
3819,Branch_4429,6041,6056,14.511681903932665,1
3820,Branch_4430,6041,6051,3.8668264954951472,1
3821,Branch_4431,8932,8943,55.83472920156337,1
3822,Branch_4432,8043,8943,29.682398337785692,1
3823,Branch_4433,5549,5548,6.218905472636816,1
3824,Branch_4434,5817,5861,32.637075718015666,1
3825,Branch_4435,5599,5601,20.36659877800407,1
3826,Branch_4436,5599,5600,2.7404017428955085,1
3827,Branch_4437,5525,5599,72.15007215007215,1
3828,Branch_4438,5536,5599,30.3951367781155,1
3829,Branch_4439,5599,5709,19.496977968414896,1
3830,Branch_4440,7903,7999,18.01801801801802,1
3831,Branch_4441,7999,8080,15.873015873015873,1
3832,Branch_4442,7913,8287,3.45447008428907,1
3833,Branch_4443,6238,7913,5.684402000909504,1
3834,Branch_4444,1577,1752,85.17887563884156,1
3835,Branch_4445,283,1577,91.6590284142988,1
3836,Branch_4446,3107,3239,25.926886180969664,1
3837,Branch_4447,2352,2351,14.78415138971023,1
3838,Branch_4448,3537,3921,50.55611729019211,1
3839,Branch_4449,2392,2391,1.4442310191938301,1
3840,Branch_4450,1859,1861,30.111412225233362,1
3841,Branch_4451,1860,1861,-233.6448598130841,1
3842,Branch_4452,1863,1861,9.004141905276427,1
3843,Branch_4453,1859,1862,25.806451612903224,1
3844,Branch_4454,1860,1862,-108.34236186348862,1
3845,Branch_4455,1864,1862,5.991611743559018,1
3846,Branch_4456,1999,2392,2000.0,1
3847,Branch_4457,520,1584,980.3921568627451,1
3848,Branch_4458,1584,1629,193.7984496124031,1
3849,Branch_4459,7710,7854,43.51610095735422,1
3850,Branch_4461,2797,2872,6.889424733034792,1
3851,Branch_4462,2797,3517,6.660893891960301,1
3852,Branch_4463,6195,6334,35.49875754348598,1
3853,Branch_4464,6163,6195,12.891581797086502,1
3854,Branch_4467,6702,6701,10.183299389002038,1
3855,Branch_4468,6702,6700,11.516756881262237,1
3856,Branch_4470,4481,4852,68.82312456985547,1
3857,Branch_4471,9569,9822,182.4817518248175,1
3858,Branch_4472,9822,9854,2000.0,1
3859,Branch_4473,9822,9890,123.76237623762377,1
3860,Branch_4474,5984,6702,404.8582995951417,1
3861,Branch_4475,1331,1370,46.57661853749418,1
3862,Branch_4476,1330,1597,67.79661016949153,1
3863,Branch_4477,284,1331,40.51863857374392,1
3864,Branch_4478,1330,1598,819.672131147541,1
3865,Branch_4479,1331,1332,132.1003963011889,1
3866,Branch_4480,1330,1333,41.06776180698152,1
3867,Branch_4483,6883,7613,200.0,1
3868,Branch_4484,7613,7723,135.50135501355012,1
3869,Branch_4485,9544,9826,2000.0,1
3870,Branch_4486,9847,9850,141.44271570014143,1
3871,Branch_4487,9848,9850,17.953321364452425,1
3872,Branch_4488,9849,9850,17.83484929552345,1
3873,Branch_4489,9826,9847,2000.0,1
3874,Branch_4490,304,1162,65.06180871828236,1
3875,Branch_4491,1162,1512,151.285930408472,1
3876,Branch_4493,1162,1159,14.374011786689666,1
3877,Branch_4494,1162,1161,14.378145219266715,1
3878,Branch_4495,1162,1158,14.371945961483185,1
3879,Branch_4496,1162,1160,14.230823964707557,1
3880,Branch_4497,2047,2681,33.88681802778719,1
3881,Branch_4498,2047,2418,201.61290322580646,1
3882,Branch_4499,2047,2702,91.24087591240875,1
3883,Branch_4500,1797,2727,26.52519893899204,1
3884,Branch_4501,2727,2749,130.89005235602093,1
3885,Branch_4502,2473,2727,113.12217194570135,1
3886,Branch_4503,1949,2020,57.142857142857146,1
3887,Branch_4504,2020,2226,74.90636704119851,1
3888,Branch_4505,183,841,877.1929824561404,1
3889,Branch_4506,183,186,390.625,1
3890,Branch_4507,177,186,9.514747859181732,1
3891,Branch_4508,178,186,9.48676596148373,1
3892,Branch_4509,183,184,353.35689045936397,1
3893,Branch_4510,179,184,9.908838684106223,1
3894,Branch_4511,180,184,9.813542688910697,1
3895,Branch_4512,183,185,314.4654088050315,1
3896,Branch_4513,181,185,10.068465565847765,1
3897,Branch_4514,182,185,10.024057738572575,1
3898,Branch_4515,1934,2596,24.563989191844755,1
3899,Branch_4516,1934,2595,6.695232994108195,1
3900,Branch_4517,6930,7466,9.399379640943698,1
3901,Branch_4518,6930,7213,14.755791648221926,1
3902,Branch_4519,6930,7307,3.872216844143272,1
3903,Branch_4520,6925,6930,9.821253191907287,1
3904,Branch_4521,7647,7646,6.818491749624983,1
3905,Branch_4522,7647,7646,6.818491749624983,1
3906,Branch_4523,4789,4790,12.306177701206005,1
3907,Branch_4524,4789,4791,8.880994671403197,1
3908,Branch_4525,4772,4789,283.28611898017,1
3909,Branch_4526,3291,3892,9.736150326161036,1
3910,Branch_4527,3179,3892,5.590339892665474,1
3911,Branch_4528,9914,9916,37.18854592785422,1
3912,Branch_4529,9915,9917,37.18854592785422,1
3913,Branch_4530,8375,8676,520.8333333333334,1
3914,Branch_4531,9918,9916,16.68613382279326,1
3915,Branch_4532,9918,9917,16.929067208396816,1
3916,Branch_4533,8375,8796,102.77492291880782,1
3917,Branch_4534,8375,8796,102.77492291880782,1
3918,Branch_4535,6181,6180,8.274036074797285,1
3919,Branch_4536,6047,6181,22.893772893772894,1
3920,Branch_4539,6181,6714,13.238019592268996,1
3921,Branch_4540,6037,6180,12.414649286157665,1
3922,Branch_4541,6161,6180,8.218952905399853,1
3923,Branch_4542,6180,6241,3.6391426179991995,1
3924,Branch_4543,6036,6180,7.15922107674685,1
3925,Branch_4544,6181,6617,12.871669455528382,1
3926,Branch_4545,1856,1857,4.370629370629371,1
3927,Branch_4546,1856,1857,4.80884828083674,1
3928,Branch_4547,2804,3003,111.48272017837235,1
3929,Branch_4548,2804,3049,197.23865877712032,1
3930,Branch_4549,7444,7724,17.205781142463866,1
3931,Branch_4550,547,737,123.45679012345678,1
3932,Branch_4551,546,737,61.12469437652812,1
3933,Branch_4552,8206,8207,7.987220447284345,1
3934,Branch_4554,8207,8538,2000.0,1
3935,Branch_4555,6052,6481,4.685376938574708,1
3936,Branch_4556,6052,6054,54.585152838427945,1
3937,Branch_4557,6052,6628,10.049241282283187,1
3938,Branch_4558,6054,8148,3.428414701042238,1
3939,Branch_4559,8822,8824,8.623663332183511,1
3940,Branch_4560,8822,8823,8.686587908269631,1
3941,Branch_4561,8751,8822,92.50693802035153,1
3942,Branch_4562,545,547,156.25,1
3943,Branch_4563,54,547,208.33333333333334,1
3944,Branch_4565,2515,5136,11.032656663724625,1
3945,Branch_4566,2931,3093,6.3742988271290155,1
3946,Branch_4567,7728,7855,67.15916722632639,1
3947,Branch_4568,7703,7855,38.19709702062643,1
3948,Branch_4569,8519,8607,159.4896331738437,1
3949,Branch_4570,8543,8607,367.6470588235294,1
3950,Branch_4571,2106,2109,12.232415902140673,1
3951,Branch_4572,2106,2108,12.232415902140673,1
3952,Branch_4573,2106,2107,18.25150574922431,1
3953,Branch_4574,6726,6725,8.982304859426929,1
3954,Branch_4575,6438,6726,1428.5714285714287,1
3955,Branch_4576,7282,7283,5.396654074473826,1
3956,Branch_4577,7283,7402,27.107617240444565,1
3957,Branch_4578,7256,7590,1428.5714285714287,1
3958,Branch_4579,6839,7256,11.462631820265933,1
3959,Branch_4580,7256,7448,95.69377990430623,1
3960,Branch_4581,7170,7399,3.1017369727047144,1
3961,Branch_4582,7059,7282,3.286230693394676,1
3962,Branch_4583,479,1451,8.648274669203493,1
3963,Branch_4584,9195,9315,19.01863826550019,1
3964,Branch_4585,9195,9439,6.776445076912651,1
3965,Branch_4586,5494,5770,26.504108136761197,1
3966,Branch_4587,292,867,103.09278350515464,1
3967,Branch_4588,172,867,142.04545454545453,1
3968,Branch_4589,1425,1451,3.2372936225315634,1
3969,Branch_4590,692,1235,242.13075060532688,1
3970,Branch_4591,693,1235,245.09803921568627,1
3971,Branch_4593,870,989,297.6190476190476,1
3972,Branch_4594,870,873,2.7979071654402508,1
3973,Branch_4599,9443,9543,62.93266205160478,1
3974,Branch_4600,4552,4876,265.9574468085106,1
3975,Branch_4601,3121,4552,225.22522522522522,1
3976,Branch_4602,9543,9542,14.255167498218103,1
3977,Branch_4603,392,386,4.738887309259786,1
3978,Branch_4604,392,387,4.738887309259786,1
3979,Branch_4605,392,388,4.738887309259786,1
3980,Branch_4606,392,389,4.738887309259786,1
3981,Branch_4607,392,390,4.738887309259786,1
3982,Branch_4608,392,391,4.738887309259786,1
3983,Branch_4609,392,393,4.739111890431733,1
3984,Branch_4610,392,394,4.739111890431733,1
3985,Branch_4611,340,342,2000.0,1
3986,Branch_4612,342,343,16.423057973394645,1
3987,Branch_4613,342,344,16.423057973394645,1
3988,Branch_4615,1084,1278,297.6190476190476,1
3989,Branch_4616,1136,1278,427.35042735042737,1
3990,Branch_4617,1528,1551,33.3000333000333,1
3991,Branch_4618,1528,1768,119.9040767386091,1
3992,Branch_4619,374,1214,54.70459518599562,1
3993,Branch_4620,374,1587,666.6666666666666,1
3994,Branch_4621,374,382,900.9009009009009,1
3995,Branch_4625,8438,8888,2000.0,1
3996,Branch_4626,7121,7632,4.198681613973212,1
3997,Branch_4627,7104,7105,2.392458969328676,1
3998,Branch_4628,6925,7104,21.677866897897246,1
3999,Branch_4629,6925,7104,34.34065934065934,1
4000,Branch_4630,4193,4194,9.054690329590729,1
4001,Branch_4631,8098,8542,2.2073593360263115,1
4002,Branch_4632,8098,8274,210.08403361344537,1
4003,Branch_4634,6501,6669,5.679559266200942,1
4004,Branch_4635,6232,6669,24.66091245376079,1
4005,Branch_4636,6507,6669,35.06311360448808,1
4006,Branch_4638,9626,9627,2000.0,1
4007,Branch_4639,2741,2742,4.883527860526445,1
4008,Branch_4640,4995,4994,13.908205841446453,1
4009,Branch_4641,4193,5136,4.546281142025823,1
4010,Branch_4642,9157,9208,7.939658594680429,1
4011,Branch_4643,544,1742,284.9002849002849,1
4012,Branch_4644,6109,6319,16.283992835043154,1
4013,Branch_4645,6162,6319,69.58942240779402,1
4014,Branch_4647,9287,9713,37.0919881305638,1
4015,Branch_4648,140,544,349.65034965034965,1
4016,Branch_4649,9439,9529,5.223023085762039,1
4017,Branch_4650,9316,9529,6.19463544570402,1
4018,Branch_4651,7061,7161,88.88888888888889,1
4019,Branch_4652,7161,7346,99.10802775024777,1
4020,Branch_4653,7271,7590,67.34006734006734,1
4021,Branch_4654,7271,7346,80.12820512820512,1
4022,Branch_4655,3459,3898,38.80481179666278,1
4023,Branch_4656,7121,7122,10.0,1
4024,Branch_4657,7029,7466,3.0700273232431767,1
4025,Branch_4658,2650,2652,38.58024691358025,1
4026,Branch_4659,2649,2652,56.91519635742743,1
4027,Branch_4660,2651,2652,12.73074474856779,1
4028,Branch_4661,341,1619,1886.7924528301887,1
4029,Branch_4662,341,764,298.5074626865672,1
4030,Branch_4663,7070,7650,14.186409419775854,1
4031,Branch_4664,7521,7650,25.387154100025388,1
4032,Branch_4665,514,1570,33.05785123966942,1
4033,Branch_4666,514,1631,330.03300330033005,1
4034,Branch_4667,4153,4641,8.780402142418122,1
4035,Branch_4668,7639,7640,17.55001755001755,1
4036,Branch_4669,7354,7639,9.214891264283082,1
4037,Branch_4671,1130,1668,85.39709649871904,1
4038,Branch_4672,1038,1668,70.92198581560284,1
4039,Branch_4673,653,890,73.20644216691069,1
4040,Branch_4674,211,890,480.7692307692308,1
4041,Branch_4675,890,891,5.01002004008016,1
4042,Branch_4676,1164,1268,78.61635220125787,1
4043,Branch_4677,234,1268,126.10340479192938,1
4044,Branch_4678,647,1074,219.2982456140351,1
4045,Branch_4679,1074,1594,122.54901960784314,1
4046,Branch_4680,3045,3262,4.593477262287552,1
4047,Branch_4681,3045,3555,5.588777734309507,1
4048,Branch_4682,1443,1565,27.59381898454746,1
4049,Branch_4684,8147,8149,2000.0,1
4050,Branch_4685,8148,8147,5.805515239477503,1
4051,Branch_4686,8148,8147,6.053635207942369,1
4052,Branch_4687,8148,8351,9.820288716488264,1
4053,Branch_4688,8149,8667,48.03073967339097,1
4054,Branch_4689,8124,8148,8.719916288803628,1
4055,Branch_4690,6593,8147,2000.0,1
4056,Branch_4691,8147,8452,37.03703703703704,1
4057,Branch_4692,7270,7632,1.8501387604070305,1
4058,Branch_4696,625,1310,255.10204081632654,1
4059,Branch_4697,1309,1310,2000.0,1
4060,Branch_4698,936,1309,55.005500550055004,1
4061,Branch_4699,7062,7354,5.884776084269993,1
4062,Branch_4700,7062,7572,2.9292012068308972,1
4063,Branch_4701,7054,7055,10.259567046270647,1
4064,Branch_4703,2760,7054,11.28158844765343,1
4065,Branch_4704,7055,7298,44.9034575662326,1
4066,Branch_4705,7054,7246,3.858917959404183,1
4067,Branch_4706,7055,7165,7.932730445819451,1
4068,Branch_4707,7097,7483,3.8476337052712584,1
4069,Branch_4708,2296,2294,14.355440712029859,1
4070,Branch_4709,2296,2295,5.370280865689275,1
4071,Branch_4710,7163,7367,11.640088464672331,1
4072,Branch_4711,1204,1441,344.82758620689657,1
4073,Branch_4712,140,1204,318.47133757961785,1
4074,Branch_4714,7081,7520,14.092446448703495,1
4075,Branch_4715,8209,8724,7.00770847932726,1
4076,Branch_4716,8276,8724,9.512937595129376,1
4077,Branch_4717,8118,8724,24.06159769008662,1
4078,Branch_4718,9159,9336,5.007511266900351,1
4079,Branch_4719,5914,6242,2000.0,1
4080,Branch_4720,5894,6242,2000.0,1
4081,Branch_4721,1531,1540,100.20040080160321,1
4082,Branch_4722,1532,1540,218.34061135371178,1
4083,Branch_4723,1541,1540,11.990407673860911,1
4084,Branch_4724,1531,1537,98.71668311944718,1
4085,Branch_4725,1532,1537,198.80715705765408,1
4086,Branch_4726,1535,1537,12.202562538133009,1
4087,Branch_4727,1531,1538,54.31830526887561,1
4088,Branch_4728,1532,1538,-243.90243902439025,1
4089,Branch_4729,1534,1538,10.554089709762533,1
4090,Branch_4730,1531,1539,86.13264427217915,1
4091,Branch_4731,1533,1539,134.40860215053763,1
4092,Branch_4732,1536,1539,9.489466691971911,1
4093,Branch_4734,1532,1586,112.4859392575928,1
4094,Branch_4735,1415,1531,378.7878787878788,1
4095,Branch_4736,640,1533,189.0359168241966,1
4096,Branch_4737,1532,1693,173.61111111111111,1
4097,Branch_4738,1532,1692,166.9449081803005,1
4098,Branch_4739,947,1531,78.61635220125787,1
4099,Branch_4740,927,1533,138.88888888888889,1
4100,Branch_4742,703,1532,151.05740181268882,1
4101,Branch_4743,702,1532,83.05647840531562,1
4102,Branch_4744,30,1531,79.93605115907275,1
4103,Branch_4745,6909,7774,2000.0,1
4104,Branch_4746,285,338,47.57373929590866,1
4105,Branch_4747,285,1511,99.00990099009901,1
4106,Branch_4749,285,1746,2000.0,1
4107,Branch_4750,9936,9935,7.202535292422933,1
4108,Branch_4751,9936,9937,2000.0,1
4109,Branch_4752,4277,4673,41.71881518564873,1
4110,Branch_4753,292,1447,14.662756598240469,1
4111,Branch_4754,6909,6908,9.160025648071814,1
4112,Branch_4755,6909,6910,8.624407072013799,1
4113,Branch_4757,4718,4735,37.664783427495294,1
4114,Branch_4758,5824,5826,26.52519893899204,1
4115,Branch_4759,518,625,25.581990278843694,1
4116,Branch_4760,2828,2827,17.032873445750297,1
4117,Branch_4761,4277,4688,2000.0,1
4118,Branch_4762,62,1439,147.71048744460856,1
4119,Branch_4763,1438,1439,30.339805825242717,1
4120,Branch_4764,1437,1438,7.432181345224824,1
4121,Branch_4765,627,1438,11.282861333634209,1
4122,Branch_4766,963,1437,6.846501437765302,1
4123,Branch_4767,69,1437,5.553087516659263,1
4124,Branch_4768,1087,1437,6.8756875687568755,1
4125,Branch_4769,281,1438,24.044241404183698,1
4126,Branch_4770,961,1438,45.06534474988734,1
4127,Branch_4771,4512,4515,29.472443265546715,1
4128,Branch_4772,4511,4512,24.65483234714004,1
4129,Branch_4773,36,139,275.4820936639118,1
4130,Branch_4775,9539,9729,177.61989342806393,1
4131,Branch_4776,9729,9728,15.441630636195182,1
4132,Branch_4777,9539,9540,19.48178453146308,1
4133,Branch_4778,9539,9541,15.441630636195182,1
4134,Branch_4779,9539,9560,260.4166666666667,1
4135,Branch_4780,3853,4446,46.554934823091244,1
4136,Branch_4781,196,1750,224.2152466367713,1
4137,Branch_4782,5849,5847,6.916107614634484,1
4138,Branch_4783,5849,5848,15.124016938898972,1
4139,Branch_4784,5402,5849,108.45986984815619,1
4140,Branch_4785,5928,6040,44.38526409232135,1
4141,Branch_4786,5928,6333,350.87719298245617,1
4142,Branch_4787,6225,6231,69.15629322268326,1
4143,Branch_4788,6223,6231,719.4244604316547,1
4144,Branch_4789,6230,6231,10.684902233144566,1
4145,Branch_4790,6225,6224,68.58710562414267,1
4146,Branch_4791,6226,6224,662.2516556291391,1
4147,Branch_4792,6228,6224,10.481081647626034,1
4148,Branch_4793,6150,6226,23.713540431586434,1
4149,Branch_4794,6225,6287,73.85524372230428,1
4150,Branch_4795,5958,6227,20.124773596297043,1
4151,Branch_4797,6110,6225,39.77724741447892,1
4152,Branch_4798,5990,6227,13.614703880190605,1
4153,Branch_4799,5918,6223,934.5794392523364,1
4154,Branch_4801,515,1750,195.3125,1
4155,Branch_4802,3797,4341,8.410428931875526,1
4156,Branch_4806,5110,5113,2000.0,1
4157,Branch_4807,196,340,131.75230566534916,1
4158,Branch_4808,196,214,41.77109440267335,1
4159,Branch_4810,196,1751,1204.8192771084337,1
4160,Branch_4812,1102,1392,81.43322475570032,1
4161,Branch_4813,1100,1391,83.2639467110741,1
4162,Branch_4814,1392,1521,152.67175572519085,1
4163,Branch_4815,1391,1519,153.84615384615384,1
4164,Branch_4817,1389,1392,2000.0,1
4165,Branch_4818,1390,1391,2000.0,1
4166,Branch_4819,4277,5224,2000.0,1
4167,Branch_4820,4277,5225,2000.0,1
4168,Branch_4821,525,527,2000.0,1
4169,Branch_4822,525,1669,107.29613733905579,1
4170,Branch_4823,525,1671,78.80220646178093,1
4171,Branch_4824,525,781,214.13276231263384,1
4172,Branch_4825,527,780,217.8649237472767,1
4173,Branch_4826,526,527,2000.0,1
4174,Branch_4827,525,531,107.87486515641855,1
4175,Branch_4828,525,533,79.05138339920948,1
4176,Branch_4829,3761,3768,44.54342984409799,1
4177,Branch_4830,3764,3768,-2000.0,1
4178,Branch_4831,3766,3768,7.99744081893794,1
4179,Branch_4832,3761,3769,46.27487274409995,1
4180,Branch_4833,3765,3769,-460.8294930875576,1
4181,Branch_4834,3767,3769,9.042408897730356,1
4182,Branch_4835,3899,3902,25.44529262086514,1
4183,Branch_4836,3898,3902,-112.35955056179775,1
4184,Branch_4837,3903,3902,5.813953488372093,1
4185,Branch_4838,3899,3901,30.67484662576687,1
4186,Branch_4839,3898,3901,-370.3703703703704,1
4187,Branch_4840,3900,3901,10.893246187363834,1
4188,Branch_4841,4192,5151,57.24098454493417,1
4189,Branch_4842,5152,5151,9.374707040404987,1
4190,Branch_4843,4525,5151,512.8205128205128,1
4191,Branch_4844,4926,5151,7.6464291176020796,1
4192,Branch_4845,3972,5151,50.505050505050505,1
4193,Branch_4846,212,752,284.09090909090907,1
4194,Branch_4847,212,1675,641.025641025641,1
4195,Branch_4848,9290,9291,5.541701302299806,1
4196,Branch_4849,129,131,757.5757575757576,1
4197,Branch_4850,129,1431,91.74311926605505,1
4198,Branch_4851,169,1166,2000.0,1
4199,Branch_4852,169,1636,34.83106931382793,1
4200,Branch_4853,4478,4477,5.589714924538849,1
4201,Branch_4854,168,169,2000.0,1
4202,Branch_4855,5819,5820,23.110700254217704,1
4203,Branch_4856,5347,5350,7.423904974016333,1
4204,Branch_4857,5347,5349,12.858428700012858,1
4205,Branch_4858,5348,5347,42.19409282700422,1
4206,Branch_4859,4849,5348,208.33333333333334,1
4207,Branch_4860,8032,8349,300.3003003003003,1
4208,Branch_4861,8349,8350,237.52969121140143,1
4209,Branch_4862,8348,8349,9.103322712790169,1
4210,Branch_4863,9145,9572,7.599939200486396,1
4211,Branch_4864,9572,9573,2000.0,1
4212,Branch_4865,9293,9572,22.639800769753226,1
4213,Branch_4866,9076,9075,10.670081092616304,1
4214,Branch_4867,256,304,129.5336787564767,1
4215,Branch_4868,304,868,120.91898428053204,1
4216,Branch_4869,304,1561,326.797385620915,1
4217,Branch_4871,304,305,6.315523556902868,1
4218,Branch_4872,305,1356,2000.0,1
4219,Branch_4873,304,311,101.01010101010101,1
4220,Branch_4874,307,311,3.951007506914263,1
4221,Branch_4875,307,1350,2000.0,1
4222,Branch_4876,308,311,3.951007506914263,1
4223,Branch_4877,308,1351,2000.0,1
4224,Branch_4878,304,306,6.315523556902868,1
4225,Branch_4879,306,1358,2000.0,1
4226,Branch_4880,304,312,101.01010101010101,1
4227,Branch_4881,309,312,3.951007506914263,1
4228,Branch_4882,309,1350,2000.0,1
4229,Branch_4883,310,312,3.951007506914263,1
4230,Branch_4884,310,1349,2000.0,1
4231,Branch_4885,304,313,101.01010101010101,1
4232,Branch_4886,315,313,3.951007506914263,1
4233,Branch_4887,315,1347,2000.0,1
4234,Branch_4888,316,313,3.951007506914263,1
4235,Branch_4889,316,1348,2000.0,1
4236,Branch_4890,304,314,101.01010101010101,1
4237,Branch_4891,317,314,3.951007506914263,1
4238,Branch_4892,317,1347,2000.0,1
4239,Branch_4893,318,314,3.951007506914263,1
4240,Branch_4894,318,1348,2000.0,1
4241,Branch_4895,9507,9510,46.27487274409995,1
4242,Branch_4896,9506,9510,-460.8294930875576,1
4243,Branch_4897,9505,9510,9.00657479960371,1
4244,Branch_4898,9507,9508,45.187528242205154,1
4245,Branch_4899,9504,9508,-467.2897196261682,1
4246,Branch_4900,9509,9508,7.662248103593594,1
4247,Branch_4901,6108,6577,5.533728072602512,1
4248,Branch_4902,6238,6577,8.037939072421832,1
4249,Branch_4903,6577,6655,1250.0,1
4250,Branch_4904,5009,5010,2.8612303290414878,1
4251,Branch_4906,7329,7765,71.68458781362007,1
4252,Branch_4907,7584,7765,175.7469244288225,1
4253,Branch_4908,7765,7766,2000.0,1
4254,Branch_4909,7765,7767,2000.0,1
4255,Branch_4910,7392,7438,5.601299501484345,1
4256,Branch_4911,7438,7498,11.870845204178538,1
4257,Branch_4912,9357,9470,2000.0,1
4258,Branch_4913,3567,4390,38.55050115651503,1
4259,Branch_4914,7215,7228,4.466279589102278,1
4260,Branch_4915,8375,8537,1449.2753623188405,1
4261,Branch_4916,8536,8537,10.175010175010176,1
4262,Branch_4917,116,663,487.8048780487805,1
4263,Branch_4918,6844,7720,187.26591760299627,1
4264,Branch_4919,6844,7692,73.96449704142012,1
4265,Branch_4920,7720,7719,15.441630636195182,1
4266,Branch_4921,6844,6843,19.48178453146308,1
4267,Branch_4922,663,755,1724.1379310344828,1
4268,Branch_4923,3996,4327,109.89010989010988,1
4269,Branch_4924,3202,3996,2000.0,1
4270,Branch_4925,3996,3995,13.655605626109518,1
4271,Branch_4926,3996,3999,13.73437714599643,1
4272,Branch_4927,3994,3998,14.206563432305725,1
4273,Branch_4928,3994,4000,7.106310403638431,1
4274,Branch_4929,3996,3997,16.803898504453034,1
4275,Branch_4930,3581,5273,27.716186252771617,1
4276,Branch_4931,3201,3994,526.3157894736842,1
4277,Branch_4932,6813,7540,421.9409282700422,1
4278,Branch_4933,3265,9424,17.117425539198905,1
4279,Branch_4934,9416,9424,24.142926122646063,1
4280,Branch_4935,9425,9424,1.5109391998065997,1
4281,Branch_4936,9421,9425,19.42124684404739,1
4282,Branch_4937,3426,5323,73.47538574577517,1
4283,Branch_4938,3097,3426,138.50415512465375,1
4284,Branch_4939,3486,4753,41.58004158004158,1
4285,Branch_4940,3001,4753,72.67441860465117,1
4286,Branch_4942,6338,6994,6.024822267743102,1
4287,Branch_4943,6338,6581,2000.0,1
4288,Branch_4944,6338,6339,2000.0,1
4289,Branch_4945,6337,6338,2000.0,1
4290,Branch_4946,5923,5982,33.61344537815126,1
4291,Branch_4947,6119,6435,2000.0,1
4292,Branch_4948,1900,1901,22.988505747126435,1
4293,Branch_4949,1900,1913,29.585798816568047,1
4294,Branch_4950,1898,1905,25.77319587628866,1
4295,Branch_4951,1898,1903,28.41716396703609,1
4296,Branch_4952,1899,1906,44.662795891022775,1
4297,Branch_4953,1904,1913,11.750881316098708,1
4298,Branch_4954,1898,1911,133.6898395721925,1
4299,Branch_4955,1907,1911,9.355412105903264,1
4300,Branch_4956,1908,1911,9.267840593141798,1
4301,Branch_4957,1898,1912,130.3780964797914,1
4302,Branch_4958,1909,1912,9.42151874882231,1
4303,Branch_4959,1910,1912,9.270418095856122,1
4304,Branch_4960,1902,1913,10.29230135858378,1
4305,Branch_4961,1070,1072,7.604562737642586,1
4306,Branch_4962,6384,6387,26.068821689259646,1
4307,Branch_4963,6388,6383,6.984215672579969,1
4308,Branch_4964,6385,6386,4.19621501405732,1
4309,Branch_4965,3898,3965,144.50867052023122,1
4310,Branch_4966,2024,2099,6.475006475006475,1
4311,Branch_4967,2948,3107,58.13953488372093,1
4312,Branch_4968,9769,9838,826.4462809917355,1
4313,Branch_4969,5463,5752,2000.0,1
4314,Branch_4970,5463,5752,2000.0,1
4315,Branch_4971,3444,4281,34.746351633078525,1
4316,Branch_4972,6916,6917,3.955539733396622,1
4317,Branch_4973,6916,7811,354.6099290780142,1
4318,Branch_4974,5790,5791,2000.0,1
4319,Branch_4976,9554,9643,325.7328990228013,1
4320,Branch_4980,3617,3618,7.121999857560003,1
4321,Branch_4981,5822,5825,338.9830508474576,1
4322,Branch_4982,265,685,440.52863436123346,1
4323,Branch_4983,685,998,127.38853503184713,1
4324,Branch_4984,2992,2991,2.881014116969173,1
4325,Branch_4985,1146,1147,4.459507670353193,1
4326,Branch_4986,1145,1147,10.464629552113855,1
4327,Branch_4987,1148,1147,0.8509841631847231,1
4328,Branch_4988,445,1146,2000.0,1
4329,Branch_4989,516,1149,11.595547309833025,1
4330,Branch_4990,959,1149,27.480076944215444,1
4331,Branch_4991,445,1223,34.78260869565217,1
4332,Branch_4992,320,445,163.3986928104575,1
4333,Branch_4993,7276,7388,32.6797385620915,1
4334,Branch_4994,7388,7503,2.829494652255107,1
4335,Branch_4996,7276,7788,3.4236023143551644,1
4336,Branch_4997,7436,7803,2000.0,1
4337,Branch_4998,7437,7804,2000.0,1
4338,Branch_4999,7107,7802,2000.0,1
4339,Branch_5000,7108,7805,2000.0,1
4340,Branch_5001,5578,5747,2000.0,1
4341,Branch_5002,5819,5861,30.599755201958384,1
4342,Branch_5003,4423,4424,10.596587898696619,1
4343,Branch_5004,4055,4578,143.0615164520744,1
4344,Branch_5005,7031,7508,18.01801801801802,1
4345,Branch_5006,7508,7615,19.98800719568259,1
4346,Branch_5007,7495,7496,3.4904013961605584,1
4347,Branch_5008,7496,7508,549.4505494505495,1
4348,Branch_5009,5006,5198,6.98616738857063,1
4349,Branch_5011,8096,8159,1298.7012987012988,1
4350,Branch_5012,5436,5698,112.4859392575928,1
4351,Branch_5013,5436,5474,18.248175182481752,1
4352,Branch_5014,5865,5866,14.287755393627661,1
4353,Branch_5015,5865,5867,12.671059300557527,1
4354,Branch_5016,1102,1586,133.33333333333334,1
4355,Branch_5017,1089,1690,128.53470437017995,1
4356,Branch_5018,898,1690,127.06480304955528,1
4357,Branch_5019,1690,1691,9.777082518576456,1
4358,Branch_5020,8241,8242,10.05126143330988,1
4359,Branch_5024,992,1658,2000.0,1
4360,Branch_5025,992,1654,2000.0,1
4361,Branch_5026,1658,1653,49.333991119881595,1
4362,Branch_5027,1654,1653,49.333991119881595,1
4363,Branch_5028,1653,1656,17.58087201125176,1
4364,Branch_5029,1653,1655,14.795088030773783,1
4365,Branch_5030,1653,1657,14.721036360959811,1
4366,Branch_5031,1653,1659,14.795088030773783,1
4367,Branch_5032,434,428,4.739336492890995,1
4368,Branch_5033,434,429,4.739336492890995,1
4369,Branch_5034,434,430,4.7395611166405995,1
4370,Branch_5035,434,431,4.7395611166405995,1
4371,Branch_5036,434,432,4.739336492890995,1
4372,Branch_5037,434,433,4.739336492890995,1
4373,Branch_5038,434,435,4.739336492890995,1
4374,Branch_5039,434,436,4.739336492890995,1
4375,Branch_5040,7685,7698,1470.5882352941176,1
4376,Branch_5041,7685,7699,1851.851851851852,1
4377,Branch_5042,6242,6246,109.89010989010988,1
4378,Branch_5043,6246,6718,694.4444444444445,1
4379,Branch_5044,5972,6242,2000.0,1
4380,Branch_5045,9703,9704,12.627857052658165,1
4381,Branch_5046,9703,9704,10.76426264800861,1
4382,Branch_5047,1650,1651,2000.0,1
4383,Branch_5048,1019,1650,44.58314757021846,1
4384,Branch_5049,1413,1650,141.24293785310735,1
4385,Branch_5050,273,1650,84.17508417508418,1
4386,Branch_5051,860,1651,35.486160397445,1
4387,Branch_5052,131,1650,85.47008547008546,1
4388,Branch_5053,1651,1652,2000.0,1
4389,Branch_5054,6207,6259,5.450779461462989,1
4390,Branch_5055,6206,6256,4.559547692868867,1
4391,Branch_5056,6208,6255,5.450779461462989,1
4392,Branch_5057,4632,4652,2000.0,1
4393,Branch_5058,4652,4651,6.4712353588300005,1
4394,Branch_5059,2705,2706,4.710759374411155,1
4395,Branch_5060,6101,6103,2000.0,1
4396,Branch_5062,5922,6101,88.261253309797,1
4397,Branch_5063,8337,8406,76.86395080707149,1
4398,Branch_5064,6150,6153,11.689070718877849,1
4399,Branch_5065,6149,6151,7.8982702788089405,1
4400,Branch_5066,6149,6151,7.8982702788089405,1
4401,Branch_5067,6150,6152,9.887284951552303,1
4402,Branch_5068,6149,6150,50.0,1
4403,Branch_5069,7983,8272,13.35113484646195,1
4404,Branch_5070,8272,8271,8.257638315441783,1
4405,Branch_5071,8272,8271,8.257638315441783,1
4406,Branch_5072,6875,7827,10.400416016640666,1
4407,Branch_5073,7721,7827,79.74481658692186,1
4408,Branch_5074,5788,5789,2000.0,1
4409,Branch_5075,207,1102,139.66480446927375,1
4410,Branch_5076,207,758,248.75621890547265,1
4411,Branch_5077,7660,7763,343.64261168384877,1
4412,Branch_5078,7660,7764,343.64261168384877,1
4413,Branch_5079,7070,7660,99.30486593843098,1
4414,Branch_5080,7660,7716,20.120724346076457,1
4415,Branch_5081,7660,7683,581.3953488372093,1
4416,Branch_5082,7660,7684,680.2721088435375,1
4417,Branch_5083,6512,6678,14.338973329509606,1
4418,Branch_5084,6678,6762,7.287567409998543,1
4419,Branch_5085,6334,6678,6.612444620776301,1
4420,Branch_5086,7204,7575,25.523226135783563,1
4421,Branch_5088,3427,4109,2000.0,1
4422,Branch_5089,5279,5296,101.31712259371834,1
4423,Branch_5090,2835,3940,13.469827586206897,1
4424,Branch_5091,5379,5394,22.48201438848921,1
4425,Branch_5095,520,1444,158.9825119236884,1
4426,Branch_5096,947,1376,2000.0,1
4427,Branch_5097,947,1378,2000.0,1
4428,Branch_5098,947,1373,2000.0,1
4429,Branch_5099,1376,1377,19.23076923076923,1
4430,Branch_5100,1373,1374,14.388489208633093,1
4431,Branch_5101,1378,1375,14.41545336600836,1
4432,Branch_5102,541,1205,62.266500622665006,1
4433,Branch_5103,541,639,51.282051282051285,1
4434,Branch_5104,7647,7656,458.7155963302752,1
4435,Branch_5105,2766,2769,17.322016282695305,1
4436,Branch_5106,2766,2770,17.283097131005878,1
4437,Branch_5108,788,1599,195.3125,1
4438,Branch_5109,266,1599,170.35775127768312,1
4439,Branch_5110,5820,5835,2000.0,1
4440,Branch_5111,263,1599,117.50881316098707,1
4441,Branch_5112,736,1599,166.11295681063123,1
4442,Branch_5113,739,1470,153.84615384615384,1
4443,Branch_5117,411,410,3.4748766418792134,1
4444,Branch_5118,675,809,66.57789613848202,1
4445,Branch_5119,675,1623,438.5964912280702,1
4446,Branch_5120,1315,1743,230.94688221709006,1
4447,Branch_5121,1315,1526,1538.4615384615386,1
4448,Branch_5123,486,1315,106.04453870625663,1
4449,Branch_5124,1315,1314,8.066467693796886,1
4450,Branch_5125,1315,1312,7.769404086706549,1
4451,Branch_5126,1315,1311,7.980209081477935,1
4452,Branch_5127,1315,1313,8.166598611678236,1
4453,Branch_5128,1038,1365,202.42914979757086,1
4454,Branch_5130,205,1089,193.42359767891682,1
4455,Branch_5131,7021,7016,15.358623867301489,1
4456,Branch_5132,7020,7013,15.344483658124904,1
4457,Branch_5133,7019,7017,33.523298692591354,1
4458,Branch_5134,7018,7015,33.50083752093802,1
4459,Branch_5135,7014,7018,2000.0,1
4460,Branch_5136,7014,7019,2000.0,1
4461,Branch_5137,7014,7021,1428.5714285714287,1
4462,Branch_5138,7014,7020,1250.0,1
4463,Branch_5139,7014,7761,42.680324370465215,1
4464,Branch_5140,7014,7180,25.87991718426501,1
4465,Branch_5141,7014,7450,39.18495297805643,1
4466,Branch_5142,7014,7741,40.08016032064128,1
4467,Branch_5143,1882,2049,78.80220646178093,1
4468,Branch_5144,2049,2059,57.50431282346176,1
4469,Branch_5146,2574,2575,361.01083032490976,1
4470,Branch_5147,2639,2656,155.03875968992247,1
4471,Branch_5148,1772,2639,29.753049687592977,1
4472,Branch_5149,1897,2739,61.804697156983934,1
4473,Branch_5150,1973,2739,95.41984732824427,1
4474,Branch_5151,2402,2739,22.512381809995496,1
4475,Branch_5152,1919,2739,36.88675765400221,1
4476,Branch_5153,2565,2739,63.05170239596469,1
4477,Branch_5154,2179,2739,108.34236186348862,1
4478,Branch_5155,1778,2739,32.98153034300792,1
4479,Branch_5156,2257,2401,37.257824143070046,1
4480,Branch_5157,1883,2257,32.927230819888045,1
4481,Branch_5158,7012,7032,163.66612111292963,1
4482,Branch_5159,6865,7747,1219.5121951219512,1
4483,Branch_5160,6865,7846,2000.0,1
4484,Branch_5161,7747,7748,9.112447603426281,1
4485,Branch_5162,7747,7749,9.112447603426281,1
4486,Branch_5163,664,667,195.69471624266146,1
4487,Branch_5164,667,770,94.9667616334283,1
4488,Branch_5165,372,666,42.158516020236085,1
4489,Branch_5168,665,666,320.5128205128205,1
4490,Branch_5169,8153,8329,5.5589526933125795,1
4491,Branch_5170,8329,8330,81.36696501220504,1
4492,Branch_5171,7932,8329,15.246226558926665,1
4493,Branch_5172,666,1672,632.9113924050633,1
4494,Branch_5173,686,812,2000.0,1
4495,Branch_5174,2686,2687,32.341526520051744,1
4496,Branch_5175,2681,2687,-378.7878787878788,1
4497,Branch_5176,2688,2687,6.811061163329247,1
4498,Branch_5177,2686,2681,36.77822728944465,1
4499,Branch_5178,2686,2683,-2000.0,1
4500,Branch_5179,2680,2683,46.04051565377532,1
4501,Branch_5180,2682,2683,4.929751047572098,1
4502,Branch_5181,2686,2685,-2000.0,1
4503,Branch_5182,2680,2685,46.125461254612546,1
4504,Branch_5183,2684,2685,4.870208931963181,1
4505,Branch_5184,7022,7073,33.47840642785403,1
4506,Branch_5185,2402,2399,43.17789291882556,1
4507,Branch_5186,2402,2396,65.359477124183,1
4508,Branch_5189,2400,2395,74.6268656716418,1
4509,Branch_5190,2400,2406,56.78591709256104,1
4510,Branch_5191,9234,9535,2000.0,1
4511,Branch_5192,6022,9234,6.749460043196544,1
4512,Branch_5193,9234,9324,86.20689655172414,1
4513,Branch_5194,2166,2174,19.4325689856199,1
4514,Branch_5195,231,232,4.784688995215311,1
4515,Branch_5196,231,233,4.784688995215311,1
4516,Branch_5198,6267,6672,17.83484929552345,1
4517,Branch_5199,6875,7070,961.5384615384615,1
4518,Branch_5201,2040,2265,2000.0,1
4519,Branch_5202,2040,2643,9.05961224859576,1
4520,Branch_5203,67,66,7.693491306354824,1
4521,Branch_5204,7238,7467,5.750100626760968,1
4522,Branch_5205,2643,3066,8.161266628580755,1
4523,Branch_5206,1619,1620,112.2334455667789,1
4524,Branch_5207,67,1619,1030.9278350515465,1
4525,Branch_5208,1620,1621,862.0689655172414,1
4526,Branch_5209,67,1621,1030.9278350515465,1
4527,Branch_5210,7022,7439,9.276437847866418,1
4528,Branch_5211,7022,7406,12.244398187829068,1
4529,Branch_5212,7117,7467,40.14452027298274,1
4530,Branch_5213,6996,7404,8.676036786395974,1
4531,Branch_5214,6996,7624,47.37091425864519,1
4532,Branch_5215,67,68,6.325510784995888,1
4533,Branch_5216,6304,6567,934.5794392523364,1
4534,Branch_5217,6032,6496,3.5655708478927477,1
4535,Branch_5218,6033,6532,7.027900766041183,1
4536,Branch_5220,2783,4701,552.4861878453039,1
4537,Branch_5221,2790,4701,2000.0,1
4538,Branch_5222,2791,4701,2000.0,1
4539,Branch_5223,5950,6422,34.48275862068966,1
4540,Branch_5224,194,967,393.7007874015748,1
4541,Branch_5225,194,1459,401.60642570281124,1
4542,Branch_5226,6837,7664,2000.0,1
4543,Branch_5227,6837,6838,11.234692731153803,1
4544,Branch_5229,5473,5809,2000.0,1
4545,Branch_5230,5809,5810,21.27659574468085,1
4546,Branch_5231,5812,5813,49.14004914004914,1
4547,Branch_5233,6773,6770,12.003360941063498,1
4548,Branch_5234,6773,6771,11.14951499609767,1
4549,Branch_5235,6773,6772,11.161960040183056,1
4550,Branch_5236,6076,6397,200.80321285140562,1
4551,Branch_5237,5990,6076,131.57894736842104,1
4552,Branch_5238,6485,6773,65.14657980456026,1
4553,Branch_5239,6471,6618,31.959092361776925,1
4554,Branch_5240,6175,6618,15.441630636195182,1
4555,Branch_5241,5903,5905,43.55400696864111,1
4556,Branch_5242,5903,5906,40.58441558441559,1
4557,Branch_5243,5901,5902,21.128248468201985,1
4558,Branch_5244,5909,5910,38.46153846153846,1
4559,Branch_5245,5905,5908,15.4273372415921,1
4560,Branch_5246,5903,5907,10.25220422390814,1
4561,Branch_5247,5906,5904,15.176809834572772,1
4562,Branch_5248,9258,9513,6.2000124000248,1
4563,Branch_5249,1087,1318,4.224221687154142,1
4564,Branch_5250,516,1318,5.556481635828193,1
4565,Branch_5251,6265,6266,2.9269720474169474,1
4566,Branch_5255,8352,8629,2000.0,1
4567,Branch_5256,7987,8629,137.5515818431912,1
4568,Branch_5257,7420,7639,20.292207792207794,1
4569,Branch_5258,6595,6599,65.359477124183,1
4570,Branch_5259,6306,6512,591.7159763313609,1
4571,Branch_5260,5939,6512,147.71048744460856,1
4572,Branch_5261,5698,5717,26.72367717797969,1
4573,Branch_5264,7232,7429,4.428697962798937,1
4574,Branch_5266,6653,8266,7.687576875768758,1
4575,Branch_5267,6200,6653,10.990218705352236,1
4576,Branch_5268,6238,6654,272.47956403269757,1
4577,Branch_5269,6654,6653,9.601536245799329,1
4578,Branch_5270,6653,6665,204.91803278688525,1
4579,Branch_5271,5420,5717,43.308791684712,1
4580,Branch_5272,580,1559,6.8728522336769755,1
4581,Branch_5277,8611,8612,14.06271972999578,1
4582,Branch_5278,6628,6627,10.165700925078784,1
4583,Branch_5279,6147,6628,3.693716987404425,1
4584,Branch_5280,6551,6627,22.716946842344388,1
4585,Branch_5282,8324,8332,1010.10101010101,1
4586,Branch_5285,1952,2596,37.0919881305638,1
4587,Branch_5286,6831,7641,46.08294930875576,1
4588,Branch_5293,7494,7546,35.701535166012135,1
4589,Branch_5294,7494,7605,79.6812749003984,1
4590,Branch_5295,1164,1432,123.91573729863693,1
4591,Branch_5296,118,396,43.956043956043956,1
4592,Branch_5297,396,1203,7.8064012490242,1
4593,Branch_5298,1553,1572,53.56186395286556,1
4594,Branch_5299,687,1572,186.56716417910448,1
4595,Branch_5300,200,197,27.75464890369137,1
4596,Branch_5301,200,198,31.695721077654518,1
4597,Branch_5302,200,199,39.77724741447892,1
4598,Branch_5303,565,572,3.257328990228013,1
4599,Branch_5304,565,573,3.257328990228013,1
4600,Branch_5305,565,570,11.109876680368847,1
4601,Branch_5306,565,571,11.109876680368847,1
4602,Branch_5307,565,566,11.109876680368847,1
4603,Branch_5308,565,567,11.109876680368847,1
4604,Branch_5309,565,569,12.49843769528809,1
4605,Branch_5310,565,568,12.49843769528809,1
4606,Branch_5311,565,770,2000.0,1
4607,Branch_5312,6497,6499,46.57661853749418,1
4608,Branch_5313,6500,6499,-480.7692307692308,1
4609,Branch_5314,6498,6499,8.85112409275978,1
4610,Branch_5315,1016,1472,781.25,1
4611,Branch_5316,1472,1475,16.854879487611665,1
4612,Branch_5317,1472,1473,16.89189189189189,1
4613,Branch_5318,1472,1474,16.854879487611665,1
4614,Branch_5319,1015,1019,19.043991620643688,1
4615,Branch_5320,1019,1272,157.48031496062993,1
4616,Branch_5321,1019,1271,147.92899408284023,1
4617,Branch_5322,992,1016,662.2516556291391,1
4618,Branch_5323,578,1016,117.23329425556858,1
4619,Branch_5324,1019,1674,42.69854824935952,1
4620,Branch_5325,840,1017,45.8295142071494,1
4621,Branch_5326,1018,1019,2000.0,1
4622,Branch_5327,1017,1021,2000.0,1
4623,Branch_5328,143,1016,217.3913043478261,1
4624,Branch_5329,859,1019,50.787201625190455,1
4625,Branch_5330,1017,1440,38.03727653100038,1
4626,Branch_5331,1017,1279,81.03727714748784,1
4627,Branch_5332,158,1017,31.545741324921135,1
4628,Branch_5333,1015,1023,-186.21973929236498,1
4629,Branch_5334,1029,1023,16.16553507921112,1
4630,Branch_5335,1015,1024,-735.2941176470588,1
4631,Branch_5336,1027,1024,7.389890629618682,1
4632,Branch_5337,1017,1020,134.40860215053763,1
4633,Branch_5338,1016,1020,86.13264427217915,1
4634,Branch_5339,1028,1020,9.475080538184574,1
4635,Branch_5340,1016,1023,31.142946122703208,1
4636,Branch_5341,1016,1024,36.61662394727206,1
4637,Branch_5342,1019,1025,-401.60642570281124,1
4638,Branch_5343,1016,1025,55.005500550055004,1
4639,Branch_5345,1026,1025,9.838646202282566,1
4640,Branch_5346,1018,1014,84.67400508044031,1
4641,Branch_5347,1021,1022,79.11392405063292,1
4642,Branch_5348,909,911,2000.0,1
4643,Branch_5349,908,910,2000.0,1
4644,Branch_5350,911,1096,96.61835748792271,1
4645,Branch_5351,908,1098,95.87727708533077,1
4646,Branch_5352,7115,7113,14.768867227883621,1
4647,Branch_5353,7115,7116,19.31620629708325,1
4648,Branch_5354,7112,7114,19.31620629708325,1
4649,Branch_5355,8949,8948,9.017132551848512,1
4650,Branch_5356,340,379,290.69767441860466,1
4651,Branch_5357,5512,5767,2000.0,1
4652,Branch_5358,1259,1260,179.85611510791367,1
4653,Branch_5359,1259,1321,30.931023816888338,1
4654,Branch_5360,931,1259,140.8450704225352,1
4655,Branch_5361,1257,1260,2000.0,1
4656,Branch_5362,5194,5195,9.182736455463727,1
4657,Branch_5363,3164,3166,46.23208506703652,1
4658,Branch_5364,3165,3166,-462.962962962963,1
4659,Branch_5365,3167,3166,8.935751943526048,1
4660,Branch_5366,3079,3870,23.82654276864427,1
4661,Branch_5367,3870,3914,27.277686852154936,1
4662,Branch_5368,278,1272,57.142857142857146,1
4663,Branch_5369,1269,1272,2000.0,1
4664,Branch_5370,1270,1271,2000.0,1
4665,Branch_5371,1271,1637,74.29420505200595,1
4666,Branch_5372,6884,7585,75.642965204236,1
4667,Branch_5374,6884,6888,2000.0,1
4668,Branch_5375,5926,6099,68.02721088435374,1
4669,Branch_5376,5989,6099,18.542555164101614,1
4670,Branch_5377,4231,4479,92.5925925925926,1
4671,Branch_5378,8691,8796,135.50135501355012,1
4672,Branch_5379,8691,8796,135.50135501355012,1
4673,Branch_5382,5814,5815,136.23978201634878,1
4674,Branch_5383,6182,6183,9.601536245799329,1
4675,Branch_5384,6169,6182,5.318017443097213,1
4676,Branch_5385,6183,6193,8.285690612312536,1
4677,Branch_5386,6025,6182,192.30769230769232,1
4678,Branch_5387,6089,6182,13.88888888888889,1
4679,Branch_5388,5814,5828,16.672224074691563,1
4680,Branch_5389,7620,7619,13.415615776764154,1
4681,Branch_5390,7615,7620,32.467532467532465,1
4682,Branch_5391,2888,4231,35.22367030644593,1
4683,Branch_5392,7267,7264,5.555246930726071,1
4684,Branch_5393,282,730,312.5,1
4685,Branch_5394,7263,7400,43.61098996947231,1
4686,Branch_5395,7265,7280,24.437927663734115,1
4687,Branch_5396,7265,7266,2000.0,1
4688,Branch_5397,7263,7266,2000.0,1
4689,Branch_5398,729,730,2000.0,1
4690,Branch_5399,729,754,24.467824810374356,1
4691,Branch_5400,7690,7693,24.515812699190977,1
4692,Branch_5401,7478,7692,75.9301442672741,1
4693,Branch_5402,7478,7692,75.8150113722517,1
4694,Branch_5403,7691,7692,2000.0,1
4695,Branch_5404,6944,7692,135.68521031207598,1
4696,Branch_5405,7690,7691,-49.75124378109453,1
4697,Branch_5407,4987,5318,2000.0,1
4698,Branch_5408,4987,6571,56.306306306306304,1
4699,Branch_5409,7265,7267,303.030303030303,1
4700,Branch_5410,737,982,62.18905472636816,1
4701,Branch_5411,737,981,62.11180124223603,1
4702,Branch_5412,737,773,93.45794392523365,1
4703,Branch_5413,1493,1494,67.70480704129993,1
4704,Branch_5414,1493,1494,67.70480704129993,1
4705,Branch_5415,6645,6646,10.877841836179702,1
4706,Branch_5416,6647,6646,6.356874960269532,1
4707,Branch_5417,6644,6646,-117.6470588235294,1
4708,Branch_5418,6642,6645,148.3679525222552,1
4709,Branch_5419,3029,4367,321.54340836012864,1
4710,Branch_5420,1092,1134,390.625,1
4711,Branch_5421,1094,1134,442.4778761061947,1
4712,Branch_5423,6072,6071,7.979572294924992,1
4713,Branch_5424,893,1274,1960.7843137254902,1
4714,Branch_5425,1303,1304,120.1923076923077,1
4715,Branch_5426,522,1302,164.74464579901152,1
4716,Branch_5427,1304,1613,70.52186177715092,1
4717,Branch_5428,1304,1424,2000.0,1
4718,Branch_5429,905,1303,100.70493454179255,1
4719,Branch_5430,1300,1303,227.27272727272728,1
4720,Branch_5431,1301,1302,118.48341232227489,1
4721,Branch_5432,699,1302,78.06401249024199,1
4722,Branch_5433,9152,9408,490.19607843137254,1
4723,Branch_5434,9408,9476,60.64281382656155,1
4724,Branch_5435,9409,9519,114.5475372279496,1
4725,Branch_5436,442,1297,34.89183531053733,1
4726,Branch_5437,172,442,39.32363350373574,1
4727,Branch_5438,7790,7789,18.005041411595247,1
4728,Branch_5439,6894,7790,23.512814483893724,1
4729,Branch_5440,9058,9059,2.6250853152727465,1
4730,Branch_5441,9057,9059,2.6250853152727465,1
4731,Branch_5442,3453,3791,2000.0,1
4732,Branch_5443,237,235,4.784688995215311,1
4733,Branch_5444,237,236,4.784688995215311,1
4734,Branch_5445,6457,6458,9.06947215672048,1
4735,Branch_5446,7199,7233,90.99181073703366,1
4736,Branch_5447,7233,7377,168.35016835016836,1
4737,Branch_5448,7086,7233,207.4688796680498,1
4738,Branch_5449,7714,7740,9.231053263177328,1
4739,Branch_5450,7456,7740,9.46521533364884,1
4740,Branch_5451,7136,7172,2.0071857248951246,1
4741,Branch_5452,7136,7407,6.6862797539449055,1
4742,Branch_5453,6926,7811,15.8052789631737,1
4743,Branch_5454,7088,7811,26.867275658248253,1
4744,Branch_5455,7006,7621,3.5123458958238207,1
4745,Branch_5456,7212,7549,14.602803738317757,1
4746,Branch_5457,7212,7214,2000.0,1
4747,Branch_5458,7006,7483,4.750593824228028,1
4748,Branch_5459,7421,7547,3.6845983787767134,1
4749,Branch_5460,143,992,317.46031746031747,1
4750,Branch_5461,800,1339,2000.0,1
4751,Branch_5462,1336,1361,2000.0,1
4752,Branch_5463,1337,1361,2000.0,1
4753,Branch_5464,6855,7661,211.864406779661,1
4754,Branch_5465,6855,7661,211.864406779661,1
4755,Branch_5466,8027,8224,14.259232853272493,1
4756,Branch_5467,8002,8224,11.705489874751258,1
4757,Branch_5468,8086,8224,21.308331557639036,1
4758,Branch_5469,8027,8028,53.763440860215056,1
4759,Branch_5470,8028,8935,2000.0,1
4760,Branch_5471,9167,9217,500.0,1
4761,Branch_5472,1336,1334,16.764459346186086,1
4762,Branch_5473,1339,1338,14.398848092152628,1
4763,Branch_5474,1339,1340,16.669444907484582,1
4764,Branch_5475,1337,1335,17.540782318891424,1
4765,Branch_5476,9223,9339,5.1652892561983474,1
4766,Branch_5477,9294,9339,5.808887598024978,1
4767,Branch_5478,9152,9156,7.389890629618682,1
4768,Branch_5482,8096,8156,6.92952671332548,1
4769,Branch_5483,7970,8156,9.119095385737735,1
4770,Branch_5484,2798,4569,2000.0,1
4771,Branch_5485,2798,2799,8.11886011204027,1
4772,Branch_5486,4188,4852,67.02412868632707,1
4773,Branch_5487,2943,5273,47.641734159123395,1
4774,Branch_5488,9160,9223,82.71298593879239,1
4775,Branch_5489,9184,9223,14.9902563333833,1
4776,Branch_5490,9872,9896,2000.0,1
4777,Branch_5491,752,802,119.33174224343675,1
4778,Branch_5492,9476,9519,78.67820613690007,1
4779,Branch_5493,9197,9477,7.820442637053257,1
4780,Branch_5494,9477,9479,8.114248620577735,1
4781,Branch_5495,9476,9479,-53.908355795148246,1
4782,Branch_5496,9478,9479,0.6642355645005945,1
4783,Branch_5497,2213,7421,7.0298769771529,1
4784,Branch_5498,2213,2212,17.117425539198905,1
4785,Branch_5499,1525,2212,7.036802476954472,1
4786,Branch_5500,581,1234,21.891418563922944,1
4787,Branch_5501,936,1234,95.32888465204957,1
4788,Branch_5502,6457,6467,152.67175572519085,1
4789,Branch_5503,6133,6467,2000.0,1
4790,Branch_5504,237,1550,33.818058843422385,1
4791,Branch_5505,2943,3907,2000.0,1
4792,Branch_5506,237,373,1282.051282051282,1
4793,Branch_5507,7762,7778,2000.0,1
4794,Branch_5508,6310,6595,65.359477124183,1
4795,Branch_5509,6157,6595,9.904912836767037,1
4796,Branch_5510,3177,4470,21.14611968703743,1
4797,Branch_5511,7112,7445,1000.0,1
4798,Branch_5512,7115,7445,1000.0,1
4799,Branch_5513,7005,7079,52.21932114882507,1
4800,Branch_5514,7005,7135,69.39625260235947,1
4801,Branch_5515,270,271,4.784688995215311,1
4802,Branch_5516,270,272,4.784688995215311,1
4803,Branch_5517,270,279,2000.0,1
4804,Branch_5518,279,668,2000.0,1
4805,Branch_5519,839,1455,90.57971014492753,1
4806,Branch_5520,326,839,116.55011655011656,1
4807,Branch_5524,2538,2738,220.26431718061673,1
4808,Branch_5525,1783,2658,1960.7843137254902,1
4809,Branch_5526,1783,2658,1754.3859649122808,1
4810,Branch_5527,2445,2658,52.35602094240838,1
4811,Branch_5528,1926,2005,175.13134851138355,1
4812,Branch_5529,1858,2677,199.6007984031936,1
4813,Branch_5530,2044,2561,152.20700152207002,1
4814,Branch_5531,2445,2640,38.255547054322875,1
4815,Branch_5532,1774,2310,389.10505836575874,1
4816,Branch_5533,1993,2189,127.8772378516624,1
4817,Branch_5534,1774,2077,88.41732979664015,1
4818,Branch_5535,1896,1977,113.63636363636364,1
4819,Branch_5536,1836,2026,91.99632014719411,1
4820,Branch_5537,1843,2724,628.930817610063,1
4821,Branch_5538,2310,2628,446.42857142857144,1
4822,Branch_5539,1783,2207,66.13756613756614,1
4823,Branch_5540,2216,2445,64.59948320413437,1
4824,Branch_5541,2597,2677,84.60236886632826,1
4825,Branch_5542,2261,2538,57.24098454493417,1
4826,Branch_5543,2299,2503,105.70824524312897,1
4827,Branch_5544,2264,2538,128.2051282051282,1
4828,Branch_5547,1859,2626,122.39902080783354,1
4829,Branch_5548,2124,2293,80.0640512409928,1
4830,Branch_5549,1979,2432,194.9317738791423,1
4831,Branch_5550,515,1979,28.58776443682104,1
4832,Branch_5551,62,515,99.10802775024777,1
4833,Branch_5552,2215,2626,101.7293997965412,1
4834,Branch_5553,1931,2626,53.36179295624333,1
4835,Branch_5554,1931,2269,106.60980810234541,1
4836,Branch_5555,1859,2215,568.1818181818181,1
4837,Branch_5556,2269,2626,102.24948875255623,1
4838,Branch_5557,1979,2293,78.43137254901961,1
4839,Branch_5558,2293,2296,2000.0,1
4840,Branch_5559,1798,2484,38.24091778202677,1
4841,Branch_5560,2152,2641,17.765144785930005,1
4842,Branch_5561,1798,2152,50.89058524173028,1
4843,Branch_5562,1940,2644,48.07692307692308,1
4844,Branch_5563,1837,1878,36.3901018922853,1
4845,Branch_5564,1878,1940,30.91190108191654,1
4846,Branch_5565,1798,2644,59.665871121718375,1
4847,Branch_5566,1773,2477,28.71912693854107,1
4848,Branch_5567,2477,2616,33.266799733865604,1
4849,Branch_5568,1878,2616,18.744142455482663,1
4850,Branch_5569,1773,1878,294.11764705882354,1
4851,Branch_5570,2445,2677,81.03727714748784,1
4852,Branch_5571,1858,2640,97.5609756097561,1
4853,Branch_5572,1858,2677,206.61157024793388,1
4854,Branch_5573,1830,2640,178.89087656529517,1
4855,Branch_5574,1830,1851,171.52658662092625,1
4856,Branch_5575,1858,2640,97.27626459143968,1
4857,Branch_5576,1826,2445,88.41732979664015,1
4858,Branch_5577,1826,1836,157.23270440251574,1
4859,Branch_5578,1836,2041,147.05882352941177,1
4860,Branch_5579,2000,2740,243.30900243309003,1
4861,Branch_5580,2132,2482,169.20473773265653,1
4862,Branch_5582,1984,2482,63.73486297004462,1
4863,Branch_5583,2041,2445,106.49627263045794,1
4864,Branch_5584,2043,2720,76.21951219512195,1
4865,Branch_5585,2043,2503,132.4503311258278,1
4866,Branch_5586,1860,2216,96.52509652509653,1
4867,Branch_5587,1860,2193,225.22522522522522,1
4868,Branch_5588,1896,2531,127.8772378516624,1
4869,Branch_5589,1783,2445,52.32862375719519,1
4870,Branch_5590,2100,2458,60.16847172081829,1
4871,Branch_5591,2100,2712,149.92503748125938,1
4872,Branch_5592,2100,2712,150.15015015015015,1
4873,Branch_5593,1843,2512,71.99424046076314,1
4874,Branch_5594,2512,2712,92.33610341643583,1
4875,Branch_5595,2496,2530,90.82652134423252,1
4876,Branch_5596,2512,2614,89.92805755395683,1
4877,Branch_5597,1953,2614,63.69426751592356,1
4878,Branch_5598,1849,2640,121.50668286755771,1
4879,Branch_5599,2530,2740,130.54830287206266,1
4880,Branch_5600,1849,2442,162.33766233766235,1
4881,Branch_5601,1993,2442,149.7005988023952,1
4882,Branch_5602,1836,2189,158.73015873015873,1
4883,Branch_5603,1830,2740,303.951367781155,1
4884,Branch_5604,2504,2740,63.73486297004462,1
4885,Branch_5605,1830,2504,68.7757909215956,1
4886,Branch_5606,2000,2132,218.34061135371178,1
4887,Branch_5607,2127,2458,33.00330033003301,1
4888,Branch_5608,1977,2458,128.8659793814433,1
4889,Branch_5609,2005,2077,423.728813559322,1
4890,Branch_5610,1836,2005,82.50825082508251,1
4891,Branch_5611,1783,2458,66.18133686300463,1
4892,Branch_5612,1896,2100,82.57638315441784,1
4893,Branch_5613,2044,2504,106.49627263045794,1
4894,Branch_5614,2264,2561,61.72839506172839,1
4895,Branch_5615,2207,2490,70.62146892655367,1
4896,Branch_5616,2100,2490,27.677830058123444,1
4897,Branch_5617,1953,2627,96.61835748792271,1
4898,Branch_5618,2720,2724,427.35042735042737,1
4899,Branch_5619,2531,2628,159.4896331738437,1
4900,Branch_5620,2640,2738,131.4060446780552,1
4901,Branch_5621,1860,2597,39.65107057890563,1
4902,Branch_5625,1851,2640,115.74074074074075,1
4903,Branch_5626,1945,2628,94.42870632672333,1
4904,Branch_5627,1851,2482,67.24949562878278,1
4905,Branch_5629,1999,2628,95.32888465204957,1
4906,Branch_5630,1926,2026,233.1002331002331,1
4907,Branch_5631,2627,2740,52.493438320209975,1
4908,Branch_5632,1999,2734,840.3361344537815,1
4909,Branch_5633,2496,2627,48.97159647404506,1
4910,Branch_5634,2100,2503,116.95906432748538,1
4911,Branch_5635,2127,2299,27.716186252771617,1
4912,Branch_5636,1783,2026,97.5609756097561,1
4913,Branch_5637,1032,1034,214.13276231263384,1
4914,Branch_5638,1030,1035,214.13276231263384,1
4915,Branch_5639,809,1032,186.56716417910448,1
4916,Branch_5640,810,1030,135.68521031207598,1
4917,Branch_5641,1034,1233,374.53183520599254,1
4918,Branch_5642,1035,1232,374.53183520599254,1
4919,Branch_5643,633,1032,111.60714285714286,1
4920,Branch_5644,636,1030,83.33333333333333,1
4921,Branch_5645,1031,1034,404.8582995951417,1
4922,Branch_5646,1033,1035,404.8582995951417,1
4923,Branch_5648,7070,7199,42.05214465937763,1
4924,Branch_5649,9219,9347,4.994007191370356,1
4925,Branch_5650,9166,9219,6.303183107469272,1
4926,Branch_5651,9219,9534,9.42684766214178,1
4927,Branch_5652,6606,6610,16.611295681063122,1
4928,Branch_5653,6607,6610,-172.1170395869191,1
4929,Branch_5654,6609,6610,8.981498113885396,1
4930,Branch_5655,6606,6612,16.611295681063122,1
4931,Branch_5656,6608,6612,-172.1170395869191,1
4932,Branch_5657,6611,6612,8.981498113885396,1
4933,Branch_5659,6606,6708,45.433893684688776,1
4934,Branch_5660,6484,6606,106.04453870625663,1
4935,Branch_5661,6484,6606,106.04453870625663,1
4936,Branch_5662,4559,6606,26.79528403001072,1
4937,Branch_5663,9544,9568,54.43658138268917,1
4938,Branch_5666,6535,9545,52.46589716684155,1
4939,Branch_5667,6538,9545,52.35602094240838,1
4940,Branch_5668,9544,9868,149.2537313432836,1
4941,Branch_5670,9544,9545,2000.0,1
4942,Branch_5671,4559,9545,61.27450980392157,1
4943,Branch_5672,4559,9545,61.27450980392157,1
4944,Branch_5673,2091,2094,26.041666666666668,1
4945,Branch_5674,2090,2094,-301.2048192771084,1
4946,Branch_5675,2095,2094,6.614194060453734,1
4947,Branch_5676,2091,2092,316.45569620253167,1
4948,Branch_5677,2090,2092,36.46973012399708,1
4949,Branch_5678,2093,2092,4.188306248952923,1
4950,Branch_5679,2091,2544,373.13432835820896,1
4951,Branch_5680,2091,2544,374.53183520599254,1
4952,Branch_5681,9544,9545,2000.0,1
4953,Branch_5682,119,543,17.88908765652952,1
4954,Branch_5684,6136,6232,21.81500872600349,1
4955,Branch_5685,6136,6643,2.1577766269635767,1
4956,Branch_5686,3451,4072,60.56935190793458,1
4957,Branch_5687,4072,5228,5.675368898978434,1
4958,Branch_5688,3398,3797,9.619084263178145,1
4959,Branch_5689,3798,3796,7.336757153338224,1
4960,Branch_5690,3797,3796,7.704160246533128,1
4961,Branch_5691,4072,5135,49.26108374384236,1
4962,Branch_5692,3199,4409,2000.0,1
4963,Branch_5693,47,119,3.9556962025316458,1
4964,Branch_5694,69,119,40.74979625101874,1
4965,Branch_5695,1102,1767,2000.0,1
4966,Branch_5696,6883,7484,88.02816901408451,1
4967,Branch_5697,1767,1765,7.831466833737959,1
4968,Branch_5698,1767,1766,7.831466833737959,1
4969,Branch_5699,4836,4839,43.2152117545376,1
4970,Branch_5700,1135,1144,19.047619047619047,1
4971,Branch_5701,1135,1136,19.047619047619047,1
4972,Branch_5702,1135,1136,19.047619047619047,1
4973,Branch_5703,5000,5001,2000.0,1
4974,Branch_5704,5001,5002,2000.0,1
4975,Branch_5705,4507,5315,746.2686567164179,1
4976,Branch_5706,2856,3291,13.365410318096766,1
4977,Branch_5707,4299,4507,6.188501763723003,1
4978,Branch_5708,2856,5921,22.007042253521128,1
4979,Branch_5709,2856,4507,13.5080372821829,1
4980,Branch_5710,1443,1445,-166.11295681063123,1
4981,Branch_5711,1444,1445,23.250406882120437,1
4982,Branch_5712,1446,1445,5.9315499139925265,1
4983,Branch_5713,1230,1443,14.19244961680386,1
4984,Branch_5714,1444,1585,613.4969325153374,1
4985,Branch_5715,865,1444,98.13542688910697,1
4986,Branch_5716,1133,1443,30.175015087507543,1
4987,Branch_5717,4759,4762,46.08294930875576,1
4988,Branch_5718,4760,4762,-432.9004329004329,1
4989,Branch_5719,4761,4762,8.977466558937069,1
4990,Branch_5720,6948,7828,2000.0,1
4991,Branch_5722,3384,3387,74.12898443291327,1
4992,Branch_5723,3385,3387,66.3129973474801,1
4993,Branch_5724,3386,3387,5.213492518638236,1
4994,Branch_5725,5046,5044,14.920919128618323,1
4995,Branch_5726,5046,5045,14.841199168892846,1
4996,Branch_5727,8408,8478,53.27650506126798,1
4997,Branch_5728,2859,2860,11.682242990654206,1
4998,Branch_5732,2859,2862,11.961722488038278,1
4999,Branch_5733,3738,3739,46.554934823091244,1
5000,Branch_5734,3740,3739,-471.6981132075472,1
5001,Branch_5735,3741,3739,9.306654257794323,1
5002,Branch_5736,3738,3743,45.97701149425287,1
5003,Branch_5737,3745,3743,-444.44444444444446,1
5004,Branch_5738,3744,3743,8.981498113885396,1
5005,Branch_5739,3745,3746,95.23809523809524,1
5006,Branch_5740,5035,5034,9.023641941887746,1
5007,Branch_5741,277,1742,2000.0,1
5008,Branch_5742,4003,4007,92.16589861751152,1
5009,Branch_5743,4005,4007,252.5252525252525,1
5010,Branch_5744,4011,4007,13.424620754463687,1
5011,Branch_5745,4003,4008,92.16589861751152,1
5012,Branch_5746,4004,4008,252.5252525252525,1
5013,Branch_5747,4010,4008,13.424620754463687,1
5014,Branch_5748,4004,4012,95.23809523809524,1
5015,Branch_5749,4005,4013,95.23809523809524,1
5016,Branch_5750,4006,4013,95.23809523809524,1
5017,Branch_5751,4009,4012,95.23809523809524,1
5018,Branch_5752,4908,4937,584.7953216374269,1
5019,Branch_5753,3529,4494,555.5555555555555,1
5020,Branch_5754,4493,5203,122.54901960784314,1
5021,Branch_5755,6993,7231,6.323110970597534,1
5022,Branch_5756,4077,5323,81.9000819000819,1
5023,Branch_5757,2924,4022,97.0873786407767,1
5024,Branch_5758,4022,5257,133.6898395721925,1
5025,Branch_5759,9720,9721,14.84560570071259,1
5026,Branch_5760,9719,9720,413.22314049586777,1
5027,Branch_5761,626,788,120.33694344163658,1
5028,Branch_5762,8179,8274,4.665920119447555,1
5029,Branch_5763,5823,5824,25.926886180969664,1
5030,Branch_5764,1167,1168,50.200803212851405,1
5031,Branch_5765,6043,6109,32.24766204450177,1
5032,Branch_5766,6043,6589,704.2253521126761,1
5033,Branch_5767,6047,6239,11.016855789357717,1
5034,Branch_5768,6239,6521,82.16926869350863,1
5035,Branch_5769,6239,6376,45.08566275924256,1
5036,Branch_5770,7220,7223,82.78145695364239,1
5037,Branch_5771,7217,7223,109.40919037199124,1
5038,Branch_5772,7218,7223,5.81767409389726,1
5039,Branch_5773,7220,7221,41.78854993731718,1
5040,Branch_5774,7217,7221,-552.4861878453039,1
5041,Branch_5775,7219,7221,6.17093489663684,1
5042,Branch_5776,7217,7728,7.247952453431905,1
5043,Branch_5777,7224,7222,78.43137254901961,1
5044,Branch_5779,6937,7220,60.06006006006006,1
5045,Branch_5780,7217,7725,16.49620587264929,1
5046,Branch_5781,668,7217,16.545334215751158,1
5047,Branch_5782,668,7217,17.424638438752396,1
5048,Branch_5783,6047,6504,19.569471624266146,1
5049,Branch_5784,6047,6505,35.637918745545264,1
5050,Branch_5785,6104,6190,18.99335232668566,1
5051,Branch_5786,6190,6377,9.390553103577801,1
5052,Branch_5787,3912,4348,95.51098376313276,1
5053,Branch_5788,4016,4709,43.40277777777778,1
5054,Branch_5789,3965,4348,64.55777921239509,1
5055,Branch_5790,7217,7224,71.42857142857143,1
5056,Branch_5791,9613,9617,2000.0,1
5057,Branch_5792,3486,4502,2000.0,1
5058,Branch_5794,5955,8483,4.901720503896867,1
5059,Branch_5795,5952,5955,12.706480304955527,1
5060,Branch_5796,2872,4785,48.16955684007707,1
5061,Branch_5797,4370,4785,2.5058888387711122,1
5062,Branch_5798,6330,9249,7.183908045977011,1
5063,Branch_5799,6155,6315,3.673499375505106,1
5064,Branch_5801,6049,6315,20.267531414673694,1
5065,Branch_5802,6315,6786,10.163634515702816,1
5066,Branch_5803,6316,6589,2000.0,1
5067,Branch_5804,6315,6588,396.8253968253968,1
5068,Branch_5805,6315,6334,9.659036028204385,1
5069,Branch_5806,5956,6315,69.58942240779402,1
5070,Branch_5807,6315,6410,17.304031839418585,1
5071,Branch_5808,9808,9809,9.104151493080845,1
5072,Branch_5809,754,1447,2000.0,1
5073,Branch_5810,9000,9001,46.27487274409995,1
5074,Branch_5811,9002,9001,-460.8294930875576,1
5075,Branch_5812,9003,9001,9.042408897730356,1
5076,Branch_5813,9000,9004,46.57661853749418,1
5077,Branch_5814,9002,9004,-478.4688995215311,1
5078,Branch_5815,9005,9004,8.995232526760816,1
5079,Branch_5816,3541,4141,144.3001443001443,1
5080,Branch_5817,2792,3541,26.427061310782243,1
5081,Branch_5818,2782,4586,203.66598778004072,1
5082,Branch_5819,2796,4586,115.2073732718894,1
5083,Branch_5820,2780,4586,185.5287569573284,1
5084,Branch_5821,4586,4604,254.4529262086514,1
5085,Branch_5822,3024,4058,2000.0,1
5086,Branch_5823,4921,4922,12.023566189731875,1
5087,Branch_5824,4921,4922,9.017945711966814,1
5088,Branch_5825,2801,4921,2000.0,1
5089,Branch_5826,7806,7807,14.070634585619812,1
5090,Branch_5828,7478,7806,512.8205128205128,1
5091,Branch_5831,1395,1741,21.677866897897246,1
5092,Branch_5832,48,268,18.649757553151808,1
5093,Branch_5833,268,948,36.8052999631947,1
5094,Branch_5834,6209,6205,4.971908715755979,1
5095,Branch_5835,6205,6207,2.2485047443450106,1
5096,Branch_5836,6205,6206,2.2365360529611737,1
5097,Branch_5837,6205,6208,2.2355860588853367,1
5098,Branch_5838,8073,8483,36.98224852071006,1
5099,Branch_5839,8483,8506,2000.0,1
5100,Branch_5840,7153,7408,5.476151360823613,1
5101,Branch_5841,7153,7322,4.798464491362764,1
5102,Branch_5843,4267,5186,24.648755237860488,1
5103,Branch_5844,3822,5186,9.276437847866418,1
5104,Branch_5845,4147,4278,27.63957987838585,1
5105,Branch_5846,9635,9675,2000.0,1
5106,Branch_5847,9675,9676,11.755025273304337,1
5107,Branch_5848,9553,9558,23.430178069353328,1
5108,Branch_5849,9553,9558,23.430178069353328,1
5109,Branch_5850,7617,7618,9.336196433572962,1
5110,Branch_5851,7617,7618,9.063717937097797,1
5111,Branch_5852,7572,7573,17.31301939058172,1
5112,Branch_5853,7065,7573,57.903879559930516,1
5113,Branch_5854,7573,7638,57.903879559930516,1
5114,Branch_5855,7065,7637,102.88065843621399,1
5115,Branch_5856,3330,9528,11.971746677840297,1
5116,Branch_5857,7111,7572,3.497726477789437,1
5117,Branch_5858,7610,7617,2000.0,1
5118,Branch_5859,9553,9731,103.41261633919338,1
5119,Branch_5860,9567,9731,98.23182711198429,1
5120,Branch_5861,9731,9732,2000.0,1
5121,Branch_5862,9731,9739,526.3157894736842,1
5122,Branch_5863,6397,6579,27.159152634437806,1
5123,Branch_5865,7210,7500,30.51571559353067,1
5124,Branch_5866,7165,7210,14.673514306676449,1
5125,Branch_5869,6816,7210,16.501650165016503,1
5126,Branch_5870,8397,8398,20.955574182732608,1
5127,Branch_5871,8398,8431,37.96507213363705,1
5128,Branch_5872,6624,6699,253.80710659898477,1
5129,Branch_5873,6699,6697,10.422094841063053,1
5130,Branch_5874,6699,6698,10.469011725293132,1
5131,Branch_5875,7244,7532,6.541933795629988,1
5132,Branch_5876,1428,1619,363.6363636363636,1
5133,Branch_5877,950,1428,43.956043956043956,1
5134,Branch_5878,3104,4058,43.7636761487965,1
5135,Branch_5879,5207,5205,55.83472920156337,1
5136,Branch_5880,5207,5205,56.21135469364812,1
5137,Branch_5881,5207,5204,55.83472920156337,1
5138,Branch_5882,5207,5204,55.83472920156337,1
5139,Branch_5883,7273,7482,112.10762331838565,1
5140,Branch_5884,4025,5118,2000.0,1
5141,Branch_5885,7773,7781,293.2551319648094,1
5142,Branch_5886,7781,7780,14.355440712029859,1
5143,Branch_5887,8173,8172,9.389671361502348,1
5144,Branch_5888,8319,8352,819.672131147541,1
5145,Branch_5889,8014,8215,2000.0,1
5146,Branch_5890,8214,8215,16.118633139909736,1
5147,Branch_5891,8214,8640,63.13131313131313,1
5148,Branch_5892,8123,8214,29.154518950437318,1
5149,Branch_5893,473,472,11.263798152737102,1
5150,Branch_5894,5273,5297,24.354603019970774,1
5151,Branch_5895,1557,1678,66.40106241699867,1
5152,Branch_5896,864,1676,96.71179883945841,1
5153,Branch_5897,38,1676,39.8247710075667,1
5154,Branch_5898,38,1678,40.38772213247173,1
5155,Branch_5899,1677,1678,1960.7843137254902,1
5156,Branch_5900,3568,3567,27.693159789531986,1
5157,Branch_5901,3568,3567,28.1214848143982,1
5158,Branch_5902,3567,3681,32.25806451612903,1
5159,Branch_5903,3567,4366,51.150895140664964,1
5160,Branch_5904,8543,8969,304.8780487804878,1
5161,Branch_5905,8342,8969,119.18951132300357,1
5162,Branch_5906,6990,7031,8.982304859426929,1
5163,Branch_5907,5856,5855,9.991008092716555,1
5164,Branch_5908,5854,5855,11.914690813773383,1
5165,Branch_5909,5857,5855,8.975854950184004,1
5166,Branch_5910,4504,4514,301.2048192771084,1
5167,Branch_5911,4503,4513,301.2048192771084,1
5168,Branch_5912,5488,5487,2.024701356549909,1
5169,Branch_5913,5490,5487,10.0,1
5170,Branch_5914,5489,5487,-97.0873786407767,1
5171,Branch_5915,4129,4130,46.27487274409995,1
5172,Branch_5916,4128,4130,-460.8294930875576,1
5173,Branch_5917,4127,4130,8.97021887334051,1
5174,Branch_5918,6237,6666,4.900519455062237,1
5175,Branch_5919,6079,6617,2000.0,1
5176,Branch_5920,5939,6310,11.354604292040422,1
5177,Branch_5922,6186,6237,4.261303106489964,1
5178,Branch_5923,6057,6237,17.571604287471445,1
5179,Branch_5924,6518,6762,19.19754271453254,1
5180,Branch_5925,6305,6742,3.957888070925354,1
5181,Branch_5926,8352,8628,2000.0,1
5182,Branch_5927,1562,1613,169.20473773265653,1
5183,Branch_5928,136,1562,113.25028312570781,1
5184,Branch_5929,8923,8924,7.767593599502874,1
5185,Branch_5930,8923,8925,7.767593599502874,1
5186,Branch_5931,8922,8923,1098.901098901099,1
5187,Branch_5932,7991,8734,95.69377990430623,1
5188,Branch_5933,8734,8978,10.476689366160294,1
5189,Branch_5934,2872,2995,5.089058524173028,1
5190,Branch_5937,9574,9575,-51.04645227156713,1
5191,Branch_5938,9576,9577,-51.04645227156713,1
5192,Branch_5939,9547,9575,42.211903756859435,1
5193,Branch_5940,9547,9577,42.319085907744395,1
5194,Branch_5941,9207,9252,3.911138923654568,1
5195,Branch_5942,9207,9631,3.7982376177453663,1
5196,Branch_5943,9207,9536,4.189183528130368,1
5197,Branch_5944,4886,4901,2000.0,1
5198,Branch_5945,3448,3449,9.492168960607499,1
5199,Branch_5946,3447,3449,-46.728971962616825,1
5200,Branch_5947,3450,3449,2.566339886054509,1
5201,Branch_5948,5822,5823,31.377470975839348,1
5202,Branch_5949,116,695,89.28571428571429,1
5203,Branch_5950,3898,5270,129.70168612191958,1
5204,Branch_5951,8993,9059,1111.111111111111,1
5205,Branch_5952,7059,7109,18.248175182481752,1
5206,Branch_5953,3065,3874,33.42245989304813,1
5207,Branch_5954,5402,5777,46.62004662004662,1
5208,Branch_5955,8479,8523,23.557126030624264,1
5209,Branch_5956,4901,4900,6.68851581833991,1
5210,Branch_5957,8778,8842,245.09803921568627,1
5211,Branch_5958,8001,8778,58.10575246949448,1
5212,Branch_5959,7232,7456,20.275750202757504,1
5213,Branch_5960,17,577,157.72870662460568,1
5214,Branch_5961,577,1261,193.05019305019306,1
5215,Branch_5962,577,681,160.51364365971108,1
5216,Branch_5963,7184,7534,9.790483649892305,1
5217,Branch_5964,7274,7534,18.284878405558604,1
5218,Branch_5965,6422,6423,8.758101243650376,1
5219,Branch_5966,6422,6421,8.89125989152663,1
5220,Branch_5967,5444,5698,56.49717514124294,1
5221,Branch_5968,5570,5698,181.8181818181818,1
5222,Branch_5969,2963,4375,217.8649237472767,1
5223,Branch_5970,2964,4374,217.8649237472767,1
5224,Branch_5971,471,964,217.3913043478261,1
5225,Branch_5972,964,1752,34.940600978336825,1
5226,Branch_5973,491,964,2000.0,1
5227,Branch_5974,964,1460,90.74410163339383,1
5228,Branch_5975,923,964,41.11842105263158,1
5229,Branch_5976,339,964,77.33952049497293,1
5230,Branch_5977,964,965,6.4238453138048435,1
5231,Branch_5979,6044,6650,8.387854386847843,1
5232,Branch_5980,6044,6665,14.509576320371446,1
5233,Branch_5981,578,1287,2000.0,1
5234,Branch_5982,578,1282,2000.0,1
5235,Branch_5983,578,1288,2000.0,1
5236,Branch_5984,578,1289,2000.0,1
5237,Branch_5985,578,1281,2000.0,1
5238,Branch_5986,578,1290,2000.0,1
5239,Branch_5988,474,1764,2000.0,1
5240,Branch_5989,1764,1762,13.698630136986301,1
5241,Branch_5990,1764,1763,13.702384214853385,1
5242,Branch_5992,50,265,869.5652173913044,1
5243,Branch_5993,50,140,561.7977528089888,1
5244,Branch_5994,224,238,64.51612903225806,1
5245,Branch_5995,188,238,124.06947890818859,1
5246,Branch_5996,1959,2590,22.93577981651376,1
5247,Branch_5997,1958,1959,119.33174224343675,1
5248,Branch_5998,5393,5560,114.5475372279496,1
5249,Branch_5999,962,1685,2000.0,1
5250,Branch_6000,962,1687,2000.0,1
5251,Branch_6001,962,1686,2000.0,1
5252,Branch_6002,1685,1688,293.2551319648094,1
5253,Branch_6003,1683,1688,15.08523155830442,1
5254,Branch_6004,1684,1688,15.08523155830442,1
5255,Branch_6005,1687,1681,17.755681818181817,1
5256,Branch_6006,1686,1682,17.755681818181817,1
5257,Branch_6007,151,1674,122.85012285012284,1
5258,Branch_6008,1639,1640,2000.0,1
5259,Branch_6009,629,1640,76.10350076103501,1
5260,Branch_6010,1084,1639,92.50693802035153,1
5261,Branch_6011,269,1640,145.98540145985402,1
5262,Branch_6012,171,1640,134.58950201884252,1
5263,Branch_6013,266,553,302.11480362537765,1
5264,Branch_6016,558,1455,77.1604938271605,1
5265,Branch_6018,1453,1455,2000.0,1
5266,Branch_6020,2443,2572,159.4896331738437,1
5267,Branch_6021,2443,2565,53.70569280343717,1
5268,Branch_6022,1893,2256,29.231218941829873,1
5269,Branch_6023,1820,1893,40.04805766920305,1
5270,Branch_6024,1893,2253,58.0046403712297,1
5271,Branch_6025,1897,2181,81.10300081103001,1
5272,Branch_6026,1897,2181,82.03445447087776,1
5273,Branch_6027,1772,2612,51.65289256198347,1
5274,Branch_6028,1898,2612,47.48338081671415,1
5275,Branch_6029,1833,2700,47.43833017077799,1
5276,Branch_6030,1833,2680,51.255766273705795,1
5277,Branch_6031,1992,2528,94.42870632672333,1
5278,Branch_6032,1992,2110,55.46311702717693,1
5279,Branch_6034,1992,2226,73.1528895391368,1
5280,Branch_6035,384,395,2000.0,1
5281,Branch_6036,395,1649,892.8571428571429,1
5282,Branch_6037,358,407,2000.0,1
5283,Branch_6038,407,408,9.845426799251747,1
5284,Branch_6039,407,409,9.845426799251747,1
5285,Branch_6040,1438,1679,17.54385964912281,1
5286,Branch_6041,1680,1679,5.688282138794084,1
5287,Branch_6042,7725,7730,2000.0,1
5288,Branch_6043,437,515,2000.0,1
5289,Branch_6044,5379,5378,19.157088122605366,1
5290,Branch_6045,5378,5601,30.422878004259204,1
5291,Branch_6046,5379,5377,9.70873786407767,1
5292,Branch_6047,5379,5376,13.157894736842104,1
5293,Branch_6048,5379,5380,5.497526113249038,1
5294,Branch_6049,5378,5761,23.97506593143131,1
5295,Branch_6050,5378,5778,217.3913043478261,1
5296,Branch_6051,746,823,10.355182768975872,1
5297,Branch_6053,746,1680,29.832935560859188,1
5298,Branch_6054,437,438,19.50458357714063,1
5299,Branch_6055,437,439,14.353380221042055,1
5300,Branch_6056,437,440,14.34102968593145,1
5301,Branch_6057,1388,1679,10.02004008016032,1
5302,Branch_6058,70,1513,206.61157024793388,1
5303,Branch_6059,697,1513,403.2258064516129,1
5304,Branch_6060,2886,5198,29.13752913752914,1
5305,Branch_6061,863,1551,26.136957658128594,1
5306,Branch_6062,863,907,25.73340195573855,1
5307,Branch_6063,3396,4192,26.212319790301443,1
5308,Branch_6064,3021,3331,67.29475100942126,1
5309,Branch_6065,3146,3148,9.77230528681716,1
5310,Branch_6066,3146,3150,9.810654370646523,1
5311,Branch_6067,3146,3151,9.650646593321753,1
5312,Branch_6068,3146,3149,9.77230528681716,1
5313,Branch_6072,3146,3155,19.451468585878235,1
5314,Branch_6073,9302,9485,2000.0,1
5315,Branch_6074,5594,5644,89.52551477170994,1
5316,Branch_6075,7347,7591,2000.0,1
5317,Branch_6076,1281,1285,19.719976336028395,1
5318,Branch_6077,1287,1280,15.096618357487923,1
5319,Branch_6078,1282,1286,15.11030522816561,1
5320,Branch_6079,1288,1283,15.600624024960998,1
5321,Branch_6080,1289,1284,15.096618357487923,1
5322,Branch_6081,1290,1291,14.999250037498125,1
5323,Branch_6082,9565,9719,82.64462809917356,1
5324,Branch_6083,4658,5338,2000.0,1
5325,Branch_6084,4658,5339,2000.0,1
5326,Branch_6085,4658,5340,2000.0,1
5327,Branch_6086,2445,2446,5.523031039434442,1
5328,Branch_6087,2445,2447,5.523031039434442,1
5329,Branch_6088,2948,5253,225.22522522522522,1
5330,Branch_6089,3021,5253,112.61261261261261,1
5331,Branch_6090,5338,5341,-526.3157894736842,1
5332,Branch_6091,5336,5341,6.919457514530861,1
5333,Branch_6092,5337,5341,7.0467197519554645,1
5334,Branch_6093,5339,5342,495.0495049504951,1
5335,Branch_6094,5332,5342,7.160759040458289,1
5336,Branch_6095,5333,5342,7.336218912772357,1
5337,Branch_6096,5340,5343,763.3587786259542,1
5338,Branch_6097,5334,5343,7.124536905101168,1
5339,Branch_6098,5335,5343,7.2727272727272725,1
5340,Branch_6099,2236,2235,4.140615295432902,1
5341,Branch_6100,9863,9861,12.558081125204069,1
5342,Branch_6101,9863,9862,12.558081125204069,1
5343,Branch_6102,5838,9863,87.41258741258741,1
5344,Branch_6103,9932,9929,8.14265939255761,1
5345,Branch_6104,9932,9930,8.225037012666556,1
5346,Branch_6105,9932,9931,8.167265599477295,1
5347,Branch_6106,9863,9932,970.8737864077669,1
5348,Branch_6107,7695,7762,187.26591760299627,1
5349,Branch_6108,7695,7702,102.35414534288638,1
5350,Branch_6109,6947,7695,253.16455696202533,1
5351,Branch_6110,7695,7846,77.39938080495357,1
5352,Branch_6111,7694,7695,2000.0,1
5353,Branch_6112,7693,7694,-49.75124378109453,1
5354,Branch_6113,6194,6643,65.01950585175553,1
5355,Branch_6114,6194,6469,35.62522265764161,1
5356,Branch_6115,4029,4401,2000.0,1
5357,Branch_6116,7409,7459,98.32841691248771,1
5358,Branch_6117,7183,7409,109.17030567685589,1
5359,Branch_6118,6064,6274,70.8215297450425,1
5360,Branch_6119,4469,4705,2000.0,1
5361,Branch_6120,4096,4095,11.402508551881414,1
5362,Branch_6121,4704,4707,9.719117504130624,1
5363,Branch_6122,4705,4707,-75.8150113722517,1
5364,Branch_6123,4706,4707,4.1017227235438884,1
5365,Branch_6124,2794,4704,32.32062055591467,1
5366,Branch_6125,3621,4704,63.29113924050633,1
5367,Branch_6126,3253,4095,1111.111111111111,1
5368,Branch_6127,6624,6626,8.395600705230459,1
5369,Branch_6128,6624,6625,8.395600705230459,1
5370,Branch_6129,6490,6624,2000.0,1
5371,Branch_6130,8555,8668,16.220600162206,1
5372,Branch_6131,8276,8555,9.954210631096954,1
5373,Branch_6132,8181,8555,63.492063492063494,1
5374,Branch_6133,256,764,483.09178743961354,1
5375,Branch_6134,7041,7162,8.320852055250457,1
5376,Branch_6136,3036,3039,53.53319057815846,1
5377,Branch_6137,3038,3039,-2000.0,1
5378,Branch_6138,3037,3039,8.792754770069463,1
5379,Branch_6139,2755,2754,4.88328938372888,1
5380,Branch_6140,2637,2760,9.830908375933936,1
5381,Branch_6142,1845,2760,28.481913984619766,1
5382,Branch_6143,1844,2154,9.68054211035818,1
5383,Branch_6144,1844,2635,7.423904974016333,1
5384,Branch_6145,2155,2520,12.690355329949238,1
5385,Branch_6146,6702,6704,184.1620626151013,1
5386,Branch_6147,6704,6703,7.352941176470588,1
5387,Branch_6148,1226,1553,91.24087591240875,1
5388,Branch_6149,70,1555,109.2896174863388,1
5389,Branch_6150,1554,1555,2000.0,1
5390,Branch_6151,1552,1553,202.42914979757086,1
5391,Branch_6152,922,1555,141.84397163120568,1
5392,Branch_6154,6414,6417,5.107252298263534,1
5393,Branch_6155,1328,1571,76.51109410864575,1
5394,Branch_6156,1001,1571,66.35700066357,1
5395,Branch_6157,5682,5683,5.423875901719368,1
5396,Branch_6158,678,1462,546.448087431694,1
5397,Branch_6159,695,1462,154.320987654321,1
5398,Branch_6160,1462,1461,11.013215859030836,1
5399,Branch_6161,1462,1465,11.230907457322552,1
5400,Branch_6162,1462,1463,11.013215859030836,1
5401,Branch_6163,1462,1464,11.013215859030836,1
5402,Branch_6164,3589,5177,29.985007496251875,1
5403,Branch_6165,4315,4314,1.763668430335097,1
5404,Branch_6166,3519,4314,52.38344683080147,1
5405,Branch_6167,3941,4314,21.39952921035737,1
5406,Branch_6168,3625,4314,53.61930294906166,1
5407,Branch_6171,9525,9692,840.3361344537815,1
5408,Branch_6172,4928,4929,5.356473297980609,1
5409,Branch_6174,7366,7367,5.537098560354374,1
5410,Branch_6175,7367,7369,6.218132073125234,1
5411,Branch_6176,7368,7369,26.295030239284774,1
5412,Branch_6177,7370,7369,1.275949625508785,1
5413,Branch_6178,7172,7368,33.3889816360601,1
5414,Branch_6179,7367,7662,13.32267519317879,1
5415,Branch_6180,7367,7638,23.245002324500234,1
5416,Branch_6181,7172,7246,3.224454261116306,1
5417,Branch_6182,7366,7368,2000.0,1
5418,Branch_6183,7366,7572,4.290924694271616,1
5419,Branch_6184,7041,7366,76.33587786259542,1
5420,Branch_6185,8280,8444,27.8473962684489,1
5421,Branch_6186,8152,8444,34.19972640218878,1
5422,Branch_6187,8444,8451,154.5595054095827,1
5423,Branch_6188,5901,5984,595.2380952380952,1
5424,Branch_6189,5903,5910,47.48338081671415,1
5425,Branch_6190,5909,5984,2000.0,1
5426,Branch_6193,9364,9500,7.702973347712217,1
5427,Branch_6194,9166,9364,15.076134479119554,1
5428,Branch_6195,9913,9912,15.394088669950738,1
5429,Branch_6196,840,1413,297.6190476190476,1
5430,Branch_6197,912,1521,155.27950310559007,1
5431,Branch_6198,903,912,120.33694344163658,1
5432,Branch_6199,912,1239,1219.5121951219512,1
5433,Branch_6200,475,495,2000.0,1
5434,Branch_6201,495,494,12.147716229348882,1
5435,Branch_6202,6490,6492,46.51162790697674,1
5436,Branch_6203,6491,6492,-485.43689320388347,1
5437,Branch_6204,6495,6492,8.880994671403197,1
5438,Branch_6205,6490,6493,46.27487274409995,1
5439,Branch_6206,6491,6493,-460.8294930875576,1
5440,Branch_6207,6494,6493,8.881783462119193,1
5441,Branch_6208,6490,6537,40.766408479412966,1
5442,Branch_6209,6490,6738,120.77294685990339,1
5443,Branch_6210,9493,9495,5.197505197505198,1
5444,Branch_6211,9493,9494,5.197505197505198,1
5445,Branch_6212,471,792,159.23566878980893,1
5446,Branch_6213,471,1761,2000.0,1
5447,Branch_6216,862,1215,40.17677782241864,1
5448,Branch_6217,1101,1215,10.675776662752215,1
5449,Branch_6218,1215,1326,64.64124111182934,1
5450,Branch_6223,155,215,77.9423226812159,1
5451,Branch_6225,155,1229,1960.7843137254902,1
5452,Branch_6227,152,155,2000.0,1
5453,Branch_6229,7182,7614,43.63001745200698,1
5454,Branch_6230,6650,6668,17.247326664367023,1
5455,Branch_6231,6585,6650,28.6286859433152,1
5456,Branch_6232,267,651,507.61421319796955,1
5457,Branch_6233,4079,4484,73.74631268436578,1
5458,Branch_6236,613,621,84.10428931875526,1
5459,Branch_6237,603,604,130.3780964797914,1
5460,Branch_6238,603,621,460.8294930875576,1
5461,Branch_6239,601,604,207.0393374741201,1
5462,Branch_6240,601,608,101.21457489878543,1
5463,Branch_6241,608,613,93.02325581395348,1
5464,Branch_6242,586,599,8.009611533840609,1
5465,Branch_6243,600,621,205.3388090349076,1
5466,Branch_6244,600,621,163.3986928104575,1
5467,Branch_6245,602,605,2000.0,1
5468,Branch_6246,602,606,2000.0,1
5469,Branch_6247,604,613,236.4066193853428,1
5470,Branch_6248,608,613,94.6969696969697,1
5471,Branch_6249,604,621,117.096018735363,1
5472,Branch_6250,609,613,1149.4252873563219,1
5473,Branch_6251,610,613,1075.268817204301,1
5474,Branch_6252,611,613,990.0990099009902,1
5475,Branch_6253,612,613,1298.7012987012988,1
5476,Branch_6254,602,622,990.0990099009902,1
5477,Branch_6255,602,607,787.4015748031496,1
5478,Branch_6256,602,620,990.0990099009902,1
5479,Branch_6257,607,624,4.915454187966968,1
5480,Branch_6258,597,624,2.4986257558342913,1
5481,Branch_6259,623,624,4.959087527894868,1
5482,Branch_6261,608,599,5.612302166348636,1
5483,Branch_6262,605,598,5.7231156641675724,1
5484,Branch_6263,606,595,5.76435323956652,1
5485,Branch_6264,609,582,5.14668039114771,1
5486,Branch_6265,610,583,5.14668039114771,1
5487,Branch_6266,611,585,5.137690094533498,1
5488,Branch_6267,612,615,23.668639053254438,1
5489,Branch_6268,600,584,5.515111405250386,1
5490,Branch_6269,600,616,10.799136069114471,1
5491,Branch_6270,614,616,140.64697609001408,1
5492,Branch_6271,617,616,15.59332605644784,1
5493,Branch_6272,214,706,581.3953488372093,1
5494,Branch_6273,214,706,581.3953488372093,1
5495,Branch_6274,5753,5801,106.60980810234541,1
5496,Branch_6275,6123,6122,4.580852038479157,1
5497,Branch_6276,6122,6598,2000.0,1
5498,Branch_6277,6122,6656,85.32423208191126,1
5499,Branch_6278,1493,1501,32.278889606197545,1
5500,Branch_6279,3961,5185,18.311664530305805,1
5501,Branch_6280,706,1090,55.46311702717693,1
5502,Branch_6281,706,1090,55.46311702717693,1
5503,Branch_6283,720,1459,684.931506849315,1
5504,Branch_6284,708,1459,751.8796992481203,1
5505,Branch_6285,596,597,1492.5373134328358,1
5506,Branch_6286,593,623,900.9009009009009,1
5507,Branch_6287,706,721,47.82400765184122,1
5508,Branch_6288,723,721,78.98894154818325,1
5509,Branch_6289,722,721,4.982064567556796,1
5510,Branch_6290,706,713,48.5201358563804,1
5511,Branch_6291,707,713,77.9423226812159,1
5512,Branch_6292,712,713,4.988277547762758,1
5513,Branch_6293,706,714,69.97900629811056,1
5514,Branch_6294,705,714,56.274620146314014,1
5515,Branch_6295,711,714,4.858142246404975,1
5516,Branch_6296,706,716,53.908355795148246,1
5517,Branch_6297,715,716,66.57789613848202,1
5518,Branch_6298,717,716,5.104645227156713,1
5519,Branch_6299,708,709,-390.625,1
5520,Branch_6300,706,709,54.824561403508774,1
5521,Branch_6302,710,709,9.828009828009828,1
5522,Branch_6303,720,718,-243.30900243309003,1
5523,Branch_6304,706,718,54.34782608695652,1
5524,Branch_6305,719,718,10.53518752633797,1
5525,Branch_6306,604,723,2000.0,1
5526,Branch_6307,604,715,2000.0,1
5527,Branch_6308,604,705,2000.0,1
5528,Branch_6309,604,707,2000.0,1
5529,Branch_6310,621,622,66.00660066006601,1
5530,Branch_6311,620,621,2000.0,1
5531,Branch_6312,590,596,7.267441860465116,1
5532,Branch_6313,594,598,40.32258064516129,1
5533,Branch_6314,587,594,9.48316737790422,1
5534,Branch_6315,588,594,9.48316737790422,1
5535,Branch_6316,589,594,9.48316737790422,1
5536,Branch_6317,590,594,9.48316737790422,1
5537,Branch_6318,591,595,10.51967178624027,1
5538,Branch_6319,592,595,11.89767995240928,1
5539,Branch_6320,593,595,11.89767995240928,1
5540,Branch_6321,3266,3961,11.494252873563218,1
5541,Branch_6322,123,1449,1612.9032258064517,1
5542,Branch_6323,123,171,1886.7924528301887,1
5543,Branch_6324,800,1044,303.030303030303,1
5544,Branch_6325,802,1361,564.9717514124294,1
5545,Branch_6326,801,1636,27.53303964757709,1
5546,Branch_6327,88,801,25.46473134708429,1
5547,Branch_6328,765,801,18.37897445322551,1
5548,Branch_6329,800,962,153.1393568147014,1
5549,Branch_6330,802,803,-331.12582781456956,1
5550,Branch_6331,800,803,57.870370370370374,1
5551,Branch_6332,804,803,10.449320794148381,1
5552,Branch_6333,71,906,285.7142857142857,1
5553,Branch_6334,906,938,133.5113484646195,1
5554,Branch_6337,4521,4785,17.768301350390903,1
5555,Branch_6338,4521,4724,1470.5882352941176,1
5556,Branch_6340,6993,7322,5.515719801434087,1
5557,Branch_6341,7000,7322,3.7509377344336086,1
5558,Branch_6342,2243,6759,15.223017202009439,1
5559,Branch_6343,5937,6759,15.812776723592663,1
5560,Branch_6344,521,931,162.07455429497568,1
5561,Branch_6345,522,931,164.74464579901152,1
5562,Branch_6346,521,1424,58.10575246949448,1
5563,Branch_6348,8967,8968,110.74197120708749,1
5564,Branch_6350,8964,8965,46.92632566870014,1
5565,Branch_6351,8967,8966,5.787037037037037,1
5566,Branch_6352,8964,8963,5.793742757821553,1
5567,Branch_6353,59,1638,55.09641873278237,1
5568,Branch_6354,59,1550,126.10340479192938,1
5569,Branch_6355,5063,5062,10.50309841403214,1
5570,Branch_6356,5063,5064,2000.0,1
5571,Branch_6357,16,18,-122.85012285012284,1
5572,Branch_6358,17,18,22.281639928698752,1
5573,Branch_6359,21,18,7.783918424534911,1
5574,Branch_6360,16,19,-129.5336787564767,1
5575,Branch_6361,17,19,16.79261125104954,1
5576,Branch_6362,20,19,6.628222973420826,1
5577,Branch_6363,16,952,24.752475247524753,1
5578,Branch_6364,16,1326,57.8368999421631,1
5579,Branch_6365,17,528,862.0689655172414,1
5580,Branch_6366,4093,4092,2.1114864864864864,1
5581,Branch_6367,7365,7723,2000.0,1
5582,Branch_6368,7362,7723,2000.0,1
5583,Branch_6369,7360,7723,2000.0,1
5584,Branch_6370,7365,7363,15.105740181268882,1
5585,Branch_6371,7362,7361,15.024038461538462,1
5586,Branch_6372,7360,7364,15.042117930204572,1
5587,Branch_6373,8045,8047,43.89815627743635,1
5588,Branch_6375,8045,8573,5.964451866873434,1
5589,Branch_6376,117,574,793.6507936507936,1
5590,Branch_6377,117,140,363.6363636363636,1
5591,Branch_6378,2216,2215,50.68423720223011,1
5592,Branch_6379,2216,2215,50.68423720223011,1
5593,Branch_6380,79,202,1851.851851851852,1
5594,Branch_6381,1514,1517,2000.0,1
5595,Branch_6382,1514,1516,2000.0,1
5596,Branch_6383,204,936,490.19607843137254,1
5597,Branch_6384,202,204,393.7007874015748,1
5598,Branch_6385,202,1516,341.29692832764505,1
5599,Branch_6386,203,936,425.531914893617,1
5600,Branch_6387,202,203,518.1347150259068,1
5601,Branch_6388,202,1517,381.6793893129771,1
5602,Branch_6389,203,1627,1369.86301369863,1
5603,Branch_6390,204,1628,1298.7012987012988,1
5604,Branch_6391,78,202,1851.851851851852,1
5605,Branch_6392,1514,1515,10.208248264597795,1
5606,Branch_6393,7038,7801,88.65248226950355,1
5607,Branch_6394,7476,7801,34.940600978336825,1
5608,Branch_6397,785,1645,277.0083102493075,1
5609,Branch_6398,784,1644,346.02076124567475,1
5610,Branch_6399,1416,1645,377.35849056603774,1
5611,Branch_6400,1643,1645,313.47962382445144,1
5612,Branch_6401,1642,1644,242.13075060532688,1
5613,Branch_6402,761,1644,131.06159895150722,1
5614,Branch_6403,5986,6026,31.34796238244514,1
5615,Branch_6404,770,1694,42.337002540220155,1
5616,Branch_6405,1840,2594,17.035775127768314,1
5617,Branch_6406,1820,2594,35.51136363636363,1
5618,Branch_6407,1797,2700,66.44518272425249,1
5619,Branch_6408,2465,2700,64.14368184733804,1
5620,Branch_6409,2080,2110,35.00175008750438,1
5621,Branch_6410,1820,2080,28.192839018889202,1
5622,Branch_6411,2233,7165,12.884937508053087,1
5623,Branch_6413,1969,2324,2000.0,1
5624,Branch_6414,1881,1969,69.39625260235947,1
5625,Branch_6415,1881,1969,69.39625260235947,1
5626,Branch_6416,764,868,256.4102564102564,1
5627,Branch_6417,1436,1648,273.224043715847,1
5628,Branch_6418,695,1648,128.8659793814433,1
5629,Branch_6419,6994,7390,155.76323987538942,1
5630,Branch_6420,6994,7390,173.3102253032929,1
5631,Branch_6421,7132,7131,20.408163265306122,1
5632,Branch_6422,7132,7731,497.5124378109453,1
5633,Branch_6423,7389,7390,2000.0,1
5634,Branch_6424,998,1624,1315.7894736842106,1
5635,Branch_6425,1624,1740,116.95906432748538,1
5636,Branch_6427,9146,9145,9.601536245799329,1
5637,Branch_6428,9146,9439,57.37234652897303,1
5638,Branch_6429,9145,9324,9.370314842578711,1
5639,Branch_6430,9145,9323,9.186954524575103,1
5640,Branch_6431,9145,9713,16.716817118020728,1
5641,Branch_6432,5437,5436,19.157088122605366,1
5642,Branch_6433,6281,6282,19.043991620643688,1
5643,Branch_6434,2359,2358,13.003901170351105,1
5644,Branch_6435,2318,2319,13.176966662274344,1
5645,Branch_6436,2317,2318,2000.0,1
5646,Branch_6437,2349,2348,13.689253935660506,1
5647,Branch_6438,2349,2350,2000.0,1
5648,Branch_6439,2948,3272,33.82949932341001,1
5649,Branch_6440,372,1214,71.27583749109051,1
5650,Branch_6441,1214,2501,46.468401486988846,1
5651,Branch_6442,7989,8460,704.2253521126761,1
5652,Branch_6443,8460,8458,17.577781683951486,1
5653,Branch_6444,8460,8459,15.482272797646694,1
5654,Branch_6445,6580,6581,2.6688017080330932,1
5655,Branch_6446,9144,9373,2000.0,1
5656,Branch_6447,576,781,227.27272727272728,1
5657,Branch_6448,575,780,220.7505518763797,1
5658,Branch_6449,576,1185,198.80715705765408,1
5659,Branch_6450,575,1186,202.83975659229208,1
5660,Branch_6451,6187,6271,15.271838729383017,1
5661,Branch_6453,5976,6187,3.2618977721238216,1
5662,Branch_6454,5672,5671,2.087246921310791,1
5663,Branch_6455,5673,5671,-55.248618784530386,1
5664,Branch_6456,5674,5671,2.189141856392294,1
5665,Branch_6459,9553,9716,729.92700729927,1
5666,Branch_6460,9553,9890,159.4896331738437,1
5667,Branch_6461,9525,9553,49.97501249375313,1
5668,Branch_6462,9525,9553,49.75124378109453,1
5669,Branch_6463,9547,9553,37.79289493575208,1
5670,Branch_6464,9547,9553,37.79289493575208,1
5671,Branch_6465,6169,6204,1315.7894736842106,1
5672,Branch_6466,637,1741,7.988496564946477,1
5673,Branch_6467,948,1040,26.096033402922757,1
5674,Branch_6468,668,1040,9.683354313934347,1
5675,Branch_6469,7159,7569,4.521613311629589,1
5676,Branch_6471,7158,7257,7.250580046403712,1
5677,Branch_6472,7158,7159,3.186743148502231,1
5678,Branch_6475,58,1322,121.65450121654501,1
5679,Branch_6476,58,325,104.9317943336831,1
5680,Branch_6477,57,122,72.3589001447178,1
5681,Branch_6478,56,58,359.71223021582733,1
5682,Branch_6479,55,57,364.963503649635,1
5683,Branch_6480,57,889,92.85051067780873,1
5684,Branch_6481,2792,4337,104.4932079414838,1
5685,Branch_6482,338,907,122.24938875305624,1
5686,Branch_6484,338,1747,2000.0,1
5687,Branch_6485,4336,5296,90.57971014492753,1
5688,Branch_6486,3263,4336,28.176951253874332,1
5689,Branch_6487,8947,8946,14.326647564469914,1
5690,Branch_6488,8712,8947,2000.0,1
5691,Branch_6489,9886,9885,16.65278934221482,1
5692,Branch_6490,8401,8479,33.818058843422385,1
5693,Branch_6491,8401,8402,19.398642095053347,1
5694,Branch_6492,8401,8410,2000.0,1
5695,Branch_6493,8523,8524,41.16920543433512,1
5696,Branch_6494,8389,8524,2000.0,1
5697,Branch_6495,8400,8523,56.882821387940844,1
5698,Branch_6496,7808,7812,2000.0,1
5699,Branch_6497,7812,7813,8.671522719389525,1
5700,Branch_6498,8397,8402,14.423770373575653,1
5701,Branch_6500,8186,8187,11.856770215793217,1
5702,Branch_6501,3046,3859,9.48676596148373,1
5703,Branch_6502,8005,8186,495.0495049504951,1
5704,Branch_6503,3046,3330,7.651694850409366,1
5705,Branch_6504,3046,9467,5.393743257820928,1
5706,Branch_6505,787,1241,25.393600812595228,1
5707,Branch_6506,6140,6199,28.677946659019213,1
5708,Branch_6507,6017,6140,5.593779716954747,1
5709,Branch_6509,6829,7614,50.505050505050505,1
5710,Branch_6510,5711,5713,69.44444444444444,1
5711,Branch_6511,5710,5713,74.01924500370096,1
5712,Branch_6512,5712,5713,4.8016901949486215,1
5713,Branch_6513,8236,8932,54.229934924078094,1
5714,Branch_6514,4848,4847,6.333924499619965,1
5715,Branch_6515,4848,4859,277.0083102493075,1
5716,Branch_6516,5997,5998,10.641694157709907,1
5717,Branch_6517,5997,6105,26.232948583420775,1
5718,Branch_6518,5998,6159,55.21811154058531,1
5719,Branch_6519,3459,4869,2000.0,1
5720,Branch_6520,3459,4869,2000.0,1
5721,Branch_6521,4323,4322,9.182736455463727,1
5722,Branch_6522,4327,4325,35.0754121360926,1
5723,Branch_6523,4322,4325,316.45569620253167,1
5724,Branch_6524,4326,4325,9.606147934678194,1
5725,Branch_6525,9514,9521,63.775510204081634,1
5726,Branch_6526,3921,4219,59.80861244019139,1
5727,Branch_6527,3331,4219,53.56186395286556,1
5728,Branch_6528,6888,6931,478.4688995215311,1
5729,Branch_6529,6931,6932,7.403568520026653,1
5730,Branch_6530,6931,6933,6.993006993006993,1
5731,Branch_6531,7007,7303,60.60606060606061,1
5732,Branch_6532,957,1618,76.51109410864575,1
5733,Branch_6533,637,957,12.042389210019268,1
5734,Branch_6534,694,957,89.28571428571429,1
5735,Branch_6535,5373,5723,8.071025020177563,1
5736,Branch_6536,1397,1618,4.799155348658636,1
5737,Branch_6537,5020,5019,170.64846416382252,1
5738,Branch_6538,5018,5019,8.408307407718826,1
5739,Branch_6539,5021,5019,8.408307407718826,1
5740,Branch_6540,47,48,7.432181345224824,1
5741,Branch_6541,1322,1323,2000.0,1
5742,Branch_6542,1197,1325,91.99632014719411,1
5743,Branch_6543,900,1325,182.14936247723134,1
5744,Branch_6544,902,1321,175.7469244288225,1
5745,Branch_6545,6890,7766,425.531914893617,1
5746,Branch_6546,6890,6891,9.152480322167307,1
5747,Branch_6547,6890,6892,9.063717937097797,1
5748,Branch_6548,1323,1543,63.371356147021544,1
5749,Branch_6549,1320,1325,2000.0,1
5750,Branch_6550,1321,1324,2000.0,1
5751,Branch_6551,1319,1323,2000.0,1
5752,Branch_6552,995,1322,50.0751126690035,1
5753,Branch_6553,3367,5006,26.35740643120717,1
5754,Branch_6554,5439,5567,2000.0,1
5755,Branch_6555,3607,3609,46.57661853749418,1
5756,Branch_6556,3605,3609,-478.4688995215311,1
5757,Branch_6557,3610,3609,8.92379082634303,1
5758,Branch_6558,3607,3608,826.4462809917355,1
5759,Branch_6559,3605,3608,45.47521600727603,1
5760,Branch_6560,3606,3608,23.51834430856068,1
5761,Branch_6561,5583,5769,19.18281220026856,1
5762,Branch_6562,7564,7657,210.9704641350211,1
5763,Branch_6563,7564,7752,11.144544745347153,1
5764,Branch_6564,325,841,39.52569169960474,1
5765,Branch_6565,6731,6730,4.231550440081246,1
5766,Branch_6566,6491,6731,302.11480362537765,1
5767,Branch_6567,4164,5134,60.024009603841534,1
5768,Branch_6568,4445,5134,11.75226231049477,1
5769,Branch_6569,4164,4591,680.2721088435375,1
5770,Branch_6570,6527,6666,200.80321285140562,1
5771,Branch_6571,6664,6666,70.92198581560284,1
5772,Branch_6573,4556,9531,2000.0,1
5773,Branch_6574,4556,4557,33.95585738539898,1
5774,Branch_6575,3864,4310,104.16666666666667,1
5775,Branch_6576,5625,5707,2000.0,1
5776,Branch_6577,6057,6241,16.276041666666668,1
5777,Branch_6579,6057,6525,4.8718698236383124,1
5778,Branch_6581,140,574,473.93364928909955,1
5779,Branch_6582,7070,7548,74.07407407407408,1
5780,Branch_6583,7548,7568,198.80715705765408,1
5781,Branch_6584,6925,7549,27.48763056624519,1
5782,Branch_6585,7269,7549,7.456009543692216,1
5783,Branch_6586,7042,7664,40.93327875562833,1
5784,Branch_6587,7042,7751,41.999160016799664,1
5785,Branch_6588,6994,7731,23.337222870478413,1
5786,Branch_6589,6434,6433,6.5359477124183005,1
5787,Branch_6590,6433,6434,9.950248756218906,1
5788,Branch_6591,6272,6434,87.03220191470844,1
5789,Branch_6592,5961,6433,6.014675808973896,1
5790,Branch_6593,8266,8563,12.007684918347742,1
5791,Branch_6594,8452,8563,22.099447513812155,1
5792,Branch_6595,6551,8563,26.281208935611037,1
5793,Branch_6596,282,961,40.98360655737705,1
5794,Branch_6597,9203,9334,9.902951079421667,1
5795,Branch_6598,8030,8120,9.91768322919766,1
5796,Branch_6599,8120,8308,13.317352510320948,1
5797,Branch_6600,9149,9203,22.36636099306643,1
5798,Branch_6602,4599,4613,2000.0,1
5799,Branch_6603,4295,4599,2000.0,1
5800,Branch_6604,4599,4751,15.105740181268882,1
5801,Branch_6605,4897,4898,6.104633416763323,1
5802,Branch_6606,4897,4899,14.70155836518671,1
5803,Branch_6607,951,1667,245.09803921568627,1
5804,Branch_6608,528,1667,1562.5,1
5805,Branch_6609,896,1667,125.15644555694618,1
5806,Branch_6610,3374,3376,33.32222592469177,1
5807,Branch_6611,3374,3375,33.32222592469177,1
5808,Branch_6612,755,1449,1694.915254237288,1
5809,Branch_6614,159,412,657.8947368421053,1
5810,Branch_6615,765,1379,24.73410833539451,1
5811,Branch_6616,765,1379,22.593764121102577,1
5812,Branch_6617,7703,7728,25.201612903225808,1
5813,Branch_6618,8889,8890,16.4257555847569,1
5814,Branch_6619,8889,8891,16.4257555847569,1
5815,Branch_6620,8877,8889,2000.0,1
5816,Branch_6621,5815,5861,23.980815347721823,1
5817,Branch_6622,1600,1693,100.10010010010011,1
5818,Branch_6625,999,1600,226.2443438914027,1
5819,Branch_6628,5122,9273,500.0,1
5820,Branch_6630,4439,4441,46.62004662004662,1
5821,Branch_6631,4440,4441,-473.93364928909955,1
5822,Branch_6632,4442,4441,8.992805755395684,1
5823,Branch_6633,4439,4443,46.59832246039143,1
5824,Branch_6634,4440,4443,-476.1904761904762,1
5825,Branch_6635,4444,4443,8.958165367732688,1
5826,Branch_6638,2817,2818,46.27487274409995,1
5827,Branch_6639,2819,2818,-460.8294930875576,1
5828,Branch_6640,2820,2818,9.00657479960371,1
5829,Branch_6641,2817,2822,46.27487274409995,1
5830,Branch_6642,2819,2822,-460.8294930875576,1
5831,Branch_6643,2821,2822,9.00657479960371,1
5832,Branch_6644,6842,6841,5.55926173004225,1
5833,Branch_6645,7629,7628,6.802721088435374,1
5834,Branch_6646,7997,8351,735.2941176470588,1
5835,Branch_6647,629,1413,73.20644216691069,1
5836,Branch_6648,1413,1409,12.373174956693887,1
5837,Branch_6649,1413,1409,8.788118463836893,1
5838,Branch_6650,1413,1409,9.479571523367143,1
5839,Branch_6651,1411,1401,4.563917666925288,1
5840,Branch_6652,1411,1402,4.563917666925288,1
5841,Branch_6653,1411,1403,4.558716265499635,1
5842,Branch_6654,1408,1406,12.379301807378065,1
5843,Branch_6655,1412,1410,13.672409078479628,1
5844,Branch_6656,1407,1404,2.39652982481367,1
5845,Branch_6657,1408,1404,3.150896430034345,1
5846,Branch_6658,1408,1404,3.108486167236556,1
5847,Branch_6659,1407,1405,1.9764017629503725,1
5848,Branch_6660,1407,1405,1.9764017629503725,1
5849,Branch_6661,1407,1405,2.0027638140634076,1
5850,Branch_6662,1407,1405,2.0298386278290876,1
5851,Branch_6663,5810,5811,26.63115845539281,1
5852,Branch_6664,5811,5812,43.10344827586207,1
5853,Branch_6665,5811,5828,41.16920543433512,1
5854,Branch_6666,5517,5669,2000.0,1
5855,Branch_6668,9026,9030,46.2962962962963,1
5856,Branch_6669,9025,9030,-458.7155963302752,1
5857,Branch_6670,9028,9030,8.933357155619081,1
5858,Branch_6671,9027,9031,46.2962962962963,1
5859,Branch_6672,9025,9031,-458.7155963302752,1
5860,Branch_6673,9029,9031,8.933357155619081,1
5861,Branch_6674,1080,1442,215.9827213822894,1
5862,Branch_6675,1152,1442,571.4285714285714,1
5863,Branch_6676,751,1442,2000.0,1
5864,Branch_6677,2318,2359,714.2857142857143,1
5865,Branch_6678,2283,2282,10.018032458425166,1
5866,Branch_6679,2276,2283,2000.0,1
5867,Branch_6680,7260,7503,16.142050040355127,1
5868,Branch_6681,7260,7627,63.05170239596469,1
5869,Branch_6682,2350,2429,2000.0,1
5870,Branch_6683,2227,2429,50.607287449392715,1
5871,Branch_6684,1782,2429,112.99435028248588,1
5872,Branch_6685,2429,2580,53.821313240043054,1
5873,Branch_6686,2247,2429,19.029495718363464,1
5874,Branch_6687,1954,2656,19.654088050314467,1
5875,Branch_6688,2656,2757,20.554984583761563,1
5876,Branch_6689,1928,1954,15.693659761456372,1
5877,Branch_6690,2555,2592,145.5604075691412,1
5878,Branch_6691,2521,2592,1694.915254237288,1
5879,Branch_6692,2521,2592,1449.2753623188405,1
5880,Branch_6693,1923,2592,294.11764705882354,1
5881,Branch_6694,1882,2227,24.919013207077,1
5882,Branch_6698,3124,4348,2000.0,1
5883,Branch_6699,3124,4344,232.0185614849188,1
5884,Branch_6700,7094,7796,26.469031233456857,1
5885,Branch_6701,7063,7094,54.34782608695652,1
5886,Branch_6702,7317,7320,1.2196311835301006,1
5887,Branch_6703,7317,7319,1.2225536701061177,1
5888,Branch_6704,7317,7318,1.2226284065483977,1
5889,Branch_6705,7094,7317,48.33252779120348,1
5890,Branch_6706,7094,7317,48.33252779120348,1
5891,Branch_6707,6989,6990,9.165902841429881,1
5892,Branch_6708,6990,7245,12.399256044637323,1
5893,Branch_6709,6989,7037,5.347307630607989,1
5894,Branch_6710,6990,7181,10.855405992184108,1
5895,Branch_6711,6989,6991,662.2516556291391,1
5896,Branch_6712,6991,6992,168.35016835016836,1
5897,Branch_6713,2911,4484,73.52941176470588,1
5898,Branch_6714,2911,4351,30.303030303030305,1
5899,Branch_6715,1182,1632,166.66666666666666,1
5900,Branch_6716,7029,7268,6.701065469409636,1
5901,Branch_6717,671,7268,4.5551860793513415,1
5902,Branch_6718,1240,1632,421.9409282700422,1
5903,Branch_6719,8374,8633,87.48906386701663,1
5904,Branch_6723,5804,5833,2000.0,1
5905,Branch_6724,639,1205,26.75943270002676,1
5906,Branch_6725,1205,1768,83.82229673093043,1
5907,Branch_6726,459,1205,2000.0,1
5908,Branch_6727,864,1205,145.1378809869376,1
5909,Branch_6728,798,1205,625.0,1
5910,Branch_6729,3502,3503,6.079027355623101,1
5911,Branch_6732,697,1610,46.18937644341801,1
5912,Branch_6733,8265,8287,37.5234521575985,1
5913,Branch_6734,72,926,216.91973969631238,1
5914,Branch_6735,72,1575,106.83760683760684,1
5915,Branch_6737,228,229,2000.0,1
5916,Branch_6738,228,227,13.106159895150721,1
5917,Branch_6742,4891,4892,10.60220525869381,1
5918,Branch_6743,4891,4893,10.501995379122032,1
5919,Branch_6744,6557,6560,18.315018315018314,1
5920,Branch_6745,6555,6558,15.28117359413203,1
5921,Branch_6746,6556,6559,15.377518068583731,1
5922,Branch_6747,6623,6622,10.002000400080016,1
5923,Branch_6748,5942,6123,216.45021645021646,1
5924,Branch_6749,5942,6196,5.443658138268916,1
5925,Branch_6750,5942,6314,3.5486160397444997,1
5926,Branch_6751,5667,5668,72.41129616220131,1
5927,Branch_6752,5665,5668,72.41129616220131,1
5928,Branch_6753,5666,5668,-72.41129616220131,1
5929,Branch_6754,3410,3408,12.363996043521267,1
5930,Branch_6755,6536,6682,94.5179584120983,1
5931,Branch_6756,6682,6738,174.52006980802793,1
5932,Branch_6757,4889,4890,12.009126936471718,1
5933,Branch_6758,4868,4889,321.54340836012864,1
5934,Branch_6761,6454,6455,2000.0,1
5935,Branch_6762,4370,6456,847.457627118644,1
5936,Branch_6763,4944,4942,15.420200462606013,1
5937,Branch_6764,4944,4943,8.862105636299185,1
5938,Branch_6765,4944,4945,16.803898504453034,1
5939,Branch_6766,2509,2508,3.486750348675035,1
5940,Branch_6767,3543,3589,66.75567423230974,1
5941,Branch_6768,7888,7885,17.24435247456458,1
5942,Branch_6769,7886,7885,17.24435247456458,1
5943,Branch_6770,7885,7890,7.754943776657619,1
5944,Branch_6771,7885,7891,7.814942169427947,1
5945,Branch_6772,7885,7887,7.754943776657619,1
5946,Branch_6776,8934,8933,7.767593599502874,1
5947,Branch_6777,4075,4076,4.492362982929021,1
5948,Branch_6778,6619,6620,8.031483414986749,1
5949,Branch_6779,6619,6621,8.065817067268915,1
5950,Branch_6780,6491,6619,45.78754578754579,1
5951,Branch_6781,52,639,196.8503937007874,1
5952,Branch_6782,639,743,54.525627044711015,1
5953,Branch_6783,639,744,55.46311702717693,1
5954,Branch_6784,639,1394,30.816640986132512,1
5955,Branch_6785,639,979,54.17118093174431,1
5956,Branch_6786,176,175,14.291839359725596,1
5957,Branch_6787,5959,5985,19.297568506368197,1
5958,Branch_6788,744,1570,57.93742757821553,1
5959,Branch_6789,9108,9122,1176.4705882352941,1
5960,Branch_6790,9716,9717,13.368983957219251,1
5961,Branch_6791,9716,9718,13.502565487442615,1
5962,Branch_6792,1494,1499,12.95001295001295,1
5963,Branch_6794,1494,1497,5.313496280552604,1
5964,Branch_6797,1488,1481,10.81665765278529,1
5965,Branch_6798,1488,1480,10.616838305552607,1
5966,Branch_6799,1488,1482,10.763104079216445,1
5967,Branch_6800,1488,1484,10.626992561105208,1
5968,Branch_6802,1488,1487,9.230201218386561,1
5969,Branch_6803,1488,1486,7.763372408974458,1
5970,Branch_6804,1488,1478,12.936610608020699,1
5971,Branch_6805,1490,1485,9.685230024213075,1
5972,Branch_6806,1489,1485,9.933445912387008,1
5973,Branch_6807,1485,1509,26.31578947368421,1
5974,Branch_6808,1476,1509,3.067484662576687,1
5975,Branch_6809,1477,1509,3.058103975535168,1
5976,Branch_6810,1503,1504,10.001000100010002,1
5977,Branch_6811,1502,1504,10.001000100010002,1
5978,Branch_6812,1504,1505,5.000250012500625,1
5979,Branch_6813,1504,1506,12.048192771084338,1
5980,Branch_6814,1504,1507,12.048192771084338,1
5981,Branch_6815,1485,1508,11.574074074074074,1
5982,Branch_6816,1477,1508,5.87820362097343,1
5983,Branch_6817,1476,1508,5.906325674797708,1
5984,Branch_6818,1223,1485,102.56410256410257,1
5985,Branch_6819,627,1485,21.427040925648168,1
5986,Branch_6820,8260,8263,50.25125628140704,1
5987,Branch_6821,3294,3296,46.57661853749418,1
5988,Branch_6822,3293,3296,-480.7692307692308,1
5989,Branch_6823,3295,3296,9.01144453455889,1
5990,Branch_6824,6216,6438,1818.1818181818182,1
5991,Branch_6825,5975,6438,6.421782686873876,1
5992,Branch_6826,3124,3919,333.3333333333333,1
5993,Branch_6827,77,534,4.84027105517909,1
5994,Branch_6828,3919,4413,384.61538461538464,1
5995,Branch_6829,52,470,55.80357142857143,1
5996,Branch_6830,124,1231,60.93845216331505,1
5997,Branch_6831,8236,9014,2000.0,1
5998,Branch_6832,7712,7711,16.005121638924457,1
5999,Branch_6833,7709,7711,384.61538461538464,1
6000,Branch_6834,7710,7711,39.43217665615142,1
6001,Branch_6835,7124,7710,54.7645125958379,1
6002,Branch_6836,7124,7710,54.7645125958379,1
6003,Branch_6837,9485,9662,58.78894767783657,1
6004,Branch_6838,9662,9857,74.46016381236039,1
6005,Branch_6839,7823,7821,10.529640939243972,1
6006,Branch_6840,7823,7822,10.529640939243972,1
6007,Branch_6841,6919,7823,454.54545454545456,1
6008,Branch_6842,3966,4268,68.72852233676976,1
6009,Branch_6843,4271,4268,6.031363088057901,1
6010,Branch_6844,4270,4268,5.0208364713561275,1
6011,Branch_6845,4270,5172,17.7999288002848,1
6012,Branch_6846,2882,4268,25.131942699170647,1
6013,Branch_6847,2022,2697,61.95786864931846,1
6014,Branch_6848,1931,1933,59.523809523809526,1
6015,Branch_6849,1931,1932,43.89815627743635,1
6016,Branch_6850,2432,2433,40.600893219650835,1
6017,Branch_6851,7001,7295,90.33423667570008,1
6018,Branch_6852,225,739,134.77088948787062,1
6019,Branch_6854,739,1673,165.8374792703151,1
6020,Branch_6855,1363,1364,5.720823798627002,1
6021,Branch_6856,1919,1995,66.35700066357,1
6022,Branch_6857,5363,5361,14.57301078402798,1
6023,Branch_6858,5363,5364,14.57301078402798,1
6024,Branch_6859,5363,5362,15.6128024980484,1
6025,Branch_6860,5358,5357,14.330753797649756,1
6026,Branch_6861,5358,5359,14.3000143000143,1
6027,Branch_6862,5358,5360,15.5448468832582,1
6028,Branch_6863,6264,6263,3.5855145213338115,1
6029,Branch_6864,6078,6106,7.548309178743962,1
6030,Branch_6865,7171,7174,7.224389539083948,1
6031,Branch_6866,7174,7477,1.1098163253981466,1
6032,Branch_6867,7174,7468,2.355601620653915,1
6033,Branch_6868,7056,7495,1.6270745200130166,1
6034,Branch_6869,5617,5679,124.84394506866417,1
6035,Branch_6870,8082,8265,18.618506795754982,1
6036,Branch_6871,8265,8266,7.110858280594468,1
6037,Branch_6872,7162,7713,5.151187348683871,1
6038,Branch_6873,5934,6108,1.6984272563606102,1
6039,Branch_6874,7097,7170,3.250975292587776,1
6040,Branch_6875,951,1261,141.44271570014143,1
6041,Branch_6876,3317,3323,12.169891687963977,1
6042,Branch_6877,3317,3322,12.192148256522799,1
6043,Branch_6878,3317,3318,12.169891687963977,1
6044,Branch_6879,3320,3326,12.112403100775193,1
6045,Branch_6880,3320,3325,12.19958521410272,1
6046,Branch_6881,3320,3321,12.135922330097088,1
6047,Branch_6882,3317,3319,27.878449958182326,1
6048,Branch_6883,3320,3324,27.808676307007786,1
6049,Branch_6884,3210,5174,2000.0,1
6050,Branch_6885,9173,9279,125.31328320802005,1
6051,Branch_6886,9187,9279,48.59086491739553,1
6052,Branch_6887,7590,7645,47.37091425864519,1
6053,Branch_6888,7003,7590,40.22526146419952,1
6054,Branch_6889,6943,7590,251.88916876574308,1
6055,Branch_6890,6941,7590,251.88916876574308,1
6056,Branch_6891,6942,7590,251.88916876574308,1
6057,Branch_6892,6940,6943,14.36988072998994,1
6058,Branch_6893,6939,6941,13.904338153503893,1
6059,Branch_6894,6938,6942,13.827433628318584,1
6060,Branch_6895,6106,6261,5.406282099799967,1
6061,Branch_6896,6106,6214,1.9062869343093523,1
6062,Branch_6897,8340,8341,2000.0,1
6063,Branch_6898,3978,4641,31.240237425804438,1
6064,Branch_6899,2902,3737,82.57638315441784,1
6065,Branch_6900,3454,3630,31.055900621118013,1
6066,Branch_6901,3465,4553,13.35291761249833,1
6067,Branch_6902,9899,9897,16.655562958027982,1
6068,Branch_6903,9899,9898,16.655562958027982,1
6069,Branch_6905,162,1607,225.22522522522522,1
6070,Branch_6910,162,165,2000.0,1
6071,Branch_6912,107,162,110.13215859030836,1
6072,Branch_6913,1328,1733,103.62694300518135,1
6073,Branch_6914,9307,9308,54.112554112554115,1
6074,Branch_6915,9306,9308,101.9367991845056,1
6075,Branch_6916,9309,9308,6.914194842010648,1
6076,Branch_6917,6418,6520,2000.0,1
6077,Branch_6918,6418,6714,25.4000508001016,1
6078,Branch_6919,6191,6418,88.41732979664015,1
6079,Branch_6922,8062,8061,5.887894488930758,1
6080,Branch_6923,8061,8073,9.92950054612253,1
6081,Branch_6924,7932,8062,14.351320321469576,1
6082,Branch_6925,6348,6507,69.25207756232687,1
6083,Branch_6926,6022,6579,73.04601899196494,1
6084,Branch_6927,6007,6023,53.648068669527895,1
6085,Branch_6928,6022,6023,2000.0,1
6086,Branch_6929,5403,5722,2000.0,1
6087,Branch_6930,5722,5720,42.24757076468103,1
6088,Branch_6931,5722,5721,42.24757076468103,1
6089,Branch_6932,5722,5719,42.24757076468103,1
6090,Branch_6933,5722,5718,75.7002271006813,1
6091,Branch_6934,8179,8178,7.523888345496953,1
6092,Branch_6935,8178,8539,9.609840476648088,1
6093,Branch_6936,8178,8323,12.493753123438282,1
6094,Branch_6937,8236,8538,17.01258931609391,1
6095,Branch_6938,4662,4661,12.750223128904755,1
6096,Branch_6939,4662,4667,183.4862385321101,1
6097,Branch_6940,4104,5325,122.85012285012284,1
6098,Branch_6941,809,830,50.70993914807302,1
6099,Branch_6942,687,810,51.94805194805195,1
6100,Branch_6943,810,811,2000.0,1
6101,Branch_6944,809,921,96.15384615384616,1
6102,Branch_6945,699,809,35.1000351000351,1
6103,Branch_6946,7261,7453,27.51031636863824,1
6104,Branch_6947,449,470,88.49557522123894,1
6105,Branch_6949,502,1398,10.902747492368077,1
6106,Branch_6950,229,1100,1818.1818181818182,1
6107,Branch_6951,7636,7709,12.49843769528809,1
6108,Branch_6952,8847,8846,9.901970492127933,1
6109,Branch_6953,8847,8855,2000.0,1
6110,Branch_6954,1369,1530,28.256569652444192,1
6111,Branch_6955,1367,1369,117.37089201877934,1
6112,Branch_6956,1368,1370,118.48341232227489,1
6113,Branch_6957,883,1369,144.92753623188406,1
6114,Branch_6958,883,1370,144.3001443001443,1
6115,Branch_6959,743,1064,47.68717215069147,1
6116,Branch_6960,242,1064,86.20689655172414,1
6117,Branch_6961,1973,2555,61.652281134401974,1
6118,Branch_6962,2281,2555,43.196544276457885,1
6119,Branch_6963,1069,1616,102.6694045174538,1
6120,Branch_6964,166,727,175.43859649122808,1
6121,Branch_6966,768,1327,89.04719501335708,1
6122,Branch_6967,1132,1327,35.373187124159884,1
6123,Branch_6968,866,1069,59.523809523809526,1
6124,Branch_6969,632,1296,17.88908765652952,1
6125,Branch_6970,1072,1202,25.374270489723422,1
6126,Branch_6972,1202,1296,285.7142857142857,1
6127,Branch_6973,686,1180,366.3003663003663,1
6128,Branch_6974,643,1393,507.61421319796955,1
6129,Branch_6975,53,1393,77.88161993769471,1
6130,Branch_6976,643,1529,352.11267605633805,1
6131,Branch_6977,1208,1529,352.11267605633805,1
6132,Branch_6978,686,1393,568.1818181818181,1
6133,Branch_6979,1119,1393,93.02325581395348,1
6134,Branch_6980,1120,1393,93.98496240601504,1
6135,Branch_6981,290,841,14.757969303423849,1
6136,Branch_6982,290,1180,92.42144177449168,1
6137,Branch_6983,686,1180,185.1851851851852,1
6138,Branch_6984,686,790,1562.5,1
6139,Branch_6985,790,1208,86.35578583765113,1
6140,Branch_6986,290,841,14.723203769140165,1
6141,Branch_6987,290,866,228.83295194508008,1
6142,Branch_6988,866,1180,108.69565217391305,1
6143,Branch_6989,252,841,86.80555555555556,1
6144,Branch_6991,1202,1246,35.62522265764161,1
6145,Branch_6992,1791,2598,263.1578947368421,1
6146,Branch_6993,2598,2749,144.0922190201729,1
6147,Branch_6994,1898,2325,99.2063492063492,1
6148,Branch_6995,2268,2325,133.86880856760374,1
6149,Branch_6996,741,1252,49.26108374384236,1
6150,Branch_6997,1252,1641,54.34782608695652,1
6151,Branch_6998,51,1252,925.925925925926,1
6152,Branch_6999,1277,1630,279.3296089385475,1
6153,Branch_7000,1228,1630,246.30541871921181,1
6154,Branch_7001,1207,1641,67.47638326585695,1
6155,Branch_7002,126,1641,192.67822736030828,1
6156,Branch_7003,125,126,454.54545454545456,1
6157,Branch_7004,125,1184,454.54545454545456,1
6158,Branch_7005,125,1689,2000.0,1
6159,Branch_7006,1207,1228,67.56756756756756,1
6160,Branch_7007,1228,1564,58.51375073142189,1
6161,Branch_7008,1110,1564,60.31363088057901,1
6162,Branch_7012,1216,1277,257.7319587628866,1
6163,Branch_7013,1179,1216,18.115942028985508,1
6164,Branch_7014,1110,1216,143.47202295552367,1
6165,Branch_7015,724,1179,16.31055292774425,1
6166,Branch_7016,44,1179,110.49723756906077,1
6167,Branch_7017,44,1329,93.45794392523365,1
6168,Branch_7018,741,1471,56.78591709256104,1
6169,Branch_7019,1448,1471,510.2040816326531,1
6170,Branch_7020,741,1329,42.42681374628766,1
6171,Branch_7022,1070,1560,78.36990595611286,1
6172,Branch_7023,1560,1609,11.771630370806356,1
6173,Branch_7024,167,1609,137.7410468319559,1
6174,Branch_7025,1110,1527,105.9322033898305,1
6175,Branch_7026,1247,1362,454.54545454545456,1
6176,Branch_7027,1362,1626,704.2253521126761,1
6177,Branch_7028,1218,1626,95.60229445506693,1
6178,Branch_7031,1110,1527,90.00900090009002,1
6179,Branch_7032,2550,2551,3.5855145213338115,1
6180,Branch_7033,53,841,76.4525993883792,1
6181,Branch_7034,9142,9150,13.119916032537391,1
6182,Branch_7035,9142,9325,9.980039920159681,1
6183,Branch_7036,6721,6722,15.832805573147562,1
6184,Branch_7037,6721,6723,6.892748828232699,1
6185,Branch_7038,6686,6721,2000.0,1
6186,Branch_7039,412,414,2000.0,1
6187,Branch_7040,127,412,11.67269756040621,1
6188,Branch_7041,324,323,6.70510929328148,1
6189,Branch_7042,7262,7731,114.41647597254004,1
6190,Branch_7043,960,1395,18.214936247723134,1
6191,Branch_7044,1037,1395,25.012506253126563,1
6192,Branch_7045,2490,2491,32.32062055591467,1
6193,Branch_7046,2490,2491,32.701111837802486,1
6194,Branch_7047,273,794,213.21961620469082,1
6195,Branch_7048,7197,7198,9.090909090909092,1
6196,Branch_7049,6839,7198,23.860653781913623,1
6197,Branch_7050,7197,7286,10.629251700680273,1
6198,Branch_7051,7063,7198,14.766686355581808,1
6199,Branch_7055,1802,2491,2000.0,1
6200,Branch_7056,1802,2491,2000.0,1
6201,Branch_7057,7529,7533,104.82180293501048,1
6202,Branch_7058,6998,7533,41.339396444811904,1
6203,Branch_7059,7183,7533,40.11231448054553,1
6204,Branch_7060,7397,7530,105.26315789473684,1
6205,Branch_7061,6864,7397,17.6056338028169,1
6206,Branch_7062,7168,7397,79.23930269413628,1
6207,Branch_7063,7529,7531,2000.0,1
6208,Branch_7064,3454,4385,8.547008547008547,1
6209,Branch_7066,9567,9568,-49.6031746031746,1
6210,Branch_7068,9569,9674,178.57142857142858,1
6211,Branch_7069,645,1427,135.13513513513513,1
6212,Branch_7070,644,1427,113.37868480725623,1
6213,Branch_7071,644,828,23.82654276864427,1
6214,Branch_7072,644,791,72.67441860465117,1
6215,Branch_7073,645,646,2000.0,1
6216,Branch_7074,645,883,9.686168151879116,1
6217,Branch_7075,1045,1048,23.803856224708404,1
6218,Branch_7076,1048,1050,2000.0,1
6219,Branch_7077,753,1047,8.690362388111584,1
6220,Branch_7078,1044,1546,263.85224274406335,1
6221,Branch_7079,1044,1546,263.85224274406335,1
6222,Branch_7080,538,1048,70.0280112044818,1
6223,Branch_7081,536,1045,70.17543859649123,1
6224,Branch_7082,1051,1361,45.02476361999099,1
6225,Branch_7083,1051,1092,56.40157924421884,1
6226,Branch_7084,1048,1629,77.51937984496124,1
6227,Branch_7085,1048,1580,390.625,1
6228,Branch_7086,1048,1581,398.40637450199205,1
6229,Branch_7087,962,1044,304.8780487804878,1
6230,Branch_7088,865,1048,74.57121551081282,1
6231,Branch_7089,1051,1152,105.3740779768177,1
6232,Branch_7090,1045,1153,107.87486515641855,1
6233,Branch_7091,1047,1133,10.978153474585575,1
6234,Branch_7092,1045,1057,211.41649048625794,1
6235,Branch_7093,1044,1057,101.7293997965412,1
6236,Branch_7095,1060,1057,12.026458208057727,1
6237,Branch_7096,1051,1058,-248.75621890547265,1
6238,Branch_7097,1044,1058,54.614964500273075,1
6239,Branch_7099,1061,1058,10.580890911014707,1
6240,Branch_7100,1047,1059,13.252054068380598,1
6241,Branch_7101,1051,1059,-25.284450063211125,1
6242,Branch_7102,1062,1059,3.372795035245708,1
6243,Branch_7103,1049,1041,6.527415143603133,1
6244,Branch_7104,1055,1041,6.559958016268696,1
6245,Branch_7105,1050,1041,136.986301369863,1
6246,Branch_7106,1054,1042,5.02411575562701,1
6247,Branch_7107,1043,1042,5.094762584063583,1
6248,Branch_7108,1050,1042,-27.070925825663238,1
6249,Branch_7109,1052,1046,5.024368185700648,1
6250,Branch_7110,1053,1046,5.111690436027194,1
6251,Branch_7111,1050,1046,-29.086678301337987,1
6252,Branch_7112,7010,7177,56.40157924421884,1
6253,Branch_7113,5475,5575,102.35414534288638,1
6254,Branch_7115,3194,3619,99.60159362549801,1
6255,Branch_7116,9295,9320,40.783034257748774,1
6256,Branch_7117,3282,4141,47.66444232602478,1
6257,Branch_7118,2070,2251,152.9051987767584,1
6258,Branch_7119,2251,2501,39.714058776806986,1
6259,Branch_7120,7193,7648,16.142050040355127,1
6260,Branch_7121,7193,7192,17.31301939058172,1
6261,Branch_7122,7192,7528,39.21568627450981,1
6262,Branch_7123,4218,4222,8.021819348628268,1
6263,Branch_7124,7175,7192,49.382716049382715,1
6264,Branch_7125,7193,7524,61.34969325153374,1
6265,Branch_7126,7051,7528,8.361204013377927,1
6266,Branch_7128,1605,1607,84.10428931875526,1
6267,Branch_7129,328,1607,68.58710562414267,1
6268,Branch_7130,75,756,48.99559039686428,1
6269,Branch_7131,75,377,105.04201680672269,1
6270,Branch_7133,73,75,56.49717514124294,1
6271,Branch_7135,7715,7771,89.76660682226212,1
6272,Branch_7136,7053,7771,106.38297872340425,1
6273,Branch_7137,5475,5479,28.735632183908045,1
6274,Branch_7138,5474,5479,-120.48192771084338,1
6275,Branch_7139,5476,5479,4.477077363896848,1
6276,Branch_7140,5475,5480,31.436655139893116,1
6277,Branch_7141,5474,5480,-546.448087431694,1
6278,Branch_7142,5481,5480,9.991008092716555,1
6279,Branch_7143,5475,5478,30.693677102516883,1
6280,Branch_7144,5474,5478,-381.6793893129771,1
6281,Branch_7145,5477,5478,10.903936321011885,1
6282,Branch_7146,5474,5554,173.61111111111111,1
6283,Branch_7147,3183,5475,30.656039239730227,1
6284,Branch_7148,3183,5475,30.571690614490983,1
6285,Branch_7149,2570,2568,12.504689258471927,1
6286,Branch_7150,2570,2569,12.408487405385284,1
6287,Branch_7151,2570,2571,34.02517863218782,1
6288,Branch_7152,2345,2344,9.032607713846987,1
6289,Branch_7153,2278,2345,2000.0,1
6290,Branch_7154,7189,7607,110.13215859030836,1
6291,Branch_7155,7189,7607,110.01100110011001,1
6292,Branch_7156,6832,7607,41.49377593360996,1
6293,Branch_7157,7314,7607,57.37234652897303,1
6294,Branch_7158,7315,7607,38.328861632809506,1
6295,Branch_7159,7607,7608,2000.0,1
6296,Branch_7160,7607,7609,2000.0,1
6297,Branch_7161,6840,7607,67.24949562878278,1
6298,Branch_7162,2261,2743,2000.0,1
6299,Branch_7163,2261,2743,2000.0,1
6300,Branch_7164,2744,2745,57.77007510109763,1
6301,Branch_7165,2743,2745,-746.2686567164179,1
6302,Branch_7166,2748,2745,6.9993700566948975,1
6303,Branch_7167,2744,2746,56.433408577878104,1
6304,Branch_7168,2743,2746,-584.7953216374269,1
6305,Branch_7169,2747,2746,6.675567423230975,1
6306,Branch_7170,6260,6262,4.84824978182876,1
6307,Branch_7171,7237,7724,4.988775255674732,1
6308,Branch_7172,9256,9630,1587.3015873015872,1
6309,Branch_7173,9314,9500,51.41388174807198,1
6310,Branch_7174,9333,9500,3.8797284190106693,1
6311,Branch_7175,8885,9038,2000.0,1
6312,Branch_7176,8839,9038,211.41649048625794,1
6313,Branch_7177,8840,9038,1785.7142857142858,1
6314,Branch_7178,8840,9090,2000.0,1
6315,Branch_7179,6960,6959,7.046223224351747,1
6316,Branch_7180,6960,7593,2000.0,1
6317,Branch_7181,3064,3089,3.3261267254282387,1
6318,Branch_7182,417,806,94.07337723424271,1
6319,Branch_7183,417,1569,30.665440049064703,1
6320,Branch_7184,417,425,2000.0,1
6321,Branch_7185,2722,2721,8.055421298533913,1
6322,Branch_7186,5265,5289,5.06482982171799,1
6323,Branch_7187,234,261,135.31799729364005,1
6324,Branch_7188,261,1459,120.33694344163658,1
6325,Branch_7190,6104,6477,3.9184952978056424,1
6326,Branch_7191,5941,6104,14.667057788207686,1
6327,Branch_7192,822,1427,448.4304932735426,1
6328,Branch_7193,821,1427,448.4304932735426,1
6329,Branch_7194,3522,3621,45.537340619307834,1
6330,Branch_7195,9437,9438,6.761325219743069,1
6331,Branch_7197,3522,3520,9.017132551848512,1
6332,Branch_7198,3521,3520,-109.89010989010988,1
6333,Branch_7199,3523,3520,3.0609121518212428,1
6334,Branch_7200,3522,3518,9.68054211035818,1
6335,Branch_7201,3519,3518,178.57142857142858,1
6336,Branch_7202,3524,3518,3.248862897985705,1
6337,Branch_7203,1182,1594,2000.0,1
6338,Branch_7204,5892,5897,2000.0,1
6339,Branch_7205,5897,5898,10.584250635055039,1
6340,Branch_7206,7754,7816,202.83975659229208,1
6341,Branch_7207,7754,7755,2000.0,1
6342,Branch_7208,7754,7756,2000.0,1
6343,Branch_7209,6918,7754,58.89281507656066,1
6344,Branch_7210,581,1223,13.877324451845684,1
6345,Branch_7211,4903,4902,6.68851581833991,1
6346,Branch_7212,4886,4903,2000.0,1
6347,Branch_7213,6742,6762,3.3348896151537386,1
6348,Branch_7214,1828,1829,4.13992962119644,1
6349,Branch_7215,7970,8320,3.585385966799326,1
6350,Branch_7216,9156,9821,5.395489370885939,1
6351,Branch_7217,9905,9903,9.46880030300161,1
6352,Branch_7218,9905,9904,6.601531555320834,1
6353,Branch_7219,5378,5844,14.515894904920888,1
6354,Branch_7220,6663,6661,8.014104824491104,1
6355,Branch_7221,6663,6662,8.084074373484237,1
6356,Branch_7222,6619,6663,36.50967506389193,1
6357,Branch_7223,9320,9371,2000.0,1
6358,Branch_7224,1117,1120,1000.0,1
6359,Branch_7225,1117,1119,1000.0,1
6360,Branch_7226,9622,9662,2000.0,1
6361,Branch_7227,9622,9621,11.363636363636363,1
6362,Branch_7228,1094,1382,328.94736842105266,1
6363,Branch_7231,136,1383,261.0966057441253,1
6364,Branch_7232,1382,1383,2000.0,1
6365,Branch_7233,1382,1384,2000.0,1
6366,Branch_7235,9617,9615,10.50089257586895,1
6367,Branch_7236,9617,9616,10.50089257586895,1
6368,Branch_7237,9613,9612,10.498687664041995,1
6369,Branch_7238,9613,9614,10.498687664041995,1
6370,Branch_7239,2356,2387,2000.0,1
6371,Branch_7240,2387,2386,4.669406051550243,1
6372,Branch_7241,9141,9533,14.273479874393377,1
6373,Branch_7242,9141,9191,12.307692307692308,1
6374,Branch_7243,9141,9161,5.050249987374375,1
6375,Branch_7244,9571,9673,84.38818565400844,1
6376,Branch_7245,9547,9571,19.86491855383393,1
6377,Branch_7246,9547,9571,19.9203187250996,1
6378,Branch_7247,3676,3757,5.161823155938677,1
6379,Branch_7248,3417,3757,512.8205128205128,1
6380,Branch_7249,2858,3874,151.9756838905775,1
6381,Branch_7250,2858,4742,42.918454935622314,1
6382,Branch_7251,4515,4525,98.61932938856016,1
6383,Branch_7252,4708,5151,115.47344110854503,1
6384,Branch_7253,5152,5311,240.96385542168676,1
6385,Branch_7254,3286,5311,7.549448890231013,1
6386,Branch_7255,8885,8883,9.79431929480901,1
6387,Branch_7256,8885,8884,9.782821365681862,1
6388,Branch_7257,5036,5038,6.741724533135576,1
6389,Branch_7258,5036,5037,6.741724533135576,1
6390,Branch_7259,2878,5036,59.630292188431724,1
6391,Branch_7260,2,988,27.3224043715847,1
6392,Branch_7262,726,988,3.5998416069692936,1
6393,Branch_7263,3915,5037,4.425170369059209,1
6394,Branch_7264,7392,7492,10.396091069757771,1
6395,Branch_7265,5036,5185,26.73082063619353,1
6396,Branch_7266,7509,7566,7.817997029161129,1
6397,Branch_7267,5463,5474,20.55076037813399,1
6398,Branch_7268,5463,5808,97.75171065493646,1
6399,Branch_7269,3458,4560,56.85048322910745,1
6400,Branch_7270,3458,4561,38.095238095238095,1
6401,Branch_7271,5463,5776,133.86880856760374,1
6402,Branch_7273,4663,4861,37.764350453172206,1
6403,Branch_7274,9854,9855,6.636580833554553,1
6404,Branch_7275,9854,9856,7.8277886497064575,1
6405,Branch_7279,7069,7772,63.57279084551812,1
6406,Branch_7280,6937,7772,127.2264631043257,1
6407,Branch_7281,7772,7773,2000.0,1
6408,Branch_7282,4853,4854,8.203445447087777,1
6409,Branch_7283,4850,4853,2000.0,1
6410,Branch_7284,3416,3418,21.159542953872197,1
6411,Branch_7285,3416,3417,10.882576994232235,1
6412,Branch_7286,5444,5752,107.52688172043011,1
6413,Branch_7287,3237,3236,4.911591355599214,1
6414,Branch_7288,4354,4359,23.540489642184557,1
6415,Branch_7289,4355,4360,41.736227045075125,1
6416,Branch_7290,4355,4356,78.06401249024199,1
6417,Branch_7291,4354,4356,63.25110689437065,1
6418,Branch_7292,4357,4356,5.185377236193933,1
6419,Branch_7293,3107,4560,62.53908692933083,1
6420,Branch_7296,441,825,93.10986964618249,1
6421,Branch_7297,441,827,116.82242990654206,1
6422,Branch_7298,827,938,161.29032258064515,1
6423,Branch_7299,824,825,326.797385620915,1
6424,Branch_7300,826,827,326.797385620915,1
6425,Branch_7301,668,673,1785.7142857142858,1
6426,Branch_7302,668,674,1408.4507042253522,1
6427,Branch_7303,951,953,24.740227610094013,1
6428,Branch_7304,952,953,-284.9002849002849,1
6429,Branch_7305,954,953,7.089181908407769,1
6430,Branch_7306,951,955,23.435669088352473,1
6431,Branch_7307,952,955,-173.61111111111111,1
6432,Branch_7308,956,955,5.942829975634397,1
6433,Branch_7309,682,951,175.7469244288225,1
6434,Branch_7310,647,648,2000.0,1
6435,Branch_7311,640,647,157.23270440251574,1
6436,Branch_7312,641,647,159.4896331738437,1
6437,Branch_7313,648,880,621.1180124223603,1
6438,Branch_7314,2030,2031,12.60239445494644,1
6439,Branch_7315,2030,2033,12.60239445494644,1
6440,Branch_7316,2030,2034,12.60239445494644,1
6441,Branch_7317,2030,2035,12.60239445494644,1
6442,Branch_7318,2030,2032,16.002560409665545,1
6443,Branch_7319,2030,2029,16.002560409665545,1
6444,Branch_7321,8048,8721,4.8508367693427115,1
6445,Branch_7324,9177,9522,2000.0,1
6446,Branch_7325,8494,8503,2000.0,1
6447,Branch_7326,8503,8504,10.152284263959391,1
6448,Branch_7327,4445,4850,5.823433496389471,1
6449,Branch_7328,4305,4445,4.753981459472308,1
6450,Branch_7329,9561,9613,212.31422505307856,1
6451,Branch_7330,932,934,-174.52006980802793,1
6452,Branch_7331,931,934,23.452157598499063,1
6453,Branch_7332,935,934,5.941770647653001,1
6454,Branch_7333,931,1198,34.61405330564209,1
6455,Branch_7334,931,1450,62.97229219143577,1
6456,Branch_7335,932,1101,7.949757532395262,1
6457,Branch_7336,5670,5756,2000.0,1
6458,Branch_7337,4581,5269,60.71645415907711,1
6459,Branch_7338,4581,4580,11.276499774470004,1
6460,Branch_7339,1130,1581,53.70569280343717,1
6461,Branch_7340,9287,9824,13.724951962668131,1
6462,Branch_7341,9824,9823,31.756113051762465,1
6463,Branch_7342,9305,9823,16.733601070950467,1
6464,Branch_7343,9185,9823,6.988120195667365,1
6465,Branch_7344,49,1675,70.47216349541931,1
6466,Branch_7345,1468,1604,854.7008547008547,1
6467,Branch_7346,1466,1601,854.7008547008547,1
6468,Branch_7347,692,1468,43.85964912280702,1
6469,Branch_7348,1467,1468,137.7410468319559,1
6470,Branch_7349,1466,1469,138.50415512465375,1
6471,Branch_7350,1466,1712,63.775510204081634,1
6472,Branch_7351,2690,2692,724.6376811594203,1
6473,Branch_7352,2689,2691,724.6376811594203,1
6474,Branch_7353,1775,1799,142.2475106685633,1
6475,Branch_7354,1799,2234,78.98894154818325,1
6476,Branch_7355,2707,2765,102.56410256410257,1
6477,Branch_7356,2749,2765,51.59958720330237,1
6478,Branch_7357,2231,2707,55.09641873278237,1
6479,Branch_7358,2676,2707,64.93506493506493,1
6480,Branch_7359,2578,2707,80.0,1
6481,Branch_7360,2579,2707,79.36507936507937,1
6482,Branch_7362,2681,2707,36.65689149560117,1
6483,Branch_7363,2702,2707,36.114120621162876,1
6484,Branch_7364,2156,2246,103.19917440660474,1
6485,Branch_7365,1883,2246,88.10572687224669,1
6486,Branch_7366,786,1457,384.61538461538464,1
6487,Branch_7367,269,1457,273.224043715847,1
6488,Branch_7368,7004,7501,148.3679525222552,1
6489,Branch_7369,7004,7626,86.95652173913044,1
6490,Branch_7370,7535,7721,16.051364365971107,1
6491,Branch_7372,7173,7515,103.7344398340249,1
6492,Branch_7373,7061,7173,76.80491551459293,1
6493,Branch_7374,4990,4989,18.453589223103894,1
6494,Branch_7375,6274,6276,8.395600705230459,1
6495,Branch_7376,6274,6277,8.468834688346883,1
6496,Branch_7378,6274,6275,2000.0,1
6497,Branch_7379,6274,7262,5.775672865888876,1
6498,Branch_7380,6275,6614,8.386447500838646,1
6499,Branch_7381,5922,6274,28.70264064293915,1
6500,Branch_7382,5952,6274,22.286605749944282,1
6501,Branch_7383,6178,6398,44.11116012351125,1
6502,Branch_7384,6398,6503,10.0,1
6503,Branch_7385,6068,6398,9.306654257794323,1
6504,Branch_7387,6129,6178,4.225114078080108,1
6505,Branch_7389,6330,6503,366.3003663003663,1
6506,Branch_7390,5981,6503,12.489072061945798,1
6507,Branch_7391,3172,3885,58.71990604815032,1
6508,Branch_7392,523,1396,255.7544757033248,1
6509,Branch_7393,2878,4920,30.147723846849562,1
6510,Branch_7395,483,1396,581.3953488372093,1
6511,Branch_7396,8826,8825,12.426991425375917,1
6512,Branch_7397,9265,9416,91.57509157509158,1
6513,Branch_7398,6570,6578,10.641694157709907,1
6514,Branch_7399,6570,6584,41.050903119868636,1
6515,Branch_7400,6427,6570,8.089305937550558,1
6516,Branch_7401,5949,6050,11.678150181011327,1
6517,Branch_7402,5949,6410,7.780284758422158,1
6518,Branch_7403,7202,7514,32.99241174529858,1
6519,Branch_7404,7202,7627,22.456770716370986,1
6520,Branch_7405,7030,7202,21.39495079161318,1
6521,Branch_7406,7513,7514,16.299918500407497,1
6522,Branch_7407,7513,7626,78.86435331230284,1
6523,Branch_7408,6889,7513,69.25207756232687,1
6524,Branch_7409,7418,7513,13.906271728549576,1
6525,Branch_7410,9191,9445,7.1438776968138304,1
6526,Branch_7411,6005,6053,36.24501631025734,1
6527,Branch_7412,6053,6531,43.78283712784589,1
6528,Branch_7413,5989,6531,11.168192986374805,1
6529,Branch_7415,9265,9444,41.06776180698152,1
6530,Branch_7416,9202,9394,254.4529262086514,1
6531,Branch_7417,9394,9407,8.640055296353896,1
6532,Branch_7418,9355,9394,5.804841237592152,1
6533,Branch_7419,9202,9328,19.46282600233554,1
6534,Branch_7420,9329,9578,26.838432635534083,1
6535,Branch_7421,9225,9407,59.45303210463734,1
6536,Branch_7422,9225,9382,9.70591089973794,1
6537,Branch_7423,9168,9225,16.246953696181965,1
6538,Branch_7424,3961,4304,27.90957298353335,1
6539,Branch_7425,4305,4304,6.741724533135576,1
6540,Branch_7426,4305,4304,6.8455640744797375,1
6541,Branch_7427,5980,6037,6.153467478924374,1
6542,Branch_7428,130,1441,289.01734104046244,1
6543,Branch_7429,6515,6648,80.1924619085806,1
6544,Branch_7430,9392,9391,4.633920296570899,1
6545,Branch_7431,9393,9391,5.031446540880503,1
6546,Branch_7432,9175,9391,36.166365280289334,1
6547,Branch_7433,9391,9417,46.97040864255519,1
6548,Branch_7434,9213,9392,25.33569799847986,1
6549,Branch_7435,2147,2151,28.868360277136258,1
6550,Branch_7436,2147,2148,28.868360277136258,1
6551,Branch_7437,2147,2150,28.868360277136258,1
6552,Branch_7438,2147,2149,28.868360277136258,1
6553,Branch_7439,8538,8750,131.75230566534916,1
6554,Branch_7440,914,1195,73.69196757553426,1
6555,Branch_7441,913,1196,73.90983000739098,1
6556,Branch_7442,1198,1544,136.05442176870747,1
6557,Branch_7443,1195,1197,2000.0,1
6558,Branch_7444,1196,1198,2000.0,1
6559,Branch_7445,994,1197,107.29613733905579,1
6560,Branch_7446,1548,1638,53.937432578209275,1
6561,Branch_7447,524,1638,47.39336492890995,1
6562,Branch_7448,1225,1638,53.937432578209275,1
6563,Branch_7449,4568,4571,46.8384074941452,1
6564,Branch_7450,4569,4571,-502.51256281407035,1
6565,Branch_7451,4570,4571,8.949346697691068,1
6566,Branch_7452,4568,4572,47.778308647873864,1
6567,Branch_7453,4569,4572,-502.51256281407035,1
6568,Branch_7454,4573,4572,8.949346697691068,1
6569,Branch_7455,8391,8393,30.120481927710845,1
6570,Branch_7456,8744,8746,269.54177897574124,1
6571,Branch_7459,6743,6744,4.001760774740886,1
6572,Branch_7460,6824,7566,25.451768897938408,1
6573,Branch_7461,6824,7498,23.719165085388994,1
6574,Branch_7462,6824,7302,96.8054211035818,1
6575,Branch_7463,7517,7602,10.0999899000101,1
6576,Branch_7464,7073,7517,209.64360587002096,1
6577,Branch_7466,5999,6675,41.459369817578775,1
6578,Branch_7468,6529,6675,2000.0,1
6579,Branch_7469,5976,6675,1.796299622777079,1
6580,Branch_7470,5596,5692,15.335071308081583,1
6581,Branch_7471,5472,5692,11.20699316373417,1
6582,Branch_7472,7661,7715,121.65450121654501,1
6583,Branch_7473,7661,7828,97.27626459143968,1
6584,Branch_7474,7137,7661,46.948356807511736,1
6585,Branch_7475,7137,7661,46.92632566870014,1
6586,Branch_7476,7323,7723,362.3188405797101,1
6587,Branch_7477,7323,7723,99.60159362549801,1
6588,Branch_7478,1179,1180,14.326647564469914,1
6589,Branch_7479,1179,1180,14.326647564469914,1
6590,Branch_7480,7040,7460,19.98800719568259,1
6591,Branch_7481,7040,7288,25.819777949909632,1
6592,Branch_7482,7039,7481,143.47202295552367,1
6593,Branch_7483,9865,9867,2000.0,1
6594,Branch_7484,6597,6598,7.002801120448179,1
6595,Branch_7488,9323,9661,26.226068712300027,1
6596,Branch_7492,9565,9606,2000.0,1
6597,Branch_7497,6219,6243,6.373080109616978,1
6598,Branch_7498,5976,6219,3.3324446814182886,1
6599,Branch_7500,862,1101,5.527915975677169,1
6600,Branch_7502,862,1013,21.81976871045167,1
6601,Branch_7503,88,1230,64.14368184733804,1
6602,Branch_7504,2167,2174,206.18556701030928,1
6603,Branch_7505,6223,6441,934.5794392523364,1
6604,Branch_7506,2174,6446,416.6666666666667,1
6605,Branch_7508,6080,6441,17.14089818306479,1
6606,Branch_7509,6223,6444,1041.6666666666667,1
6607,Branch_7510,2174,6443,300.3003003003003,1
6608,Branch_7511,2165,6443,18.76172607879925,1
6609,Branch_7513,2168,2174,202.42914979757086,1
6610,Branch_7514,2173,2177,11.295606009262396,1
6611,Branch_7515,2172,2173,-21.367521367521366,1
6612,Branch_7516,2172,2175,41.35649296939619,1
6613,Branch_7517,2174,2175,41.35649296939619,1
6614,Branch_7518,2170,2175,5.226298735235706,1
6615,Branch_7519,2172,2176,41.459369817578775,1
6616,Branch_7520,2174,2176,41.459369817578775,1
6617,Branch_7521,2171,2176,5.220024012110455,1
6618,Branch_7522,2168,2164,10.39176971838304,1
6619,Branch_7524,2165,2160,8.171269815329302,1
6620,Branch_7525,2165,2160,8.126777732629012,1
6621,Branch_7526,2166,2161,8.101758081503686,1
6622,Branch_7527,2167,2162,15.396458814472672,1
6623,Branch_7528,6080,6081,15.20450053215752,1
6624,Branch_7532,6638,6636,10.26167265264238,1
6625,Branch_7533,6638,6637,10.26167265264238,1
6626,Branch_7534,6638,8586,102.04081632653062,1
6627,Branch_7536,3732,5289,5.923117929277972,1
6628,Branch_7537,7034,7035,2000.0,1
6629,Branch_7538,7034,7061,74.8502994011976,1
6630,Branch_7539,3485,4969,18.443378827001105,1
6631,Branch_7540,6325,6589,2000.0,1
6632,Branch_7541,6221,6325,97.27626459143968,1
6633,Branch_7542,2055,2069,32.48862897985705,1
6634,Branch_7543,2067,2069,-359.71223021582733,1
6635,Branch_7544,2068,2069,6.763611768684478,1
6636,Branch_7545,2055,2063,32.84072249589491,1
6637,Branch_7546,2059,2063,-374.53183520599254,1
6638,Branch_7547,2062,2063,6.768647624204684,1
6639,Branch_7548,2055,2064,51.02040816326531,1
6640,Branch_7549,2054,2064,-574.7126436781609,1
6641,Branch_7550,2058,2064,7.112375533428165,1
6642,Branch_7551,2055,2061,57.636887608069166,1
6643,Branch_7552,2054,2061,2000.0,1
6644,Branch_7553,2066,2061,9.633911368015415,1
6645,Branch_7555,2055,2600,76.10350076103501,1
6646,Branch_7556,3770,5177,34.746351633078525,1
6647,Branch_7557,3064,3286,9.815469179426776,1
6648,Branch_7558,3673,3770,31.055900621118013,1
6649,Branch_7559,3770,4622,1587.3015873015872,1
6650,Branch_7560,3771,3770,8.450942280064227,1
6651,Branch_7561,2771,3770,22.872827081427264,1
6652,Branch_7562,553,1623,564.9717514124294,1
6653,Branch_7563,7511,7662,9.293680297397769,1
6654,Branch_7564,7188,7189,24.65483234714004,1
6655,Branch_7565,7188,7292,53.36179295624333,1
6656,Branch_7566,7083,7189,136.986301369863,1
6657,Branch_7567,7188,7669,26.954177897574123,1
6658,Branch_7568,7189,7194,72.3589001447178,1
6659,Branch_7569,8951,8950,6.112095837662735,1
6660,Branch_7570,8796,8951,2000.0,1
6661,Branch_7571,8793,8795,163.9344262295082,1
6662,Branch_7572,8789,8795,8.631851532153647,1
6663,Branch_7573,8790,8795,8.631851532153647,1
6664,Branch_7574,8793,8794,163.9344262295082,1
6665,Branch_7575,8791,8794,8.631851532153647,1
6666,Branch_7576,8792,8794,8.631851532153647,1
6667,Branch_7577,8793,8796,302.11480362537765,1
6668,Branch_7578,4415,4419,-89.68609865470852,1
6669,Branch_7579,4416,4419,24.807740014884644,1
6670,Branch_7580,4418,4419,5.05382321726386,1
6671,Branch_7583,413,1631,35.536602700781806,1
6672,Branch_7584,1115,1631,59.73715651135006,1
6673,Branch_7585,1113,1631,38.669760247486465,1
6674,Branch_7586,3047,3096,12.941633234114144,1
6675,Branch_7587,62,515,102.98661174047373,1
6676,Branch_7588,362,515,53.61930294906166,1
6677,Branch_7589,5691,5690,7.060650992021464,1
6678,Branch_7590,3855,5203,53.53319057815846,1
6679,Branch_7591,3855,3948,84.53085376162299,1
6680,Branch_7592,3721,3722,9.071940488070398,1
6681,Branch_7593,3724,3722,-82.78145695364239,1
6682,Branch_7594,3723,3722,2.1292451825827743,1
6683,Branch_7595,3558,3557,40.06410256410256,1
6684,Branch_7596,3558,3559,45.59963520291838,1
6685,Branch_7597,3558,3562,46.49000464900047,1
6686,Branch_7598,3558,3560,14.285714285714286,1
6687,Branch_7599,3563,3560,100.30090270812437,1
6688,Branch_7600,3556,3560,1.5094339622641508,1
6689,Branch_7601,5505,5723,102.98661174047373,1
6690,Branch_7602,5505,5691,3.65884892612784,1
6691,Branch_7603,5505,5611,7.7417356971433,1
6692,Branch_7604,491,489,8.785030308354564,1
6693,Branch_7605,491,490,8.785030308354564,1
6694,Branch_7606,794,1460,299.4011976047904,1
6695,Branch_7607,792,1135,84.38818565400844,1
6696,Branch_7608,792,793,63.89776357827476,1
6697,Branch_7609,794,795,92.85051067780873,1
6698,Branch_7610,5774,5775,512.8205128205128,1
6699,Branch_7611,5406,5775,65.31678641410842,1
6700,Branch_7612,4993,4992,7.909515146721506,1
6701,Branch_7613,4510,4993,2000.0,1
6702,Branch_7614,8998,9024,2000.0,1
6703,Branch_7615,1266,1450,119.33174224343675,1
6704,Branch_7616,4073,4246,337.8378378378378,1
6705,Branch_7617,3032,4246,7.009673349221926,1
6706,Branch_7618,805,898,95.69377990430623,1
6707,Branch_7619,1100,1102,38.095238095238095,1
6708,Branch_7620,1102,1108,1234.567901234568,1
6709,Branch_7621,1100,1107,952.3809523809524,1
6710,Branch_7622,1066,1100,98.81422924901186,1
6711,Branch_7623,641,1107,52.493438320209975,1
6712,Branch_7624,371,1100,2000.0,1
6713,Branch_7626,926,1108,113.37868480725623,1
6714,Branch_7627,1106,1108,2000.0,1
6715,Branch_7628,1105,1107,2000.0,1
6716,Branch_7629,1102,1103,21.533161068044787,1
6717,Branch_7630,1101,1103,-177.93594306049823,1
6718,Branch_7631,1104,1103,13.48254011055683,1
6719,Branch_7632,3044,5148,52.32862375719519,1
6720,Branch_7633,3044,4520,68.63417982155113,1
6721,Branch_7634,8436,8438,11.786892975011787,1
6722,Branch_7637,8086,8436,5.046681806712087,1
6723,Branch_7641,9200,9199,14.08649105507818,1
6724,Branch_7643,7251,7450,52.43838489774515,1
6725,Branch_7644,7250,7251,2000.0,1
6726,Branch_7645,7046,7250,149.2537313432836,1
6727,Branch_7646,7032,7250,69.06077348066299,1
6728,Branch_7647,6497,6685,1639.344262295082,1
6729,Branch_7648,6685,6683,6.516356053694774,1
6730,Branch_7649,6685,6684,6.516356053694774,1
6731,Branch_7650,7056,7111,1.952362358453729,1
6732,Branch_7651,448,446,11.743981209630064,1
6733,Branch_7652,448,447,11.743981209630064,1
6734,Branch_7653,448,1750,440.52863436123346,1
6735,Branch_7654,7300,7475,74.23904974016332,1
6736,Branch_7655,2426,2425,8.517887563884157,1
6737,Branch_7656,2426,2596,3.3604408898447478,1
6738,Branch_7657,2155,2426,6.293266205160478,1
6739,Branch_7658,2426,6417,17.793594306049823,1
6740,Branch_7659,1840,2425,27.739251040221912,1
6741,Branch_7660,3044,4125,105.26315789473684,1
6742,Branch_7661,9278,9878,4.161984434178216,1
6743,Branch_7662,5873,5871,15.513496742165684,1
6744,Branch_7663,5873,5872,8.797395970792646,1
6745,Branch_7664,278,817,272.47956403269757,1
6746,Branch_7665,6935,7841,2000.0,1
6747,Branch_7666,6307,6554,26.267402153926977,1
6748,Branch_7667,9680,9681,8.381527114240214,1
6749,Branch_7668,9680,9682,8.027614995584813,1
6750,Branch_7669,9674,9680,2000.0,1
6751,Branch_7670,8542,9015,826.4462809917355,1
6752,Branch_7671,9015,9016,12.764871074802144,1
6753,Branch_7672,8421,8538,401.60642570281124,1
6754,Branch_7673,8420,8421,4.672897196261682,1
6755,Branch_7676,9606,9607,8.336112037345782,1
6756,Branch_7677,9606,9608,8.336112037345782,1
6757,Branch_7678,9611,9610,12.990387113535983,1
6758,Branch_7679,9611,9609,12.990387113535983,1
6759,Branch_7680,9927,9924,14.271442842871414,1
6760,Branch_7681,9927,9925,14.275517487508923,1
6761,Branch_7682,9927,9926,14.275517487508923,1
6762,Branch_7683,9923,9927,2000.0,1
6763,Branch_7684,2024,5596,6.7123103772318435,1
6764,Branch_7685,5373,5596,11.14951499609767,1
6765,Branch_7686,5595,5844,2000.0,1
6766,Branch_7687,5596,5595,7.939658594680429,1
6767,Branch_7688,6936,6935,14.222727919214906,1
6768,Branch_7689,681,1038,121.95121951219512,1
6769,Branch_7690,1038,1294,99.50248756218906,1
6770,Branch_7691,9202,9462,5.662834815108443,1
6771,Branch_7692,9322,9578,4.986536351850005,1
6772,Branch_7693,6091,9578,5.56885894080303,1
6773,Branch_7694,785,927,537.6344086021505,1
6774,Branch_7695,783,785,2000.0,1
6775,Branch_7696,782,784,2000.0,1
6776,Branch_7697,703,784,480.7692307692308,1
6777,Branch_7698,4861,6062,20.837674515524068,1
6778,Branch_7701,5963,6501,21.45002145002145,1
6779,Branch_7703,244,1173,90.41591320072332,1
6780,Branch_7704,247,1530,37.764350453172206,1
6781,Branch_7705,244,1664,273.224043715847,1
6782,Branch_7706,244,1664,273.224043715847,1
6783,Branch_7707,244,248,303.951367781155,1
6784,Branch_7708,244,249,303.951367781155,1
6785,Branch_7709,244,250,319.4888178913738,1
6786,Branch_7710,244,251,260.4166666666667,1
6787,Branch_7711,248,245,3.7037037037037037,1
6788,Branch_7712,249,246,3.745318352059925,1
6789,Branch_7713,372,375,2000.0,1
6790,Branch_7714,5962,6199,7.245851749873197,1
6791,Branch_7715,3002,4666,2000.0,1
6792,Branch_7716,3179,4666,5.274818018778352,1
6793,Branch_7717,5936,6161,5.653870074065698,1
6794,Branch_7718,7903,8351,170.64846416382252,1
6795,Branch_7719,13,523,854.7008547008547,1
6796,Branch_7720,2619,2621,46.2962962962963,1
6797,Branch_7721,2617,2621,-458.7155963302752,1
6798,Branch_7722,2622,2621,8.987148377819718,1
6799,Branch_7723,2619,2624,46.8384074941452,1
6800,Branch_7724,2617,2624,-564.9717514124294,1
6801,Branch_7725,2623,2624,8.949346697691068,1
6802,Branch_7726,8377,9065,2000.0,1
6803,Branch_7727,938,1604,93.37068160597572,1
6804,Branch_7728,938,1601,93.37068160597572,1
6805,Branch_7729,1602,1604,101.41987829614604,1
6806,Branch_7730,1601,1603,101.01010101010101,1
6807,Branch_7731,3029,3028,11.876484560570072,1
6808,Branch_7732,1941,2738,2000.0,1
6809,Branch_7733,6999,7273,241.54589371980677,1
6810,Branch_7734,6999,7410,59.594755661501786,1
6811,Branch_7735,828,1739,77.10100231303007,1
6812,Branch_7736,9056,9055,15.394088669950738,1
6813,Branch_7737,8375,9056,2000.0,1
6814,Branch_7738,1670,1671,2000.0,1
6815,Branch_7739,761,1671,89.20606601248885,1
6816,Branch_7741,3486,5327,22.22222222222222,1
6817,Branch_7745,7253,7381,793.6507936507936,1
6818,Branch_7746,7253,7380,787.4015748031496,1
6819,Branch_7747,7229,7253,2000.0,1
6820,Branch_7748,8226,8228,13.575889220743958,1
6821,Branch_7750,8072,8073,9.548362455838824,1
6822,Branch_7751,8074,8360,2.8333427778092592,1
6823,Branch_7752,9745,9746,13.16309069369488,1
6824,Branch_7753,1522,1558,247.52475247524754,1
6825,Branch_7754,1556,1558,185.5287569573284,1
6826,Branch_7755,36,1558,42.3728813559322,1
6827,Branch_7756,6083,6084,9.09338910611985,1
6828,Branch_7757,6083,6085,9.134922809902257,1
6829,Branch_7758,8133,8132,8.87154009936125,1
6830,Branch_7759,786,1273,2000.0,1
6831,Branch_7760,2796,3253,1818.1818181818182,1
6832,Branch_7761,7291,7311,41.254125412541256,1
6833,Branch_7762,7291,7292,2000.0,1
6834,Branch_7763,3595,5134,8.95094880057286,1
6835,Branch_7764,6083,6465,316.45569620253167,1
6836,Branch_7765,3620,4381,31.017369727047146,1
6837,Branch_7766,4343,4438,6.6956812855708066,1
6838,Branch_7767,6133,6465,2000.0,1
6839,Branch_7768,77,1618,10.060362173038229,1
6840,Branch_7769,7253,7252,10.70663811563169,1
6841,Branch_7770,7253,7254,10.70663811563169,1
6842,Branch_7771,7253,7255,10.70663811563169,1
6843,Branch_7772,7099,7300,84.45945945945945,1
6844,Branch_7773,5900,5899,1.953125,1
6845,Branch_7774,9868,9877,2000.0,1
6846,Branch_7775,9877,9876,7.766387076731904,1
6847,Branch_7776,9876,9874,8.132726089785296,1
6848,Branch_7777,9877,9875,16.5371258475277,1
6849,Branch_7778,71,1593,222.71714922048997,1
6850,Branch_7779,5402,5554,42.034468263976464,1
6851,Branch_7780,5402,5451,35.56187766714083,1
6852,Branch_7781,3223,3224,3.9889903865331684,1
6853,Branch_7782,1066,1341,49.6031746031746,1
6854,Branch_7783,1065,1066,2000.0,1
6855,Branch_7784,1067,1068,2000.0,1
6856,Branch_7785,1068,1244,151.5151515151515,1
6857,Branch_7786,3860,3978,4.00416433090414,1
6858,Branch_7787,3302,3860,4.05104314360948,1
6859,Branch_7788,1593,1625,71.58196134574088,1
6860,Branch_7789,7098,7230,170.35775127768312,1
6861,Branch_7790,7098,7229,185.1851851851852,1
6862,Branch_7791,7101,7552,289.01734104046244,1
6863,Branch_7792,7098,7552,289.01734104046244,1
6864,Branch_7793,7098,7715,145.34883720930233,1
6865,Branch_7795,7101,7828,319.4888178913738,1
6866,Branch_7797,7098,7391,24.49779519843214,1
6867,Branch_7798,7098,7393,24.33682161109759,1
6868,Branch_7799,2528,2736,125.0,1
6869,Branch_7800,1806,2528,226.75736961451247,1
6870,Branch_7801,2575,2657,97.65625,1
6871,Branch_7802,2593,2657,72.72727272727273,1
6872,Branch_7803,2156,2657,165.8374792703151,1
6873,Branch_7804,1944,2593,35.61253561253561,1
6874,Branch_7805,1877,2593,83.33333333333333,1
6875,Branch_7806,2054,2156,47.05882352941177,1
6876,Branch_7807,4497,5326,2000.0,1
6877,Branch_7808,4497,5326,2000.0,1
6878,Branch_7809,2969,4278,47.03668861712136,1
6879,Branch_7810,2969,2967,15.067048365225252,1
6880,Branch_7811,2969,2966,15.14004542013626,1
6881,Branch_7812,2969,2968,21.867483052700635,1
6882,Branch_7813,2969,4410,84.60236886632826,1
6883,Branch_7814,6031,6049,36.27130939426913,1
6884,Branch_7815,6049,6120,305.8103975535168,1
6885,Branch_7816,5995,6031,51.4668039114771,1
6886,Branch_7817,2969,4281,20.238818053025703,1
6887,Branch_7818,6752,6753,10.827197921178,1
6888,Branch_7819,6752,6754,10.902747492368077,1
6889,Branch_7820,1761,1753,4.7395611166405995,1
6890,Branch_7821,1761,1754,4.7395611166405995,1
6891,Branch_7822,1761,1755,4.7395611166405995,1
6892,Branch_7823,1761,1756,4.7395611166405995,1
6893,Branch_7824,1761,1757,4.7395611166405995,1
6894,Branch_7825,1761,1758,4.7395611166405995,1
6895,Branch_7826,1761,1759,4.7395611166405995,1
6896,Branch_7827,1761,1760,4.7395611166405995,1
6897,Branch_7834,498,1090,2000.0,1
6898,Branch_7835,498,496,10.902747492368077,1
6899,Branch_7836,498,497,10.902747492368077,1
6900,Branch_7837,9140,9166,5.3558995233249425,1
6901,Branch_7838,7083,7084,2000.0,1
6902,Branch_7839,7084,7187,101.11223458038423,1
6903,Branch_7840,360,362,2000.0,1
6904,Branch_7841,9186,9364,64.1025641025641,1
6905,Branch_7842,360,359,11.741223435481977,1
6906,Branch_7843,360,361,11.741223435481977,1
6907,Branch_7844,4497,4500,26.406126221283337,1
6908,Branch_7845,4497,4498,15.114873035066505,1
6909,Branch_7846,4497,4499,15.062509414068384,1
6910,Branch_7847,2969,4969,62.53908692933083,1
6911,Branch_7848,215,224,1408.4507042253522,1
6912,Branch_7849,215,225,1470.5882352941176,1
6913,Branch_7850,214,274,46.08294930875576,1
6914,Branch_7851,62,214,36.2844702467344,1
6915,Branch_7852,223,224,2000.0,1
6916,Branch_7853,222,225,2000.0,1
6917,Branch_7854,215,1459,136.05442176870747,1
6918,Branch_7855,215,1459,136.23978201634878,1
6919,Branch_7856,214,1751,43.196544276457885,1
6920,Branch_7857,215,216,-877.1929824561404,1
6921,Branch_7858,214,216,67.70480704129993,1
6922,Branch_7859,218,216,10.060362173038229,1
6923,Branch_7860,215,217,-724.6376811594203,1
6924,Branch_7861,214,217,66.53359946773121,1
6925,Branch_7862,219,217,10.006003602161297,1
6926,Branch_7863,215,220,-465.1162790697674,1
6927,Branch_7864,214,220,58.47953216374269,1
6928,Branch_7865,221,220,9.893153937475267,1
6929,Branch_7866,4658,4659,2000.0,1
6930,Branch_7867,4658,4660,2000.0,1
6931,Branch_7868,4658,4713,156.00624024961,1
6932,Branch_7869,2938,3421,6.145148405333988,1
6933,Branch_7870,5805,5831,2000.0,1
6934,Branch_7871,6569,6584,13.886960144424386,1
6935,Branch_7872,6569,6574,10.641694157709907,1
6936,Branch_7873,6569,6593,24.551927326295115,1
6937,Branch_7874,691,692,523.5602094240837,1
6938,Branch_7875,689,693,523.5602094240837,1
6939,Branch_7876,688,691,113.89521640091117,1
6940,Branch_7877,689,690,113.89521640091117,1
6941,Branch_7878,693,1728,104.4932079414838,1
6942,Branch_7879,65,691,2000.0,1
6943,Branch_7880,64,689,2000.0,1
6944,Branch_7881,5653,5654,4.098360655737705,1
6945,Branch_7882,5658,5659,30.67484662576687,1
6946,Branch_7883,5654,5659,-75.87253414264036,1
6947,Branch_7884,5660,5659,8.148631029986962,1
6948,Branch_7885,5657,5656,42.955326460481096,1
6949,Branch_7886,5654,5656,252.5252525252525,1
6950,Branch_7887,5655,5656,10.350895352447987,1
6951,Branch_7888,970,1613,2000.0,1
6952,Branch_7889,972,1613,2000.0,1
6953,Branch_7890,973,1613,2000.0,1
6954,Branch_7891,975,1613,2000.0,1
6955,Branch_7892,764,1613,369.00369003690037,1
6956,Branch_7893,9525,9560,91.57509157509158,1
6957,Branch_7894,9560,9872,51.255766273705795,1
6958,Branch_7895,6964,7771,2000.0,1
6959,Branch_7896,6965,7771,2000.0,1
6960,Branch_7897,6966,7771,2000.0,1
6961,Branch_7898,6967,7771,2000.0,1
6962,Branch_7899,6963,6961,9.023641941887746,1
6963,Branch_7900,6963,6962,8.858180529719196,1
6964,Branch_7901,6963,7771,25.31645569620253,1
6965,Branch_7902,5686,5685,5.037022112527074,1
6966,Branch_7903,5574,5701,43.365134431916736,1
6967,Branch_7904,5574,5697,27.99552071668533,1
6968,Branch_7905,5575,5577,30.67484662576687,1
6969,Branch_7906,5574,5577,-384.61538461538464,1
6970,Branch_7907,5576,5577,10.905125408942203,1
6971,Branch_7908,5530,5575,81.9000819000819,1
6972,Branch_7909,3172,4452,4.095674967234601,1
6973,Branch_7910,1415,1420,89.12655971479501,1
6974,Branch_7912,1416,1420,132.4503311258278,1
6975,Branch_7913,1421,1420,9.92358836955443,1
6976,Branch_7918,30,1415,104.16666666666667,1
6977,Branch_7919,28,1415,104.16666666666667,1
6978,Branch_7920,1000,1415,173.91304347826087,1
6979,Branch_7921,1416,1575,160.25641025641025,1
6980,Branch_7923,6174,6555,2000.0,1
6981,Branch_7924,6174,6556,2000.0,1
6982,Branch_7925,6174,6557,2000.0,1
6983,Branch_7926,3568,4197,2000.0,1
6984,Branch_7927,9421,9878,8.324315325064513,1
6985,Branch_7928,9384,9421,9.317059536010435,1
6986,Branch_7930,441,561,2000.0,1
6987,Branch_7931,441,562,2000.0,1
6988,Branch_7932,441,923,21.150592216582066,1
6989,Branch_7933,140,150,2000.0,1
6990,Branch_7934,143,1546,103.30578512396694,1
6991,Branch_7935,143,939,70.8215297450425,1
6992,Branch_7936,135,140,179.53321364452424,1
6993,Branch_7937,140,142,2000.0,1
6994,Branch_7938,141,150,2000.0,1
6995,Branch_7939,150,1740,363.6363636363636,1
6996,Branch_7940,140,144,-354.6099290780142,1
6997,Branch_7941,143,144,58.17335660267597,1
6998,Branch_7942,145,144,10.439503079653408,1
6999,Branch_7943,140,147,-241.54589371980677,1
7000,Branch_7944,143,147,54.43658138268917,1
7001,Branch_7945,146,147,10.700909577314071,1
7002,Branch_7946,140,148,-480.7692307692308,1
7003,Branch_7947,143,148,58.07200929152149,1
7004,Branch_7948,149,148,10.449320794148381,1
7005,Branch_7949,231,1223,2000.0,1
7006,Branch_7951,3719,4782,1851.851851851852,1
7007,Branch_7952,3720,4781,1851.851851851852,1
7008,Branch_7953,3263,3681,87.18395815170008,1
7009,Branch_7954,6856,7407,13.837000138370001,1
7010,Branch_7955,9154,9278,12.518778167250876,1
7011,Branch_7956,8415,8602,42.73504273504273,1
7012,Branch_7957,8379,8380,32.1853878339234,1
7013,Branch_7958,8379,8415,56.2429696287964,1
7014,Branch_7959,9606,9611,383.1417624521073,1
7015,Branch_7960,6840,7686,1075.268817204301,1
7016,Branch_7961,6840,7687,1075.268817204301,1
7017,Branch_7965,6086,6148,38.98635477582846,1
7018,Branch_7966,6086,6307,4.872581981191834,1
7019,Branch_7967,2384,2385,3.5031177748195894,1
7020,Branch_7968,8895,8896,10.406910188365075,1
7021,Branch_7969,8895,8897,10.295480284155255,1
7022,Branch_7970,3912,5168,134.9527665317139,1
7023,Branch_7971,4632,4920,52.882072977260705,1
7024,Branch_7972,4632,5160,12.097749818533753,1
7025,Branch_7973,2231,2560,28.07411566535654,1
7026,Branch_7976,1815,1882,68.11989100817439,1
7027,Branch_7977,1797,2037,166.9449081803005,1
7028,Branch_7978,2037,2401,24.43195699975568,1
7029,Branch_7980,2277,2680,37.11952487008166,1
7030,Branch_7981,2110,2277,22.281639928698752,1
7031,Branch_7982,1206,1583,9.276437847866418,1
7032,Branch_7983,6877,6879,7.336757153338224,1
7033,Branch_7984,6877,6878,7.336757153338224,1
7034,Branch_7985,6880,6881,7.336757153338224,1
7035,Branch_7986,1928,2223,79.1765637371338,1
7036,Branch_7987,2202,2223,15.424957581366652,1
7037,Branch_7988,6214,6567,3.9067078173223426,1
7038,Branch_7989,7069,7816,143.67816091954023,1
7039,Branch_7990,8626,8627,518.1347150259068,1
7040,Branch_7992,641,642,2000.0,1
7041,Branch_7993,557,5403,48.355899419729205,1
7042,Branch_7994,92,556,787.4015748031496,1
7043,Branch_7995,92,557,787.4015748031496,1
7044,Branch_7996,555,556,2000.0,1
7045,Branch_7997,554,557,2000.0,1
7046,Branch_7998,556,656,278.55153203342616,1
7047,Branch_7999,4410,4601,20.631318341242004,1
7048,Branch_8000,4601,4600,10.124531740407006,1
7049,Branch_8001,3790,4147,71.63323782234957,1
7050,Branch_8002,5554,5627,22.53267237494367,1
7051,Branch_8003,5642,5717,63.13131313131313,1
7052,Branch_8004,5554,5642,326.797385620915,1
7053,Branch_8005,5836,5835,3.881686204487229,1
7054,Branch_8006,8628,8640,32.754667540124466,1
7055,Branch_8007,6893,7501,66.48936170212765,1
7056,Branch_8008,6893,7582,65.87615283267458,1
7057,Branch_8009,6893,6894,2000.0,1
7058,Branch_8010,2013,2015,57.47126436781609,1
7059,Branch_8011,2012,2015,-714.2857142857143,1
7060,Branch_8012,2016,2015,7.02543206407194,1
7061,Branch_8013,2013,2014,49.62779156327544,1
7062,Branch_8014,2010,2014,-552.4861878453039,1
7063,Branch_8015,2017,2014,6.63129973474801,1
7064,Branch_8016,2013,2018,49.52947003467063,1
7065,Branch_8017,2010,2018,-555.5555555555555,1
7066,Branch_8018,2019,2018,6.609822195782933,1
7067,Branch_8019,1927,1928,14.473874656245476,1
7068,Branch_8020,1927,2009,33.18951211417192,1
7069,Branch_8022,1928,7703,14.9678191887442,1
7070,Branch_8023,2213,7532,8.60141063134354,1
7071,Branch_8024,2009,7307,4.486920626374119,1
7072,Branch_8025,3574,5313,57.17552887364208,1
7073,Branch_8026,7947,7946,14.492753623188406,1
7074,Branch_8027,7602,7685,43.15925766076823,1
7075,Branch_8028,7066,7685,46.16805170821792,1
7076,Branch_8029,7110,7423,294.11764705882354,1
7077,Branch_8030,7009,7423,67.02412868632707,1
7078,Branch_8031,7003,7423,108.34236186348862,1
7079,Branch_8032,1547,1550,1030.9278350515465,1
7080,Branch_8033,1548,1549,787.4015748031496,1
7081,Branch_8035,939,1546,224.2152466367713,1
7082,Branch_8037,1548,1580,57.01254275940707,1
7083,Branch_8038,92,1546,81.43322475570032,1
7084,Branch_8039,92,1546,81.43322475570032,1
7085,Branch_8041,5934,6252,131.06159895150722,1
7086,Branch_8042,5934,6253,543.4782608695652,1
7087,Branch_8043,6212,6253,3.905639743790033,1
7088,Branch_8044,2955,4085,2000.0,1
7089,Branch_8045,8223,8237,48.05382027871216,1
7090,Branch_8046,7962,8869,70.72135785007072,1
7091,Branch_8047,7245,7521,16.097875080489377,1
7092,Branch_8048,1836,1837,18.18512456810329,1
7093,Branch_8049,8056,8237,42.57130693912303,1
7094,Branch_8050,7401,7537,47.25897920604915,1
7095,Branch_8053,7537,7716,11.064394777605665,1
7096,Branch_8054,8137,8869,1020.4081632653061,1
7097,Branch_8055,8761,8784,2000.0,1
7098,Branch_8056,8759,8761,416.6666666666667,1
7099,Branch_8057,7992,8759,183.8235294117647,1
7100,Branch_8058,8223,8222,8.516436722875149,1
7101,Branch_8059,7962,7963,5.546927002440648,1
7102,Branch_8060,7955,8759,46.21072088724584,1
7103,Branch_8062,8056,8057,5.61104253170239,1
7104,Branch_8063,8137,8136,9.417969485778865,1
7105,Branch_8070,8573,8640,689.6551724137931,1
7106,Branch_8071,5467,5700,50.89058524173028,1
7107,Branch_8072,6535,6536,-49.6031746031746,1
7108,Branch_8073,6537,6538,-49.6031746031746,1
7109,Branch_8074,558,869,88.33922261484099,1
7110,Branch_8075,869,968,148.3679525222552,1
7111,Branch_8076,7400,7447,20.63983488132095,1
7112,Branch_8077,7400,7401,2000.0,1
7113,Branch_8078,3436,3440,48.56726566294318,1
7114,Branch_8079,3435,3440,-1020.4081632653061,1
7115,Branch_8080,3437,3440,7.702380035430949,1
7116,Branch_8081,3436,3439,46.49000464900047,1
7117,Branch_8082,3435,3439,-478.4688995215311,1
7118,Branch_8083,3438,3439,8.92299455697332,1
7119,Branch_8084,558,738,22.857142857142858,1
7120,Branch_8085,9280,9283,12.121212121212121,1
7121,Branch_8086,9280,9284,12.121212121212121,1
7122,Branch_8087,9280,9286,22.172949002217294,1
7123,Branch_8088,9280,9282,12.121212121212121,1
7124,Branch_8089,9280,9281,12.121212121212121,1
7125,Branch_8090,9280,9285,22.172949002217294,1
7126,Branch_8091,9280,9414,24.563989191844755,1
7127,Branch_8092,9280,9414,24.563989191844755,1
7128,Branch_8093,6148,6220,21.381227282446012,1
7129,Branch_8094,842,1172,76.10350076103501,1
7130,Branch_8095,842,1170,75.41478129713424,1
7131,Branch_8096,636,1170,39.29273084479372,1
7132,Branch_8097,1171,1172,2000.0,1
7133,Branch_8098,1169,1170,2000.0,1
7134,Branch_8099,889,1172,57.971014492753625,1
7135,Branch_8100,2780,3672,138.50415512465375,1
7136,Branch_8101,8193,8869,125.47051442910916,1
7137,Branch_8102,9185,9336,4.704996706502305,1
7138,Branch_8104,5938,6117,5.480052608505042,1
7139,Branch_8105,9305,9337,7.926442612555485,1
7140,Branch_8106,9337,9581,17.46419839329375,1
7141,Branch_8107,9335,9630,16.661112962345886,1
7142,Branch_8108,9335,9581,40.88307440719542,1
7143,Branch_8109,860,861,2000.0,1
7144,Branch_8110,860,1279,155.52099533437013,1
7145,Branch_8111,756,1266,124.22360248447205,1
7146,Branch_8112,758,1240,175.13134851138355,1
7147,Branch_8113,756,759,2000.0,1
7148,Branch_8114,757,758,2000.0,1
7149,Branch_8115,7441,7603,322.5806451612903,1
7150,Branch_8116,7070,7442,41.85851820845542,1
7151,Branch_8117,7441,7442,2000.0,1
7152,Branch_8118,7604,7602,5.820044232336166,1
7153,Branch_8119,7602,7603,8.045699573577922,1
7154,Branch_8120,6840,7603,88.49557522123894,1
7155,Branch_8121,2776,2777,-39.354584809130266,1
7156,Branch_8122,2778,2779,-46.948356807511736,1
7157,Branch_8123,5773,5776,42.122999157540015,1
7158,Branch_8124,3045,4002,4.754885645000238,1
7159,Branch_8125,3667,4002,11.328877308258752,1
7160,Branch_8126,4002,5611,6.339948012426298,1
7161,Branch_8127,3854,4165,2000.0,1
7162,Branch_8128,1343,1597,46.425255338904364,1
7163,Branch_8129,747,1597,37.93626707132018,1
7164,Branch_8130,7095,7648,9.416195856873824,1
7165,Branch_8131,742,744,2000.0,1
7166,Branch_8133,6877,7755,2000.0,1
7167,Branch_8134,6880,7756,2000.0,1
7168,Branch_8135,283,524,71.78750897343862,1
7169,Branch_8136,2676,2680,80.1924619085806,1
7170,Branch_8137,2418,2676,200.40080160320642,1
7171,Branch_8138,1882,1944,120.77294685990339,1
7172,Branch_8141,8994,8995,11.764705882352942,1
7173,Branch_8142,8994,8996,11.764705882352942,1
7174,Branch_8143,8984,8994,148.8095238095238,1
7175,Branch_8144,6040,6156,127.7139208173691,1
7176,Branch_8145,6222,6786,17.056114617090227,1
7177,Branch_8146,6431,6786,2000.0,1
7178,Branch_8147,3574,4141,71.42857142857143,1
7179,Branch_8148,4122,5213,53.96654074473826,1
7180,Branch_8149,4122,5214,53.96654074473826,1
7181,Branch_8150,1297,1298,12.746972594008923,1
7182,Branch_8151,881,1297,184.50184501845018,1
7183,Branch_8152,151,998,337.8378378378378,1
7184,Branch_8153,280,1297,14.695077149155033,1
7185,Branch_8154,1297,1299,2000.0,1
7186,Branch_8155,9354,9499,22.722108611679165,1
7187,Branch_8156,8800,8801,7.465472191116088,1
7188,Branch_8157,5938,7714,3.1885721573879215,1
7189,Branch_8158,7476,7615,14.156285390713476,1
7190,Branch_8162,6822,6821,10.111223458038422,1
7191,Branch_8163,6823,6820,10.141987829614605,1
7192,Branch_8164,7433,7431,55.865921787709496,1
7193,Branch_8165,7558,7556,8.130081300813009,1
7194,Branch_8166,7557,7556,8.855827134254339,1
7195,Branch_8167,7559,7558,9.366804046459348,1
7196,Branch_8168,7038,7557,1515.1515151515152,1
7197,Branch_8169,7431,7559,2000.0,1
7198,Branch_8170,7038,7459,813.0081300813008,1
7199,Branch_8171,7038,7459,869.5652173913044,1
7200,Branch_8172,7038,7727,540.5405405405405,1
7201,Branch_8173,7038,7476,24.826216484607745,1
7202,Branch_8175,7459,7464,8.136034496786266,1
7203,Branch_8176,7460,7464,-51.282051282051285,1
7204,Branch_8177,7458,7464,0.8480972937215357,1
7205,Branch_8178,7459,7463,8.233841086867024,1
7206,Branch_8179,7457,7463,-54.55537370430987,1
7207,Branch_8180,7465,7463,0.8535409144837358,1
7208,Branch_8181,7457,7460,2000.0,1
7209,Branch_8184,7459,7481,98.23182711198429,1
7210,Branch_8185,7134,7727,110.13215859030836,1
7211,Branch_8186,6825,7299,169.7792869269949,1
7212,Branch_8187,6825,7582,12.322858903265558,1
7213,Branch_8188,8562,8561,5.916109566349169,1
7214,Branch_8189,8542,8562,34.19972640218878,1
7215,Branch_8190,5832,5833,18.587360594795538,1
7216,Branch_8192,4559,4772,146.84287812041117,1
7217,Branch_8193,7186,7501,28.563267637817766,1
7218,Branch_8194,7186,7688,31.90810465858328,1
7219,Branch_8195,4858,4895,2000.0,1
7220,Branch_8196,4858,4894,2000.0,1
7221,Branch_8197,562,1591,137.93103448275863,1
7222,Branch_8199,7503,7501,12.717792191275594,1
7223,Branch_8200,7503,7501,12.403870007442322,1
7224,Branch_8201,7504,7505,207.4688796680498,1
7225,Branch_8202,7501,7505,64.55777921239509,1
7226,Branch_8203,7502,7505,7.908264136022143,1
7227,Branch_8204,7395,7501,25.075225677031092,1
7228,Branch_8205,7353,7501,47.86979415988511,1
7229,Branch_8206,6871,7501,1886.7924528301887,1
7230,Branch_8207,6872,7501,1886.7924528301887,1
7231,Branch_8208,7455,7503,5.299417064122946,1
7232,Branch_8209,7503,7788,16.934801016088063,1
7233,Branch_8210,7504,7584,199.20318725099602,1
7234,Branch_8211,7358,7503,352.11267605633805,1
7235,Branch_8212,7430,7501,20.828993959591752,1
7236,Branch_8214,649,1591,143.26647564469914,1
7237,Branch_8215,1590,1591,165.01650165016503,1
7238,Branch_8217,9742,9743,43.15925766076823,1
7239,Branch_8218,322,1144,163.1321370309951,1
7240,Branch_8219,322,1135,163.1321370309951,1
7241,Branch_8220,2322,2323,32.39390994493035,1
7242,Branch_8221,2324,2323,12.187690432663011,1
7243,Branch_8222,4467,4479,108.69565217391305,1
7244,Branch_8223,536,682,50.27652086475616,1
7245,Branch_8224,537,538,2000.0,1
7246,Branch_8225,535,536,2000.0,1
7247,Branch_8226,538,1001,37.579857196542655,1
7248,Branch_8227,1953,2240,2000.0,1
7249,Branch_8228,8014,8200,10.612331529236974,1
7250,Branch_8229,2972,2976,-39.43217665615142,1
7251,Branch_8230,2970,2976,17.822135091783995,1
7252,Branch_8231,2974,2976,9.971083856815236,1
7253,Branch_8232,2972,2975,45.80852038479157,1
7254,Branch_8233,2970,2975,-418.41004184100416,1
7255,Branch_8234,2978,2975,9.040773890245005,1
7256,Branch_8235,2970,2977,10.88139281828074,1
7257,Branch_8236,2971,2977,20.491803278688526,1
7258,Branch_8237,2979,2977,8.00640512409928,1
7259,Branch_8238,2970,2973,10.893246187363834,1
7260,Branch_8239,2971,2973,20.449897750511248,1
7261,Branch_8240,2980,2973,8.012820512820513,1
7262,Branch_8241,806,1694,54.46623093681917,1
7263,Branch_8242,1298,1694,2000.0,1
7264,Branch_8243,8374,8433,181.48820326678765,1
7265,Branch_8244,124,1227,18.191740949608878,1
7266,Branch_8245,1227,1433,26.082420448617633,1
7267,Branch_8247,4542,4966,2000.0,1
7268,Branch_8248,4691,4694,2000.0,1
7269,Branch_8249,4692,4693,2000.0,1
7270,Branch_8250,3183,3185,2000.0,1
7271,Branch_8251,3183,3186,2000.0,1
7272,Branch_8252,3183,3191,87.87346221441125,1
7273,Branch_8253,3188,3191,32.48862897985705,1
7274,Branch_8254,3192,3191,17.806267806267805,1
7275,Branch_8255,3188,3184,33.200531208499335,1
7276,Branch_8256,3183,3184,89.92805755395683,1
7277,Branch_8257,3187,3184,17.5377060680463,1
7278,Branch_8258,3185,3189,106.72358591248666,1
7279,Branch_8259,3186,3190,105.59662090813094,1
7280,Branch_8260,1771,1770,4.289084280506112,1
7281,Branch_8261,7637,7752,137.5515818431912,1
7282,Branch_8262,4339,4338,9.558401835213152,1
7283,Branch_8263,4339,4338,8.124796880077998,1
7284,Branch_8265,5601,5870,133.15579227696404,1
7285,Branch_8266,1992,1986,-31.026993484331367,1
7286,Branch_8267,1988,1986,4.010427110487267,1
7287,Branch_8268,1987,1986,3.980257920713262,1
7288,Branch_8269,1992,1989,57.43825387708214,1
7289,Branch_8270,1990,1989,4.220655889925294,1
7290,Branch_8271,1991,1989,4.218697266284171,1
7291,Branch_8273,1992,2233,20.36659877800407,1
7292,Branch_8274,7164,7527,5.482456140350878,1
7293,Branch_8275,4561,9313,18.907165815844206,1
7294,Branch_8276,6197,7527,9.363295880149813,1
7295,Branch_8277,4698,4699,2000.0,1
7296,Branch_8278,239,241,9.216589861751151,1
7297,Branch_8279,234,239,2000.0,1
7298,Branch_8280,234,240,2000.0,1
7299,Branch_8281,5469,5470,46.53327128897161,1
7300,Branch_8282,5468,5470,-483.09178743961354,1
7301,Branch_8283,5471,5470,8.960573476702509,1
7302,Branch_8284,9338,9599,649.3506493506494,1
7303,Branch_8285,9528,9599,4.602144599383313,1
7304,Branch_8286,4690,4691,150.37593984962405,1
7305,Branch_8287,4689,4692,150.37593984962405,1
7306,Branch_8288,8868,8867,18.358729575913348,1
7307,Branch_8289,6447,6449,35.38570417551309,1
7308,Branch_8290,6449,6450,10.797969981643451,1
7309,Branch_8291,7552,7554,8.94454382826476,1
7310,Branch_8292,7552,7555,13.206550449022716,1
7311,Branch_8293,7552,7553,13.319126265316996,1
7312,Branch_8294,4524,4714,52.35602094240838,1
7313,Branch_8295,4524,5177,246.30541871921181,1
7314,Branch_8296,3003,4523,192.67822736030828,1
7315,Branch_8297,3770,4523,320.5128205128205,1
7316,Branch_8298,4611,4610,8.810572687224669,1
7317,Branch_8299,4611,4609,8.810572687224669,1
7318,Branch_8300,929,1081,248.13895781637717,1
7319,Branch_8301,929,1135,218.8183807439825,1
7320,Branch_8302,929,930,17.765144785930005,1
7321,Branch_8303,9625,9623,8.336807002917883,1
7322,Branch_8304,9625,9624,8.336807002917883,1
7323,Branch_8305,9554,9625,138.88888888888889,1
7324,Branch_8306,4351,4366,833.3333333333334,1
7325,Branch_8307,4112,4114,75.01875468867217,1
7326,Branch_8308,4112,4113,68.11989100817439,1
7327,Branch_8310,4879,4907,719.4244604316547,1
7328,Branch_8311,4544,4907,136.23978201634878,1
7329,Branch_8312,9252,9294,6.91323885240235,1
7330,Branch_8313,5492,5545,2000.0,1
7331,Branch_8314,402,403,2000.0,1
7332,Branch_8315,373,402,2000.0,1
7333,Branch_8316,4258,4262,46.53327128897161,1
7334,Branch_8317,4257,4262,-483.09178743961354,1
7335,Branch_8318,4261,4262,8.92299455697332,1
7336,Branch_8319,4258,4263,39.69829297340215,1
7337,Branch_8320,4255,4263,-467.2897196261682,1
7338,Branch_8321,4264,4263,7.14694110920526,1
7339,Branch_8322,403,400,4.740235115661736,1
7340,Branch_8323,403,401,4.740235115661736,1
7341,Branch_8324,4770,4771,12.611930886618742,1
7342,Branch_8325,4753,4770,2000.0,1
7343,Branch_8326,2792,4140,38.729666924864446,1
7344,Branch_8327,4140,4301,37.993920972644375,1
7345,Branch_8328,3030,4140,72.20216606498195,1
7346,Branch_8329,284,1341,71.58196134574088,1
7347,Branch_8330,7615,7629,2000.0,1
7348,Branch_8331,9571,9598,86.65511265164645,1
7349,Branch_8333,833,838,21.01281781886951,1
7350,Branch_8334,8505,8538,61.19951040391677,1
7351,Branch_8335,3588,4678,105.59662090813094,1
7352,Branch_8336,6874,7402,40.08016032064128,1
7353,Branch_8340,7261,7424,12.88161793121216,1
7354,Branch_8341,3058,4083,1000.0,1
7355,Branch_8342,776,805,112.10762331838565,1
7356,Branch_8343,3542,4446,54.49591280653951,1
7357,Branch_8344,9169,9460,3.9328273095528377,1
7358,Branch_8345,9460,9467,7.209805335255948,1
7359,Branch_8346,5423,5495,2000.0,1
7360,Branch_8347,5423,5558,73.26007326007326,1
7361,Branch_8350,3277,3275,9.45179584120983,1
7362,Branch_8351,4026,4247,116.55011655011656,1
7363,Branch_8353,808,1712,44.84304932735426,1
7364,Branch_8354,808,999,94.07337723424271,1
7365,Branch_8355,7794,7793,11.62925921618793,1
7366,Branch_8356,7794,7792,11.603620329542817,1
7367,Branch_8357,8218,8565,2000.0,1
7368,Branch_8358,8565,8564,7.8945290913397015,1
7369,Branch_8359,8565,8566,3.780289570181076,1
7370,Branch_8360,8218,8217,8.405480373203329,1
7371,Branch_8361,8218,8217,7.049203440011278,1
7372,Branch_8362,5731,5877,2000.0,1
7373,Branch_8363,5877,5876,7.909515146721506,1
7374,Branch_8364,6563,6566,2000.0,1
7375,Branch_8365,9342,9343,13.071895424836601,1
7376,Branch_8367,828,1567,47.48338081671415,1
7377,Branch_8368,7473,7551,44.563279857397504,1
7378,Branch_8369,828,883,16.246953696181965,1
7379,Branch_8370,132,1135,72.41129616220131,1
7380,Branch_8371,133,1135,81.03727714748784,1
7381,Branch_8372,5125,5124,7.425007425007425,1
7382,Branch_8373,5125,5124,7.425007425007425,1
7383,Branch_8374,4361,4362,11.901928112354202,1
7384,Branch_8375,4363,4364,18.953752843062926,1
7385,Branch_8376,3390,5243,2000.0,1
7386,Branch_8377,5414,5467,94.07337723424271,1
7387,Branch_8378,9740,9741,19.89258006763477,1
7388,Branch_8379,1408,1409,185.1851851851852,1
7389,Branch_8380,1407,1409,39.8406374501992,1
7390,Branch_8381,1408,1409,714.2857142857143,1
7391,Branch_8382,1407,1408,208.33333333333334,1
7392,Branch_8383,1413,1414,142.85714285714286,1
7393,Branch_8384,1412,1413,370.3703703703704,1
7394,Branch_8385,1407,1408,68.4931506849315,1
7395,Branch_8386,1411,1414,80.0,1
7396,Branch_8387,1411,1412,107.52688172043011,1
7397,Branch_8388,7478,7476,63.09148264984227,1
7398,Branch_8389,7478,7476,62.421972534332085,1
7399,Branch_8390,7477,7476,9.709680551509855,1
7400,Branch_8391,7478,7710,29.7000297000297,1
7401,Branch_8392,7478,7710,29.62962962962963,1
7402,Branch_8393,7478,7479,2000.0,1
7403,Branch_8396,1915,1917,5.149860953754248,1
7404,Branch_8397,1916,1917,-48.923679060665364,1
7405,Branch_8398,1918,1917,2.0663291662361813,1
7406,Branch_8399,3954,4669,160.25641025641025,1
7407,Branch_8400,3954,4876,174.52006980802793,1
7408,Branch_8401,627,668,8.874689385871495,1
7409,Branch_8402,7551,7550,6.715916722632639,1
7410,Branch_8403,124,671,10.374520178441747,1
7411,Branch_8404,6453,6451,10.835410120273052,1
7412,Branch_8405,6453,6452,10.744600838078865,1
7413,Branch_8406,6440,6453,400.0,1
7414,Branch_8407,5991,6138,8.445232666159953,1
7415,Branch_8408,5467,5560,21.743857360295717,1
7416,Branch_8409,7069,7077,-18.684603886397607,1
7417,Branch_8410,7076,7077,13.431833445265278,1
7418,Branch_8411,7075,7077,13.726835964310226,1
7419,Branch_8412,7069,7071,-18.684603886397607,1
7420,Branch_8413,7074,7071,13.431833445265278,1
7421,Branch_8414,7072,7071,13.726835964310226,1
7422,Branch_8415,7073,7070,24.342745861733203,1
7423,Branch_8416,7073,7070,24.49179524859172,1
7424,Branch_8417,7069,7336,16.105653084232564,1
7425,Branch_8418,7069,7279,94.87666034155598,1
7426,Branch_8419,7051,7070,10.095911155981828,1
7427,Branch_8420,7070,7610,24.77086945751796,1
7428,Branch_8422,7073,7469,17.618040873854827,1
7429,Branch_8423,7070,7076,2000.0,1
7430,Branch_8424,7070,7076,2000.0,1
7431,Branch_8425,7070,7074,2000.0,1
7432,Branch_8426,7070,7074,2000.0,1
7433,Branch_8427,7073,7257,23.137436372049976,1
7434,Branch_8428,7069,7139,97.84735812133073,1
7435,Branch_8429,7073,7624,35.637918745545264,1
7436,Branch_8430,384,383,5.159426271798576,1
7437,Branch_8431,384,385,14.116318464144552,1
7438,Branch_8432,15,928,9.157509157509157,1
7439,Branch_8433,2783,2786,-72.46376811594203,1
7440,Branch_8434,2784,2786,9.633911368015415,1
7441,Branch_8435,2785,2786,5.572582892170521,1
7442,Branch_8436,2783,5168,87.26003490401396,1
7443,Branch_8437,668,1155,48.49660523763337,1
7444,Branch_8438,7060,7796,264.55026455026456,1
7445,Branch_8439,7060,7106,13.017443374121322,1
7446,Branch_8440,2081,2083,16.578249336870027,1
7447,Branch_8441,2081,2082,16.396130513198884,1
7448,Branch_8442,2081,2084,16.43115346697338,1
7449,Branch_8443,2081,2626,2000.0,1
7450,Branch_8444,2081,2626,2000.0,1
7451,Branch_8447,882,1037,7.686395080707149,1
7452,Branch_8449,7446,7447,14.85663348685188,1
7453,Branch_8450,9453,9456,16.54807214959457,1
7454,Branch_8451,9453,9459,16.531658125309967,1
7455,Branch_8452,9452,9455,12.21001221001221,1
7456,Branch_8453,9453,9458,12.175818823815902,1
7457,Branch_8454,9452,9454,12.858428700012858,1
7458,Branch_8455,9452,9457,12.781186094069529,1
7459,Branch_8456,9768,9769,2.7567955009097425,1
7460,Branch_8457,9768,9770,2.759838825412596,1
7461,Branch_8458,9758,9795,53.022269353128316,1
7462,Branch_8459,9758,9762,39.01677721420211,1
7463,Branch_8460,9771,9816,64.43298969072166,1
7464,Branch_8461,9765,9816,85.76329331046313,1
7465,Branch_8462,9816,9818,7.947230390209012,1
7466,Branch_8463,9817,9818,-70.57163020465772,1
7467,Branch_8464,9819,9818,5.911563017261764,1
7468,Branch_8465,9776,9773,22.639800769753226,1
7469,Branch_8466,9772,9773,-191.57088122605364,1
7470,Branch_8467,9778,9773,6.434592368573451,1
7471,Branch_8468,9775,9774,22.49212775528565,1
7472,Branch_8469,9772,9774,-192.30769230769232,1
7473,Branch_8470,9777,9774,6.463706289186219,1
7474,Branch_8471,9764,9768,34.85535029627048,1
7475,Branch_8472,9764,9811,28.042624789680314,1
7476,Branch_8473,9772,9796,86.13264427217915,1
7477,Branch_8477,9766,9817,18.726591760299627,1
7478,Branch_8478,9760,9804,46.554934823091244,1
7479,Branch_8479,9811,9817,22.3563603845294,1
7480,Branch_8480,9761,9810,56.49717514124294,1
7481,Branch_8481,9788,9810,115.87485515643105,1
7482,Branch_8482,9810,9812,7.886435331230284,1
7483,Branch_8483,9811,9812,-62.61740763932373,1
7484,Branch_8484,9813,9812,5.9262771127177905,1
7485,Branch_8485,9761,9772,39.88831272437176,1
7486,Branch_8486,9760,9767,33.72681281618887,1
7487,Branch_8487,9767,9788,110.98779134295228,1
7488,Branch_8488,9779,9795,16.084928422068522,1
7489,Branch_8489,9785,9781,22.634676324128566,1
7490,Branch_8490,9779,9781,-197.23865877712032,1
7491,Branch_8491,9783,9781,6.463288521199586,1
7492,Branch_8495,9763,9768,19.364833462432223,1
7493,Branch_8496,9762,9796,51.3347022587269,1
7494,Branch_8497,9762,9795,54.25935973955507,1
7495,Branch_8498,9762,9779,20.742584526031944,1
7496,Branch_8499,9771,9796,58.51375073142189,1
7497,Branch_8500,9762,9771,79.4912559618442,1
7498,Branch_8501,9758,9759,85.25149190110827,1
7499,Branch_8502,9766,9805,23.025558369790467,1
7500,Branch_8503,9763,9805,25.641025641025642,1
7501,Branch_8504,9759,9804,81.43322475570032,1
7502,Branch_8505,9804,9806,7.847445656438829,1
7503,Branch_8506,9805,9806,-60.790273556231,1
7504,Branch_8507,9807,9806,5.813953488372093,1
7505,Branch_8508,9765,9772,139.66480446927375,1
7506,Branch_8509,9789,9791,22.680880018144705,1
7507,Branch_8510,9788,9791,-193.7984496124031,1
7508,Branch_8511,9792,9791,6.459531038046638,1
7509,Branch_8512,9790,9793,22.568269013766646,1
7510,Branch_8513,9788,9793,-192.30769230769232,1
7511,Branch_8514,9794,9793,6.463706289186219,1
7512,Branch_8515,4949,4950,45.187528242205154,1
7513,Branch_8516,4948,4950,-467.2897196261682,1
7514,Branch_8517,4951,4950,7.662248103593594,1
7515,Branch_8518,4949,4952,45.187528242205154,1
7516,Branch_8519,4948,4952,-467.2897196261682,1
7517,Branch_8520,4953,4952,7.662248103593594,1
7518,Branch_8521,654,1226,157.9778830963665,1
7519,Branch_8522,213,653,537.6344086021505,1
7520,Branch_8523,654,1156,537.6344086021505,1
7521,Branch_8524,652,654,160.0,1
7522,Branch_8525,653,655,476.1904761904762,1
7523,Branch_8526,878,879,952.3809523809524,1
7524,Branch_8527,876,880,555.5555555555555,1
7525,Branch_8528,7708,7709,15.85288522511097,1
7526,Branch_8529,6825,7383,90.33423667570008,1
7527,Branch_8531,3918,4469,48.97159647404506,1
7528,Branch_8532,2941,3918,27.412280701754387,1
7529,Branch_8534,1854,1855,4.795013186286262,1
7530,Branch_8535,6863,7785,206.18556701030928,1
7531,Branch_8536,7353,7785,42.51700680272109,1
7532,Branch_8537,7785,7786,2000.0,1
7533,Branch_8538,8413,8431,27.816411682892905,1
7534,Branch_8539,93,917,75.87253414264036,1
7535,Branch_8540,915,917,2000.0,1
7536,Branch_8541,916,918,2000.0,1
7537,Branch_8542,657,918,43.802014892685065,1
7538,Branch_8543,917,1625,85.39709649871904,1
7539,Branch_8544,918,1625,85.32423208191126,1
7540,Branch_8545,7582,7633,112.73957158962796,1
7541,Branch_8546,7633,7634,934.5794392523364,1
7542,Branch_8547,7634,7635,14.275517487508923,1
7543,Branch_8548,7633,7783,49.28536224741252,1
7544,Branch_8549,7783,7784,14.84560570071259,1
7545,Branch_8550,7653,7654,13.273161667109106,1
7546,Branch_8551,7697,7762,2000.0,1
7547,Branch_8552,7696,7697,14.148273910582908,1
7548,Branch_8553,6839,6846,2000.0,1
7549,Branch_8554,6846,6845,7.756748371082842,1
7550,Branch_8555,6200,6447,14.490653528474134,1
7551,Branch_8556,6199,6200,5.7405281285878305,1
7552,Branch_8557,6199,6200,7.4649148999701405,1
7553,Branch_8558,474,1649,132.9787234042553,1
7554,Branch_8559,3949,3947,48.54368932038835,1
7555,Branch_8560,3946,3948,48.54368932038835,1
7556,Branch_8561,3913,3947,2000.0,1
7557,Branch_8562,4175,4176,2000.0,1
7558,Branch_8563,561,564,2000.0,1
7559,Branch_8564,564,650,70.27406886858749,1
7560,Branch_8565,563,564,2000.0,1
7561,Branch_8566,560,562,2000.0,1
7562,Branch_8567,1080,1083,2000.0,1
7563,Branch_8568,1084,1085,2000.0,1
7564,Branch_8569,8200,8685,195.3125,1
7565,Branch_8570,8323,8685,13.865779256794232,1
7566,Branch_8571,3360,5257,64.89292667099286,1
7567,Branch_8572,2202,7165,9.813542688910697,1
7568,Branch_8573,2637,2638,10.123506782749544,1
7569,Branch_8574,2124,2125,32.78688524590164,1
7570,Branch_8575,2127,2125,-395.25691699604744,1
7571,Branch_8576,2128,2125,6.980802792321117,1
7572,Branch_8577,2124,2126,29.71768202080238,1
7573,Branch_8578,2127,2126,-369.00369003690037,1
7574,Branch_8579,2129,2126,4.919323101141283,1
7575,Branch_8580,2124,2130,30.111412225233362,1
7576,Branch_8581,2127,2130,-398.40637450199205,1
7577,Branch_8582,2131,2130,6.587615283267457,1
7578,Branch_8583,187,1081,206.18556701030928,1
7579,Branch_8584,1080,1136,245.09803921568627,1
7580,Branch_8585,1081,1082,2000.0,1
7581,Branch_8587,7472,7593,97.27626459143968,1
7582,Branch_8588,7472,7779,57.537399309551205,1
7583,Branch_8589,5971,5973,19.569471624266146,1
7584,Branch_8590,8212,8585,12.007684918347742,1
7585,Branch_8591,1898,2572,15.730690577316345,1
7586,Branch_8592,2179,2572,89.92805755395683,1
7587,Branch_8593,1791,2575,602.4096385542168,1
7588,Branch_8594,1791,2692,471.6981132075472,1
7589,Branch_8595,2577,2578,118.48341232227489,1
7590,Branch_8596,2577,2579,118.48341232227489,1
7591,Branch_8597,9460,9712,27.609055770292656,1
7592,Branch_8598,6447,6727,14.492753623188406,1
7593,Branch_8599,6162,6727,50.42864346949067,1
7594,Branch_8600,6162,6727,53.648068669527895,1
7595,Branch_8601,6642,6727,8.14265939255761,1
7596,Branch_8602,6913,6914,8.216926869350862,1
7597,Branch_8603,6913,6915,8.145312372729494,1
7598,Branch_8604,6913,7346,2000.0,1
7599,Branch_8605,172,173,57.6036866359447,1
7600,Branch_8606,6340,6742,45.59963520291838,1
7601,Branch_8607,1433,1434,23.293733985557886,1
7602,Branch_8608,993,1433,18.618506795754982,1
7603,Branch_8609,1434,2589,18.355359765051396,1
7604,Branch_8610,671,1433,14.85001485001485,1
7605,Branch_8611,668,1434,60.790273556231,1
7606,Branch_8619,2354,2353,18.453589223103894,1
7607,Branch_8621,5990,6021,55.55555555555556,1
7608,Branch_8622,6819,7656,2000.0,1
7609,Branch_8623,7561,7656,2000.0,1
7610,Branch_8624,8346,8451,297.6190476190476,1
7611,Branch_8625,1786,1789,2.1872265966754156,1
7612,Branch_8626,1786,1790,2.1872265966754156,1
7613,Branch_8627,7546,7688,41.1522633744856,1
7614,Branch_8628,7688,7700,404.8582995951417,1
7615,Branch_8629,9630,9663,9.541074324968992,1
7616,Branch_8630,9679,9677,7.8982702788089405,1
7617,Branch_8631,9679,9678,7.8982702788089405,1
7618,Branch_8632,9565,9679,78.125,1
7619,Branch_8633,2600,2602,25.980774227071965,1
7620,Branch_8634,2599,2602,-296.7359050445104,1
7621,Branch_8635,2603,2602,18.17190623296384,1
7622,Branch_8636,2600,2605,25.094102885821833,1
7623,Branch_8637,2599,2605,-259.7402597402597,1
7624,Branch_8638,2604,2605,18.17190623296384,1
7625,Branch_8639,118,963,42.06983592763988,1
7626,Branch_8640,1969,2600,146.84287812041117,1
7627,Branch_8641,1969,2600,146.84287812041117,1
7628,Branch_8642,979,1394,67.11409395973155,1
7629,Branch_8643,4413,4412,9.297136481963555,1
7630,Branch_8644,2118,2119,-39.032006245120996,1
7631,Branch_8645,2117,2121,-38.85003885003885,1
7632,Branch_8646,2114,2119,3.391785096496286,1
7633,Branch_8647,2120,2121,3.3846674564224064,1
7634,Branch_8648,2115,2113,3.108003108003108,1
7635,Branch_8649,2115,2119,6.840413160954922,1
7636,Branch_8650,2115,2121,6.868131868131868,1
7637,Branch_8651,6713,6718,2000.0,1
7638,Branch_8652,6713,6712,14.068655036578503,1
7639,Branch_8653,3182,4412,1162.7906976744187,1
7640,Branch_8654,6211,6214,251.25628140703517,1
7641,Branch_8655,6211,6243,6.520605112154408,1
7642,Branch_8656,6211,6552,4.1128567903265605,1
7643,Branch_8659,6373,6372,4.765308553728854,1
7644,Branch_8660,6373,6374,4.765308553728854,1
7645,Branch_8661,6528,6552,40.91653027823241,1
7646,Branch_8663,6243,6317,15.098897780462027,1
7647,Branch_8664,9833,9836,2.700658960786432,1
7648,Branch_8665,9834,9837,2.725686873092019,1
7649,Branch_8666,9832,9835,6.476683937823834,1
7650,Branch_8667,9518,9928,7.371369600471768,1
7651,Branch_8668,9353,9928,2.361330846064842,1
7652,Branch_8669,9288,9928,8.04634695848085,1
7653,Branch_8673,9247,9928,3.4047189404514655,1
7654,Branch_8674,7569,7649,8.880206020779681,1
7655,Branch_8675,7095,7544,3.546853940554728,1
7656,Branch_8676,7544,7569,12.24889759921607,1
7657,Branch_8677,7272,7544,7.987220447284345,1
7658,Branch_8678,9439,9663,29.129041654529566,1
7659,Branch_8679,9257,9663,2000.0,1
7660,Branch_8680,6710,6709,11.054609772275038,1
7661,Branch_8681,6710,6711,5.369992482010526,1
7662,Branch_8682,6707,6710,436.68122270742356,1
7663,Branch_8683,6686,6707,140.4494382022472,1
7664,Branch_8684,6707,6705,15.160703456640388,1
7665,Branch_8685,6707,6706,5.369992482010526,1
7666,Branch_8686,6614,6615,2000.0,1
7667,Branch_8687,6585,6614,62.30529595015577,1
7668,Branch_8688,7321,7645,59.844404548174744,1
7669,Branch_8689,6832,7143,42.19409282700422,1
7670,Branch_8690,817,998,943.3962264150944,1
7671,Branch_8691,1519,1520,2000.0,1
7672,Branch_8692,9332,9351,9.746588693957115,1
7673,Branch_8693,9446,9631,4.125072188763303,1
7674,Branch_8694,9372,9631,2000.0,1
7675,Branch_8695,8089,8180,3.143764343424817,1
7676,Branch_8696,8089,8348,454.54545454545456,1
7677,Branch_8697,7991,8106,1369.86301369863,1
7678,Branch_8698,211,1743,323.62459546925567,1
7679,Branch_8699,7715,7828,398.40637450199205,1
7680,Branch_8701,7630,7715,2000.0,1
7681,Branch_8702,7631,7715,2000.0,1
7682,Branch_8703,2925,4003,1587.3015873015872,1
7683,Branch_8704,7571,7791,5.985873338920149,1
7684,Branch_8705,7643,7791,7.947230390209012,1
7685,Branch_8706,2925,2926,30.76923076923077,1
7686,Branch_8707,2924,2926,-357.14285714285717,1
7687,Branch_8708,2928,2926,8.176614881439084,1
7688,Branch_8709,2925,2929,30.76923076923077,1
7689,Branch_8710,2924,2929,-357.14285714285717,1
7690,Branch_8711,2930,2929,8.176614881439084,1
7691,Branch_8712,2927,2924,15.928639694170117,1
7692,Branch_8713,2925,3899,312.5,1
7693,Branch_8714,2924,5270,48.44961240310077,1
7694,Branch_8716,8249,8253,6.355662895640015,1
7695,Branch_8717,5923,5999,37.064492216456635,1
7696,Branch_8719,5999,6011,125.0,1
7697,Branch_8720,8123,8574,34.674063800277395,1
7698,Branch_8723,1187,1614,19.960079840319363,1
7699,Branch_8724,1187,7242,2.6062027625749282,1
7700,Branch_8725,4170,4171,5.920663114268798,1
7701,Branch_8726,2849,4996,69.63788300835654,1
7702,Branch_8727,2849,4436,59.38242280285036,1
7703,Branch_8728,6955,6958,2000.0,1
7704,Branch_8730,7032,7568,21.533161068044787,1
7705,Branch_8731,2796,4604,413.22314049586777,1
7706,Branch_8732,291,1587,98.32841691248771,1
7707,Branch_8733,291,798,43.066322136089575,1
7708,Branch_8734,6271,6308,6.052536012589275,1
7709,Branch_8735,6271,6436,152.4390243902439,1
7710,Branch_8736,7834,7833,15.264845061822623,1
7711,Branch_8737,7236,7834,16.276041666666668,1
7712,Branch_8738,6160,6389,52.19206680584551,1
7713,Branch_8739,6105,6160,43.2338953739732,1
7714,Branch_8740,2641,2640,24.277737314882252,1
7715,Branch_8741,8461,8464,46.21072088724584,1
7716,Branch_8742,8462,8464,-454.54545454545456,1
7717,Branch_8743,8463,8464,8.94854586129754,1
7718,Branch_8744,2640,2733,2000.0,1
7719,Branch_8745,7323,7449,105.9322033898305,1
7720,Branch_8746,7426,7449,38.16793893129771,1
7721,Branch_8747,7417,7452,5.380972879896685,1
7722,Branch_8748,7417,7815,5.629362756136006,1
7723,Branch_8749,5126,5130,12.737230925996688,1
7724,Branch_8750,5126,5131,13.75515818431912,1
7725,Branch_8751,5126,5129,86.80555555555556,1
7726,Branch_8752,5126,5128,5.420054200542006,1
7727,Branch_8753,5127,5128,-27.3224043715847,1
7728,Branch_8754,5132,5128,8.401243384020836,1
7729,Branch_8755,733,1519,37.67897513187641,1
7730,Branch_8756,1307,1522,162.07455429497568,1
7731,Branch_8757,1521,1523,2000.0,1
7732,Branch_8758,1518,1522,66.40106241699867,1
7733,Branch_8759,4032,4039,21.81976871045167,1
7734,Branch_8760,4032,4035,21.436227224008576,1
7735,Branch_8761,4033,4034,21.715526601520086,1
7736,Branch_8762,4033,4038,21.715526601520086,1
7737,Branch_8763,4032,4037,21.468441391155004,1
7738,Branch_8764,4032,4036,21.4638334406525,1
7739,Branch_8765,8297,8301,46.51162790697674,1
7740,Branch_8766,8300,8301,-485.43689320388347,1
7741,Branch_8767,8302,8301,8.997660608241857,1
7742,Branch_8768,8297,8298,46.57661853749418,1
7743,Branch_8769,8300,8298,-478.4688995215311,1
7744,Branch_8770,8299,8298,6.815238874122538,1
7745,Branch_8771,98,1090,1136.3636363636363,1
7746,Branch_8772,98,843,113.76564277588169,1
7747,Branch_8773,98,100,38.639876352395675,1
7748,Branch_8774,99,100,2000.0,1
7749,Branch_8775,101,100,7.411250277921885,1
7750,Branch_8776,102,103,136.986301369863,1
7751,Branch_8777,98,103,87.18395815170008,1
7752,Branch_8778,104,103,9.899029895070283,1
7753,Branch_8779,8499,8500,71.4796283059328,1
7754,Branch_8780,8498,8500,69.7350069735007,1
7755,Branch_8781,8501,8500,5.13294322964788,1
7756,Branch_8782,791,1661,2000.0,1
7757,Branch_8783,6131,6132,23.391812865497077,1
7758,Branch_8784,6132,6439,2000.0,1
7759,Branch_8785,1615,7535,7.263746640517179,1
7760,Branch_8786,6873,6911,33.7609723160027,1
7761,Branch_8787,6873,7393,7.946598855689765,1
7762,Branch_8788,1075,6873,10.785159620362382,1
7763,Branch_8789,6873,7150,28.546959748786755,1
7764,Branch_8790,5923,6308,4.3029259896729775,1
7765,Branch_8791,5976,6307,3.658313517468447,1
7766,Branch_8792,4879,4880,16.056518946692357,1
7767,Branch_8793,4879,4881,16.046213093709884,1
7768,Branch_8794,7474,7539,118.48341232227489,1
7769,Branch_8795,7434,7539,62.97229219143577,1
7770,Branch_8796,6175,6188,17.307026652821044,1
7771,Branch_8797,6147,6248,56.72149744753261,1
7772,Branch_8798,6147,6474,77.33952049497293,1
7773,Branch_8799,6100,6248,4.936077792586011,1
7774,Branch_8800,3089,3270,4.423995752964077,1
7775,Branch_8801,3979,5228,61.576354679802954,1
7776,Branch_8802,3089,3132,6.601531555320834,1
7777,Branch_8804,8443,8441,8.874689385871495,1
7778,Branch_8805,8443,8442,8.874689385871495,1
7779,Branch_8806,6863,7351,25.119316754584275,1
7780,Branch_8807,7776,7778,386.1003861003861,1
7781,Branch_8808,7776,7777,14.234875444839858,1
7782,Branch_8809,5275,5274,1.8456995201181248,1
7783,Branch_8810,548,550,2000.0,1
7784,Branch_8811,531,550,250.6265664160401,1
7785,Branch_8812,533,549,174.52006980802793,1
7786,Branch_8813,54,550,146.84287812041117,1
7787,Branch_8814,4672,5017,50.45408678102926,1
7788,Branch_8815,4676,5017,219.2982456140351,1
7789,Branch_8816,4605,4611,250.0,1
7790,Branch_8817,6349,6351,9.932459276916964,1
7791,Branch_8818,6349,6359,9.921619208254787,1
7792,Branch_8819,6349,6362,9.94431185361973,1
7793,Branch_8820,6349,6357,9.852216748768473,1
7794,Branch_8821,6349,6360,9.875567845151096,1
7795,Branch_8822,6349,6358,9.818360333824252,1
7796,Branch_8823,6352,6364,33.277870216306155,1
7797,Branch_8824,6349,6364,168.0672268907563,1
7798,Branch_8825,6356,6364,6.378364587319811,1
7799,Branch_8826,6355,6366,-25.438819638768763,1
7800,Branch_8827,6349,6366,12.971851083149565,1
7801,Branch_8828,6354,6366,2.628259041211102,1
7802,Branch_8829,6349,6365,10.827197921178,1
7803,Branch_8830,6353,6365,-72.83321194464676,1
7804,Branch_8831,6367,6365,2.8348688873139616,1
7805,Branch_8832,6355,6363,33.523298692591354,1
7806,Branch_8833,6349,6363,153.84615384615384,1
7807,Branch_8834,6361,6363,6.968641114982578,1
7808,Branch_8835,2425,7298,17.36111111111111,1
7809,Branch_8837,9596,9598,10.196798205363516,1
7810,Branch_8838,9597,9598,10.144045445323595,1
7811,Branch_8839,648,876,413.22314049586777,1
7812,Branch_8840,876,877,2000.0,1
7813,Branch_8841,877,878,2000.0,1
7814,Branch_8842,529,879,877.1929824561404,1
7815,Branch_8844,7650,7651,432.9004329004329,1
7816,Branch_8845,7650,7652,432.9004329004329,1
7817,Branch_8846,5959,6017,6.334325711028061,1
7818,Branch_8848,7137,7739,2000.0,1
7819,Branch_8849,7739,7738,11.234692731153803,1
7820,Branch_8850,8082,8209,3.1623553222440073,1
7821,Branch_8851,69,789,12.805736970162632,1
7822,Branch_8852,6036,6051,8.101101749837978,1
7823,Branch_8853,7293,7487,2000.0,1
7824,Branch_8854,7293,7486,2000.0,1
7825,Branch_8855,7293,7488,2000.0,1
7826,Branch_8857,7090,7486,48.804294777940456,1
7827,Branch_8858,7487,7489,2000.0,1
7828,Branch_8859,7486,7489,2000.0,1
7829,Branch_8860,7430,7487,25.588536335721596,1
7830,Branch_8861,4927,5160,2000.0,1
7831,Branch_8862,4926,5160,2000.0,1
7832,Branch_8863,5783,5784,2.031281738777168,1
7833,Branch_8864,5782,5783,62.18905472636816,1
7834,Branch_8865,5518,5784,78.80220646178093,1
7835,Branch_8866,5776,5783,129.70168612191958,1
7836,Branch_8867,3459,4858,33.67003367003367,1
7837,Branch_8868,4616,4858,884.9557522123894,1
7838,Branch_8869,4022,4483,115.2073732718894,1
7839,Branch_8870,4483,5133,120.1923076923077,1
7840,Branch_8871,7134,7287,89.84725965858041,1
7841,Branch_8872,5160,5156,6.249609399412536,1
7842,Branch_8873,5160,5157,9.80872976949485,1
7843,Branch_8874,5160,5159,30.816640986132512,1
7844,Branch_8875,5160,5158,11.109876680368847,1
7845,Branch_8876,5160,5155,11.109876680368847,1
7846,Branch_8877,3588,4927,16.406890894175554,1
7847,Branch_8878,3815,5160,21.27659574468085,1
7848,Branch_8879,7287,7540,45.33091568449683,1
7849,Branch_8880,1166,1168,1.4760583338253528,1
7850,Branch_8881,211,210,1.7828807787623242,1
7851,Branch_8882,7702,7707,352.11267605633805,1
7852,Branch_8883,7707,7706,11.350737797956867,1
7853,Branch_8884,7705,7707,8.56898029134533,1
7854,Branch_8885,9724,9725,9.286775631500744,1
7855,Branch_8886,9724,9726,9.286775631500744,1
7856,Branch_8887,9547,9724,2000.0,1
7857,Branch_8888,765,1636,59.20663114268798,1
7858,Branch_8889,6188,6470,21.58894645941278,1
7859,Branch_8890,5961,6188,22.951572182694516,1
7860,Branch_8893,4153,4621,408.16326530612247,1
7861,Branch_8894,4152,4621,408.16326530612247,1
7862,Branch_8895,5591,5586,54.88474204171241,1
7863,Branch_8896,5591,5590,75.41478129713424,1
7864,Branch_8897,5591,5589,62.53908692933083,1
7865,Branch_8898,5591,5593,11.983223487118035,1
7866,Branch_8899,5585,5593,-520.8333333333334,1
7867,Branch_8900,5587,5593,8.802042073761113,1
7868,Branch_8901,5591,5592,21.1864406779661,1
7869,Branch_8902,5584,5592,100.0,1
7870,Branch_8903,5588,5592,3.4904013961605584,1
7871,Branch_8904,4136,4232,2000.0,1
7872,Branch_8905,3530,4058,161.55088852988692,1
7873,Branch_8906,3530,3913,92.08103130755065,1
7874,Branch_8907,2003,2002,5.234779877506151,1
7875,Branch_8908,5644,5646,69.7350069735007,1
7876,Branch_8909,5643,5646,72.41129616220131,1
7877,Branch_8910,5645,5646,5.212677231025855,1
7878,Branch_8911,9135,9423,40.32258064516129,1
7879,Branch_8912,5795,5797,2000.0,1
7880,Branch_8913,678,745,806.4516129032259,1
7881,Branch_8914,7497,7663,177.61989342806393,1
7882,Branch_8915,7203,7663,26.70940170940171,1
7883,Branch_8918,5938,6496,3.248862897985705,1
7884,Branch_8920,9890,9921,2000.0,1
7885,Branch_8921,9921,9919,8.6617583369424,1
7886,Branch_8922,9921,9920,8.625894936599671,1
7887,Branch_8923,3162,4996,26.12330198537095,1
7888,Branch_8924,7079,7323,34.036759700476516,1
7889,Branch_8925,3162,3542,39.032006245120996,1
7890,Branch_8926,2635,7097,4.653327128897161,1
7891,Branch_8927,7195,7308,66.00660066006601,1
7892,Branch_8928,7194,7195,2000.0,1
7893,Branch_8930,187,1153,53.13496280552604,1
7894,Branch_8931,7976,7977,64.14368184733804,1
7895,Branch_8932,7975,7977,152.20700152207002,1
7896,Branch_8933,7978,7977,8.450942280064227,1
7897,Branch_8934,7976,7979,46.99248120300752,1
7898,Branch_8935,7975,7979,-543.4782608695652,1
7899,Branch_8936,7980,7979,8.943743851176102,1
7900,Branch_8937,2245,2244,5.139274334463973,1
7901,Branch_8938,2135,2134,4.88328938372888,1
7902,Branch_8939,9537,9538,2.7524703421320633,1
7903,Branch_8940,49,1585,235.8490566037736,1
7904,Branch_8941,49,895,145.98540145985402,1
7905,Branch_8942,6830,7689,16.409583196586805,1
7906,Branch_8943,188,1459,68.1663258350375,1
7907,Branch_8944,5029,5028,13.646288209606986,1
7908,Branch_8945,5029,5273,2000.0,1
7909,Branch_8949,267,1226,124.53300124533001,1
7910,Branch_8950,1077,1226,2000.0,1
7911,Branch_8951,1076,1226,2000.0,1
7912,Branch_8952,7858,7857,14.222727919214906,1
7913,Branch_8953,7856,7858,2000.0,1
7914,Branch_8954,9811,9833,2000.0,1
7915,Branch_8955,9811,9834,2000.0,1
7916,Branch_8956,9810,9832,2000.0,1
7917,Branch_8957,3672,4713,115.07479861910241,1
7918,Branch_8958,991,1173,387.5968992248062,1
7919,Branch_8960,1176,1173,3.299894403379092,1
7920,Branch_8961,1177,1173,3.4441191665231616,1
7921,Branch_8962,1176,1175,4.026089057089942,1
7922,Branch_8963,3725,5298,3.0134096730450506,1
7923,Branch_8964,2938,3725,3.1729914963827897,1
7924,Branch_8968,5832,5834,19.34984520123839,1
7925,Branch_8969,683,1458,119.76047904191617,1
7926,Branch_8970,9151,9270,27.464982147761603,1
7927,Branch_8971,1135,1458,73.52941176470588,1
7928,Branch_8972,373,1458,854.7008547008547,1
7929,Branch_8973,7293,7562,81.30081300813008,1
7930,Branch_8974,6287,6289,-138.88888888888889,1
7931,Branch_8975,6282,6289,18.939393939393938,1
7932,Branch_8976,6292,6289,2.4103936172777014,1
7933,Branch_8986,6287,9857,36.19254433586681,1
7934,Branch_8988,9168,9439,6.387327542156362,1
7935,Branch_8989,3868,9439,1.8868992584485913,1
7936,Branch_8990,8342,8571,37.0919881305638,1
7937,Branch_8991,8342,8345,1000.0,1
7938,Branch_8992,414,415,10.52853232259423,1
7939,Branch_8993,414,416,10.930156301235108,1
7940,Branch_8994,6825,6826,55.77244841048522,1
7941,Branch_8995,7035,7470,93.28358208955224,1
7942,Branch_8996,7470,7593,50.53057099545225,1
7943,Branch_8997,7299,7560,20.846362309776943,1
7944,Branch_8998,9351,9350,11.05094485578517,1
7945,Branch_8999,6614,6623,114.15525114155251,1
7946,Branch_9000,377,1210,684.931506849315,1
7947,Branch_9001,377,1213,684.931506849315,1
7948,Branch_9002,9423,9671,1562.5,1
7949,Branch_9004,419,420,12.893243940175347,1
7950,Branch_9005,419,421,12.893243940175347,1
7951,Branch_9006,419,423,24.88181139586962,1
7952,Branch_9008,8009,8170,21.427040925648168,1
7953,Branch_9009,8116,8184,7.103786318107551,1
7954,Branch_9010,8116,8830,108.22510822510823,1
7955,Branch_9011,8116,8170,72.46376811594203,1
7956,Branch_9012,8184,8293,30.637254901960784,1
7957,Branch_9013,8127,8293,7.605719501064801,1
7958,Branch_9014,8127,8268,9.798157946306095,1
7959,Branch_9016,8038,8314,3.4199726402188784,1
7960,Branch_9018,7900,8203,53.022269353128316,1
7961,Branch_9019,7883,8203,3.1938677738741617,1
7962,Branch_9020,7896,8357,9.325748391308403,1
7963,Branch_9021,8357,8358,8.583690987124463,1
7964,Branch_9022,8358,8359,9.099181073703367,1
7965,Branch_9023,8024,8359,7.593014426727411,1
7966,Branch_9024,2402,2736,23.685457129322597,1
7967,Branch_9026,2402,2465,17.044486108743822,1
7968,Branch_9027,1898,2402,66.84491978609626,1
7969,Branch_9028,1778,2402,71.63323782234957,1
7970,Branch_9029,1874,2401,22.696323195642307,1
7971,Branch_9030,2210,2401,35.637918745545264,1
7972,Branch_9032,1881,2400,98.4251968503937,1
7973,Branch_9033,1881,2400,98.4251968503937,1
7974,Branch_9034,2400,2686,54.28881650380022,1
7975,Branch_9036,1900,2400,120.48192771084338,1
7976,Branch_9037,2936,5168,45.93477262287551,1
7977,Branch_9038,2936,5268,98.52216748768473,1
7978,Branch_9039,5762,5763,10.002000400080016,1
7979,Branch_9040,5760,5762,854.7008547008547,1
7980,Branch_9041,2434,2435,4.130183380142078,1
7981,Branch_9042,1241,2434,3.9984006397441023,1
7982,Branch_9051,2807,4934,2000.0,1
7983,Branch_9052,4519,4520,73.31378299120234,1
7984,Branch_9054,2520,2595,14.444604940054889,1
7985,Branch_9055,7761,7760,23.228803716608596,1
7986,Branch_9059,7565,7760,7.133176403452457,1
7987,Branch_9060,3120,4719,63.89776357827476,1
7988,Branch_9061,3119,4718,63.89776357827476,1
7989,Branch_9062,2776,4542,22.256843979523705,1
7990,Branch_9063,2775,2777,37.778617302606726,1
7991,Branch_9064,2774,4795,95.32888465204957,1
7992,Branch_9065,2886,3446,66.09385327164574,1
7993,Branch_9066,835,830,2.5021894157387714,1
7994,Branch_9067,836,830,2.5021894157387714,1
7995,Branch_9069,838,830,2.6228132294699296,1
7996,Branch_9070,833,834,0.15270695992511252,1
7997,Branch_9071,830,883,64.02048655569783,1
7998,Branch_9072,7164,7399,17.421602787456447,1
7999,Branch_9073,1276,1372,1851.851851851852,1
8000,Branch_9074,922,1372,230.94688221709006,1
8001,Branch_9075,8389,8601,925.925925925926,1
8002,Branch_9076,8601,8826,341.29692832764505,1
8003,Branch_9077,8601,8600,12.40694789081886,1
8004,Branch_9078,7310,7311,3.1985670419651995,1
8005,Branch_9079,938,941,88.88888888888889,1
8006,Branch_9080,939,941,134.9527665317139,1
8007,Branch_9081,942,941,9.926543577526305,1
8008,Branch_9082,938,945,50.377833753148614,1
8009,Branch_9083,939,945,-757.5757575757576,1
8010,Branch_9084,943,945,6.736728644570197,1
8011,Branch_9085,938,946,-315.45741324921136,1
8012,Branch_9086,939,946,43.802014892685065,1
8013,Branch_9087,944,946,11.997600479904019,1
8014,Branch_9088,939,1697,223.71364653243847,1
8015,Branch_9089,2,4,5.424758598242378,1
8016,Branch_9090,2,7,5.424758598242378,1
8017,Branch_9091,2,3,11.81753722524226,1
8018,Branch_9093,2,89,5.410377103284099,1
8019,Branch_9094,2,8,5.392289026691831,1
8020,Branch_9095,7,10,0.8576329331046312,1
8021,Branch_9096,2,9,2.1456925222615597,1
8022,Branch_9097,2,9,2.1456925222615597,1
8023,Branch_9098,2,14,6.5333856004181365,1
8024,Branch_9099,12,320,17.45810055865922,1
8025,Branch_9100,3,1075,170.06802721088437,1
8026,Branch_9102,3,517,39.87240829346093,1
8027,Branch_9103,7238,7623,3.711676935639522,1
8028,Branch_9104,5540,5542,46.27487274409995,1
8029,Branch_9105,5539,5542,-460.8294930875576,1
8030,Branch_9106,5541,5542,8.986340762041696,1
8031,Branch_9107,333,907,1041.6666666666667,1
8032,Branch_9108,333,334,4.1363335539377895,1
8033,Branch_9109,6579,6586,73.96449704142012,1
8034,Branch_9110,6924,6923,9.69274013763691,1
8035,Branch_9111,6924,7786,1408.4507042253522,1
8036,Branch_9112,7329,7338,48.33252779120348,1
8037,Branch_9113,7329,7330,235.2941176470588,1
8038,Branch_9114,7340,7330,61.53846153846154,1
8039,Branch_9115,7327,7330,7.928327915642591,1
8040,Branch_9116,7325,7323,7.52049334436339,1
8041,Branch_9118,7332,7335,34.940600978336825,1
8042,Branch_9119,7324,7334,34.940600978336825,1
8043,Branch_9120,7326,7333,34.940600978336825,1
8044,Branch_9121,7036,7323,58.445353594389246,1
8045,Branch_9122,7009,7323,29.507229271171436,1
8046,Branch_9123,7329,7671,21.34927412467976,1
8047,Branch_9124,7329,7702,75.8150113722517,1
8048,Branch_9125,7329,7702,76.10350076103501,1
8049,Branch_9126,7323,7665,36.46973012399708,1
8050,Branch_9128,7323,7339,2000.0,1
8051,Branch_9129,7323,7341,2000.0,1
8052,Branch_9130,7338,7339,9.385265133740027,1
8053,Branch_9131,7323,7332,1538.4615384615386,1
8054,Branch_9132,7323,7326,1538.4615384615386,1
8055,Branch_9133,7340,7341,9.385265133740027,1
8056,Branch_9134,7323,7324,1538.4615384615386,1
8057,Branch_9135,7329,7597,57.37234652897303,1
8058,Branch_9136,7336,7337,-49.6031746031746,1
8059,Branch_9137,7329,7337,2000.0,1
8060,Branch_9138,7036,7323,58.445353594389246,1
8061,Branch_9139,4567,5033,2000.0,1
8062,Branch_9140,8375,8839,564.9717514124294,1
8063,Branch_9141,7992,8839,174.21602787456445,1
8064,Branch_9142,4567,4587,2000.0,1
8065,Branch_9143,4567,4588,2000.0,1
8066,Branch_9144,5934,6532,2.7873010563871006,1
8067,Branch_9145,6010,6148,2000.0,1
8068,Branch_9146,5133,5268,485.43689320388347,1
8069,Branch_9147,2285,2284,8.908685968819599,1
8070,Branch_9148,2285,2606,793.6507936507936,1
8071,Branch_9149,4997,4998,2000.0,1
8072,Branch_9150,5958,6191,168.0672268907563,1
8073,Branch_9151,5958,6632,11.75226231049477,1
8074,Branch_9152,5958,5978,18.198362147406733,1
8075,Branch_9153,3096,3365,8.670770831526923,1
8076,Branch_9155,2050,2051,3.5855145213338115,1
8077,Branch_9157,7541,7641,5.164755707055057,1
8078,Branch_9158,7540,7541,2000.0,1
8079,Branch_9159,6864,7540,61.53846153846154,1
8080,Branch_9160,7061,7177,80.25682182985554,1
8081,Branch_9161,1091,1092,141.84397163120568,1
8082,Branch_9162,1093,1094,140.4494382022472,1
8083,Branch_9163,4821,4824,14.729709824716453,1
8084,Branch_9164,4821,4825,14.3348623853211,1
8085,Branch_9165,4510,4821,2000.0,1
8086,Branch_9166,9134,9513,15.45833977430824,1
8087,Branch_9167,8691,9046,261.0966057441253,1
8088,Branch_9168,8691,9046,261.0966057441253,1
8089,Branch_9169,130,135,404.8582995951417,1
8090,Branch_9170,3692,5308,2000.0,1
8091,Branch_9171,3690,3689,46.53327128897161,1
8092,Branch_9172,3691,3689,-458.7155963302752,1
8093,Branch_9173,3695,3689,8.960573476702509,1
8094,Branch_9174,3690,3694,46.403712296983755,1
8095,Branch_9175,3692,3694,-450.45045045045043,1
8096,Branch_9176,3693,3694,9.000090000900009,1
8097,Branch_9177,5453,5780,2000.0,1
8098,Branch_9178,5453,5781,2000.0,1
8099,Branch_9179,2482,2483,22.055580061755624,1
8100,Branch_9180,2484,2483,-154.79876160990713,1
8101,Branch_9181,2485,2483,7.4766355140186915,1
8102,Branch_9182,3121,3672,198.80715705765408,1
8103,Branch_9183,7992,7994,49.75124378109453,1
8104,Branch_9184,7991,7994,-555.5555555555555,1
8105,Branch_9185,7995,7994,6.784260515603799,1
8106,Branch_9186,7992,7993,49.75124378109453,1
8107,Branch_9187,7991,7993,-555.5555555555555,1
8108,Branch_9188,7996,7993,6.784260515603799,1
8109,Branch_9189,5394,5619,20.669698222405952,1
8110,Branch_9190,5536,5619,19.98800719568259,1
8111,Branch_9191,5619,5696,23.963575365444523,1
8112,Branch_9192,4509,4511,98.61932938856016,1
8113,Branch_9193,9891,9892,9.1000091000091,1
8114,Branch_9194,9891,9893,9.1000091000091,1
8115,Branch_9195,9894,9895,14.070634585619812,1
8116,Branch_9196,5936,6478,3.9619651347068148,1
8117,Branch_9197,5936,6590,16.611295681063122,1
8118,Branch_9200,3140,9313,32.1853878339234,1
8119,Branch_9201,36,1511,15.288182235132243,1
8120,Branch_9202,680,682,2000.0,1
8121,Branch_9203,679,681,2000.0,1
8122,Branch_9204,7314,7312,15.358623867301489,1
8123,Branch_9205,7315,7313,15.358623867301489,1
8124,Branch_9206,7316,7309,36.85956505713233,1
8125,Branch_9207,7310,7308,13.535462912831619,1
8126,Branch_9208,7308,7316,2000.0,1
8127,Branch_9212,7140,7308,24.521824423737126,1
8128,Branch_9213,6232,6480,10.658708164570454,1
8129,Branch_9214,534,1426,9.25925925925926,1
8130,Branch_9215,9879,9880,56.21135469364812,1
8131,Branch_9216,4097,4100,5.717552887364208,1
8132,Branch_9217,4098,4100,-100.0,1
8133,Branch_9218,4099,4100,3.2562683165092805,1
8134,Branch_9219,9227,9226,7.162810686913545,1
8135,Branch_9220,6511,6660,621.1180124223603,1
8136,Branch_9221,6342,6511,98.61932938856016,1
8137,Branch_9222,8037,8060,273.224043715847,1
8138,Branch_9223,8037,8036,4.780114722753346,1
8139,Branch_9224,8037,8036,4.780114722753346,1
8140,Branch_9225,3644,3789,2000.0,1
8141,Branch_9226,2882,3333,36.67033370003667,1
8142,Branch_9227,3333,4622,49.97501249375313,1
8143,Branch_9228,3193,3464,2000.0,1
8144,Branch_9229,5597,5690,16.283992835043154,1
8145,Branch_9230,7037,7451,6.622955162593549,1
8146,Branch_9231,7008,7426,64.9772579597141,1
8147,Branch_9232,7008,7010,2000.0,1
8148,Branch_9233,7009,7010,2000.0,1
8149,Branch_9234,7278,7280,2000.0,1
8150,Branch_9235,7279,7278,43.49717268377555,1
8151,Branch_9236,6851,7278,54.94505494505494,1
8152,Branch_9237,7279,7281,2000.0,1
8153,Branch_9238,671,993,21.468441391155004,1
8154,Branch_9239,2702,2749,79.11392405063292,1
8155,Branch_9240,1874,1882,45.64125969876768,1
8156,Branch_9241,2613,2757,23.391812865497077,1
8157,Branch_9243,6191,6193,2000.0,1
8158,Branch_9244,3018,4135,26.462026991267532,1
8159,Branch_9245,3001,3018,66.53359946773121,1
8160,Branch_9248,2782,4735,2000.0,1
8161,Branch_9249,7057,7058,5.720823798627002,1
8162,Branch_9251,28,1090,102.24948875255623,1
8163,Branch_9252,28,1090,101.5228426395939,1
8164,Branch_9253,8803,8802,13.22576378785875,1
8165,Branch_9254,979,984,-354.6099290780142,1
8166,Branch_9255,977,984,58.17335660267597,1
8167,Branch_9256,987,984,10.439503079653408,1
8168,Branch_9257,979,983,-847.457627118644,1
8169,Branch_9258,977,983,65.27415143603133,1
8170,Branch_9259,976,983,9.789525208027412,1
8171,Branch_9260,979,985,-250.6265664160401,1
8172,Branch_9261,977,985,55.005500550055004,1
8173,Branch_9262,986,985,10.640561821664184,1
8174,Branch_9263,979,982,2000.0,1
8175,Branch_9264,979,981,2000.0,1
8176,Branch_9265,978,982,1886.7924528301887,1
8177,Branch_9266,980,981,2000.0,1
8178,Branch_9267,28,977,122.69938650306749,1
8179,Branch_9268,28,977,122.69938650306749,1
8180,Branch_9269,105,977,123.45679012345678,1
8181,Branch_9270,105,977,123.45679012345678,1
8182,Branch_9271,7133,7389,2000.0,1
8183,Branch_9273,2222,2221,2.66865926558497,1
8184,Branch_9274,7955,7956,44.96402877697842,1
8185,Branch_9275,7951,7956,440.52863436123346,1
8186,Branch_9276,7952,7956,6.0960741282613995,1
8187,Branch_9277,7955,7957,90.00900090009002,1
8188,Branch_9278,7951,7957,265.2519893899204,1
8189,Branch_9279,7953,7957,13.35826876836762,1
8190,Branch_9280,7955,7958,69.97900629811056,1
8191,Branch_9281,7951,7958,69.01311249137336,1
8192,Branch_9282,7959,7958,5.138482092389908,1
8193,Branch_9284,7301,7404,8.180628272251308,1
8194,Branch_9286,8290,8289,12.007684918347742,1
8195,Branch_9288,7917,7920,12.727504136438844,1
8196,Branch_9289,7917,7924,12.727504136438844,1
8197,Branch_9290,7917,7921,17.711654268508678,1
8198,Branch_9291,7918,7919,12.727504136438844,1
8199,Branch_9292,7918,7922,12.727504136438844,1
8200,Branch_9293,7918,7923,17.711654268508678,1
8201,Branch_9294,9559,9565,79.93605115907275,1
8202,Branch_9295,9559,9565,80.45052292839904,1
8203,Branch_9296,5743,5745,7.519927808693036,1
8204,Branch_9297,5743,5746,71.42857142857143,1
8205,Branch_9298,5743,5744,70.87172218284904,1
8206,Branch_9300,6096,6517,176.3668430335097,1
8207,Branch_9301,6096,6629,12.600806451612904,1
8208,Branch_9302,3018,4449,2000.0,1
8209,Branch_9303,9482,9483,18.740629685157423,1
8210,Branch_9304,9482,9485,21.77226213803614,1
8211,Branch_9305,9484,9483,2.606678309829784,1
8212,Branch_9306,9485,9483,-130.89005235602093,1
8213,Branch_9307,9485,9525,628.930817610063,1
8214,Branch_9308,9485,9525,847.457627118644,1
8215,Branch_9309,9162,9482,27.88622420524261,1
8216,Branch_9310,9165,9482,34.094783498124784,1
8217,Branch_9311,4165,4719,171.82130584192439,1
8218,Branch_9312,4719,4729,33.32222592469177,1
8219,Branch_9313,4718,4730,33.32222592469177,1
8220,Branch_9314,7627,7626,13.914011409489357,1
8221,Branch_9316,5215,5216,8.333333333333334,1
8222,Branch_9317,5215,5221,9.261831990367694,1
8223,Branch_9318,5215,5218,13.640703860319192,1
8224,Branch_9319,5215,5219,9.602458229306702,1
8225,Branch_9320,5215,5222,1.1577692102856216,1
8226,Branch_9321,3898,5215,14.9678191887442,1
8227,Branch_9322,9909,9910,10.646225912913872,1
8228,Branch_9323,9908,9910,-71.07320540156361,1
8229,Branch_9324,9911,9910,2.3710166919575113,1
8230,Branch_9325,3275,3994,353.35689045936397,1
8231,Branch_9326,7987,8741,162.86644951140065,1
8232,Branch_9327,8721,8741,194.55252918287937,1
8233,Branch_9329,7090,7415,684.931506849315,1
8234,Branch_9330,2145,2146,5.203996669442132,1
8235,Branch_9331,7122,7272,8.554319931565441,1
8236,Branch_9332,3330,3329,7.017543859649122,1
8237,Branch_9333,3330,3329,7.661074082586379,1
8238,Branch_9334,3330,3421,4.705882352941177,1
8239,Branch_9335,4057,5246,2000.0,1
8240,Branch_9336,3329,4087,14.992503748125937,1
8241,Branch_9337,3088,3087,13.648150675583459,1
8242,Branch_9338,3087,3994,17.84439685938615,1
8243,Branch_9339,3088,5135,91.74311926605505,1
8244,Branch_9340,3088,4246,15.620118712902219,1
8245,Branch_9341,3088,4452,2.513004799839168,1
8246,Branch_9342,3088,3887,2.6062027625749282,1
8247,Branch_9343,2013,2177,2000.0,1
8248,Branch_9344,9753,9754,62.814070351758794,1
8249,Branch_9345,9753,9757,88.96797153024912,1
8250,Branch_9346,9754,9755,230.4147465437788,1
8251,Branch_9347,3620,3941,64.47453255963894,1
8252,Branch_9348,5993,6643,42.78990158322636,1
8253,Branch_9349,5284,5285,11.381743683132257,1
8254,Branch_9350,5283,5285,5.899705014749262,1
8255,Branch_9351,5287,5285,-11.381743683132257,1
8256,Branch_9352,5284,5286,4.209994527007115,1
8257,Branch_9353,5283,5286,-22.537750732476898,1
8258,Branch_9354,5288,5286,1.0840460936399017,1
8259,Branch_9355,7049,7184,313.47962382445144,1
8260,Branch_9358,7049,7051,8.710801393728223,1
8261,Branch_9359,1156,1526,165.56291390728478,1
8262,Branch_9360,5925,6109,23.1000231000231,1
8263,Branch_9361,5925,6632,50.505050505050505,1
8264,Branch_9364,1587,1588,2000.0,1
8265,Branch_9368,6638,6659,132.27513227513228,1
8266,Branch_9369,6659,6657,11.669973159061735,1
8267,Branch_9370,6659,6658,11.556685542586386,1
8268,Branch_9371,5989,6389,12.751849018107626,1
8269,Branch_9372,580,772,12.853470437017995,1
8270,Branch_9373,580,1647,4.515692029803567,1
8271,Branch_9374,5633,5634,5.807200929152149,1
8272,Branch_9375,8263,8264,4.752851711026616,1
8273,Branch_9376,8475,8667,26.737967914438503,1
8274,Branch_9377,8668,8667,9.601536245799329,1
8275,Branch_9378,6836,7548,232.5581395348837,1
8276,Branch_9379,8773,8772,2.3245542667193564,1
8277,Branch_9380,8143,8773,2000.0,1
8278,Branch_9381,6836,6835,3.7158145065398336,1
8279,Branch_9382,7230,7253,1785.7142857142858,1
8280,Branch_9383,7925,8082,18.37897445322551,1
8281,Branch_9384,7925,8360,151.5151515151515,1
8282,Branch_9385,1781,1782,225.22522522522522,1
8283,Branch_9386,1898,2281,25.906735751295336,1
8284,Branch_9387,1782,1883,85.17887563884156,1
8285,Branch_9388,1883,1930,65.91957811470007,1
8286,Branch_9389,1881,2055,185.5287569573284,1
8287,Branch_9390,1881,2055,184.50184501845018,1
8288,Branch_9391,2178,2680,113.25028312570781,1
8289,Branch_9392,1793,2178,71.12375533428165,1
8290,Branch_9393,450,1157,363.6363636363636,1
8291,Branch_9394,450,1362,606.060606060606,1
8292,Branch_9395,288,1157,1587.3015873015872,1
8293,Branch_9400,9196,9446,101.21457489878543,1
8294,Branch_9401,9196,9353,33.921302578018995,1
8295,Branch_9402,9353,9471,43.84042086804033,1
8296,Branch_9403,9196,9197,10.673497705197994,1
8297,Branch_9404,9197,9713,4.985293384515678,1
8298,Branch_9406,9324,9322,10.621348911311737,1
8299,Branch_9410,9323,9324,2000.0,1
8300,Branch_9411,9322,9462,645.1612903225806,1
8301,Branch_9412,6128,9324,7.548878991469767,1
8302,Branch_9413,1087,1088,2000.0,1
8303,Branch_9414,7283,7616,9.7551458394303,1
8304,Branch_9415,7367,7616,19.801980198019802,1
8305,Branch_9416,7616,7808,96.06147934678194,1
8306,Branch_9417,7096,7616,23.364485981308412,1
8307,Branch_9418,9907,9906,15.394088669950738,1
8308,Branch_9419,9753,9907,2000.0,1
8309,Branch_9420,6871,6869,22.90950744558992,1
8310,Branch_9421,6872,6870,22.81021897810219,1
8311,Branch_9422,7003,7305,2000.0,1
8312,Branch_9423,7135,7306,161.81229773462783,1
8313,Branch_9424,7304,7305,2000.0,1
8314,Branch_9426,7674,7671,23.4246896228625,1
8315,Branch_9427,7597,7671,27.979854504756574,1
8316,Branch_9428,6866,7672,510.2040816326531,1
8317,Branch_9429,6866,7674,529.1005291005291,1
8318,Branch_9430,7751,7770,2000.0,1
8319,Branch_9431,7135,7448,126.74271229404309,1
8320,Branch_9432,7770,7769,13.297872340425531,1
8321,Branch_9433,7415,7518,104.27528675703859,1
8322,Branch_9434,8901,8978,751.8796992481203,1
8323,Branch_9435,820,1086,229.3577981651376,1
8324,Branch_9436,3056,4385,16.105653084232564,1
8325,Branch_9437,2901,3056,2.928000468480075,1
8326,Branch_9438,3822,4452,7.752538956508256,1
8327,Branch_9439,5916,6055,45.16711833785005,1
8328,Branch_9440,4579,4585,2000.0,1
8329,Branch_9441,4579,4596,2000.0,1
8330,Branch_9442,9586,9585,32.74394237066143,1
8331,Branch_9443,9586,9584,20.50020500205002,1
8332,Branch_9444,9586,9583,20.597322348094746,1
8333,Branch_9445,4585,4584,29.940119760479043,1
8334,Branch_9446,4585,4582,18.231540565177756,1
8335,Branch_9447,4585,4583,18.20167455405897,1
8336,Branch_9448,4596,4595,29.559562518474728,1
8337,Branch_9449,4596,4594,17.99208348326736,1
8338,Branch_9450,4596,4597,17.879492222420883,1
8339,Branch_9451,7102,7810,76.62835249042145,1
8340,Branch_9452,7351,7810,120.62726176115802,1
8341,Branch_9453,3056,3822,2000.0,1
8342,Branch_9454,7610,7611,2000.0,1
8343,Branch_9455,7611,7612,6.306363120388472,1
8344,Branch_9456,7611,7612,6.306363120388472,1
8345,Branch_9457,7482,7664,12.575452716297786,1
8346,Branch_9460,1995,2227,102.45901639344262,1
8347,Branch_9461,4376,5176,2000.0,1
8348,Branch_9462,264,1646,452.4886877828054,1
8349,Branch_9463,264,771,144.50867052023122,1
8350,Branch_9464,7281,7745,561.7977528089888,1
8351,Branch_9465,9268,9424,74.4047619047619,1
8352,Branch_9466,6060,6109,40.16064257028113,1
8353,Branch_9467,6060,6156,79.30214115781126,1
8354,Branch_9468,9294,9293,9.380863039399625,1
8355,Branch_9469,9294,9360,9.539254030334828,1
8356,Branch_9470,9162,9293,10.058338362502514,1
8357,Branch_9471,280,281,2000.0,1
8358,Branch_9472,9067,9066,13.28374070138151,1
8359,Branch_9473,8315,9067,2000.0,1
8360,Branch_9474,2212,2394,13.659336156262805,1
8361,Branch_9475,2394,7127,9.40999341300461,1
8362,Branch_9476,2393,2400,44.18912947414936,1
8363,Branch_9477,2393,6918,164.74464579901152,1
8364,Branch_9478,2393,2394,20.716801325875284,1
8365,Branch_9479,2393,7124,69.54102920723227,1
8366,Branch_9480,8163,8167,9.94431185361973,1
8367,Branch_9481,8162,8164,9.875567845151096,1
8368,Branch_9482,8163,8168,9.909820632246557,1
8369,Branch_9483,8162,8166,9.791442279447763,1
8370,Branch_9484,8162,8165,9.754194303550527,1
8371,Branch_9485,8092,8162,2000.0,1
8372,Branch_9486,7881,8005,2000.0,1
8373,Branch_9487,7878,8331,126.10340479192938,1
8374,Branch_9488,8005,8331,2000.0,1
8375,Branch_9489,7876,7878,208.33333333333334,1
8376,Branch_9490,507,506,16.57550140891762,1
8377,Branch_9491,7881,7882,10.54407423028258,1
8378,Branch_9492,7878,7879,10.513036164844408,1
8379,Branch_9493,7876,7877,10.513036164844408,1
8380,Branch_9494,7876,7880,10.513036164844408,1
8381,Branch_9495,9139,9415,14.025245441795231,1
8382,Branch_9496,7371,7372,4.277891854893908,1
8383,Branch_9497,7371,7373,4.277891854893908,1
8384,Branch_9498,7371,7374,4.277891854893908,1
8385,Branch_9499,7371,7375,4.277891854893908,1
8386,Branch_9500,7097,7096,23.752969121140143,1
8387,Branch_9501,7096,7371,719.4244604316547,1
8388,Branch_9502,7096,7841,632.9113924050633,1
8389,Branch_9503,7096,7298,22.670596236681025,1
8390,Branch_9504,7096,7856,141.84397163120568,1
8391,Branch_9505,2595,2594,8.402655239055541,1
8392,Branch_9507,8356,8403,35.486160397445,1
8393,Branch_9508,8356,8430,35.1741118536757,1
8394,Branch_9509,8043,8064,16.94628029147602,1
8395,Branch_9510,1774,1773,19.443904335990666,1
8396,Branch_9511,7137,7610,77.39938080495357,1
8397,Branch_9512,6819,6818,6.242976651267324,1
8398,Branch_9513,7344,7345,9.178522257916475,1
8399,Branch_9514,7344,7345,9.178522257916475,1
8400,Branch_9515,6819,7344,2000.0,1
8401,Branch_9516,9674,9868,149.03129657228018,1
8402,Branch_9517,6937,7851,2000.0,1
8403,Branch_9518,7851,7849,11.503508570113885,1
8404,Branch_9519,7851,7850,11.503508570113885,1
8405,Branch_9520,6025,6213,39.69829297340215,1
8406,Branch_9521,5916,6213,17.6056338028169,1
8407,Branch_9522,7097,7713,46.36068613815485,1
8408,Branch_9523,6672,6674,259.7402597402597,1
8409,Branch_9524,474,991,141.84397163120568,1
8410,Branch_9525,274,507,564.9717514124294,1
8411,Branch_9526,275,276,8.655011251514628,1
8412,Branch_9527,274,275,729.92700729927,1
8413,Branch_9528,1210,1211,95.14747859181732,1
8414,Branch_9529,1212,1213,95.14747859181732,1
8415,Branch_9530,994,1210,156.98587127158555,1
8416,Branch_9531,995,1213,156.98587127158555,1
8417,Branch_9532,3788,3891,2.630402188494621,1
8418,Branch_9533,358,1569,41.597337770382694,1
8419,Branch_9534,9602,9600,8.878629139660836,1
8420,Branch_9535,9602,9601,8.878629139660836,1
8421,Branch_9536,9620,9618,7.501875468867217,1
8422,Branch_9537,9620,9619,7.501875468867217,1
8423,Branch_9538,6088,6507,29.061319383900027,1
8424,Branch_9539,7474,7484,163.9344262295082,1
8425,Branch_9540,7732,7734,22.716946842344388,1
8426,Branch_9541,7733,7735,22.716946842344388,1
8427,Branch_9542,7426,7474,75.7002271006813,1
8428,Branch_9543,7426,7732,2000.0,1
8429,Branch_9544,7426,7733,2000.0,1
8430,Branch_9545,6882,7426,104.0582726326743,1
8431,Branch_9546,8078,8124,180.18018018018017,1
8432,Branch_9547,8118,8124,23.228803716608596,1
8433,Branch_9548,4756,4757,10.594342621040365,1
8434,Branch_9549,4756,4758,10.583130489998942,1
8435,Branch_9550,4559,6708,65.31678641410842,1
8436,Branch_9551,8714,8713,10.658708164570454,1
8437,Branch_9552,8715,8713,10.984182776801406,1
8438,Branch_9553,9814,9815,7.5392038600723765,1
8439,Branch_9554,466,1751,2000.0,1
8440,Branch_9555,466,467,77.82101167315174,1
8441,Branch_9556,466,468,77.82101167315174,1
8442,Branch_9557,466,469,-148.3679525222552,1
8443,Branch_9558,460,467,9.424182452172275,1
8444,Branch_9559,461,467,9.406452826639075,1
8445,Branch_9560,462,468,9.424182452172275,1
8446,Branch_9561,463,468,9.406452826639075,1
8447,Branch_9562,465,469,9.54653937947494,1
8448,Branch_9563,464,469,9.287638153617536,1
8449,Branch_9564,841,900,27.034333603676668,1
8450,Branch_9565,483,842,45.41326067211626,1
8451,Branch_9566,486,842,45.558086560364465,1
8452,Branch_9567,842,845,2000.0,1
8453,Branch_9568,842,844,2000.0,1
8454,Branch_9569,842,884,32.98153034300792,1
8455,Branch_9570,841,888,33.222591362126245,1
8456,Branch_9571,842,847,-231.4814814814815,1
8457,Branch_9572,843,847,53.50454788657036,1
8458,Branch_9573,848,847,10.278548668927947,1
8459,Branch_9574,841,851,-331.12582781456956,1
8460,Branch_9575,843,851,57.8368999421631,1
8461,Branch_9577,849,851,10.472300764477955,1
8462,Branch_9578,841,853,-781.25,1
8463,Branch_9579,843,853,65.23157208088715,1
8464,Branch_9581,854,853,9.848335631278314,1
8465,Branch_9582,842,852,-492.61083743842363,1
8466,Branch_9583,843,852,58.20721769499418,1
8467,Branch_9585,850,852,9.891196834817013,1
8468,Branch_9586,8538,8571,28.555111364934323,1
8469,Branch_9587,7641,7655,2000.0,1
8470,Branch_9596,9064,9065,24.685262898049864,1
8471,Branch_9597,9064,9063,9.937394415184338,1
8472,Branch_9598,7301,7782,96.99321047526674,1
8473,Branch_9599,7269,7782,3.7505156959081876,1
8474,Branch_9600,1431,1561,746.2686567164179,1
8475,Branch_9601,4855,4856,14.801657785671996,1
8476,Branch_9602,4855,4857,4.802151363810987,1
8477,Branch_9603,6004,6003,4.622353702505316,1
8478,Branch_9604,4931,4932,3.827751196172249,1
8479,Branch_9605,657,738,47.14757190004715,1
8480,Branch_9606,900,901,215.05376344086022,1
8481,Branch_9607,899,902,293.2551319648094,1
8482,Branch_9608,883,902,71.89072609633357,1
8483,Branch_9609,4526,4531,2000.0,1
8484,Branch_9610,4526,4530,2000.0,1
8485,Branch_9611,4526,4532,2000.0,1
8486,Branch_9612,3974,3976,19.71608832807571,1
8487,Branch_9613,3974,3975,19.569471624266146,1
8488,Branch_9614,529,878,581.3953488372093,1
8489,Branch_9615,528,529,2000.0,1
8490,Branch_9616,542,959,4.479483963447411,1
8491,Branch_9617,542,671,4.1995632454224765,1
8492,Branch_9618,277,339,657.8947368421053,1
8493,Branch_9621,892,1680,13.345789403443213,1
8494,Branch_9622,787,892,11.571395510298542,1
8495,Branch_9623,628,820,71.94244604316546,1
8496,Branch_9624,684,1206,8.976660682226212,1
8497,Branch_9625,684,928,9.182736455463727,1
8498,Branch_9626,7166,7165,9.63948332369385,1
8499,Branch_9627,6856,7166,847.457627118644,1
8500,Branch_9628,332,330,16.5892501658925,1
8501,Branch_9629,332,331,16.5892501658925,1
8502,Branch_9630,332,515,367.6470588235294,1
8503,Branch_9631,5755,5766,20.060180541624874,1
8504,Branch_9632,5441,5442,5.2854122621564485,1
8505,Branch_9633,6068,6516,12.790995139421847,1
8506,Branch_9634,3066,3433,5.14827018121911,1
8507,Branch_9635,9411,9412,10.650761529449355,1
8508,Branch_9637,9155,9222,2000.0,1
8509,Branch_9638,139,138,9.42951438000943,1
8510,Branch_9639,5570,5747,90.9090909090909,1
8511,Branch_9640,3027,4095,239.8081534772182,1
8512,Branch_9641,3000,3027,132.80212483399734,1
8513,Branch_9642,6926,6928,9.469696969696969,1
8514,Branch_9643,6927,6928,0.7369957106849638,1
8515,Branch_9644,6925,6928,-27.389756231169542,1
8516,Branch_9645,6926,7703,15.008254539996999,1
8517,Branch_9646,6925,7649,3.9813672014969943,1
8518,Branch_9647,9250,9581,12.16397031991242,1
8519,Branch_9648,7515,7516,2000.0,1
8520,Branch_9649,6882,7516,289.8550724637681,1
8521,Branch_9650,6947,7702,175.43859649122808,1
8522,Branch_9651,8225,8308,13.014055179593962,1
8523,Branch_9652,7053,7137,69.7350069735007,1
8524,Branch_9653,7093,7179,8.15594160345812,1
8525,Branch_9654,4947,4946,23.245002324500234,1
8526,Branch_9655,9154,9435,7.245326764237067,1
8527,Branch_9656,9154,9473,10.937329104232747,1
8528,Branch_9657,4364,5125,37.299515106303616,1
8529,Branch_9659,4518,5318,117.096018735363,1
8530,Branch_9660,2901,4850,8.426729586247577,1
8531,Branch_9661,7057,7422,8.32639467110741,1
8532,Branch_9662,7097,7422,1.8742034635280005,1
8533,Branch_9663,7422,7571,5.170630816959669,1
8534,Branch_9664,6600,6604,1315.7894736842106,1
8535,Branch_9665,633,635,2000.0,1
8536,Branch_9666,634,636,2000.0,1
8537,Branch_9667,633,884,118.2033096926714,1
8538,Branch_9670,6898,7023,429.18454935622316,1
8539,Branch_9671,4756,5344,250.6265664160401,1
8540,Branch_9672,1380,1381,3.069085105729982,1
8541,Branch_9673,3446,3555,3.0365601846228594,1
8542,Branch_9674,3445,5202,68.4931506849315,1
8543,Branch_9675,3265,3444,25.588536335721596,1
8544,Branch_9676,4796,4798,12.802458071949815,1
8545,Branch_9677,4796,4799,8.156606851549755,1
8546,Branch_9678,4797,4796,42.3728813559322,1
8547,Branch_9679,4778,4797,182.14936247723134,1
8548,Branch_9682,6889,7085,49.82561036372696,1
8549,Branch_9695,7130,7818,16.9061707523246,1
8550,Branch_9696,7594,7818,3.006795357507968,1
8551,Branch_9697,6947,7654,416.6666666666667,1
8552,Branch_9698,8859,8857,11.559357299734135,1
8553,Branch_9699,8859,8858,11.469205184080744,1
8554,Branch_9700,8820,8859,990.0990099009902,1
8555,Branch_9701,371,363,4.738887309259786,1
8556,Branch_9702,371,364,4.738887309259786,1
8557,Branch_9703,371,365,4.738887309259786,1
8558,Branch_9704,371,366,4.738887309259786,1
8559,Branch_9705,371,367,4.738887309259786,1
8560,Branch_9706,371,368,4.738887309259786,1
8561,Branch_9707,371,369,4.738887309259786,1
8562,Branch_9708,371,370,4.738887309259786,1
8563,Branch_9709,7096,7689,9.636696540425943,1
8564,Branch_9710,8915,8913,9.723842862699339,1
8565,Branch_9711,8915,8914,11.469205184080744,1
8566,Branch_9712,8820,8915,869.5652173913044,1
8567,Branch_9713,9229,9232,46.81647940074907,1
8568,Branch_9714,9231,9232,-507.61421319796955,1
8569,Branch_9715,9230,9232,5.130573085013596,1
8570,Branch_9716,1063,1273,495.0495049504951,1
8571,Branch_9717,1578,1583,3.1187624750499,1
8572,Branch_9718,4027,4184,187.6172607879925,1
8573,Branch_9719,14,1583,149.03129657228018,1
8574,Branch_9720,3182,4027,111.48272017837235,1
8575,Branch_9721,3522,3799,85.32423208191126,1
8576,Branch_9722,3799,4750,2000.0,1
8577,Branch_9723,3119,4709,238.6634844868735,1
8578,Branch_9724,3120,4710,238.6634844868735,1
8579,Branch_9725,3737,4710,140.8450704225352,1
8580,Branch_9726,4710,4712,85.6898029134533,1
8581,Branch_9727,4709,4711,85.6898029134533,1
8582,Branch_9728,3045,3708,5.297732570459843,1
8583,Branch_9729,2970,3709,30.864197530864196,1
8584,Branch_9730,3433,3708,5.169027189083015,1
8585,Branch_9731,3708,3709,11.538017768547364,1
8586,Branch_9732,7001,7043,172.1170395869191,1
8587,Branch_9733,7043,7550,31.017369727047146,1
8588,Branch_9734,7023,7043,58.03830528148578,1
8589,Branch_9735,88,1633,129.19896640826875,1
8590,Branch_9736,1633,1634,2.8827582230678312,1
8591,Branch_9737,1633,1635,2.7092194738695783,1
8592,Branch_9738,1135,1143,15.89825119236884,1
8593,Branch_9739,1136,1140,21.41327623126338,1
8594,Branch_9740,1136,1138,21.41327623126338,1
8595,Branch_9741,1136,1137,21.41327623126338,1
8596,Branch_9742,1136,1142,21.41327623126338,1
8597,Branch_9743,1135,1141,21.41327623126338,1
8598,Branch_9744,1135,1139,26.939655172413794,1
8599,Branch_9745,970,969,16.452780519907865,1
8600,Branch_9746,972,971,16.469038208168644,1
8601,Branch_9747,973,974,16.488046166529266,1
8602,Branch_9748,8380,9094,118.76484560570071,1
8603,Branch_9749,3343,3341,46.21072088724584,1
8604,Branch_9750,3342,3341,-467.2897196261682,1
8605,Branch_9751,3344,3341,8.97102359379205,1
8606,Branch_9752,3044,3972,68.54009595613434,1
8607,Branch_9753,2070,2510,74.96251874062969,1
8608,Branch_9754,449,2510,23.266635644485806,1
8609,Branch_9756,1115,2510,10.82485386447283,1
8610,Branch_9757,8038,8212,11.927480916030534,1
8611,Branch_9758,7435,7436,1.6171286264109448,1
8612,Branch_9759,7435,7437,2.3214244260278107,1
8613,Branch_9760,6584,6587,41.084634346754314,1
8614,Branch_9762,4101,5198,5.359056806002144,1
8615,Branch_9763,3179,3517,63.57279084551812,1
8616,Branch_9764,3179,3177,10.620220900594733,1
8617,Branch_9765,3177,3176,2000.0,1
8618,Branch_9766,3176,4751,24.131274131274132,1
8619,Branch_9767,14,959,28.058361391694724,1
8620,Branch_9768,45,989,675.6756756756756,1
8621,Branch_9769,1579,1580,2000.0,1
8622,Branch_9770,1581,1582,2000.0,1
8623,Branch_9771,5929,6466,432.9004329004329,1
8624,Branch_9772,5929,5930,10.498687664041995,1
8625,Branch_9773,5929,5931,10.50089257586895,1
8626,Branch_9774,6133,6466,2000.0,1
8627,Branch_9775,358,475,306.7484662576687,1
8628,Branch_9776,475,907,67.11409395973155,1
8629,Branch_9777,7410,7546,19.406171162429654,1
8630,Branch_9778,7355,7546,81.36696501220504,1
8631,Branch_9779,1821,2110,33.61344537815126,1
8632,Branch_9780,1821,1899,67.11409395973155,1
8633,Branch_9781,1769,2719,2000.0,1
8634,Branch_9782,1769,2104,75.75757575757575,1
8635,Branch_9783,1923,2210,125.62814070351759,1
8636,Branch_9784,695,1222,246.91358024691357,1
8637,Branch_9785,921,1222,153.60983102918587,1
8638,Branch_9786,7935,7942,49.504950495049506,1
8639,Branch_9787,7941,7942,5.700929251467989,1
8640,Branch_9788,7940,7942,5.651313930488839,1
8641,Branch_9789,7935,7943,46.860356138706656,1
8642,Branch_9790,7938,7943,5.728689275893675,1
8643,Branch_9791,7939,7943,5.6840788950150625,1
8644,Branch_9792,7935,7944,44.28697962798937,1
8645,Branch_9793,7936,7944,5.626828719333783,1
8646,Branch_9794,7936,7944,5.566998830930245,1
8647,Branch_9795,7935,7945,135.13513513513513,1
8648,Branch_9796,7937,7945,6.120700208103807,1
8649,Branch_9797,7937,7945,6.1109753116597405,1
8650,Branch_9798,3936,4672,69.88120195667365,1
8651,Branch_9799,2913,2914,6.406149903907751,1
8652,Branch_9800,2912,2914,42.19409282700422,1
8653,Branch_9801,2915,2914,3.9401103230890464,1
8654,Branch_9802,158,1512,2000.0,1
8655,Branch_9803,8808,8809,46.04051565377532,1
8656,Branch_9804,8807,8809,-438.5964912280702,1
8657,Branch_9805,8811,8809,9.06947215672048,1
8658,Branch_9806,8808,8810,46.27487274409995,1
8659,Branch_9807,8807,8810,-460.8294930875576,1
8660,Branch_9808,8812,8810,8.916629514043692,1
8661,Branch_9809,6643,6648,16.35590448151783,1
8662,Branch_9811,8784,8785,105.70824524312897,1
8663,Branch_9812,8781,8785,8.203445447087777,1
8664,Branch_9813,8780,8785,8.203445447087777,1
8665,Branch_9814,8784,8786,105.70824524312897,1
8666,Branch_9815,8782,8786,8.203445447087777,1
8667,Branch_9816,8783,8786,8.203445447087777,1
8668,Branch_9817,2243,2256,23.277467411545622,1
8669,Branch_9818,6911,7567,49.23682914820286,1
8670,Branch_9819,1238,1239,79.55449482895784,1
8671,Branch_9820,734,1239,53.61930294906166,1
8672,Branch_9821,1236,1238,2000.0,1
8673,Branch_9822,1238,1243,87.18395815170008,1
8674,Branch_9823,1237,1245,87.7963125548727,1
8675,Branch_9824,2456,2715,57.077625570776256,1
8676,Branch_9825,4822,4824,27.731558513588464,1
8677,Branch_9826,1793,1806,38.55050115651503,1
8678,Branch_9827,4823,4825,27.731558513588464,1
8679,Branch_9828,2214,2465,86.88097306689835,1
8680,Branch_9830,2110,2680,24.92522432701894,1
8681,Branch_9831,2254,2680,53.022269353128316,1
8682,Branch_9832,2079,2681,58.61664712778429,1
8683,Branch_9833,2253,2681,44.24778761061947,1
8684,Branch_9834,2013,2686,41.52823920265781,1
8685,Branch_9837,2055,2686,107.29613733905579,1
8686,Branch_9838,1900,2686,75.35795026375283,1
8687,Branch_9839,9561,9633,227.27272727272728,1
8688,Branch_9840,357,947,2000.0,1
8689,Branch_9841,357,353,97.37098344693281,1
8690,Branch_9842,345,353,5.7224606580829755,1
8691,Branch_9843,346,353,5.657708628005658,1
8692,Branch_9844,357,354,97.37098344693281,1
8693,Branch_9845,347,354,5.7224606580829755,1
8694,Branch_9846,348,354,5.657708628005658,1
8695,Branch_9847,357,355,97.37098344693281,1
8696,Branch_9848,349,355,5.7224606580829755,1
8697,Branch_9849,350,355,5.657708628005658,1
8698,Branch_9850,357,356,97.37098344693281,1
8699,Branch_9851,351,356,5.7224606580829755,1
8700,Branch_9852,352,356,5.657708628005658,1
8701,Branch_9853,7181,7665,8.424599831508003,1
8702,Branch_9854,6129,6128,7.199424046076314,1
8703,Branch_9855,4845,4842,12.094823415578132,1
8704,Branch_9856,4845,4843,12.094823415578132,1
8705,Branch_9857,4844,4845,2000.0,1
8706,Branch_9858,9571,9589,104.71204188481676,1
8707,Branch_9859,9589,9602,282.4858757062147,1
8708,Branch_9860,9589,9620,137.7410468319559,1
8709,Branch_9861,7346,7348,301.2048192771084,1
8710,Branch_9862,7347,7348,301.2048192771084,1
8711,Branch_9863,7346,7349,301.2048192771084,1
8712,Branch_9864,7347,7349,301.2048192771084,1
8713,Branch_9865,6008,6088,16.363933889707084,1
8714,Branch_9866,6008,6024,40.04805766920305,1
8715,Branch_9867,6424,6688,2000.0,1
8716,Branch_9868,6688,6687,11.37397634212921,1
8717,Branch_9869,8726,8727,11.579434923575729,1
8718,Branch_9870,8726,8728,11.486331265793705,1
8719,Branch_9871,8691,8726,2000.0,1
8720,Branch_9872,6833,7082,2000.0,1
8721,Branch_9873,7082,7106,9.799118079372857,1
8722,Branch_9874,7130,7455,7.609191903819815,1
8723,Branch_9875,8180,8354,500.0,1
8724,Branch_9876,8080,8353,3.366096674296486,1
8725,Branch_9877,6944,7846,49.800796812749006,1
8726,Branch_9878,6727,6737,141.04372355430183,1
8727,Branch_9879,6737,6736,13.338668800853675,1
8728,Branch_9880,5759,5830,213.67521367521368,1
8729,Branch_9881,1190,1188,5.688282138794084,1
8730,Branch_9882,1189,1191,3.1746031746031744,1
8731,Branch_9883,1189,1193,4.8076923076923075,1
8732,Branch_9884,1189,1192,4.8076923076923075,1
8733,Branch_9885,1189,1191,4.8076923076923075,1
8734,Branch_9886,503,1188,23.28288707799767,1
8735,Branch_9887,1188,1189,2000.0,1
8736,Branch_9888,7299,7418,58.13953488372093,1
8737,Branch_9889,6825,7091,500.0,1
8738,Branch_9890,7048,7092,40.816326530612244,1
8739,Branch_9891,1190,1256,6.25,1
8740,Branch_9892,1188,1525,97.18172983479106,1
8741,Branch_9893,875,1190,5.602240896358543,1
8742,Branch_9894,1155,1188,36.36363636363637,1
8743,Branch_9895,7092,7299,143.0615164520744,1
8744,Branch_9896,1190,1426,19.940179461615156,1
8745,Branch_9897,1190,7270,7.6923076923076925,1
8746,Branch_9899,1190,7547,3.9215686274509802,1
8747,Branch_9900,93,937,80.45052292839904,1
8748,Branch_9901,157,937,51.440329218106996,1
8749,Branch_9902,459,458,8.598452278589853,1
8750,Branch_9903,5729,5775,25.01876407305479,1
8751,Branch_9904,5595,5729,41.40786749482402,1
8752,Branch_9905,5695,5729,13.054830287206267,1
8753,Branch_9906,7406,7536,9.643201542912246,1
8754,Branch_9907,8375,8903,775.1937984496124,1
8755,Branch_9908,9381,9481,2000.0,1
8756,Branch_9909,9112,9118,46.27487274409995,1
8757,Branch_9910,9114,9118,-460.8294930875576,1
8758,Branch_9911,9119,9118,9.00657479960371,1
8759,Branch_9915,9403,9404,5.935070330583417,1
8760,Branch_9916,9405,9404,-125.78616352201257,1
8761,Branch_9917,9406,9404,3.0825190345550384,1
8762,Branch_9918,9235,9321,1000.0,1
8763,Branch_9919,5896,5895,6.527415143603133,1
8764,Branch_9920,8814,8816,269.54177897574124,1
8765,Branch_9922,4382,4383,11.402508551881414,1
8766,Branch_9923,4384,4876,176.99115044247787,1
8767,Branch_9924,7137,7143,10.053282396702523,1
8768,Branch_9925,7137,7140,10.05631536604988,1
8769,Branch_9926,5937,6656,37.34129947722181,1
8770,Branch_9928,2773,4908,73.85524372230428,1
8771,Branch_9929,4908,4940,2000.0,1
8772,Branch_9930,4559,4908,59.630292188431724,1
8773,Branch_9932,6046,6184,123.30456226880395,1
8774,Branch_9933,8903,8904,17.105713308244955,1
8775,Branch_9937,6110,6114,37.72161448509996,1
8776,Branch_9938,6109,6114,-309.59752321981426,1
8777,Branch_9939,6112,6114,6.968155529231413,1
8778,Branch_9940,6110,6113,37.93626707132018,1
8779,Branch_9941,6109,6113,-319.4888178913738,1
8780,Branch_9942,6111,6113,6.3516260162601625,1
8781,Branch_9944,6109,6617,18.30831197363603,1
8782,Branch_9945,6826,6827,8.583690987124463,1
8783,Branch_9946,6826,6828,8.583690987124463,1
8784,Branch_9947,6934,7814,40.27386226339106,1
8785,Branch_9948,7675,7680,96.89922480620154,1
8786,Branch_9949,7677,7680,5.668291576918716,1
8787,Branch_9950,7676,7680,5.635390250774866,1
8788,Branch_9951,7675,7681,87.10801393728222,1
8789,Branch_9952,7679,7681,5.693463903438852,1
8790,Branch_9953,7678,7681,5.627778715740897,1
8791,Branch_9954,7666,7682,917.4311926605504,1
8792,Branch_9955,7682,7814,2000.0,1
8793,Branch_9956,7323,7814,29.472443265546715,1
8794,Branch_9957,7814,7815,271.00271002710025,1
8795,Branch_9958,5841,5842,45.187528242205154,1
8796,Branch_9959,5839,5842,-467.2897196261682,1
8797,Branch_9960,5843,5842,7.662248103593594,1
8798,Branch_9961,13,263,240.96385542168676,1
8799,Branch_9962,62,274,158.22784810126583,1
8800,Branch_9963,7566,7567,9.56846234810066,1
8801,Branch_9967,6899,6944,2000.0,1
8802,Branch_9968,6901,6902,24.479804161566708,1
8803,Branch_9969,6899,6901,2000.0,1
8804,Branch_9970,2918,2921,46.51162790697674,1
8805,Branch_9971,2917,2921,-485.43689320388347,1
8806,Branch_9972,2919,2921,8.907892392659896,1
8807,Branch_9973,2918,2923,43.85964912280702,1
8808,Branch_9974,2920,2923,218.8183807439825,1
8809,Branch_9975,2922,2923,9.94431185361973,1
8810,Branch_9976,3537,3897,29.197080291970803,1
8811,Branch_9977,3897,4077,36.114120621162876,1
8812,Branch_9978,3790,3897,39.09304143862393,1
8813,Branch_9979,8511,8512,6.238303181534623,1
8814,Branch_9980,8511,8513,6.238303181534623,1
8815,Branch_9981,8505,8511,217.8649237472767,1
8816,Branch_9982,5252,5279,118.62396204033215,1
8817,Branch_9983,3030,5252,139.27576601671308,1
8818,Branch_9984,7637,7708,11.68360789811894,1
8819,Branch_9985,7795,7796,2000.0,1
8820,Branch_9987,7063,7485,35.27336860670194,1
8821,Branch_9995,6898,7545,135.8695652173913,1
8822,Branch_9996,7675,7682,2000.0,1
8823,Branch_9997,3921,4188,223.21428571428572,1
8824,Branch_9998,3097,3921,28.481913984619766,1
8825,Branch_9999,128,127,17.969451931716083,1
8826,Branch_10000,128,1241,78.06401249024199,1
8827,Branch_10001,6098,6179,3.8061888630913865,1
8828,Branch_10002,7000,7120,10.504201680672269,1
8829,Branch_10003,5641,5695,128.2051282051282,1
8830,Branch_10004,8610,8609,11.524720525527256,1
8831,Branch_10005,8178,8610,21.682567215958368,1
8832,Branch_10006,9525,9547,31.665611146295124,1
8833,Branch_10007,7392,7391,7.891414141414141,1
8834,Branch_10008,7391,7393,2000.0,1
8835,Branch_10009,7138,7392,16.663889351774703,1
8836,Branch_10010,7137,7391,34.129692832764505,1
8837,Branch_10011,799,1440,1282.051282051282,1
8838,Branch_10012,481,1451,7.974481658692185,1
8839,Branch_10013,478,481,42.7715996578272,1
8840,Branch_10015,6847,7197,746.2686567164179,1
8841,Branch_10016,7042,7582,31.416902293433868,1
8842,Branch_10017,7584,7581,87.41258741258741,1
8843,Branch_10018,7582,7581,107.41138560687433,1
8844,Branch_10019,7578,7581,5.73394495412844,1
8845,Branch_10020,7584,7580,46.468401486988846,1
8846,Branch_10021,7582,7580,-456.62100456621005,1
8847,Branch_10022,7579,7580,11.734334663224596,1
8848,Branch_10023,7585,7586,2000.0,1
8849,Branch_10024,7085,7582,11.634671320535196,1
8850,Branch_10025,7584,7585,-49.75124378109453,1
8851,Branch_10026,7584,7794,217.8649237472767,1
8852,Branch_10027,2544,2543,12.939958592132506,1
8853,Branch_10028,2544,2541,13.039509714434738,1
8854,Branch_10029,2544,2540,13.03780964797914,1
8855,Branch_10030,2544,2542,25.06265664160401,1
8856,Branch_10031,8200,8201,9.810654370646523,1
8857,Branch_10032,8200,8201,8.32639467110741,1
8858,Branch_10033,8201,8350,12.470382840753212,1
8859,Branch_10034,8064,8200,28.70264064293915,1
8860,Branch_10035,7118,7497,15.410695022345507,1
8861,Branch_10036,7286,7285,10.574177857671566,1
8862,Branch_10037,9751,9752,3.913894324853229,1
8863,Branch_10038,3266,3365,17.280110592707793,1
8864,Branch_10039,3100,3101,46.36068613815485,1
8865,Branch_10040,3099,3101,-452.4886877828054,1
8866,Branch_10041,3098,3101,9.317927692881103,1
8867,Branch_10042,8399,8477,37.878787878787875,1
8868,Branch_10043,8396,8477,41.928721174004195,1
8869,Branch_10044,740,882,32.84072249589491,1
8870,Branch_10045,740,1452,8.952551477170994,1
8871,Branch_10046,128,740,15.54243083618278,1
8872,Branch_10047,3068,4162,4.294425835265825,1
8873,Branch_10048,4202,4206,45.72473708276178,1
8874,Branch_10049,4200,4206,-425.531914893617,1
8875,Branch_10050,4203,4206,9.02608538676776,1
8876,Branch_10054,3065,4200,35.7653791130186,1
8877,Branch_10055,3585,4200,104.82180293501048,1
8878,Branch_10056,5403,5731,357.14285714285717,1
8879,Branch_10057,3585,4481,48.732943469785575,1
8880,Branch_10058,8237,8382,2000.0,1
8881,Branch_10059,6088,6513,26.70940170940171,1
8882,Branch_10060,6107,6204,6.47542575924367,1
8883,Branch_10061,7167,7469,75.13148009015778,1
8884,Branch_10062,5926,6312,10.918222513374822,1
8885,Branch_10063,5991,6516,5.519068381257243,1
8886,Branch_10064,5948,5991,7.062146892655367,1
8887,Branch_10065,7153,7439,15.015015015015015,1
8888,Branch_10066,7469,7536,83.12551953449709,1
8889,Branch_10067,9250,9355,7.044734061289186,1
8890,Branch_10068,7424,7425,9.565716472163766,1
8891,Branch_10069,7424,7425,9.565716472163766,1
8892,Branch_10070,5934,6634,131.06159895150722,1
8893,Branch_10071,3232,4343,6.364967220418815,1
8894,Branch_10072,9148,9250,2000.0,1
8895,Branch_10073,3232,3850,9.69274013763691,1
8896,Branch_10074,3014,3850,18.58045336306206,1
8897,Branch_10075,5525,5830,46.57661853749418,1
8898,Branch_10076,5437,5830,21.602937999567942,1
8899,Branch_10077,771,1436,591.7159763313609,1
8900,Branch_10078,7063,7064,40.38772213247173,1
8901,Branch_10080,2774,2775,-39.354584809130266,1
8902,Branch_10081,2772,2773,-46.948356807511736,1
8903,Branch_10082,5933,6516,21.63097555699762,1
8904,Branch_10083,3361,3469,226.2443438914027,1
8905,Branch_10084,4840,4839,16.44195988161789,1
8906,Branch_10085,4840,4837,11.916110581506196,1
8907,Branch_10086,4840,4838,11.856770215793217,1
8908,Branch_10087,3301,5176,2000.0,1
8909,Branch_10088,7058,7443,25.70694087403599,1
8910,Branch_10089,5889,6468,480.7692307692308,1
8911,Branch_10090,6133,6468,2000.0,1
8912,Branch_10091,5948,9534,5.749108888122341,1
8913,Branch_10092,9633,9632,10.00300090027008,1
8914,Branch_10093,379,405,2000.0,1
8915,Branch_10094,405,404,11.429877700308607,1
8916,Branch_10095,405,406,16.02820964898221,1
8917,Branch_10096,773,1576,111.23470522803115,1
8918,Branch_10097,5474,5569,21.710811984368217,1
8919,Branch_10098,5845,5846,4.1363335539377895,1
8920,Branch_10099,5844,5845,2000.0,1
8921,Branch_10100,9043,9041,10.811979673478215,1
8922,Branch_10101,9043,9042,10.811979673478215,1
8923,Branch_10102,4940,4938,12.003360941063498,1
8924,Branch_10103,4940,4939,12.003360941063498,1
8925,Branch_10104,7347,7350,2000.0,1
8926,Branch_10105,4386,5176,56.21135469364812,1
8927,Branch_10106,8389,8455,340.13605442176873,1
8928,Branch_10107,8453,8455,8.298755186721992,1
8929,Branch_10108,8454,8455,8.298755186721992,1
8930,Branch_10109,3139,4101,4.2673039173849965,1
8931,Branch_10110,3139,4152,18.85014137606032,1
8932,Branch_10111,3139,3232,10.647359454855195,1
8933,Branch_10112,6641,6691,247.52475247524754,1
8934,Branch_10113,6691,6689,11.123470522803114,1
8935,Branch_10114,6691,6690,11.123470522803114,1
8936,Branch_10115,6613,6641,132.9787234042553,1
8937,Branch_10116,6641,6640,13.080444735120993,1
8938,Branch_10117,93,157,113.89521640091117,1
8939,Branch_10118,93,657,41.911148365465216,1
8940,Branch_10119,93,95,-333.3333333333333,1
8941,Branch_10120,92,95,55.5247084952804,1
8942,Branch_10121,94,95,9.498480243161094,1
8943,Branch_10122,93,96,203.2520325203252,1
8944,Branch_10123,92,96,105.04201680672269,1
8945,Branch_10124,97,96,11.88212927756654,1
8946,Branch_10125,777,778,2000.0,1
8947,Branch_10126,776,778,2000.0,1
8948,Branch_10127,774,777,2000.0,1
8949,Branch_10128,775,776,2000.0,1
8950,Branch_10129,777,907,48.97159647404506,1
8951,Branch_10130,2525,2526,1.0945349868108534,1
8952,Branch_10131,257,936,2000.0,1
8953,Branch_10132,6588,6589,13.468013468013469,1
8954,Branch_10133,1293,1294,258.3979328165375,1
8955,Branch_10135,7120,7446,28.169014084507044,1
8956,Branch_10136,6781,6784,2000.0,1
8957,Branch_10137,8645,8647,31.230480949406623,1
8958,Branch_10138,8644,8647,-78.98894154818325,1
8959,Branch_10139,8648,8647,8.14000814000814,1
8960,Branch_10140,8645,8646,47.48338081671415,1
8961,Branch_10141,8644,8646,-621.1180124223603,1
8962,Branch_10142,8649,8646,8.925383791503034,1
8963,Branch_10143,2303,2306,4.080133828389571,1
8964,Branch_10144,2304,2307,4.095339503644852,1
8965,Branch_10145,2303,2305,2000.0,1
8966,Branch_10146,2304,2305,2000.0,1
8967,Branch_10147,2297,2305,2000.0,1
8968,Branch_10148,3498,4137,2000.0,1
8969,Branch_10149,3076,3077,45.662100456621005,1
8970,Branch_10151,3076,3077,45.433893684688776,1
8971,Branch_10152,262,1099,34.317089910775564,1
8972,Branch_10153,2098,2110,142.65335235378032,1
8973,Branch_10155,2580,2710,42.6075841499787,1
8974,Branch_10156,2247,2710,50.27652086475616,1
8975,Branch_10158,4567,4954,83.5421888053467,1
8976,Branch_10159,3621,4954,16.70843776106934,1
8977,Branch_10160,6314,6414,4.701457451810061,1
8978,Branch_10161,6167,6314,43.936731107205624,1
8979,Branch_10162,6333,6334,7.582075972401244,1
8980,Branch_10163,6029,6334,20.63983488132095,1
8981,Branch_10164,6124,6333,117.50881316098707,1
8982,Branch_10165,5956,6157,27.210884353741495,1
8983,Branch_10167,8806,8804,12.454851164528584,1
8984,Branch_10168,8806,8805,12.454851164528584,1
8985,Branch_10169,8671,8806,133.5113484646195,1
8986,Branch_10170,9188,9216,3.86458494357706,1
8987,Branch_10171,9175,9270,115.34025374855824,1
8988,Branch_10172,1810,1812,56.14823133071308,1
8989,Branch_10173,1809,1812,-653.59477124183,1
8990,Branch_10174,1813,1812,6.70196367535688,1
8991,Branch_10175,1810,1811,57.80346820809248,1
8992,Branch_10176,1809,1811,-769.2307692307693,1
8993,Branch_10177,1814,1811,6.997900629811057,1
8994,Branch_10178,90,1131,58.309037900874635,1
8995,Branch_10179,8366,8395,268.81720430107526,1
8996,Branch_10180,9687,9685,8.668515950069349,1
8997,Branch_10181,9687,9686,8.668515950069349,1
8998,Branch_10182,9673,9687,2000.0,1
8999,Branch_10183,6561,6564,125.0,1
9000,Branch_10184,6565,8397,9.871668311944719,1
9001,Branch_10185,9547,9872,793.6507936507936,1
9002,Branch_10186,9702,9700,8.395600705230459,1
9003,Branch_10187,9702,9701,12.504689258471927,1
9004,Branch_10188,9674,9702,653.59477124183,1
9005,Branch_10189,6100,6222,5.990176111177669,1
9006,Branch_10190,9839,9840,11.114816049794376,1
9007,Branch_10191,9839,9841,11.114816049794376,1
9008,Branch_10192,9839,9842,8.19000819000819,1
9009,Branch_10193,9839,9843,8.210180623973727,1
9010,Branch_10194,5838,9839,108.93246187363835,1
9011,Branch_10195,9844,9846,11.114816049794376,1
9012,Branch_10196,9844,9845,11.114816049794376,1
9013,Branch_10197,9839,9844,591.7159763313609,1
9014,Branch_10198,2779,4544,34.376074252320386,1
9015,Branch_10199,2772,2778,37.735849056603776,1
9016,Branch_10200,6376,6377,6.827802813054759,1
9017,Branch_10201,4370,6377,51.20327700972862,1
9018,Branch_10202,6415,6416,1.4390766883967248,1
9019,Branch_10203,2658,2660,6.788405403570701,1
9020,Branch_10204,2658,2659,6.745817593092283,1
9021,Branch_10205,2658,2662,8.084727948904519,1
9022,Branch_10206,2658,2661,41.00041000410004,1
9023,Branch_10207,9245,9590,28.910089621277827,1
9024,Branch_10208,9164,9245,36.58982802780827,1
9025,Branch_10209,9161,9590,118.62396204033215,1
9026,Branch_10210,9183,9590,83.75209380234506,1
9027,Branch_10211,6404,6472,2000.0,1
9028,Branch_10213,7512,7511,8.710801393728223,1
9029,Branch_10214,6830,7127,61.387354205033766,1
9030,Branch_10215,7124,7125,41.35649296939619,1
9031,Branch_10216,7127,7125,-704.2253521126761,1
9032,Branch_10217,7129,7125,16.49348507339601,1
9033,Branch_10218,7124,7126,39.37007874015748,1
9034,Branch_10219,7127,7126,-387.5968992248062,1
9035,Branch_10220,7123,7126,15.96678907871627,1
9036,Branch_10221,7124,7128,58.41121495327103,1
9037,Branch_10222,7127,7642,11.479738261967627,1
9038,Branch_10223,7512,7621,15.723270440251572,1
9039,Branch_10224,7512,7623,17.649135192375574,1
9040,Branch_10225,6156,6157,8.161266628580755,1
9041,Branch_10226,6029,6157,20.70393374741201,1
9042,Branch_10227,7700,7701,10.650761529449355,1
9043,Branch_10228,6098,6413,156.73981191222572,1
9044,Branch_10229,6851,6854,70.47216349541931,1
9045,Branch_10230,6854,6852,11.862396204033214,1
9046,Branch_10231,6854,6853,11.310937676733401,1
9047,Branch_10232,8475,8901,19.790223629527013,1
9048,Branch_10234,3672,4154,37.53753753753754,1
9049,Branch_10235,3454,5316,16.31055292774425,1
9050,Branch_10236,2793,3760,421.9409282700422,1
9051,Branch_10237,7274,7569,8.242664029014177,1
9052,Branch_10238,3140,4154,79.42811755361397,1
9053,Branch_10239,3760,5316,12.655024044545685,1
9054,Branch_10240,6162,6164,12.656625743576763,1
9055,Branch_10241,6163,6164,-99.40357852882704,1
9056,Branch_10242,6165,6164,0.7161836008279082,1
9057,Branch_10243,6120,6163,21.317416329140908,1
9058,Branch_10244,6162,6221,66.13756613756614,1
9059,Branch_10245,6124,6162,440.52863436123346,1
9060,Branch_10246,3139,4468,4.101386268558773,1
9061,Branch_10247,4468,4467,4.633276189593662,1
9062,Branch_10248,7216,7561,254.4529262086514,1
9063,Branch_10249,2904,2907,46.57661853749418,1
9064,Branch_10250,2905,2907,-480.7692307692308,1
9065,Branch_10251,2906,2907,8.957362952346829,1
9066,Branch_10252,2904,2908,45.8295142071494,1
9067,Branch_10253,2905,2908,-414.9377593360996,1
9068,Branch_10254,2909,2908,8.987148377819718,1
9069,Branch_10255,1363,1425,7.4460163812360385,1
9070,Branch_10256,6413,6412,3.5045910142286396,1
9071,Branch_10257,6121,6221,223.71364653243847,1
9072,Branch_10258,5994,6029,45.87155963302752,1
9073,Branch_10259,5989,6629,31.51591553734636,1
9074,Branch_10261,192,1199,163.9344262295082,1
9075,Branch_10262,193,1200,167.50418760469012,1
9076,Branch_10263,1200,1201,2000.0,1
9077,Branch_10264,1199,1721,53.333333333333336,1
9078,Branch_10265,328,1200,58.37711617046118,1
9079,Branch_10266,375,376,16.564518800728838,1
9080,Branch_10269,3966,3983,56.46527385657821,1
9081,Branch_10270,3983,4456,65.96306068601584,1
9082,Branch_10271,3396,3983,60.75334143377886,1
9083,Branch_10272,7971,7973,2.98971537909591,1
9084,Branch_10276,6866,7410,192.67822736030828,1
9085,Branch_10277,7410,7518,35.0754121360926,1
9086,Branch_10278,4517,4516,61.08735491753207,1
9087,Branch_10279,6509,8586,36.67033370003667,1
9088,Branch_10280,6509,8586,36.67033370003667,1
9089,Branch_10281,1662,1663,813.0081300813008,1
9090,Branch_10283,6815,7757,12.750223128904755,1
9091,Branch_10285,7729,7757,28.60411899313501,1
9092,Branch_10287,1661,1662,1351.3513513513512,1
9093,Branch_10288,46,1662,101.41987829614604,1
9094,Branch_10290,2515,2550,5.111429155591903,1
9095,Branch_10291,9520,9734,2000.0,1
9096,Branch_10292,9332,9520,14.983518130056938,1
9097,Branch_10293,6405,9734,9.767532721234616,1
9098,Branch_10294,9512,9734,502.51256281407035,1
9099,Branch_10295,9511,9734,502.51256281407035,1
9100,Branch_10296,1246,1249,6.4935064935064934,1
9101,Branch_10297,1246,1248,6.4935064935064934,1
9102,Branch_10298,1247,1250,6.802721088435374,1
9103,Branch_10299,1246,1251,11.904761904761905,1
9104,Branch_10300,1246,1247,7.575757575757576,1
9105,Branch_10301,1246,1247,7.575757575757576,1
9106,Branch_10302,6484,6486,46.33920296570899,1
9107,Branch_10303,6485,6486,-454.54545454545456,1
9108,Branch_10304,6489,6486,8.932559178204556,1
9109,Branch_10305,6484,6487,45.93477262287551,1
9110,Branch_10306,6485,6487,-446.42857142857144,1
9111,Branch_10307,6488,6487,8.946944618412813,1
9112,Branch_10308,6312,6724,102.35414534288638,1
9113,Branch_10309,6724,6735,1219.5121951219512,1
9114,Branch_10310,6448,6724,7.489514679448772,1
9115,Branch_10311,9395,9461,169.4915254237288,1
9116,Branch_10312,8035,8350,14.622020763269484,1
9117,Branch_10313,122,1544,315.45741324921136,1
9118,Branch_10314,5896,6405,18.057060310581438,1
9119,Branch_10315,5506,5511,18.885741265344667,1
9120,Branch_10316,5506,5508,59.523809523809526,1
9121,Branch_10317,5507,5510,69.01311249137336,1
9122,Branch_10318,5506,5510,70.97232079489,1
9123,Branch_10319,5509,5510,4.768717215069146,1
9124,Branch_10320,765,766,-125.31328320802005,1
9125,Branch_10321,764,766,22.406453058480842,1
9126,Branch_10323,767,766,7.743534148985597,1
9127,Branch_10324,764,1165,166.9449081803005,1
9128,Branch_10325,7816,7817,2000.0,1
9129,Branch_10326,89,1578,5.5263885051119095,1
9130,Branch_10327,7772,7774,2000.0,1
9131,Branch_10328,3093,3094,11.555350127108852,1
9132,Branch_10330,2232,2243,27.824151363383418,1
9133,Branch_10331,6220,6409,5.814629608093965,1
9134,Branch_10332,5329,5328,9.775171065493646,1
9135,Branch_10333,4555,5329,2000.0,1
9136,Branch_10334,45,736,414.9377593360996,1
9137,Branch_10335,3740,3742,95.23809523809524,1
9138,Branch_10336,7785,7787,2000.0,1
9139,Branch_10337,6752,6755,2000.0,1
9140,Branch_10338,6071,6073,19.043991620643688,1
9141,Branch_10339,6071,6074,19.043991620643688,1
9142,Branch_10342,5485,5573,500.0,1
9143,Branch_10343,9054,9053,7.776049766718507,1
9144,Branch_10345,7961,7960,3.4120376688958647,1
9145,Branch_10346,8002,8001,9.601536245799329,1
9146,Branch_10347,8001,8538,14.75143826523086,1
9147,Branch_10348,3404,3407,46.04051565377532,1
9148,Branch_10349,3405,3407,-438.5964912280702,1
9149,Branch_10350,3406,3407,9.031791907514451,1
9150,Branch_10351,2935,3267,5.431830526887561,1
9151,Branch_10352,7745,7746,14.088475626937166,1
9152,Branch_10353,9060,9062,1666.6666666666667,1
9153,Branch_10354,9046,9060,2000.0,1
9154,Branch_10355,9640,9641,12.934937265554263,1
9155,Branch_10356,9637,9640,1010.10101010101,1
9156,Branch_10357,5990,6404,1388.888888888889,1
9157,Branch_10358,6046,6404,176.99115044247787,1
9158,Branch_10359,7321,7606,133.6898395721925,1
9159,Branch_10362,9338,9473,7.580926389204761,1
9160,Branch_10363,5437,5709,19.447685725398678,1
9161,Branch_10364,6058,6406,446.42857142857144,1
9162,Branch_10365,5630,5631,51.38746145940391,1
9163,Branch_10366,6235,6406,3.231539828728389,1
9164,Branch_10367,5757,5758,2000.0,1
9165,Branch_10368,4937,4935,12.186205215695832,1
9166,Branch_10369,4937,4936,12.16397031991242,1
9167,Branch_10370,3621,3623,9.718172983479105,1
9168,Branch_10371,3620,3623,-75.75757575757575,1
9169,Branch_10372,3622,3623,4.1017227235438884,1
9170,Branch_10373,6409,6522,37.9794910748196,1
9171,Branch_10374,6317,6409,4.632417658776116,1
9172,Branch_10377,9586,9706,123.15270935960591,1
9173,Branch_10378,9218,9376,2000.0,1
9174,Branch_10379,4540,4539,9.414422895876482,1
9175,Branch_10380,4413,4539,699.3006993006993,1
9176,Branch_10381,2924,4539,142.45014245014244,1
9177,Branch_10382,4344,4539,257.7319587628866,1
9178,Branch_10383,8044,8348,48.732943469785575,1
9179,Branch_10384,9524,9527,2000.0,1
9180,Branch_10385,201,396,34.770514603616135,1
9181,Branch_10386,3929,3933,55.49389567147614,1
9182,Branch_10387,3931,3933,398.40637450199205,1
9183,Branch_10388,3932,3933,8.553588230262596,1
9184,Branch_10389,3929,3935,47.84688995215311,1
9185,Branch_10390,3930,3935,-613.4969325153374,1
9186,Branch_10391,3934,3935,9.39584703561026,1
9187,Branch_10392,4027,4139,191.93857965451056,1
9188,Branch_10393,4139,4540,137.17421124828533,1
9189,Branch_10394,904,1543,66.84491978609626,1
9190,Branch_10395,1543,1545,2000.0,1
9191,Branch_10396,1542,1544,90.41591320072332,1
9192,Branch_10397,734,735,102.88065843621399,1
9193,Branch_10398,732,733,102.04081632653062,1
9194,Branch_10399,7168,7203,92.7643784786642,1
9195,Branch_10400,38,734,89.60573476702508,1
9196,Branch_10401,36,733,79.30214115781126,1
9197,Branch_10402,7088,7175,71.73601147776183,1
9198,Branch_10403,2826,2825,4.501462975467027,1
9199,Branch_10404,2826,5017,2000.0,1
9200,Branch_10405,7023,7027,3.780718336483932,1
9201,Branch_10406,7024,7026,2.3507287259050305,1
9202,Branch_10407,7024,7025,6.112469437652812,1
9203,Branch_10408,7024,7023,5.98014591556034,1
9204,Branch_10409,7024,7023,5.98014591556034,1
9205,Branch_10410,5974,6025,10.780508840017248,1
9206,Branch_10411,5974,6090,1818.1818181818182,1
9207,Branch_10412,5974,6476,40.86636697997548,1
9208,Branch_10413,7467,7524,16.716817118020728,1
9209,Branch_10414,7176,7301,7.028888732691361,1
9210,Branch_10415,9325,9340,53.36179295624333,1
9211,Branch_10416,9325,9447,260.4166666666667,1
9212,Branch_10417,7403,7614,68.30601092896175,1
9213,Branch_10419,8514,8515,7.733952049497293,1
9214,Branch_10420,8516,8515,3.665689149560117,1
9215,Branch_10422,1229,1364,31.201248049921997,1
9216,Branch_10423,9258,9501,6.780120686148213,1
9217,Branch_10424,9265,9502,42.24757076468103,1
9218,Branch_10425,9503,9502,5.301102629346905,1
9219,Branch_10426,9501,9502,5.301102629346905,1
9220,Branch_10427,9135,9502,85.47008547008546,1
9221,Branch_10428,1077,1079,10.137875101378752,1
9222,Branch_10429,1076,1078,9.742790335151987,1
9223,Branch_10430,5654,5829,68.96551724137932,1
9224,Branch_10431,2239,2237,3.4239539820584812,1
9225,Branch_10432,2239,2238,3.450893781489406,1
9226,Branch_10433,2239,2730,2000.0,1
9227,Branch_10434,1881,1883,35.36067892503536,1
9228,Branch_10435,1881,1887,32.425421530479895,1
9229,Branch_10436,1883,1887,-366.3003663003663,1
9230,Branch_10437,1880,1887,6.806888571234089,1
9231,Branch_10441,1881,1890,32.1853878339234,1
9232,Branch_10442,1882,1890,-369.00369003690037,1
9233,Branch_10443,1888,1890,6.746272684341901,1
9234,Branch_10444,2288,2289,4.1363335539377895,1
9235,Branch_10445,2288,2290,4.1363335539377895,1
9236,Branch_10446,2288,2743,2000.0,1
9237,Branch_10447,8736,8737,47.14757190004715,1
9238,Branch_10448,8735,8737,-595.2380952380952,1
9239,Branch_10449,8738,8737,8.93814801573114,1
9240,Branch_10450,8736,8740,46.27487274409995,1
9241,Branch_10451,8735,8740,-460.8294930875576,1
9242,Branch_10452,8739,8740,9.02445627650934,1
9243,Branch_10453,8540,8736,47.48338081671415,1
9244,Branch_10454,8540,8736,47.66444232602478,1
9245,Branch_10456,8448,8478,111.11111111111111,1
9246,Branch_10458,9410,9734,114.15525114155251,1
9247,Branch_10459,90,201,8.16259897151253,1
9248,Branch_10460,1355,1359,10.137875101378752,1
9249,Branch_10461,1357,1360,10.137875101378752,1
9250,Branch_10462,1346,1354,168.63406408094434,1
9251,Branch_10463,1352,1353,182.14936247723134,1
9252,Branch_10464,1357,1358,60.64281382656155,1
9253,Branch_10465,1355,1356,59.31198102016607,1
9254,Branch_10466,1349,1351,125.15644555694618,1
9255,Branch_10467,1346,1352,125.15644555694618,1
9256,Branch_10468,1349,1354,11.575413821044103,1
9257,Branch_10469,1351,1353,11.575413821044103,1
9258,Branch_10470,5858,5870,58.07200929152149,1
9259,Branch_10472,1969,7124,32.1853878339234,1
9260,Branch_10473,1969,7124,32.1853878339234,1
9261,Branch_10474,2714,2713,3.5855145213338115,1
9262,Branch_10476,30,947,2000.0,1
9263,Branch_10477,9220,9712,14.26126640045636,1
9264,Branch_10478,7622,7623,41.18616144975288,1
9265,Branch_10479,9241,9276,4.493978069387022,1
9266,Branch_10480,9241,9327,5.846927439630474,1
9267,Branch_10481,9241,9333,11.143302874972141,1
9268,Branch_10483,7231,7249,4.85649069982031,1
9269,Branch_10484,6842,7082,43.10344827586207,1
9270,Branch_10485,2412,2413,49.6031746031746,1
9271,Branch_10486,2415,2413,-943.3962264150944,1
9272,Branch_10487,2414,2413,9.00657479960371,1
9273,Branch_10488,2412,2410,48.804294777940456,1
9274,Branch_10489,2416,2410,-934.5794392523364,1
9275,Branch_10490,2411,2410,9.0049527239982,1
9276,Branch_10491,2409,2415,95.23809523809524,1
9277,Branch_10492,2409,2416,95.23809523809524,1
9278,Branch_10493,5777,5786,77.7000777000777,1
9279,Branch_10494,5569,5786,67.11409395973155,1
9280,Branch_10495,5785,5786,15.080681646810437,1
9281,Branch_10496,3282,5293,59.630292188431724,1
9282,Branch_10498,7249,7468,222.71714922048997,1
9283,Branch_10499,3125,3282,395.25691699604744,1
9284,Branch_10500,656,5731,46.10419548178884,1
9285,Branch_10501,8586,9046,290.69767441860466,1
9286,Branch_10502,8586,9046,290.69767441860466,1
9287,Branch_10503,5475,5731,228.31050228310502,1
9288,Branch_10504,5475,5731,227.79043280182233,1
9289,Branch_10505,105,5731,39.01677721420211,1
9290,Branch_10506,105,5731,39.01677721420211,1
9291,Branch_10507,6834,7127,9.683354313934347,1
9292,Branch_10508,7127,7511,625.0,1
9293,Branch_10509,5704,5703,2.1108179419525066,1
9294,Branch_10510,5704,5773,20.48760499897562,1
9295,Branch_10511,5609,5704,53.61930294906166,1
9296,Branch_10512,6131,6382,31.79650238473768,1
9297,Branch_10513,5945,6382,18.726591760299627,1
9298,Branch_10514,9216,9441,21.01723413198823,1
9299,Branch_10515,9441,9501,416.6666666666667,1
9300,Branch_10516,5945,5947,10.111223458038422,1
9301,Branch_10517,967,1622,40.53506282934739,1
9302,Branch_10518,7080,7405,5.3276505061267985,1
9303,Branch_10519,9666,9667,7.733952049497293,1
9304,Branch_10520,4751,4752,381.6793893129771,1
9305,Branch_10521,695,745,212.7659574468085,1
9306,Branch_10522,8538,8539,2000.0,1
9307,Branch_10523,8540,8538,45.00450045004501,1
9308,Branch_10524,8540,8538,45.08566275924256,1
9309,Branch_10525,2080,7443,30.50640634533252,1
9310,Branch_10526,6235,6238,63.85696040868455,1
9311,Branch_10527,5578,5753,257.0694087403599,1
9312,Branch_10528,5989,5990,9.858044164037855,1
9313,Branch_10529,5989,5990,9.858044164037855,1
9314,Branch_10530,5990,6571,72.09805335255948,1
9315,Branch_10531,7045,7046,2000.0,1
9316,Branch_10532,7044,7045,2000.0,1
9317,Branch_10533,7044,7047,2000.0,1
9318,Branch_10534,5608,5808,180.50541516245488,1
9319,Branch_10535,5578,5608,1818.1818181818182,1
9320,Branch_10536,1342,1343,115.47344110854503,1
9321,Branch_10537,1244,1343,218.34061135371178,1
9322,Branch_10538,9635,9647,195.3125,1
9323,Branch_10539,9635,9651,91.32420091324201,1
9324,Branch_10540,5916,6524,10.922992900054615,1
9325,Branch_10541,7824,7825,10.195758564437194,1
9326,Branch_10542,7824,7826,10.646225912913872,1
9327,Branch_10543,6920,7824,2000.0,1
9328,Branch_10544,6204,6523,31.17206982543641,1
9329,Branch_10546,3861,4096,333.3333333333333,1
9330,Branch_10547,4095,4669,826.4462809917355,1
9331,Branch_10548,9647,9645,6.9046468273147825,1
9332,Branch_10549,9647,9646,6.903693476009665,1
9333,Branch_10550,9651,9649,10.29230135858378,1
9334,Branch_10551,9651,9650,10.301844030081385,1
9335,Branch_10552,3861,3863,6.666222251849876,1
9336,Branch_10553,3861,3862,6.666222251849876,1
9337,Branch_10554,6600,6601,4.245743641998896,1
9338,Branch_10555,6600,6602,4.254957024934048,1
9339,Branch_10556,6600,6603,3.01504507492387,1
9340,Branch_10557,3589,4420,61.05006105006105,1
9341,Branch_10558,9151,9313,17.488632388947185,1
9342,Branch_10559,3897,4420,261.78010471204186,1
9343,Branch_10560,9211,9313,89.68609865470852,1
9344,Branch_10561,8144,8145,2000.0,1
9345,Branch_10562,7930,7931,2000.0,1
9346,Branch_10563,3986,3988,2000.0,1
9347,Branch_10564,3646,3649,2000.0,1
9348,Branch_10565,3647,3648,2000.0,1
9349,Branch_10566,5499,5500,2000.0,1
9350,Branch_10567,5499,5500,2000.0,1
9351,Branch_10568,5499,5500,1000.0,1
9352,Branch_10569,8576,8575,14.005602240896359,1
9353,Branch_10570,2997,2996,4.733727810650888,1
9354,Branch_10571,2998,2996,5.106469897359955,1
9355,Branch_10572,9333,9332,6.053635207942369,1
9356,Branch_10573,2996,5148,67.98096532970769,1
9357,Branch_10574,2996,4390,48.1000481000481,1
9358,Branch_10575,2997,4218,40.83299305839118,1
9359,Branch_10576,2997,4221,7.496251874062969,1
9360,Branch_10577,3211,3792,68.96551724137932,1
9361,Branch_10578,7295,7386,88.49557522123894,1
9362,Branch_10580,4255,4259,38.095238095238095,1
9363,Branch_10581,4256,4257,38.095238095238095,1
9364,Branch_10582,695,1276,181.48820326678765,1
9365,Branch_10583,695,1637,54.7645125958379,1
9366,Branch_10584,1459,1673,146.84287812041117,1
9367,Branch_10585,3763,3764,95.23809523809524,1
9368,Branch_10586,3762,3765,95.23809523809524,1
9369,Branch_10587,8433,8432,12.871669455528382,1
9370,Branch_10588,8435,8434,13.403029084573113,1
9371,Branch_10589,8433,8435,359.71223021582733,1
9372,Branch_10590,9061,9062,38.446751249519416,1
9373,Branch_10591,9592,9595,265.9574468085106,1
9374,Branch_10592,4074,4075,56.657223796033996,1
9375,Branch_10593,5519,5523,39.51007506914263,1
9376,Branch_10594,5521,5523,346.02076124567475,1
9377,Branch_10595,5522,5523,6.797634423220719,1
9378,Branch_10596,9595,9593,8.372404554588078,1
9379,Branch_10597,9595,9594,8.428860418071476,1
9380,Branch_10598,9592,9591,10.860121633362294,1
9381,Branch_10599,5862,5863,12.00192030724916,1
9382,Branch_10600,5862,5864,12.607160867372668,1
9383,Branch_10601,8066,8070,41.61464835622139,1
9384,Branch_10602,6981,6980,7.975753708725475,1
9385,Branch_10603,6981,6980,7.975753708725475,1
9386,Branch_10604,6981,7064,2000.0,1
9387,Branch_10605,8067,8066,6.324710644488015,1
9388,Branch_10607,6340,6381,36.52300949598247,1
9389,Branch_10608,6381,6479,5.849663644340451,1
9390,Branch_10610,3625,3626,3.538069629210303,1
9391,Branch_10611,3625,3629,4.888541259288228,1
9392,Branch_10612,6868,7737,219.2982456140351,1
9393,Branch_10613,7737,7736,11.588828369451848,1
9394,Branch_10614,3686,3685,5.824111822947001,1
9395,Branch_10615,7588,7624,259.0673575129534,1
9396,Branch_10616,7594,7593,5.049229992426155,1
9397,Branch_10617,7597,7600,39.920159680638726,1
9398,Branch_10618,7597,7601,41.00041000410004,1
9399,Branch_10619,7596,7600,-354.6099290780142,1
9400,Branch_10620,7595,7601,-467.2897196261682,1
9401,Branch_10621,7598,7600,6.684491978609626,1
9402,Branch_10622,7599,7601,6.744452687664396,1
9403,Branch_10623,6912,7593,35.51136363636363,1
9404,Branch_10624,7593,7596,2000.0,1
9405,Branch_10625,7593,7595,2000.0,1
9406,Branch_10626,4315,4482,2.0,1
9407,Branch_10627,3521,3625,588.2352941176471,1
9408,Branch_10628,3625,4381,11.899095668729176,1
9409,Branch_10629,2941,3625,7.859163784973279,1
9410,Branch_10630,1305,1307,2000.0,1
9411,Branch_10631,1306,1308,2000.0,1
9412,Branch_10632,38,1306,30.778701138811943,1
9413,Branch_10633,760,1307,46.707146193367585,1
9414,Branch_10634,2927,4438,8.363301831563101,1
9415,Branch_10635,2938,5234,13.424620754463687,1
9416,Branch_10636,9442,9501,21.01723413198823,1
9417,Branch_10638,6866,7550,943.3962264150944,1
9418,Branch_10639,413,658,30.73140749846343,1
9419,Branch_10640,5980,6448,6.941552131056504,1
9420,Branch_10641,6210,6448,4.1426736815941005,1
9421,Branch_10642,3776,3945,2000.0,1
9422,Branch_10643,9706,9709,9.379103357719002,1
9423,Branch_10644,9707,9709,13.65001365001365,1
9424,Branch_10645,9710,9709,11.037527593818984,1
9425,Branch_10646,62,1969,14.757969303423849,1
9426,Branch_10647,62,1969,14.757969303423849,1
9427,Branch_10648,1220,1660,52.00208008320333,1
9428,Branch_10649,961,1660,40.899795501022496,1
9429,Branch_10650,28,62,29.18855808523059,1
9430,Branch_10651,2888,4301,41.01722723543888,1
9431,Branch_10652,62,61,79.55449482895784,1
9432,Branch_10653,62,61,79.30214115781126,1
9433,Branch_10654,62,60,78.49293563579278,1
9434,Branch_10655,62,60,78.92659826361484,1
9435,Branch_10656,4775,4774,9.586808551433228,1
9436,Branch_10657,7520,7521,7.697636825494573,1
9437,Branch_10659,820,1559,9.337068160597573,1
9438,Branch_10662,2878,4509,85.17887563884156,1
9439,Branch_10663,6272,6273,12.345679012345679,1
9440,Branch_10664,46,1567,71.58196134574088,1
9441,Branch_10665,46,631,17.885888034340905,1
9442,Branch_10666,46,630,17.873100983020553,1
9443,Branch_10667,6998,7168,86.4304235090752,1
9444,Branch_10668,924,927,169.4915254237288,1
9445,Branch_10669,925,926,99.30486593843098,1
9446,Branch_10670,5792,5793,2000.0,1
9447,Branch_10671,7356,7605,60.790273556231,1
9448,Branch_10672,5548,5794,2000.0,1
9449,Branch_10673,6759,6783,2000.0,1
9450,Branch_10674,6343,6604,1315.7894736842106,1
9451,Branch_10675,6343,6405,27.540622418066647,1
9452,Branch_10676,5351,5352,15.792798483891346,1
9453,Branch_10677,5351,5353,8.843296781039971,1
9454,Branch_10678,6343,6387,86.05851979345955,1
9455,Branch_10679,6383,6384,41.23711340206186,1
9456,Branch_10680,6384,6386,16.633399866932802,1
9457,Branch_10681,6782,6783,14.427932477276006,1
9458,Branch_10682,5472,5696,5.128205128205129,1
9459,Branch_10683,2099,2931,3.8327392587482274,1
9460,Branch_10684,1818,2099,3.424188467333242,1
9461,Branch_10685,2099,2643,8.791981712678037,1
9462,Branch_10686,9172,9402,2000.0,1
9463,Branch_10687,9150,9172,8.733624454148472,1
9464,Branch_10688,9172,9248,8.481044864727334,1
9465,Branch_10689,8070,8071,8.960573476702509,1
9466,Branch_10690,5972,5973,13.605442176870747,1
9467,Branch_10691,5970,5971,10.54407423028258,1
9468,Branch_10692,5914,5911,10.454783063251437,1
9469,Branch_10693,5912,5913,9.851246182642104,1
9470,Branch_10694,6246,6247,8.39630562552477,1
9471,Branch_10695,6246,6247,7.680491551459293,1
9472,Branch_10696,6718,6717,5.5432372505543235,1
9473,Branch_10697,5893,5894,7.0821529745042495,1
9474,Branch_10698,9131,9132,2000.0,1
9475,Branch_10699,9131,9130,10.358400662937642,1
9476,Branch_10700,9077,9131,2000.0,1
9477,Branch_10701,4764,4765,2000.0,1
9478,Branch_10702,4763,4765,2000.0,1
9479,Branch_10703,2771,4765,85.91065292096219,1
9480,Branch_10704,4639,4643,2000.0,1
9481,Branch_10705,3799,4639,61.72839506172839,1
9482,Branch_10706,4639,5215,17.761989342806395,1
9483,Branch_10707,8930,8931,7.767593599502874,1
9484,Branch_10708,5911,5913,26.99055330634278,1
9485,Branch_10709,8158,8157,5.72967398155045,1
9486,Branch_10716,3887,5186,34.447123665173955,1
9487,Branch_10717,4747,4749,1162.7906976744187,1
9488,Branch_10718,4747,4749,1162.7906976744187,1
9489,Branch_10719,7282,7399,13.550135501355014,1
9490,Branch_10720,7117,7414,20.77706212341575,1
9491,Branch_10721,9714,9715,7.334604664808567,1
9492,Branch_10722,9712,9714,2000.0,1
9493,Branch_10723,7061,7606,106.04453870625663,1
9494,Branch_10724,7061,7779,309.59752321981426,1
9495,Branch_10725,7355,7357,2000.0,1
9496,Branch_10726,7106,7118,19.466614755693985,1
9497,Branch_10727,8868,8871,138.88888888888889,1
9498,Branch_10728,8871,8895,42.955326460481096,1
9499,Branch_10729,9880,9881,2000.0,1
9500,Branch_10730,9881,9891,552.4861878453039,1
9501,Branch_10731,9881,9894,395.25691699604744,1
9502,Branch_10732,8871,9076,980.3921568627451,1
9503,Branch_10733,6490,6745,636.9426751592357,1
9504,Branch_10734,6490,6745,636.9426751592357,1
9505,Branch_10735,6484,8390,60.132291040288635,1
9506,Branch_10736,8374,8390,125.47051442910916,1
9507,Branch_10737,6484,8374,40.65040650406504,1
9508,Branch_10738,8374,9069,48.61448711716091,1
9509,Branch_10739,7955,8376,36.83241252302026,1
9510,Branch_10740,8374,8388,24.108003857280618,1
9511,Branch_10741,5984,8388,50.42864346949067,1
9512,Branch_10742,8389,8984,386.1003861003861,1
9513,Branch_10743,8374,8872,2000.0,1
9514,Branch_10744,8376,9069,109.64912280701755,1
9515,Branch_10745,9558,9879,52.43838489774515,1
9516,Branch_10746,9558,9913,2000.0,1
9517,Branch_10747,6745,6755,1470.5882352941176,1
9518,Branch_10748,6745,9879,64.14368184733804,1
9519,Branch_10749,8388,8984,82.78145695364239,1
9520,Branch_10750,9558,9865,2000.0,1
9521,Branch_10751,6745,9879,64.14368184733804,1
9522,Branch_10752,9558,9879,52.43838489774515,1
9523,Branch_10753,9558,9937,2000.0,1
9524,Branch_10754,1775,1877,134.04825737265415,1
9525,Branch_10755,2473,2691,90.09009009009009,1
9526,Branch_10756,1775,2473,147.05882352941177,1
9527,Branch_10758,2054,2692,49.40711462450593,1
9528,Branch_10759,2065,2578,87.33624454148472,1
9529,Branch_10760,2054,2701,161.0305958132045,1
9530,Branch_10762,2057,2218,45.146726862302486,1
9531,Branch_10763,2048,2057,95.14747859181732,1
9532,Branch_10764,1930,2054,32.372936225315634,1
9533,Branch_10767,5697,5698,23.80952380952381,1
9534,Branch_10768,5696,5697,15.037593984962406,1
9535,Branch_10769,5627,5697,32.97065611605671,1
9536,Branch_10770,5379,5696,10.006003602161297,1
9537,Branch_10771,5696,5759,15.89825119236884,1
9538,Branch_10772,7215,7405,6.142506142506143,1
9539,Branch_10773,8671,8672,10.529640939243972,1
9540,Branch_10774,8671,8673,10.529640939243972,1
9541,Branch_10775,8633,8671,257.7319587628866,1
9542,Branch_10776,8386,8430,22.411474675033617,1
9543,Branch_10777,5941,6590,8.000640051204096,1
9544,Branch_10778,4386,5327,73.80073800738008,1
9545,Branch_10779,5513,5732,137.17421124828533,1
9546,Branch_10780,5453,5601,83.19467554076539,1
9547,Branch_10781,5453,5801,230.94688221709006,1
9548,Branch_10782,5458,5453,1.444627430585652,1
9549,Branch_10783,5457,5453,1.4308403325272934,1
9550,Branch_10784,5456,5453,1.4359769669294504,1
9551,Branch_10785,5454,5453,1.427429484983442,1
9552,Branch_10786,5454,5453,1.5013662432813861,1
9553,Branch_10787,5455,5453,1.768972227136034,1
9554,Branch_10788,5459,5453,1.7155601303825698,1
9555,Branch_10789,6918,6919,2000.0,1
9556,Branch_10790,6918,6920,2000.0,1
9557,Branch_10791,190,192,259.7402597402597,1
9558,Branch_10792,191,193,384.61538461538464,1
9559,Branch_10795,382,380,11.50483202945237,1
9560,Branch_10796,382,381,10.486577181208053,1
9561,Branch_10797,5372,5568,2000.0,1
9562,Branch_10798,5568,5620,2000.0,1
9563,Branch_10799,8917,8918,8.430992327796982,1
9564,Branch_10800,8917,8919,8.429570934839417,1
9565,Branch_10801,8571,8917,39.29273084479372,1
9566,Branch_10802,8852,8851,8.3236224404861,1
9567,Branch_10803,8852,8853,8.3236224404861,1
9568,Branch_10804,8571,8852,32.62642740619902,1
9569,Branch_10805,2089,2088,6.013229104028864,1
9570,Branch_10806,9036,9037,12.50312578144536,1
9571,Branch_10807,8193,9036,2000.0,1
9572,Branch_10808,657,659,-366.3003663003663,1
9573,Branch_10809,656,659,56.59309564233163,1
9574,Branch_10810,662,659,9.476876421531463,1
9575,Branch_10811,657,660,-335.5704697986577,1
9576,Branch_10812,656,660,55.80357142857143,1
9577,Branch_10813,661,660,9.383503800319039,1
9578,Branch_10814,657,658,2000.0,1
9579,Branch_10815,9697,9699,5.818012566907145,1
9580,Branch_10816,9696,9699,-558.659217877095,1
9581,Branch_10817,9698,9699,1.945449593401035,1
9582,Branch_10818,1594,1596,7.899518129394107,1
9583,Branch_10819,1595,1594,4.066363044892648,1
9584,Branch_10820,1595,1594,4.162504162504162,1
9585,Branch_10821,5704,5761,43.38394793926247,1
9586,Branch_10830,5528,5738,500.0,1
9587,Branch_10831,8387,8461,2000.0,1
9588,Branch_10832,8387,8461,2000.0,1
9589,Branch_10833,8386,8387,41.16920543433512,1
9590,Branch_10834,8386,8462,574.7126436781609,1
9591,Branch_10835,6632,6635,245.7002457002457,1
9592,Branch_10836,6635,6716,225.73363431151242,1
9593,Branch_10837,3575,3576,14.41545336600836,1
9594,Branch_10838,3575,3577,8.781173164734808,1
9595,Branch_10839,3567,3575,39.69829297340215,1
9596,Branch_10840,3567,3575,48.355899419729205,1
9597,Branch_10841,3575,5313,25.056376847907792,1
9598,Branch_10842,7716,7718,483.09178743961354,1
9599,Branch_10843,4118,4469,18.298261665141812,1
9600,Branch_10844,3620,4118,56.91519635742743,1
9601,Branch_10845,9547,9550,20.69108214359611,1
9602,Branch_10846,9547,9551,20.69108214359611,1
9603,Branch_10848,9048,9051,45.187528242205154,1
9604,Branch_10849,9047,9051,-467.2897196261682,1
9605,Branch_10850,9050,9051,7.662248103593594,1
9606,Branch_10851,9048,9052,46.2962962962963,1
9607,Branch_10852,9047,9052,-458.7155963302752,1
9608,Branch_10853,9049,9052,8.933357155619081,1
9609,Branch_10854,5448,5766,2000.0,1
9610,Branch_10855,5687,5769,2000.0,1
9611,Branch_10856,5693,5768,2000.0,1
9612,Branch_10857,994,996,2000.0,1
9613,Branch_10858,995,997,2000.0,1
9614,Branch_10859,5563,5565,42.24757076468103,1
9615,Branch_10860,5563,5562,42.24757076468103,1
9616,Branch_10861,5563,5564,42.24757076468103,1
9617,Branch_10862,5563,5566,75.7002271006813,1
9618,Branch_10863,425,426,11.668611435239207,1
9619,Branch_10864,7239,7241,11.560693641618498,1
9620,Branch_10865,7239,7240,11.55802126675913,1
9621,Branch_10866,7216,7239,2000.0,1
9622,Branch_10867,4546,9530,588.2352941176471,1
9623,Branch_10868,2589,2590,2000.0,1
9624,Branch_10869,7087,7729,2000.0,1
9625,Branch_10870,7087,7088,13.468013468013469,1
9626,Branch_10871,2835,3868,12.405408758218583,1
9627,Branch_10872,4472,4708,65.57377049180327,1
9628,Branch_10873,4247,4472,128.2051282051282,1
9629,Branch_10874,1704,1738,324.6753246753247,1
9630,Branch_10875,1716,1721,1333.3333333333333,1
9631,Branch_10876,1721,1722,1492.5373134328358,1
9632,Branch_10877,1697,1703,2000.0,1
9633,Branch_10878,1723,1733,2000.0,1
9634,Branch_10879,1721,1733,2000.0,1
9635,Branch_10880,1712,1728,2000.0,1
9636,Branch_10881,1710,1728,2000.0,1
9637,Branch_10882,968,1712,60.132291040288635,1
9638,Branch_10883,326,1721,70.2247191011236,1
9639,Branch_10885,105,1697,131.06159895150722,1
9640,Branch_10886,1707,1735,55.0357732526142,1
9641,Branch_10887,1712,1735,-427.35042735042737,1
9642,Branch_10888,1708,1735,9.869719699960521,1
9643,Branch_10889,1731,1736,-67.38544474393531,1
9644,Branch_10890,1712,1736,7.540909433677702,1
9645,Branch_10891,1738,1736,1.928491533922166,1
9646,Branch_10892,1697,1737,58.0046403712297,1
9647,Branch_10893,1721,1737,-336.7003367003367,1
9648,Branch_10894,1734,1737,10.466820180029307,1
9649,Branch_10895,1716,1732,10.22390348635109,1
9650,Branch_10896,1722,1730,10.282776349614396,1
9651,Branch_10897,1716,1698,-27.647221454243848,1
9652,Branch_10898,1714,1698,4.63907960660605,1
9653,Branch_10899,1725,1698,4.733279689496852,1
9654,Branch_10900,1717,1706,4.814636494944632,1
9655,Branch_10901,1729,1706,4.8954814706026335,1
9656,Branch_10902,1716,1706,-28.433323855558715,1
9657,Branch_10903,1722,1699,-28.441410693970422,1
9658,Branch_10904,1727,1699,4.569548528605374,1
9659,Branch_10905,1711,1699,4.710981297404249,1
9660,Branch_10906,1722,1696,82.44023083264634,1
9661,Branch_10907,1718,1696,5.9680114585820006,1
9662,Branch_10908,1724,1696,5.9680114585820006,1
9663,Branch_10909,1703,1702,40.06410256410256,1
9664,Branch_10910,1720,1702,5.681495369581274,1
9665,Branch_10911,1713,1702,5.631899076368551,1
9666,Branch_10912,1703,1705,44.150110375275936,1
9667,Branch_10913,1726,1705,5.636343140570398,1
9668,Branch_10914,1715,1705,5.5735146583435515,1
9669,Branch_10915,1703,1701,40.43671653861706,1
9670,Branch_10916,1709,1701,5.674080798910577,1
9671,Branch_10917,1719,1701,5.624613307835086,1
9672,Branch_10918,1165,1646,80.77544426494346,1
9673,Branch_10919,9534,9537,91.91176470588235,1
9674,Branch_10920,1488,1490,92.67840593141798,1
9675,Branch_10921,1488,1489,90.57971014492753,1
9676,Branch_10922,1493,1503,127.06480304955528,1
9677,Branch_10923,1493,1502,127.06480304955528,1
9678,Branch_10924,1485,1493,1562.5,1
9679,Branch_10925,1485,1493,2000.0,1
9680,Branch_10926,1567,1568,2000.0,1
9681,Branch_10927,7192,7636,12.108003390240949,1
9682,Branch_10934,628,1429,10.438413361169102,1
9683,Branch_10935,8892,8893,8.987956138774043,1
9684,Branch_10936,8892,8894,8.922198429693076,1
9685,Branch_10937,8887,8892,57.43825387708214,1
9686,Branch_10938,5889,5890,10.513036164844408,1
9687,Branch_10939,5889,5891,10.513036164844408,1
9688,Branch_10940,9587,9592,53.99568034557235,1
9689,Branch_10941,4302,4515,2000.0,1
9690,Branch_10942,950,1063,193.7984496124031,1
9691,Branch_10944,8249,8250,64.14368184733804,1
9692,Branch_10945,3824,3826,46.04051565377532,1
9693,Branch_10946,3825,3826,-438.5964912280702,1
9694,Branch_10947,3827,3826,9.013881377321075,1
9695,Branch_10948,3824,3828,46.27487274409995,1
9696,Branch_10949,3825,3828,-460.8294930875576,1
9697,Branch_10950,3829,3828,9.013881377321075,1
9698,Branch_10951,2895,2894,5.244663554832957,1
9699,Branch_10952,2896,2898,46.2962962962963,1
9700,Branch_10953,2897,2898,-458.7155963302752,1
9701,Branch_10954,2899,2898,8.951750067138125,1
9702,Branch_10955,2894,2897,95.23809523809524,1
9703,Branch_10956,747,749,2000.0,1
9704,Branch_10957,748,750,2000.0,1
9705,Branch_10958,36,747,120.48192771084338,1
9706,Branch_10959,36,748,119.76047904191617,1
9707,Branch_10962,5382,5383,15.581177937052042,1
9708,Branch_10963,5382,5384,15.790304752881731,1
9709,Branch_10964,9182,9180,9.149967975112087,1
9710,Branch_10965,9182,9181,9.067005168192946,1
9711,Branch_10966,9182,9179,9.094216078574027,1
9712,Branch_10967,5024,5022,9.487666034155598,1
9713,Branch_10968,5024,5023,9.428625306430323,1
9714,Branch_10969,8314,8315,7.81983109164842,1
9715,Branch_10970,4371,4965,72.09805335255948,1
9716,Branch_10971,294,293,4.738887309259786,1
9717,Branch_10972,294,303,4.738887309259786,1
9718,Branch_10973,294,295,4.738887309259786,1
9719,Branch_10974,294,296,4.738887309259786,1
9720,Branch_10975,294,297,4.738887309259786,1
9721,Branch_10976,294,298,4.738887309259786,1
9722,Branch_10977,294,299,4.738887309259786,1
9723,Branch_10978,294,300,4.738887309259786,1
9724,Branch_10979,294,301,4.738887309259786,1
9725,Branch_10980,294,302,4.738887309259786,1
9726,Branch_10981,7643,7642,17.31301939058172,1
9727,Branch_10982,7244,7643,5.396654074473826,1
9728,Branch_10983,7211,7643,324.6753246753247,1
9729,Branch_10984,7479,7742,65.359477124183,1
9730,Branch_10985,7742,7743,15.441630636195182,1
9731,Branch_10986,7742,7744,15.441630636195182,1
9732,Branch_10987,452,949,2000.0,1
9733,Branch_10988,452,451,3.863987635239567,1
9734,Branch_10989,1095,1096,2000.0,1
9735,Branch_10990,1097,1098,2000.0,1
9736,Branch_10991,1001,1096,116.68611435239207,1
9737,Branch_10992,1001,1098,116.68611435239207,1
9738,Branch_10993,5582,5754,56.433408577878104,1
9739,Branch_10994,9086,9089,47.68717215069147,1
9740,Branch_10995,9087,9088,47.68717215069147,1
9741,Branch_10996,9090,9089,17.33102253032929,1
9742,Branch_10997,9090,9088,17.23246596587972,1
9743,Branch_10998,5977,6642,12.067093037287318,1
9744,Branch_10999,443,444,13.145786775338504,1
9745,Branch_11000,443,1223,51.733057423693744,1
9746,Branch_11001,6143,6144,5.05050505050505,1
9747,Branch_11002,6143,6145,5.067653169817057,1
9748,Branch_11003,6143,6146,5.033472592741733,1
9749,Branch_11004,6952,7036,62.11180124223603,1
9750,Branch_11005,120,823,82.3045267489712,1
9751,Branch_11006,90,120,104.9317943336831,1
9752,Branch_11007,9187,9374,7.378440197742197,1
9753,Branch_11009,3435,3914,64.93506493506493,1
9754,Branch_11010,4546,4547,8.962982880702699,1
9755,Branch_11011,4546,4548,8.962982880702699,1
9756,Branch_11013,3246,3249,383.1417624521073,1
9757,Branch_11014,3247,3248,383.1417624521073,1
9758,Branch_11015,4617,4636,2000.0,1
9759,Branch_11016,5449,5450,5.558643690939411,1
9760,Branch_11017,9316,9536,81.23476848090984,1
9761,Branch_11018,9147,9536,3.772873042822109,1
9762,Branch_11019,5432,5425,46.44681839294008,1
9763,Branch_11020,5426,5425,21.312872975277067,1
9764,Branch_11021,5427,5425,87.33624454148472,1
9765,Branch_11022,5429,5435,46.59832246039143,1
9766,Branch_11023,5426,5435,-476.1904761904762,1
9767,Branch_11024,5434,5435,8.975854950184004,1
9768,Branch_11025,6897,7767,228.31050228310502,1
9769,Branch_11026,6897,6895,8.599191675982457,1
9770,Branch_11027,6897,6896,9.120758847136083,1
9771,Branch_11028,9858,9860,8.336112037345782,1
9772,Branch_11029,9858,9859,14.084507042253522,1
9773,Branch_11030,9732,9858,2000.0,1
9774,Branch_11031,3015,3013,19.876764062810576,1
9775,Branch_11036,3000,5325,127.8772378516624,1
9776,Branch_11037,5978,5979,11.266336187471834,1
9777,Branch_11039,3540,3891,19.249278152069298,1
9778,Branch_11040,3540,5316,87.7963125548727,1
9779,Branch_11041,9554,9574,62.30529595015577,1
9780,Branch_11042,9554,9576,62.5,1
9781,Branch_11043,9556,9557,2.375014843842774,1
9782,Branch_11044,9555,9557,-826.4462809917355,1
9783,Branch_11045,9554,9557,22.246941045606228,1
9784,Branch_11046,9554,9635,65.96306068601584,1
9785,Branch_11047,9554,9635,66.05019815059445,1
9786,Branch_11048,7855,7864,2000.0,1
9787,Branch_11049,7864,7862,9.903931860948797,1
9788,Branch_11050,7864,7863,9.963136395337251,1
9789,Branch_11052,8481,8515,2000.0,1
9790,Branch_11054,5345,5346,17.857142857142858,1
9791,Branch_11055,2794,5345,2000.0,1
9792,Branch_11056,7059,7456,12.823800974608874,1
9793,Branch_11057,7284,7456,5.437146585471944,1
9794,Branch_11058,1244,1245,103.84215991692628,1
9795,Branch_11059,1225,1625,52.79831045406547,1
9796,Branch_11060,6424,6425,56.49717514124294,1
9797,Branch_11061,6427,6425,-609.7560975609756,1
9798,Branch_11062,6426,6425,6.6970265202250205,1
9799,Branch_11063,6424,6428,56.59309564233163,1
9800,Branch_11064,6427,6428,-598.8023952095808,1
9801,Branch_11065,6429,6428,6.68493883280968,1
9802,Branch_11068,15,875,18.832391713747647,1
9803,Branch_11069,15,1039,106.38297872340425,1
9804,Branch_11070,1110,1112,17.167381974248926,1
9805,Branch_11071,812,814,16.307893020221787,1
9806,Branch_11072,812,816,16.307893020221787,1
9807,Branch_11073,812,815,16.307893020221787,1
9808,Branch_11074,812,813,18.11922449719152,1
9809,Branch_11075,686,812,2000.0,1
9810,Branch_11076,9378,9432,90.41591320072332,1
9811,Branch_11077,5498,5501,45.578851412944395,1
9812,Branch_11078,5499,5501,-400.0,1
9813,Branch_11079,5502,5501,8.92379082634303,1
9814,Branch_11080,9684,9683,8.810572687224669,1
9815,Branch_11081,9671,9684,45.22840343735866,1
9816,Branch_11082,5462,5461,12.007684918347742,1
9817,Branch_11087,2579,2701,170.94017094017093,1
9818,Branch_11088,1899,2427,259.7402597402597,1
9819,Branch_11089,1899,2219,65.01950585175553,1
9820,Branch_11090,1793,2214,30.61849357011635,1
9821,Branch_11091,2254,2321,229.88505747126436,1
9822,Branch_11092,1253,1254,4.60426354804549,1
9823,Branch_11093,701,703,216.45021645021646,1
9824,Branch_11094,894,895,2000.0,1
9825,Branch_11095,896,897,2000.0,1
9826,Branch_11096,893,895,2000.0,1
9827,Branch_11097,893,896,2000.0,1
9828,Branch_11098,4672,4673,29.061319383900027,1
9829,Branch_11099,5938,5937,9.480470231323473,1
9830,Branch_11100,5937,7402,11.52073732718894,1
9831,Branch_11101,6038,6197,7.002801120448179,1
9832,Branch_11102,6092,6123,24.05002405002405,1
9833,Branch_11103,6092,6197,9.416195856873824,1
9834,Branch_11104,1151,1152,2000.0,1
9835,Branch_11105,1150,1153,2000.0,1
9836,Branch_11106,919,921,2000.0,1
9837,Branch_11107,920,922,2000.0,1
9838,Branch_11108,2218,2710,68.02721088435374,1
9839,Branch_11109,1949,2268,99.60159362549801,1
9840,Branch_11110,2079,2187,30.959752321981423,1
9841,Branch_11111,2079,2253,204.08163265306123,1
9842,Branch_11113,7152,7741,158.9825119236884,1
9843,Branch_11114,7068,7066,5.356186395286556,1
9844,Branch_11115,7067,7066,5.356186395286556,1
9845,Branch_11116,7379,7378,3.3478406427854033,1
9846,Branch_11117,7377,7378,20.798668885191347,1
9847,Branch_11118,7376,7378,-154.5595054095827,1
9848,Branch_11119,7066,7376,296.7359050445104,1
9849,Branch_11120,7303,7507,56.2429696287964,1
9850,Branch_11121,1397,1398,12.189176011701608,1
9851,Branch_11122,195,1388,26.695141484249866,1
9852,Branch_11123,6922,6921,3.34817691766833,1
9853,Branch_11124,6922,7787,1408.4507042253522,1
9854,Branch_11125,159,1398,8.629616845012082,1
9855,Branch_11126,195,1398,2000.0,1
9856,Branch_11127,189,1647,746.2686567164179,1
9857,Branch_11128,1209,1397,1428.5714285714287,1
9858,Branch_11129,107,242,101.9367991845056,1
9859,Branch_11130,107,243,100.30090270812437,1
9860,Branch_11131,8413,8414,33.211557622052474,1
9861,Branch_11132,8413,8414,41.16920543433512,1
9862,Branch_11133,8374,8414,172.1170395869191,1
9863,Branch_11134,7799,7797,7.422802850356295,1
9864,Branch_11135,7799,7798,7.422802850356295,1
9865,Branch_11136,7800,7799,33.333333333333336,1
9866,Branch_11137,7795,7800,57.17552887364208,1
9867,Branch_11138,3831,3839,11.827321111768185,1
9868,Branch_11139,3836,3839,-113.76564277588169,1
9869,Branch_11140,3840,3839,5.889628364450203,1
9870,Branch_11141,3830,3842,10.703200256876807,1
9871,Branch_11142,3835,3842,-75.58578987150416,1
9872,Branch_11143,3841,3842,8.31739166597355,1
9873,Branch_11144,3831,3832,46.51162790697674,1
9874,Branch_11145,3838,3832,-485.43689320388347,1
9875,Branch_11146,3834,3832,8.959770629871874,1
9876,Branch_11147,9739,9737,9.668374746205163,1
9877,Branch_11148,9739,9738,9.668374746205163,1
9878,Branch_11149,6410,6475,5.140066820868672,1
9879,Branch_11150,9161,9162,8.160600620205647,1
9880,Branch_11151,9164,9165,13.468013468013469,1
9881,Branch_11152,9662,9664,2000.0,1
9882,Branch_11153,9664,9665,11.363636363636363,1
9883,Branch_11154,6912,7102,40.79967360261118,1
9884,Branch_11155,6822,7038,662.2516556291391,1
9885,Branch_11156,6823,7038,645.1612903225806,1
9886,Branch_11157,668,671,13.548299688389108,1
9887,Branch_11158,668,671,13.71553970648745,1
9888,Branch_11159,673,670,18.914318138831096,1
9889,Branch_11160,674,669,16.998130205677377,1
9890,Branch_11161,668,936,34.23485107839781,1
9891,Branch_11162,668,936,34.23485107839781,1
9892,Branch_11163,671,726,8.900756564307967,1
9893,Branch_11164,668,1615,16.215339711366955,1
9894,Branch_11165,258,259,4.784688995215311,1
9895,Branch_11166,258,260,4.784688995215311,1
9896,Branch_11167,257,258,2000.0,1
9897,Branch_11168,335,336,4.740235115661736,1
9898,Branch_11169,335,337,4.740235115661736,1
9899,Branch_11170,258,335,2000.0,1
9900,Branch_11171,6571,6575,47.80114722753346,1
9901,Branch_11172,4058,4742,60.20469596628537,1
9902,Branch_11173,4779,4780,10.025062656641603,1
9903,Branch_11174,518,519,2.886752691896885,1
9904,Branch_11175,517,519,2.880101379568561,1
9905,Branch_11176,517,518,2000.0,1
9906,Branch_11177,9236,9238,46.27487274409995,1
9907,Branch_11178,9237,9238,-460.8294930875576,1
9908,Branch_11179,9239,9238,8.932559178204556,1
9909,Branch_11180,684,1209,4.5024763619991,1
9910,Branch_11181,1397,1647,67.02412868632707,1
9911,Branch_11182,1203,1451,32.010243277848915,1
9912,Branch_11183,1203,1510,33.333333333333336,1
9913,Branch_11184,6015,6375,34.04834865509023,1
9914,Branch_11185,6024,6375,35.12469265893923,1
9915,Branch_11189,4801,4809,438.5964912280702,1
9916,Branch_11191,2048,2691,102.6694045174538,1
9917,Branch_11192,9558,9668,151.5151515151515,1
9918,Branch_11193,9668,9669,10.26167265264238,1
9919,Branch_11194,9668,9670,10.24485196188915,1
9920,Branch_11195,2794,3308,561.7977528089888,1
9921,Branch_11196,2794,4676,1298.7012987012988,1
9922,Branch_11197,3124,5268,152.67175572519085,1
9923,Branch_11199,36,38,38.095238095238095,1
9924,Branch_11200,36,38,38.095238095238095,1
9925,Branch_11201,36,40,2000.0,1
9926,Branch_11202,36,41,2000.0,1
9927,Branch_11203,38,42,2000.0,1
9928,Branch_11204,37,38,2000.0,1
9929,Branch_11205,36,43,2000.0,1
9930,Branch_11206,28,31,2000.0,1
9931,Branch_11207,28,34,2000.0,1
9932,Branch_11208,30,33,2000.0,1
9933,Branch_11209,36,39,2000.0,1
9934,Branch_11210,28,362,161.55088852988692,1
9935,Branch_11211,30,379,218.8183807439825,1
9936,Branch_11212,40,22,23.391812865497077,1
9937,Branch_11213,41,25,23.386342376052387,1
9938,Branch_11214,42,32,39.65107057890563,1
9939,Branch_11215,37,29,60.56935190793458,1
9940,Branch_11216,43,24,85.1063829787234,1
9941,Branch_11217,31,27,88.18342151675485,1
9942,Branch_11218,34,26,44.923629829290206,1
9943,Branch_11219,33,23,45.49590536851683,1
9944,Branch_11220,39,35,2.450980392156863,1
9945,Branch_11221,1614,1615,6.103515625,1
9946,Branch_11222,5641,5829,15.283509093687911,1
9947,Branch_11224,5641,5690,54.141851651326476,1
9948,Branch_11225,8676,8677,11.827321111768185,1
9949,Branch_11226,7185,7526,45.31037607612143,1
9950,Branch_11227,3081,3086,24.993751562109473,1
9951,Branch_11228,3084,3082,24.993751562109473,1
9952,Branch_11229,3085,3083,19.996000799840033,1
9953,Branch_11230,3081,3382,2000.0,1
9954,Branch_11231,3084,3382,2000.0,1
9955,Branch_11232,3085,3382,2000.0,1
9956,Branch_11241,7284,7420,4.127115146512588,1
9957,Branch_11242,3382,3727,2000.0,1
9958,Branch_11243,3382,3727,2000.0,1
9959,Branch_11244,4104,4382,57.70340450086555,1
9960,Branch_11245,530,531,1086.9565217391305,1
9961,Branch_11246,532,533,1041.6666666666667,1
9962,Branch_11250,2193,2194,2.632271650434325,1
9963,Branch_11251,884,885,2000.0,1
9964,Branch_11252,886,889,2000.0,1
9965,Branch_11253,887,888,2000.0,1
9966,Branch_11254,883,888,353.35689045936397,1
9967,Branch_11255,9247,9246,5.590027391134217,1
9968,Branch_11256,7036,7434,78.92659826361484,1
9969,Branch_11257,2448,2567,48.426150121065376,1
9970,Branch_11258,2227,2448,341.29692832764505,1
9971,Branch_11259,7032,7086,53.41880341880342,1
9972,Branch_11260,7493,7575,42.73504273504273,1
9973,Branch_11261,7032,7187,112.4859392575928,1
9974,Branch_11262,7914,7915,6.25,1
9975,Branch_11264,1747,1748,9.67305088024763,1
9976,Branch_11265,1747,1749,9.673986649898422,1
9977,Branch_11266,7303,7403,92.85051067780873,1
9978,Branch_11267,7303,7493,98.81422924901186,1
9979,Branch_11268,696,697,2000.0,1
9980,Branch_11269,698,699,2000.0,1
9981,Branch_11270,9275,9429,2000.0,1
9982,Branch_11271,9275,9430,2000.0,1
9983,Branch_11272,9429,9428,3.7815761609438816,1
9984,Branch_11273,9430,9431,3.7688915689895603,1
9985,Branch_11274,7835,7836,10.66894270777766,1
9986,Branch_11275,7476,7835,2000.0,1
9987,Branch_11276,3673,3897,42.46284501061571,1
9988,Branch_11277,1746,1745,9.004141905276427,1
9989,Branch_11278,7471,7648,7.311544929443591,1
9990,Branch_11279,7416,7471,13.30671989354624,1
9991,Branch_11280,4629,4625,27.277686852154936,1
9992,Branch_11281,4628,4626,27.700831024930746,1
9993,Branch_11282,4628,4627,39.635354736424894,1
9994,Branch_11283,3782,3783,-80.51529790660226,1
9995,Branch_11284,3781,3783,14.718869590815425,1
9996,Branch_11285,3779,3783,19.043991620643688,1
9997,Branch_11286,3778,3780,18.37897445322551,1
9998,Branch_11287,4620,4628,2000.0,1
9999,Branch_11288,4620,4629,2000.0,1
10000,Branch_11289,3782,4283,2000.0,1
10001,Branch_11290,3778,4283,2000.0,1
10002,Branch_11292,7139,7146,41.084634346754314,1
10003,Branch_11293,7137,7146,-454.54545454545456,1
10004,Branch_11294,7147,7146,6.72449734382355,1
10005,Branch_11295,7137,7149,9.469696969696969,1
10006,Branch_11296,7138,7149,-27.389756231169542,1
10007,Branch_11297,7148,7149,0.9746778689643073,1
10008,Branch_11301,7138,7176,17.33402669440111,1
10009,Branch_11302,2892,3267,10.507512871703268,1
10010,Branch_11303,9558,9635,62.46096189881324,1
10011,Branch_11304,9558,9635,62.53908692933083,1
10012,Branch_11305,6585,6594,2000.0,1
10013,Branch_11306,9157,9279,10.066438494060801,1
10014,Branch_11307,2892,5298,8.54627809588924,1
10015,Branch_11308,9345,9417,125.31328320802005,1
10016,Branch_11309,8586,8906,144.0922190201729,1
10017,Branch_11310,8906,8907,8.699434536755112,1
10018,Branch_11311,8906,8908,15.441630636195182,1
10019,Branch_11312,8906,8909,12.118274357731458,1
10020,Branch_11313,5121,9171,2000.0,1
10021,Branch_11314,3203,3201,12.470382840753212,1
10022,Branch_11315,3203,3201,12.470382840753212,1
10023,Branch_11316,3202,3206,77.51937984496124,1
10024,Branch_11317,3201,3206,65.359477124183,1
10025,Branch_11318,3207,3206,5.13083632632119,1
10026,Branch_11319,3202,3208,77.51937984496124,1
10027,Branch_11320,3201,3208,65.359477124183,1
10028,Branch_11321,3205,3208,5.13083632632119,1
10029,Branch_11322,9427,9436,2000.0,1
10030,Branch_11323,9242,9243,9.390553103577801,1
10031,Branch_11324,3203,3302,5.877858108505261,1
10032,Branch_11325,6681,6679,17.898693395382136,1
10033,Branch_11326,6681,6680,17.898693395382136,1
10034,Branch_11327,6606,6681,847.457627118644,1
10035,Branch_11328,8268,8269,14.413375612568464,1
10036,Branch_11329,7929,7928,7.012622720897616,1
10037,Branch_11330,5033,5032,8.594018563080096,1
10038,Branch_11331,4754,4755,24.224806201550386,1
10039,Branch_11332,2795,4754,234.192037470726,1
10040,Branch_11333,5271,5272,5.241090146750524,1
10041,Branch_11334,3095,4765,34.65003465003465,1
10042,Branch_11335,2269,2271,50.505050505050505,1
10043,Branch_11336,2270,2271,-326.797385620915,1
10044,Branch_11337,2272,2271,6.66000666000666,1
10045,Branch_11338,2269,2273,51.49330587023687,1
10046,Branch_11339,2270,2273,-344.82758620689657,1
10047,Branch_11340,2274,2273,6.607638430025109,1
10048,Branch_11341,9204,9366,2000.0,1
10049,Branch_11342,7740,7750,2000.0,1
10050,Branch_11343,8246,8247,5.767012687427912,1
10051,Branch_11344,8184,8183,14.30615164520744,1
10052,Branch_11345,8184,8183,8.435970980259828,1
10053,Branch_11346,4436,5297,90.17132551848512,1
10054,Branch_11347,4143,4436,33.9328130302002,1
10055,Branch_11348,2422,2424,6.802258349772124,1
10056,Branch_11349,2423,2421,6.802258349772124,1
10057,Branch_11350,1867,1869,4.597701149425287,1
10058,Branch_11351,1867,1868,2.0504408447816282,1
10059,Branch_11352,3748,5117,2000.0,1
10060,Branch_11353,4366,4965,78.67820613690007,1
10061,Branch_11354,9135,9242,59.701492537313435,1
10062,Branch_11355,8590,8591,46.08294930875576,1
10063,Branch_11356,8588,8591,-460.8294930875576,1
10064,Branch_11357,8593,8591,8.94854586129754,1
10065,Branch_11358,8590,8592,46.06172270842929,1
10066,Branch_11359,8588,8592,-462.962962962963,1
10067,Branch_11360,8594,8592,8.992805755395684,1
10068,Branch_11361,8588,8589,12.696800406297614,1
10069,Branch_11362,4353,5239,2000.0,1
10070,Branch_11363,4676,4674,36.062026685899745,1
10071,Branch_11364,4676,4675,36.062026685899745,1
10072,Branch_11365,5816,5861,2000.0,1
10073,Branch_11366,4236,4242,93.10986964618249,1
10074,Branch_11367,4237,4242,211.41649048625794,1
10075,Branch_11368,4243,4242,12.514078338130396,1
10076,Branch_11369,4236,4239,90.09009009009009,1
10077,Branch_11370,4235,4239,265.9574468085106,1
10078,Branch_11371,4241,4239,13.238019592268996,1
10079,Branch_11372,7984,7985,46.33920296570899,1
10080,Branch_11373,7983,7985,-454.54545454545456,1
10081,Branch_11374,7986,7985,8.94854586129754,1
10082,Branch_11375,6651,6652,12.035142616440005,1
10083,Branch_11376,1114,1115,109.64912280701755,1
10084,Branch_11377,4642,4677,2000.0,1
10085,Branch_11378,4642,4700,59.06674542232723,1
10086,Branch_11379,9599,9603,1190.4761904761904,1
10087,Branch_11380,9603,9604,5.29436679373147,1
10088,Branch_11381,5170,5171,5.555246930726071,1
10089,Branch_11382,3132,5170,5.974072525240456,1
10090,Branch_11383,3201,4122,28.49002849002849,1
10091,Branch_11385,4227,5289,2000.0,1
10092,Branch_11386,8901,8902,2000.0,1
10093,Branch_11387,2796,3499,714.2857142857143,1
10094,Branch_11388,3499,4669,2000.0,1
10095,Branch_11389,8129,8128,7.089181908407769,1
10096,Branch_11390,8139,8140,5.668934240362812,1
10097,Branch_11391,9142,9213,8.869179600886918,1
10098,Branch_11392,326,327,2000.0,1
10099,Branch_11393,328,329,2000.0,1
10100,Branch_11394,8232,8233,2.152389151958674,1
10101,Branch_11395,8233,8938,161.29032258064515,1
10102,Branch_11396,1001,1007,-529.1005291005291,1
10103,Branch_11397,1000,1007,51.440329218106996,1
10104,Branch_11398,1009,1007,10.165700925078784,1
10105,Branch_11402,999,1010,133.33333333333334,1
10106,Branch_11403,1000,1010,88.261253309797,1
10107,Branch_11404,1008,1010,9.885330170027679,1
10108,Branch_11405,1005,1011,-174.52006980802793,1
10109,Branch_11406,999,1011,23.452157598499063,1
10110,Branch_11407,1012,1011,5.977286312014345,1
10111,Branch_11408,999,1185,58.07200929152149,1
10112,Branch_11409,999,1186,56.98005698005698,1
10113,Branch_11410,3465,4079,45.662100456621005,1
10114,Branch_11411,4026,4079,155.52099533437013,1
10115,Branch_11412,1117,1129,2000.0,1
10116,Branch_11413,1117,1129,2000.0,1
10117,Branch_11414,7226,7550,60.09615384615385,1
10118,Branch_11415,7226,7427,41.98152812762385,1
10119,Branch_11416,6509,6651,408.16326530612247,1
10120,Branch_11417,817,818,5.430355688297584,1
10121,Branch_11418,667,1672,2000.0,1
10122,Branch_11419,7022,7080,5.561735261401557,1
10123,Branch_11420,7080,7352,30.211480362537763,1
10124,Branch_11421,4043,4042,10.554089709762533,1
10125,Branch_11422,4041,4042,-165.28925619834712,1
10126,Branch_11423,4044,4042,2.401998462720984,1
10127,Branch_11424,4726,4737,2000.0,1
10128,Branch_11425,2969,4564,34.27004797806717,1
10129,Branch_11426,3095,4564,261.78010471204186,1
10130,Branch_11427,3966,4635,114.94252873563218,1
10131,Branch_11428,3058,4635,111.98208286674132,1
10132,Branch_11429,3049,4083,94.9667616334283,1
10133,Branch_11430,2883,2882,6.231306081754735,1
10134,Branch_11431,2883,2935,27.3224043715847,1
10135,Branch_11435,3805,3809,45.187528242205154,1
10136,Branch_11436,3800,3809,467.2897196261682,1
10137,Branch_11438,1574,1575,2000.0,1
10138,Branch_11439,1573,1576,2000.0,1
10139,Branch_11440,4287,4286,7.610350076103501,1
10140,Branch_11441,4285,4286,100.0,1
10141,Branch_11442,4289,4286,3.0712530712530715,1
10142,Branch_11443,8129,8685,37.105751391465674,1
10143,Branch_11444,8139,8685,23.266635644485806,1
10144,Branch_11445,1416,1576,166.9449081803005,1
10145,Branch_11446,3677,4045,2000.0,1
10146,Branch_11447,3303,4616,16.466326362588507,1
10147,Branch_11448,4567,4616,68.3526999316473,1
10148,Branch_11449,4616,5215,50.403225806451616,1
10149,Branch_11450,4616,5215,51.36106831022085,1
10150,Branch_11451,4616,5215,50.68423720223011,1
10151,Branch_11452,3898,4598,35.29827038475115,1
10152,Branch_11453,4483,4598,97.0873786407767,1
10153,Branch_11454,3469,4598,201.61290322580646,1
10154,Branch_11456,761,762,2000.0,1
10155,Branch_11457,4107,4103,30.959752321981423,1
10156,Branch_11458,4104,4103,-384.61538461538464,1
10157,Branch_11459,4106,4103,8.176614881439084,1
10158,Branch_11460,4107,4102,30.959752321981423,1
10159,Branch_11461,4104,4102,-384.61538461538464,1
10160,Branch_11462,4105,4102,10.81081081081081,1
10161,Branch_11463,8872,8871,56.21135469364812,1
10162,Branch_11464,8374,8443,193.05019305019306,1
10163,Branch_11465,8777,8776,10.498687664041995,1
10164,Branch_11466,1820,2638,53.05039787798408,1
10165,Branch_11467,2104,2700,51.3347022587269,1
10166,Branch_11468,2219,2221,2000.0,1
10167,Branch_11470,2321,2719,1666.6666666666667,1
10168,Branch_11471,105,5475,39.635354736424894,1
10169,Branch_11472,105,5475,39.666798889329634,1
10170,Branch_11474,1923,2234,147.92899408284023,1
10171,Branch_11475,4566,5293,15.126304643775526,1
10172,Branch_11476,4122,4566,120.91898428053204,1
10173,Branch_11477,5976,5975,10.612331529236974,1
10174,Branch_11478,5976,5975,10.574177857671566,1
10175,Branch_11479,5975,5977,2000.0,1
10176,Branch_11480,4882,4883,14.677821811243211,1
10177,Branch_11481,4882,4884,10.529640939243972,1
10178,Branch_11482,4882,4885,15.812776723592663,1
10179,Branch_11483,4870,4882,1960.7843137254902,1
10180,Branch_11484,8548,8550,10.702054794520548,1
10181,Branch_11485,8549,8550,-71.83908045977012,1
10182,Branch_11486,8551,8550,2.6010508245331114,1
10183,Branch_11487,8548,8552,10.40582726326743,1
10184,Branch_11488,8549,8552,-63.775510204081634,1
10185,Branch_11489,8553,8552,2.467003823855927,1
10186,Branch_11490,8548,8554,19.043991620643688,1
10187,Branch_11491,7106,7107,1.6337199803953601,1
10188,Branch_11492,7106,7108,1.7723268879712173,1
10189,Branch_11493,873,1317,68.02721088435374,1
10190,Branch_11494,107,109,-248.75621890547265,1
10191,Branch_11495,105,109,54.614964500273075,1
10192,Branch_11496,110,109,10.619093129446744,1
10193,Branch_11497,107,111,-248.75621890547265,1
10194,Branch_11498,105,111,55.09641873278237,1
10195,Branch_11499,112,111,10.771219302024988,1
10196,Branch_11500,107,113,-243.90243902439025,1
10197,Branch_11501,105,113,54.31830526887561,1
10198,Branch_11502,114,113,10.573059843518715,1
10199,Branch_11503,6775,6774,15.28117359413203,1
10200,Branch_11504,6649,6775,2000.0,1
10201,Branch_11505,2666,2671,27.100271002710027,1
10202,Branch_11506,2665,2671,-476.1904761904762,1
10203,Branch_11507,2673,2671,19.29384526336099,1
10204,Branch_11508,2666,2672,27.233115468409586,1
10205,Branch_11509,2665,2672,-375.9398496240602,1
10206,Branch_11510,2674,2672,6.572461386789352,1
10207,Branch_11511,2666,2669,26.595744680851062,1
10208,Branch_11512,2665,2669,-270.27027027027026,1
10209,Branch_11513,2670,2669,6.574621959237344,1
10210,Branch_11514,907,1202,2000.0,1
10211,Branch_11515,907,1202,2000.0,1
