id,from_bus,to_bus,susceptance
1,1,1229,133.33333333333334
2,1,1657,112.4859392575928
3,2,3,2000.0
4,2,440,98.32841691248773
5,2,524,666.6666666666666
6,4,7,126.42225031605562
7,4,1065,195.69471624266143
8,4,1422,94.16195856873824
9,5,6,165.01650165016505
10,6,695,137.93103448275863
11,6,782,143.26647564469914
12,8,40,71.58196134574088
13,10,11,8.22886720739681
14,10,12,7.899518129394107
15,10,1201,122.54901960784314
16,10,1309,2000.0
17,13,877,37.93626707132018
18,13,1350,156.25
19,13,1459,67.79661016949153
20,13,1472,46.42525533890437
21,14,578,18.864365214110546
22,14,1459,819.672131147541
23,15,412,117.50881316098707
24,15,415,170.35775127768312
25,15,866,166.11295681063123
26,15,916,195.3125
27,16,109,100.10010010010012
28,16,1128,226.2443438914027
29,17,19,101.010101010101
30,17,1065,93.37068160597572
31,17,1592,854.7008547008547
32,18,20,101.41987829614604
33,20,1065,93.37068160597572
34,20,1594,854.7008547008547
35,21,24,84.10428931875526
36,22,23,84.45945945945945
37,23,317,225.2252252252252
38,23,1582,93.72071227741333
39,24,316,225.2252252252252
40,24,477,68.58710562414267
41,25,321,137.7410468319559
42,25,1685,11.771630370806356
43,26,830,46.18937644341801
44,26,1175,47.43833017077799
45,27,893,369.0036900369004
46,27,1098,2000.0
47,27,1100,2000.0
48,27,1101,2000.0
49,27,1103,2000.0
50,27,1431,70.52186177715092
51,27,1687,169.20473773265653
52,28,1314,19.960079840319363
53,28,1385,4.595588235294118
54,30,801,16.215339711366955
55,30,7887,7.263746640517179
56,32,320,116.95906432748538
57,32,403,79.87220447284345
58,32,1198,70.92198581560284
59,33,230,10.060362173038229
60,33,1083,76.51109410864575
61,33,1528,4.799155348658636
62,34,35,112.2334455667789
63,34,219,1030.9278350515465
64,34,490,1886.7924528301887
65,34,1554,363.6363636363636
66,35,36,862.0689655172414
67,36,219,1030.9278350515465
68,37,1095,40.53506282934739
69,37,1283,18.82530120481928
70,38,687,564.9717514124294
71,38,808,438.5964912280702
72,39,1127,1315.7894736842106
73,39,1712,116.95906432748538
74,40,1045,85.39709649871904
75,40,1046,85.32423208191126
76,40,1354,52.79831045406547
77,41,1347,95.60229445506693
78,41,1491,704.2253521126761
79,42,357,1369.86301369863
80,43,358,1298.7012987012988
81,44,1178,77.51937984496124
82,44,1710,193.7984496124031
83,45,1357,246.3054187192118
84,45,1404,279.3296089385475
85,46,563,35.536602700781806
86,46,647,330.03300330033005
87,46,948,19.10219675262655
88,46,1240,38.66976024748647
89,46,1242,59.73715651135006
90,47,1309,166.66666666666666
91,47,1369,421.9409282700422
92,48,49,2.7092194738695783
93,48,50,2.8827582230678312
94,48,242,129.19896640826877
95,51,323,34.83106931382793
96,51,894,59.20663114268798
97,51,930,27.53303964757709
98,52,828,54.7645125958379
99,52,1399,74.29420505200595
100,53,211,55.12679162072767
101,53,657,47.39336492890995
102,53,1354,53.93743257820928
103,53,1673,53.96654074473826
104,54,55,2000.0
105,54,1211,92.50693802035153
106,55,325,134.58950201884252
107,55,418,146.19883040935673
108,55,761,76.10350076103501
109,56,282,192.67822736030828
110,56,361,140.64697609001408
111,56,1336,67.47638326585695
112,56,1381,54.34782608695652
113,57,59,242.13075060532688
114,58,60,313.47962382445144
115,59,891,131.06159895150722
116,59,912,346.02076124567475
117,60,913,277.0083102493075
118,60,1545,377.35849056603774
119,61,413,452.4886877828054
120,61,1294,80.77544426494346
121,62,343,746.2686567164179
122,62,712,4.515692029803567
123,62,1527,67.02412868632707
124,63,828,128.8659793814433
125,63,1561,273.224043715847
126,64,545,892.8571428571429
127,64,626,132.9787234042553
128,66,67,2000.0
129,66,287,85.47008547008546
130,66,422,84.17508417508418
131,66,1149,44.58314757021846
132,66,1542,141.24293785310735
133,67,68,2000.0
134,67,989,35.423308537017355
135,69,70,49.3339911198816
136,69,71,14.795088030773783
137,69,72,17.58087201125176
138,69,73,14.721036360959811
139,69,74,49.3339911198816
140,69,75,14.795088030773783
141,70,1121,2000.0
142,74,1121,2000.0
143,76,1087,40.899795501022496
144,76,1349,52.00208008320333
145,77,78,1351.3513513513512
146,77,919,2000.0
147,78,79,813.0081300813008
148,78,198,101.41987829614604
149,80,82,1190.4761904761904
150,80,396,546.448087431694
151,81,82,14.10238330277817
152,83,661,1562.5
153,83,1023,125.15644555694618
154,83,1077,245.09803921568627
155,84,1168,70.27406886858749
156,84,1257,85.39709649871904
157,85,658,107.2961373390558
158,85,1371,96.61835748792272
159,86,87,2000.0
160,87,658,78.80220646178093
161,87,891,89.20606601248885
162,88,799,632.9113924050633
163,88,800,2000.0
164,89,869,165.8374792703151
165,89,1585,146.84287812041117
166,90,306,122.85012285012284
167,90,1149,42.69854824935952
168,91,201,70.47216349541931
169,91,365,641.025641025641
170,92,189,39.8247710075667
171,92,993,96.7117988394584
172,93,94,1960.7843137254904
173,94,189,40.38772213247173
174,94,1682,66.40106241699867
175,95,96,5.688282138794084
176,95,1513,10.02004008016032
177,95,1563,17.54385964912281
178,96,876,29.832935560859188
179,96,1019,13.345789403443211
180,97,103,17.755681818181817
181,98,102,17.755681818181817
182,99,104,15.08523155830442
183,100,104,15.08523155830442
184,101,104,293.2551319648094
185,101,1088,2000.0
186,102,1088,2000.0
187,103,1088,2000.0
188,105,281,2000.0
189,106,107,9.777082518576456
190,106,1025,127.06480304955528
191,106,1216,128.53470437017995
192,108,1657,166.9449081803005
193,109,1657,173.61111111111111
194,110,899,42.33700254022016
195,110,935,54.46623093681917
196,110,1425,2000.0
197,111,547,239.8081534772182
198,111,1337,485.4368932038834
199,111,1654,526.3157894736842
200,112,134,5.9680114585820006
201,112,138,82.44023083264634
202,112,140,5.9680114585820006
203,113,120,2000.0
204,113,151,55.0357732526142
205,113,153,58.0046403712297
206,113,235,186.9158878504673
207,113,1066,223.71364653243847
208,114,130,4.63907960660605
209,114,132,-27.647221454243848
210,114,141,4.733279689496852
211,115,127,4.710981297404249
212,115,138,-28.441410693970425
213,115,143,4.569548528605374
214,117,120,40.43671653861706
215,117,125,5.674080798910577
216,117,135,5.624613307835086
217,118,120,40.06410256410256
218,118,129,5.631899076368551
219,118,136,5.681495369581274
220,120,122,44.150110375275936
221,121,154,324.6753246753247
222,122,131,5.573514658343552
223,122,142,5.636343140570398
224,123,132,-28.433323855558715
225,123,133,4.814636494944632
226,123,145,4.8954814706026335
227,124,151,9.86971969996052
228,126,144,2000.0
229,128,144,2000.0
230,128,151,-427.35042735042737
231,128,152,7.540909433677702
232,128,937,44.84304932735426
233,128,1096,60.13229104028864
234,128,1592,63.775510204081634
235,132,137,1333.3333333333333
236,132,148,10.22390348635109
237,137,138,1492.5373134328358
238,137,149,2000.0
239,137,153,-336.7003367003367
240,137,475,70.2247191011236
241,137,1325,53.05039787798408
242,138,146,10.282776349614396
243,139,149,2000.0
244,144,826,104.4932079414838
245,147,152,-67.38544474393531
246,149,1455,103.62694300518136
247,150,153,10.466820180029307
248,152,154,1.928491533922166
249,155,957,77.10100231303007
250,155,1688,56.33802816901409
251,156,157,11.835720203574388
252,156,158,11.81753722524226
253,156,159,5.424758598242378
254,156,160,5.424758598242378
255,156,161,5.392289026691831
256,156,162,4.29138504452312
257,156,165,6.5333856004181365
258,156,243,5.410377103284099
259,156,1116,27.3224043715847
260,157,158,2000.0
261,157,469,17.45810055865922
262,158,650,39.87240829346093
263,158,1202,170.06802721088437
264,160,163,0.8576329331046312
265,164,412,240.9638554216868
266,164,656,854.7008547008547
267,165,1085,28.058361391694724
268,165,1709,149.03129657228018
269,166,1002,18.832391713747647
270,166,1056,9.157509157509155
271,166,1169,106.38297872340424
272,167,169,-122.85012285012284
273,167,170,-129.5336787564767
274,167,1078,24.752475247524757
275,167,1453,57.8368999421631
276,168,169,22.281639928698752
277,168,170,16.79261125104954
278,168,661,862.0689655172414
279,168,710,157.72870662460568
280,169,172,7.783918424534911
281,170,171,6.628222973420826
282,173,191,23.39181286549708
283,174,184,45.49590536851683
284,175,194,85.1063829787234
285,176,192,23.386342376052387
286,177,185,44.923629829290206
287,179,185,2000.0
288,179,195,2000.0
289,179,214,29.205607476635517
290,179,512,161.55088852988692
291,179,1105,245.39877300613497
292,179,1217,203.77233139215014
293,179,1544,104.16666666666669
294,180,188,60.56935190793458
295,181,184,2000.0
296,181,528,225.2252252252252
297,181,1073,2000.0
298,181,1544,104.0582726326743
299,181,1656,79.93605115907275
300,183,193,39.65107057890563
301,186,190,2.450980392156863
302,187,189,76.19047619047619
303,187,190,2000.0
304,187,191,2000.0
305,187,192,2000.0
306,187,194,2000.0
307,187,294,275.4820936639118
308,187,863,79.30214115781126
309,187,877,120.48192771084338
310,187,878,119.76047904191616
311,187,1635,14.639145073927684
312,187,1683,42.3728813559322
313,188,189,2000.0
314,189,193,2000.0
315,189,864,89.60573476702508
316,189,1433,30.75030750307503
317,196,1307,110.49723756906076
318,196,1458,93.45794392523364
319,197,866,414.9377593360996
320,197,1117,675.6756756756756
321,198,762,17.873100983020553
322,198,763,17.885888034340905
323,198,1691,71.58196134574088
324,199,200,7.432181345224824
325,199,275,3.9556962025316458
326,199,2656,2.49925022493252
327,200,283,57.01254275940707
328,200,417,18.65671641791045
329,200,569,30.693677102516883
330,201,1022,145.98540145985402
331,201,1711,235.8490566037736
332,202,295,561.7977528089888
333,202,414,869.5652173913044
334,203,1381,925.925925925926
335,204,622,55.80357142857143
336,204,771,196.8503937007874
337,205,969,76.4525993883792
338,205,1518,77.88161993769471
339,206,681,208.33333333333331
340,206,684,146.84287812041117
341,207,209,364.963503649635
342,208,210,359.71223021582733
343,209,278,72.3589001447178
344,209,1016,92.85051067780871
345,210,474,104.9317943336831
346,210,1449,121.654501216545
347,211,1675,126.10340479192938
348,212,214,157.4195338994076
349,213,214,158.8566359867691
350,214,367,36.25815808556926
351,214,423,158.22784810126583
352,214,648,202.09463949072148
353,214,1564,147.71048744460856
354,214,2129,29.515938606847698
355,214,8232,16.002560409665545
356,216,822,2000.0
357,217,824,2000.0
358,218,219,7.693491306354824
359,219,220,6.325510784995888
360,221,275,40.74979625101874
361,221,917,12.805736970162632
362,221,1562,5.553087516659263
363,222,1637,206.61157024793388
364,222,1680,109.2896174863388
365,223,1033,285.7142857142857
366,225,1054,216.9197396963124
367,225,1700,106.83760683760684
368,226,228,56.49717514124294
369,227,229,142.45014245014244
370,228,527,105.04201680672269
371,228,886,48.99559039686428
372,229,527,53.07855626326964
373,229,1402,155.27950310559007
374,230,667,4.84027105517909
375,231,356,1851.851851851852
376,232,356,1851.851851851852
377,233,238,118.90606420927467
378,233,239,-500.0
379,233,347,172.41379310344828
380,233,658,168.35016835016836
381,233,1036,102.56410256410255
382,233,1039,101.9367991845056
383,234,237,1149.425287356322
384,235,238,95.96928982725528
385,235,239,58.13953488372093
386,235,1105,115.74074074074076
387,237,346,178.57142857142858
388,237,658,184.84288354898337
389,238,240,9.51746454744456
390,239,241,9.912767644726408
391,242,930,25.46473134708429
392,242,1359,64.14368184733804
393,243,1704,5.5263885051119095
394,244,276,104.9317943336831
395,244,355,8.16259897151253
396,244,1258,58.30903790087464
397,245,253,2000.0
398,245,256,2000.0
399,245,1075,132.4503311258278
400,245,1259,109.64912280701756
401,246,249,55.5247084952804
402,246,250,105.04201680672269
403,246,690,787.4015748031496
404,246,691,787.4015748031496
405,246,1671,162.86644951140065
406,247,249,-333.3333333333333
407,247,250,203.2520325203252
408,247,312,113.89521640091117
409,247,790,41.911148365465216
410,247,1045,75.87253414264036
411,247,1064,80.45052292839904
412,248,249,9.498480243161094
413,250,251,11.88212927756654
414,252,254,38.63987635239568
415,252,257,87.18395815170008
416,252,971,113.76564277588167
417,252,1217,1136.3636363636365
418,253,254,2000.0
419,254,255,7.411250277921885
420,256,257,136.986301369863
421,257,258,9.899029895070283
422,259,264,54.61496450027308
423,259,267,55.09641873278237
424,259,269,54.31830526887561
425,259,1105,246.91358024691357
426,259,5245,79.30215362575453
427,259,5501,78.03355442840422
428,262,264,-248.75621890547265
429,262,267,-248.75621890547265
430,262,269,-243.90243902439025
431,262,394,101.9367991845056
432,262,395,100.30090270812435
433,263,317,110.49723756906076
434,264,265,10.619093129446744
435,266,316,110.13215859030836
436,267,268,10.771219302024988
437,269,270,10.573059843518717
438,272,796,487.8048780487805
439,272,828,89.28571428571429
440,273,295,363.6363636363636
441,273,707,793.6507936507936
442,274,546,43.95604395604396
443,274,1089,38.15337657382678
444,275,677,17.88908765652952
445,276,952,82.3045267489712
446,278,1669,315.45741324921136
447,279,325,1886.7924528301887
448,279,1574,1612.9032258064517
449,280,804,10.374520178441747
450,280,1356,18.19174094960888
451,280,1360,60.93845216331505
452,281,282,454.54545454545456
453,281,1310,454.54545454545456
454,283,284,17.969451931716083
455,283,562,11.67269756040621
456,283,2546,19.519812609798947
457,284,870,15.54243083618278
458,284,1370,78.06401249024199
459,285,287,757.5757575757576
460,285,1557,91.74311926605505
461,286,291,404.8582995951417
462,286,1566,289.01734104046244
463,288,1264,72.41129616220131
464,289,1264,81.03727714748784
465,290,1357,826.4462809917355
466,291,295,179.53321364452424
467,292,1511,261.0966057441253
468,292,1687,113.2502831257078
469,293,294,9.42951438000943
470,295,297,2000.0
471,295,299,-354.6099290780142
472,295,302,-241.5458937198068
473,295,303,-480.7692307692308
474,295,305,2000.0
475,295,678,349.65034965034965
476,295,707,473.9336492890996
477,295,1332,318.47133757961785
478,296,305,2000.0
479,298,299,58.17335660267597
480,298,302,54.43658138268917
481,298,303,58.07200929152149
482,298,1066,70.8215297450425
483,298,1121,317.46031746031747
484,298,1146,217.3913043478261
485,298,1671,103.30578512396694
486,299,300,10.439503079653408
487,301,302,10.700909577314071
488,303,304,10.44932079414838
489,305,1712,363.6363636363636
490,306,1127,337.8378378378378
491,307,309,2000.0
492,308,310,2000.0
493,309,311,129.5336787564767
494,309,836,751.8796992481203
495,310,368,77.9423226812159
496,310,1358,1960.7843137254904
497,311,368,384.61538461538464
498,311,810,1724.1379310344828
499,312,1064,51.440329218107
500,313,1147,31.54574132492113
501,313,1636,2000.0
502,314,562,657.8947368421053
503,314,1525,8.629616845012082
504,315,324,2061.855670103093
505,315,1118,357.14285714285717
506,316,319,2000.0
507,317,318,2000.0
508,320,858,175.43859649122808
509,322,323,2000.0
510,323,1295,2000.0
511,324,1716,896.8609865470852
512,326,327,57.6036866359447
513,326,593,39.32363350373574
514,326,996,142.04545454545453
515,328,366,531.9148936170212
516,328,1355,199.203187250996
517,329,330,14.291839359725596
518,329,435,431.0344827586207
519,329,1166,75.18796992481202
520,329,1330,41.80602006688963
521,329,1375,377.35849056603774
522,330,1347,362.3188405797101
523,331,340,9.514747859181732
524,332,340,9.48676596148373
525,333,338,9.908838684106223
526,334,338,9.813542688910696
527,335,339,10.068465565847765
528,336,339,10.024057738572576
529,337,338,353.356890459364
530,337,339,314.4654088050315
531,337,340,390.625
532,337,969,877.1929824561404
533,341,1208,206.18556701030928
534,341,1282,53.13496280552604
535,342,390,124.0694789081886
536,342,1585,68.1663258350375
537,344,346,259.7402597402597
538,345,347,384.61538461538464
539,346,1325,163.9344262295082
540,347,1326,167.50418760469012
541,348,1095,393.7007874015748
542,348,1585,401.6064257028112
543,349,1513,26.695141484249863
544,349,1525,2000.0
545,350,354,457.66590389016017
546,350,367,41.75365344467641
547,350,489,131.75230566534916
548,350,1722,224.2152466367713
549,350,1723,1204.8192771084337
550,351,354,27.75464890369137
551,352,354,31.69572107765452
552,353,354,39.77724741447892
553,355,546,34.770514603616135
554,356,357,518.1347150259068
555,356,358,393.7007874015748
556,356,1640,341.29692832764505
557,356,1641,381.6793893129771
558,357,1063,425.531914893617
559,358,1063,490.1960784313725
560,359,810,73.09941520467837
561,359,1216,193.4235976789168
562,360,888,248.75621890547265
563,360,1229,139.66480446927375
564,361,362,151.05740181268882
565,361,1499,58.47953216374269
566,363,364,1.7828807787623242
567,364,1017,480.7692307692308
568,364,1715,323.62459546925567
569,365,882,284.09090909090907
570,366,786,469.4835680751174
571,367,369,67.70480704129993
572,367,370,66.53359946773121
573,367,373,58.47953216374269
574,367,423,46.06172270842929
575,367,838,1162.7906976744187
576,367,1723,43.15925766076823
577,368,369,-877.1929824561404
578,368,370,-724.6376811594203
579,368,373,-465.1162790697674
580,368,377,1408.4507042253522
581,368,378,1470.5882352941176
582,368,1585,272.29420378505625
583,369,371,10.060362173038229
584,370,372,10.006003602161297
585,373,374,9.893153937475269
586,375,378,2000.0
587,376,377,2000.0
588,377,390,64.51612903225806
589,378,869,134.77088948787062
590,379,380,13.10615989515072
591,380,381,2000.0
592,381,1227,1818.1818181818185
593,382,995,64.80881399870383
594,382,1075,19.03674090995621
595,383,384,4.784688995215311
596,383,385,4.784688995215311
597,383,1352,2000.0
598,386,391,2000.0
599,386,392,2000.0
600,386,410,135.31799729364005
601,386,1396,126.10340479192938
602,387,389,4.784688995215311
603,388,389,4.784688995215311
604,389,523,1282.051282051282
605,389,1675,33.818058843422385
606,391,393,9.216589861751151
607,394,1193,86.20689655172414
608,396,399,303.951367781155
609,396,400,303.951367781155
610,396,401,319.4888178913738
611,396,402,260.4166666666667
612,396,1302,90.41591320072332
613,396,1655,37.764350453172206
614,397,399,3.703703703703704
615,398,400,3.745318352059925
616,403,958,291.3775174550625
617,403,969,86.80555555555556
618,404,1337,184.1620626151013
619,405,453,129.5336787564767
620,405,893,483.0917874396136
621,406,407,2000.0
622,406,1063,2000.0
623,407,408,4.784688995215311
624,407,409,4.784688995215311
625,407,484,2000.0
626,410,1585,120.33694344163658
627,411,1226,34.317089910775564
628,411,1283,193.05019305019303
629,413,900,144.50867052023122
630,414,818,440.5286343612335
631,415,687,302.11480362537765
632,416,784,507.6142131979696
633,416,1355,124.53300124533
634,417,1074,36.8052999631947
635,418,1583,273.224043715847
636,419,420,4.784688995215311
637,419,421,4.784688995215311
638,419,428,2000.0
639,422,923,213.2196162046908
640,423,424,729.92700729927
641,424,425,8.655011251514628
642,426,488,657.8947368421053
643,426,1714,2000.0
644,427,946,272.4795640326976
645,427,1400,57.142857142857146
646,428,801,2000.0
647,429,430,2000.0
648,429,1424,14.695077149155033
649,430,1563,24.05002405002405
650,431,860,290.69767441860466
651,431,1087,44.150110375275936
652,432,657,71.78750897343862
653,432,1702,91.6590284142988
654,433,1460,40.51863857374392
655,433,1470,71.58196134574088
656,434,487,46.01932811780948
657,434,1635,98.71668311944718
658,434,1718,2000.0
659,435,436,2000.0
660,435,1375,286.5329512893983
661,437,1286,1587.3015873015872
662,437,1376,543.4782608695652
663,439,443,374.5318352059925
664,439,969,29.48117307256401
665,439,995,228.83295194508008
666,439,1308,92.42144177449168
667,440,927,43.066322136089575
668,441,996,103.09278350515464
669,441,1572,14.662756598240469
670,442,443,4.738887309259786
671,443,444,4.738887309259786
672,443,445,4.738887309259786
673,443,446,4.738887309259786
674,443,447,4.738887309259786
675,443,448,4.738887309259786
676,443,449,4.738887309259786
677,443,450,4.738887309259786
678,443,451,4.738887309259786
679,443,452,4.738887309259786
680,453,454,6.315523556902868
681,453,455,6.315523556902868
682,453,460,101.010101010101
683,453,461,101.010101010101
684,453,462,101.010101010101
685,453,463,101.010101010101
686,453,997,120.91898428053204
687,453,1291,65.06180871828236
688,453,1686,326.797385620915
689,454,1485,2000.0
690,455,1487,2000.0
691,456,460,3.951007506914263
692,456,1479,2000.0
693,457,460,3.951007506914263
694,457,1480,2000.0
695,458,461,3.951007506914263
696,458,1479,2000.0
697,459,461,3.951007506914263
698,459,1478,2000.0
699,462,464,3.951007506914263
700,462,465,3.951007506914263
701,463,466,3.951007506914263
702,463,467,3.951007506914263
703,464,1476,2000.0
704,465,1477,2000.0
705,466,1476,2000.0
706,467,1477,2000.0
707,469,596,163.3986928104575
708,471,1264,163.1321370309951
709,471,1273,163.1321370309951
710,472,473,6.70510929328148
711,473,764,645.1612903225806
712,474,969,39.52569169960474
713,475,476,2000.0
714,475,967,116.55011655011656
715,477,478,2000.0
716,477,1326,58.37711617046118
717,479,481,16.5892501658925
718,480,481,16.5892501658925
719,481,648,367.6470588235294
720,482,483,4.1363335539377895
721,482,1034,1041.6666666666667
722,484,485,4.740235115661736
723,484,486,4.740235115661736
724,487,1034,122.24938875305624
725,487,1719,2000.0
726,488,1090,77.33952049497293
727,489,491,2000.0
728,489,528,303.030303030303
729,490,893,298.5074626865672
730,491,492,16.423057973394645
731,491,493,16.423057973394645
732,494,502,5.722460658082976
733,495,502,5.657708628005658
734,496,503,5.722460658082976
735,497,503,5.657708628005658
736,498,504,5.722460658082976
737,499,504,5.657708628005658
738,500,505,5.722460658082976
739,501,505,5.657708628005658
740,502,506,97.3709834469328
741,503,506,97.3709834469328
742,504,506,97.3709834469328
743,505,506,97.3709834469328
744,506,1073,2000.0
745,507,557,2000.0
746,507,1034,55.99104143337066
747,507,1694,41.23711340206186
748,509,510,11.741223435481976
749,510,511,11.741223435481976
750,510,512,2000.0
751,512,648,53.61930294906166
752,513,521,4.738887309259786
753,514,521,4.738887309259786
754,515,521,4.738887309259786
755,516,521,4.738887309259786
756,517,521,4.738887309259786
757,518,521,4.738887309259786
758,519,521,4.738887309259786
759,520,521,4.738887309259786
760,521,1227,2000.0
761,522,525,2000.0
762,522,799,42.158516020236085
763,522,1343,71.27583749109051
764,523,552,2000.0
765,523,1584,854.7008547008547
766,524,531,900.9009009009008
767,524,1343,54.70459518599562
768,525,526,16.564518800728838
769,527,1339,684.931506849315
770,527,1342,684.931506849315
771,528,555,2000.0
772,529,531,11.50483202945237
773,530,531,10.486577181208052
774,532,533,5.159426271798576
775,533,545,2000.0
776,534,540,4.738887309259786
777,535,540,4.738887309259786
778,536,540,4.738887309259786
779,537,540,4.738887309259786
780,538,540,4.738887309259786
781,539,540,4.738887309259786
782,540,1283,1851.851851851852
783,545,1283,33.80662609871535
784,546,1331,7.8064012490242
785,547,1239,2000.0
786,547,1518,161.81229773462783
787,550,553,4.740235115661736
788,551,553,4.740235115661736
789,552,553,2000.0
790,554,555,11.429877700308609
791,555,556,16.02820964898221
792,557,558,9.845426799251747
793,557,559,9.845426799251747
794,560,561,3.4748766418792134
795,561,1166,2000.0
796,562,564,2000.0
797,563,791,30.73140749846343
798,564,565,10.52853232259423
799,564,566,10.930156301235108
800,567,576,2000.0
801,567,935,94.07337723424271
802,567,1694,31.133250311332503
803,569,625,1315.7894736842106
804,569,1008,30.835646006783843
805,570,571,12.893243940175347
806,570,572,12.893243940175347
807,570,574,24.88181139586962
808,570,1283,2000.0
809,576,577,11.668611435239209
810,578,585,2000.0
811,578,1226,273.972602739726
812,579,585,4.739336492890995
813,580,585,4.739336492890995
814,581,585,4.7395611166406
815,582,585,4.7395611166406
816,583,585,4.739336492890995
817,584,585,4.739336492890995
818,585,586,4.739336492890995
819,585,587,4.739336492890995
820,588,589,19.50458357714063
821,588,590,14.353380221042055
822,588,591,14.34102968593145
823,588,648,2000.0
824,592,694,2000.0
825,592,695,2000.0
826,592,954,93.10986964618247
827,592,956,116.82242990654206
828,592,1051,21.150592216582066
829,593,1424,34.89183531053733
830,594,595,13.145786775338504
831,594,1352,52.21932114882507
832,596,1275,2000.0
833,596,1352,34.78260869565217
834,597,599,11.743981209630064
835,598,599,11.743981209630064
836,599,1722,440.5286343612335
837,600,622,88.49557522123894
838,600,2614,23.26663564448581
839,601,1286,363.6363636363636
840,601,1491,606.060606060606
841,603,1075,2000.0
842,610,611,8.598452278589853
843,611,1333,2000.0
844,623,921,159.23566878980893
845,623,1090,217.3913043478261
846,623,1735,2000.0
847,624,625,11.263798152737102
848,626,1119,141.84397163120568
849,626,1740,2000.0
850,631,632,42.7715996578272
851,632,1555,4.374453193350831
852,632,1576,7.974481658692185
853,647,1695,33.05785123966942
854,648,1722,195.3125
855,648,2138,28.58776443682104
856,649,1278,11.595547309833025
857,649,1445,5.556481635828193
858,650,651,2000.0
859,650,652,2.880101379568561
860,651,652,2.886752691896885
861,651,757,25.58199027884369
862,653,1569,158.9825119236884
863,653,1710,980.3921568627452
864,654,1059,162.07455429497568
865,654,1550,58.10575246949448
866,655,1059,164.74464579901152
867,655,1429,164.74464579901152
868,656,1521,255.7544757033248
869,658,660,2000.0
870,658,664,107.87486515641856
871,658,666,79.55449482895784
872,658,909,214.13276231263384
873,659,660,2000.0
874,660,908,217.8649237472767
875,661,662,2000.0
876,662,1005,581.3953488372093
877,662,1006,877.1929824561404
878,663,664,1086.9565217391305
879,664,684,250.6265664160401
880,665,666,1041.6666666666667
881,666,683,174.52006980802793
882,667,1552,9.25925925925926
883,667,2297,5.858574023082782
884,668,669,2000.0
885,669,815,50.27652086475616
886,669,1175,70.17543859649123
887,670,671,2000.0
888,671,1130,37.579857196542655
889,671,1178,70.0280112044818
890,672,1509,5.1020408163265305
891,673,2043,5.459111256687411
892,674,771,51.282051282051285
893,674,1333,62.266500622665006
894,675,1085,4.479483963447411
895,678,1714,284.9002849002849
896,679,681,156.25
897,680,867,61.12469437652812
898,681,867,123.45679012345678
899,682,684,2000.0
900,688,691,2000.0
901,689,690,2000.0
902,690,789,278.55153203342616
903,691,5179,48.355899419729205
904,692,868,22.857142857142858
905,692,998,88.33922261484099
906,692,1581,77.1604938271605
907,692,1582,76.98229407236336
908,693,695,2000.0
909,694,697,1960.7843137254904
910,696,697,2000.0
911,697,783,68.39945280437756
912,698,699,11.109876680368847
913,698,700,11.109876680368847
914,698,701,12.49843769528809
915,698,702,12.49843769528809
916,698,703,11.109876680368847
917,698,704,11.109876680368847
918,698,705,3.257328990228013
919,698,706,3.257328990228013
920,698,899,2000.0
921,708,908,220.7505518763797
922,708,1312,202.83975659229208
923,709,909,227.27272727272728
924,709,1313,198.80715705765408
925,710,814,160.51364365971108
926,710,1390,192.30769230769232
927,711,971,83.33333333333333
928,711,1146,117.23329425556858
929,711,1408,2000.0
930,711,1409,2000.0
931,711,1414,2000.0
932,711,1415,2000.0
933,711,1416,2000.0
934,711,1417,2000.0
935,712,901,12.853470437017997
936,712,1684,6.872852233676976
937,713,1352,13.877324451845684
938,713,1363,21.891418563922944
939,714,741,5.14668039114771
940,715,742,5.14668039114771
941,716,732,5.515111405250386
942,717,743,5.137690094533498
943,718,731,8.009611533840609
944,719,726,9.48316737790422
945,720,726,9.48316737790422
946,721,726,9.48316737790422
947,722,726,9.48316737790422
948,722,728,7.267441860465116
949,723,727,10.51967178624027
950,724,727,11.89767995240928
951,725,727,11.89767995240928
952,725,755,900.9009009009008
953,726,730,40.32258064516129
954,727,738,5.76435323956652
955,728,729,1492.5373134328358
956,729,756,2.4986257558342917
957,730,737,5.7231156641675724
958,731,740,5.612302166348636
959,732,748,10.799136069114471
960,732,753,368.7375018453651
961,733,736,207.0393374741201
962,733,740,101.21457489878544
963,734,737,2000.0
964,734,738,2000.0
965,734,739,787.4015748031496
966,734,752,990.0990099009902
967,734,754,990.0990099009902
968,735,736,130.3780964797914
969,735,753,460.8294930875576
970,736,745,236.4066193853428
971,736,753,117.096018735363
972,736,837,2000.0
973,736,839,2000.0
974,736,847,2000.0
975,736,855,2000.0
976,739,756,4.915454187966968
977,740,745,187.72022551092317
978,741,745,1149.425287356322
979,742,745,1075.268817204301
980,743,745,990.0990099009902
981,744,745,1298.7012987012988
982,744,747,23.66863905325444
983,745,753,84.10428931875526
984,746,748,140.64697609001408
985,748,749,15.59332605644784
986,752,753,2000.0
987,753,754,66.00660066006601
988,755,756,4.959087527894868
989,757,1437,255.1020408163265
990,758,770,226.75736961451247
991,758,916,120.33694344163658
992,759,801,8.874689385871495
993,759,1563,11.282861333634209
994,759,1610,21.427040925648168
995,760,949,71.94244604316546
996,760,1555,10.438413361169102
997,761,1542,73.20644216691069
998,764,907,37.17472118959108
999,764,1423,17.88908765652952
1000,765,766,2000.0
1001,766,1011,118.2033096926714
1002,766,1162,111.60714285714286
1003,767,768,2000.0
1004,768,1160,83.33333333333333
1005,768,1299,39.29273084479372
1006,769,1083,12.042389210019268
1007,769,1713,7.988496564946477
1008,770,938,148.14814814814815
1009,771,873,54.525627044711015
1010,771,874,55.46311702717693
1011,771,1107,54.17118093174431
1012,771,1333,26.75943270002676
1013,771,1519,30.816640986132512
1014,772,780,153.60983102918587
1015,772,1658,189.0359168241966
1016,773,774,2000.0
1017,773,780,157.9778830963665
1018,773,1234,52.493438320209975
1019,775,1518,507.6142131979696
1020,775,1654,352.11267605633805
1021,776,957,23.82654276864427
1022,776,1553,113.37868480725623
1023,778,779,2000.0
1024,778,1010,9.686168151879116
1025,778,1553,135.13513513513513
1026,780,781,2000.0
1027,780,1201,219.2982456140351
1028,781,1003,413.22314049586777
1029,781,1007,621.1180124223603
1030,784,1392,534.75935828877
1031,785,787,160.0
1032,786,788,363.6363636363636
1033,786,1017,73.20644216691069
1034,787,1285,537.6344086021505
1035,787,1355,157.9778830963665
1036,789,792,56.59309564233163
1037,789,793,55.80357142857143
1038,789,5501,46.10419548178884
1039,790,791,2000.0
1040,790,792,-366.3003663003663
1041,790,793,-335.5704697986577
1042,790,868,47.14757190004715
1043,790,1046,43.61098996947231
1044,792,795,9.476876421531465
1045,793,794,9.38350380031904
1046,796,885,1724.1379310344828
1047,797,800,195.69471624266143
1048,798,799,320.5128205128205
1049,800,899,94.9667616334283
1050,801,804,27.263839394876555
1051,801,806,1785.7142857142858
1052,801,807,1408.4507042253522
1053,801,1063,68.4345774805866
1054,801,1170,9.683354313934348
1055,801,1284,48.49660523763337
1056,801,1560,60.790273556231
1057,801,8548,33.972413777194944
1058,802,807,16.998130205677377
1059,803,806,18.914318138831096
1060,804,857,8.900756564307967
1061,804,1122,21.468441391155004
1062,804,1559,14.85001485001485
1063,804,8541,2.959543046553612
1064,804,8598,4.5551860793513415
1065,808,938,66.57789613848202
1066,809,810,1515.1515151515152
1067,811,875,806.4516129032259
1068,811,1588,546.448087431694
1069,812,814,2000.0
1070,813,815,2000.0
1071,814,1168,121.95121951219512
1072,815,1077,175.7469244288225
1073,816,1584,119.76047904191616
1074,817,1056,9.182736455463727
1075,817,1335,8.976660682226212
1076,817,1338,4.5024763619991
1077,818,1127,127.38853503184713
1078,819,918,1562.5
1079,819,941,4000.0
1080,819,1308,551.4855514855515
1081,819,1518,568.1818181818181
1082,820,939,51.94805194805195
1083,820,1697,186.56716417910448
1084,821,824,113.89521640091117
1085,822,823,113.89521640091117
1086,822,826,523.5602094240837
1087,824,825,523.5602094240837
1088,825,1364,242.13075060532688
1089,825,1594,43.85964912280702
1090,826,1364,245.09803921568627
1091,827,1083,89.28571428571429
1092,828,875,212.7659574468085
1093,828,1351,246.9135802469136
1094,828,1392,454.54545454545456
1095,828,1393,444.44444444444446
1096,828,1403,181.48820326678765
1097,828,1588,154.320987654321
1098,829,830,2000.0
1099,830,1637,403.2258064516129
1100,831,832,2000.0
1101,832,938,35.1000351000351
1102,832,1429,78.06401249024199
1103,833,835,216.4502164502165
1104,834,1657,83.05647840531562
1105,835,912,480.7692307692308
1106,835,1657,151.05740181268882
1107,837,846,56.274620146314014
1108,838,841,54.82456140350877
1109,838,845,48.5201358563804
1110,838,846,69.97900629811056
1111,838,848,53.908355795148246
1112,838,850,54.34782608695652
1113,838,853,47.82400765184122
1114,838,1217,110.92623405435386
1115,839,845,77.9423226812159
1116,840,841,-390.625
1117,840,1585,751.8796992481203
1118,841,842,9.828009828009828
1119,843,846,4.858142246404975
1120,844,845,4.988277547762758
1121,847,848,66.57789613848202
1122,848,849,5.104645227156713
1123,850,851,10.53518752633797
1124,850,852,-243.30900243309003
1125,852,1585,684.931506849315
1126,853,854,4.982064567556796
1127,853,855,78.98894154818325
1128,856,1307,16.31055292774425
1129,856,1384,31.97953309881676
1130,857,1116,3.5998416069692936
1131,858,897,77.45933384972889
1132,859,860,2000.0
1133,859,884,24.46782481037436
1134,861,1130,116.82242990654206
1135,861,1168,162.60162601626016
1136,862,863,102.04081632653062
1137,863,1643,37.67897513187641
1138,864,865,102.880658436214
1139,864,1368,51.51983513652756
1140,867,902,93.45794392523364
1141,867,1109,62.11180124223603
1142,867,1110,62.18905472636816
1143,869,1596,153.84615384615384
1144,870,1009,32.84072249589491
1145,870,1578,8.952551477170994
1146,871,1381,49.26108374384236
1147,871,1458,42.42681374628766
1148,871,1597,56.78591709256104
1149,872,874,2000.0
1150,873,1193,47.68717215069147
1151,874,1695,57.93742757821553
1152,876,952,10.355182768975872
1153,877,879,2000.0
1154,878,880,2000.0
1155,878,1350,48.99559039686428
1156,881,1567,2000.0
1157,882,931,119.33174224343676
1158,883,1177,8.557247989046722
1159,884,1572,2000.0
1160,885,1574,1694.915254237288
1161,886,889,2000.0
1162,886,1395,124.22360248447204
1163,887,888,2000.0
1164,888,1369,175.13134851138355
1165,890,1434,46.42525533890437
1166,890,1545,208.33333333333331
1167,891,892,2000.0
1168,893,895,22.40645305848084
1169,893,997,256.4102564102564
1170,893,1294,166.9449081803005
1171,894,895,-125.31328320802004
1172,894,930,18.37897445322551
1173,894,1507,47.32787245649709
1174,895,896,7.743534148985597
1175,897,898,2.551801571909768
1176,897,1454,89.04719501335708
1177,900,1561,591.7159763313609
1178,902,1701,111.23470522803116
1179,903,906,2000.0
1180,904,905,2000.0
1181,905,907,2000.0
1182,905,934,112.10762331838563
1183,906,907,2000.0
1184,906,1034,48.97159647404506
1185,907,1200,31.94888178913738
1186,910,912,2000.0
1187,911,913,2000.0
1188,913,1055,537.6344086021505
1189,914,1401,2000.0
1190,914,1583,384.61538461538464
1191,915,1019,11.571395510298542
1192,915,1370,25.393600812595228
1193,918,1337,86.35578583765113
1194,918,1382,4000.0
1195,921,922,63.89776357827476
1196,921,1264,84.38818565400844
1197,923,924,92.85051067780871
1198,923,1586,299.4011976047904
1199,925,1352,240.9638554216868
1200,926,1352,241.5458937198068
1201,927,1333,625.0
1202,928,1393,90.09009009009009
1203,928,1565,1282.051282051282
1204,929,932,57.87037037037037
1205,929,1088,153.1393568147014
1206,929,1174,303.030303030303
1207,929,1468,2000.0
1208,931,932,-331.1258278145696
1209,931,1490,564.9717514124294
1210,932,933,10.44932079414838
1211,934,1025,95.69377990430624
1212,936,948,31.565656565656564
1213,936,1508,37.39715781600599
1214,937,1128,94.07337723424271
1215,938,959,50.70993914807302
1216,938,1049,96.15384615384616
1217,938,1162,186.56716417910448
1218,939,940,2000.0
1219,939,1160,135.68521031207598
1220,941,942,18.11922449719152
1221,941,943,16.307893020221787
1222,941,944,16.307893020221787
1223,941,945,16.307893020221787
1224,946,947,5.430355688297584
1225,946,1127,943.3962264150944
1226,949,1213,229.3577981651376
1227,949,1684,9.337068160597571
1228,950,1553,448.4304932735426
1229,951,1553,448.4304932735426
1230,953,954,326.797385620915
1231,954,1648,62.5
1232,955,956,326.797385620915
1233,956,1065,161.29032258064515
1234,957,1010,16.246953696181965
1235,957,1691,47.48338081671415
1236,959,963,2.5021894157387714
1237,959,964,2.5021894157387714
1238,959,965,2.38299494805071
1239,959,966,2.6228132294699296
1240,959,1010,64.02048655569783
1241,960,965,21.01281781886951
1242,961,962,0.1527069599251125
1243,961,966,21.01281781886951
1244,967,1581,90.57971014492752
1245,968,1147,45.8295142071494
1246,968,1542,297.6190476190476
1247,969,978,-331.1258278145696
1248,969,980,-781.25
1249,969,1015,33.222591362126245
1250,969,1027,27.034333603676668
1251,969,1688,15.629884338855891
1252,970,972,2000.0
1253,970,973,2000.0
1254,970,974,-231.4814814814815
1255,970,979,-492.6108374384236
1256,970,1011,32.98153034300792
1257,970,1299,75.41478129713424
1258,970,1301,76.10350076103501
1259,970,1442,31.756113051762465
1260,970,1521,41.98152812762385
1261,971,974,53.50454788657036
1262,971,978,57.8368999421631
1263,971,979,58.20721769499418
1264,971,980,65.23157208088715
1265,974,975,10.278548668927948
1266,976,978,10.472300764477955
1267,977,979,9.891196834817013
1268,980,981,9.848335631278314
1269,984,985,95.60229445506693
1270,984,1197,178.89087656529517
1271,984,1227,199.203187250996
1272,985,987,2000.0
1273,985,1387,85.1063829787234
1274,986,1389,81.9672131147541
1275,988,1149,50.787201625190455
1276,989,990,2000.0
1277,989,1406,155.52099533437013
1278,991,1134,21.81976871045167
1279,991,1237,5.527915975677169
1280,991,1344,40.17677782241864
1281,992,1034,25.74002574002574
1282,992,1676,26.136957658128598
1283,993,1333,145.1378809869376
1284,994,1178,77.82101167315174
1285,994,1569,105.26315789473684
1286,995,1198,59.523809523809526
1287,995,1308,108.69565217391305
1288,998,1096,148.3679525222552
1289,999,1000,2.7979071654402508
1290,999,1001,2.7979071654402508
1291,999,1117,297.6190476190476
1292,999,1442,1428.571428571429
1293,1000,1443,68.02721088435374
1294,1002,1317,5.602240896358543
1295,1003,1004,2000.0
1296,1003,1007,555.5555555555555
1297,1004,1005,2000.0
1298,1005,1006,952.3809523809524
1299,1008,1424,184.50184501845015
1300,1009,1167,7.686395080707149
1301,1010,1015,353.356890459364
1302,1010,1029,71.89072609633357
1303,1010,1497,144.92753623188406
1304,1010,1498,144.3001443001443
1305,1011,1012,2000.0
1306,1013,1016,2000.0
1307,1014,1015,2000.0
1308,1016,1301,57.971014492753625
1309,1017,1018,5.01002004008016
1310,1020,1022,2000.0
1311,1020,1023,2000.0
1312,1020,1402,1960.7843137254904
1313,1021,1022,2000.0
1314,1023,1024,2000.0
1315,1026,1029,293.2551319648094
1316,1027,1028,215.05376344086025
1317,1027,1452,182.1493624772313
1318,1029,1448,175.7469244288225
1319,1030,1040,120.33694344163658
1320,1031,1668,66.84491978609626
1321,1032,1430,100.70493454179255
1322,1033,1065,133.5113484646195
1323,1034,1283,22.256843979523705
1324,1034,1330,4000.0
1325,1036,1038,2000.0
1326,1036,1225,95.87727708533076
1327,1037,1039,2000.0
1328,1039,1223,96.61835748792272
1329,1040,1368,1219.5121951219512
1330,1040,1645,155.27950310559007
1331,1041,1322,73.90983000739098
1332,1042,1321,73.69196757553426
1333,1043,1045,2000.0
1334,1044,1046,2000.0
1335,1047,1049,2000.0
1336,1048,1050,2000.0
1337,1049,1351,153.60983102918587
1338,1050,1500,230.9468822170901
1339,1050,1680,141.84397163120568
1340,1051,1090,41.11842105263158
1341,1052,1055,169.4915254237288
1342,1053,1054,99.30486593843098
1343,1054,1235,113.37868480725623
1344,1055,1658,138.88888888888889
1345,1057,1058,17.765144785930005
1346,1057,1208,248.1389578163772
1347,1057,1264,218.8183807439825
1348,1059,1061,23.452157598499063
1349,1059,1324,34.61405330564209
1350,1059,1388,140.8450704225352
1351,1059,1575,62.97229219143577
1352,1060,1061,-174.52006980802793
1353,1060,1228,7.949757532395262
1354,1060,1690,5.485463521667581
1355,1061,1062,5.941770647653001
1356,1063,1363,95.32888465204957
1357,1063,1436,55.00550055005501
1358,1065,1067,88.88888888888889
1359,1065,1071,50.37783375314861
1360,1065,1072,-315.45741324921136
1361,1066,1067,134.9527665317139
1362,1066,1071,-757.5757575757576
1363,1066,1072,43.802014892685065
1364,1066,1671,224.7191011235955
1365,1067,1068,9.926543577526305
1366,1069,1071,6.736728644570197
1367,1070,1072,11.99760047990402
1368,1073,1501,2000.0
1369,1073,1504,2000.0
1370,1073,1506,2000.0
1371,1073,1656,78.61635220125787
1372,1074,1170,26.09603340292276
1373,1076,1192,193.7984496124031
1374,1076,1554,43.95604395604396
1375,1077,1079,24.740227610094013
1376,1077,1081,23.435669088352476
1377,1077,1390,141.44271570014143
1378,1078,1079,-284.9002849002849
1379,1078,1081,-173.61111111111111
1380,1079,1080,7.089181908407769
1381,1081,1082,5.942829975634397
1382,1084,1199,23.457658925639223
1383,1085,1278,27.480076944215444
1384,1086,1520,18.21493624772313
1385,1087,1563,43.78283712784589
1386,1088,1174,304.8780487804878
1387,1089,1562,6.846501437765302
1388,1090,1091,6.423845313804844
1389,1090,1586,90.74410163339384
1390,1090,1725,34.81894150417827
1391,1097,1098,16.452780519907865
1392,1099,1100,16.469038208168644
1393,1101,1102,16.488046166529266
1394,1104,1111,9.789525208027412
1395,1105,1111,65.27415143603133
1396,1105,1112,58.17335660267597
1397,1105,1113,55.00550055005501
1398,1106,1110,1886.7924528301887
1399,1107,1109,2000.0
1400,1107,1110,2000.0
1401,1107,1111,-847.457627118644
1402,1107,1112,-354.6099290780142
1403,1107,1113,-250.6265664160401
1404,1107,1519,67.11409395973155
1405,1108,1109,2000.0
1406,1112,1115,10.439503079653408
1407,1113,1114,10.640561821664184
1408,1118,1375,3030.3030303030305
1409,1119,1302,387.5968992248062
1410,1121,1146,662.2516556291391
1411,1122,1559,18.618506795754985
1412,1123,1125,2000.0
1413,1123,1323,107.2961373390558
1414,1123,1339,156.98587127158555
1415,1124,1126,2000.0
1416,1124,1342,156.98587127158555
1417,1124,1449,50.0751126690035
1418,1128,1131,11.75226231049477
1419,1128,1141,133.33333333333334
1420,1128,1142,23.452157598499063
1421,1128,1312,56.98005698005698
1422,1129,1138,51.440329218107
1423,1129,1141,88.261253309797
1424,1129,1544,173.91304347826087
1425,1130,1138,-529.1005291005291
1426,1130,1696,66.35700066357
1427,1131,1134,-104.60251046025104
1428,1131,1136,3.077870113881194
1429,1134,1142,-174.52006980802793
1430,1135,1223,116.68611435239208
1431,1137,1225,116.68611435239208
1432,1138,1140,10.165700925078784
1433,1139,1141,9.88533017002768
1434,1142,1143,5.977286312014345
1435,1144,1148,84.67400508044031
1436,1145,1149,19.043991620643688
1437,1145,1153,-186.21973929236495
1438,1145,1154,-735.2941176470588
1439,1146,1150,86.13264427217915
1440,1146,1153,31.142946122703208
1441,1146,1154,36.61662394727206
1442,1146,1155,55.00550055005501
1443,1146,1598,781.25
1444,1147,1150,134.40860215053763
1445,1147,1151,2000.0
1446,1147,1406,81.03727714748784
1447,1147,1565,38.03727653100038
1448,1148,1149,2000.0
1449,1149,1155,-401.6064257028112
1450,1149,1399,147.92899408284023
1451,1149,1400,157.48031496062993
1452,1150,1158,9.475080538184574
1453,1151,1152,79.11392405063292
1454,1153,1159,16.16553507921112
1455,1154,1157,7.389890629618682
1456,1155,1156,9.838646202282566
1457,1160,1165,214.13276231263384
1458,1161,1164,404.8582995951417
1459,1162,1164,214.13276231263384
1460,1163,1165,404.8582995951417
1461,1164,1362,374.5318352059925
1462,1165,1361,374.5318352059925
1463,1166,1200,45.433893684688776
1464,1167,1520,25.012506253126563
1465,1168,1421,99.50248756218906
1466,1168,1494,202.4291497975709
1467,1171,1179,6.527415143603133
1468,1171,1180,136.986301369863
1469,1171,1185,6.559958016268696
1470,1172,1173,5.094762584063583
1471,1172,1180,-27.07092582566324
1472,1172,1184,5.02411575562701
1473,1174,1186,101.7293997965412
1474,1174,1187,54.61496450027308
1475,1174,1671,527.7044854881267
1476,1175,1178,23.803856224708404
1477,1175,1186,211.41649048625797
1478,1175,1282,107.87486515641856
1479,1176,1180,-29.086678301337987
1480,1176,1182,5.024368185700648
1481,1176,1183,5.111690436027194
1482,1177,1188,13.252054068380598
1483,1177,1261,10.978153474585577
1484,1178,1180,2000.0
1485,1178,1706,432.9004329004329
1486,1178,1707,432.9004329004329
1487,1181,1187,-248.75621890547265
1488,1181,1188,-25.284450063211125
1489,1181,1218,56.40157924421884
1490,1181,1281,105.3740779768177
1491,1181,1490,45.02476361999099
1492,1186,1189,12.026458208057727
1493,1187,1190,10.580890911014707
1494,1188,1191,3.372795035245708
1495,1192,1401,495.0495049504951
1496,1194,1195,2000.0
1497,1195,1227,98.81422924901186
1498,1195,1470,49.6031746031746
1499,1196,1197,2000.0
1500,1197,1373,151.5151515151515
1501,1199,1200,7.604562737642586
1502,1199,1685,78.36990595611286
1503,1200,1330,25.374270489723425
1504,1202,8127,10.785159620362382
1505,1203,1205,9.742790335151987
1506,1203,1355,2000.0
1507,1204,1206,10.137875101378752
1508,1204,1355,2000.0
1509,1207,1210,2000.0
1510,1207,1265,245.09803921568627
1511,1207,1567,215.9827213822894
1512,1208,1209,2000.0
1513,1211,1212,2000.0
1514,1211,1405,297.6190476190476
1515,1214,1215,2000.0
1516,1214,1445,4.224221687154142
1517,1214,1562,6.875687568756876
1518,1218,1220,141.84397163120568
1519,1218,1263,390.625
1520,1219,1221,140.4494382022472
1521,1221,1263,442.4778761061947
1522,1221,1510,342.4657534246575
1523,1222,1223,2000.0
1524,1224,1225,2000.0
1525,1227,1229,38.095238095238095
1526,1227,1234,952.3809523809524
1527,1227,1516,83.2639467110741
1528,1228,1230,-177.93594306049823
1529,1228,1344,9.872642906506073
1530,1229,1230,21.533161068044787
1531,1229,1235,1234.567901234568
1532,1229,1517,81.43322475570032
1533,1229,1745,2000.0
1534,1230,1231,13.48254011055683
1535,1232,1234,2000.0
1536,1233,1235,2000.0
1537,1238,1239,17.167381974248926
1538,1238,1345,143.47202295552367
1539,1238,1384,61.65228113440197
1540,1238,1651,195.9412042899205
1541,1238,1689,60.31363088057901
1542,1241,1242,109.64912280701756
1543,1242,2614,10.82485386447283
1544,1243,1244,4000.0
1545,1244,1246,1000.0
1546,1244,1247,1000.0
1547,1244,1249,19.611688566385567
1548,1244,1250,13.717421124828531
1549,1244,1252,13.315579227696404
1550,1244,1253,13.315579227696404
1551,1244,1254,13.422818791946307
1552,1244,1256,4000.0
1553,1245,1248,13.315579227696404
1554,1245,1251,13.717421124828531
1555,1245,1255,13.315579227696404
1556,1245,1256,4000.0
1557,1246,1518,93.02325581395348
1558,1247,1518,93.98496240601504
1559,1257,1707,53.70569280343717
1560,1259,1454,35.373187124159884
1561,1260,1262,2000.0
1562,1261,1329,2000.0
1563,1262,1329,2000.0
1564,1264,1265,38.095238095238095
1565,1264,1268,26.939655172413797
1566,1264,1270,21.41327623126338
1567,1264,1272,15.89825119236884
1568,1264,1273,19.047619047619047
1569,1264,1584,73.52941176470588
1570,1265,1266,21.41327623126338
1571,1265,1267,21.41327623126338
1572,1265,1269,21.41327623126338
1573,1265,1271,21.41327623126338
1574,1265,1405,427.35042735042737
1575,1274,1276,10.464629552113855
1576,1275,1276,4.459507670353193
1577,1276,1277,0.8509841631847231
1578,1279,1282,2000.0
1579,1280,1281,2000.0
1580,1281,1567,571.4285714285714
1581,1283,1558,18.311664530305805
1582,1284,1315,36.36363636363637
1583,1285,1650,165.56291390728478
1584,1287,1291,14.371945961483185
1585,1288,1291,14.374011786689666
1586,1289,1291,14.230823964707556
1587,1290,1291,14.378145219266717
1588,1291,1636,143.47202295552367
1589,1293,1396,78.61635220125787
1590,1293,1558,123.91573729863693
1591,1295,1297,1.4760583338253528
1592,1296,1297,50.200803212851405
1593,1298,1299,2000.0
1594,1300,1301,2000.0
1595,1302,1304,3.299894403379092
1596,1302,1305,3.441866868589523
1597,1302,1306,3.4441191665231616
1598,1303,1304,4.026089057089942
1599,1307,1308,28.653295128939828
1600,1307,1345,18.115942028985508
1601,1307,1384,26.041666666666668
1602,1309,1395,125.94458438287154
1603,1314,8572,2.606202762574928
1604,1315,1316,2000.0
1605,1315,1317,5.688282138794084
1606,1315,1525,7.424456158586383
1607,1315,1649,97.18172983479106
1608,1316,1318,7.982295482295482
1609,1316,1319,4.807692307692308
1610,1316,1320,4.807692307692308
1611,1317,1385,6.25
1612,1317,1552,19.94017946161516
1613,1317,7897,3.92156862745098
1614,1317,8600,7.6923076923076925
1615,1321,1323,2000.0
1616,1322,1324,2000.0
1617,1323,1452,91.99632014719413
1618,1324,1669,136.05442176870747
1619,1326,1327,2000.0
1620,1328,1329,239.2344497607656
1621,1329,1568,30.38590094196293
1622,1330,1375,35.62522265764161
1623,1330,1423,285.7142857142857
1624,1331,1576,32.010243277848915
1625,1331,1634,33.333333333333336
1626,1332,1566,344.82758620689657
1627,1333,1746,77.9423226812159
1628,1335,1709,9.276437847866418
1629,1336,1337,28.653295128939828
1630,1336,1357,67.56756756756756
1631,1337,1654,352.11267605633805
1632,1338,1524,1428.571428571429
1633,1339,1340,95.14747859181732
1634,1341,1342,95.14747859181732
1635,1343,2606,46.468401486988846
1636,1344,1453,64.64124111182934
1637,1345,1404,257.7319587628866
1638,1352,1610,102.56410256410255
1639,1355,1678,91.24087591240875
1640,1356,1559,26.082420448617636
1641,1357,1689,58.51375073142189
1642,1358,1493,31.201248049922
1643,1359,1568,14.19244961680386
1644,1365,1367,2000.0
1645,1366,1374,87.7963125548727
1646,1367,1368,79.55449482895784
1647,1367,1372,87.18395815170008
1648,1370,2545,3.9984006397441023
1649,1371,1433,77.33952049497293
1650,1373,1374,103.84215991692628
1651,1373,1472,218.34061135371175
1652,1375,1376,15.151515151515152
1653,1375,1377,6.493506493506493
1654,1375,1378,6.493506493506493
1655,1375,1380,11.904761904761903
1656,1376,1379,6.802721088435374
1657,1376,1491,454.54545454545456
1658,1382,1383,4.60426354804549
1659,1386,1389,2000.0
1660,1388,1389,179.85611510791367
1661,1388,1448,30.931023816888334
1662,1391,1392,2000.0
1663,1393,1394,2000.0
1664,1395,1575,119.33174224343676
1665,1397,1400,2000.0
1666,1398,1399,2000.0
1667,1403,1500,1851.851851851852
1668,1407,1414,15.096618357487923
1669,1408,1412,19.719976336028395
1670,1409,1413,15.11030522816561
1671,1410,1415,15.600624024960998
1672,1411,1416,15.096618357487923
1673,1417,1418,14.999250037498124
1674,1419,1422,203.2520325203252
1675,1420,1421,258.3979328165375
1676,1421,1648,134.58950201884252
1677,1422,1494,218.8183807439825
1678,1424,1425,12.746972594008923
1679,1424,1426,2000.0
1680,1427,1430,227.27272727272728
1681,1428,1429,118.48341232227487
1682,1430,1431,120.1923076923077
1683,1431,1550,2000.0
1684,1432,1434,2000.0
1685,1433,1435,2000.0
1686,1434,1646,164.47368421052633
1687,1436,1437,2000.0
1688,1438,1442,7.980209081477935
1689,1439,1442,7.769404086706549
1690,1440,1442,8.166598611678236
1691,1441,1442,8.066467693796886
1692,1442,1650,1538.4615384615386
1693,1442,1715,230.9468822170901
1694,1446,1450,2000.0
1695,1447,1452,2000.0
1696,1448,1451,2000.0
1697,1449,1450,2000.0
1698,1450,1668,63.37135614702154
1699,1455,1696,76.51109410864575
1700,1459,1462,41.06776180698152
1701,1460,1461,132.1003963011889
1702,1460,1498,46.57661853749418
1703,1463,1465,16.764459346186086
1704,1464,1466,17.540782318891424
1705,1465,1490,2000.0
1706,1466,1490,2000.0
1707,1467,1468,14.398848092152628
1708,1468,1469,16.669444907484582
1709,1471,1472,115.47344110854505
1710,1475,1481,125.15644555694618
1711,1475,1483,168.63406408094434
1712,1478,1480,125.15644555694618
1713,1478,1483,11.575413821044105
1714,1480,1482,11.575413821044105
1715,1481,1482,182.1493624772313
1716,1484,1485,59.31198102016607
1717,1484,1488,10.137875101378752
1718,1486,1487,60.64281382656155
1719,1486,1489,10.137875101378752
1720,1492,1493,5.720823798627002
1721,1492,1551,7.4460163812360385
1722,1495,1497,117.37089201877934
1723,1496,1498,118.48341232227487
1724,1497,1655,28.256569652444192
1725,1501,1502,14.388489208633093
1726,1503,1506,14.41545336600836
1727,1504,1505,19.23076923076923
1728,1508,1509,3.069085105729982
1729,1508,1529,38.61003861003861
1730,1510,1511,2000.0
1731,1510,1512,2000.0
1732,1514,1517,2000.0
1733,1515,1516,2000.0
1734,1516,1643,153.84615384615384
1735,1517,1645,152.67175572519085
1736,1520,1713,21.67786689789725
1737,1529,1917,15.725743041358704
1738,1529,2210,15.926102882624622
1739,1530,1540,4.563917666925288
1740,1531,1540,4.563917666925288
1741,1532,1540,4.558716265499635
1742,1533,1536,2.39652982481367
1743,1533,1537,6.259382597270901
1744,1534,1536,7.985405967793241
1745,1535,1537,12.379301807378065
1746,1536,1537,276.8264840182648
1747,1536,1538,39.8406374501992
1748,1537,1538,899.4708994708996
1749,1538,1542,30.640864943897924
1750,1539,1541,13.672409078479628
1751,1540,1541,107.52688172043013
1752,1540,1543,80.0
1753,1541,1542,370.3703703703704
1754,1542,1543,142.85714285714286
1755,1544,1546,89.12655971479501
1756,1544,1549,42.80821917808219
1757,1544,1656,378.7878787878788
1758,1545,1546,132.4503311258278
1759,1545,1549,-274.72527472527474
1760,1545,1700,160.25641025641025
1761,1545,1701,166.9449081803005
1762,1546,1547,9.92358836955443
1763,1548,1549,11.95886151638364
1764,1551,1576,3.2372936225315634
1765,1557,1686,746.2686567164179
1766,1559,1560,23.29373398555789
1767,1560,1777,18.3553597650514
1768,1562,1563,7.432181345224824
1769,1563,1564,30.33980582524272
1770,1568,1570,-166.11295681063123
1771,1568,1690,27.59381898454746
1772,1569,1570,23.25040688212044
1773,1569,1711,613.4969325153374
1774,1570,1571,5.931549913992527
1775,1573,1597,510.2040816326531
1776,1579,1582,2000.0
1777,1580,1581,2000.0
1778,1587,1588,11.013215859030836
1779,1588,1589,11.013215859030836
1780,1588,1590,11.013215859030836
1781,1588,1591,11.230907457322552
1782,1592,1595,138.50415512465375
1783,1593,1594,137.7410468319559
1784,1598,1599,16.89189189189189
1785,1598,1600,16.854879487611665
1786,1598,1601,16.854879487611665
1787,1602,1633,6.125588638111855
1788,1603,1613,12.9366106080207
1789,1604,1613,5.394616173059287
1790,1605,1613,10.616838305552609
1791,1607,1613,10.763104079216443
1792,1608,1613,10.721561059290233
1793,1609,1613,10.626992561105208
1794,1610,1614,9.933445912387008
1795,1610,1615,9.685230024213077
1796,1610,1617,3562.5
1797,1610,1632,11.574074074074074
1798,1610,1633,26.31578947368421
1799,1611,1613,7.763372408974458
1800,1612,1613,9.23020121838656
1801,1613,1614,90.57971014492752
1802,1613,1615,92.67840593141798
1803,1617,1619,135.40961408259986
1804,1617,1624,32.278889606197545
1805,1617,1626,127.06480304955528
1806,1617,1627,127.06480304955528
1807,1618,1632,5.87820362097343
1808,1619,1620,5.313496280552604
1809,1619,1621,5.353319057815845
1810,1619,1622,12.95001295001295
1811,1619,1623,12.916559028674762
1812,1625,1632,5.906325674797708
1813,1626,1628,10.001000100010002
1814,1627,1628,10.001000100010002
1815,1628,1629,5.000250012500625
1816,1628,1630,12.048192771084338
1817,1628,1631,12.048192771084338
1818,1638,1639,10.208248264597795
1819,1638,1640,2000.0
1820,1638,1641,2000.0
1821,1642,1646,66.40106241699867
1822,1643,1644,2000.0
1823,1645,1647,2000.0
1824,1646,1683,247.52475247524757
1825,1649,2365,7.036802476954472
1826,1652,1676,33.344448149383126
1827,1652,1746,131.92612137203167
1828,1656,1662,98.71668311944718
1829,1656,1663,54.31830526887561
1830,1656,1664,86.13264427217915
1831,1656,1665,100.2004008016032
1832,1657,1662,198.80715705765408
1833,1657,1663,-243.90243902439025
1834,1657,1665,218.34061135371175
1835,1658,1664,134.40860215053763
1836,1659,1663,10.554089709762533
1837,1660,1662,12.202562538133009
1838,1661,1664,9.489466691971913
1839,1665,1666,11.990407673860911
1840,1667,1669,90.41591320072332
1841,1668,1670,2000.0
1842,1672,1675,1030.9278350515465
1843,1673,1674,787.4015748031496
1844,1673,1706,57.01254275940707
1845,1677,1678,202.4291497975709
1846,1678,1697,53.56186395286556
1847,1679,1680,2000.0
1848,1681,1683,185.5287569573284
1849,1691,1692,2000.0
1850,1693,1694,2000.0
1851,1698,1701,2000.0
1852,1699,1700,2000.0
1853,1702,1725,85.17887563884156
1854,1704,1709,3.1187624750499
1855,1705,1706,2000.0
1856,1707,1708,2000.0
1857,1717,1718,9.004141905276427
1858,1719,1720,9.67305088024763
1859,1719,1721,9.673986649898422
1860,1727,1735,4.7395611166406
1861,1728,1735,4.7395611166406
1862,1729,1735,4.7395611166406
1863,1730,1735,4.7395611166406
1864,1731,1735,4.7395611166406
1865,1732,1735,4.7395611166406
1866,1743,1745,7.831466833737959
1867,1744,1745,7.831466833737959
1868,1747,2201,152.20700152207002
1869,1747,2418,61.72839506172839
1870,1747,2548,310.55900621118013
1871,1748,2202,144.7178002894356
1872,1748,2624,380.22813688212926
1873,1749,2230,19.35733643050716
1874,1749,2599,20.3210729526519
1875,1751,1914,63.05170239596469
1876,1751,2554,53.70569280343717
1877,1752,1839,25.95380223202699
1878,1752,2558,48.426150121065376
1879,1755,1757,34.02517863218782
1880,1755,2001,26.518164942985944
1881,1755,2100,38.2262996941896
1882,1755,2125,61.387354205033766
1883,1755,2126,52.576235541535226
1884,1755,2232,32.927230819888045
1885,1755,2424,12.328936012822094
1886,1755,2461,20.012007204322597
1887,1755,2573,9.017945711966814
1888,1755,2665,51.12474437627812
1889,1759,2061,15.730690577316343
1890,1759,2333,89.92805755395683
1891,1759,2554,159.4896331738437
1892,1761,1875,21.408691928923144
1893,1761,1912,67.29475100942126
1894,1761,2121,41.61464835622139
1895,1762,1763,361.01083032490976
1896,1763,1842,97.65625
1897,1763,1957,602.4096385542168
1898,1764,2077,103.51966873706004
1899,1764,2335,337.8378378378378
1900,1765,1766,118.48341232227487
1901,1765,1767,118.48341232227487
1902,1766,1888,80.0
1903,1766,2214,87.33624454148472
1904,1767,1882,170.94017094017093
1905,1767,1888,79.36507936507937
1906,1768,1890,42.6075841499787
1907,1768,2540,53.821313240043054
1908,1769,1909,29.325513196480937
1909,1769,2270,31.665611146295124
1910,1770,1951,61.881188118811885
1911,1770,5925,27.21088435374149
1912,1771,1959,90.41591320072332
1913,1771,2150,168.63406408094434
1914,1772,1901,19.880715705765407
1915,1772,2084,35.16174402250352
1916,1773,2584,199.203187250996
1917,1773,2655,147.92899408284023
1918,1774,1903,19.952114924181963
1919,1774,2017,12.856775520699408
1920,1775,2649,25.03755633450175
1921,1777,1778,2000.0
1922,1778,2117,22.93577981651376
1923,1779,2085,294.11764705882354
1924,1779,2627,3144.1906165561286
1925,1779,2659,145.5604075691412
1926,1780,1842,72.72727272727273
1927,1780,2041,83.33333333333333
1928,1780,2106,35.61253561253561
1929,1781,1782,8.402655239055541
1930,1781,1985,35.51136363636363
1931,1781,2002,17.035775127768314
1932,1782,2096,6.695232994108195
1933,1782,2626,14.444604940054887
1934,1783,2096,24.563989191844755
1935,1783,2111,36.350418029807344
1936,1783,2538,3.360440889844748
1937,1784,1859,84.60236886632826
1938,1784,2025,39.65107057890563
1939,1785,1924,144.0922190201729
1940,1785,1957,263.1578947368421
1941,1786,1788,-296.7359050445104
1942,1786,1791,-259.7402597402597
1943,1786,1950,58.17335660267597
1944,1786,1973,115.07483671522917
1945,1786,2182,75.47169811320755
1946,1787,1788,25.980774227071965
1947,1787,1791,25.094102885821837
1948,1787,1850,212.8668171557562
1949,1787,2129,293.68575624082234
1950,1787,2188,4000.0
1951,1787,2213,152.0336450283091
1952,1787,2245,236.96682464454975
1953,1788,1789,18.17190623296384
1954,1790,1791,18.17190623296384
1955,1792,1857,33.9097999321804
1956,1792,1987,17.866714311238162
1957,1792,2405,43.89815627743635
1958,1792,2439,793.6507936507936
1959,1794,1896,26.65955745134631
1960,1794,2576,22.04099625303064
1961,1796,2352,11.824524062906468
1962,1796,2621,11.791062374719962
1963,1796,2656,69.97900629811056
1964,1797,1887,28.61230329041488
1965,1797,2036,31.289111389236545
1966,1797,2619,59.523809523809526
1967,1798,1937,51.65289256198347
1968,1798,2061,47.48338081671415
1969,1799,1930,23.39181286549708
1970,1799,2299,30.8546744831842
1971,1800,2112,63.69426751592356
1972,1800,2616,89.92805755395683
1973,1801,2416,30.64664419246093
1974,1801,2472,540.5405405405405
1975,1803,2042,18.744142455482663
1976,1803,2586,33.266799733865604
1977,1804,1806,-458.7155963302752
1978,1804,1809,-564.9717514124294
1979,1804,1926,51.62622612287042
1980,1804,1927,50.99439061703213
1981,1804,2484,86.73026886383347
1982,1804,2494,77.39938080495357
1983,1804,2495,77.39938080495357
1984,1805,1806,46.2962962962963
1985,1805,1809,46.8384074941452
1986,1805,1850,27.3224043715847
1987,1805,1919,143.26647564469914
1988,1805,3731,118.27321111768184
1989,1806,1807,8.987148377819718
1990,1808,1809,8.949346697691068
1991,1812,2490,2000.0
1992,1813,2024,122.39902080783354
1993,1813,2093,53.36179295624333
1994,1813,2235,4000.0
1995,1813,2368,101.7293997965412
1996,1813,2423,102.24948875255625
1997,1814,1915,52.493438320209975
1998,1814,2112,96.61835748792272
1999,1814,2602,48.97159647404506
2000,1815,2107,94.42870632672332
2001,1815,2158,95.32888465204957
2002,1815,2463,446.4285714285714
2003,1815,2636,159.4896331738437
2004,1816,1860,17.885888034340905
2005,1817,2466,121.21212121212122
2006,1817,2484,99.2063492063492
2007,1818,2466,121.21212121212122
2008,1818,2484,99.2063492063492
2009,1820,2077,47.82400765184122
2010,1820,2598,31.27932436659368
2011,1821,2122,45.80852038479157
2012,1821,2244,70.97232079489
2013,1821,2412,183.8235294117647
2014,1822,2007,7.423904974016333
2015,1822,8439,4.653327128897161
2016,1823,2031,19.227071716977505
2017,1823,2290,55.18763796909492
2018,1824,1825,10.123506782749544
2019,1824,1933,9.830908375933936
2020,1825,1985,53.05039787798408
2021,1826,1841,155.03875968992247
2022,1826,1937,29.753049687592977
2023,1827,1828,24.27773731488225
2024,1827,1909,2000.0
2025,1827,1913,131.4060446780552
2026,1827,1993,178.89087656529517
2027,1827,2012,121.50668286755771
2028,1827,2014,115.74074074074076
2029,1827,2023,194.83724020119578
2030,1827,2555,38.25554705432288
2031,1828,2305,17.765144785930005
2032,1829,2108,12.292562999385371
2033,1829,5956,19.960079840319363
2034,1830,2197,9.05961224859576
2035,1830,2252,8.791981712678037
2036,1830,3420,8.161266628580755
2037,1831,1964,59.665871121718375
2038,1831,2101,48.07692307692308
2039,1832,2258,92.5925925925926
2040,1832,2628,45.49590536851683
2041,1833,1837,56.91519635742743
2042,1833,1928,20.07226013649137
2043,1833,2040,33.3000333000333
2044,1835,1837,38.58024691358025
2045,1835,2170,75.8150113722517
2046,1835,2300,60.790273556231
2047,1836,1837,12.73074474856779
2048,1838,2156,3.258390355164549
2049,1838,2298,10.339123242349048
2050,1839,1914,39.936102236421725
2051,1839,1980,1010.10101010101
2052,1839,2060,246.91358024691357
2053,1840,2345,38.71467286101432
2054,1840,2346,112.6126126126126
2055,1840,2349,46.08294930875576
2056,1841,1930,20.554984583761563
2057,1841,2113,19.654088050314467
2058,1842,2309,165.8374792703151
2059,1843,1844,6.745817593092283
2060,1843,1845,6.788405403570701
2061,1843,1846,41.00041000410004
2062,1843,1847,8.084727948904519
2063,1843,1948,3715.170278637771
2064,1843,2555,52.35602094240838
2065,1848,2430,43.535045711798
2066,1848,2451,1851.851851851852
2067,1848,2573,90.82652134423252
2068,1849,1851,-270.27027027027026
2069,1849,1853,-476.1904761904762
2070,1849,1854,-375.9398496240602
2071,1849,2034,39.29273084479372
2072,1849,2228,31.07520198881293
2073,1849,2229,63.0119722747322
2074,1849,2310,97.75171065493646
2075,1849,2547,11.72332942555686
2076,1849,2666,126.26262626262626
2077,1850,1851,26.595744680851062
2078,1850,1853,27.100271002710027
2079,1850,1854,27.233115468409583
2080,1850,2024,47.326076668244205
2081,1850,2245,211.41649048625797
2082,1850,2280,89.84725965858041
2083,1850,2300,1544.4245676803816
2084,1851,1852,6.574621959237344
2085,1853,1855,19.29384526336099
2086,1854,1856,6.572461386789352
2087,1857,1884,29.01915264074289
2088,1858,1862,80.1924619085806
2089,1858,1888,64.93506493506493
2090,1858,2530,200.4008016032064
2091,1859,2023,406.21236865112746
2092,1859,2555,81.03727714748784
2093,1860,2141,5.599104143337066
2094,1860,2207,10.6951871657754
2095,1861,2016,86.4304235090752
2096,1861,2570,36.023054755043226
2097,1861,2652,110.13215859030836
2098,1862,1865,46.04051565377532
2099,1862,1867,46.12546125461255
2100,1862,1996,51.2557662737058
2101,1862,2263,25.562372188139054
2102,1862,2332,113.2502831257078
2103,1862,2407,53.02226935312832
2104,1862,2431,37.11952487008166
2105,1863,1868,36.77822728944465
2106,1863,1869,-378.7878787878788
2107,1863,1888,36.65689149560117
2108,1863,2204,33.88681802778719
2109,1863,2233,58.61664712778429
2110,1863,2406,44.24778761061947
2111,1864,1865,4.929751047572098
2112,1865,1868,-2000.0
2113,1866,1867,4.870208931963181
2114,1867,1868,-2000.0
2115,1868,1869,32.341526520051744
2116,1868,2063,75.35795026375283
2117,1868,2170,41.52823920265781
2118,1868,2213,107.2961373390558
2119,1868,2515,54.28881650380022
2120,1869,1870,6.811061163329247
2121,1871,1873,724.6376811594203
2122,1872,1874,724.6376811594203
2123,1873,2205,102.6694045174538
2124,1873,2583,90.09009009009009
2125,1874,1957,471.6981132075472
2126,1874,2212,49.40711462450593
2127,1875,1880,106.15711252653928
2128,1875,2292,90.66183136899366
2129,1876,1877,8.260366760284157
2130,1876,2131,17.63357432551578
2131,1876,2569,12.934937265554264
2132,1877,2137,36.95491500369549
2133,1877,2546,17.95009872554299
2134,1878,1972,115.34025374855824
2135,1878,2353,109.40919037199124
2136,1878,2572,16.781339150864238
2137,1879,2180,61.95786864931846
2138,1880,2099,55.865921787709496
2139,1881,1963,66.44518272425249
2140,1881,1996,47.43833017077799
2141,1881,2257,51.3347022587269
2142,1881,2575,64.14368184733804
2143,1882,2212,161.0305958132045
2144,1883,1888,36.11412062116288
2145,1883,1924,79.11392405063292
2146,1883,2204,91.24087591240875
2147,1884,2031,15.74555188159345
2148,1884,2086,15.68627450980392
2149,1886,1887,4.710759374411155
2150,1886,2661,39.666798889329634
2151,1887,1935,109.17030567685588
2152,1887,2011,63.17119393556538
2153,1887,2199,118.0637544273908
2154,1888,1924,34.32887058015791
2155,1888,2383,55.09641873278237
2156,1889,1908,662.2516556291391
2157,1889,2131,30.48780487804878
2158,1889,2657,71.17437722419929
2159,1890,2214,27.129679869777537
2160,1890,2370,68.02721088435374
2161,1890,2400,50.27652086475616
2162,1891,2253,300.07518763140956
2163,1891,2616,92.33610341643583
2164,1892,1893,3.5855145213338115
2165,1892,2232,43.917435221783045
2166,1892,2424,17.568517217146873
2167,1893,2551,4.531037607612143
2168,1894,2413,27.925160569673277
2169,1894,2566,57.077625570776256
2170,1895,2208,120.7729468599034
2171,1895,2395,79.42811755361397
2172,1896,2561,27.578599007170435
2173,1897,2043,37.95066413662239
2174,1898,1934,2000.0
2175,1898,2473,1666.6666666666667
2176,1899,1902,427.35042735042737
2177,1899,2200,76.21951219512195
2178,1900,1901,8.055421298533913
2179,1900,2130,5.643022402798939
2180,1901,1906,18.24484583105273
2181,1901,2372,704.2253521126761
2182,1901,2414,78.92659826361484
2183,1902,2006,628.930817610063
2184,1903,2079,7.273785277858598
2185,1904,1924,130.89005235602093
2186,1904,1963,26.52519893899204
2187,1904,2583,113.12217194570135
2188,1905,1970,44.05286343612335
2189,1905,2619,62.57822277847309
2190,1906,1967,30.0390507659958
2191,1906,2392,2000.0
2192,1907,1966,12.769761205465455
2193,1907,2017,7.746533426291735
2194,1909,1918,34.51846738004833
2195,1909,2102,95.14747859181732
2196,1909,2167,123.00123001230013
2197,1909,2270,17.975912277548087
2198,1909,2394,151.285930408472
2199,1909,2604,44.20866489832007
2200,1910,2143,163.1321370309951
2201,1910,2158,840.3361344537815
2202,1911,2517,23.6854571293226
2203,1911,2633,125.0
2204,1913,2102,2000.0
2205,1913,2643,220.26431718061676
2206,1914,1943,32.98153034300792
2207,1914,2060,61.804697156983934
2208,1914,2082,36.88675765400221
2209,1914,2132,95.41984732824427
2210,1914,2333,108.34236186348862
2211,1914,2517,22.512381809995496
2212,1915,1993,303.951367781155
2213,1915,2159,243.30900243309003
2214,1915,2609,63.73486297004462
2215,1915,2635,130.54830287206266
2216,1916,1917,4.883527860526445
2217,1916,2043,15.356265356265355
2218,1916,2130,3.2375032375032373
2219,1917,2605,85.25149190110827
2220,1917,2614,29.18855808523059
2221,1917,2653,24.968789013732835
2222,1918,1920,-746.2686567164179
2223,1918,1921,-584.7953216374269
2224,1918,2415,4000.0
2225,1918,2416,224.2152466367713
2226,1918,2417,224.2152466367713
2227,1918,2430,37.299515106303616
2228,1918,2442,2000.0
2229,1919,1920,57.77007510109763
2230,1919,1921,56.4334085778781
2231,1919,2432,145.5604075691412
2232,1920,1923,6.9993700566948975
2233,1921,1922,6.675567423230975
2234,1925,2020,40.899795501022496
2235,1925,2127,29.68239833778569
2236,1926,2278,74.6268656716418
2237,1927,2277,74.6268656716418
2238,1928,1929,4.88328938372888
2239,1928,2559,25.34211860111505
2240,1929,2594,5.150126178091363
2241,1931,2114,26.99055330634278
2242,1931,2230,67.70480704129993
2243,1931,2290,53.85029617662897
2244,1932,2084,41.35649296939619
2245,1932,2613,47.30368968779565
2246,1933,2008,28.48191398461977
2247,1933,8397,11.28158844765343
2248,1934,2257,75.75757575757575
2249,1935,1936,4.289084280506112
2250,1935,2105,67.56756756756756
2251,1936,2660,37.03703703703704
2252,1938,1939,19.443904335990663
2253,1938,2042,294.11764705882354
2254,1938,2586,28.71912693854107
2255,1939,2231,88.41732979664015
2256,1939,2463,389.10505836575874
2257,1940,1965,142.2475106685633
2258,1940,2041,134.04825737265415
2259,1940,2583,147.05882352941177
2260,1941,2035,87.64241893076249
2261,1941,2103,26.51113467656416
2262,1942,2116,282.4858757062147
2263,1942,2186,162.60162601626016
2264,1942,2611,175.7469244288225
2265,1943,2517,71.63323782234957
2266,1944,2376,10.895619960775768
2267,1944,2610,75.52870090634441
2268,1945,2203,66.711140760507
2269,1945,2532,327.8688524590164
2270,1946,1947,225.2252252252252
2271,1947,2048,85.17887563884156
2272,1947,2540,112.99435028248588
2273,1948,2183,97.5609756097561
2274,1948,2360,66.13756613756614
2275,1948,2555,52.32862375719519
2276,1948,2568,66.18133686300463
2277,1949,2161,37.85011355034065
2278,1949,5499,11.665888940737284
2279,1950,2227,74.01924500370096
2280,1950,2240,1265.822784810127
2281,1950,2241,1282.051282051282
2282,1950,2361,102.04081632653062
2283,1951,1954,2.187226596675416
2284,1951,1955,2.187226596675416
2285,1958,2381,64.85084306095979
2286,1958,2559,33.222591362126245
2287,1958,2639,116.27906976744184
2288,1959,1971,38.55050115651503
2289,1959,2332,71.12375533428165
2290,1959,2367,30.61849357011635
2291,1960,2003,55.83472920156337
2292,1960,2270,90.74410163339384
2293,1961,2572,36.1794500723589
2294,1961,2621,15.44878727019929
2295,1962,1982,94.2507068803016
2296,1962,2131,25.91344908007256
2297,1963,2195,166.9449081803005
2298,1964,2305,50.89058524173028
2299,1964,2592,38.24091778202677
2300,1965,2005,154.5595054095827
2301,1965,2386,78.98894154818325
2302,1966,2388,28.32058906825262
2303,1967,2115,66.2251655629139
2304,1968,2024,247.52475247524757
2305,1968,2259,2000.0
2306,1968,2280,181.15942028985503
2307,1968,2597,4000.0
2308,1969,2054,27.785495971103085
2309,1969,2342,77.45933384972889
2310,1970,2270,40.19292604501608
2311,1970,2294,2000.0
2312,1970,2295,2000.0
2313,1970,2296,2000.0
2314,1971,2633,226.75736961451247
2315,1972,2355,27.307482250136538
2316,1972,2569,77.57951900698215
2317,1973,2097,155.52099533437013
2318,1973,2179,24.783147459727385
2319,1973,2464,43.32755632582322
2320,1974,1976,-769.2307692307693
2321,1974,1977,-653.59477124183
2322,1974,1995,13.40662287169862
2323,1974,2087,79.74481658692186
2324,1974,2549,41.1522633744856
2325,1974,2577,12.027904738994469
2326,1974,2641,76.21951219512195
2327,1974,2649,105.15247108307044
2328,1975,1976,57.80346820809248
2329,1975,1977,56.14823133071308
2330,1975,2093,73.31378299120234
2331,1976,1979,6.997900629811057
2332,1977,1978,6.70196367535688
2333,1980,2046,68.11989100817439
2334,1981,2100,41.59733777038269
2335,1981,2340,104.38413361169104
2336,1983,2252,3.424188467333242
2337,1984,2079,7.957981855801369
2338,1985,2055,40.04805766920305
2339,1985,2234,28.1928390188892
2340,1986,2062,67.11409395973155
2341,1986,2431,13.220518244315178
2342,1987,2655,40.08016032064128
2343,1988,2127,30.637254901960784
2344,1988,2560,19.264110961279137
2345,1988,2664,75.18796992481202
2346,1989,1998,157.23270440251574
2347,1989,2555,88.41732979664015
2348,1990,2397,37.67897513187641
2349,1990,2564,23.326335432703523
2350,1991,1992,4.13992962119644
2351,1991,2571,68.44626967830253
2352,1991,2651,17.57469244288225
2353,1992,2339,16.257519102584947
2354,1992,2468,37.20238095238095
2355,1993,2014,171.52658662092625
2356,1993,2609,68.7757909215956
2357,1994,2651,552.4861878453039
2358,1995,2140,105.26315789473684
2359,1995,2607,21.753317380900587
2360,1997,2153,19.16810427448725
2361,1997,2441,20.15722636565209
2362,1997,2576,16.86056314280897
2363,1998,1999,18.18512456810329
2364,1998,2164,82.50825082508251
2365,1998,2183,91.99632014719413
2366,1998,2198,147.05882352941177
2367,1998,2343,158.7301587301587
2368,1999,2042,36.3901018922853
2369,2000,2031,40.19292604501608
2370,2000,2336,45.97701149425287
2371,2001,2424,23.121387283236995
2372,2002,2537,27.739251040221912
2373,2005,2048,50.9683995922528
2374,2006,2616,71.99424046076314
2375,2007,2307,9.68054211035818
2376,2009,2127,32.829940906106366
2377,2009,2341,21.50537634408602
2378,2011,2015,55.61735261401557
2379,2012,2553,162.33766233766235
2380,2013,2199,46.2962962962963
2381,2013,2253,2000.0
2382,2013,2270,20.837674515524068
2383,2014,2590,67.24949562878278
2384,2015,2619,87.41258741258741
2385,2016,2239,30.931023816888334
2386,2017,2018,4.795013186286262
2387,2017,2550,6.699718611818303
2388,2017,2663,1.4900242873958849
2389,2018,2078,15.121729925903525
2390,2018,2468,19.440124416796262
2391,2018,2547,40.93327875562833
2392,2019,2020,4.370629370629371
2393,2019,2266,4.924167815639157
2394,2019,2306,5.382710733125202
2395,2020,6165,24.61235540241201
2396,2024,2026,30.11141222523336
2397,2024,2027,25.806451612903224
2398,2024,2368,568.1818181818181
2399,2024,2525,122.1001221001221
2400,2025,2026,-233.6448598130841
2401,2025,2027,-108.34236186348862
2402,2025,2128,1282.051282051282
2403,2025,2347,225.2252252252252
2404,2025,2369,96.52509652509652
2405,2025,2461,87.7963125548727
2406,2026,2028,9.004141905276427
2407,2027,2029,5.991611743559018
2408,2030,2124,3.1939697850458333
2409,2030,2388,28.6697247706422
2410,2031,2032,2.050440844781628
2411,2031,2033,4.597701149425287
2412,2031,2599,37.92188092529389
2413,2031,5925,131.97483290880194
2414,2034,2202,34.78260869565217
2415,2034,2226,76.04562737642586
2416,2035,2202,34.78260869565217
2417,2035,2228,38.62495171881035
2418,2036,2114,53.39028296849973
2419,2037,2403,34.141345168999656
2420,2037,2424,24.195499637067503
2421,2037,2607,25.75328354365181
2422,2038,2046,45.64125969876768
2423,2038,2516,22.696323195642307
2424,2042,2101,30.91190108191654
2425,2044,2049,6.806888571234089
2426,2045,2048,35.36067892503536
2427,2045,2049,32.425421530479895
2428,2045,2051,28.52253280091272
2429,2045,2052,32.1853878339234
2430,2045,2129,138.79250520471894
2431,2045,2213,370.03060197577855
2432,2045,2515,196.8503937007874
2433,2046,2051,-148.5884101040119
2434,2046,2052,-369.0036900369004
2435,2046,2106,120.7729468599034
2436,2046,2206,78.80220646178093
2437,2046,2379,24.919013207077
2438,2047,2051,6.868603612885501
2439,2048,2049,-366.3003663003663
2440,2048,2092,65.91957811470007
2441,2048,2399,88.10572687224669
2442,2048,2411,32.927230819888045
2443,2050,2052,6.746272684341901
2444,2053,2157,106.04453870625665
2445,2053,2278,82.44023083264634
2446,2054,2078,28.153153153153152
2447,2054,2283,613.4969325153374
2448,2055,2406,58.0046403712297
2449,2055,2410,29.231218941829876
2450,2057,2166,11.99472232217824
2451,2057,2505,112.10762331838563
2452,2058,2358,104.0582726326743
2453,2058,2637,36.496350364963504
2454,2059,2136,113.63636363636364
2455,2059,2253,82.57638315441784
2456,2059,2636,127.8772378516624
2457,2060,2334,163.13745528190776
2458,2061,2066,28.41716396703609
2459,2061,2068,25.77319587628866
2460,2061,2074,133.6898395721925
2461,2061,2075,130.3780964797914
2462,2061,2434,25.906735751295336
2463,2061,2477,99.2063492063492
2464,2061,2517,66.84491978609626
2465,2062,2069,44.662795891022775
2466,2062,2371,65.01950585175553
2467,2062,2539,259.7402597402597
2468,2063,2064,22.988505747126435
2469,2063,2076,29.585798816568047
2470,2063,2515,120.48192771084338
2471,2065,2076,10.29230135858378
2472,2067,2076,11.750881316098708
2473,2070,2074,9.355412105903264
2474,2071,2074,9.267840593141798
2475,2072,2075,9.42151874882231
2476,2073,2075,9.270418095856122
2477,2077,2310,24.84472049689441
2478,2077,2387,22.29157378510923
2479,2077,2412,183.8235294117647
2480,2077,2565,133.5113484646195
2481,2078,2080,5.149860953754248
2482,2078,2563,15.349194167306216
2483,2079,2080,-48.92367906066536
2484,2079,2376,31.25
2485,2080,2081,2.0663291662361813
2486,2082,2154,66.35700066357
2487,2083,2405,100.70493454179255
2488,2083,2589,70.0770847932726
2489,2085,2363,125.6281407035176
2490,2085,2386,147.92899408284023
2491,2086,5881,65.27415143603133
2492,2087,2641,111.48272017837236
2493,2088,2164,175.13134851138355
2494,2090,2091,14.473874656245476
2495,2090,2168,33.18951211417192
2496,2091,2113,15.693659761456372
2497,2091,2345,37.50937734433609
2498,2091,2375,79.1765637371338
2499,2091,2630,25.22068095838588
2500,2091,8078,14.9678191887442
2501,2091,8114,8.357709987463435
2502,2092,2212,32.372936225315634
2503,2093,2094,43.89815627743635
2504,2093,2095,59.523809523809526
2505,2093,2423,106.6098081023454
2506,2093,2543,4000.0
2507,2093,2578,248.75621890547265
2508,2097,2154,91.82736455463728
2509,2098,2359,110.25358324145536
2510,2098,2613,12.701638511367966
2511,2099,2429,81.03727714748784
2512,2102,2167,403.2258064516129
2513,2105,2292,58.0046403712297
2514,2107,2590,193.4235976789168
2515,2108,2110,42.034468263976464
2516,2108,2270,48.94762604013705
2517,2109,2178,57.142857142857146
2518,2109,2422,99.601593625498
2519,2110,2481,90.74410163339384
2520,2112,2393,2000.0
2521,2115,2546,13.795006207752794
2522,2116,2548,226.75736961451247
2523,2117,2382,90.09009009009009
2524,2117,2564,18.338529249954156
2525,2121,2639,57.17552887364208
2526,2122,2179,284.9130718907312
2527,2122,2335,121.8026796589525
2528,2123,2292,147.27540500736376
2529,2123,2440,342.4657534246575
2530,2124,2571,8.236553825879252
2531,2125,2462,21.83406113537118
2532,2126,2570,49.75124378109453
2533,2128,2462,84.45945945945945
2534,2129,2476,2000.0
2535,2129,8467,64.3707756678468
2536,2132,2659,61.65228113440197
2537,2133,2563,61.57635467980296
2538,2133,2665,30.13863773357444
2539,2134,2560,163.66612111292963
2540,2134,5983,32.43593902043464
2541,2135,2267,12.196609342602756
2542,2135,2612,4.744733345985956
2543,2136,2568,128.8659793814433
2544,2137,2414,107.87486515641856
2545,2138,2447,78.43137254901961
2546,2138,2543,194.9317738791423
2547,2139,2577,28.885037550548816
2548,2141,2651,16.501650165016503
2549,2142,2169,1298.7012987012988
2550,2142,2402,12.175818823815902
2551,2143,2590,63.73486297004462
2552,2144,2145,3.980257920713262
2553,2144,2146,4.010427110487267
2554,2144,2150,-31.026993484331367
2555,2147,2148,4.220655889925294
2556,2147,2149,4.218697266284171
2557,2147,2150,57.43825387708214
2558,2150,2263,55.46311702717693
2559,2150,2378,73.1528895391368
2560,2150,2385,20.36659877800407
2561,2150,2633,94.42870632672332
2562,2152,2343,127.8772378516624
2563,2152,2553,149.7005988023952
2564,2153,2403,22.055580061755624
2565,2154,2361,32.552083333333336
2566,2154,2379,102.45901639344262
2567,2155,2179,46.68534080298786
2568,2155,2182,45.289855072463766
2569,2156,2207,28.653295128939828
2570,2157,2445,107.87486515641856
2571,2158,2507,2000.0
2572,2159,2288,218.34061135371175
2573,2160,2522,483.0917874396136
2574,2161,2162,5.234779877506151
2575,2161,2603,56.36978579481398
2576,2162,2165,6.509145349215648
2577,2164,2231,423.728813559322
2578,2167,2277,72.5689404934688
2579,2167,2585,189.0359168241966
2580,2168,8640,4.486920626374119
2581,2169,2172,-552.4861878453039
2582,2169,2176,-555.5555555555555
2583,2169,2194,22.639800769753226
2584,2169,2560,337.8378378378378
2585,2169,5705,15.299877600979192
2586,2169,6234,12.34567901234568
2587,2170,2172,49.62779156327544
2588,2170,2173,57.47126436781609
2589,2170,2176,49.52947003467063
2590,2170,2331,2000.0
2591,2170,6270,41.1522633744856
2592,2170,6271,41.11842105263158
2593,2171,2173,-714.2857142857143
2594,2172,2175,6.63129973474801
2595,2173,2174,7.02543206407194
2596,2176,2177,6.609822195782933
2597,2178,2378,74.90636704119851
2598,2179,2464,22.537750732476898
2599,2179,2562,31.43665513989312
2600,2180,2258,32.195750160978754
2601,2180,2577,37.993920972644375
2602,2181,2252,6.475006475006475
2603,2181,5362,6.712310377231844
2604,2185,2522,11.00957833314984
2605,2185,2868,24.015369836695484
2606,2186,2642,164.20361247947454
2607,2187,2188,16.002560409665545
2608,2188,2189,12.60239445494644
2609,2188,2190,16.002560409665545
2610,2188,2191,12.60239445494644
2611,2188,2192,12.60239445494644
2612,2188,2193,12.60239445494644
2613,2194,2632,24.752475247524757
2614,2195,2516,24.43195699975568
2615,2196,2239,146.19883040935673
2616,2196,2604,85.32423208191126
2617,2197,2419,2000.0
2618,2198,2555,106.49627263045794
2619,2199,2283,30.084235860409144
2620,2199,2429,69.63788300835654
2621,2200,2608,132.4503311258278
2622,2201,2609,106.49627263045794
2623,2202,2227,131.06159895150722
2624,2203,2228,40.48582995951417
2625,2204,2530,201.6129032258065
2626,2205,2214,95.14747859181732
2627,2206,2214,57.50431282346176
2628,2207,2208,3.5855145213338115
2629,2208,2503,22.763487366264517
2630,2210,2561,51.75983436853002
2631,2211,2657,67.02412868632707
2632,2212,2217,2000.0
2633,2212,2221,-574.7126436781609
2634,2212,2309,47.05882352941177
2635,2213,2217,57.636887608069166
2636,2213,2221,51.02040816326531
2637,2213,2224,32.48862897985705
2638,2214,2224,-359.71223021582733
2639,2214,2370,45.146726862302486
2640,2215,2221,7.112375533428165
2641,2217,2222,9.633911368015417
2642,2223,2224,6.763611768684478
2643,2225,2404,152.9051987767584
2644,2225,2614,74.96251874062969
2645,2228,2440,276.24309392265195
2646,2228,2552,97.84735812133071
2647,2229,2666,111.23470522803116
2648,2233,2341,30.959752321981423
2649,2233,2406,204.08163265306123
2650,2234,2263,35.00175008750438
2651,2234,7798,30.50640634533252
2652,2235,2236,16.396130513198884
2653,2235,2237,16.578249336870027
2654,2235,2238,16.43115346697338
2655,2242,2243,6.013229104028864
2656,2242,2453,35.486160397445
2657,2242,2467,41.18616144975288
2658,2242,2622,23.61832782239017
2659,2243,4035,4.425366199052972
2660,2244,2246,36.46973012399708
2661,2244,2248,-301.2048192771084
2662,2244,2409,115.74074074074076
2663,2245,2246,316.45569620253167
2664,2245,2248,26.041666666666668
2665,2245,2432,35.75259206292456
2666,2245,2648,747.6661635642015
2667,2246,2247,4.188306248952923
2668,2248,2249,6.614194060453734
2669,2250,2263,142.65335235378032
2670,2250,2344,125.6281407035176
2671,2252,3286,3.8327392587482274
2672,2253,2568,60.16847172081829
2673,2253,2596,27.677830058123444
2674,2253,2608,116.95906432748538
2675,2254,2577,57.971014492753625
2676,2254,2653,20.30869212022746
2677,2255,2584,88.10572687224669
2678,2259,2260,18.25150574922431
2679,2259,2261,12.232415902140673
2680,2259,2262,12.232415902140673
2681,2267,2454,31.595576619273302
2682,2268,2270,3.108003108003108
2683,2269,2273,3.391785096496286
2684,2270,2273,6.840413160954922
2685,2270,2275,6.868131868131868
2686,2270,2364,93.10986964618247
2687,2270,2393,523.5602094240837
2688,2270,2587,50.787201625190455
2689,2271,2275,-38.85003885003885
2690,2272,2273,-39.032006245121
2691,2274,2275,3.3846674564224064
2692,2277,2420,54.17118093174431
2693,2277,2585,83.75209380234506
2694,2280,2281,32.78688524590164
2695,2280,2282,29.71768202080238
2696,2280,2286,30.11141222523336
2697,2280,2447,80.0640512409928
2698,2280,2543,33.200531208499335
2699,2281,2283,-395.2569169960474
2700,2281,2284,6.980802792321117
2701,2282,2283,-369.0036900369004
2702,2282,2285,4.919323101141283
2703,2283,2286,-398.4063745019921
2704,2283,2452,27.716186252771617
2705,2283,2568,33.00330033003301
2706,2286,2287,6.587615283267457
2707,2288,2590,169.20473773265653
2708,2289,2311,22.43158366980709
2709,2289,5956,45.146726862302486
2710,2290,2291,4.88328938372888
2711,2290,2402,19.712201852946976
2712,2291,2594,5.231767290990897
2713,2292,2293,5.139274334463973
2714,2292,2532,211.41649048625797
2715,2293,2610,26.130128037627383
2716,2298,2299,5.203996669442132
2717,2299,2562,35.536602700781806
2718,2300,2301,28.868360277136254
2719,2300,2302,28.868360277136254
2720,2300,2303,28.868360277136254
2721,2300,2304,28.868360277136254
2722,2306,2650,3.8504485772592503
2723,2308,2538,6.293266205160478
2724,2308,2626,12.690355329949238
2725,2309,2399,103.19917440660474
2726,2311,6140,24.551927326295115
2727,2312,2531,36.79175864606328
2728,2312,5956,49.6031746031746
2729,2313,2318,16.298047547958312
2730,2314,2319,8.101758081503686
2731,2315,2320,15.396458814472672
2732,2318,6176,18.76172607879925
2733,2319,2328,19.4325689856199
2734,2320,2328,206.18556701030928
2735,2322,2328,202.4291497975709
2736,2324,2329,5.226298735235706
2737,2325,2330,5.220024012110455
2738,2326,2327,-21.36752136752137
2739,2326,2329,41.35649296939619
2740,2326,2330,41.459369817578775
2741,2327,2331,11.295606009262396
2742,2328,2329,41.35649296939619
2743,2328,2330,41.459369817578775
2744,2328,6176,300.3003003003003
2745,2328,6179,416.6666666666667
2746,2338,2357,30.637254901960784
2747,2338,2637,194.1747572815534
2748,2339,2362,24.248302618816684
2749,2340,2658,43.38394793926247
2750,2342,2658,67.24949562878278
2751,2344,2446,107.87486515641856
2752,2346,2395,19.282684149633628
2753,2347,2348,2.632271650434325
2754,2350,2564,30.543677458766037
2755,2350,2595,54.734537493158186
2756,2351,2663,165.8374792703151
2757,2354,2569,122.39902080783354
2758,2356,2375,15.424957581366652
2759,2356,8504,9.813542688910696
2760,2357,2382,44.36557231588287
2761,2358,2630,47.39336492890995
2762,2359,2595,66.8002672010688
2763,2360,2596,70.62146892655367
2764,2362,2382,59.70149253731344
2765,2363,2516,35.637918745545264
2766,2364,2611,89.68609865470852
2767,2365,2366,17.117425539198905
2768,2365,2509,13.659336156262803
2769,2366,7776,7.0298769771529
2770,2366,7884,8.60141063134354
2771,2367,2575,86.88097306689835
2772,2368,2369,101.36847440446022
2773,2369,2555,64.59948320413437
2774,2369,2643,21.281123643328367
2775,2371,2373,2000.0
2776,2371,2446,240.9638554216868
2777,2372,2615,25.720164609053494
2778,2373,2374,2.66865926558497
2779,2377,2433,73.63770250368188
2780,2377,2562,38.38771593090211
2781,2377,2598,31.58559696778269
2782,2379,2540,50.60728744939272
2783,2379,2558,341.29692832764505
2784,2380,2398,4.701457451810061
2785,2380,2571,4.440891731059597
2786,2381,2552,30.11141222523336
2787,2383,2664,28.07411566535654
2788,2384,2396,27.824151363383415
2789,2385,8504,12.884937508053088
2790,2387,2388,4.140615295432902
2791,2387,2503,36.127167630057805
2792,2390,2392,3.423953982058481
2793,2391,2392,3.450893781489406
2794,2393,2394,33.3000333000333
2795,2394,2408,467.2897196261682
2796,2395,2401,24.582104228121928
2797,2396,2410,23.277467411545626
2798,2396,6481,15.22301720200944
2799,2397,2398,5.139274334463973
2800,2397,2634,85.25149190110827
2801,2400,2540,19.029495718363464
2802,2402,6354,17.911517105498834
2803,2404,2606,39.714058776806986
2804,2407,2473,229.8850574712644
2805,2409,2624,123.15270935960592
2806,2411,2516,37.257824143070046
2807,2413,2632,87.03220191470844
2808,2415,2643,57.24098454493417
2809,2417,2574,76.86395080707149
2810,2418,2643,128.2051282051282
2811,2420,2421,92.67840593141798
2812,2421,2589,138.50415512465375
2813,2422,2477,133.86880856760374
2814,2423,2425,50.505050505050505
2815,2423,2427,51.49330587023687
2816,2424,2425,-326.797385620915
2817,2424,2427,-344.82758620689657
2818,2424,2577,14.066676044450697
2819,2424,2607,66.00660066006601
2820,2424,2625,189.3939393939394
2821,2425,2426,6.66000666000666
2822,2427,2428,6.607638430025109
2823,2430,2437,2000.0
2824,2432,2493,2000.0
2825,2433,2565,80.71025020177562
2826,2434,2659,43.196544276457885
2827,2436,2437,10.018032458425166
2828,2438,2439,8.908685968819599
2829,2442,2443,4.1363335539377895
2830,2442,2444,4.1363335539377895
2831,2445,2541,161.81229773462783
2832,2447,2450,2000.0
2833,2448,2450,14.35544071202986
2834,2449,2450,5.370280865689275
2835,2451,2453,67.65899864682002
2836,2451,2458,2000.0
2837,2451,2467,15.820281601012498
2838,2451,2522,11.879306248515087
2839,2452,2608,105.70824524312896
2840,2454,2455,5.508427894678858
2841,2454,2550,15.733165512901197
2842,2456,2458,2000.0
2843,2456,2459,4.080133828389571
2844,2457,2458,2000.0
2845,2457,2460,4.095339503644852
2846,2465,2478,2000.0
2847,2465,2613,29.524653085326246
2848,2465,2628,22.8675966155957
2849,2466,2467,3923.076923076923
2850,2469,2470,2000.0
2851,2469,2483,221.7294900221729
2852,2469,5158,176.05633802816902
2853,2470,2471,13.176966662274344
2854,2472,2494,40.50222762251924
2855,2474,2475,32.39390994493035
2856,2475,2476,12.187690432663013
2857,2478,2479,11.074197120708748
2858,2478,2480,11.074197120708748
2859,2481,2589,115.34025374855824
2860,2482,2502,2000.0
2861,2482,2949,151.74506828528072
2862,2482,5158,126.26262626262626
2863,2483,2500,2000.0
2864,2483,2699,121.35922330097088
2865,2484,2489,-323.62459546925567
2866,2489,2490,44.50378282153983
2867,2489,2491,9.004141905276427
2868,2492,2493,9.032607713846987
2869,2495,2574,56.72149744753261
2870,2496,2497,13.689253935660506
2871,2497,2498,1351.3513513513512
2872,2498,2540,2000.0
2873,2499,2500,14.78415138971023
2874,2501,2502,18.453589223103894
2875,2504,2618,129.5336787564767
2876,2504,2622,68.63417982155113
2877,2505,3248,2.71252644713286
2878,2506,2507,1.44423101919383
2879,2508,2509,20.716801325875284
2880,2508,2515,44.18912947414936
2881,2508,8263,164.74464579901152
2882,2508,8467,69.54102920723227
2883,2508,8551,40.27386226339106
2884,2509,8470,9.40999341300461
2885,2510,2515,74.6268656716418
2886,2511,2517,65.359477124183
2887,2514,2517,43.17789291882556
2888,2515,2520,56.78591709256104
2889,2516,2539,87.56567425569177
2890,2517,2575,17.044486108743822
2891,2521,2522,409.8360655737705
2892,2522,2528,95.23809523809524
2893,2522,2529,95.23809523809524
2894,2522,2542,26.42007926023778
2895,2522,2618,75.98784194528875
2896,2523,2524,9.0049527239982
2897,2523,2525,48.804294777940456
2898,2523,2529,-934.5794392523364
2899,2525,2526,49.6031746031746
2900,2525,2699,131.92612137203167
2901,2526,2527,9.00657479960371
2902,2526,2528,-943.3962264150944
2903,2531,5925,27.662517289073307
2904,2533,2535,6.802258349772124
2905,2534,2536,6.802258349772124
2906,2534,2625,2000.0
2907,2535,2625,2000.0
2908,2537,2538,8.517887563884157
2909,2537,8631,17.36111111111111
2910,2538,6150,17.793594306049823
2911,2541,2655,68.39945280437756
2912,2542,2603,79.23930269413628
2913,2543,2544,40.60089321965084
2914,2545,2546,4.130183380142078
2915,2549,2629,27.027027027027028
2916,2554,2659,93.89671361502349
2917,2555,2556,5.523031039434442
2918,2555,2557,5.523031039434442
2919,2560,5983,20.755500207555
2920,2561,2641,27.74694783573807
2921,2577,2615,25.419420437214036
2922,2577,2629,31.220730565095224
2923,2589,2642,116.27906976744184
2924,2590,2591,22.055580061755624
2925,2591,2592,-154.79876160990713
2926,2591,2593,7.4766355140186915
2927,2596,2597,65.02173239371716
2928,2601,2657,1204.8192771084337
2929,2602,2635,90.82652134423252
2930,2605,2641,19.331142470520007
2931,2612,2613,3.486750348675035
2932,2613,2634,34.36426116838488
2933,2620,2654,5.111429155591903
2934,2620,2993,11.032656663724625
2935,2625,2628,45.5788514129444
2936,2630,2631,1.0945349868108534
2937,2644,2648,13.03780964797914
2938,2645,2648,13.039509714434738
2939,2646,2648,25.06265664160401
2940,2647,2648,12.939958592132506
2941,2650,5682,3.635834787667248
2942,2654,2655,3.5855145213338115
2943,2655,4598,22.7842333105491
2944,2667,4871,6.496037417175523
2945,2668,3132,21.963540522732263
2946,2669,2670,4.633276189593662
2947,2669,2679,108.69565217391305
2948,2669,3024,133.15579227696404
2949,2669,4044,124.0694789081886
2950,2670,3495,4.101386268558773
2951,2671,4268,48.97159647404506
2952,2671,4465,18.29826166514181
2953,2671,4948,2000.0
2954,2672,2903,31.113876789047914
2955,2672,3538,21.14611968703743
2956,2673,2695,44.9842555105713
2957,2673,3338,313.47962382445144
2958,2673,4336,869.5652173913044
2959,2674,4584,128.2051282051282
2960,2674,4951,65.57377049180327
2961,2675,4050,377.35849056603774
2962,2675,4574,2000.0
2963,2676,2677,5.589714924538849
2964,2676,3005,2000.0
2965,2676,3006,2000.0
2966,2676,4370,215.9827213822894
2967,2676,4581,21.934634788330776
2968,2677,3888,3.650034675329416
2969,2679,4569,92.5925925925926
2970,2680,3221,214.5922746781116
2971,2680,3635,18.66019779809666
2972,2681,2869,68.82312456985547
2973,2681,3947,48.732943469785575
2974,2682,4651,2.0
2975,2683,2990,120.1923076923077
2976,2683,4371,115.2073732718894
2977,2683,4876,97.0873786407767
2978,2684,3264,73.52941176470588
2979,2684,4425,73.74631268436578
2980,2685,2686,73.31378299120234
2981,2685,4425,709.2198581560284
2982,2686,3399,68.63417982155113
2983,2687,2803,1470.5882352941176
2984,2687,2831,17.768301350390903
2985,2688,2914,86.58008658008659
2986,2688,3263,2000.0
2987,2689,3357,192.67822736030828
2988,2689,3602,234.192037470726
2989,2689,4126,320.5128205128205
2990,2690,2793,52.35602094240838
2991,2690,3035,246.3054187192118
2992,2690,3603,69.1085003455425
2993,2691,3008,512.8205128205128
2994,2691,4832,98.61932938856016
2995,2692,2696,2000.0
2996,2692,2697,2000.0
2997,2692,2698,2000.0
2998,2692,4248,19.07304978065993
2999,2692,4411,49.50495049504951
3000,2693,3800,89.68609865470852
3001,2693,4780,138.50415512465375
3002,2694,3945,129.5336787564767
3003,2694,4017,103.30578512396694
3004,2695,4525,172.1170395869191
3005,2699,2949,245.7002457002457
3006,2699,3249,660.0660066006601
3007,2699,5082,2000.0
3008,2700,5367,118.48341232227487
3009,2700,5382,52.6592943654555
3010,2701,4110,2000.0
3011,2702,4110,2000.0
3012,2703,2704,9.414422895876482
3013,2703,3278,70.87172218284904
3014,2703,4679,257.7319587628866
3015,2703,4744,699.3006993006993
3016,2704,4485,137.17421124828533
3017,2705,4797,645.1612903225806
3018,2705,4799,2000.0
3019,2706,2729,22.256843979523705
3020,2706,3543,51.4668039114771
3021,2706,4180,43.78283712784589
3022,2706,4181,43.78283712784589
3023,2706,4985,98.61932938856016
3024,2706,4989,279.3296089385475
3025,2706,5024,432.9004329004329
3026,2706,5107,2000.0
3027,2706,5234,68.1663258350375
3028,2706,5236,68.1663258350375
3029,2707,2732,34.376074252320386
3030,2707,2844,892.8571428571429
3031,2707,2899,136.23978201634878
3032,2707,3782,90.82652134423252
3033,2707,4181,54.7945205479452
3034,2707,5034,101.21457489878544
3035,2709,2710,8.962982880702699
3036,2709,2711,8.962982880702699
3037,2709,9095,588.2352941176471
3038,2712,3424,38.49114703618168
3039,2712,3966,400.0
3040,2713,3966,505.050505050505
3041,2713,4141,37.69317753486619
3042,2714,3477,225.2252252252252
3043,2716,3677,23.304591004427877
3044,2716,3828,13.35291761249833
3045,2717,3201,124.0694789081886
3046,2717,4689,118.90606420927467
3047,2717,4838,2000.0
3048,2718,2722,17.322016282695305
3049,2718,2723,17.283097131005878
3050,2718,2774,50.8646998982706
3051,2718,4995,45.78754578754579
3052,2718,5019,2000.0
3053,2718,5044,38.03727653100038
3054,2718,5975,24.968789013732835
3055,2718,6226,22.763487366264517
3056,2718,6334,94.07337723424271
3057,2724,4126,22.872827081427264
3058,2724,4980,85.91065292096219
3059,2725,2726,-46.948356807511736
3060,2725,2731,37.735849056603776
3061,2726,2900,73.85524372230428
3062,2727,2728,-39.354584809130266
3063,2727,4998,95.32888465204957
3064,2728,2730,37.778617302606726
3065,2729,2730,-39.354584809130266
3066,2731,2732,-46.948356807511736
3067,2733,2739,2000.0
3068,2733,3249,1282.051282051282
3069,2733,3731,150.6024096385542
3070,2733,4874,2000.0
3071,2734,2735,11.276499774470004
3072,2735,3130,60.71645415907711
3073,2736,2739,18.23154056517776
3074,2737,2739,18.20167455405897
3075,2738,2739,29.940119760479043
3076,2740,2745,250.0
3077,2740,3746,23.22340919647004
3078,2740,3842,23.22340919647004
3079,2741,2814,684.931506849315
3080,2741,3447,552.4861878453039
3081,2742,2749,2000.0
3082,2742,3432,19.37608990505716
3083,2742,5016,60.97560975609756
3084,2743,2745,8.810572687224669
3085,2744,2745,8.810572687224669
3086,2746,4276,4.585262964831033
3087,2747,4877,2000.0
3088,2748,4033,138.50415512465375
3089,2748,4862,185.5287569573284
3090,2750,4033,70.6713780918728
3091,2750,4862,203.66598778004072
3092,2750,4955,2000.0
3093,2750,4956,2000.0
3094,2751,2754,-72.46376811594203
3095,2751,3025,87.26003490401396
3096,2751,4899,2000.0
3097,2751,4900,2000.0
3098,2751,4946,552.4861878453039
3099,2752,2754,9.633911368015417
3100,2753,2754,5.572582892170521
3101,2755,3866,125.0
3102,2756,4891,313.3950641503512
3103,2757,3478,8.2223318533136
3104,2757,3744,64.93506493506493
3105,2757,4328,31.24023742580444
3106,2757,4498,8.780402142418122
3107,2758,2781,2000.0
3108,2758,4945,59.06674542232723
3109,2759,4908,2000.0
3110,2760,2764,1190.4761904761904
3111,2760,2765,1190.4761904761904
3112,2761,3617,1010.10101010101
3113,2762,3616,1098.901098901099
3114,2763,3941,50.53057099545225
3115,2763,4658,36.205648081100655
3116,2764,3561,12.840267077555213
3117,2765,4567,25.779840164990976
3118,2766,2767,6.4712353588300005
3119,2767,4901,2000.0
3120,2768,3003,268.81720430107526
3121,2768,4365,900.9009009009008
3122,2769,3580,42.69854824935952
3123,2769,4942,56.49717514124294
3124,2770,2771,12.750223128904755
3125,2771,2774,183.4862385321101
3126,2772,2878,37.764350453172206
3127,2772,4222,270.61958308292725
3128,2772,6194,30.80714725816389
3129,2773,3356,2000.0
3130,2773,3539,5.274818018778352
3131,2773,4032,7.261636772928618
3132,2774,3745,267.379679144385
3133,2775,3931,269.54177897574124
3134,2775,4322,239.8081534772182
3135,2776,2777,29.061319383900027
3136,2776,2780,41.71881518564873
3137,2776,4284,69.88120195667365
3138,2777,4608,41.71881518564873
3139,2778,2780,36.06202668589975
3140,2778,2785,2000.0
3141,2779,2780,36.06202668589975
3142,2779,2785,2000.0
3143,2780,2813,1298.7012987012988
3144,2781,4934,30.571690614490983
3145,2781,5042,70.12622720897616
3146,2782,3950,105.59662090813094
3147,2782,4600,25.4323499491353
3148,2783,3600,1162.7906976744189
3149,2783,4482,96.24639076034649
3150,2784,3183,57.077625570776256
3151,2784,4885,184.50184501845015
3152,2785,3431,121.35922330097088
3153,2785,5288,75.9301442672741
3154,2786,3090,259.7402597402597
3155,2786,3091,259.7402597402597
3156,2786,3620,359.71223021582733
3157,2786,3642,35.77817531305904
3158,2786,3769,1612.9032258064517
3159,2786,3770,2000.0
3160,2786,4229,263.1578947368421
3161,2786,4771,249.7069606204953
3162,2788,2790,85.6898029134533
3163,2788,3475,238.6634844868735
3164,2788,4365,43.40277777777778
3165,2789,2791,85.6898029134533
3166,2789,3476,238.6634844868735
3167,2789,4093,140.8450704225352
3168,2792,4033,115.0747986191024
3169,2792,4912,156.00624024961
3170,2793,3677,68.07351940095303
3171,2793,4254,2000.0
3172,2794,4254,2000.0
3173,2795,3218,2000.0
3174,2795,4606,403.2258064516129
3175,2796,3219,2000.0
3176,2796,4607,403.2258064516129
3177,2797,2808,33.32222592469177
3178,2797,3475,63.89776357827476
3179,2797,4956,37.664783427495294
3180,2798,2807,33.32222592469177
3181,2798,3476,63.89776357827476
3182,2798,4510,171.8213058419244
3183,2799,4318,125.31328320802004
3184,2799,4905,103.30578512396694
3185,2800,2964,383.1417624521073
3186,2800,4145,270.27027027027026
3187,2800,4317,125.31328320802004
3188,2801,2829,83.82229673093043
3189,2801,4104,204.08163265306123
3190,2801,4963,2000.0
3191,2802,4963,2000.0
3192,2804,3098,89.44543828264759
3193,2804,3499,185.5287569573284
3194,2805,3697,2000.0
3195,2805,4889,163.3986928104575
3196,2805,4959,2000.0
3197,2806,3591,751.8796992481203
3198,2806,4589,104.9317943336831
3199,2809,4946,2000.0
3200,2810,4946,2000.0
3201,2811,3901,26.427061310782243
3202,2811,4486,38.729666924864446
3203,2811,4674,104.4932079414838
3204,2812,4116,421.9409282700422
3205,2813,3672,561.7977528089888
3206,2813,4947,32.32062055591467
3207,2813,5025,2000.0
3208,2814,3209,42.91845493562232
3209,2814,3377,59.73715651135006
3210,2814,3955,124.0694789081886
3211,2814,3956,124.0694789081886
3212,2814,4405,60.20469596628537
3213,2814,4431,37.764350453172206
3214,2814,4682,55.40166204986149
3215,2815,3462,50.25125628140704
3216,2815,3588,207.4688796680498
3217,2815,3589,207.4688796680498
3218,2815,3758,163.9344262295082
3219,2815,3774,180.50541516245488
3220,2815,3775,130.54830287206266
3221,2815,3831,76.74597083653109
3222,2815,4167,38.051750380517504
3223,2815,4523,116.95906432748538
3224,2815,5063,51.92107995846314
3225,2816,3432,113.50737797956867
3226,2816,3931,50.32712632108706
3227,2817,4152,2000.0
3228,2818,2819,381.6793893129771
3229,2818,3536,24.13127413127413
3230,2818,4877,15.105740181268882
3231,2820,3355,72.67441860465117
3232,2820,3850,41.58004158004158
3233,2820,4986,2000.0
3234,2821,3185,37.65060240963855
3235,2821,4827,189.0359168241966
3236,2821,4969,234.192037470726
3237,2822,3046,164.20361247947454
3238,2822,4606,93.28358208955224
3239,2823,3614,1818.1818181818185
3240,2823,3862,714.2857142857143
3241,2823,4862,115.2073732718894
3242,2823,4882,413.22314049586777
3243,2824,3223,6.889424733034792
3244,2824,3880,6.660893891960301
3245,2825,2826,8.11886011204027
3246,2825,4854,2000.0
3247,2827,4078,1851.851851851852
3248,2828,4077,1851.851851851852
3249,2829,3003,184.50184501845015
3250,2830,3183,140.4494382022472
3251,2830,4992,2000.0
3252,2830,9081,72.7802037845706
3253,2831,3223,48.16955684007707
3254,2831,4702,2.505888838771112
3255,2832,2833,20.08435428800964
3256,2832,2834,20.08435428800964
3257,2832,2899,2000.0
3258,2835,2836,12.295585884667403
3259,2835,2837,8.861320336730174
3260,2835,4988,283.28611898017
3261,2838,2849,50.45408678102926
3262,2838,3368,53.475935828877006
3263,2839,3794,374.5318352059925
3264,2839,4301,115.47344110854505
3265,2840,3794,374.5318352059925
3266,2840,4300,115.47344110854505
3267,2841,2842,12.661433274246646
3268,2841,2843,14.001680201624197
3269,2841,4998,205.761316872428
3270,2844,3783,100.70493454179255
3271,2844,5031,2000.0
3272,2845,2848,12.2040517451794
3273,2846,2848,12.2040517451794
3274,2847,2848,11.20322652924042
3275,2848,5004,438.5964912280702
3276,2849,3240,21.729682746631894
3277,2849,3998,31.220730565095224
3278,2849,4197,246.3054187192118
3279,2850,4149,2000.0
3280,2850,4646,62.38303181534623
3281,2850,5016,4000.0
3282,2851,3368,64.85084306095979
3283,2851,3529,606.060606060606
3284,2851,5086,418.41004184100416
3285,2852,3977,1176.470588235294
3286,2853,3977,1176.470588235294
3287,2854,3854,98.03921568627452
3288,2854,4153,101.010101010101
3289,2855,3068,47.19207173194904
3290,2855,3270,213.2196162046908
3291,2855,3456,159.23566878980893
3292,2855,3605,214.5922746781116
3293,2855,4180,122.54901960784314
3294,2855,4643,1204.8192771084337
3295,2855,4770,2000.0
3296,2855,4974,60.27727546714888
3297,2856,3465,118.90606420927467
3298,2856,4720,7.164350193437455
3299,2857,2859,14.729709824716451
3300,2857,2860,14.3348623853211
3301,2857,4827,2000.0
3302,2858,2859,27.731558513588464
3303,2860,2861,27.731558513588464
3304,2862,2863,8.89125989152663
3305,2862,2864,8.89125989152663
3306,2862,2865,8.89125989152663
3307,2862,2866,8.89125989152663
3308,2862,9410,369.0036900369004
3309,2867,2870,2000.0
3310,2867,3254,8.426729586247577
3311,2867,4776,5.823433496389471
3312,2868,3247,145.34883720930233
3313,2869,4533,67.02412868632707
3314,2870,2871,8.203445447087777
3315,2872,2873,14.801657785671996
3316,2872,2874,4.802151363810987
3317,2872,5024,2000.0
3318,2875,2885,2000.0
3319,2875,2886,2000.0
3320,2875,3822,33.67003367003367
3321,2875,4886,884.9557522123894
3322,2876,5023,277.0083102493075
3323,2877,5009,2000.0
3324,2878,4032,26.52519893899204
3325,2878,5819,20.837674515524068
3326,2879,6194,26.455026455026456
3327,2880,4439,22.716946842344388
3328,2880,4638,89.52551477170994
3329,2881,3193,111.731843575419
3330,2882,3192,111.85682326621924
3331,2884,4241,1282.051282051282
3332,2884,4455,60.82725060827251
3333,2887,3052,97.3709834469328
3334,2887,4018,2000.0
3335,2888,2889,6.104633416763323
3336,2888,2890,14.70155836518671
3337,2888,5038,2000.0
3338,2891,2892,6.68851581833991
3339,2892,5053,2000.0
3340,2893,2894,6.68851581833991
3341,2894,5053,2000.0
3342,2895,3535,199.203187250996
3343,2899,5046,719.4244604316547
3344,2900,4842,59.63029218843173
3345,2900,5075,584.7953216374269
3346,2900,5078,2000.0
3347,2901,3638,59.916117435590174
3348,2901,3991,363.6363636363636
3349,2901,4000,159.4896331738437
3350,2901,4002,188.32391713747649
3351,2901,4619,1351.3513513513512
3352,2901,4957,869.5652173913044
3353,2903,4676,2000.0
3354,2904,2910,2000.0
3355,2904,3324,32.733224222585925
3356,2904,3596,23.507287259050305
3357,2909,2912,2000.0
3358,2909,2913,2000.0
3359,2909,3357,111.48272017837236
3360,2909,3403,197.23865877712032
3361,2910,2911,21.04151190169869
3362,2914,4153,80.51529790660226
3363,2915,3008,7.646429117602079
3364,2915,3017,2000.0
3365,2916,3017,2000.0
3366,2916,3950,16.406890894175554
3367,2917,2918,5.356473297980609
3368,2917,5045,1886.7924528301887
3369,2919,2922,158.22784810126583
3370,2919,3535,41.98152812762385
3371,2920,2921,3.827751196172249
3372,2920,5039,2000.0
3373,2922,5117,520.8333333333334
3374,2923,3617,2000.0
3375,2923,3704,199.6007984031936
3376,2924,3616,2000.0
3377,2924,3703,201.6129032258065
3378,2925,2980,2000.0
3379,2925,5072,2000.0
3380,2926,3533,83.5421888053467
3381,2926,4993,48.49660523763337
3382,2929,3323,62.53908692933083
3383,2929,3849,18.443378827001105
3384,2933,3849,2000.0
3385,2937,3484,38.15337657382678
3386,2943,3190,6.371861858034918
3387,2943,4616,6.961364427427776
3388,2947,2948,18.453589223103894
3389,2948,2949,2000.0
3390,2951,4827,2000.0
3391,2953,2954,13.908205841446453
3392,2954,5064,2000.0
3393,2955,3199,69.63788300835654
3394,2955,3517,26.12330198537095
3395,2956,2964,2000.0
3396,2959,2960,2000.0
3397,2959,3315,1754.3859649122808
3398,2960,2961,2000.0
3399,2964,4317,204.4989775051125
3400,2975,3890,2000.0
3401,2976,4104,2000.0
3402,2977,4374,2000.0
3403,2978,2979,57.6036866359447
3404,2978,9441,257.0694087403599
3405,2979,2980,38.08073115003808
3406,2979,8745,2000.0
3407,2980,4885,33.818058843422385
3408,2980,8843,500.0
3409,2981,2982,14.85001485001485
3410,2982,4697,37.299515106303616
3411,2983,2985,5.420054200542006
3412,2983,2986,86.80555555555556
3413,2983,2987,12.737230925996688
3414,2983,2988,13.75515818431912
3415,2983,3060,82.91873963515755
3416,2983,3061,82.91873963515755
3417,2983,3518,204.4989775051125
3418,2983,3520,89.44543828264759
3419,2983,3787,72.20216606498195
3420,2983,3788,43.38394793926247
3421,2983,4665,76.5696784073507
3422,2983,5061,189.0359168241966
3423,2984,2985,-27.3224043715847
3424,2984,3866,7.861635220125787
3425,2985,2989,8.401243384020836
3426,2990,3129,485.4368932038834
3427,2991,3957,8.95094880057286
3428,2991,4509,60.024009603841534
3429,2991,4776,11.75226231049477
3430,2992,3445,91.74311926605505
3431,2992,4418,49.26108374384236
3432,2993,4403,22.76867030965392
3433,2993,4538,4.546281142025823
3434,2994,4308,144.3001443001443
3435,2995,4556,144.3001443001443
3436,2996,3182,2000.0
3437,2996,4765,98.81422924901186
3438,2997,3182,2000.0
3439,2997,4745,44.38526409232135
3440,2998,3875,253.16455696202533
3441,2998,4299,287.35632183908046
3442,2998,4318,268.81720430107526
3443,2999,3874,253.16455696202533
3444,2999,4298,287.35632183908046
3445,2999,4317,268.81720430107526
3446,3000,3258,467.2897196261682
3447,3000,4654,112.8668171557562
3448,3001,3258,467.2897196261682
3449,3001,4654,111.48272017837236
3450,3002,3991,28.20078962210942
3451,3002,4399,335.5704697986577
3452,3002,4417,1041.6666666666667
3453,3004,3350,67.98096532970769
3454,3004,3399,52.32862375719519
3455,3006,3360,27.51031636863824
3456,3008,3009,9.374707040404989
3457,3008,4321,50.505050505050505
3458,3008,4537,57.24098454493417
3459,3008,4951,115.47344110854505
3460,3009,3168,240.9638554216868
3461,3010,4273,248.75621890547265
3462,3011,4274,248.75621890547265
3463,3012,3017,11.109876680368847
3464,3013,3017,6.249609399412536
3465,3014,3017,9.80872976949485
3466,3015,3017,11.109876680368847
3467,3016,3017,30.816640986132512
3468,3017,4165,21.27659574468085
3469,3017,4901,12.097749818533751
3470,3019,4241,2000.0
3471,3020,4285,83.05647840531562
3472,3020,4503,151.5151515151515
3473,3021,3294,336.7003367003367
3474,3021,3295,336.7003367003367
3475,3021,3497,119.33174224343676
3476,3021,3498,119.61722488038278
3477,3021,4729,206.61157024793388
3478,3021,4730,201.6129032258065
3479,3022,3395,63.37135614702154
3480,3022,4237,126.26262626262626
3481,3023,3097,117.37089201877934
3482,3023,3417,80.32128514056225
3483,3023,4502,189.3939393939394
3484,3024,3033,49.75124378109453
3485,3025,3291,45.93477262287551
3486,3025,3489,121.8026796589525
3487,3025,4262,134.9527665317139
3488,3026,4508,699.3006993006993
3489,3027,3028,5.555246930726071
3490,3027,3488,5.974072525240456
3491,3027,3563,127.2264631043257
3492,3029,4601,17.7999288002848
3493,3030,3876,98.81422924901186
3494,3031,4110,108.22510822510824
3495,3032,3569,2000.0
3496,3033,5103,128.7001287001287
3497,3034,3666,2000.0
3498,3034,4708,2000.0
3499,3034,4718,56.21135469364812
3500,3035,3951,29.985007496251875
3501,3035,4126,34.746351633078525
3502,3036,3776,141.84397163120568
3503,3036,4688,47.34848484848485
3504,3037,3997,164.74464579901152
3505,3037,4954,164.74464579901152
3506,3037,5199,129.03225806451613
3507,3038,4079,35.98416696653472
3508,3038,5039,19.952114924181963
3509,3039,3045,42.122999157540015
3510,3039,3144,9.49397132820659
3511,3039,3676,2000.0
3512,3039,3793,43.29004329004329
3513,3040,3052,109.05125408942205
3514,3040,4575,240.9638554216868
3515,3041,3675,6.68359844940516
3516,3042,4174,9.276437847866418
3517,3043,4235,34.447123665173955
3518,3043,4599,24.648755237860488
3519,3046,3490,188.32391713747649
3520,3047,3159,72.99270072992701
3521,3047,3490,139.86013986013987
3522,3048,3237,186.9158878504673
3523,3048,4780,102.56410256410255
3524,3049,3699,110.74197120708747
3525,3049,4025,127.7139208173691
3526,3049,4261,584.7953216374269
3527,3050,4785,84.24599831508003
3528,3051,4132,84.24599831508003
3529,3052,3053,9.182736455463727
3530,3052,3669,94.42870632672332
3531,3052,3670,94.42870632672332
3532,3052,3712,37.69317753486619
3533,3052,4170,152.9051987767584
3534,3052,4173,154.5595054095827
3535,3058,3807,29.24831822170225
3536,3058,4490,54.734537493158186
3537,3059,3239,29.13752913752914
3538,3059,4447,5.359056806002144
3539,3059,5112,6.98616738857063
3540,3060,4763,2000.0
3541,3061,3750,132.9787234042553
3542,3062,3224,84.31703204047217
3543,3062,3225,91.1577028258888
3544,3062,3863,314.4654088050315
3545,3062,3864,314.4654088050315
3546,3062,4812,123.76237623762376
3547,3062,4813,123.76237623762376
3548,3063,3804,68.4931506849315
3549,3063,3849,85.03401360544218
3550,3063,4373,346.02076124567475
3551,3064,4203,53.53319057815846
3552,3064,4810,122.54901960784314
3553,3065,3068,111.66945840312674
3554,3066,3068,112.0460838952115
3555,3067,4535,17.65536723163842
3556,3067,4975,19.557989438685706
3557,3068,3745,40.17677782241864
3558,3068,4323,104.38413361169103
3559,3068,4542,96.89922480620154
3560,3068,4614,272.4795640326976
3561,3068,4890,274.72527472527474
3562,3069,4221,552.4861878453039
3563,3069,4467,396.8253968253968
3564,3070,3519,209.64360587002096
3565,3070,4220,561.7977528089888
3566,3071,3397,746.2686567164179
3567,3072,3556,2000.0
3568,3073,3218,303.951367781155
3569,3073,3928,165.28925619834712
3570,3074,4469,53.96654074473826
3571,3075,4469,53.96654074473826
3572,3076,3077,8.333333333333334
3573,3076,3079,13.640703860319192
3574,3076,3080,9.602458229306702
3575,3076,3082,9.261831990367694
3576,3076,3083,1.1577692102856216
3577,3076,4248,14.9678191887442
3578,3076,4886,152.44853131890258
3579,3076,4908,17.761989342806395
3580,3084,3384,11.403808872163305
3581,3084,3744,11.599582415033058
3582,3085,4608,2000.0
3583,3086,4608,2000.0
3584,3087,3210,101.5228426395939
3585,3087,4927,60.42296072507553
3586,3088,3210,101.5228426395939
3587,3088,4929,200.0
3588,3089,3149,6.561679790026247
3589,3089,4329,61.57635467980296
3590,3089,4418,5.675368898978434
3591,3090,3710,606.060606060606
3592,3090,4565,387.5968992248062
3593,3091,3711,432.9004329004329
3594,3091,4566,387.5968992248062
3595,3092,3232,293.2551319648094
3596,3092,3617,138.88888888888889
3597,3093,3233,293.2551319648094
3598,3093,3616,138.88888888888889
3599,3094,3293,13.424620754463689
3600,3095,3894,196.07843137254903
3601,3095,4670,144.50867052023122
3602,3096,3888,8.442380751371887
3603,3096,4526,7.265857734505558
3604,3099,4004,206.18556701030928
3605,3099,4687,2000.0
3606,3099,9312,211.864406779661
3607,3100,3554,98.03921568627452
3608,3100,4443,52.770448548812666
3609,3101,3204,212.31422505307856
3610,3101,4532,117.096018735363
3611,3102,3965,23.623907394283016
3612,3102,4304,9.08595311648192
3613,3103,3751,2000.0
3614,3103,4420,2000.0
3615,3103,4535,18.145527127563057
3616,3104,4610,400.0
3617,3104,4752,160.25641025641025
3618,3105,4611,400.0
3619,3105,4751,160.25641025641025
3620,3106,4404,2000.0
3621,3107,4307,152.4390243902439
3622,3108,4672,85.61643835616438
3623,3110,3458,87.71929824561404
3624,3110,3655,138.69625520110958
3625,3111,4226,119.61722488038278
3626,3111,4531,374.5318352059925
3627,3112,4532,122.85012285012284
3628,3113,3140,118.62396204033216
3629,3113,3383,139.27576601671308
3630,3114,3303,225.2252252252252
3631,3114,3374,112.6126126126126
3632,3115,3337,188.32391713747649
3633,3115,3952,62.8140703517588
3634,3116,3337,188.32391713747649
3635,3116,3953,62.8140703517588
3636,3117,4148,19.61553550411926
3637,3117,5041,143.88489208633092
3638,3118,3150,239.8081534772182
3639,3118,3722,64.89292667099286
3640,3118,3999,114.5475372279496
3641,3118,4371,133.6898395721925
3642,3120,3248,39.635354736424894
3643,3120,3633,8.835483300936561
3644,3121,3247,158.47860538827257
3645,3121,3484,62.93266205160478
3646,3124,3777,25.201612903225808
3647,3124,4404,2.695926455126304
3648,3124,4727,5.660911406736485
3649,3125,4367,13.252054068380598
3650,3125,4675,20.22653721682848
3651,3126,3149,5.06482982171799
3652,3127,3398,2000.0
3653,3127,3587,775.1937984496124
3654,3128,3397,2000.0
3655,3128,3585,775.1937984496124
3656,3129,3291,98.52216748768473
3657,3129,3480,152.67175572519085
3658,3130,3402,8.587376556462
3659,3130,6111,10.843634786380395
3660,3130,6145,17.36714136853074
3661,3131,3278,48.44961240310077
3662,3131,4248,129.70168612191958
3663,3132,3133,5.241090146750524
3664,3133,4153,52.91005291005291
3665,3133,4786,75.47169811320755
3666,3134,3156,24.35460301997077
3667,3134,3298,47.6417341591234
3668,3134,3943,27.716186252771617
3669,3135,3136,1.8456995201181248
3670,3135,4559,21.64970772894566
3671,3136,3965,38.40245775729647
3672,3137,5367,19.584802193497847
3673,3138,3617,364.963503649635
3674,3139,3616,364.963503649635
3675,3140,3155,101.31712259371834
3676,3141,3427,67.93478260869566
3677,3141,4544,263.85224274406335
3678,3142,3858,42.40882103477524
3679,3142,4893,819.672131147541
3680,3143,3145,5.899705014749262
3681,3143,3146,-22.537750732476898
3682,3143,3157,2000.0
3683,3143,4615,3.5752592062924564
3684,3143,4735,7.762167197081425
3685,3144,3145,11.381743683132257
3686,3144,3146,4.209994527007115
3687,3144,3654,37.467216185837394
3688,3144,4753,20.43318348998774
3689,3145,3147,-11.381743683132257
3690,3146,3148,1.0840460936399017
3691,3149,4089,5.923117929277972
3692,3149,4568,2000.0
3693,3150,3577,263.85224274406335
3694,3150,4322,87.7963125548727
3695,3151,3896,59.45303210463734
3696,3152,3648,59.63029218843173
3697,3152,4849,15.126304643775526
3698,3153,3790,75.7002271006813
3699,3154,3789,76.74597083653109
3700,3154,3906,192.30769230769232
3701,3155,4673,90.57971014492752
3702,3156,4767,90.17132551848512
3703,3157,3245,8.54627809588924
3704,3157,4083,3.0134096730450506
3705,3158,3617,78.125
3706,3160,3306,2000.0
3707,3160,4153,54.14185165132648
3708,3161,3307,72.72727272727273
3709,3161,4153,52.79831045406547
3710,3164,3533,34.258307639602606
3711,3164,3582,109.17030567685588
3712,3164,3604,87.56567425569177
3713,3164,4309,510.2040816326531
3714,3165,3993,165.01650165016505
3715,3165,4052,2000.0
3716,3165,4105,81.43322475570032
3717,3165,4106,81.43322475570032
3718,3165,4488,79.93605115907275
3719,3166,3461,134.2281879194631
3720,3167,3462,134.2281879194631
3721,3168,3653,7.549448890231013
3722,3169,3918,75.41478129713424
3723,3169,4379,132.80212483399734
3724,3169,4794,117.9245283018868
3725,3170,3936,57.17552887364208
3726,3170,3937,25.056376847907792
3727,3171,3222,273.224043715847
3728,3171,3489,181.8181818181818
3729,3172,4824,746.2686567164179
3730,3173,3813,16.31055292774425
3731,3173,3899,87.7963125548727
3732,3173,4116,12.655024044545684
3733,3174,4630,38.92565200467108
3734,3174,4835,117.096018735363
3735,3174,6293,48.1000481000481
3736,3177,4035,10.993843447669304
3737,3178,3316,571.4285714285714
3738,3179,3314,68.87052341597796
3739,3179,4475,92.93680297397768
3740,3180,3313,175.43859649122808
3741,3180,4475,92.93680297397768
3742,3181,3785,73.47538574577517
3743,3181,4423,81.9000819000819
3744,3182,3237,215.9827213822894
3745,3182,3366,2000.0
3746,3182,4458,29.895366218236173
3747,3182,4628,282.4858757062147
3748,3183,3184,-476.1904761904762
3749,3183,3187,-460.8294930875576
3750,3183,4145,77.82101167315174
3751,3183,4482,140.0560224089636
3752,3183,4905,342.4657534246575
3753,3184,3185,46.59832246039143
3754,3184,3186,8.991997122560921
3755,3185,3187,46.27487274409995
3756,3185,4094,156.98587127158555
3757,3185,4466,85.1063829787234
3758,3185,4827,31.036623215394165
3759,3185,8708,55.15719801434087
3760,3185,8806,73.74631268436578
3761,3187,3188,8.986340762041696
3762,3189,4217,12.405408758218584
3763,3189,4288,2.18751367196045
3764,3190,5096,6.258213905751298
3765,3192,3337,220.7505518763797
3766,3192,4335,220.7505518763797
3767,3193,3337,220.7505518763797
3768,3193,4334,220.7505518763797
3769,3193,4667,114.41647597254004
3770,3195,4089,5.229578495973224
3771,3196,4082,3.665286075578199
3772,3197,3909,28.01120448179272
3773,3198,4546,578.0346820809249
3774,3198,4853,370.3703703703704
3775,3199,4767,59.38242280285036
3776,3200,3421,169.7792869269949
3777,3200,3853,158.47860538827257
3778,3200,4260,2000.0
3779,3201,4085,113.76564277588167
3780,3201,4801,143.67816091954023
3781,3201,5065,42.716787697565145
3782,3201,9206,94.9667616334283
3783,3202,3324,58.75440658049354
3784,3202,3941,112.73957158962796
3785,3203,3906,671.1409395973154
3786,3203,4761,1315.7894736842106
3787,3204,3990,71.5307582260372
3788,3205,3437,27.495188342040144
3789,3205,3794,52.11047420531527
3790,3206,3657,13.365410318096766
3791,3206,4824,13.5080372821829
3792,3206,5683,22.007042253521128
3793,3207,4006,787.4015748031496
3794,3209,4223,151.9756838905775
3795,3210,3211,11.682242990654206
3796,3210,3213,11.961722488038278
3797,3210,3486,78.125
3798,3210,4118,56.14823133071308
3799,3210,4119,56.14823133071308
3800,3211,4390,23.40276152586005
3801,3214,3773,153.84615384615384
3802,3214,4518,111.731843575419
3803,3215,4411,128.2051282051282
3804,3215,4512,127.8772378516624
3805,3216,4411,128.2051282051282
3806,3216,4511,127.8772378516624
3807,3217,4555,328.94736842105266
3808,3219,3927,148.5884101040119
3809,3220,3344,52.13764337851929
3810,3220,3367,75.7002271006813
3811,3221,3977,28.1135788585887
3812,3222,3815,147.71048744460856
3813,3222,4532,500.0
3814,3223,3349,5.089058524173028
3815,3224,4730,188.32391713747649
3816,3225,4729,179.85611510791367
3817,3226,3715,10.788650339842484
3818,3230,3231,14.409221902017292
3819,3230,3675,15.04664459825459
3820,3231,4535,170.64846416382252
3821,3231,4826,85.17887563884156
3822,3231,5067,30.14772384684956
3823,3232,3387,293.2551319648094
3824,3233,3386,293.2551319648094
3825,3234,3590,621.1180124223603
3826,3234,4342,117.9245283018868
3827,3234,4592,119.47431302270012
3828,3235,3236,6.231306081754735
3829,3235,3311,27.07092582566324
3830,3235,3698,36.67033370003667
3831,3235,4600,25.131942699170647
3832,3236,3290,27.3224043715847
3833,3236,4426,7.081651441116068
3834,3238,3678,11.406410402646287
3835,3238,3806,5.054334091483447
3836,3239,3805,66.09385327164574
3837,3240,3735,2000.0
3838,3240,3898,53.219797764768494
3839,3240,5102,36.231884057971016
3840,3241,4569,35.22367030644593
3841,3241,4635,41.01722723543888
3842,3242,3490,157.9778830963665
3843,3242,4654,201.6129032258065
3844,3243,3491,149.2537313432836
3845,3244,4654,190.11406844106463
3846,3245,3631,10.507512871703268
3847,3246,3972,37.59398496240601
3848,3247,3248,5.244663554832957
3849,3247,3250,95.23809523809524
3850,3247,3450,89.28571428571429
3851,3247,4177,62.18905472636816
3852,3247,4332,76.68711656441718
3853,3247,4539,28.70264064293915
3854,3249,3251,46.2962962962963
3855,3249,4176,346.02076124567475
3856,3249,5064,293.2551319648094
3857,3250,3251,-458.7155963302752
3858,3251,3252,8.951750067138125
3859,3254,3410,2.928000468480075
3860,3255,4093,82.57638315441784
3861,3255,4365,162.07455429497568
3862,3256,4454,136.79890560875512
3863,3256,4473,909.0909090909092
3864,3257,3260,46.57661853749418
3865,3257,3261,45.8295142071494
3866,3257,4156,172.1170395869191
3867,3257,4574,396.8253968253968
3868,3258,3260,-480.7692307692308
3869,3258,3261,-414.9377593360996
3870,3258,3359,103.95010395010397
3871,3258,3712,66.53359946773121
3872,3258,4604,106.04453870625665
3873,3259,3260,8.957362952346829
3874,3261,3262,8.987148377819718
3875,3263,3727,152.9051987767584
3876,3263,4140,57.50431282346176
3877,3264,4685,30.303030303030305
3878,3265,3267,42.19409282700422
3879,3265,4161,4.564125969876769
3880,3266,3267,6.406149903907751
3881,3266,3432,43.066322136089575
3882,3266,4807,45.20795660036166
3883,3267,3268,3.9401103230890464
3884,3270,4117,108.22510822510824
3885,3271,3275,-485.4368932038834
3886,3271,3845,235.8490566037736
3887,3271,3846,235.8490566037736
3888,3271,4655,69.25207756232687
3889,3271,4656,65.65988181221273
3890,3272,3275,46.51162790697674
3891,3272,3277,43.85964912280702
3892,3272,4408,282.4858757062147
3893,3272,4476,136.05442176870747
3894,3273,3275,8.907892392659896
3895,3274,3277,218.8183807439825
3896,3274,3904,147.71048744460856
3897,3274,3905,147.05882352941177
3898,3274,4503,68.54009595613434
3899,3274,4504,71.58196134574088
3900,3274,4802,129.70168612191958
3901,3274,4803,163.3986928104575
3902,3276,3277,9.94431185361973
3903,3278,3280,-357.1428571428572
3904,3278,3281,15.928639694170116
3905,3278,3284,-357.1428571428572
3906,3278,4371,97.0873786407767
3907,3279,3280,30.76923076923077
3908,3279,3284,30.76923076923077
3909,3279,4249,312.5
3910,3279,4352,1587.3015873015872
3911,3280,3283,8.176614881439084
3912,3281,4769,8.363301831563101
3913,3282,3610,156.49452269170578
3914,3284,3285,8.176614881439084
3915,3286,3449,6.374298827129016
3916,3287,3816,278.55153203342616
3917,3287,4232,581.3953488372093
3918,3288,3335,177.61989342806393
3919,3288,3336,177.61989342806393
3920,3288,3699,66.00660066006601
3921,3288,3700,66.00660066006601
3922,3288,3825,201.6129032258065
3923,3288,3826,217.3913043478261
3924,3288,4025,30.58103975535168
3925,3288,4246,112.10762331838563
3926,3288,4285,662.2516556291391
3927,3288,4286,662.2516556291391
3928,3289,4475,42.51700680272109
3929,3290,3631,5.431830526887561
3930,3292,3628,31.09452736318408
3931,3293,3781,6.145148405333988
3932,3293,4083,3.1729914963827897
3933,3294,3755,246.9135802469136
3934,3294,4495,303.951367781155
3935,3295,3754,246.9135802469136
3936,3295,4496,303.030303030303
3937,3296,3985,7.859163784973279
3938,3296,4268,27.412280701754387
3939,3297,3976,103.09278350515464
3940,3297,4196,144.7178002894356
3941,3298,4257,2000.0
3942,3299,4656,176.3668430335097
3943,3299,4902,104.4932079414838
3944,3300,3497,128.36970474967907
3945,3300,4655,176.3668430335097
3946,3301,3918,92.08103130755065
3947,3301,4016,2000.0
3948,3302,3918,92.08103130755065
3949,3302,4015,2000.0
3950,3302,4437,129.87012987012986
3951,3303,3463,58.13953488372093
3952,3303,3636,33.82949932341001
3953,3304,3591,1538.4615384615386
3954,3304,4259,149.7005988023952
3955,3305,3590,1538.4615384615386
3956,3305,3665,147.05882352941177
3957,3306,3594,115.47344110854505
3958,3307,4018,70.2247191011236
3959,3310,4431,2000.0
3960,3311,4175,138.88888888888889
3961,3312,4110,140.0560224089636
3962,3312,4411,80.25682182985554
3963,3313,3837,108.57763300760044
3964,3314,3836,104.60251046025104
3965,3315,3890,48.899755501222494
3966,3315,4104,2000.0
3967,3316,3414,209.20502092050208
3968,3316,3659,58.37711617046118
3969,3316,4458,71.02272727272727
3970,3317,4707,217.8649237472767
3971,3318,4706,217.8649237472767
3972,3319,4464,38.417210910487896
3973,3319,4506,9.998000399920016
3974,3320,3323,15.14004542013626
3975,3321,3323,15.067048365225252
3976,3322,3323,21.867483052700635
3977,3323,4609,47.03668861712136
3978,3323,4612,20.238818053025703
3979,3323,4741,84.60236886632826
3980,3323,4847,34.27004797806717
3981,3324,3327,10.893246187363834
3982,3324,3329,-418.41004184100416
3983,3324,3330,17.822135091783995
3984,3324,3331,10.88139281828074
3985,3324,3948,35.842293906810035
3986,3324,4068,30.8641975308642
3987,3324,4493,37.93626707132018
3988,3324,5053,27.616680475006905
3989,3325,3327,20.449897750511248
3990,3325,3331,20.49180327868853
3991,3325,4719,4.756242568370987
3992,3326,3329,45.80852038479157
3993,3326,3330,-39.43217665615142
3994,3326,3782,217.8649237472767
3995,3326,4704,1639.344262295082
3996,3326,4952,334.44816053511704
3997,3326,5064,79.87220447284345
3998,3327,3334,8.012820512820513
3999,3328,3330,9.971083856815236
4000,3329,3332,9.040773890245005
4001,3331,3333,8.00640512409928
4002,3337,4090,76.4525993883792
4003,3337,4091,74.23904974016332
4004,3337,4199,128.53470437017995
4005,3337,4200,128.53470437017995
4006,3338,3801,704.2253521126761
4007,3339,3802,729.92700729927
4008,3339,4128,264.55026455026456
4009,3340,4058,54.734537493158186
4010,3340,4201,72.04610951008645
4011,3341,4059,54.734537493158186
4012,3341,4201,72.04610951008645
4013,3344,3345,2.881014116969173
4014,3344,4701,24.43195699975568
4015,3344,5021,19.175455417066157
4016,3345,3663,5.651952749675012
4017,3348,3493,202.83975659229208
4018,3348,3494,202.83975659229208
4019,3348,3754,617.283950617284
4020,3348,3755,617.283950617284
4021,3348,3908,347.22222222222223
4022,3348,4107,377.35849056603774
4023,3348,4108,377.35849056603774
4024,3348,4287,224.7191011235955
4025,3350,3351,4.733727810650888
4026,3350,3352,5.106469897359955
4027,3350,4722,48.1000481000481
4028,3351,4560,40.83299305839118
4029,3351,4563,7.496251874062969
4030,3353,3738,1000.0
4031,3353,4044,431.0344827586207
4032,3354,3380,132.80212483399734
4033,3354,4800,127.8772378516624
4034,3355,3371,66.53359946773121
4035,3358,4745,75.75757575757575
4036,3359,3586,97.46588693957116
4037,3360,3621,27.51031636863824
4038,3362,4062,168.35016835016836
4039,3362,4377,132.27513227513228
4040,3363,4063,168.35016835016836
4041,3363,4745,108.93246187363836
4042,3364,4656,173.91304347826087
4043,3365,4655,502.5125628140704
4044,3366,3702,93.10986964618247
4045,3366,4458,30.275507114744173
4046,3367,3402,64.72491909385113
4047,3368,3370,4.968944099378882
4048,3369,4198,18.58045336306206
4049,3371,4481,26.46202699126753
4050,3371,4779,2000.0
4051,3372,3721,92.42144177449168
4052,3372,4707,142.45014245014244
4053,3373,3485,191.93857965451056
4054,3373,4706,142.45014245014244
4055,3374,3696,67.29475100942126
4056,3375,4370,215.9827213822894
4057,3376,3732,22.670596236681025
4058,3377,4405,2000.0
4059,3378,4759,113.89521640091117
4060,3378,4975,17.17622810030917
4061,3379,3422,25.3613999492772
4062,3379,4943,6.476683937823834
4063,3380,3425,283.28611898017
4064,3380,4441,239.8081534772182
4065,3381,3382,11.876484560570072
4066,3382,4699,321.54340836012864
4067,3383,4486,72.20216606498195
4068,3384,3873,12.330456226880395
4069,3384,4082,3.946329913180742
4070,3385,4583,7.009673349221926
4071,3386,4011,319.4888178913738
4072,3387,4013,319.4888178913738
4073,3388,4275,892.8571428571429
4074,3388,4332,1265.822784810127
4075,3389,3392,53.53319057815846
4076,3389,3519,199.203187250996
4077,3389,5087,555.5555555555555
4078,3390,3392,8.792754770069463
4079,3391,3392,-2000.0
4080,3391,4552,141.44271570014143
4081,3391,4553,141.44271570014143
4082,3391,4793,134.40860215053763
4083,3395,3492,189.75332068311195
4084,3395,4540,75.47169811320755
4085,3395,4541,76.4525993883792
4086,3395,4552,63.65372374283896
4087,3395,4553,63.65372374283896
4088,3396,3586,769.2307692307693
4089,3398,3556,1000.0
4090,3399,4321,68.54009595613434
4091,3399,4472,105.26315789473684
4092,3400,3626,4.593477262287552
4093,3400,3915,5.588777734309507
4094,3400,4067,5.297732570459843
4095,3400,4351,4.754885645000238
4096,3401,3695,7.651694850409366
4097,3401,4208,9.48676596148373
4098,3401,9038,5.393743257820928
4099,3402,3452,12.941633234114144
4100,3402,3842,52.63157894736842
4101,3403,4429,94.9667616334283
4102,3404,4184,106.951871657754
4103,3405,4185,107.41138560687432
4104,3406,4039,92.5925925925926
4105,3406,4066,116.14401858304298
4106,3406,4786,52.826201796090864
4107,3407,3729,248.1389578163772
4108,3407,4086,150.15015015015015
4109,3407,4115,467.2897196261682
4110,3408,3844,115.2073732718894
4111,3408,4244,116.95906432748538
4112,3409,3843,115.2073732718894
4113,3409,4087,78.98894154818325
4114,3410,4174,2000.0
4115,3410,4717,16.105653084232564
4116,3411,4374,216.9197396963124
4117,3413,4372,2000.0
4118,3413,4429,1000.0
4119,3413,4904,111.98208286674132
4120,3415,4103,362.3188405797101
4121,3415,4665,130.03901170351105
4122,3416,3647,361.01083032490976
4123,3417,3794,90.66183136899366
4124,3418,3446,3.3261267254282387
4125,3418,3653,9.815469179426776
4126,3419,4223,33.42245989304813
4127,3419,4545,35.7653791130186
4128,3420,3792,5.14827018121911
4129,3422,4366,5.417118093174431
4130,3422,4507,4.294425835265825
4131,3423,3966,34.55425017277125
4132,3423,4927,21.299254526091588
4133,3424,4929,28.555111364934323
4134,3425,3891,116.0092807424594
4135,3426,3479,46.23208506703652
4136,3426,3738,172.41379310344828
4137,3427,3489,141.643059490085
4138,3428,4088,165.56291390728478
4139,3429,4087,165.56291390728478
4140,3431,3432,91.09599414130977
4141,3431,3660,241.25452352231605
4142,3431,4249,136.6120218579235
4143,3431,4408,95.32888465204957
4144,3431,4466,270.27027027027026
4145,3431,5097,136.986301369863
4146,3432,4037,28.5143997718848
4147,3432,4270,53.07855626326964
4148,3432,4363,51.84033177812338
4149,3432,4455,51.78663904712584
4150,3432,4640,14.499057561258518
4151,3432,4850,62.77463904582549
4152,3432,4934,72.20216606498195
4153,3436,4027,16.142050040355127
4154,3436,4219,23.82654276864427
4155,3437,4201,175.7469244288225
4156,3438,3443,24.993751562109477
4157,3438,3743,2000.0
4158,3439,3441,24.993751562109477
4159,3440,3442,19.996000799840036
4160,3441,3743,2000.0
4161,3442,3743,2000.0
4162,3444,3445,13.64815067558346
4163,3444,4343,17.84439685938615
4164,3445,4235,2.606202762574928
4165,3445,4583,15.62011871290222
4166,3445,4784,2.513004799839168
4167,3445,5045,24.15458937198068
4168,3446,3488,6.601531555320834
4169,3446,3634,4.423995752964077
4170,3447,3618,1818.1818181818185
4171,3448,3932,104.60251046025104
4172,3448,3933,104.60251046025104
4173,3448,4129,160.0
4174,3448,4130,150.6024096385542
4175,3448,4273,201.6129032258065
4176,3448,4274,201.6129032258065
4177,3449,3450,11.555350127108852
4178,3449,4142,5.733616191732126
4179,3451,4847,261.78010471204186
4180,3451,4980,34.65003465003465
4181,3452,3726,8.670770831526923
4182,3453,3785,138.50415512465375
4183,3453,4271,28.48191398461977
4184,3454,3457,9.317927692881105
4185,3455,3457,-452.4886877828054
4186,3455,4199,118.48341232227487
4187,3455,4200,118.48341232227487
4188,3456,3457,46.36068613815485
4189,3456,4890,64.02048655569783
4190,3458,4000,107.2961373390558
4191,3459,4682,163.3986928104575
4192,3460,4405,43.7636761487965
4193,3461,3831,145.5604075691412
4194,3461,3844,346.02076124567475
4195,3462,3843,346.02076124567475
4196,3463,3599,25.926886180969664
4197,3463,4843,62.53908692933083
4198,3464,4657,70.87172218284904
4199,3464,4859,39.33910306845004
4200,3465,3597,8.233841086867024
4201,3466,4494,219.2982456140351
4202,3466,4543,96.89922480620154
4203,3467,4475,169.4915254237288
4204,3467,4562,97.27626459143968
4205,3468,3825,403.2258064516129
4206,3468,4903,201.6129032258065
4207,3469,3826,403.2258064516129
4208,3469,4009,353.356890459364
4209,3470,3871,126.58227848101266
4210,3470,4813,123.76237623762376
4211,3471,4025,61.881188118811885
4212,3471,4812,123.76237623762376
4213,3472,4216,192.67822736030828
4214,3472,4721,109.40919037199124
4215,3473,3739,2000.0
4216,3473,4571,105.3740779768177
4217,3474,3740,2000.0
4218,3474,3991,107.52688172043013
4219,3477,4033,198.80715705765408
4220,3478,3910,8.539709649871904
4221,3479,5102,41.82350480970305
4222,3480,4269,333.3333333333333
4223,3480,4679,232.0185614849188
4224,3480,4683,2000.0
4225,3481,3648,395.2569169960474
4226,3482,3853,183.8235294117647
4227,3483,4911,243.30900243309003
4228,3484,4058,546.448087431694
4229,3484,4059,546.448087431694
4230,3484,4177,99.55201592832255
4231,3484,5003,160.0
4232,3485,4865,91.49130832570906
4233,3486,4721,156.98587127158555
4234,3487,4483,71.68458781362007
4235,3487,4783,61.804697156983934
4236,3489,3835,118.90606420927467
4237,3489,4312,61.01281269066504
4238,3490,3513,729.92700729927
4239,3490,4012,847.457627118644
4240,3490,4573,595.2380952380952
4241,3491,3514,729.92700729927
4242,3491,4051,38.729666924864446
4243,3491,4575,595.2380952380952
4244,3492,4642,151.9756838905775
4245,3493,4531,934.5794392523364
4246,3494,4610,318.47133757961785
4247,3495,3592,10.647359454855197
4248,3495,4447,4.2673039173849965
4249,3495,4497,18.85014137606032
4250,3496,4499,79.42811755361397
4251,3496,8885,32.1853878339234
4252,3498,4903,380.22813688212926
4253,3499,4724,221.2389380530973
4254,3500,3872,68.4931506849315
4255,3501,4848,113.2502831257078
4256,3502,3504,9.77230528681716
4257,3502,3505,9.77230528681716
4258,3502,3506,9.810654370646525
4259,3502,3507,9.650646593321753
4260,3502,3511,19.451468585878235
4261,3502,4975,659.9260708849749
4262,3512,3621,81.69934640522875
4263,3512,3891,31.58559696778269
4264,3512,9057,13.12852829197847
4265,3513,3572,649.3506493506494
4266,3514,3573,649.3506493506494
4267,3515,4216,649.3506493506494
4268,3515,4760,877.1929824561404
4269,3516,3763,1639.344262295082
4270,3516,4129,649.3506493506494
4271,3517,3902,39.032006245121
4272,3518,3608,113.63636363636364
4273,3518,4666,126.42225031605562
4274,3519,3521,46.23208506703652
4275,3519,3605,185.1851851851852
4276,3519,4050,173.61111111111111
4277,3519,5087,145.98540145985402
4278,3520,3521,-462.962962962963
4279,3520,3865,39.6039603960396
4280,3520,3867,39.61965134706814
4281,3520,4029,43.93673110720562
4282,3520,4214,247.52475247524757
4283,3520,4215,247.52475247524757
4284,3520,4218,75.47169811320755
4285,3520,4339,82.16926869350863
4286,3521,3522,8.935751943526048
4287,3524,3818,840.3361344537815
4288,3524,5119,2000.0
4289,3525,3819,230.4147465437788
4290,3525,4529,207.0393374741201
4291,3525,5120,2000.0
4292,3531,4491,144.3001443001443
4293,3531,4541,51.975051975051976
4294,3532,4089,2.7132624267419145
4295,3532,4234,58.71990604815032
4296,3532,4784,4.095674967234601
4297,3535,4146,106.15711252653928
4298,3535,4516,41.98152812762385
4299,3535,5003,16.88048615800135
4300,3536,3537,2000.0
4301,3537,4676,6.629980773055758
4302,3538,3539,10.620220900594733
4303,3538,6123,8.682062858135092
4304,3539,3880,63.57279084551812
4305,3539,4243,5.590339892665474
4306,3541,4256,131.75230566534916
4307,3541,4524,38.25554705432288
4308,3542,4376,111.48272017837236
4309,3542,4743,1162.7906976744189
4310,3543,3544,89.92805755395683
4311,3543,3545,2000.0
4312,3543,3546,2000.0
4313,3543,3551,87.87346221441125
4314,3543,5024,58.13953488372093
4315,3543,5245,61.22772985422121
4316,3543,5298,183.3180568285976
4317,3543,5427,204.91803278688525
4318,3543,5428,204.91803278688525
4319,3544,3547,17.5377060680463
4320,3544,3548,33.200531208499335
4321,3545,3549,106.72358591248666
4322,3546,3550,105.59662090813094
4323,3548,3551,32.48862897985705
4324,3551,3552,17.806267806267805
4325,3553,3827,2000.0
4326,3554,3979,99.601593625498
4327,3554,5040,884.9557522123894
4328,3555,4350,42.158516020236085
4329,3555,5005,84.03361344537815
4330,3556,3571,1063.8297872340424
4331,3557,3692,147.49262536873155
4332,3558,4110,157.23270440251574
4333,3558,4802,518.1347150259068
4334,3559,4131,37.65060240963855
4335,3559,4740,2000.0
4336,3559,5016,2000.0
4337,3560,3732,151.05740181268882
4338,3560,4092,2000.0
4339,3561,3563,24.940765681506424
4340,3561,3565,65.359477124183
4341,3561,3567,65.359477124183
4342,3561,3640,1000.0
4343,3561,3943,61.19951040391677
4344,3561,4079,15.559358954411078
4345,3561,4343,526.3157894736842
4346,3561,4469,28.49002849002849
4347,3562,3565,77.51937984496124
4348,3562,3567,77.51937984496124
4349,3562,4345,2000.0
4350,3563,3667,5.877858108505261
4351,3564,3567,5.13083632632119
4352,3565,3566,5.13083632632119
4353,3568,3962,1428.571428571429
4354,3568,3994,126.42225031605562
4355,3569,3659,188.32391713747649
4356,3569,4909,134.40860215053763
4357,3570,4146,68.96551724137932
4358,3574,3898,113.63636363636364
4359,3574,4236,38.92565200467108
4360,3576,4515,19.688915140775745
4361,3576,4758,5.380972879896685
4362,3579,4545,71.73601147776183
4363,3579,4941,24.993751562109477
4364,3580,4545,71.73601147776183
4365,3582,3858,35.99712023038157
4366,3583,3584,3.988990386533168
4367,3583,4686,77.76049766718506
4368,3584,4804,64.59948320413437
4369,3585,4745,84.53085376162299
4370,3587,4745,84.60236886632826
4371,3588,4141,153.37423312883436
4372,3589,4778,153.84615384615384
4373,3592,4198,9.69274013763691
4374,3592,4678,6.364967220418815
4375,3593,3714,99.9000999000999
4376,3593,3758,57.2737686139748
4377,3594,4543,189.75332068311195
4378,3595,4142,24.307243558580456
4379,3595,4538,27.22570106180234
4380,3596,3597,4.911591355599214
4381,3596,4559,25.980774227071965
4382,3596,4764,16.863406408094434
4383,3598,3632,343.6426116838488
4384,3598,4726,174.21602787456445
4385,3600,4131,87.87346221441125
4386,3600,4709,2000.0
4387,3601,4309,43.4593654932638
4388,3601,4483,25.374270489723425
4389,3604,4759,934.5794392523364
4390,3606,3609,383.1417624521073
4391,3606,4522,115.60693641618496
4392,3606,5061,104.9317943336831
4393,3607,3608,383.1417624521073
4394,3608,4672,121.50668286755771
4395,3610,4485,50.65856129685917
4396,3611,3772,103.41261633919338
4397,3612,4339,77.1604938271605
4398,3613,3878,529.1005291005291
4399,3613,3999,76.27765064836004
4400,3613,4330,847.457627118644
4401,3614,4441,1111.111111111111
4402,3615,3895,148.14814814814815
4403,3615,4910,546.448087431694
4404,3616,4062,411.522633744856
4405,3617,4063,370.3703703703704
4406,3618,3962,2000.0
4407,3619,4311,19.849146486701077
4408,3619,4615,2000.0
4409,3620,3961,269.54177897574124
4410,3620,4771,63.89776357827476
4411,3623,3946,106.15711252653928
4412,3623,5570,17.917935853789643
4413,3627,4041,87.18395815170008
4414,3627,4673,28.17695125387433
4415,3628,4438,8.365400702693659
4416,3628,4732,12.656625743576765
4417,3629,3803,25.5885363357216
4418,3629,8993,17.117425539198905
4419,3630,3726,17.280110592707793
4420,3630,4310,11.494252873563218
4421,3632,4590,140.0560224089636
4422,3632,4737,217.3913043478261
4423,3633,4932,7.691716021844473
4424,3635,3829,282.4858757062147
4425,3635,4688,13.539128080151638
4426,3638,5079,213.67521367521368
4427,3640,3641,9.45179584120983
4428,3640,4343,353.356890459364
4429,3641,3907,7.586677793794098
4430,3641,5045,6.269199423233653
4431,3642,4993,2000.0
4432,3643,3819,230.4147465437788
4433,3644,3725,222.22222222222223
4434,3644,3818,230.4147465437788
4435,3645,5119,138.50415512465375
4436,3646,5119,112.6126126126126
4437,3647,3823,869.5652173913044
4438,3647,4960,110.86474501108648
4439,3648,4487,47.66444232602478
4440,3650,4173,150.6024096385542
4441,3650,4654,649.3506493506494
4442,3651,4011,2000.0
4443,3651,4845,2000.0
4444,3652,4013,2000.0
4445,3652,4846,2000.0
4446,3654,4165,302.11480362537765
4447,3655,3723,77.22007722007721
4448,3655,4399,96.43201542912249
4449,3657,4243,9.736150326161036
4450,3658,3723,74.96251874062969
4451,3658,4658,57.93742757821553
4452,3659,3662,-480.7692307692308
4453,3659,4406,66.09385327164574
4454,3659,4780,52.43838489774515
4455,3660,3662,46.57661853749418
4456,3660,3682,2000.0
4457,3660,3685,2000.0
4458,3660,3764,264.55026455026456
4459,3660,3857,137.93103448275863
4460,3660,4352,139.08205841446454
4461,3661,3662,9.01144453455889
4462,3664,4700,14.501160092807424
4463,3665,4456,95.23809523809524
4464,3666,3791,50.22601707684581
4465,3666,4557,53.05039787798408
4466,3667,4209,4.05104314360948
4467,3668,4886,16.466326362588507
4468,3668,4946,185.5287569573284
4469,3669,4479,288.1844380403458
4470,3670,4480,288.1844380403458
4471,3671,3944,98.71668311944718
4472,3671,4128,215.05376344086025
4473,3673,3699,1265.822784810127
4474,3673,4652,1098.901098901099
4475,3674,3700,1265.822784810127
4476,3674,4653,1098.901098901099
4477,3675,4265,4.5004500450045
4478,3676,4034,396.8253968253968
4479,3676,4364,45.45454545454545
4480,3678,3909,6.520179956966812
4481,3679,4354,840.3361344537815
4482,3680,4353,840.3361344537815
4483,3680,4458,39.98400639744102
4484,3682,3683,12.169891687963975
4485,3682,3684,27.87844995818233
4486,3682,3687,12.1921482565228
4487,3682,3688,12.169891687963975
4488,3685,3686,12.135922330097088
4489,3685,3689,27.808676307007783
4490,3685,3690,12.19958521410272
4491,3685,3691,12.112403100775191
4492,3692,4427,129.19896640826877
4493,3692,4500,296.7359050445104
4494,3694,3695,14.678617942235501
4495,3694,4433,14.992503748125936
4496,3695,3781,4.705882352941177
4497,3695,9093,11.971746677840295
4498,3696,4561,53.56186395286556
4499,3697,4680,222.22222222222223
4500,3698,4892,49.97501249375313
4501,3700,4025,59.34718100890208
4502,3701,3729,104.9317943336831
4503,3701,4648,1515.1515151515152
4504,3702,4649,1515.1515151515152
4505,3703,4107,411.522633744856
4506,3704,4108,411.522633744856
4507,3705,3793,64.18485237483954
4508,3705,3966,22.88329519450801
4509,3706,3707,-467.2897196261682
4510,3706,3708,46.21072088724584
4511,3706,3709,8.97102359379205
4512,3707,3905,132.1003963011889
4513,3707,4797,373.13432835820896
4514,3707,4798,375.9398496240602
4515,3707,4866,146.41288433382138
4516,3708,4409,344.82758620689657
4517,3708,4476,190.11406844106463
4518,3710,4091,129.19896640826877
4519,3711,4090,129.87012987012986
4520,3712,4086,518.1347150259068
4521,3714,4964,35.486160397445
4522,3715,5096,37.32736095558044
4523,3716,3790,139.4700139470014
4524,3717,3789,139.4700139470014
4525,3718,4613,65.83278472679395
4526,3718,4734,89.20606601248885
4527,3720,4390,136.05442176870747
4528,3721,4866,88.73114463176574
4529,3722,3832,226.2443438914027
4530,3727,4057,103.30578512396694
4531,3728,5112,26.35740643120717
4532,3729,4164,248.1389578163772
4533,3730,4539,30.59039461609055
4534,3730,4981,83.75209380234506
4535,3731,3795,267.23553143632404
4536,3732,3814,21.477663230240548
4537,3733,4084,282.4858757062147
4538,3733,4737,108.57763300760044
4539,3734,3918,38.47633705271258
4540,3734,4762,961.5384615384615
4541,3735,3736,33.32222592469177
4542,3735,3737,33.32222592469177
4543,3741,4763,120.62726176115802
4544,3742,4494,243.30900243309003
4545,3743,4085,4000.0
4546,3745,3748,74.12898443291327
4547,3746,3748,66.3129973474801
4548,3746,4031,60.56935190793458
4549,3746,5021,14.596409283316303
4550,3747,3748,5.213492518638236
4551,3749,4480,242.7184466019417
4552,3749,4763,140.0560224089636
4553,3750,4479,242.7184466019417
4554,3752,4613,84.88964346349745
4555,3753,4017,68.68131868131869
4556,3756,4433,33.433634236041456
4557,3756,9012,30.11141222523336
4558,3757,4333,60.75334143377886
4559,3757,4537,26.212319790301443
4560,3758,4536,500.0
4561,3759,4150,9.619084263178143
4562,3760,4411,128.7001287001287
4563,3760,4865,81.76614881439085
4564,3761,3904,81.43322475570032
4565,3761,4411,127.2264631043257
4566,3762,4109,826.4462809917355
4567,3762,4590,97.18172983479106
4568,3763,4712,156.49452269170578
4569,3764,3767,46.04051565377532
4570,3764,3857,221.7294900221729
4571,3765,3767,-438.5964912280702
4572,3765,4038,1408.4507042253522
4573,3765,4039,1587.3015873015872
4574,3765,4374,41.63197335553705
4575,3766,3767,9.031791907514451
4576,3768,3770,12.363996043521269
4577,3768,4534,27.359781121751027
4578,3768,4634,17.1909919202338
4579,3769,4771,66.53359946773121
4580,3771,4276,4.585262964831033
4581,3772,4029,160.25641025641025
4582,3773,3918,133.33333333333334
4583,3774,4379,41.98152812762385
4584,3775,3830,130.54830287206266
4585,3776,3777,10.882576994232236
4586,3776,3778,21.1595429538722
4587,3777,4113,512.8205128205128
4588,3778,4753,15.453562046051616
4589,3779,4745,138.12154696132598
4590,3780,4377,236.4066193853428
4591,3783,4176,59.31198102016607
4592,3783,4663,132.6259946949602
4593,3783,4952,689.6551724137931
4594,3784,3941,75.24454477050413
4595,3786,4455,2000.0
4596,3789,4118,45.31037607612143
4597,3790,4119,44.24778761061947
4598,3791,4640,87.41258741258741
4599,3792,4067,5.169027189083015
4600,3794,3798,-478.4688995215311
4601,3794,3799,-1020.408163265306
4602,3794,4264,64.93506493506493
4603,3795,3798,46.49000464900047
4604,3795,3799,48.56726566294318
4605,3795,4995,28.538812785388128
4606,3795,5044,32.552083333333336
4607,3796,3799,7.702380035430949
4608,3797,3798,8.92299455697332
4609,3800,4112,137.5515818431912
4610,3801,4278,108.57763300760044
4611,3802,4907,534.75935828877
4612,3803,4612,34.746351633078525
4613,3805,3915,3.03656018462286
4614,3805,4074,51.4668039114771
4615,3806,3808,-46.728971962616825
4616,3807,3808,9.4921689606075
4617,3807,4040,26.51113467656416
4618,3807,4705,60.86427267194157
4619,3807,4859,51.440329218107
4620,3808,3809,2.566339886054509
4621,3810,4418,60.56935190793458
4622,3811,4057,47.05882352941177
4623,3811,4114,147.49262536873155
4624,3811,4745,67.38544474393531
4625,3812,4145,2000.0
4626,3813,3989,31.055900621118013
4627,3813,4717,8.547008547008547
4628,3814,8839,30.48780487804878
4629,3814,8988,66.711140760507
4630,3817,4843,56.85048322910745
4631,3817,4844,38.095238095238095
4632,3818,4680,291.5451895043732
4633,3819,4681,291.5451895043732
4634,3822,4248,38.80481179666278
4635,3822,4768,2000.0
4636,3822,5036,4000.0
4637,3823,5103,680.2721088435375
4638,3824,5008,166.11295681063123
4639,3824,5066,45.91368227731864
4640,3827,4473,26.666666666666668
4641,3827,4554,172.71157167530225
4642,3828,4425,45.662100456621005
4643,3830,4380,61.34969325153374
4644,3832,4876,201.6129032258065
4645,3834,4933,25.980774227071965
4646,3834,4993,18.040772145047807
4647,3835,4110,74.8502994011976
4648,3836,3984,531.9148936170212
4649,3837,4626,66.75567423230974
4650,3838,4255,136.4256480218281
4651,3838,4724,176.05633802816902
4652,3839,4932,104.4932079414838
4653,3841,3958,347.22222222222223
4654,3841,4306,137.93103448275863
4655,3841,4684,769.2307692307693
4656,3845,4194,69.25207756232687
4657,3846,4193,69.25207756232687
4658,3847,4399,36.350418029807344
4659,3847,5079,182.81535648994517
4660,3848,4044,324.6753246753247
4661,3849,3911,2000.0
4662,3850,4819,2000.0
4663,3850,4836,22.22222222222222
4664,3851,4343,18.96453631708705
4665,3851,4658,46.40371229698376
4666,3852,4143,39.37007874015748
4667,3852,4640,70.0280112044818
4668,3853,4443,46.04051565377532
4669,3854,4237,72.20216606498195
4670,3855,4368,448.4304932735426
4671,3855,4607,602.4096385542168
4672,3856,4369,448.4304932735426
4673,3856,4684,74.23904974016332
4674,3857,4156,362.31884057971007
4675,3857,5201,51.65289256198347
4676,3857,5202,51.20327700972862
4677,3857,5267,25.64102564102564
4678,3857,5481,27.15915263443781
4679,3858,3859,5.230946278181723
4680,3859,4073,6.959910913140312
4681,3860,3966,432.9004329004329
4682,3860,4231,2000.0
4683,3860,4854,50.94243504839531
4684,3861,4483,2000.0
4685,3862,4928,2000.0
4686,3863,4132,314.4654088050315
4687,3864,4785,314.4654088050315
4688,3865,3866,6.079027355623101
4689,3865,4967,2000.0
4690,3867,3976,507.6142131979696
4691,3868,4644,120.48192771084338
4692,3868,4993,27.15915263443781
4693,3869,4025,109.40919037199124
4694,3869,4746,116.95906432748538
4695,3870,4050,182.4817518248175
4696,3870,4747,1123.5955056179776
4697,3871,4025,126.58227848101266
4698,3872,4502,526.3157894736842
4699,3874,4808,381.6793893129771
4700,3875,4809,381.6793893129771
4701,3876,4411,123.00123001230013
4702,3877,4331,325.7328990228013
4703,3877,4731,180.18018018018017
4704,3878,4628,151.9756838905775
4705,3879,4341,126.42225031605562
4706,3879,4488,239.8081534772182
4707,3879,4588,138.88888888888889
4708,3881,3882,178.57142857142858
4709,3881,3885,9.68054211035818
4710,3881,3887,3.248862897985705
4711,3882,4650,52.38344683080147
4712,3883,3884,-109.89010989010988
4713,3883,3885,9.017132551848512
4714,3883,3886,3.0609121518212428
4715,3884,3985,588.2352941176471
4716,3885,3981,45.53734061930784
4717,3885,4152,85.32423208191126
4718,3889,4373,192.30769230769232
4719,3890,9002,101.9367991845056
4720,3891,4313,43.63001745200698
4721,3891,4811,555.5555555555555
4722,3892,4263,92.08103130755065
4723,3892,4405,161.55088852988692
4724,3893,4443,17.37921445950643
4725,3893,4527,13.05653479566523
4726,3894,4939,99.10802775024776
4727,3895,4077,58.47953216374269
4728,3896,4398,56.14823133071308
4729,3896,4660,7.047216349541931
4730,3897,4247,29.197080291970803
4731,3897,4271,50.55611729019211
4732,3898,3998,140.8450704225352
4733,3899,3954,8.278145695364238
4734,3899,4242,19.249278152069294
4735,3901,4487,144.3001443001443
4736,3902,4777,54.49591280653951
4737,3903,3951,66.75567423230974
4738,3906,4233,58.8235294117647
4739,3906,4794,44.563279857397504
4740,3908,4207,478.4688995215311
4741,3908,4227,156.25
4742,3910,4045,31.25
4743,3910,4871,16.68613382279326
4744,3911,4581,95.32888465204957
4745,3912,4681,980.3921568627452
4746,3913,4680,980.3921568627452
4747,3914,4756,144.0922190201729
4748,3916,3921,1.5094339622641508
4749,3918,3919,45.59963520291838
4750,3918,3921,14.285714285714286
4751,3918,3949,73.31378299120234
4752,3918,4233,101.6260162601626
4753,3918,4266,131.75230566534916
4754,3918,4519,43.55400696864111
4755,3918,4734,478.4688995215311
4756,3920,3921,100.30090270812435
4757,3920,4021,11.974613818704348
4758,3927,4051,141.24293785310735
4759,3928,4051,141.24293785310735
4760,3929,3930,55.814644603930184
4761,3929,3937,88.05419239313136
4762,3929,4041,32.25806451612903
4763,3929,4698,51.15089514066496
4764,3929,4722,38.55050115651503
4765,3930,4542,2000.0
4766,3932,3955,84.31703204047217
4767,3933,3956,87.64241893076249
4768,3934,4610,374.5318352059925
4769,3935,4611,122.85012285012284
4770,3936,4487,71.42857142857143
4771,3937,3938,14.41545336600836
4772,3937,3939,8.781173164734808
4773,3940,4127,22.119000221190003
4774,3940,4426,11.71234481143125
4775,3942,4031,156.73981191222572
4776,3942,4638,53.93743257820928
4777,3944,4590,103.41261633919338
4778,3945,4588,103.95010395010397
4779,3946,4004,20.74688796680498
4780,3946,4505,129.70168612191958
4781,3946,4984,36.85956505713233
4782,3946,5038,12.948336138806164
4783,3947,4545,104.82180293501048
4784,3948,4632,98.13542688910697
4785,3949,4380,131.92612137203167
4786,3949,4795,117.9245283018868
4787,3951,4750,61.05006105006105
4788,3952,4119,2000.0
4789,3953,4118,2000.0
4790,3958,4051,156.73981191222572
4791,3959,4603,2000.0
4792,3959,4785,151.9756838905775
4793,3960,4229,485.4368932038834
4794,3963,4292,328.94736842105266
4795,3964,4307,189.3939393939394
4796,3965,5217,11.163206072784105
4797,3966,3969,45.47521600727603
4798,3966,3970,-478.4688995215311
4799,3966,4471,66.8002672010688
4800,3966,4778,35.27336860670194
4801,3966,4854,45.5788514129444
4802,3967,3969,23.51834430856068
4803,3968,3969,826.4462809917355
4804,3968,3970,46.57661853749418
4805,3968,4323,91.49130832570906
4806,3968,4853,429.1845493562232
4807,3970,3971,8.92379082634303
4808,3972,4517,167.13401441914885
4809,3972,4659,37.778617302606726
4810,3973,4002,152.67175572519085
4811,3973,4755,106.26992561105207
4812,3977,3978,7.121999857560003
4813,3977,4340,19.849146486701077
4814,3978,4671,3.198669353548924
4815,3978,4841,4.543389368468878
4816,3980,3983,-75.75757575757575
4817,3980,4289,64.47453255963894
4818,3980,4465,56.91519635742743
4819,3980,4713,31.017369727047143
4820,3981,3983,9.718172983479104
4821,3981,4947,63.29113924050633
4822,3981,5092,16.70843776106934
4823,3982,3983,4.101722723543888
4824,3984,4162,502.5125628140704
4825,3984,4627,76.33587786259542
4826,3985,3986,3.538069629210303
4827,3985,3987,2.2399928320229376
4828,3985,3988,4.888541259288228
4829,3985,4650,53.61930294906166
4830,3985,4713,11.899095668729176
4831,3990,4270,62.893081761006286
4832,3993,4590,56.14823133071308
4833,3994,4746,40.290088638195
4834,3995,4169,138.12154696132598
4835,3995,4353,89.44543828264759
4836,3996,4168,138.12154696132598
4837,3996,4354,89.44543828264759
4838,3999,4111,689.6551724137931
4839,4003,4143,2000.0
4840,4005,4008,2000.0
4841,4005,4525,122.85012285012284
4842,4005,4738,60.09615384615385
4843,4006,4007,2000.0
4844,4006,4017,226.75736961451247
4845,4006,4739,60.09615384615385
4846,4009,4902,386.1003861003861
4847,4010,4629,16.869095816464238
4848,4010,4733,21.03491796381994
4849,4010,5099,13.176966662274344
4850,4014,4072,11.559357299734137
4851,4014,4073,30.826140567200987
4852,4014,4272,26.961445133459154
4853,4015,4739,153.60983102918587
4854,4016,4436,129.87012987012986
4855,4016,4738,153.60983102918587
4856,4020,4634,123.76237623762376
4857,4024,4688,13.157894736842104
4858,4024,8895,6.531252041016263
4859,4025,4475,113.8635426633373
4860,4026,4475,70.4225352112676
4861,4027,4848,173.61111111111111
4862,4027,5873,103.62694300518136
4863,4028,4351,11.328877308258752
4864,4029,4084,227.79043280182236
4865,4030,4312,151.9756838905775
4866,4030,4411,47.84688995215311
4867,4031,4430,307.6923076923077
4868,4033,4499,37.53753753753754
4869,4034,4126,31.055900621118013
4870,4034,4247,42.46284501061571
4871,4036,4113,5.161823155938677
4872,4037,4290,195.69471624266143
4873,4037,4396,2000.0
4874,4038,4427,122.85012285012284
4875,4040,4443,96.24639076034649
4876,4042,4363,68.87052341597796
4877,4042,4909,65.7030223390276
4878,4043,4490,39.29273084479372
4879,4043,4645,76.5696784073507
4880,4044,4045,5.824111822947001
4881,4044,4793,45.55808656036447
4882,4046,4087,200.4008016032064
4883,4046,4529,166.9449081803005
4884,4047,4088,200.4008016032064
4885,4047,5119,70.77140835102618
4886,4049,4050,46.53327128897161
4887,4049,4051,-458.7155963302752
4888,4049,4055,8.960573476702509
4889,4050,4054,46.40371229698376
4890,4050,4591,202.020202020202
4891,4051,4522,133.33333333333334
4892,4051,4603,165.28925619834712
4893,4052,4054,-450.4504504504504
4894,4053,4054,9.000090000900009
4895,4056,4193,194.55252918287937
4896,4056,4232,284.9002849002849
4897,4057,4163,49.9001996007984
4898,4064,4676,35.99712023038157
4899,4064,4723,13.657470636438132
4900,4065,4500,952.3809523809524
4901,4065,4780,473.9336492890996
4902,4065,4792,109.64912280701756
4903,4067,4068,11.538017768547364
4904,4069,4216,2000.0
4905,4070,4964,2000.0
4906,4071,4216,2000.0
4907,4071,4523,74.1839762611276
4908,4072,4082,6.345982992765579
4909,4075,4141,127.8772378516624
4910,4076,4778,127.8772378516624
4911,4077,4798,328.94736842105266
4912,4078,4669,52.54860746190226
4913,4078,4797,248.75621890547265
4914,4079,4080,9.071940488070398
4915,4079,4783,17.6056338028169
4916,4080,4081,2.1292451825827743
4917,4080,4082,-82.78145695364239
4918,4082,4742,11.431184270690444
4919,4085,4323,195.3125
4920,4085,4801,529.1005291005291
4921,4085,4853,108.04970286331712
4922,4085,5004,24.27773731488225
4923,4085,5037,33.67003367003367
4924,4088,4245,80.84074373484236
4925,4092,4373,43.63001745200698
4926,4094,4095,46.55493482309125
4927,4094,4099,45.97701149425287
4928,4094,4476,103.51966873706004
4929,4095,4096,-471.6981132075472
4930,4095,4097,9.306654257794325
4931,4096,4098,95.23809523809524
4932,4098,4365,2000.0
4933,4099,4100,8.981498113885396
4934,4099,4101,-444.44444444444446
4935,4101,4102,95.23809523809524
4936,4102,4365,2000.0
4937,4103,4307,2000.0
4938,4105,4627,235.2941176470588
4939,4106,4626,235.2941176470588
4940,4109,4130,793.6507936507936
4941,4110,4544,145.5604075691412
4942,4110,4803,104.38413361169104
4943,4117,4124,44.54342984409799
4944,4117,4125,46.27487274409995
4945,4117,4323,224.4668911335578
4946,4117,4974,81.9672131147541
4947,4118,4121,95.23809523809524
4948,4119,4120,95.23809523809524
4949,4120,4124,-2000.0
4950,4121,4125,-460.8294930875576
4951,4122,4124,7.99744081893794
4952,4123,4125,9.042408897730356
4953,4126,4127,8.450942280064227
4954,4126,4892,1587.3015873015872
4955,4127,4966,8.91503967192654
4956,4128,4337,869.5652173913044
4957,4131,4293,2000.0
4958,4132,4684,418.41004184100416
4959,4133,4135,18.37897445322551
4960,4133,4614,2000.0
4961,4134,4138,19.043991620643688
4962,4136,4138,14.718869590815425
4963,4137,4138,-80.51529790660226
4964,4137,4614,2000.0
4965,4139,4786,89.28571428571429
4966,4142,4242,2.630402188494621
4967,4143,4911,149.7005988023952
4968,4144,4247,39.09304143862393
4969,4144,4492,71.63323782234957
4970,4146,4327,101.010101010101
4971,4147,4431,58.445353594389246
4972,4147,4501,59.171597633136095
4973,4148,4567,20.79002079002079
4974,4149,4150,7.704160246533128
4975,4149,4151,7.336757153338224
4976,4150,4677,8.410428931875526
4977,4152,4908,61.72839506172839
4978,4153,4154,-444.44444444444446
4979,4154,4155,8.979885057471265
4980,4154,4156,45.97701149425287
4981,4156,4574,120.04801920768308
4982,4156,4985,86.80555555555556
4983,4156,4989,54.20054200542005
4984,4156,5087,1108.0417434008596
4985,4160,4313,162.07455429497568
4986,4160,4562,52.11047420531527
4987,4165,4175,50.0751126690035
4988,4166,4854,273.224043715847
4989,4166,5062,99.10802775024776
4990,4167,4854,273.224043715847
4991,4168,4745,83.75209380234506
4992,4169,4745,83.75209380234506
4993,4170,4654,173.3102253032929
4994,4174,4784,7.752538956508256
4995,4176,4178,46.04051565377532
4996,4177,4178,-438.5964912280702
4997,4177,5053,14.94098311668908
4998,4178,4179,9.013881377321075
4999,4180,4191,10.703200256876809
5000,4180,4220,278.55153203342616
5001,4180,4381,1000.0
5002,4180,4591,84.60236886632826
5003,4180,5034,117.9245283018868
5004,4181,4182,46.51162790697674
5005,4181,4188,11.827321111768184
5006,4181,4221,277.77777777777777
5007,4181,4382,1000.0
5008,4181,4542,86.05851979345955
5009,4181,4591,84.60236886632826
5010,4181,4770,122.54901960784314
5011,4182,4183,8.959770629871874
5012,4182,4187,-485.4368932038834
5013,4184,4191,-75.58578987150416
5014,4185,4188,-113.76564277588167
5015,4186,4893,44.72271914132379
5016,4186,4960,943.3962264150944
5017,4187,4960,751.8796992481203
5018,4188,4189,5.889628364450203
5019,4190,4191,8.31739166597355
5020,4194,4232,119.47431302270012
5021,4195,4228,167.78523489932886
5022,4195,4278,181.8181818181818
5023,4196,4279,181.8181818181818
5024,4197,4645,118.48341232227487
5025,4201,4275,50.53057099545225
5026,4201,4524,52.52100840336134
5027,4201,4777,46.55493482309125
5028,4202,4510,2000.0
5029,4203,4296,84.53085376162299
5030,4206,4232,1428.571428571429
5031,4206,4287,636.9426751592357
5032,4207,4232,2000.0
5033,4209,4328,4.00416433090414
5034,4210,4211,6.666222251849876
5035,4210,4212,6.666222251849876
5036,4210,4442,333.3333333333333
5037,4213,4645,104.16666666666669
5038,4214,4642,192.30769230769232
5039,4216,4964,2000.0
5040,4216,4965,2000.0
5041,4217,9007,1.8868992584485915
5042,4218,4494,144.3001443001443
5043,4219,4264,27.277686852154936
5044,4222,4288,2.18751367196045
5045,4224,4266,151.74506828528072
5046,4225,4267,151.74506828528072
5047,4228,4967,95.51098376313276
5048,4241,4984,14.806040864672786
5049,4244,4273,173.91304347826087
5050,4245,4274,177.3049645390071
5051,4246,4475,70.17543859649123
5052,4247,4423,36.11412062116288
5053,4247,4750,261.78010471204186
5054,4248,4251,-370.3703703703704
5055,4248,4252,-112.35955056179776
5056,4248,4314,144.50867052023122
5057,4248,4554,64.06149903907752
5058,4248,4876,35.29827038475115
5059,4249,4251,30.67484662576687
5060,4249,4252,25.44529262086514
5061,4250,4251,10.893246187363834
5062,4252,4253,5.813953488372093
5063,4255,4301,125.6281407035176
5064,4256,4300,125.6281407035176
5065,4258,4456,1282.051282051282
5066,4258,4586,1123.5955056179776
5067,4259,4587,1123.5955056179776
5068,4260,4555,288.1844380403458
5069,4262,4683,95.51098376313276
5070,4263,4295,2000.0
5071,4266,4556,123.15270935960592
5072,4267,4308,131.75230566534916
5073,4267,4734,191.20458891013385
5074,4269,4744,384.61538461538464
5075,4271,4533,223.2142857142857
5076,4271,4561,59.80861244019139
5077,4272,4464,7.851758793969849
5078,4276,4720,16.71402306535183
5079,4276,4796,59.27682276229994
5080,4277,4281,55.49389567147614
5081,4277,4283,47.84688995215311
5082,4277,4467,714.2857142857143
5083,4277,4468,719.4244604316547
5084,4278,4283,-613.4969325153374
5085,4278,4518,104.0582726326743
5086,4279,4281,398.4063745019921
5087,4279,4519,103.95010395010397
5088,4279,4907,153.60983102918587
5089,4280,4281,8.553588230262596
5090,4282,4283,9.39584703561026
5091,4286,4504,97.84735812133071
5092,4289,4650,21.39952921035737
5093,4290,4454,2000.0
5094,4291,4479,312.5
5095,4292,4480,312.5
5096,4294,4296,48.54368932038835
5097,4294,4476,283.28611898017
5098,4294,4546,118.48341232227487
5099,4295,4297,48.54368932038835
5100,4296,4313,172.71157167530225
5101,4296,4520,500.0
5102,4297,4476,231.4814814814815
5103,4297,4827,57.8368999421631
5104,4302,4928,160.25641025641025
5105,4305,4603,170.06802721088437
5106,4308,4771,110.98779134295228
5107,4310,4638,27.90957298353335
5108,4314,4683,64.55777921239509
5109,4315,4333,56.46527385657821
5110,4315,4600,68.72852233676976
5111,4315,4904,114.94252873563218
5112,4316,4444,8.210180623973727
5113,4319,4615,12.416190712689346
5114,4320,4526,7.440476190476191
5115,4323,4324,19.569471624266143
5116,4323,4325,19.71608832807571
5117,4323,4689,68.91798759476224
5118,4323,4853,94.07337723424271
5119,4333,4787,65.96306068601584
5120,4336,4338,2000.0
5121,4340,4723,389.10505836575874
5122,4340,4728,26.53927813163482
5123,4343,4347,14.206563432305725
5124,4343,4349,7.106310403638431
5125,4344,4345,13.655605626109518
5126,4345,4346,16.803898504453034
5127,4345,4348,13.73437714599643
5128,4345,4663,109.89010989010988
5129,4350,5010,25.031289111389235
5130,4351,5377,6.339948012426298
5131,4352,4356,92.16589861751152
5132,4352,4357,92.16589861751152
5133,4353,4357,252.5252525252525
5134,4353,4361,95.23809523809524
5135,4353,4458,38.74467260751646
5136,4354,4356,252.5252525252525
5137,4354,4362,95.23809523809524
5138,4354,4457,38.74467260751646
5139,4355,4362,95.23809523809524
5140,4355,4752,277.77777777777777
5141,4356,4360,13.424620754463689
5142,4357,4359,13.424620754463689
5143,4358,4361,95.23809523809524
5144,4358,4751,289.8550724637681
5145,4365,4462,124.37810945273633
5146,4365,4463,124.37810945273633
5147,4365,4706,78.24726134585289
5148,4365,4707,78.24726134585289
5149,4367,4841,8.216926869350862
5150,4370,4585,19.120458891013385
5151,4375,4425,155.52099533437013
5152,4375,4584,116.55011655011656
5153,4376,4485,191.93857965451056
5154,4376,4528,187.6172607879925
5155,4377,4745,617.283950617284
5156,4378,4732,2000.0
5157,4381,4384,21.436227224008576
5158,4381,4385,21.4638334406525
5159,4381,4386,21.468441391155004
5160,4381,4388,21.81976871045167
5161,4382,4383,21.71552660152009
5162,4382,4387,21.71552660152009
5163,4392,4393,-165.28925619834712
5164,4393,4394,10.554089709762533
5165,4393,4395,2.401998462720984
5166,4394,4929,200.0
5167,4397,4557,76.4525993883792
5168,4397,5010,238.6634844868735
5169,4398,4400,98.03921568627452
5170,4399,4400,10.114291493880854
5171,4399,4493,122.24938875305624
5172,4400,4401,91.49130832570906
5173,4404,9093,13.653741125068269
5174,4406,4781,253.8071065989848
5175,4406,4791,202.83975659229208
5176,4407,4410,5.22384161312229
5177,4408,4410,70.4225352112676
5178,4409,4414,92.42144177449168
5179,4409,5413,20.449897750511248
5180,4410,4412,72.25433526011561
5181,4411,4412,63.49206349206349
5182,4411,4413,95.23809523809524
5183,4413,4414,207.4688796680498
5184,4414,4415,12.420817289777668
5185,4419,4583,337.8378378378378
5186,4420,4421,56.657223796034
5187,4420,4676,13.401232913428036
5188,4421,4422,4.492362982929021
5189,4424,4675,4.476676515355001
5190,4424,5099,19.387359441644048
5191,4432,4555,66.97923643670462
5192,4432,4705,144.3001443001443
5193,4433,4688,27.8473962684489
5194,4434,4499,22.81021897810219
5195,4435,4510,131.92612137203167
5196,4438,4439,2.1114864864864864
5197,4439,4535,21.477663230240548
5198,4441,4442,11.402508551881414
5199,4441,4928,826.4462809917355
5200,4443,4446,5.717552887364208
5201,4444,4446,-100.0
5202,4444,4788,8.509189925119129
5203,4444,5621,2.824778961046298
5204,4445,4446,3.2562683165092805
5205,4448,4450,-384.61538461538464
5206,4448,4451,10.81081081081081
5207,4448,4453,30.959752321981423
5208,4449,4450,-384.61538461538464
5209,4449,4452,8.176614881439084
5210,4449,4453,30.959752321981423
5211,4450,4714,57.70340450086555
5212,4450,4800,122.85012285012284
5213,4450,4912,157.9778830963665
5214,4453,4546,143.67816091954023
5215,4453,4827,126.9035532994924
5216,4458,4460,68.11989100817439
5217,4458,4461,75.01875468867217
5218,4462,4940,1136.3636363636365
5219,4463,4939,1136.3636363636365
5220,4466,5620,59.95203836930455
5221,4466,5628,35.27336860670194
5222,4466,8708,69.3000693000693
5223,4468,4643,200.8032128514056
5224,4469,4849,120.91898428053204
5225,4470,4870,2000.0
5226,4470,5063,122.85012285012284
5227,4471,4585,27.389756231169542
5228,4472,4975,128.2051282051282
5229,4474,4477,8.97021887334051
5230,4475,4477,-460.8294930875576
5231,4475,4478,216.4502164502165
5232,4475,4669,340.13605442176873
5233,4475,4670,543.4782608695652
5234,4476,4477,46.27487274409995
5235,4476,4747,289.8550724637681
5236,4478,4520,50.505050505050505
5237,4478,4562,93.28358208955224
5238,4482,4570,2000.0
5239,4484,4598,518.1347150259068
5240,4484,4981,22.33638597274961
5241,4486,4635,37.993920972644375
5242,4489,4767,33.9328130302002
5243,4490,5199,19.282684149633628
5244,4491,5066,344.82758620689657
5245,4492,4609,27.63957987838585
5246,4497,4891,408.16326530612247
5247,4498,4891,408.16326530612247
5248,4501,4545,98.91196834817012
5249,4505,5485,36.96857670979667
5250,4508,4954,56.08524957936063
5251,4508,5005,77.04160246533128
5252,4509,4869,680.2721088435375
5253,4510,4955,50.0
5254,4511,4820,190.83969465648852
5255,4512,4821,190.83969465648852
5256,4515,4516,5.920663114268798
5257,4517,4572,62.421972534332085
5258,4517,4711,34.26845281814423
5259,4520,4521,2000.0
5260,4522,4725,50.30181086519115
5261,4527,5039,46.62004662004662
5262,4530,5119,126.9035532994924
5263,4531,4611,480.7692307692308
5264,4534,4634,73.69196757553426
5265,4535,5041,95.87727708533076
5266,4538,4539,9.054690329590729
5267,4545,4548,-483.0917874396136
5268,4545,4549,-425.531914893617
5269,4545,4888,434.7826086956522
5270,4545,4889,434.7826086956522
5271,4546,4548,46.53327128897161
5272,4546,4549,45.72473708276178
5273,4546,4853,222.22222222222223
5274,4547,4549,9.02608538676776
5275,4548,4550,8.958165367732688
5276,4556,4771,114.5475372279496
5277,4560,4564,8.021819348628268
5278,4567,4568,6.230529595015576
5279,4571,4632,116.14401858304298
5280,4571,4957,222.71714922049
5281,4573,4577,265.9574468085106
5282,4573,4845,401.6064257028112
5283,4574,4577,90.09009009009009
5284,4574,4579,93.10986964618247
5285,4575,4579,211.41649048625797
5286,4575,4846,401.6064257028112
5287,4577,4578,13.238019592268996
5288,4579,4580,12.514078338130396
5289,4586,4746,242.13075060532688
5290,4587,4746,245.09803921568627
5291,4588,4592,38.095238095238095
5292,4588,4595,-467.2897196261682
5293,4588,4712,256.4102564102564
5294,4589,4590,38.095238095238095
5295,4590,4594,-483.0917874396136
5296,4591,4594,46.53327128897161
5297,4591,4595,39.69829297340215
5298,4593,4594,8.92299455697332
5299,4595,4596,7.14694110920526
5300,4600,4601,5.020836471356128
5301,4600,4602,6.031363088057901
5302,4604,4745,106.04453870625665
5303,4605,4686,12.4750499001996
5304,4608,4934,2000.0
5305,4614,4890,2000.0
5306,4616,4618,100.0
5307,4616,4756,2.242403856934634
5308,4618,4619,7.610350076103501
5309,4618,4622,3.0712530712530715
5310,4630,4877,2000.0
5311,4633,4824,6.188501763723003
5312,4636,4832,2000.0
5313,4637,4731,254.4529262086514
5314,4637,4745,160.77170418006432
5315,4637,4766,362.3188405797101
5316,4638,4639,13.587288607615314
5317,4639,4776,4.753981459472308
5318,4640,4807,28.24858757062147
5319,4644,4771,42.91845493562232
5320,4650,4651,1.763668430335097
5321,4657,5199,22.47696111485727
5322,4658,4659,9.182736455463727
5323,4658,4661,316.45569620253167
5324,4661,4662,9.606147934678194
5325,4661,4663,35.0754121360926
5326,4671,4727,6.086056843770921
5327,4675,4676,17.683198715291148
5328,4675,4943,22.527596305474205
5329,4677,8942,5.124525981346725
5330,4678,4769,6.695681285570807
5331,4681,4888,107.9913606911447
5332,4685,4698,833.3333333333334
5333,4686,5326,11.224604332697272
5334,4688,4690,63.25110689437065
5335,4688,4692,23.54048964218456
5336,4688,4728,13.563000135630002
5337,4688,9423,7.468817686160281
5338,4689,4690,78.06401249024199
5339,4689,4693,41.736227045075125
5340,4689,4694,34.35245620061834
5341,4689,4699,41.59733777038269
5342,4689,5889,14.486455164421264
5343,4689,9095,121.21212121212122
5344,4690,4691,5.185377236193933
5345,4694,4695,11.901928112354202
5346,4694,4696,2000.0
5347,4694,4699,142.04545454545453
5348,4694,6038,112.73957158962796
5349,4694,6212,45.12635379061372
5350,4696,4697,18.95375284306293
5351,4698,5104,78.67820613690007
5352,4700,6189,5.6104129263913824
5353,4701,6188,50.76142131979695
5354,4702,6110,51.20327700972862
5355,4702,6189,847.457627118644
5356,4703,5104,72.09805335255948
5357,4704,4834,2000.0
5358,4704,5006,229.3577981651376
5359,4710,4742,18.20333120961136
5360,4714,4715,11.402508551881414
5361,4718,4836,73.80073800738008
5362,4736,9002,2000.0
5363,4741,4879,20.631318341242004
5364,4743,4744,9.297136481963555
5365,4745,4765,80.58017727639
5366,4746,4749,24.807740014884644
5367,4747,4749,-89.68609865470852
5368,4748,4749,5.05382321726386
5369,4753,4754,10.59658789869662
5370,4764,5141,29.394473838918284
5371,4770,4772,46.62004662004662
5372,4770,4774,46.59832246039143
5373,4771,4772,-473.9336492890996
5374,4771,4774,-476.1904761904762
5375,4772,4773,8.992805755395684
5376,4774,4775,8.958165367732688
5377,4779,5010,970.8737864077668
5378,4788,5150,10.336985734959686
5379,4789,4880,2000.0
5380,4790,4881,2000.0
5381,4791,4880,2000.0
5382,4792,4881,2000.0
5383,4795,4965,29.04443799012489
5384,4801,4814,4000.0
5385,4804,5009,85.47008547008546
5386,4804,5148,102.98661174047372
5387,4805,4807,43.15925766076823
5388,4805,4825,4000.0
5389,4806,5009,34.36426116838488
5390,4808,4821,381.6793893129771
5391,4809,4820,381.6793893129771
5392,4810,4818,276.24309392265195
5393,4811,4818,276.24309392265195
5394,4814,4815,15.114873035066504
5395,4814,4816,15.062509414068384
5396,4814,4817,26.406126221283337
5397,4820,4830,301.2048192771084
5398,4821,4831,301.2048192771084
5399,4826,4828,98.61932938856016
5400,4827,5065,617.283950617284
5401,4827,9090,26.917900403768503
5402,4828,4829,24.65483234714004
5403,4829,4832,29.472443265546715
5404,4833,4834,61.08735491753207
5405,4837,4838,9.775171065493646
5406,4839,4840,33.95585738539898
5407,4839,9096,2000.0
5408,4842,4988,146.84287812041117
5409,4842,6327,26.79528403001072
5410,4842,6430,65.31678641410842
5411,4842,9111,122.54901960784314
5412,4844,8885,18.90716581584421
5413,4850,4863,2000.0
5414,4850,4864,2000.0
5415,4850,4886,68.3526999316473
5416,4851,5092,83.5421888053467
5417,4853,4856,46.8384074941452
5418,4853,4857,47.77830864787386
5419,4854,4856,-502.5125628140704
5420,4854,4857,-502.5125628140704
5421,4854,4941,61.42506142506142
5422,4854,4942,61.42506142506142
5423,4855,4856,8.949346697691068
5424,4857,4858,8.949346697691068
5425,4862,4882,254.4529262086514
5426,4870,5062,122.85012285012284
5427,4872,4874,17.99208348326736
5428,4873,4874,29.559562518474728
5429,4874,4875,17.879492222420883
5430,4878,4879,10.124531740407006
5431,4883,4884,72.46376811594203
5432,4884,4885,2000.0
5433,4887,4905,2000.0
5434,4890,4897,2000.0
5435,4890,4898,2000.0
5436,4890,4974,381.6793893129771
5437,4894,4898,27.277686852154936
5438,4895,4897,27.700831024930743
5439,4896,4897,39.635354736424894
5440,4901,5067,52.88207297726071
5441,4910,4940,201.6129032258065
5442,4911,5042,510.2040816326531
5443,4912,4913,2000.0
5444,4912,4914,2000.0
5445,4912,4921,2000.0
5446,4912,4922,2000.0
5447,4912,4923,2000.0
5448,4915,4925,7.160759040458289
5449,4916,4925,7.336218912772357
5450,4917,4926,7.124536905101168
5451,4918,4926,7.272727272727272
5452,4919,4924,6.919457514530861
5453,4920,4924,7.0467197519554645
5454,4921,4924,-526.3157894736842
5455,4922,4925,495.0495049504951
5456,4923,4926,763.3587786259542
5457,4930,4942,2000.0
5458,4931,4941,2000.0
5459,4935,4938,150.37593984962405
5460,4936,4937,150.37593984962405
5461,4937,4940,2000.0
5462,4938,4939,2000.0
5463,4943,4944,2000.0
5464,4947,4950,9.719117504130624
5465,4948,4950,-75.8150113722517
5466,4949,4950,4.101722723543888
5467,4952,4971,250.6265664160401
5468,4953,4954,346.02076124567475
5469,4960,4961,1298.7012987012988
5470,4960,4962,1298.7012987012988
5471,4960,5008,119.47431302270012
5472,4966,4968,2325.5813953488378
5473,4969,4970,24.224806201550383
5474,4971,4972,10.594342621040363
5475,4971,4973,10.583130489998942
5476,4974,4977,46.08294930875576
5477,4975,4977,-432.9004329004329
5478,4976,4977,8.977466558937069
5479,4978,4980,2000.0
5480,4979,4980,2000.0
5481,4985,4991,2000.0
5482,4986,4987,12.611930886618742
5483,4988,4998,82.98755186721992
5484,4989,4996,2000.0
5485,4990,4991,9.586808551433228
5486,4995,5000,182.1493624772313
5487,4996,4997,10.025062656641603
5488,4999,5000,42.3728813559322
5489,4999,5001,12.802458071949816
5490,4999,5002,8.156606851549755
5491,5004,9110,100.80645161290325
5492,5005,5618,2000.0
5493,5006,5015,2000.0
5494,5006,5428,50.53057099545225
5495,5008,5023,2000.0
5496,5011,5014,43.2152117545376
5497,5012,5015,11.916110581506196
5498,5013,5015,11.856770215793215
5499,5014,5015,16.44195988161789
5500,5017,5020,12.094823415578132
5501,5018,5020,12.094823415578132
5502,5019,5020,2000.0
5503,5022,5023,6.333924499619965
5504,5024,5028,208.33333333333331
5505,5025,5026,17.857142857142858
5506,5027,5028,42.19409282700422
5507,5027,5029,12.858428700012858
5508,5027,5030,7.423904974016333
5509,5031,5032,15.792798483891346
5510,5031,5033,8.843296781039971
5511,5034,5056,321.54340836012864
5512,5037,5049,1960.7843137254904
5513,5037,9111,47.5511174512601
5514,5038,9096,666.6666666666666
5515,5040,5058,2000.0
5516,5040,5199,41.63197335553705
5517,5044,5054,2000.0
5518,5046,5047,16.056518946692357
5519,5046,5048,16.046213093709884
5520,5049,5050,14.677821811243213
5521,5049,5051,10.529640939243972
5522,5049,5052,15.812776723592664
5523,5054,5055,12.439358129120537
5524,5056,5057,12.009126936471718
5525,5058,5059,10.60220525869381
5526,5058,5060,10.501995379122032
5527,5065,5085,2000.0
5528,5073,5075,12.186205215695832
5529,5074,5075,12.16397031991242
5530,5076,5078,12.003360941063498
5531,5077,5078,12.003360941063498
5532,5080,5082,15.420200462606012
5533,5081,5082,8.862105636299185
5534,5082,5083,16.803898504453034
5535,5084,5085,23.245002324500238
5536,5086,5088,-467.2897196261682
5537,5086,5090,-467.2897196261682
5538,5087,5088,45.187528242205154
5539,5087,5090,45.187528242205154
5540,5088,5089,7.662248103593594
5541,5090,5091,7.662248103593594
5542,5097,5396,31.51591553734636
5543,5132,5151,2000.0
5544,5133,5134,14.330753797649756
5545,5134,5135,14.3000143000143
5546,5134,5136,15.5448468832582
5547,5134,5311,259.0673575129534
5548,5137,5139,14.57301078402798
5549,5138,5139,15.6128024980484
5550,5139,5140,14.57301078402798
5551,5139,5310,259.0673575129534
5552,5141,5478,47.57373929590866
5553,5142,5144,31.665611146295124
5554,5143,5261,165.8374792703151
5555,5143,5424,333.3333333333333
5556,5143,5478,72.04610951008645
5557,5144,5150,8.756567425569177
5558,5145,5450,2.5872551809785
5559,5146,5427,826.4462809917355
5560,5147,5261,763.3587786259542
5561,5148,5335,2000.0
5562,5148,5391,124.53300124533
5563,5149,5362,11.14951499609767
5564,5149,5493,8.071025020177563
5565,5150,5217,8.755800717975658
5566,5151,5570,48.05382027871216
5567,5151,8801,18.98614011771407
5568,5152,5155,13.157894736842104
5569,5153,5155,9.70873786407767
5570,5154,5155,19.15708812260537
5571,5154,5366,30.422878004259204
5572,5154,5529,23.97506593143131
5573,5154,5546,217.3913043478261
5574,5154,5611,14.515894904920888
5575,5155,5156,5.497526113249038
5576,5155,5170,22.48201438848921
5577,5155,5467,10.006003602161297
5578,5157,5328,18.74765654293213
5579,5157,5412,17.755681818181817
5580,5158,5159,15.581177937052042
5581,5158,5160,15.790304752881733
5582,5158,5298,240.09603841536617
5583,5161,5457,3.7993920972644375
5584,5162,5172,7.759155803848541
5585,5163,5164,41.63197335553705
5586,5163,5294,111.23470522803116
5587,5163,5378,24.044241404183698
5588,5164,5457,88.49557522123894
5589,5165,5254,37.90750568612585
5590,5165,5457,99.601593625498
5591,5166,5289,91.49130832570906
5592,5166,5301,29.086678301337987
5593,5167,5407,925.925925925926
5594,5167,5480,120.1923076923077
5595,5168,5180,134.9527665317139
5596,5168,5238,353.356890459364
5597,5168,5532,144.50867052023122
5598,5169,5214,2000.0
5599,5169,5327,114.5475372279496
5600,5170,5385,20.669698222405952
5601,5171,5175,95.51098376313276
5602,5171,5183,151.9756838905775
5603,5171,5384,183.8235294117647
5604,5172,5316,2.44552591034702
5605,5173,5266,77.33952049497293
5606,5173,5372,50.70993914807302
5607,5174,5399,2000.0
5608,5176,5210,28.20078962210942
5609,5176,5313,35.08771929824562
5610,5177,5283,64.06149903907752
5611,5177,5384,126.26262626262626
5612,5177,5525,45.20795660036166
5613,5178,5222,35.56187766714083
5614,5178,5321,42.034468263976464
5615,5178,5545,46.62004662004662
5616,5178,5616,108.4598698481562
5617,5179,5492,2000.0
5618,5179,5501,357.1428571428572
5619,5180,5183,80.64516129032258
5620,5181,5260,6.711409395973154
5621,5181,5418,8.682816705739342
5622,5182,5543,65.31678641410842
5623,5183,5497,32.1646831778707
5624,5184,5219,15.688735487919674
5625,5184,5258,28.240609997175937
5626,5184,5399,28.87669650591972
5627,5185,5441,40.12841091492777
5628,5185,5533,104.2752867570386
5629,5186,5565,70.77140835102618
5630,5186,5581,107.64262648008612
5631,5187,5188,2000.0
5632,5188,5497,578.0346820809249
5633,5189,5525,45.20795660036166
5634,5190,5237,94.07337723424271
5635,5191,5447,4.924895345973898
5636,5191,5621,5.214036185411127
5637,5192,5196,77.9423226812159
5638,5192,5238,97.46588693957116
5639,5193,5494,34.73428273706148
5640,5193,5604,31.201248049922
5641,5194,5283,73.96449704142012
5642,5194,5604,35.4735721887194
5643,5195,5487,43.308791684712
5644,5196,5432,2000.0
5645,5196,5604,40.19292604501608
5646,5197,5265,2000.0
5647,5197,5325,73.26007326007326
5648,5198,5199,21.312872975277067
5649,5198,5200,87.33624454148472
5650,5198,5203,46.44681839294008
5651,5199,5206,-476.1904761904762
5652,5199,5498,14.84560570071259
5653,5199,5511,32.102728731942214
5654,5199,5623,645.1612903225806
5655,5201,5276,30.23888720895071
5656,5201,5311,111.11111111111111
5657,5202,5206,46.59832246039143
5658,5202,5310,125.6281407035176
5659,5202,5438,142.45014245014244
5660,5202,5451,22.56317689530686
5661,5204,5621,724.6376811594203
5662,5205,5206,8.975854950184004
5663,5207,5208,19.15708812260537
5664,5207,5244,18.248175182481752
5665,5207,5469,112.4859392575928
5666,5208,5479,19.44768572539868
5667,5208,5595,21.602937999567946
5668,5209,5231,240.3846153846154
5669,5209,5480,61.12469437652812
5670,5210,5334,2000.0
5671,5210,5458,367.6470588235294
5672,5211,5399,65.57377049180327
5673,5212,5213,5.2854122621564485
5674,5212,5500,5.863726984871584
5675,5212,5564,4.50755014649538
5676,5213,5284,144.0922190201729
5677,5213,5392,19.37233630375823
5678,5214,5485,52.74261603375528
5679,5215,5469,56.49717514124294
5680,5215,5520,107.52688172043013
5681,5216,5263,23.3590282644242
5682,5218,5404,50.35246727089628
5683,5218,5505,155.52099533437013
5684,5218,5569,48.19277108433735
5685,5219,5323,34.18803418803419
5686,5219,5534,2000.0
5687,5220,5221,5.558643690939411
5688,5220,5281,28.87669650591972
5689,5220,5368,6.5915233010348695
5690,5221,5275,17.319016279875303
5691,5221,5464,38.417210910487896
5692,5222,5363,21.720243266724587
5693,5223,5224,2.928795728264828
5694,5223,5225,1.768972227136034
5695,5223,5226,1.4359769669294504
5696,5223,5227,1.4308403325272934
5697,5223,5228,1.444627430585652
5698,5223,5229,1.7155601303825698
5699,5223,5366,83.19467554076539
5700,5223,5547,2000.0
5701,5223,5548,2000.0
5702,5223,5568,230.9468822170901
5703,5231,5232,12.007684918347742
5704,5231,5519,12.567550584391102
5705,5232,5554,13.10272536687631
5706,5233,5244,20.55076037813399
5707,5233,5520,4000.0
5708,5233,5544,133.86880856760374
5709,5233,5574,97.75171065493646
5710,5234,5310,259.0673575129534
5711,5234,5428,62.93266205160478
5712,5235,5272,847.457627118644
5713,5236,5311,259.0673575129534
5714,5236,5427,61.05006105006105
5715,5237,5327,21.74385736029572
5716,5237,5471,50.89058524173028
5717,5238,5240,-483.0917874396136
5718,5238,5381,16.046213093709884
5719,5238,5395,37.45318352059925
5720,5238,5517,45.08566275924256
5721,5239,5240,46.53327128897161
5722,5239,5276,42.69854824935952
5723,5240,5241,8.960573476702509
5724,5242,5463,11.20699316373417
5725,5242,5467,5.128205128205129
5726,5243,5314,30.33060357901122
5727,5243,5443,39.354584809130266
5728,5243,5519,23.651844843897823
5729,5243,5575,2000.0
5730,5244,5248,-381.6793893129771
5731,5244,5249,-120.48192771084338
5732,5244,5250,-546.448087431694
5733,5244,5321,173.61111111111111
5734,5244,5336,21.710811984368217
5735,5245,5248,30.693677102516883
5736,5245,5249,28.735632183908045
5737,5245,5250,31.43665513989312
5738,5245,5298,45.24886877828055
5739,5245,5342,102.35414534288638
5740,5245,5501,456.1009350849274
5741,5246,5249,4.477077363896848
5742,5247,5248,10.903936321011884
5743,5250,5251,9.991008092716555
5744,5253,5368,11.890606420927467
5745,5255,5275,40.50222762251924
5746,5255,5340,500.0
5747,5255,5456,27.15915263443781
5748,5256,5506,24.33682161109759
5749,5257,5258,2.024701356549909
5750,5257,5259,-97.0873786407767
5751,5257,5260,10.0
5752,5258,5571,85.5431993156544
5753,5262,5312,2000.0
5754,5263,5418,16.43115346697338
5755,5264,5395,23.91772303276728
5756,5264,5419,43.2338953739732
5757,5264,5538,26.5041081367612
5758,5265,5284,30.497102775236357
5759,5265,5347,42.5531914893617
5760,5266,5272,23.872045834328
5761,5266,5592,143.88489208633092
5762,5267,5270,45.5788514129444
5763,5267,5357,50.787201625190455
5764,5268,5269,5000.0
5765,5268,5270,-400.0
5766,5268,5406,66.62225183211193
5767,5268,5441,67.65899864682002
5768,5269,5297,259.7402597402597
5769,5269,5380,96.06147934678194
5770,5269,5407,66.62225183211193
5771,5270,5271,8.92379082634303
5772,5272,5619,81.76614881439085
5773,5273,5304,82.98755186721992
5774,5273,5424,23.674242424242426
5775,5273,5617,48.2392667631452
5776,5274,5377,7.7417356971433
5777,5274,5462,3.65884892612784
5778,5274,5493,102.98661174047372
5779,5275,5277,59.523809523809526
5780,5275,5279,70.97232079489
5781,5275,5280,18.885741265344667
5782,5275,5419,11.560693641618498
5783,5275,5420,273.972602739726
5784,5275,5528,29.585798816568047
5785,5276,5279,69.01311249137336
5786,5276,5357,53.10674455655868
5787,5278,5279,4.768717215069146
5788,5281,5302,75.8150113722517
5789,5281,5535,2000.0
5790,5282,5502,137.17421124828533
5791,5284,5495,26.72367717797969
5792,5285,5297,111.11111111111111
5793,5285,5369,467.2897196261682
5794,5286,5440,2000.0
5795,5287,5551,78.80220646178093
5796,5288,5291,39.51007506914263
5797,5288,5413,60.16847172081829
5798,5289,5291,346.02076124567475
5799,5289,5312,49.67709885742673
5800,5289,5518,84.7457627118644
5801,5290,5291,6.797634423220719
5802,5292,5592,38.02281368821293
5803,5293,5364,72.15007215007215
5804,5293,5595,46.57661853749418
5805,5294,5388,33.692722371967655
5806,5295,5320,103.62694300518136
5807,5296,5508,500.0
5808,5298,5342,81.9000819000819
5809,5298,5427,60.38647342995169
5810,5298,5512,4000.0
5811,5299,5405,96.7117988394584
5812,5299,5566,67.0690811535882
5813,5300,5301,21.2630236019562
5814,5301,5485,88.65248226950355
5815,5302,5446,7.484469725319961
5816,5303,5364,30.3951367781155
5817,5303,5385,19.98800719568259
5818,5305,5480,25.113008538422903
5819,5305,5508,96.43201542912249
5820,5306,5309,8.986340762041696
5821,5307,5309,-460.8294930875576
5822,5307,5405,64.02048655569783
5823,5307,5484,114.41647597254004
5824,5307,5510,14.068655036578503
5825,5307,5604,19.04036557501904
5826,5308,5309,46.27487274409995
5827,5308,5451,68.1663258350375
5828,5312,5458,58.61664712778429
5829,5313,5391,23.792529145848203
5830,5313,5443,50.94243504839531
5831,5314,5440,19.138755980861244
5832,5315,5316,6.218905472636816
5833,5315,5455,87.7963125548727
5834,5315,5561,2000.0
5835,5315,5563,28.7686996547756
5836,5316,5567,5.918210333195241
5837,5319,5338,56.88282138794085
5838,5319,5619,42.62574595055413
5839,5320,5457,43.97537379067722
5840,5320,5504,74.01924500370096
5841,5321,5393,22.53267237494367
5842,5321,5411,326.797385620915
5843,5322,5401,11.337868480725623
5844,5322,5446,19.190174630589137
5845,5323,5424,34.18803418803419
5846,5324,5440,23.90057361376673
5847,5324,5565,79.11392405063292
5848,5326,5434,6.846970215679562
5849,5328,5433,31.64556962025317
5850,5328,5502,57.4052812858783
5851,5329,5330,42.24757076468103
5852,5330,5331,42.24757076468103
5853,5330,5332,42.24757076468103
5854,5330,5333,75.7002271006813
5855,5330,5451,2000.0
5856,5335,5386,2000.0
5857,5336,5553,67.11409395973155
5858,5337,5469,181.8181818181818
5859,5337,5516,90.9090909090909
5860,5338,5636,892.8571428571429
5861,5339,5381,558.659217877095
5862,5339,5484,114.41647597254004
5863,5341,5344,-384.61538461538464
5864,5341,5468,27.99552071668533
5865,5341,5472,43.365134431916736
5866,5342,5344,30.67484662576687
5867,5343,5344,10.905125408942205
5868,5345,5373,1818.1818181818185
5869,5345,5516,2000.0
5870,5345,5521,257.0694087403599
5871,5346,5448,7.422802850356295
5872,5346,5554,9.148293843198244
5873,5347,5452,62.93266205160478
5874,5347,5506,42.99226139294927
5875,5348,5509,40.849673202614376
5876,5348,5522,56.4334085778781
5877,5348,5566,22.56317689530686
5878,5349,5537,19.18281220026856
5879,5350,5358,100.0
5880,5351,5359,-520.8333333333334
5881,5352,5357,54.88474204171241
5882,5353,5359,8.802042073761113
5883,5354,5358,3.4904013961605584
5884,5355,5357,62.53908692933083
5885,5356,5357,75.41478129713424
5886,5357,5358,21.1864406779661
5887,5357,5359,11.983223487118035
5888,5357,5396,49.9001996007984
5889,5357,5451,117.50881316098707
5890,5357,5481,45.392646391284615
5891,5360,5413,89.52551477170994
5892,5361,5362,7.939658594680429
5893,5361,5499,41.40786749482402
5894,5361,5611,2000.0
5895,5362,5463,15.335071308081584
5896,5363,5461,16.283992835043154
5897,5364,5365,2.7404017428955085
5898,5364,5366,20.36659877800407
5899,5364,5479,19.496977968414896
5900,5366,5638,133.15579227696404
5901,5369,5460,164.74464579901152
5902,5369,5465,87.87346221441125
5903,5370,5408,75.24454477050413
5904,5370,5459,606.060606060606
5905,5370,5465,1492.5373134328358
5906,5371,5394,71.22507122507122
5907,5372,5452,27.01242571582928
5908,5373,5574,180.50541516245488
5909,5374,5474,53.61930294906166
5910,5380,5464,74.73841554559043
5911,5382,5636,125.6281407035176
5912,5383,5450,124.84394506866415
5913,5385,5467,23.963575365444523
5914,5387,5453,8.663259118080221
5915,5389,5422,129.5336787564767
5916,5389,5480,67.24949562878278
5917,5389,5569,72.67441860465117
5918,5391,5477,2000.0
5919,5392,5591,14.386419220256078
5920,5393,5468,32.97065611605671
5921,5394,5518,96.52509652509652
5922,5394,5557,97.27626459143968
5923,5396,5397,51.38746145940391
5924,5397,5408,126.42225031605562
5925,5397,5496,41.911148365465216
5926,5397,5573,76.62835249042145
5927,5400,5533,52.38344683080147
5928,5404,5409,69.44444444444444
5929,5404,5503,289.01734104046244
5930,5409,5573,15.432098765432098
5931,5410,5461,54.14185165132648
5932,5410,5466,128.2051282051282
5933,5410,5594,15.283509093687911
5934,5411,5487,63.13131313131313
5935,5412,5415,72.41129616220131
5936,5413,5415,69.7350069735007
5937,5413,5603,242.352181316423
5938,5413,9293,57.306590257879655
5939,5414,5415,5.212677231025855
5940,5418,5500,11.285407967498026
5941,5420,5454,20.124773596297043
5942,5421,5569,69.97900629811056
5943,5423,5424,4.098360655737705
5944,5423,5450,3.667571334262451
5945,5423,5507,5.3873505010235965
5946,5424,5426,252.5252525252525
5947,5424,5429,-75.87253414264036
5948,5424,5506,12.12856276531231
5949,5424,5594,68.96551724137932
5950,5425,5426,10.350895352447989
5951,5426,5427,42.955326460481096
5952,5427,5501,41.649312786339024
5953,5428,5429,30.67484662576687
5954,5428,5501,40.46944556859571
5955,5429,5430,8.148631029986962
5956,5433,5560,2000.0
5957,5435,5444,6.86436024162548
5958,5436,5439,72.41129616220131
5959,5436,5455,30.11141222523336
5960,5436,5581,51.733057423693744
5961,5437,5439,-72.41129616220131
5962,5438,5439,72.41129616220131
5963,5441,5524,2000.0
5964,5442,5443,2.087246921310791
5965,5442,5444,-55.24861878453039
5966,5442,5445,2.189141856392294
5967,5447,5564,4.922713399625874
5968,5453,5454,5.423875901719368
5969,5453,5475,8.918219923303308
5970,5453,5476,10.018032458425166
5971,5454,5495,16.331863465621428
5972,5456,5457,5.037022112527074
5973,5456,5555,57.43825387708214
5974,5458,5537,2000.0
5975,5461,5462,7.060650992021464
5976,5464,5536,2000.0
5977,5466,5499,13.054830287206268
5978,5467,5468,15.037593984962406
5979,5467,5527,15.89825119236884
5980,5468,5469,23.80952380952381
5981,5469,5487,26.72367717797969
5982,5472,5546,18.5459940652819
5983,5473,5474,2.1108179419525066
5984,5474,5529,43.38394793926247
5985,5474,5541,20.48760499897562
5986,5480,5483,74.01924500370096
5987,5480,5486,28.818443804034583
5988,5480,5563,13.62954886193267
5989,5481,5483,69.44444444444444
5990,5482,5483,4.8016901949486215
5991,5486,5555,79.36507936507937
5992,5488,5492,75.7002271006813
5993,5489,5492,42.24757076468103
5994,5490,5492,42.24757076468103
5995,5491,5492,42.24757076468103
5996,5496,5569,900.9009009009008
5997,5498,5619,20.990764063811923
5998,5499,5543,25.01876407305479
5999,5501,5645,2000.0
6000,5502,8971,48.44961240310077
6001,5508,5591,51.78663904712584
6002,5509,5528,76.86395080707149
6003,5511,5581,26.845637583892614
6004,5512,5513,70.87172218284904
6005,5512,5514,7.519927808693036
6006,5512,5515,71.42857142857143
6007,5517,5572,9.96710854181202
6008,5521,5568,106.6098081023454
6009,5523,5534,20.060180541624877
6010,5525,5526,2000.0
6011,5527,5595,213.67521367521368
6012,5528,5530,854.7008547008547
6013,5530,5531,10.002000400080016
6014,5533,5539,2000.0
6015,5539,5602,375.9398496240602
6016,5541,5544,42.122999157540015
6017,5542,5543,512.8205128205128
6018,5544,5550,129.70168612191958
6019,5545,5553,77.7000777000777
6020,5549,5550,62.18905472636816
6021,5550,5551,2.031281738777168
6022,5552,5553,15.080681646810437
6023,5555,5556,2000.0
6024,5557,5558,2000.0
6025,5557,5560,24.32498175626368
6026,5559,5560,2000.0
6027,5562,5564,2000.0
6028,5567,5621,653.59477124183
6029,5571,5572,43.440486533449175
6030,5571,5598,2000.0
6031,5572,5596,2000.0
6032,5575,5576,21.27659574468085
6033,5576,5577,26.63115845539281
6034,5577,5578,43.10344827586207
6035,5577,5593,41.16920543433512
6036,5578,5579,49.14004914004914
6037,5580,5581,136.23978201634878
6038,5580,5593,16.672224074691563
6039,5581,5629,23.980815347721823
6040,5582,5629,2000.0
6041,5583,5629,32.637075718015666
6042,5584,5585,23.110700254217704
6043,5584,5586,19.79414093428345
6044,5584,5629,30.599755201958384
6045,5585,5600,2000.0
6046,5586,5587,92.85051067780871
6047,5587,5588,31.377470975839348
6048,5587,5590,338.9830508474576
6049,5588,5589,25.926886180969664
6050,5589,5591,26.52519893899204
6051,5597,5598,18.587360594795538
6052,5597,5599,19.34984520123839
6053,5600,5601,3.881686204487229
6054,5603,5605,108.93246187363836
6055,5603,5628,617.283950617284
6056,5603,5637,176.3668430335097
6057,5603,9416,87.41258741258741
6058,5605,5606,11.114816049794376
6059,5605,5607,11.114816049794376
6060,5605,5608,591.7159763313609
6061,5608,5609,11.114816049794376
6062,5608,5610,11.114816049794376
6063,5611,5612,2000.0
6064,5612,5613,4.1363335539377895
6065,5614,5616,6.916107614634484
6066,5615,5616,15.124016938898972
6067,5617,5636,33.244680851063826
6068,5620,5633,2000.0
6069,5620,5637,143.67816091954023
6070,5621,5622,11.914690813773383
6071,5622,5623,9.991008092716555
6072,5622,5624,8.975854950184004
6073,5625,5638,58.07200929152149
6074,5628,5630,2000.0
6075,5630,5631,12.00192030724916
6076,5630,5632,12.607160867372668
6077,5633,5634,14.28775539362766
6078,5633,5635,12.671059300557529
6079,5637,5641,2000.0
6080,5639,5641,15.513496742165684
6081,5640,5641,8.797395970792646
6082,5651,5652,10.513036164844408
6083,5651,5653,10.513036164844408
6084,5651,6198,480.7692307692308
6085,5654,5659,2000.0
6086,5654,5744,347.22222222222223
6087,5654,6088,72.46376811594203
6088,5655,5656,7.0821529745042495
6089,5656,5992,2000.0
6090,5657,5658,6.527415143603133
6091,5658,6137,18.05706031058144
6092,5659,5660,10.58425063505504
6093,5661,5662,1.953125
6094,5662,6007,27.75464890369137
6095,5663,5664,21.128248468201985
6096,5663,5744,595.2380952380952
6097,5665,5667,43.55400696864111
6098,5665,5668,40.58441558441559
6099,5665,5669,10.25220422390814
6100,5665,5672,47.48338081671415
6101,5666,5668,15.176809834572772
6102,5667,5670,15.4273372415921
6103,5671,5672,38.46153846153846
6104,5671,5744,2000.0
6105,5673,5675,26.99055330634278
6106,5673,5676,10.454783063251435
6107,5674,5675,9.851246182642104
6108,5676,5992,2000.0
6109,5677,5818,7.106310403638431
6110,5678,5812,45.16711833785005
6111,5678,5964,17.6056338028169
6112,5678,6251,10.922992900054616
6113,5680,5973,934.5794392523364
6114,5682,5790,3.8137370809656383
6115,5683,5953,13.960631020522127
6116,5684,5858,88.261253309797
6117,5684,5890,35.19887363604364
6118,5684,6026,28.70264064293915
6119,5685,5740,33.61344537815126
6120,5685,5760,37.06449221645664
6121,5685,6047,4.3029259896729775
6122,5687,5866,22.81021897810219
6123,5687,6353,50.505050505050505
6124,5688,5855,68.02721088435374
6125,5688,6051,9.872642906506073
6126,5689,5751,46.51162790697674
6127,5689,6304,17.23543605653223
6128,5690,5797,44.38526409232135
6129,5690,6073,350.87719298245617
6130,5691,5692,10.498687664041997
6131,5691,5693,10.50089257586895
6132,5691,6196,432.9004329004329
6133,5694,6127,90.33423667570008
6134,5695,6242,21.63097555699762
6135,5696,5865,1.6984272563606102
6136,5696,6002,131.06159895150722
6137,5696,6003,543.4782608695652
6138,5696,6259,2.787301056387101
6139,5696,6355,131.06159895150722
6140,5697,5999,8.429570934839417
6141,5698,5914,5.653870074065698
6142,5698,6208,3.961965134706815
6143,5698,6312,16.611295681063122
6144,5699,5700,9.480470231323473
6145,5699,5917,19.047619047619047
6146,5699,6377,37.34129947722181
6147,5699,6481,15.812776723592664
6148,5699,7757,11.52073732718894
6149,5700,5874,5.480052608505042
6150,5700,6225,3.248862897985705
6151,5700,8089,3.188572157387921
6152,5701,6049,11.354604292040422
6153,5701,6239,147.71048744460856
6154,5703,5861,14.667057788207686
6155,5703,6312,8.000640051204096
6156,5704,5879,216.4502164502165
6157,5704,5947,5.443658138268916
6158,5704,6053,3.5486160397445
6159,5705,5990,40.88307440719542
6160,5705,6144,238.6634844868735
6161,5705,6165,18.08972503617945
6162,5705,6298,177.3049645390071
6163,5706,6001,173.61111111111111
6164,5706,6220,47.19207173194904
6165,5706,6437,2000.0
6166,5707,5709,10.111223458038422
6167,5707,5716,4.423995752964077
6168,5707,6115,18.726591760299627
6169,5707,6127,11.956001912960303
6170,5709,5828,17.188037126160193
6171,5709,6352,2000.0
6172,5710,5752,7.062146892655367
6173,5710,9100,5.748778384593274
6174,5711,5807,11.678150181011327
6175,5711,6142,7.780284758422158
6176,5712,6083,108.22510822510824
6177,5712,6155,34.48275862068966
6178,5712,6168,259.7402597402597
6179,5713,5724,9.066183136899364
6180,5713,5908,6.128201985537443
6181,5714,5717,12.706480304955528
6182,5714,6026,22.28660574994428
6183,5715,6499,2000.0
6184,5716,5829,176.67844522968198
6185,5716,6071,30.816640986132512
6186,5717,7264,4.901720503896867
6187,5718,5911,27.21088435374149
6188,5718,6055,69.58942240779402
6189,5719,5882,49.52947003467063
6190,5719,5894,12.23840411210378
6191,5719,6076,38.38771593090211
6192,5720,5736,18.198362147406733
6193,5720,5943,168.0672268907563
6194,5720,5977,20.124773596297043
6195,5720,6353,11.75226231049477
6196,5723,5940,22.95157218269452
6197,5723,6166,6.014675808973896
6198,5724,5950,7.245851749873197
6199,5725,6194,9.748488984207448
6200,5725,6230,21.45002145002145
6201,5726,5829,22.75830678197542
6202,5726,6072,94.6969696969697
6203,5727,5799,6.695681285570807
6204,5728,5729,10.54407423028258
6205,5729,5731,19.569471624266143
6206,5730,5731,13.605442176870747
6207,5730,5992,2000.0
6208,5732,5783,10.780508840017248
6209,5732,5847,1818.1818181818185
6210,5732,6206,40.86636697997548
6211,5733,5734,21.18650938690854
6212,5733,5735,2000.0
6213,5733,6171,6.421782686873876
6214,5734,5939,3.2618977721238216
6215,5734,5969,3.3324446814182886
6216,5734,6046,3.5724492712203486
6217,5734,6394,1.796299622777079
6218,5735,6363,12.067093037287318
6219,5736,5737,11.266336187471834
6220,5738,5794,6.153467478924374
6221,5738,6181,6.941552131056504
6222,5739,6231,12.489072061945798
6223,5741,6468,4.05926527298559
6224,5744,6157,132.9787821919837
6225,5744,6424,404.8582995951417
6226,5744,7195,50.42864346949067
6227,5746,5764,25.374270489723425
6228,5746,5784,31.34796238244514
6229,5747,5778,15.82528881152081
6230,5747,5792,6.094959468519535
6231,5747,6000,10.630381630700542
6232,5748,5802,2.3573230239739758
6233,5748,6010,4.130183380142078
6234,5750,5751,19.716088328075713
6235,5750,5855,18.54255516410161
6236,5750,6122,12.751849018107626
6237,5750,6258,11.168192986374804
6238,5750,6350,31.51591553734636
6239,5751,5779,55.55555555555556
6240,5751,5832,131.57894736842104
6241,5751,5977,13.614703880190604
6242,5751,6136,1388.888888888889
6243,5751,6293,72.09805335255948
6244,5752,5893,8.445232666159953
6245,5752,6242,5.519068381257243
6246,5754,6064,18.674136321195142
6247,5754,6364,42.78990158322636
6248,5755,5787,45.87155963302752
6249,5756,5789,51.4668039114771
6250,5757,5812,10.67691650651292
6251,5757,6080,8.555783709787816
6252,5757,6203,2000.0
6253,5758,5759,10.641694157709908
6254,5758,5764,31.35779241141424
6255,5758,5862,26.23294858342077
6256,5758,6064,22.22716159146477
6257,5759,5786,165.28925619834712
6258,5759,5912,55.21811154058531
6259,5759,6062,83.89261744966443
6260,5760,5770,125.0
6261,5760,6394,41.459369817578775
6262,5761,5833,14.712373105781962
6263,5762,5763,4.622353702505316
6264,5762,6075,14.83459427384661
6265,5762,6149,13.498920086393088
6266,5763,5802,13.335111348179757
6267,5764,5810,36.24501631025734
6268,5765,5777,148.3679525222552
6269,5765,6286,409.8360655737705
6270,5765,6313,13.426423200859292
6271,5766,5781,53.648068669527895
6272,5766,6062,66.8002672010688
6273,5767,5782,40.04805766920305
6274,5767,5844,16.363933889707084
6275,5767,6124,18.51851851851852
6276,5769,5902,2000.0
6277,5773,5828,19.46282600233554
6278,5773,5949,56.08524957936063
6279,5773,6152,45.289855072463766
6280,5774,6108,34.04834865509023
6281,5775,6012,82.98755186721992
6282,5776,5895,5.593779716954747
6283,5776,6486,970.8737864077668
6284,5778,6153,787.4015748031496
6285,5779,6123,56.94760820045558
6286,5780,5781,2000.0
6287,5780,6301,73.04601899196494
6288,5780,8804,6.749460043196544
6289,5781,5788,36.14022406938923
6290,5782,5923,30.75030750307503
6291,5782,6108,35.12469265893923
6292,5783,5934,192.67822736030828
6293,5783,5964,39.69829297340215
6294,5785,6257,41.78854993731718
6295,5786,6035,63.33122229259025
6296,5787,5911,20.70393374741201
6297,5787,6074,20.63983488132095
6298,5788,6123,132.27513227513228
6299,5789,5806,36.27130939426913
6300,5790,6225,3.565570847892748
6301,5791,6259,7.027900766041183
6302,5792,6090,7.5125835774922995
6303,5793,5808,8.101101749837978
6304,5793,5931,7.15922107674685
6305,5794,5931,12.414649286157664
6306,5795,5948,7.002801120448179
6307,5796,6048,12.3334977799704
6308,5796,6148,24.81389578163772
6309,5797,5910,127.7139208173691
6310,5798,5808,3.8668264954951472
6311,5798,5813,14.511681903932663
6312,5799,6126,9.30232558139535
6313,5799,6127,8.682816705739342
6314,5800,5866,32.24766204450177
6315,5800,6311,704.2253521126761
6316,5801,6371,8.387854386847843
6317,5801,6386,14.541224371092046
6318,5802,5999,6.741270055278415
6319,5803,5937,123.30456226880396
6320,5803,6136,176.99115044247787
6321,5804,5932,22.89377289377289
6322,5804,5989,11.016855789357717
6323,5804,6232,19.569471624266143
6324,5804,6233,35.637918745545264
6325,5805,5873,45.146726862302486
6326,5805,6140,32.010243277848915
6327,5806,5876,305.8103975535168
6328,5806,6055,20.859407592824365
6329,5809,5811,54.585152838427945
6330,5809,6211,4.685376938574708
6331,5809,6349,10.049241282283187
6332,5810,6258,43.78283712784589
6333,5811,6985,3.428414701042238
6334,5813,6004,10.862480990658266
6335,5814,5987,17.571604287471445
6336,5814,5991,16.276041666666668
6337,5814,6252,4.871869823638312
6338,5815,6139,446.4285714285714
6339,5817,5866,40.16064257028113
6340,5817,5910,79.30214115781126
6341,5818,6166,10.171905197843556
6342,5820,6022,78.49293563579278
6343,5820,6317,78.49293563579278
6344,5821,6026,70.8215297450425
6345,5823,6467,2000.0
6346,5824,6467,2000.0
6347,5825,6130,9.306654257794325
6348,5825,6242,12.790995139421849
6349,5828,5829,7.979572294924992
6350,5828,5830,19.043991620643688
6351,5828,5831,19.043991620643688
6352,5828,6388,81.03727714748784
6353,5828,6971,10.501995379122032
6354,5829,6126,7.107320540156361
6355,5829,6128,5.8809691837214775
6356,5830,6284,26.852846401718583
6357,5831,6284,26.852846401718583
6358,5832,6129,200.8032128514056
6359,5833,6010,17.22949689869056
6360,5833,6015,257.7319587628866
6361,5834,5863,7.548309178743962
6362,5835,6338,2000.0
6363,5836,5837,15.20450053215752
6364,5836,6174,17.14089818306479
6365,5838,5915,139.66480446927375
6366,5838,6160,26.90341673392521
6367,5839,5840,9.09338910611985
6368,5839,5841,9.134922809902257
6369,5839,6195,316.45569620253167
6370,5842,5902,38.98635477582846
6371,5842,6046,4.756242568370987
6372,5843,5949,20.03606491685033
6373,5843,6220,32.62642740619902
6374,5844,6235,29.061319383900027
6375,5844,6240,26.70940170940171
6376,5846,5933,13.88888888888889
6377,5848,6163,4.391936404760859
6378,5848,9147,5.56885894080303
6379,5849,5879,24.05002405002405
6380,5849,5948,9.416195856873824
6381,5850,5851,10.39176971838304
6382,5850,5976,2000.0
6383,5852,5953,57.04506560182544
6384,5852,6243,176.3668430335097
6385,5852,6350,12.600806451612904
6386,5853,6111,16.147263038914904
6387,5853,6140,24.636610002463662
6388,5854,5930,3.8061888630913865
6389,5854,6146,156.73981191222572
6390,5856,5972,5.990176111177669
6391,5856,5998,4.936077792586011
6392,5861,5942,18.99335232668566
6393,5861,6207,3.9184952978056415
6394,5862,5913,43.2338953739732
6395,5862,5921,23.798191337458352
6396,5863,5965,1.9062869343093525
6397,5863,6011,5.406282099799967
6398,5864,5955,6.47542575924367
6399,5864,6004,12.81722635221738
6400,5865,6299,5.533728072602512
6401,5866,5870,-319.4888178913738
6402,5866,5871,-309.59752321981426
6403,5866,6059,16.283992835043154
6404,5866,6338,18.30831197363603
6405,5867,5870,37.93626707132018
6406,5867,5871,37.72161448509996
6407,5867,5975,39.77724741447892
6408,5867,6157,115.47344110854505
6409,5867,6406,71.78750897343862
6410,5868,5870,6.3516260162601625
6411,5869,5871,6.968155529231413
6412,5874,5918,5.9523809523809526
6413,5875,6168,2000.0
6414,5876,5916,21.317416329140908
6415,5877,5971,223.71364653243847
6416,5878,5879,4.580852038479157
6417,5878,6319,2000.0
6418,5878,6377,85.32423208191126
6419,5878,8631,5.754071005236205
6420,5880,5915,440.5286343612335
6421,5880,6073,117.50881316098707
6422,5881,6140,79.93605115907275
6423,5882,6450,118.0637544273908
6424,5883,6166,10.734220695577502
6425,5883,6450,118.0637544273908
6426,5884,5885,7.199424046076314
6427,5884,6504,18.6046511627907
6428,5884,8896,7.548878991469767
6429,5885,5929,4.225114078080108
6430,5885,6163,7.85299198994817
6431,5887,5888,23.39181286549708
6432,5887,6115,31.79650238473768
6433,5888,6172,2000.0
6434,5889,6088,98.71668311944718
6435,5889,6195,2000.0
6436,5889,6196,2000.0
6437,5889,6197,2000.0
6438,5889,6198,2000.0
6439,5889,6212,135.59322033898306
6440,5889,6213,285.30670470756064
6441,5890,6066,134.2281879194631
6442,5891,5981,21.81500872600349
6443,5891,6364,2.1577766269635767
6444,5893,6166,4.845195988177722
6445,5894,6360,11.24353496739375
6446,5895,5950,28.677946659019213
6447,5895,6139,22.79981760145919
6448,5897,5898,5.05050505050505
6449,5897,5899,5.067653169817057
6450,5897,5900,5.033472592741733
6451,5897,6167,79.23930269413628
6452,5901,5998,56.72149744753261
6453,5901,6204,77.33952049497293
6454,5901,6349,3.693716987404425
6455,5902,5970,21.38122728244601
6456,5903,5904,50.0
6457,5903,5905,15.796540557617881
6458,5904,5906,9.887284951552305
6459,5904,5907,11.689070718877849
6460,5904,5976,23.713540431586438
6461,5909,6055,3.673499375505106
6462,5910,5911,8.161266628580755
6463,5911,6316,9.904912836767036
6464,5912,5936,140.8450704225352
6465,5913,6122,52.19206680584551
6466,5914,5931,8.218952905399853
6467,5915,5916,14.50536698578474
6468,5915,5971,66.13756613756614
6469,5915,6059,69.58942240779402
6470,5915,6449,104.07671213901857
6471,5916,5946,12.891581797086502
6472,5917,6326,218.8183807439825
6473,5920,5933,5.318017443097213
6474,5920,5955,1315.7894736842106
6475,5921,5954,346.02076124567475
6476,5921,6124,56.36978579481398
6477,5922,6124,20.868113522537563
6478,5924,6085,19.71608832807571
6479,5924,6113,41.01722723543888
6480,5924,6454,25.660764690787783
6481,5925,6012,6.519754857217369
6482,5925,6052,93.37068160597572
6483,5925,6149,28.37684449489217
6484,5925,6278,2000.0
6485,5925,6279,2000.0
6486,5925,6280,2000.0
6487,5926,5940,17.307026652821044
6488,5926,6339,15.441630636195182
6489,5927,6083,186.21973929236495
6490,5927,6352,22.08968411751712
6491,5928,6167,35.587188612099645
6492,5928,6304,62.893081761006286
6493,5929,6130,44.11116012351125
6494,5931,5932,8.274036074797285
6495,5931,5991,3.6391426179992
6496,5932,6338,12.871669455528382
6497,5932,6436,13.238019592268996
6498,5933,5935,9.601536245799329
6499,5935,5944,8.285690612312536
6500,5938,5987,4.261303106489964
6501,5939,6023,15.271838729383015
6502,5940,6200,21.58894645941278
6503,5941,6105,5.233136218535768
6504,5942,6110,9.3905531035778
6505,5943,5944,2000.0
6506,5943,6151,88.41732979664015
6507,5944,6392,17.304031839418585
6508,5945,6199,35.62522265764161
6509,5945,6364,65.01950585175553
6510,5946,6074,35.49875754348598
6511,5948,7879,9.363295880149812
6512,5950,5951,13.205443028557973
6513,5951,6180,14.490653528474134
6514,5951,6374,10.990218705352236
6515,5952,6061,14.238929232521714
6516,5952,6140,16.433853738701725
6517,5953,6122,13.368983957219251
6518,5953,6125,47.80114722753346
6519,5955,6250,31.17206982543641
6520,5956,5957,2.2365360529611737
6521,5956,5958,2.2485047443450106
6522,5956,5959,2.2355860588853367
6523,5956,5960,4.971908715755979
6524,5957,6006,4.559547692868867
6525,5958,6009,5.450779461462989
6526,5959,6005,5.450779461462989
6527,5960,6007,813.0081300813008
6528,5961,6181,4.1426736815941005
6529,5962,5965,251.2562814070352
6530,5962,5993,6.520605112154408
6531,5962,6275,4.1128567903265605
6532,5963,6003,3.905639743790033
6533,5965,5967,15.43924656476764
6534,5967,6171,1818.1818181818185
6535,5969,5993,6.373080109616978
6536,5970,5995,6.236357966947303
6537,5970,6141,5.814629608093965
6538,5971,6065,98.32841691248773
6539,5972,6164,17.056114617090227
6540,5973,5980,719.4244604316547
6541,5973,6174,934.5794392523364
6542,5973,6177,1041.6666666666667
6543,5974,5975,68.58710562414267
6544,5974,5976,662.2516556291391
6545,5974,5978,10.481081647626034
6546,5975,5980,69.15629322268326
6547,5975,6038,73.85524372230428
6548,5975,6226,228.83295194508008
6549,5979,5980,10.684902233144566
6550,5981,6210,10.658708164570454
6551,5981,6390,24.66091245376079
6552,5983,6165,196.46365422396855
6553,5983,6295,59.84440454817474
6554,5984,5988,63.85696040868455
6555,5987,6387,4.900519455062237
6556,5988,6299,8.037939072421832
6557,5988,6375,272.4795640326976
6558,5988,6752,5.684402000909504
6559,5989,6109,45.08566275924256
6560,5989,6248,82.16926869350863
6561,5990,6012,15.211439002129602
6562,5992,5996,109.89010989010988
6563,5992,6088,64.26735218508998
6564,5992,6212,259.7402597402597
6565,5993,6057,15.098897780462028
6566,5996,5997,16.076797176984062
6567,5996,6440,694.4444444444445
6568,5999,6007,21.24946876328092
6569,5999,6112,13.892747985551544
6570,6000,6017,12.564392511622064
6571,6001,6168,92.7643784786642
6572,6010,6012,4.84824978182876
6573,6012,6014,75.8150113722517
6574,6012,6052,7.008199593524424
6575,6012,6171,6.700616456714018
6576,6013,6499,80.25682182985554
6577,6014,6015,3.5855145213338115
6578,6014,6234,497.5124378109453
6579,6016,6499,401.6064257028112
6580,6017,6018,2.9269720474169474
6581,6017,7074,22.82583884957772
6582,6019,6063,12.60239445494644
6583,6019,6392,17.83484929552345
6584,6022,6058,11.764705882352942
6585,6022,6082,66.62225183211193
6586,6023,6047,6.052536012589275
6587,6023,6169,152.4390243902439
6588,6024,6025,12.34567901234568
6589,6024,6167,87.03220191470844
6590,6026,6028,2000.0
6591,6026,6029,8.395600705230459
6592,6026,6030,8.468834688346883
6593,6026,6370,14.200511218403864
6594,6026,8592,5.775672865888876
6595,6027,6028,2000.0
6596,6027,6336,8.386447500838646
6597,6033,6257,2000.0
6598,6034,6036,19.043991620643688
6599,6034,6063,102.45901639344262
6600,6035,6037,19.043991620643688
6601,6036,6040,18.939393939393938
6602,6037,6039,-96.89922480620154
6603,6038,6039,18.014772113132768
6604,6038,6040,-138.88888888888889
6605,6038,6212,66.00660066006601
6606,6038,9410,36.19254433586681
6607,6039,6041,4.365477801545379
6608,6040,6042,2.4103936172777014
6609,6043,6289,934.5794392523364
6610,6044,6464,3.957888070925354
6611,6045,6239,591.7159763313609
6612,6046,6277,26.267402153926977
6613,6048,6112,28.129395218002813
6614,6049,6316,65.359477124183
6615,6051,6446,102.35414534288638
6616,6053,6147,4.701457451810061
6617,6055,6074,9.659036028204383
6618,6055,6142,17.307026652821044
6619,6055,6164,10.163634515702816
6620,6055,6310,396.8253968253968
6621,6056,6311,2000.0
6622,6057,6141,4.632417658776116
6623,6058,6166,2.9537734455767244
6624,6061,6145,73.96449704142012
6625,6062,6063,2000.0
6626,6062,6064,11.771630370806356
6627,6063,6064,10.770059235325794
6628,6063,9229,6.93000693000693
6629,6064,6108,42.80821917808219
6630,6064,6339,8.442380751371887
6631,6065,6311,1562.5
6632,6066,6067,3.6084148233680944
6633,6066,6068,3.6084148233680944
6634,6069,6231,366.3003663003663
6635,6073,6074,7.582075972401244
6636,6074,6396,6.612444620776301
6637,6075,6106,19.73164956590371
6638,6077,6078,2000.0
6639,6078,6079,2000.0
6640,6078,6253,21.32196162046908
6641,6078,6303,2000.0
6642,6078,6370,25.374270489723425
6643,6078,8340,5.861321141785359
6644,6080,6114,36.52300949598247
6645,6080,6464,45.59963520291838
6646,6081,6163,29.735355337496284
6647,6081,6369,8.548469823901522
6648,6082,6238,98.61932938856016
6649,6083,6087,7.5947444368497
6650,6083,6120,86.05851979345955
6651,6083,6137,27.540622418066647
6652,6083,6325,1315.7894736842106
6653,6084,6085,34.39972480220158
6654,6084,6170,42.97378599054576
6655,6085,6165,25.76655501159495
6656,6086,6235,69.25207756232687
6657,6087,6089,9.932459276916964
6658,6087,6093,9.852216748768472
6659,6087,6094,9.818360333824252
6660,6087,6095,9.921619208254787
6661,6087,6096,9.875567845151096
6662,6087,6098,9.94431185361973
6663,6087,6099,153.84615384615384
6664,6087,6100,168.0672268907563
6665,6087,6101,10.827197921178
6666,6087,6102,12.971851083149565
6667,6087,6284,57.971014492753625
6668,6087,6313,18.681113394358302
6669,6087,6482,54.525627044711015
6670,6087,6632,10.311404413281087
6671,6087,6697,12.201073694485114
6672,6088,6099,33.523298692591354
6673,6088,6100,33.277870216306155
6674,6088,6102,-25.438819638768763
6675,6088,6173,185.87360594795535
6676,6088,6730,54.55537370430987
6677,6088,6842,57.6036866359447
6678,6088,7635,29.197080291970803
6679,6090,6101,-72.83321194464676
6680,6090,6128,8.061265618702135
6681,6091,6102,2.628259041211102
6682,6092,6100,6.378364587319811
6683,6097,6099,6.968641114982578
6684,6101,6103,2.8348688873139616
6685,6105,6106,4.765308553728854
6686,6106,6107,4.765308553728854
6687,6106,6171,80.84074373484236
6688,6109,6110,6.827802813054759
6689,6109,6187,212.7659574468085
6690,6113,6170,80.32128514056225
6691,6114,6209,5.849663644340451
6692,6114,7380,4.888063349301007
6693,6116,6117,41.23711340206186
6694,6116,6121,6.984215672579969
6695,6117,6119,16.633399866932802
6696,6117,6120,26.068821689259646
6697,6118,6119,4.19621501405732
6698,6123,6124,9.975062344139651
6699,6123,6125,8.053475074494644
6700,6128,6360,2.973181899268597
6701,6129,6301,27.15915263443781
6702,6130,6231,10.0
6703,6136,6202,2000.0
6704,6137,9298,9.767532721234616
6705,6141,6249,37.9794910748196
6706,6144,6170,55.67928730512249
6707,6145,6146,3.50459101422864
6708,6147,6150,5.107252298263534
6709,6148,6149,1.4390766883967248
6710,6151,6247,2000.0
6711,6151,6436,25.4000508001016
6712,6152,6820,17.301038062283737
6713,6154,6155,8.89125989152663
6714,6155,6156,8.758101243650376
6715,6157,6158,56.49717514124294
6716,6157,6161,56.59309564233163
6717,6157,6237,55.92841163310962
6718,6157,6406,44.20866489832007
6719,6157,6410,2000.0
6720,6157,6501,1785.7142857142858
6721,6158,6159,6.6970265202250205
6722,6158,6160,-609.7560975609756
6723,6160,6161,-598.8023952095808
6724,6160,6292,8.089305937550558
6725,6161,6162,6.68493883280968
6726,6166,6167,16.486196468637207
6727,6167,6286,25.806451612903224
6728,6171,6448,1428.571428571429
6729,6173,6186,400.0
6730,6173,6212,68.63417982155113
6731,6180,6182,35.38570417551309
6732,6180,6449,14.492753623188406
6733,6181,6446,7.489514679448772
6734,6182,6183,10.797969981643451
6735,6184,6186,10.835410120273052
6736,6185,6186,10.744600838078863
6737,6187,6188,2000.0
6738,6192,6197,152.67175572519085
6739,6201,6339,31.959092361776925
6740,6212,6226,114.35105774728416
6741,6213,6215,46.33920296570899
6742,6213,6216,45.93477262287551
6743,6213,6219,132.4503311258278
6744,6213,6327,212.0890774125133
6745,6213,7177,40.65040650406504
6746,6213,7197,60.13229104028864
6747,6214,6215,-454.54545454545456
6748,6214,6216,-446.4285714285714
6749,6214,6496,65.14657980456026
6750,6215,6218,8.932559178204556
6751,6216,6217,8.946944618412813
6752,6219,6221,46.51162790697674
6753,6219,6222,46.27487274409995
6754,6219,6264,40.766408479412966
6755,6219,6345,2000.0
6756,6219,6460,120.48192771084338
6757,6219,6469,1273.8853503184714
6758,6220,6221,-485.4368932038834
6759,6220,6222,-460.8294930875576
6760,6220,6340,45.78754578754579
6761,6220,6453,302.11480362537765
6762,6221,6224,8.880994671403197
6763,6222,6223,8.881783462119193
6764,6226,6228,46.57661853749418
6765,6226,6405,1639.344262295082
6766,6227,6228,8.85112409275978
6767,6228,6229,-480.7692307692308
6768,6230,6390,5.679559266200942
6769,6235,6390,35.06311360448808
6770,6237,6267,60.56935190793458
6771,6237,6268,60.49606775559589
6772,6237,6372,408.16326530612247
6773,6237,6560,73.34066740007334
6774,6238,6381,621.1180124223603
6775,6239,6396,15.36806516059628
6776,6241,6369,80.1924619085806
6777,6253,6260,39.23107100823852
6778,6253,6326,24.177949709864603
6779,6254,6387,200.8032128514056
6780,6255,6275,40.91653027823241
6781,6256,6394,2000.0
6782,6257,6258,32.25806451612903
6783,6260,6261,8.791208791208792
6784,6262,6263,-49.6031746031746
6785,6262,9111,52.46589716684155
6786,6263,6402,94.5179584120983
6787,6264,9111,52.35602094240838
6788,6267,6272,39.96802557953637
6789,6268,6273,39.936102236421725
6790,6270,6272,-49.6031746031746
6791,6271,6273,-49.6031746031746
6792,6274,6348,22.716946842344388
6793,6274,7341,26.28120893561104
6794,6278,6281,15.28117359413203
6795,6279,6282,15.377518068583733
6796,6280,6283,18.315018315018317
6797,6284,6287,125.0
6798,6284,6482,1351.3513513513512
6799,6286,6288,2000.0
6800,6287,7203,9.87166831194472
6801,6289,6394,5.294086505373498
6802,6291,6296,10.641694157709908
6803,6291,6306,13.886960144424386
6804,6291,6314,24.551927326295115
6805,6292,6300,10.641694157709908
6806,6292,6306,41.05090311986864
6807,6293,6297,47.80114722753346
6808,6295,6298,67.38544474393531
6809,6299,6376,1250.0
6810,6301,6308,73.96449704142012
6811,6302,6303,2.668801708033093
6812,6305,6313,18.733608092918697
6813,6306,6309,41.08463434675432
6814,6307,6315,2000.0
6815,6307,6336,62.30529595015577
6816,6307,6371,28.6286859433152
6817,6310,6311,13.468013468013469
6818,6314,6984,2000.0
6819,6316,6320,65.359477124183
6820,6318,6319,7.002801120448179
6821,6321,6322,4.245743641998896
6822,6321,6323,4.254957024934048
6823,6321,6324,3.01504507492387
6824,6321,6325,1315.7894736842106
6825,6327,6331,16.611295681063122
6826,6327,6333,16.611295681063122
6827,6327,6401,847.457627118644
6828,6327,6430,45.433893684688776
6829,6328,6331,-172.1170395869191
6830,6329,6333,-172.1170395869191
6831,6330,6331,8.981498113885396
6832,6332,6333,8.981498113885396
6833,6334,6362,132.9787234042553
6834,6336,6337,2000.0
6835,6336,6344,114.15525114155253
6836,6340,6341,8.031483414986749
6837,6340,6342,8.065817067268915
6838,6340,6384,36.50967506389193
6839,6343,6344,10.002000400080016
6840,6345,6346,8.395600705230459
6841,6345,6347,8.395600705230459
6842,6345,6421,253.8071065989848
6843,6348,6349,10.165700925078784
6844,6353,6356,245.7002457002457
6845,6356,6438,225.7336343115124
6846,6357,6359,10.26167265264238
6847,6358,6359,10.26167265264238
6848,6359,6380,132.27513227513228
6849,6359,6560,102.04081632653062
6850,6361,6362,13.080444735120992
6851,6362,6413,247.52475247524757
6852,6363,6366,148.3679525222552
6853,6363,6449,8.147967082212988
6854,6364,6369,16.35590448151783
6855,6365,6367,-117.6470588235294
6856,6366,6367,10.877841836179702
6857,6367,6368,6.356874960269532
6858,6370,6498,2000.0
6859,6371,6389,17.247326664367023
6860,6372,6373,12.035142616440003
6861,6374,6375,9.601536245799329
6862,6374,6386,207.4688796680498
6863,6374,7093,7.687576875768758
6864,6378,6380,11.669973159061737
6865,6379,6380,11.556685542586386
6866,6382,6384,8.014104824491104
6867,6383,6384,8.084074373484237
6868,6385,6387,70.92198581560284
6869,6388,6504,6.019020103527146
6870,6392,6393,259.7402597402597
6871,6399,6401,17.898693395382136
6872,6400,6401,17.898693395382136
6873,6402,6415,2000.0
6874,6402,6460,176.3668430335097
6875,6403,6405,6.516356053694774
6876,6404,6405,6.516356053694774
6877,6406,6429,140.4494382022472
6878,6406,6443,2000.0
6879,6409,6410,11.37397634212921
6880,6411,6413,11.123470522803114
6881,6412,6413,11.123470522803114
6882,6414,6415,5.00175061271445
6883,6415,6417,168.9189189189189
6884,6416,6417,12.003360941063498
6885,6418,6437,29.18855808523059
6886,6418,8978,10.382059800664452
6887,6419,6421,10.422094841063052
6888,6420,6421,10.469011725293132
6889,6422,6424,11.516756881262236
6890,6423,6424,10.183299389002038
6891,6424,6426,184.1620626151013
6892,6425,6426,7.352941176470588
6893,6427,6429,15.160703456640388
6894,6428,6429,5.369992482010526
6895,6429,6432,436.6812227074236
6896,6430,6441,2000.0
6897,6431,6432,11.054609772275038
6898,6432,6433,5.369992482010526
6899,6434,6435,14.068655036578503
6900,6435,6440,2000.0
6901,6439,6440,5.543237250554324
6902,6441,6442,13.831258644536652
6903,6443,6444,15.832805573147562
6904,6443,6445,6.892748828232699
6905,6446,6457,1219.5121951219512
6906,6447,6448,8.982304859426929
6907,6449,6459,141.04372355430183
6908,6452,6453,4.231550440081246
6909,6454,6467,21.767522855899
6910,6458,6459,13.338668800853675
6911,6460,6478,1369.86301369863
6912,6467,6468,4.001760774740886
6913,6467,6499,11.453441759248657
6914,6469,6477,1470.5882352941176
6915,6469,9432,128.2873636946761
6916,6474,6475,10.827197921178
6917,6474,6476,10.902747492368077
6918,6474,6477,2000.0
6919,6478,6479,10.74922068150059
6920,6478,6480,10.902747492368077
6921,6481,6506,2000.0
6922,6493,6496,12.003360941063498
6923,6494,6496,11.14951499609767
6924,6495,6496,11.161960040183056
6925,6497,6498,15.28117359413203
6926,6500,6501,14.110342881332016
6927,6501,6502,10.529640939243972
6928,6504,6507,2000.0
6929,6505,6506,14.427932477276006
6930,6508,6808,3.585385966799326
6931,6508,7164,28.28854314002829
6932,6509,7140,11.862396204033214
6933,6510,7605,8.88651915044877
6934,6511,7014,12.493753123438282
6935,6511,7412,13.865779256794232
6936,6512,7212,76.86395080707149
6937,6512,7297,51.22950819672131
6938,6513,6644,268.81720430107526
6939,6513,6698,56.49717514124294
6940,6515,6516,2000.0
6941,6515,6551,1388.888888888889
6942,6515,7437,85.1063829787234
6943,6517,6520,1000.0
6944,6517,6577,2000.0
6945,6517,7349,37.0919881305638
6946,6517,7614,119.18951132300356
6947,6518,6747,74.57121551081282
6948,6518,7115,16.949152542372882
6949,6519,6520,76.92307692307692
6950,6521,7248,297.6190476190476
6951,6522,7368,21.24946876328092
6952,6523,6524,9.103322712790169
6953,6523,6878,48.732943469785575
6954,6523,6925,454.54545454545456
6955,6524,6525,237.52969121140143
6956,6524,6866,300.3003003003003
6957,6525,6869,14.622020763269484
6958,6525,7035,12.470382840753212
6959,6526,6743,170.64846416382252
6960,6526,6834,735.2941176470588
6961,6526,6985,9.820288716488264
6962,6527,7146,819.672131147541
6963,6527,7382,2000.0
6964,6527,7383,2000.0
6965,6528,6916,3.366096674296486
6966,6529,7016,500.0
6967,6530,7401,94.07337723424271
6968,6530,7459,892.8571428571429
6969,6531,7210,35.486160397445
6970,6531,7226,35.1741118536757
6971,6532,6661,72.46376811594203
6972,6532,7242,37.87878787878788
6973,6533,7089,121.95121951219512
6974,6533,7207,2000.0
6975,6533,7224,16.40150893882237
6976,6535,6557,166.11295681063123
6977,6536,6537,74.3807630563876
6978,6536,6557,29.7441998810232
6979,6536,7228,26.490066225165563
6980,6537,7177,172.1170395869191
6981,6538,7186,56.2429696287964
6982,6538,7367,42.73504273504273
6983,6539,6810,20.90301003344481
6984,6539,6963,2000.0
6985,6540,6629,268.81720430107526
6986,6540,7672,151.9756838905775
6987,6542,6543,2000.0
6988,6542,6547,2000.0
6989,6542,6659,144.3001443001443
6990,6542,7520,190.47619047619048
6991,6543,6545,46.57661853749418
6992,6544,6545,8.92379082634303
6993,6545,6546,-456.6210045662101
6994,6546,6548,-564.9717514124294
6995,6546,6826,10.860121633362294
6996,6546,6896,31.64556962025317
6997,6546,7018,116.95906432748538
6998,6546,7148,34.9283967865875
6999,6546,7305,48.85197850512946
7000,6547,6548,46.8384074941452
7001,6548,6549,8.949346697691068
7002,6550,6600,26.737967914438503
7003,6550,7557,19.790223629527013
7004,6551,7104,387.5968992248062
7005,6552,7202,38.5951370127364
7006,6552,7205,37.87878787878788
7007,6553,7213,53.27650506126798
7008,6553,7245,111.11111111111111
7009,6553,7304,1282.051282051282
7010,6554,7207,33.818058843422385
7011,6554,7302,23.557126030624264
7012,6555,6753,85.25149190110827
7013,6555,6807,67.93478260869566
7014,6555,6911,1000.0
7015,6556,7034,42.229729729729726
7016,6556,7111,1250.0
7017,6556,7295,2000.0
7018,6557,7242,1265.822784810127
7019,6558,6810,2000.0
7020,6558,7527,30.56234718826406
7021,6559,6727,5.091649694501018
7022,6559,6735,4.5987583352494825
7023,6559,7045,12.007684918347742
7024,6560,7559,144.0922190201729
7025,6560,7671,581.3953488372093
7026,6561,7104,27.15177844148792
7027,6561,7191,14.332807797047442
7028,6561,7334,2000.0
7029,6561,7335,2000.0
7030,6562,6563,12.696800406297614
7031,6562,6565,-460.8294930875576
7032,6562,6566,-462.962962962963
7033,6562,6599,27.277686852154936
7034,6562,6805,142.2475106685633
7035,6562,6943,704.2253521126761
7036,6562,7096,94.94363478497979
7037,6562,7326,440.34803410888605
7038,6563,7072,17.796760989499912
7039,6564,6565,46.08294930875576
7040,6564,6566,46.06172270842929
7041,6564,6794,45.682960255824575
7042,6564,6816,54.14185165132648
7043,6564,7508,82.74720728175424
7044,6565,6567,8.94854586129754
7045,6566,6568,8.992805755395684
7046,6569,6570,862.0689655172414
7047,6569,7298,159.4896331738437
7048,6569,7322,367.6470588235294
7049,6571,6572,11.524720525527256
7050,6572,7014,21.682567215958368
7051,6573,6574,14.06271972999578
7052,6573,7300,434.7826086956522
7053,6575,6576,103.62694300518136
7054,6576,7076,40.22526146419952
7055,6576,7646,268.81720430107526
7056,6577,6578,71.94244604316546
7057,6579,6581,-621.1180124223603
7058,6579,6582,-78.98894154818325
7059,6579,6595,33.5345405767941
7060,6579,6626,11.239743733842868
7061,6579,7036,95.69377990430624
7062,6579,7371,227.79043280182236
7063,6579,7376,105.04201680672269
7064,6579,7407,74.73841554559043
7065,6579,7453,26.089225150013046
7066,6579,7477,289.01734104046244
7067,6579,7574,21.34471718249733
7068,6580,6581,47.48338081671415
7069,6580,6582,31.230480949406623
7070,6580,7460,54.97526113249038
7071,6580,7508,313.47962382445144
7072,6581,6584,8.925383791503034
7073,6582,6583,8.14000814000814
7074,6585,6917,15.295197308045276
7075,6585,7260,925.925925925926
7076,6586,7260,925.925925925926
7077,6586,7456,22.9147571035747
7078,6587,6874,37.10575139146568
7079,6587,7430,47.596382674916704
7080,6588,7185,19.584802193497847
7081,6588,7326,18.21161901293025
7082,6589,6675,13.877324451845684
7083,6589,7619,125.94458438287154
7084,6590,6591,50.70993914807302
7085,6590,6592,2000.0
7086,6592,7369,22.716946842344388
7087,6592,7600,68.96551724137932
7088,6593,6951,116.0092807424594
7089,6593,6987,81.43322475570032
7090,6595,7373,92.42144177449168
7091,6596,7036,51.62622612287042
7092,6596,7507,45.97701149425287
7093,6597,6598,272.4795640326976
7094,6598,7053,29.64719833975689
7095,6598,7063,793.6507936507936
7096,6599,6613,23.691068467187872
7097,6600,6601,9.601536245799329
7098,6600,6986,48.03073967339097
7099,6601,7333,16.220600162206
7100,6602,6805,33.62474781439139
7101,6602,7624,47.86979415988511
7102,6603,6604,2000.0
7103,6603,7156,2000.0
7104,6603,7157,2000.0
7105,6605,7136,3.725643604932752
7106,6605,7317,131.75230566534916
7107,6606,7305,25.15723270440252
7108,6606,7320,41.22011541632317
7109,6606,7522,92.50693802035153
7110,6607,7188,2000.0
7111,6608,7188,2000.0
7112,6609,6610,1449.2753623188405
7113,6609,6912,258.3979328165375
7114,6609,7631,26.116479498563592
7115,6610,6611,2000.0
7116,6612,6656,36.87315634218289
7117,6612,7263,361.01083032490976
7118,6612,7500,2000.0
7119,6613,6992,22.794620469569185
7120,6613,7503,2000.0
7121,6614,6615,416.6666666666667
7122,6614,6679,2000.0
7123,6614,6794,46.21072088724584
7124,6614,6829,183.8235294117647
7125,6615,7484,2000.0
7126,6616,7426,2000.0
7127,6617,7024,25.22704339051463
7128,6617,7216,12.19809709685289
7129,6618,7327,8.813678829543452
7130,6621,6623,62.53908692933083
7131,6621,7432,29.886431560071728
7132,6622,6711,63.13131313131313
7133,6623,7591,20.07226013649137
7134,6624,6711,2000.0
7135,6625,7409,14.539110206455366
7136,6625,7592,67.24949562878278
7137,6626,7591,67.24949562878278
7138,6627,7272,56.46527385657821
7139,6627,7442,28.92681515765114
7140,6628,6981,149.47683109118086
7141,6628,7672,94.07337723424271
7142,6629,6791,141.643059490085
7143,6631,6954,108.22510822510824
7144,6632,6972,35.61253561253561
7145,6633,7306,71.78750897343862
7146,6634,7415,172.1170395869191
7147,6635,7434,1369.86301369863
7148,6636,7270,144.3001443001443
7149,6636,7301,28.868360277136254
7150,6637,6701,211.41649048625797
7151,6637,6829,174.21602787456445
7152,6637,7179,564.9717514124294
7153,6638,6701,1785.7142857142858
7154,6640,6826,36.96857670979667
7155,6640,6980,1298.7012987012988
7156,6640,7255,675.6756756756756
7157,6641,7478,245.09803921568627
7158,6642,7507,24.342745861733203
7159,6642,7574,35.86800573888092
7160,6643,6769,16.038492381716118
7161,6643,7077,8.46955196070128
7162,6644,7436,99.601593625498
7163,6645,6646,9.901970492127932
7164,6646,6654,2000.0
7165,6647,6648,813.0081300813008
7166,6647,6649,813.0081300813008
7167,6647,6975,67.34006734006734
7168,6647,7423,37.5234521575985
7169,6650,6651,8.3236224404861
7170,6651,6652,8.3236224404861
7171,6651,7349,32.62642740619902
7172,6653,6850,22.49718785151856
7173,6653,7309,1162.7906976744189
7174,6653,7556,2000.0
7175,6654,6736,184.84288354898337
7176,6654,6850,32.38341968911917
7177,6655,7543,448.4304932735426
7178,6655,7607,215.05376344086025
7179,6656,7384,2000.0
7180,6657,6991,17.5530981218185
7181,6657,7384,2000.0
7182,6658,7067,49.14004914004914
7183,6658,7631,3457.5260804769005
7184,6659,7194,120.7729468599034
7185,6659,7545,2000.0
7186,6660,6661,312.5
7187,6660,6716,32.40440699935191
7188,6662,7407,266.6666666666667
7189,6662,7409,349.65034965034965
7190,6663,7117,58.927519151443725
7191,6663,7276,22.016732716864816
7192,6664,7173,62.93266205160478
7193,6665,6667,9.79431929480901
7194,6666,6667,9.782821365681862
7195,6667,6701,2000.0
7196,6668,7012,69.95023753044526
7197,6668,7174,71.32667617689016
7198,6668,7268,1851.851851851852
7199,6668,7459,517.0167997060887
7200,6668,7601,2000.0
7201,6669,7375,26.56042496679947
7202,6669,7548,57.43825387708214
7203,6669,7564,216.4502164502165
7204,6671,6672,17.105713308244955
7205,6671,7179,775.1937984496124
7206,6673,7070,22.22716159146477
7207,6673,7335,51.733057423693744
7208,6674,6862,2000.0
7209,6675,7014,2000.0
7210,6675,7102,100.50251256281408
7211,6675,7679,2000.0
7212,6677,7065,161.29032258064515
7213,6678,6679,6.112095837662735
7214,6680,6681,14.326647564469914
7215,6681,7438,2000.0
7216,6682,6971,33.88681802778719
7217,6682,7660,56.46527385657821
7218,6684,6695,30.91190108191654
7219,6684,7563,96.06147934678194
7220,6685,7080,9.311853990129435
7221,6685,7573,27.06359945872801
7222,6686,7026,17.674089784376104
7223,6686,7711,19.164430816404757
7224,6687,6975,307.6923076923077
7225,6687,7096,24.28363283147159
7226,6688,7458,11.83431952662722
7227,6688,7557,751.8796992481203
7228,6688,7615,2000.0
7229,6689,7034,650.9038567376488
7230,6689,7140,17.094017094017094
7231,6689,7555,127.7139208173691
7232,6690,7102,1190.4761904761904
7233,6691,7068,2000.0
7234,6692,6693,12.764871074802144
7235,6692,7321,826.4462809917355
7236,6694,6703,709.2198581560284
7237,6694,6865,53.648068669527895
7238,6694,7027,471.6981132075472
7239,6695,6703,28.793550244745177
7240,6697,7080,32.08213025344883
7241,6698,6852,123.45679012345678
7242,6698,7126,35.98416696653472
7243,6699,6790,68.3526999316473
7244,6699,6853,123.45679012345678
7245,6699,7622,40.22526146419952
7246,6700,7267,48.03073967339097
7247,6700,7554,263.85224274406335
7248,6700,7637,92.42144177449168
7249,6702,7012,63.13131313131313
7250,6702,7426,50.8646998982706
7251,6704,6705,13.28374070138151
7252,6705,7140,2000.0
7253,6706,7350,2000.0
7254,6711,7433,21.547080370609784
7255,6711,7591,19.25669170036588
7256,6711,7593,19.25669170036588
7257,6716,6717,103.62694300518136
7258,6716,7580,877.1929824561404
7259,6718,6719,10.670081092616304
7260,6719,7541,980.3921568627452
7261,6720,6721,10.513036164844408
7262,6720,6722,208.33333333333331
7263,6720,6724,10.513036164844408
7264,6722,6723,10.513036164844408
7265,6722,7154,126.10340479192938
7266,6725,6726,10.54407423028258
7267,6725,6842,2000.0
7268,6727,7037,3.1938677738741617
7269,6728,7097,53.908355795148246
7270,6729,6730,34.48870494912916
7271,6729,6731,7.754943776657619
7272,6729,6732,7.754943776657619
7273,6729,6733,7.814942169427947
7274,6730,7123,40.68348250610252
7275,6734,7112,8.916629514043692
7276,6735,7160,9.325748391308403
7277,6736,7575,194.1747572815534
7278,6737,6835,900.9009009009008
7279,6737,7110,313.47962382445144
7280,6738,6945,199.6007984031936
7281,6739,6740,7.81983109164842
7282,6739,7037,53.02226935312832
7283,6740,7604,2000.0
7284,6741,7107,14.596409283316303
7285,6743,6836,18.01801801801802
7286,6744,6951,118.62396204033216
7287,6745,7322,1000.0
7288,6746,7159,53.30490405117271
7289,6747,6826,34.80682213713888
7290,6747,6935,2000.0
7291,6748,7622,265.9574468085106
7292,6749,7621,265.9574468085106
7293,6750,6953,22.060445621001545
7294,6750,7018,48.899755501222494
7295,6750,7143,19.63093835885355
7296,6751,7116,5.549697541483989
7297,6751,7159,9.859988168014198
7298,6752,7113,3.45447008428907
7299,6753,6754,6.25
7300,6753,7150,35.12469265893923
7301,6754,7247,28.5143997718848
7302,6755,7287,91.74311926605505
7303,6755,7414,149.92503748125938
7304,6755,7423,89.92805755395683
7305,6755,7479,564.9717514124294
7306,6755,7667,2000.0
7307,6756,6759,12.727504136438844
7308,6756,6760,17.711654268508678
7309,6756,6763,12.727504136438844
7310,6756,6794,2000.0
7311,6757,6758,12.727504136438844
7312,6757,6761,12.727504136438844
7313,6757,6762,17.711654268508678
7314,6757,6794,2000.0
7315,6764,6918,18.37897445322551
7316,6764,7163,151.5151515151515
7317,6765,6937,44.44444444444444
7318,6766,7273,1111.111111111111
7319,6767,6768,7.012622720897616
7320,6767,7085,115.2073732718894
7321,6768,6827,103.09278350515464
7322,6769,6770,2000.0
7323,6769,7327,12.763241863433311
7324,6771,6898,14.351320321469576
7325,6771,7152,15.246226558926663
7326,6772,7126,74.8502994011976
7327,6773,7607,103.84215991692628
7328,6774,6781,49.50495049504951
7329,6774,6782,46.860356138706656
7330,6774,6783,44.28697962798937
7331,6774,6784,135.13513513513513
7332,6774,6794,2000.0
7333,6774,7673,787.4015748031496
7334,6775,6783,11.193827550264029
7335,6776,6784,12.231675519763549
7336,6777,6782,5.728689275893675
7337,6778,6782,5.684078895015063
7338,6779,6781,5.651313930488839
7339,6780,6781,5.700929251467989
7340,6786,6787,14.492753623188406
7341,6787,6788,27.58620689655172
7342,6788,7140,65.359477124183
7343,6788,7647,341.29692832764505
7344,6789,6981,63.89776357827476
7345,6789,7030,2000.0
7346,6789,7038,56.4334085778781
7347,6790,7126,75.98784194528875
7348,6791,6795,440.5286343612335
7349,6791,6796,265.2519893899204
7350,6791,6797,69.01311249137336
7351,6791,6920,495.0495049504951
7352,6791,6945,66.62225183211193
7353,6791,6949,552.4861878453039
7354,6791,7110,58.8235294117647
7355,6791,7158,35.91954022988506
7356,6791,7282,193.7984496124031
7357,6791,7408,8.753501400560225
7358,6791,7716,454.54545454545456
7359,6792,6795,6.0960741282614
7360,6793,6796,13.35826876836762
7361,6794,6795,44.96402877697842
7362,6794,6796,90.00900090009002
7363,6794,6797,69.97900629811056
7364,6794,6816,132.9787234042553
7365,6794,7181,36.83241252302026
7366,6794,7673,552.4861878453039
7367,6797,6798,5.138482092389908
7368,6800,6801,3.4120376688958647
7369,6800,6876,41.51100041511
7370,6800,7046,7.237984944991314
7371,6802,6803,5.546927002440648
7372,6802,7539,70.72135785007072
7373,6804,6825,16.515276630883566
7374,6804,6924,373.13432835820896
7375,6804,6950,478.4688995215311
7376,6805,7138,154.5595054095827
7377,6806,7073,19.28640308582449
7378,6806,7242,33.87533875338753
7379,6807,6897,19.09854851031321
7380,6807,7454,62.893081761006286
7381,6808,6993,9.119095385737737
7382,6809,6810,2.98971537909591
7383,6809,6937,4.316484654897052
7384,6809,6946,19.065776930409918
7385,6810,7083,133.6898395721925
7386,6810,7169,30.084235860409144
7387,6810,7276,16.96928559307653
7388,6810,7637,52.2466039707419
7389,6811,6814,152.20700152207002
7390,6811,6817,-543.4782608695652
7391,6811,6837,20.0
7392,6811,6917,21.805494984736157
7393,6811,6979,36.95491500369549
7394,6811,6992,122.24938875305624
7395,6811,7011,9.693679720822024
7396,6811,7064,74.12898443291327
7397,6811,7368,31.877590054191906
7398,6813,6814,64.14368184733804
7399,6814,6815,8.450942280064227
7400,6816,6817,46.99248120300752
7401,6816,7259,84.60236886632826
7402,6817,6818,8.943743851176102
7403,6820,6822,-454.54545454545456
7404,6820,7039,64.06149903907752
7405,6820,7099,13.35113484646195
7406,6821,6822,46.33920296570899
7407,6821,7197,2000.0
7408,6822,6823,8.94854586129754
7409,6824,7383,137.5515818431912
7410,6824,7465,162.86644951140065
7411,6825,6858,2000.0
7412,6825,7131,160.25641025641025
7413,6825,7715,18.646280067126607
7414,6826,6837,49.62779156327544
7415,6826,6915,21.64970772894566
7416,6826,6919,43.78283712784589
7417,6826,7134,20.89427496865859
7418,6826,7258,704.2253521126761
7419,6827,7171,2000.0
7420,6827,7172,2000.0
7421,6828,6830,-555.5555555555555
7422,6828,6831,-555.5555555555555
7423,6828,6926,180.83182640144665
7424,6828,6944,1369.86301369863
7425,6828,7025,41.59733777038269
7426,6828,7034,38.80481179666278
7427,6828,7147,74.34944237918215
7428,6828,7149,72.25433526011561
7429,6828,7189,71.27583749109051
7430,6828,7300,36.04902667627974
7431,6828,7458,95.69377990430624
7432,6829,6830,49.75124378109453
7433,6829,6831,49.75124378109453
7434,6830,6833,6.784260515603799
7435,6831,6832,6.784260515603799
7436,6836,6916,15.873015873015872
7437,6837,7049,103.30578512396694
7438,6838,6839,9.601536245799329
7439,6838,7317,14.75143826523086
7440,6838,7478,58.10575246949448
7441,6839,7056,11.705489874751258
7442,6840,7276,66.2251655629139
7443,6840,7466,141.643059490085
7444,6842,7022,495.0495049504951
7445,6842,7154,2000.0
7446,6842,7196,69.39625260235947
7447,6842,7635,60.49606775559589
7448,6843,6931,70.27406886858749
7449,6843,7466,74.73841554559043
7450,6846,7006,21.427040925648168
7451,6847,7624,33.62474781439139
7452,6848,7634,1492.5373134328358
7453,6849,7188,50.403225806451616
7454,6849,7586,1851.851851851852
7455,6849,7619,32.22687721559781
7456,6850,7009,2000.0
7457,6850,7025,26.867275658248253
7458,6850,7034,10.612331529236974
7459,6850,7048,2000.0
7460,6850,7053,46.21072088724584
7461,6850,7300,29.53337271116361
7462,6851,7064,386.1003861003861
7463,6851,7115,58.75440658049354
7464,6856,7648,1190.4761904761904
7465,6858,6905,37.243947858473
7466,6858,7118,62.266500622665006
7467,6859,7162,7.593014426727411
7468,6860,7219,65.74621959237344
7469,6860,7532,33.41129301703976
7470,6861,6862,53.763440860215056
7471,6861,7056,14.259232853272492
7472,6863,6865,118.76484560570071
7473,6864,6957,9.91768322919766
7474,6865,7158,68.7757909215956
7475,6867,6904,23.1000231000231
7476,6867,6937,3.785297902944962
7477,6868,7247,53.61930294906166
7478,6870,6871,9.560229445506693
7479,6871,6896,273.224043715847
7480,6872,7045,11.927480916030534
7481,6872,7142,3.4199726402188784
7482,6873,7396,27.731558513588464
7483,6873,7507,175.7469244288225
7484,6874,7076,34.746351633078525
7485,6875,7172,49.115913555992144
7486,6876,7074,13.065064018813692
7487,6877,6900,16.94628029147602
7488,6877,7594,29.68239833778569
7489,6879,6882,43.89815627743635
7490,6880,7352,5.964451866873434
7491,6881,6929,68.68131868131869
7492,6881,7005,87.10801393728222
7493,6881,7044,70.57163020465772
7494,6882,7447,4.850836769342712
7495,6883,6931,72.09805335255948
7496,6883,7126,156.98587127158555
7497,6885,7327,3.8028597505324
7498,6888,7589,23.946360153256705
7499,6889,7013,3.6165057321615857
7500,6889,7050,27.862914460852604
7501,6889,7100,11.016855789357717
7502,6890,7029,78.18608287724786
7503,6890,7159,25.647601949217748
7504,6891,7406,564.9717514124294
7505,6892,6893,5.61104253170239
7506,6892,7069,42.57130693912303
7507,6894,6899,10.206164523372117
7508,6895,6959,6.680026720106881
7509,6895,7028,7.666360012266176
7510,6895,7040,1.614595947364172
7511,6896,7076,9.523809523809524
7512,6897,6898,5.887894488930758
7513,6897,6909,9.92950054612253
7514,6897,7093,8.721437292865865
7515,6899,6933,29.958058717795087
7516,6900,7034,28.70264064293915
7517,6902,7028,6.952169076751947
7518,6903,6904,6.324710644488015
7519,6903,6906,41.61464835622139
7520,6903,6951,11.530035743110805
7521,6903,6998,99.2063492063492
7522,6903,7265,40.27386226339106
7523,6906,6907,8.960573476702509
7524,6908,6909,9.548362455838824
7525,6909,7264,36.98224852071006
7526,6910,7163,2.8333427778092592
7527,6912,7019,389.10505836575874
7528,6912,7385,1315.7894736842106
7529,6913,7375,2000.0
7530,6914,6961,180.18018018018017
7531,6915,7114,1851.851851851852
7532,6918,7042,3.1623553222440077
7533,6918,7092,18.618506795754985
7534,6919,7044,17.238407171177382
7535,6921,7282,303.951367781155
7536,6922,7056,21.30833155763904
7537,6922,7233,5.046681806712087
7538,6923,7350,2000.0
7539,6924,6945,371.7472118959108
7540,6924,7715,421.9409282700422
7541,6925,7016,3.143764343424817
7542,6926,7150,34.48275862068966
7543,6929,7086,53.27650506126798
7544,6930,6999,2000.0
7545,6932,7071,18.412815319462347
7546,6933,7170,9.33184023889511
7547,6934,6993,6.92952671332548
7548,6934,6996,1298.7012987012988
7549,6936,7101,210.08403361344537
7550,6936,7321,2.2073593360263115
7551,6942,7028,2.6962899050905955
7552,6942,7135,105.48523206751057
7553,6943,7076,16.220600162206
7554,6943,7171,236.96682464454975
7555,6946,7105,13.575889220743958
7556,6947,7083,225.7336343115124
7557,6950,7716,2000.0
7558,6954,7006,72.46376811594203
7559,6954,7020,7.103786318107551
7560,6955,6961,23.2288037166086
7561,6955,7448,24.06159769008662
7562,6956,7107,9.811616954474095
7563,6957,7133,13.317352510320948
7564,6958,7595,9.13575735428467
7565,6959,7108,2.066115702479338
7566,6960,7047,29.15451895043732
7567,6960,7353,34.674063800277395
7568,6961,6985,8.719916288803628
7569,6962,7076,10.53962900505902
7570,6962,7368,28.57959416976279
7571,6963,7374,387.5968992248062
7572,6964,7095,9.798157946306096
7573,6964,7119,7.605719501064801
7574,6965,6966,7.089181908407769
7575,6966,7412,37.10575139146568
7576,6967,7397,1492.5373134328358
7577,6968,7214,448.4304932735426
7578,6968,7517,71.17437722419929
7579,6968,7627,140.64697609001408
7580,6969,6970,8.87154009936125
7581,6970,7457,2000.0
7582,6971,7073,17.83166904422254
7583,6972,7073,219.78021978021977
7584,6973,6974,9.417969485778864
7585,6974,7539,1020.408163265306
7586,6975,7582,1369.86301369863
7587,6976,6977,5.668934240362812
7588,6976,7412,23.26663564448581
7589,6978,7214,1209.3128390596746
7590,6979,7110,88.41732979664015
7591,6980,7472,2000.0
7592,6981,7115,35.829451809387315
7593,6981,7282,301.2048192771084
7594,6983,7018,917.4311926605504
7595,6984,6985,11.859150447419871
7596,6984,6986,2000.0
7597,6984,7249,37.03703703703704
7598,6987,7073,102.24948875255625
7599,6988,7044,14.353380221042055
7600,6988,7384,96.24639076034649
7601,6989,7241,34.19972640218878
7602,6990,7152,5.55895269331258
7603,6991,7590,144.3001443001443
7604,6994,6995,5.72967398155045
7605,6995,7189,94.16195856873824
7606,6996,7135,2.9409169779137136
7607,6997,7013,28.677946659019213
7608,6998,7212,51.12474437627812
7609,6999,7000,9.875567845151096
7610,6999,7001,9.754194303550529
7611,6999,7002,9.791442279447764
7612,6999,7003,9.94431185361973
7613,6999,7004,9.909820632246555
7614,6999,7364,4000.0
7615,7008,7009,9.389671361502348
7616,7008,7066,39.55696202531646
7617,7008,7071,12.71940981938438
7618,7010,7047,2000.0
7619,7011,7456,71.94244604316546
7620,7012,7058,120.33694344163658
7621,7012,7488,2000.0
7622,7014,7015,7.523888345496953
7623,7014,7318,9.609840476648088
7624,7015,7101,4.665920119447555
7625,7017,7333,63.49206349206349
7626,7019,7020,22.742122625467267
7627,7019,7076,419.4675044316127
7628,7019,7631,17.68972227136034
7629,7020,7119,30.637254901960784
7630,7022,7023,11.856770215793215
7631,7024,7026,17.205781142463866
7632,7024,7169,15.90836780146357
7633,7024,7220,64.18485237483954
7634,7024,7270,869.5652173913044
7635,7025,7539,125.47051442910916
7636,7025,7663,2000.0
7637,7028,7321,3.8370040672243113
7638,7034,7035,18.137049041753933
7639,7034,7147,79.80845969672785
7640,7034,7412,195.3125
7641,7034,7438,364.963503649635
7642,7034,7575,45.64125969876768
7643,7038,7117,386.1003861003861
7644,7038,7132,174.52006980802793
7645,7039,7144,10.453690152623876
7646,7040,7041,7.987220447284345
7647,7040,7234,7.980209081477935
7648,7041,7317,2000.0
7649,7042,7448,7.00770847932726
7650,7043,7044,37.835792659856224
7651,7043,7244,33.9097999321804
7652,7044,7070,21.496130696474637
7653,7044,7148,14.442518775274408
7654,7044,7263,16.149870801033593
7655,7044,7590,39.96802557953637
7656,7046,7380,3.754599384245701
7657,7047,7048,16.118633139909736
7658,7047,7394,63.13131313131313
7659,7050,7051,15.454683813214608
7660,7050,7170,21.77226213803614
7661,7051,7144,27.862914460852604
7662,7051,7176,34.08316291751875
7663,7051,7343,2000.0
7664,7051,7633,21.32650885050117
7665,7051,7713,2000.0
7666,7053,7158,14.92537313432836
7667,7054,7055,8.516436722875149
7668,7055,7069,48.05382027871216
7669,7057,7133,13.014055179593962
7670,7057,7135,6.800408024481469
7671,7058,7060,13.575889220743958
7672,7058,7157,99.10802775024776
7673,7058,7361,66.66666666666667
7674,7058,7487,1369.86301369863
7675,7058,7488,140.0560224089636
7676,7062,7116,4.306075873056884
7677,7062,7625,51.975051975051976
7678,7064,7065,2.152389151958674
7679,7066,7190,23.11604253351826
7680,7067,7603,1190.4761904761904
7681,7068,7317,17.01258931609391
7682,7068,7584,54.229934924078094
7683,7069,7189,2000.0
7684,7071,7107,10.884946119516709
7685,7072,7118,31.938677738741617
7686,7072,7634,23.803856224708404
7687,7073,7074,10.05126143330988
7688,7073,7521,51.733057423693744
7689,7073,7531,33.73819163292848
7690,7075,7087,144.3001443001443
7691,7076,7077,5.767012687427912
7692,7076,7364,14.887598630340928
7693,7076,7498,109.2896174863388
7694,7076,7581,19.77456990310461
7695,7076,7645,42.42681374628766
7696,7078,7326,82.03445447087776
7697,7078,7379,30.3951367781155
7698,7079,7080,64.14368184733804
7699,7079,7081,6.355662895640015
7700,7079,7082,9.336196433572962
7701,7080,7215,47.86979415988511
7702,7080,7216,13.392259274139548
7703,7080,7521,21.128248468201985
7704,7083,7662,49.97501249375313
7705,7086,7097,27.35229759299781
7706,7087,7089,144.3001443001443
7707,7087,7090,50.25125628140704
7708,7088,7309,4000.0
7709,7089,7215,56.306306306306304
7710,7090,7091,4.752851711026616
7711,7092,7093,7.110858280594468
7712,7092,7113,37.5234521575985
7713,7093,7341,12.007684918347742
7714,7094,7375,51.51983513652756
7715,7094,7411,75.35795026375283
7716,7095,7096,14.413375612568464
7717,7097,7114,78.74015748031496
7718,7098,7099,16.515276630883566
7719,7101,7271,5.353319057815845
7720,7102,7604,90.00900090009002
7721,7103,7333,9.954210631096954
7722,7103,7448,9.512937595129376
7723,7106,7241,27.8473962684489
7724,7109,7584,2000.0
7725,7111,7457,70.47216349541931
7726,7112,7587,11.633317822242905
7727,7112,7595,5.405405405405405
7728,7115,7116,12.007684918347742
7729,7115,7134,21.03491796381994
7730,7123,7124,46.57661853749418
7731,7123,7127,46.51162790697674
7732,7123,7259,121.95121951219512
7733,7124,7125,6.815238874122538
7734,7124,7126,-478.4688995215311
7735,7126,7127,-485.4368932038834
7736,7126,7370,99.50248756218906
7737,7126,7607,268.81720430107526
7738,7127,7128,8.997660608241857
7739,7130,7590,2000.0
7740,7135,7136,10.632959456633463
7741,7139,7326,53.93743257820928
7742,7140,7141,7.81983109164842
7743,7143,7397,87.48906386701663
7744,7143,7498,22.045855379188712
7745,7145,7428,28.555111364934323
7746,7147,7155,1010.10101010101
7747,7150,7610,1190.4761904761904
7748,7152,7153,81.36696501220504
7749,7156,7345,81.23476848090984
7750,7157,7288,129.87012987012986
7751,7160,7161,8.583690987124463
7752,7161,7162,9.099181073703368
7753,7164,7165,0.7584376185058779
7754,7166,7167,2000.0
7755,7166,7168,2000.0
7756,7166,7376,171.8213058419244
7757,7166,7517,88.73114463176574
7758,7169,7183,16.592002654720424
7759,7169,7201,268.81720430107526
7760,7170,7175,2000.0
7761,7173,7174,2000.0
7762,7174,7631,31.575623618566468
7763,7176,7186,2000.0
7764,7176,7334,10.818998160770311
7765,7177,7195,24.108003857280615
7766,7177,7197,125.47051442910916
7767,7177,7230,181.48820326678765
7768,7177,7240,193.05019305019303
7769,7177,7387,87.48906386701663
7770,7177,7542,2000.0
7771,7179,7316,1449.2753623188405
7772,7179,7319,59.02322956439341
7773,7179,7403,520.8333333333334
7774,7179,7496,102.77492291880782
7775,7179,7681,2000.0
7776,7183,7198,36.14022406938923
7777,7183,7691,2000.0
7778,7184,7198,35.77817531305904
7779,7185,7255,31.104199066874028
7780,7186,7187,32.1853878339234
7781,7188,7434,42.99226139294927
7782,7190,7626,15.820281601012498
7783,7191,7436,427.35042735042737
7784,7192,7430,30.175015087507543
7785,7192,7449,60.27727546714888
7786,7193,7194,41.16920543433512
7787,7193,7226,22.411474675033617
7788,7193,7260,574.7126436781609
7789,7194,7259,4000.0
7790,7195,7618,82.78145695364239
7791,7196,7252,340.13605442176873
7792,7196,7303,2000.0
7793,7196,7366,925.925925925926
7794,7196,7618,386.1003861003861
7795,7198,7200,30.120481927710845
7796,7200,7270,74.57121551081282
7797,7200,7698,29.41176470588235
7798,7201,7299,36.350418029807344
7799,7201,7563,96.06147934678194
7800,7202,7301,28.37684449489217
7801,7203,7204,20.955574182732608
7802,7203,7208,14.423770373575652
7803,7204,7228,37.96507213363705
7804,7205,7540,20.69108214359611
7805,7206,7302,56.88282138794085
7806,7206,7540,2000.0
7807,7207,7208,19.398642095053347
7808,7208,7209,2.175473709400222
7809,7209,7351,346.02076124567475
7810,7210,7554,249.37655860349128
7811,7211,7314,45.5788514129444
7812,7211,7579,46.2962962962963
7813,7212,7370,26.44802962179317
7814,7212,7694,59.45303210463734
7815,7213,7650,34.17634996582365
7816,7217,7218,4.672897196261682
7817,7218,7317,401.6064257028112
7818,7219,7372,31.82686187141948
7819,7220,7350,89.20606601248885
7820,7220,7443,1724.1379310344828
7821,7220,7444,1298.7012987012988
7822,7221,7224,1538.4615384615386
7823,7224,7642,47.66444232602478
7824,7226,7700,19.77066034005536
7825,7229,7230,12.871669455528382
7826,7230,7232,359.71223021582733
7827,7231,7232,13.403029084573111
7828,7234,7235,11.786892975011789
7829,7235,7544,2000.0
7830,7236,7444,26.673779674579887
7831,7237,7443,26.53927813163482
7832,7238,7240,8.874689385871495
7833,7239,7240,8.874689385871495
7834,7241,7248,154.5595054095827
7835,7242,7442,2000.0
7836,7242,7633,28.129395218002813
7837,7244,7384,38.95597974289053
7838,7245,7265,15.186028853454822
7839,7245,7623,50.9683995922528
7840,7245,7694,81.9000819000819
7841,7247,7248,210.9704641350211
7842,7249,7341,22.099447513812155
7843,7250,7252,8.298755186721992
7844,7251,7252,8.298755186721992
7845,7253,7623,149.47683109118086
7846,7253,7700,2000.0
7847,7256,7258,17.577781683951486
7848,7257,7258,15.482272797646694
7849,7259,7262,46.21072088724584
7850,7260,7262,-454.54545454545456
7851,7260,7621,68.07351940095303
7852,7260,7622,70.12622720897616
7853,7261,7262,8.94854586129754
7854,7264,7286,2000.0
7855,7265,7531,33.97893306150187
7856,7267,7314,1351.3513513513512
7857,7268,7631,22.96738631143776
7858,7272,7283,2000.0
7859,7272,7648,30.80714725816389
7860,7273,7274,2000.0
7861,7273,7535,1315.7894736842106
7862,7274,7275,450.4504504504504
7863,7276,7278,69.7350069735007
7864,7276,7672,45.433893684688776
7865,7277,7278,71.4796283059328
7866,7277,7635,157.9778830963665
7867,7277,7673,584.7953216374269
7868,7278,7279,5.13294322964788
7869,7283,7284,10.152284263959393
7870,7285,7291,217.8649237472767
7871,7285,7317,61.19951040391677
7872,7288,7289,2000.0
7873,7288,7414,81.9000819000819
7874,7289,7290,806.4516129032259
7875,7291,7292,6.238303181534623
7876,7291,7293,6.238303181534623
7877,7294,7295,7.733952049497293
7878,7295,7296,3.665689149560117
7879,7297,7579,64.47453255963894
7880,7298,7306,2000.0
7881,7298,7569,101.9367991845056
7882,7299,7637,37.778617302606726
7883,7300,7355,245.7002457002457
7884,7302,7303,41.16920543433512
7885,7306,7307,75.18796992481202
7886,7306,7308,75.18796992481202
7887,7309,7350,18.695083193120208
7888,7310,7311,305.8103975535168
7889,7310,7312,134.9527665317139
7890,7310,7313,112.4859392575928
7891,7311,7535,819.672131147541
7892,7311,7614,537.6344086021505
7893,7315,7316,10.175010175010176
7894,7317,7318,2000.0
7895,7317,7319,90.09016320928757
7896,7317,7349,28.555111364934323
7897,7319,7460,95.14782314273893
7898,7320,7406,23.408239700374533
7899,7321,7340,34.19972640218878
7900,7322,7323,9.26612305411416
7901,7322,7337,182.81535648994517
7902,7322,7338,182.81535648994517
7903,7322,7356,2000.0
7904,7322,7377,1250.0
7905,7322,7614,304.8780487804878
7906,7326,7328,10.702054794520548
7907,7326,7330,10.40582726326743
7908,7326,7332,19.043991620643688
7909,7326,7364,751.8796992481203
7910,7326,7390,12.434717731907485
7911,7326,7569,21.50537634408602
7912,7327,7328,-71.83908045977012
7913,7327,7330,-63.775510204081634
7914,7328,7329,2.6010508245331114
7915,7330,7331,2.467003823855927
7916,7332,7473,27.548209366391184
7917,7336,7371,28.336639274582037
7918,7336,7599,27.114967462039047
7919,7339,7340,5.916109566349169
7920,7342,7343,7.894529091339701
7921,7343,7344,3.780289570181076
7922,7346,7347,2000.0
7923,7346,7426,110.86474501108648
7924,7346,7428,65.1890482398957
7925,7347,7348,241.5458937198068
7926,7349,7570,39.29273084479372
7927,7349,7619,2941.176470588235
7928,7352,7394,689.6551724137931
7929,7354,7355,14.00560224089636
7930,7356,7357,75.18796992481202
7931,7356,7358,75.18796992481202
7932,7359,7360,2000.0
7933,7359,7369,2000.0
7934,7361,7363,1449.2753623188405
7935,7361,7434,584.7953216374269
7936,7362,7363,303.030303030303
7937,7365,7366,12.40694789081886
7938,7366,7526,341.29692832764505
7939,7368,7449,58.99705014749262
7940,7369,7391,14.755791648221926
7941,7369,7431,2000.0
7942,7372,7507,207.0393374741201
7943,7373,7507,90.25270758122744
7944,7374,7573,110.49723756906076
7945,7375,7378,7.723797018614351
7946,7375,7391,18.112660749864155
7947,7375,7410,30.03003003003003
7948,7378,7459,12.224938875305623
7949,7379,7402,78.86435331230284
7950,7380,7381,518.1347150259068
7951,7382,7394,32.754667540124466
7952,7384,7395,2000.0
7953,7385,7386,390.625
7954,7387,7398,257.7319587628866
7955,7387,9320,51.440329218107
7956,7388,7527,62.53908692933083
7957,7388,7672,48.732943469785575
7958,7390,7392,2000.0
7959,7390,7459,17.812611328820804
7960,7392,7393,2000.0
7961,7395,7406,46.468401486988846
7962,7396,7499,173.61111111111111
7963,7398,7399,10.529640939243972
7964,7398,7400,10.529640939243972
7965,7398,7506,133.5113484646195
7966,7401,7415,2000.0
7967,7401,7600,134.40860215053763
7968,7402,7419,2000.0
7969,7402,7459,14.007564084605686
7970,7403,7404,11.827321111768184
7971,7405,7432,30.98853424233034
7972,7405,7627,534.75935828877
7973,7408,7624,507.6142131979696
7974,7410,7432,1587.3015873015872
7975,7411,7432,1587.3015873015872
7976,7412,7555,680.790178159328
7977,7413,7414,2000.0
7978,7413,7422,1351.3513513513512
7979,7415,7416,172.41379310344828
7980,7415,7417,2000.0
7981,7418,7450,2000.0
7982,7418,7496,271.00271002710025
7983,7418,7671,522.1932114882507
7984,7419,7420,191.57088122605364
7985,7419,7421,191.57088122605364
7986,7419,7602,2000.0
7987,7423,7424,2000.0
7988,7424,7425,61.57635467980296
7989,7427,7428,724.6376811594203
7990,7427,7429,235.2941176470588
7991,7430,7439,2000.0
7992,7431,7606,183.8235294117647
7993,7432,7467,1785.7142857142858
7994,7432,7592,10.344470880314471
7995,7432,7599,349.65034965034965
7996,7434,7435,2000.0
7997,7437,7621,24.975024975024976
7998,7439,7440,10.658708164570454
7999,7439,7441,10.984182776801406
8000,7443,7445,285.7142857142857
8001,7444,7446,273.224043715847
8002,7447,7465,194.55252918287937
8003,7450,7451,11.579434923575729
8004,7450,7452,11.486331265793703
8005,7453,7459,26.35740643120717
8006,7454,7457,63.05170239596469
8007,7454,7613,2000.0
8008,7459,7461,-595.2380952380952
8009,7459,7464,-460.8294930875576
8010,7460,7461,47.14757190004715
8011,7460,7464,46.27487274409995
8012,7461,7462,8.93814801573114
8013,7463,7464,9.02445627650934
8014,7467,7469,269.54177897574124
8015,7471,7472,2.3245542667193564
8016,7476,7477,10.498687664041997
8017,7480,7485,8.203445447087777
8018,7481,7485,8.203445447087777
8019,7482,7486,8.203445447087777
8020,7483,7486,8.203445447087777
8021,7484,7485,105.70824524312896
8022,7484,7486,105.70824524312896
8023,7489,7495,8.631851532153647
8024,7490,7495,8.631851532153647
8025,7491,7494,8.631851532153647
8026,7492,7494,8.631851532153647
8027,7493,7494,163.9344262295082
8028,7493,7495,163.9344262295082
8029,7493,7496,302.11480362537765
8030,7496,7598,2000.0
8031,7499,7646,28.01905295601009
8032,7500,7501,7.465472191116088
8033,7502,7503,13.22576378785875
8034,7504,7506,12.454851164528584
8035,7505,7506,12.454851164528584
8036,7507,7509,-438.5964912280702
8037,7507,7510,-460.8294930875576
8038,7507,7514,1492.5373134328358
8039,7507,7518,324.6753246753247
8040,7507,7519,324.6753246753247
8041,7508,7509,46.04051565377532
8042,7508,7510,46.27487274409995
8043,7509,7511,9.06947215672048
8044,7510,7512,8.916629514043692
8045,7514,7516,269.54177897574124
8046,7520,7530,990.0990099009902
8047,7520,7568,869.5652173913044
8048,7522,7523,8.686587908269631
8049,7522,7524,8.623663332183511
8050,7525,7526,12.426991425375917
8051,7528,7530,11.559357299734137
8052,7529,7530,11.469205184080744
8053,7532,7645,172.41379310344828
8054,7534,7580,1282.051282051282
8055,7535,7614,292.39766081871346
8056,7537,7538,18.358729575913348
8057,7538,7541,138.88888888888889
8058,7541,7542,56.21135469364812
8059,7541,7551,42.955326460481096
8060,7543,7637,43.27131112072696
8061,7545,7546,16.4257555847569
8062,7545,7547,16.4257555847569
8063,7548,7549,8.987956138774043
8064,7548,7550,8.922198429693076
8065,7551,7552,10.406910188365076
8066,7551,7553,10.295480284155255
8067,7555,7604,8.631851532153647
8068,7555,7605,14.74491300501327
8069,7557,7558,2000.0
8070,7559,7560,8.699434536755112
8071,7559,7561,15.441630636195182
8072,7559,7562,12.118274357731458
8073,7564,7565,12.69196598553116
8074,7566,7568,9.72384286269934
8075,7567,7568,11.469205184080744
8076,7570,7571,8.430992327796982
8077,7570,7572,8.429570934839417
8078,7575,7576,1098.901098901099
8079,7576,7577,7.767593599502874
8080,7576,7578,7.767593599502874
8081,7582,7583,7.767593599502874
8082,7584,7594,55.83472920156337
8083,7585,7586,7.767593599502874
8084,7589,7596,19.63093835885355
8085,7594,7596,1075.268817204301
8086,7595,7596,9.017132551848512
8087,7597,7598,6.112095837662735
8088,7604,7605,20.3210729526519
8089,7608,7609,5.793742757821553
8090,7609,7610,46.92632566870014
8091,7611,7612,5.787037037037037
8092,7612,7613,110.74197120708747
8093,7615,7616,16.54807214959457
8094,7618,7628,148.8095238095238
8095,7619,7620,221.7294900221729
8096,7627,7685,1111.111111111111
8097,7628,7629,11.764705882352942
8098,7628,7630,11.764705882352942
8099,7633,7649,2000.0
8100,7635,7636,46.27487274409995
8101,7635,7639,46.57661853749418
8102,7635,7673,125.31328320802004
8103,7636,7637,-460.8294930875576
8104,7636,7638,9.042408897730356
8105,7637,7639,-478.4688995215311
8106,7639,7640,8.995232526760816
8107,7642,7662,65.57377049180327
8108,7648,7660,1351.3513513513512
8109,7650,7658,-458.7155963302752
8110,7650,7659,-458.7155963302752
8111,7652,7658,46.2962962962963
8112,7653,7659,46.2962962962963
8113,7655,7658,8.933357155619081
8114,7657,7659,8.933357155619081
8115,7663,7664,12.50312578144536
8116,7665,7667,10.811979673478216
8117,7666,7667,10.811979673478216
8118,7671,7686,2000.0
8119,7672,7676,-467.2897196261682
8120,7672,7677,-458.7155963302752
8121,7673,7676,45.187528242205154
8122,7673,7677,46.2962962962963
8123,7674,7677,8.933357155619081
8124,7675,7676,7.662248103593594
8125,7678,7679,7.776049766718507
8126,7683,7685,2.6250853152727465
8127,7684,7685,2.6250853152727465
8128,7686,7688,1666.6666666666667
8129,7687,7688,38.446751249519416
8130,7689,7690,9.937394415184338
8131,7690,7691,24.685262898049864
8132,7715,7716,425.531914893617
8133,7717,7721,15.042117930204572
8134,7717,8098,2000.0
8135,7718,7719,15.024038461538462
8136,7719,8098,2000.0
8137,7720,7722,15.105740181268882
8138,7722,8098,2000.0
8139,7723,7724,5.537098560354374
8140,7723,7725,2000.0
8141,7723,7922,4.290924694271616
8142,7723,8386,76.33587786259542
8143,7724,7725,5.029169181251257
8144,7724,7965,19.8019801980198
8145,7724,8006,23.245002324500238
8146,7724,8031,13.32267519317879
8147,7724,8502,11.640088464672331
8148,7725,8510,33.3889816360601
8149,7726,7727,4.277891854893908
8150,7726,7728,4.277891854893908
8151,7726,7729,4.277891854893908
8152,7726,7730,4.277891854893908
8153,7726,8437,719.4244604316547
8154,7731,7733,-154.5595054095827
8155,7731,7774,409.8360655737705
8156,7731,8408,469.4835680751174
8157,7732,7733,20.798668885191347
8158,7732,8563,164.47368421052633
8159,7733,7734,3.3478406427854037
8160,7735,7795,1587.3015873015872
8161,7735,8581,787.4015748031496
8162,7736,8581,793.6507936507936
8163,7737,7800,223.71364653243847
8164,7737,8428,119.18951132300356
8165,7738,7988,90.33423667570008
8166,7739,8122,277.0083102493075
8167,7739,8190,42.99226139294927
8168,7739,8547,144.50867052023122
8169,7739,8609,55.24861878453039
8170,7740,8218,64.85084306095979
8171,7740,8616,34.904013961605585
8172,7741,7895,94.42870632672332
8173,7741,8628,88.49557522123894
8174,7742,7856,2.829494652255107
8175,7742,8606,32.6797385620915
8176,7744,8340,329.07346517868234
8177,7747,7748,7.891414141414141
8178,7747,7749,2000.0
8179,7747,8440,24.49779519843214
8180,7747,8480,33.59086328518643
8181,7748,7845,10.396091069757771
8182,7748,8481,16.663889351774703
8183,7749,7780,17.135023989033584
8184,7749,8127,7.946598855689765
8185,7749,8440,24.33682161109759
8186,7751,7828,128.04097311139566
8187,7751,7861,66.48936170212765
8188,7751,8521,81.10300081103001
8189,7752,7854,25.07522567703109
8190,7752,8121,20.98635886673662
8191,7753,7882,105.26315789473684
8192,7753,8112,17.6056338028169
8193,7753,8507,79.23930269413628
8194,7754,8503,17.421602787456447
8195,7754,8508,3.1017369727047144
8196,7754,8613,13.550135501355014
8197,7755,7756,2000.0
8198,7755,7802,20.63983488132095
8199,7755,8593,43.61098996947231
8200,7756,7889,47.25897920604915
8201,7757,8154,40.08016032064128
8202,7757,8614,27.107617240444565
8203,7758,7963,68.30601092896175
8204,7758,8636,92.85051067780871
8205,7759,8341,8.676036786395974
8206,7759,8634,8.180628272251308
8207,7760,8422,5.327650506126799
8208,7760,8546,6.142506142506143
8209,7761,7888,9.643201542912246
8210,7761,8367,12.244398187829068
8211,7762,8106,13.83700013837
8212,7762,8479,6.6862797539449055
8213,7763,8494,5.476151360823613
8214,7764,7814,98.32841691248773
8215,7764,8522,109.17030567685588
8216,7765,7871,35.0754121360926
8217,7765,7896,19.40617116242965
8218,7765,8121,192.67822736030828
8219,7765,8344,59.594755661501786
8220,7766,7767,2000.0
8221,7766,7768,2000.0
8222,7766,7877,41.05090311986864
8223,7766,8149,105.9322033898305
8224,7766,8356,58.30903790087464
8225,7766,8358,27.034333603676668
8226,7766,8493,162.60162601626016
8227,7766,8519,101.83299389002036
8228,7766,8579,158.9825119236884
8229,7767,7768,2000.0
8230,7769,8460,20.77706212341575
8231,7770,7871,104.2752867570386
8232,7770,8431,684.931506849315
8233,7771,7825,13.30671989354624
8234,7772,7807,5.380972879896685
8235,7772,8255,5.629362756136006
8236,7773,7866,13.8811771238201
8237,7773,8632,52.27391531625719
8238,7774,8703,87.48906386701663
8239,7775,8009,20.292207792207797
8240,7775,8615,4.127115146512588
8241,7776,7897,3.684598378776714
8242,7777,7921,5.170630816959669
8243,7777,8400,8.32639467110741
8244,7777,8439,1.8742034635280005
8245,7778,8347,108.34236186348862
8246,7778,8353,67.02412868632707
8247,7778,8452,294.11764705882354
8248,7779,7780,19.131432944327532
8249,7779,7808,8.909479686386314
8250,7779,8590,12.88161793121216
8251,7780,8496,60.93845216331505
8252,7781,7804,38.16793893129771
8253,7781,7828,75.7002271006813
8254,7781,8128,2000.0
8255,7781,8129,2000.0
8256,7781,8167,104.0582726326743
8257,7781,8352,64.9772579597141
8258,7781,8462,68.1663258350375
8259,7782,8557,41.98152812762385
8260,7782,8628,96.24639076034649
8261,7783,8562,4.428697962798937
8262,7783,8565,8.253549026081215
8263,7784,7840,25.5885363357216
8264,7784,7854,20.828993959591752
8265,7785,7787,55.865921787709496
8266,7785,7909,2000.0
8267,7788,7891,62.97229219143577
8268,7788,8381,78.92659826361484
8269,7789,7790,1.6171286264109448
8270,7789,7791,2.3214244260278107
8271,7789,7926,49.3339911198816
8272,7789,8524,15.997440409534477
8273,7790,8229,2000.0
8274,7791,8230,2000.0
8275,7794,8367,9.276437847866418
8276,7794,8494,15.015015015015017
8277,7795,8440,80.77544426494346
8278,7796,7797,2000.0
8279,7796,7951,322.5806451612903
8280,7797,8412,41.85851820845542
8281,7798,8401,25.70694087403599
8282,7799,8113,17.205781142463866
8283,7799,8367,5.420935653493793
8284,7800,8455,1000.0
8285,7800,8458,1000.0
8286,7800,8528,274.72527472527474
8287,7800,8642,1369.86301369863
8288,7801,7802,5.720823798627002
8289,7801,8463,28.169014084507044
8290,7802,8605,9.7380465478625
8291,7803,8478,126.74271229404307
8292,7803,8585,95.69377990430624
8293,7804,8658,105.9322033898305
8294,7805,8358,39.18495297805643
8295,7805,8579,52.43838489774515
8296,7806,8383,6.622955162593549
8297,7806,8621,4.9147294441441
8298,7810,7856,5.299417064122946
8299,7810,8473,7.609191903819815
8300,7811,8136,9.46521533364884
8301,7811,8402,12.823800974608874
8302,7811,8562,20.275750202757504
8303,7811,8615,5.437146585471944
8304,7812,7815,2000.0
8305,7812,7817,-54.55537370430987
8306,7812,8619,11.299435028248588
8307,7813,7818,0.8480972937215357
8308,7814,7817,8.233841086867024
8309,7814,7818,8.136034496786266
8310,7814,7834,98.23182711198427
8311,7814,7875,79.23930269413628
8312,7814,8099,2000.0
8313,7814,8384,1682.5733474726053
8314,7815,7818,-51.282051282051285
8315,7815,8619,11.312217194570136
8316,7817,7819,0.8535409144837358
8317,7820,8288,9.399379640943698
8318,7820,8375,3.0700273232431767
8319,7821,7876,16.716817118020728
8320,7821,8460,40.14452027298274
8321,7821,8568,5.750100626760968
8322,7822,8512,2.355601620653915
8323,7822,8577,222.71714922049
8324,7822,8621,6.141751627564181
8325,7823,7888,83.12551953449709
8326,7823,8415,17.618040873854827
8327,7823,8506,75.13148009015778
8328,7824,7941,50.53057099545225
8329,7824,8380,93.28358208955224
8330,7825,8018,7.311544929443591
8331,7826,7941,97.27626459143968
8332,7826,8184,57.537399309551205
8333,7827,7901,44.563279857397504
8334,7828,7837,163.9344262295082
8335,7828,7891,118.48341232227487
8336,7829,8633,74.23904974016332
8337,7830,7831,9.709680551509855
8338,7830,7832,125.51345518417435
8339,7830,7964,14.156285390713476
8340,7830,8227,34.940600978336825
8341,7830,8295,531.9148936170212
8342,7830,8384,24.826216484607745
8343,7831,8512,1.1098163253981466
8344,7832,7833,2000.0
8345,7832,8066,151.74515563952582
8346,7832,8085,59.32965932965933
8347,7832,8237,512.8205128205128
8348,7833,8138,65.359477124183
8349,7834,8385,143.47202295552367
8350,7835,8033,12.575452716297786
8351,7835,8603,112.10762331838563
8352,7836,8350,4.750593824228028
8353,7836,8439,3.8476337052712575
8354,7837,8168,88.02816901408451
8355,7838,8218,116.0092807424594
8356,7838,8406,35.27336860670194
8357,7839,7842,2000.0
8358,7839,8431,48.804294777940456
8359,7839,8626,2000.0
8360,7840,7842,2000.0
8361,7840,8626,2000.0
8362,7841,8626,2000.0
8363,7845,8495,7.503564192991671
8364,7846,7925,42.73504273504273
8365,7846,8636,98.81422924901186
8366,7847,7896,35.701535166012135
8367,7847,7953,79.6812749003984
8368,7848,7849,3.4904013961605584
8369,7848,8399,1.6270745200130166
8370,7849,7862,549.4505494505495
8371,7850,8032,177.61989342806393
8372,7850,8461,15.410695022345507
8373,7851,7987,23.719165085388997
8374,7853,8542,6.522306287503262
8375,7854,7856,25.121662198717914
8376,7854,7859,64.55777921239509
8377,7854,8125,1886.7924528301887
8378,7854,8126,1886.7924528301887
8379,7854,8201,66.48936170212765
8380,7854,8348,148.3679525222552
8381,7854,8525,28.563267637817766
8382,7854,8693,47.86979415988511
8383,7855,7859,7.908264136022143
8384,7856,8206,16.934801016088063
8385,7856,8698,352.11267605633805
8386,7857,7859,207.4688796680498
8387,7857,7932,199.203187250996
8388,7861,8636,56.2429696287964
8389,7862,7964,19.98800719568259
8390,7862,8377,18.01801801801802
8391,7863,7916,7.817997029161129
8392,7863,8541,4.334445841099216
8393,7864,7865,8.710801393728223
8394,7864,8031,9.293680297397769
8395,7864,8470,625.0
8396,7865,7972,15.723270440251572
8397,7865,7974,17.649135192375574
8398,7866,7867,16.299918500407497
8399,7866,7940,18.942981625307823
8400,7866,7977,78.86435331230284
8401,7866,8197,69.25207756232687
8402,7867,8538,32.99241174529858
8403,7868,7869,2000.0
8404,7868,8511,103.7344398340249
8405,7869,8167,289.8550724637681
8406,7870,7950,10.0999899000101
8407,7870,8415,209.64360587002096
8408,7872,7915,6.246486351427322
8409,7872,8518,7.96241738991958
8410,7873,7874,7.697636825494573
8411,7873,8423,14.092446448703496
8412,7874,8020,25.387154100025388
8413,7874,8574,16.097875080489377
8414,7875,8385,138.69625520110958
8415,7876,8532,61.34969325153374
8416,7877,8156,86.58008658008659
8417,7878,8524,45.31037607612143
8418,7879,8503,5.482456140350878
8419,7880,8395,8.361204013377927
8420,7880,8531,39.21568627450981
8421,7881,7883,2000.0
8422,7881,7885,104.82180293501048
8423,7884,8573,6.541933795629988
8424,7885,8343,41.339396444811904
8425,7885,8522,40.11231448054553
8426,7886,8523,9.790483649892304
8427,7886,8604,18.284878405558604
8428,7887,8096,16.051364365971107
8429,7889,8091,11.064394777605663
8430,7889,8620,10.955302366345313
8431,7892,7893,2000.0
8432,7892,7962,421.9409282700422
8433,7892,8027,10.462439840970914
8434,7892,8112,61.53846153846154
8435,7892,8618,45.33091568449683
8436,7893,8011,5.164755707055057
8437,7894,7919,12.24889759921607
8438,7894,8436,3.546853940554728
8439,7894,8602,7.987220447284345
8440,7895,8216,135.8695652173913
8441,7896,8063,41.1522633744856
8442,7896,8695,81.36696501220504
8443,7898,7918,198.80715705765408
8444,7898,8035,232.5581395348837
8445,7898,8412,74.07407407407408
8446,7899,8281,27.48763056624519
8447,7899,8544,14.602803738317755
8448,7899,8599,7.456009543692216
8449,7900,7901,6.715916722632639
8450,7900,8121,943.3962264150944
8451,7900,8388,31.017369727047143
8452,7900,8557,60.09615384615385
8453,7902,7903,13.319126265316996
8454,7902,7904,8.94454382826476
8455,7902,7905,13.206550449022716
8456,7902,8440,578.0346820809249
8457,7906,7907,8.855827134254339
8458,7906,7908,8.130081300813009
8459,7907,8384,1515.1515151515152
8460,7908,7909,9.366804046459348
8461,7910,8605,12.802458071949816
8462,7910,8632,20.846362309776943
8463,7911,8026,2000.0
8464,7911,8547,254.4529262086514
8465,7912,8576,140.8450704225352
8466,7912,8626,81.30081300813008
8467,7914,8027,210.9704641350211
8468,7914,8148,11.154489682097044
8469,7915,8155,7.133176403452457
8470,7916,7917,9.56846234810066
8471,7916,7987,25.451768897938408
8472,7917,8248,49.23682914820286
8473,7918,8378,21.533161068044787
8474,7919,8019,8.880206020779681
8475,7919,8498,4.521613311629589
8476,7919,8604,8.242664029014177
8477,7920,8378,98.32841691248773
8478,7920,8392,94.42870632672332
8479,7920,8528,47.596382674916704
8480,7921,8209,5.985873338920149
8481,7922,7923,17.31301939058172
8482,7922,8405,2.929201206830897
8483,7922,8454,3.497726477789437
8484,7923,8006,57.90387955993052
8485,7923,8407,57.90387955993052
8486,7924,7940,53.85029617662897
8487,7924,8636,245.7002457002457
8488,7925,8540,25.523226135783563
8489,7926,8340,45.12635379061372
8490,7927,7930,5.73394495412844
8491,7928,7929,11.734334663224596
8492,7929,7931,-456.6210045662101
8493,7929,7932,46.468401486988846
8494,7930,7931,107.41138560687432
8495,7930,7932,87.41258741258741
8496,7931,7988,12.322858903265558
8497,7931,8001,112.73957158962796
8498,7931,8201,65.87615283267458
8499,7931,8387,31.416902293433868
8500,7931,8427,11.634671320535196
8501,7931,8540,21.02165230187093
8502,7932,7933,-49.75124378109453
8503,7932,8169,175.7469244288225
8504,7932,8212,217.8649237472767
8505,7933,7934,2000.0
8506,7933,8190,75.642965204236
8507,7936,8586,52.35602094240838
8508,7937,7975,259.0673575129534
8509,7938,8015,47.37091425864519
8510,7938,8311,251.88916876574308
8511,7938,8312,251.88916876574308
8512,7938,8313,251.88916876574308
8513,7938,8347,40.22526146419952
8514,7938,8585,1428.571428571429
8515,7938,8601,67.34006734006734
8516,7938,8630,59.84440454817474
8517,7939,8686,2000.0
8518,7941,7942,5.049229992426155
8519,7941,7943,2000.0
8520,7941,7944,2000.0
8521,7941,8249,35.51136363636363
8522,7942,8258,3.006795357507968
8523,7943,7949,-467.2897196261682
8524,7944,7948,-354.6099290780142
8525,7945,7948,39.920159680638726
8526,7945,7949,41.00041000410004
8527,7945,8047,27.97985450475657
8528,7945,8665,57.37234652897303
8529,7946,7948,6.684491978609626
8530,7947,7949,6.744452687664396
8531,7950,7951,8.045699573577922
8532,7950,7952,5.820044232336166
8533,7950,8060,43.15925766076823
8534,7951,8039,88.49557522123894
8535,7953,8696,60.790273556231
8536,7954,8404,106.04453870625665
8537,7954,8656,133.6898395721925
8538,7955,7956,2000.0
8539,7955,7957,2000.0
8540,7955,7995,41.49377593360996
8541,7955,8039,67.24949562878278
8542,7955,8528,220.14315969041837
8543,7955,8648,57.37234652897303
8544,7955,8649,38.32886163280951
8545,7958,7959,2000.0
8546,7958,7966,2000.0
8547,7958,8412,24.77086945751796
8548,7958,8480,77.39938080495357
8549,7959,7960,12.612726240776944
8550,7961,8098,135.50135501355012
8551,7961,8168,200.0
8552,7963,7992,50.505050505050505
8553,7963,8521,43.63001745200698
8554,7964,7971,32.02049311559398
8555,7964,7997,2000.0
8556,7965,8239,96.06147934678194
8557,7965,8437,23.36448598130841
8558,7965,8614,9.7551458394303
8559,7966,7969,9.063717937097795
8560,7970,7971,13.415615776764154
8561,7972,8350,3.5123458958238207
8562,7973,7974,41.18616144975288
8563,7974,8568,3.711676935639522
8564,7975,8341,47.37091425864519
8565,7975,8415,35.637918745545264
8566,7977,7978,13.914011409489357
8567,7977,8348,86.95652173913044
8568,7978,8538,22.456770716370983
8569,7978,8588,63.05170239596469
8570,7979,8542,3.437371098583803
8571,7980,8153,12.532898859506204
8572,7981,7982,6.242976651267324
8573,7982,8026,2000.0
8574,7982,8682,2000.0
8575,7983,7986,10.141987829614605
8576,7984,7985,10.111223458038422
8577,7985,8384,662.2516556291391
8578,7986,8384,645.1612903225806
8579,7987,8635,96.8054211035818
8580,7988,7989,55.77244841048522
8581,7988,8432,500.0
8582,7988,8632,169.7792869269949
8583,7989,7990,8.583690987124463
8584,7989,7991,8.583690987124463
8585,7993,8064,16.409583196586805
8586,7993,8470,61.387354205033766
8587,7994,8011,46.08294930875576
8588,7994,8564,28.727377190462512
8589,7995,8486,42.19409282700422
8590,7996,7997,6.802721088435374
8591,7998,8090,2000.0
8592,7999,8090,2000.0
8593,8000,8464,4.198681613973212
8594,8000,8600,1.8501387604070303
8595,8001,8002,934.5794392523364
8596,8001,8188,49.28536224741252
8597,8002,8003,14.275517487508925
8598,8004,8084,12.49843769528809
8599,8004,8531,12.108003390240947
8600,8005,8083,11.68360789811894
8601,8005,8148,137.7410468319559
8602,8005,8407,102.880658436214
8603,8007,8424,2000.0
8604,8008,8470,9.683354313934348
8605,8008,8514,111.358574610245
8606,8009,8010,17.55001755001755
8607,8009,8694,9.214891264283082
8608,8010,8014,106.83760683760684
8609,8010,8564,33.3667000333667
8610,8011,8025,2000.0
8611,8012,8013,17.31301939058172
8612,8012,8470,11.479738261967627
8613,8013,8209,7.947230390209012
8614,8013,8543,324.6753246753247
8615,8013,8573,5.396654074473826
8616,8014,8524,11.767474699929394
8617,8015,8656,59.84440454817474
8618,8016,8017,13.636983499249967
8619,8017,8026,458.7155963302752
8620,8018,8436,9.416195856873824
8621,8018,8532,16.142050040355127
8622,8019,8281,3.9813672014969934
8623,8020,8021,432.9004329004329
8624,8020,8022,432.9004329004329
8625,8020,8412,14.186409419775854
8626,8023,8024,13.273161667109106
8627,8024,8317,416.6666666666667
8628,8028,8058,581.3953488372093
8629,8028,8059,680.2721088435375
8630,8028,8091,20.120724346076457
8631,8028,8159,343.6426116838488
8632,8028,8412,99.30486593843098
8633,8030,8090,121.654501216545
8634,8030,8105,423.728813559322
8635,8030,8277,97.27626459143968
8636,8030,8480,92.6966774215693
8637,8030,8701,292.39766081871346
8638,8030,8702,292.39766081871346
8639,8032,8539,26.70940170940171
8640,8033,8036,2000.0
8641,8033,8387,40.93327875562833
8642,8034,8035,3.7158145065398336
8643,8036,8037,11.234692731153803
8644,8038,8045,2000.0
8645,8038,8536,23.860653781913623
8646,8038,8585,11.462631820265932
8647,8039,8061,1075.268817204301
8648,8039,8062,1075.268817204301
8649,8040,8041,5.55926173004225
8650,8041,8424,43.10344827586207
8651,8042,8043,19.48178453146308
8652,8043,8066,73.96449704142012
8653,8043,8095,187.26591760299627
8654,8044,8045,7.756748371082842
8655,8046,8535,746.2686567164179
8656,8047,8048,33.211557622052474
8657,8047,8049,23.4246896228625
8658,8047,8665,21.34927412467976
8659,8048,8121,510.2040816326531
8660,8049,8121,529.1005291005291
8661,8050,8055,96.89922480620154
8662,8050,8056,87.10801393728222
8663,8050,8057,2000.0
8664,8051,8055,5.635390250774866
8665,8052,8055,5.668291576918716
8666,8053,8056,5.627778715740897
8667,8054,8056,5.693463903438852
8668,8057,8254,2000.0
8669,8057,8700,917.4311926605504
8670,8060,8073,1470.5882352941176
8671,8060,8074,1851.851851851852
8672,8060,8408,46.16805170821792
8673,8063,8075,404.8582995951417
8674,8063,8525,31.90810465858328
8675,8064,8437,9.636696540425945
8676,8065,8066,2000.0
8677,8065,8068,24.515812699190977
8678,8066,8314,135.68521031207598
8679,8068,8069,2000.0
8680,8069,8077,102.35414534288638
8681,8069,8157,187.26591760299627
8682,8069,8317,253.16455696202533
8683,8069,8320,77.39938080495357
8684,8071,8072,14.148273910582908
8685,8072,8157,2000.0
8686,8075,8076,10.650761529449357
8687,8077,8082,352.11267605633805
8688,8077,8317,175.43859649122808
8689,8077,8325,1351.3513513513512
8690,8077,8665,151.9185121332867
8691,8078,8116,25.201612903225808
8692,8078,8284,15.008254539997
8693,8080,8082,8.56898029134533
8694,8081,8082,11.350737797956867
8695,8083,8084,15.85288522511097
8696,8084,8086,384.61538461538464
8697,8085,8086,39.43217665615142
8698,8085,8467,109.5290251916758
8699,8086,8087,16.005121638924457
8700,8088,8439,46.36068613815485
8701,8088,8501,5.151187348683871
8702,8089,8136,9.231053263177328
8703,8090,8175,89.76660682226212
8704,8090,8277,398.4063745019921
8705,8090,8440,145.34883720930233
8706,8091,8093,483.0917874396136
8707,8094,8095,15.441630636195182
8708,8096,8276,79.74481658692186
8709,8098,8658,461.92043420520815
8710,8098,8699,34.85535029627048
8711,8099,8100,10.649627263045794
8712,8101,8104,70.47216349541931
8713,8101,8608,54.94505494505494
8714,8102,8104,11.862396204033214
8715,8103,8104,11.3109376767334
8716,8106,8505,847.457627118644
8717,8106,8542,3.333333333333333
8718,8107,8108,1470.5882352941176
8719,8107,8191,2000.0
8720,8108,8109,8.64304235090752
8721,8108,8110,8.64304235090752
8722,8111,8203,206.18556701030928
8723,8111,8691,25.119316754584275
8724,8113,8567,4.988775255674732
8725,8114,8118,2000.0
8726,8114,8548,16.49620587264929
8727,8115,8384,540.5405405405405
8728,8115,8477,110.13215859030836
8729,8116,8548,7.247952453431905
8730,8117,8153,33.96739130434783
8731,8117,8429,2000.0
8732,8119,8340,23.337222870478413
8733,8119,8475,497.5124378109453
8734,8119,8592,114.41647597254004
8735,8120,8143,1219.5121951219512
8736,8120,8320,2000.0
8737,8122,8133,219.2982456140351
8738,8123,8125,22.90950744558992
8739,8124,8126,22.81021897810219
8740,8127,8248,33.7609723160027
8741,8127,8491,28.546959748786755
8742,8128,8130,22.716946842344388
8743,8129,8131,22.716946842344388
8744,8132,8133,11.588828369451848
8745,8134,8135,11.234692731153803
8746,8135,8480,2000.0
8747,8136,8146,2000.0
8748,8137,8358,40.08016032064128
8749,8137,8493,158.9825119236884
8750,8138,8139,15.441630636195182
8751,8138,8140,15.441630636195182
8752,8141,8142,14.088475626937166
8753,8141,8612,561.7977528089888
8754,8143,8144,9.11244760342628
8755,8143,8145,9.11244760342628
8756,8147,8174,2000.0
8757,8147,8387,41.999160016799664
8758,8149,8156,47.93863854266539
8759,8150,8151,2000.0
8760,8150,8152,2000.0
8761,8150,8256,202.83975659229208
8762,8150,8263,58.89281507656066
8763,8151,8162,2000.0
8764,8152,8165,2000.0
8765,8154,8564,7.830240388379924
8766,8155,8156,23.2288037166086
8767,8156,8358,42.680324370465215
8768,8157,8183,2000.0
8769,8160,8276,10.400416016640666
8770,8160,8412,961.5384615384615
8771,8162,8163,7.336757153338224
8772,8162,8164,7.336757153338224
8773,8165,8166,7.336757153338224
8774,8169,8170,2000.0
8775,8169,8171,2000.0
8776,8169,8665,71.68458781362007
8777,8170,8198,425.531914893617
8778,8171,8215,228.31050228310505
8779,8173,8174,13.297872340425531
8780,8175,8193,2000.0
8781,8175,8194,2000.0
8782,8175,8195,1666.6666666666667
8783,8175,8196,1666.6666666666667
8784,8175,8396,106.38297872340424
8785,8176,8177,2000.0
8786,8176,8178,2000.0
8787,8176,8411,63.57279084551812
8788,8176,8551,40.91653027823241
8789,8177,8186,293.2551319648094
8790,8178,8246,769.2307692307693
8791,8181,8182,14.234875444839858
8792,8181,8183,386.1003861003861
8793,8184,8404,309.59752321981426
8794,8185,8186,14.35544071202986
8795,8187,8599,3.750515695908188
8796,8187,8634,96.99321047526674
8797,8188,8189,14.84560570071259
8798,8190,8191,2000.0
8799,8190,8192,2000.0
8800,8192,8291,478.4688995215311
8801,8197,8427,49.82561036372696
8802,8198,8199,9.152480322167309
8803,8198,8200,9.063717937097795
8804,8201,8202,2000.0
8805,8202,8208,23.512814483893724
8806,8203,8204,2000.0
8807,8203,8205,2000.0
8808,8203,8693,42.51700680272109
8809,8204,8269,1408.4507042253522
8810,8205,8267,1408.4507042253522
8811,8206,8606,3.4236023143551644
8812,8207,8208,18.005041411595247
8813,8210,8212,11.603620329542816
8814,8211,8212,11.62925921618793
8815,8213,8215,8.599191675982457
8816,8214,8215,9.120758847136084
8817,8216,8368,429.1845493562232
8818,8217,8219,2000.0
8819,8217,8314,2000.0
8820,8219,8220,24.479804161566708
8821,8221,8222,2000.0
8822,8221,8226,57.17552887364208
8823,8222,8403,264.55026455026456
8824,8222,8435,26.469031233456857
8825,8223,8225,7.422802850356295
8826,8224,8225,7.422802850356295
8827,8225,8226,33.333333333333336
8828,8227,8384,88.65248226950355
8829,8228,8447,2000.0
8830,8232,8240,2000.0
8831,8232,8482,109.40919037199124
8832,8237,8238,14.070634585619812
8833,8239,8243,2000.0
8834,8241,8441,76.62835249042145
8835,8241,8691,120.62726176115802
8836,8242,8261,354.6099290780142
8837,8242,8283,15.8052789631737
8838,8242,8430,26.867275658248253
8839,8243,8244,8.671522719389525
8840,8245,8246,9.160025648071814
8841,8246,8247,8.624407072013799
8842,8249,8441,40.79967360261118
8843,8250,8251,8.216926869350862
8844,8250,8252,8.145312372729494
8845,8250,8684,2000.0
8846,8254,8255,271.00271002710025
8847,8254,8294,40.27386226339106
8848,8256,8257,2000.0
8849,8256,8411,143.67816091954023
8850,8257,8260,2000.0
8851,8258,8473,16.9061707523246
8852,8259,8260,14.35544071202986
8853,8261,8262,3.955539733396622
8854,8263,8264,2000.0
8855,8263,8265,2000.0
8856,8264,8272,454.54545454545456
8857,8265,8273,2000.0
8858,8266,8267,3.34817691766833
8859,8268,8269,9.69274013763691
8860,8270,8272,10.529640939243972
8861,8271,8272,10.529640939243972
8862,8273,8274,10.195758564437194
8863,8273,8275,10.646225912913872
8864,8277,8323,2000.0
8865,8277,8440,750.5233006499946
8866,8278,8323,2000.0
8867,8279,8280,15.264845061822625
8868,8280,8566,16.276041666666668
8869,8281,8286,-27.389756231169542
8870,8281,8443,56.01852623855659
8871,8283,8286,9.469696969696969
8872,8285,8286,0.7369957106849638
8873,8288,8545,14.755791648221926
8874,8291,8292,7.403568520026653
8875,8291,8293,6.993006993006993
8876,8295,8296,10.66894270777766
8877,8300,8303,2000.0
8878,8300,8437,632.9113924050633
8879,8303,8304,14.222727919214906
8880,8308,8312,13.827433628318584
8881,8309,8311,13.904338153503891
8882,8310,8313,14.36988072998994
8883,8314,8320,49.800796812749006
8884,8324,8325,13.689253935660506
8885,8326,8381,62.11180124223603
8886,8326,8452,105.04201680672269
8887,8335,8336,9.16590284142988
8888,8335,8337,662.2516556291391
8889,8335,8383,5.347307630607989
8890,8336,8377,8.982304859426929
8891,8336,8520,10.855405992184108
8892,8336,8574,12.399256044637324
8893,8337,8338,168.35016835016836
8894,8339,8561,6.323110970597534
8895,8339,8657,5.515719801434087
8896,8342,8535,6.190034045187248
8897,8343,8507,86.4304235090752
8898,8344,8603,241.5458937198068
8899,8345,8463,10.504201680672267
8900,8345,8657,3.750937734433609
8901,8346,8388,172.1170395869191
8902,8346,8628,90.33423667570008
8903,8347,8638,2000.0
8904,8349,8421,52.21932114882507
8905,8349,8478,69.39625260235947
8906,8351,8636,60.60606060606061
8907,8351,8699,23.13208420078649
8908,8352,8354,2000.0
8909,8353,8354,2000.0
8910,8353,8658,29.50722927117144
8911,8354,8516,56.40157924421884
8912,8356,8378,163.66612111292963
8913,8357,8365,15.344483658124904
8914,8358,8364,2000.0
8915,8358,8365,1250.0
8916,8358,8366,1428.571428571429
8917,8358,8492,29.07822041291073
8918,8358,8519,25.87991718426501
8919,8360,8366,15.358623867301487
8920,8362,8364,33.523298692591354
8921,8367,8415,33.47840642785403
8922,8367,8422,5.561735261401557
8923,8368,8369,11.96029183112068
8924,8368,8374,3.780718336483932
8925,8368,8388,58.03830528148578
8926,8368,8626,123.00123001230013
8927,8375,8598,6.6970265202250205
8928,8376,8538,21.39495079161318
8929,8376,8698,8.605851979345955
8930,8378,8428,53.41880341880342
8931,8378,8526,112.4859392575928
8932,8378,8534,42.30118443316413
8933,8378,8578,69.06077348066299
8934,8379,8380,2000.0
8935,8379,8404,74.8502994011976
8936,8381,8658,58.445353594389246
8937,8381,8661,58.445353594389246
8938,8386,8501,8.320852055250457
8939,8388,8576,122.39902080783354
8940,8389,8390,2000.0
8941,8389,8392,2000.0
8942,8390,8391,2000.0
8943,8391,8578,149.2537313432836
8944,8393,8433,40.81632653061224
8945,8394,8395,8.710801393728223
8946,8394,8523,313.47962382445144
8947,8394,8577,2.7777777777777777
8948,8395,8412,10.095911155981828
8949,8396,8480,69.7350069735007
8950,8397,8398,10.259567046270648
8951,8397,8575,3.858917959404183
8952,8398,8504,7.932730445819451
8953,8398,8631,44.9034575662326
8954,8399,8454,1.952362358453729
8955,8400,8401,5.720823798627002
8956,8402,8451,18.248175182481752
8957,8402,8613,3.286230693394676
8958,8403,8446,13.017443374121322
8959,8404,8500,88.88888888888889
8960,8404,8511,76.80491551459293
8961,8404,8516,80.25682182985554
8962,8405,8694,5.884776084269993
8963,8406,8435,54.34782608695652
8964,8406,8536,14.766686355581808
8965,8408,8409,5.356186395286556
8966,8408,8410,5.356186395286556
8967,8411,8413,-18.684603886397607
8968,8411,8419,-18.684603886397607
8969,8411,8482,97.84735812133071
8970,8411,8609,94.87666034155598
8971,8411,8673,16.105653084232564
8972,8412,8415,48.83454111032492
8973,8412,8416,4000.0
8974,8412,8418,4000.0
8975,8412,8428,38.08073115003808
8976,8412,8537,42.05214465937763
8977,8412,8642,21.87226596675416
8978,8413,8414,13.726835964310226
8979,8413,8416,13.431833445265278
8980,8415,8586,23.137436372049976
8981,8417,8419,13.726835964310226
8982,8418,8419,13.431833445265278
8983,8421,8668,34.03675970047652
8984,8422,8692,30.211480362537763
8985,8424,8446,9.799118079372857
8986,8425,8426,2000.0
8987,8425,8528,136.986301369863
8988,8426,8526,101.11223458038424
8989,8428,8563,146.41288433382138
8990,8429,8430,13.468013468013469
8991,8430,8514,71.73601147776183
8992,8433,8632,140.4494382022472
8993,8434,8495,20.197939810139367
8994,8434,8518,8.15594160345812
8995,8435,8651,96.66505558240696
8996,8437,8439,23.752969121140143
8997,8437,8631,22.670596236681025
8998,8439,8508,3.250975292587776
8999,8440,8559,185.1851851851852
9000,8440,8560,170.35775127768312
9001,8440,8633,84.45945945945945
9002,8442,8616,19.968051118210862
9003,8442,8630,18.52537977028529
9004,8443,8627,5.608524957936063
9005,8446,8447,1.63371998039536
9006,8446,8448,1.7723268879712173
9007,8446,8461,19.466614755693985
9008,8450,8513,62.73525721455458
9009,8455,8457,19.31620629708325
9010,8456,8458,14.76886722788362
9011,8458,8459,19.31620629708325
9012,8462,8636,40.46944556859571
9013,8464,8465,10.0
9014,8465,8602,8.554319931565441
9015,8466,8469,15.96678907871627
9016,8467,8468,41.35649296939619
9017,8467,8469,39.37007874015748
9018,8467,8471,58.41121495327103
9019,8468,8470,-704.2253521126761
9020,8468,8472,16.49348507339601
9021,8469,8470,-387.5968992248062
9022,8474,8475,20.40816326530612
9023,8477,8618,89.84725965858041
9024,8478,8639,161.81229773462783
9025,8479,8510,2.0071857248951246
9026,8480,8481,7.966857871255577
9027,8480,8483,10.05631536604988
9028,8480,8486,10.053282396702524
9029,8480,8489,-454.54545454545456
9030,8481,8513,262.4671916010499
9031,8482,8489,41.08463434675432
9032,8483,8642,24.52182442373713
9033,8489,8490,6.72449734382355
9034,8492,8608,34.602076124567475
9035,8494,8657,4.798464491362764
9036,8495,8496,22.10921954455008
9037,8496,8633,53.219797764768494
9038,8497,8498,3.186743148502231
9039,8497,8586,7.250580046403712
9040,8500,8684,99.10802775024776
9041,8502,8564,15.878056525881233
9042,8504,8505,9.63948332369385
9043,8507,8539,92.7643784786642
9044,8509,8512,7.224389539083948
9045,8510,8575,3.224454261116306
9046,8513,8515,18.73711823121604
9047,8514,8531,49.38271604938272
9048,8515,8634,7.028888732691361
9049,8520,8700,8.424599831508003
9050,8527,8528,24.65483234714004
9051,8527,8623,53.36179295624333
9052,8527,8703,26.954177897574123
9053,8528,8533,72.3589001447178
9054,8531,8532,17.31301939058172
9055,8533,8534,2000.0
9056,8534,8642,66.00660066006601
9057,8535,8536,9.090909090909092
9058,8535,8617,10.629251700680271
9059,8537,8563,90.99181073703366
9060,8544,8545,2000.0
9061,8546,8558,4.466279589102278
9062,8547,8569,2000.0
9063,8548,8552,-552.4861878453039
9064,8548,8554,109.40919037199124
9065,8548,8555,71.42857142857143
9066,8549,8554,5.81767409389726
9067,8550,8552,6.17093489663684
9068,8551,8552,41.78854993731718
9069,8551,8554,82.78145695364239
9070,8553,8555,78.43137254901961
9071,8558,8572,4.512635379061372
9072,8559,8581,2000.0
9073,8560,8581,1785.7142857142858
9074,8561,8577,4.85649069982031
9075,8564,8565,13.914011409489357
9076,8564,8566,2000.0
9077,8567,8621,18.36547291092745
9078,8569,8570,11.55802126675913
9079,8569,8571,11.560693641618498
9080,8578,8579,2000.0
9081,8580,8581,10.70663811563169
9082,8581,8583,10.70663811563169
9083,8593,8596,2000.0
9084,8594,8597,5.555246930726071
9085,8595,8596,2000.0
9086,8595,8597,303.030303030303
9087,8595,8610,24.437927663734115
9088,8601,8684,80.12820512820512
9089,8608,8609,43.49717268377555
9090,8608,8610,2000.0
9091,8608,8611,2000.0
9092,8609,8612,2000.0
9093,8613,8614,5.396654074473826
9094,8616,8617,10.574177857671566
9095,8620,8621,7.722604062089736
9096,8622,8645,41.254125412541256
9097,8627,8640,9.285051067780874
9098,8628,8629,6.715916722632639
9099,8637,8638,2000.0
9100,8642,8644,13.53546291283162
9101,8642,8650,2000.0
9102,8643,8650,36.85956505713233
9103,8644,8645,3.1985670419651995
9104,8646,8648,15.358623867301487
9105,8647,8649,15.358623867301487
9106,8651,8653,1.2225536701061177
9107,8651,8654,1.2196311835301006
9108,8658,8659,7.52049334436339
9109,8658,8660,1538.4615384615386
9110,8658,8662,1538.4615384615386
9111,8658,8669,1538.4615384615386
9112,8658,8676,2000.0
9113,8658,8678,2000.0
9114,8658,8700,36.46973012399708
9115,8660,8671,34.940600978336825
9116,8662,8670,34.940600978336825
9117,8663,8666,7.928327915642591
9118,8665,8666,235.2941176470588
9119,8665,8674,2000.0
9120,8665,8675,48.33252779120348
9121,8666,8677,61.53846153846154
9122,8669,8672,34.940600978336825
9123,8673,8674,-49.6031746031746
9124,8675,8676,9.385265133740027
9125,8677,8678,9.385265133740027
9126,8682,8683,18.357044515832953
9127,8684,8689,301.2048192771084
9128,8686,8689,301.2048192771084
9129,8686,8690,2000.0
9130,8695,8697,2000.0
9131,8706,9080,15.45833977430824
9132,8707,8812,59.70149253731344
9133,8707,8992,40.32258064516129
9134,8707,9069,85.47008547008546
9135,8708,8799,45.80852038479157
9136,8708,8806,2000.0
9137,8709,8937,43.2338953739732
9138,8709,9001,29.01915264074289
9139,8711,8738,5.355899523324943
9140,8713,8733,5.050249987374375
9141,8713,9099,14.273479874393376
9142,8714,8722,13.119916032537391
9143,8714,8784,8.869179600886918
9144,8714,8897,9.98003992015968
9145,8715,8912,74.57121551081282
9146,8715,9017,123.76237623762376
9147,8715,9061,1000.0
9148,8716,8803,228.83295194508008
9149,8716,8807,26.32964718272775
9150,8716,8941,2000.0
9151,8717,8718,9.601536245799329
9152,8717,8895,9.186954524575103
9153,8717,8896,9.370314842578711
9154,8717,9140,7.599939200486396
9155,8717,9276,16.716817118020728
9156,8718,9007,57.37234652897303
9157,8719,9102,3.772873042822109
9158,8720,8821,2000.0
9159,8721,8775,22.36636099306643
9160,8722,8746,8.733624454148472
9161,8723,8840,27.464982147761603
9162,8723,8885,17.488632388947185
9163,8724,8728,7.389890629618682
9164,8724,8976,490.1960784313725
9165,8725,8912,352.11267605633805
9166,8725,9417,123.76237623762376
9167,8726,8848,12.518778167250876
9168,8726,9003,7.245326764237067
9169,8726,9043,10.937329104232749
9170,8727,8793,2000.0
9171,8728,9382,5.395489370885939
9172,8729,8780,7.939658594680429
9173,8729,8849,10.0664384940608
9174,8730,8739,25.207965717166623
9175,8730,8964,34.72222222222222
9176,8731,8832,19.18649270913277
9177,8731,8907,5.007511266900351
9178,8732,8794,64.9772579597141
9179,8733,8734,8.160600620205647
9180,8733,9158,118.62396204033216
9181,8734,8863,10.058338362502514
9182,8734,9052,27.88622420524261
9183,8735,8980,70.8215297450425
9184,8735,9056,98.81422924901186
9185,8736,8737,13.468013468013469
9186,8736,8815,36.58982802780827
9187,8737,9052,34.094783498124784
9188,8738,8790,5.17437648763324
9189,8738,8931,15.076134479119554
9190,8739,8788,500.0
9191,8739,8807,34.87966515521451
9192,8740,8796,16.246953696181965
9193,8740,9007,6.387327542156362
9194,8741,9031,3.9328273095528377
9195,8742,9438,18.71607711023769
9196,8746,8818,8.481044864727334
9197,8746,8970,2000.0
9198,8748,8987,73.1528895391368
9199,8748,9267,59.84440454817474
9200,8749,8840,115.34025374855824
9201,8749,8959,36.16636528028933
9202,8750,9198,2000.0
9203,8751,8801,9.701202949165696
9204,8751,9087,2000.0
9205,8751,9096,220.7505518763797
9206,8752,9089,2000.0
9207,8752,9270,61.61429451632779
9208,8753,8756,9.094216078574028
9209,8754,8756,9.149967975112087
9210,8755,8756,9.067005168192946
9211,8756,8937,704.2253521126761
9212,8756,9261,36.46973012399708
9213,8757,9158,83.75209380234506
9214,8758,8794,14.9902563333833
9215,8759,8907,4.704996706502305
9216,8759,9384,6.988120195667365
9217,8760,8931,64.1025641025641
9218,8761,8849,48.59086491739553
9219,8761,8943,7.378440197742197
9220,8762,8787,3.86458494357706
9221,8763,8842,63.73486297004462
9222,8763,8916,21.734405564007822
9223,8763,9005,63.45177664974619
9224,8764,8872,11.132138483802738
9225,8764,8913,5.240540823813017
9226,8765,9014,7.1438776968138304
9227,8767,8930,8.69414014953921
9228,8767,9203,16.108247422680414
9229,8767,9207,4.625988805107092
9230,8770,8771,10.673497705197994
9231,8770,8922,33.921302578018995
9232,8770,9015,101.21457489878544
9233,8771,9047,7.820442637053257
9234,8771,9276,4.985293384515678
9235,8772,8773,14.08649105507818
9236,8772,8890,5.333617792948957
9237,8772,8919,20.53809817210926
9238,8772,9039,2.8243002796057275
9239,8773,9422,2000.0
9240,8774,8900,19.46282600233554
9241,8774,8962,254.4529262086514
9242,8774,9033,5.662834815108443
9243,8775,8884,4.751045229950589
9244,8775,8905,9.902951079421667
9245,8776,8860,5.304195618734419
9246,8776,8933,2000.0
9247,8776,8947,11.30965844831486
9248,8777,8929,12.201073694485114
9249,8778,9009,34.56619426201176
9250,8779,8823,3.911138923654568
9251,8779,9102,4.189183528130368
9252,8779,9200,3.7982376177453663
9253,8780,8826,6.410667350471184
9254,8780,9271,4.527550142617829
9255,8781,9009,5.322546306152863
9256,8782,8955,9.447331128956067
9257,8783,8885,89.68609865470852
9258,8783,9239,23.34812047630166
9259,8784,8960,25.33569799847986
9260,8785,8948,5.09061290979434
9261,8785,9260,14.992503748125936
9262,8786,8902,78.74015748031496
9263,8786,8929,185.5287569573284
9264,8786,8991,20.53388090349076
9265,8786,9009,40.60089321965084
9266,8787,9010,21.01723413198823
9267,8789,8805,4.570383912248629
9268,8789,8873,15.487068297971192
9269,8789,8944,2000.0
9270,8790,8918,4.964010920824026
9271,8790,9100,6.980802792321117
9272,8791,8844,2000.0
9273,8791,9275,14.26126640045636
9274,8792,8912,31.47623544224111
9275,8793,8807,45.662100456621005
9276,8793,8830,26.737967914438503
9277,8794,8910,4.2426813746287655
9278,8795,8958,228.83295194508008
9279,8795,9035,103.19917440660474
9280,8795,9071,46.40371229698376
9281,8795,9073,45.87155963302752
9282,8795,9267,40.60089321965084
9283,8796,8950,9.70591089973794
9284,8796,8975,59.45303210463734
9285,8797,8798,7.162810686913545
9286,8797,8824,21.63565556036348
9287,8797,8891,7.793624814901411
9288,8797,9290,9.848335631278314
9289,8798,9012,25.523226135783563
9290,8799,8802,46.81647940074907
9291,8799,9022,1652.892561983471
9292,8799,9293,121.21212121212122
9293,8799,9453,253.8071065989848
9294,8800,8802,5.130573085013596
9295,8801,8802,-507.6142131979696
9296,8801,8915,207.9002079002079
9297,8801,9042,380.22813688212926
9298,8801,9261,78.49293563579278
9299,8801,9435,115.94202898550725
9300,8803,8861,134.2281879194631
9301,8804,8896,86.20689655172414
9302,8804,9101,2000.0
9303,8805,8893,1000.0
9304,8805,8973,108.34236186348862
9305,8806,8808,46.27487274409995
9306,8806,8982,1492.5373134328358
9307,8806,9453,58.47953216374269
9308,8807,8808,-460.8294930875576
9309,8807,9017,11.883541295306
9310,8807,9040,19.565642731363724
9311,8807,9196,88.96797153024912
9312,8808,8809,8.932559178204556
9313,8810,8838,33.97893306150187
9314,8811,8846,4.493978069387022
9315,8811,8899,5.846927439630474
9316,8811,8905,11.14330287497214
9317,8812,8813,9.3905531035778
9318,8814,8841,7.316359379572725
9319,8814,8988,54.054054054054056
9320,8815,9158,28.910089621277827
9321,8816,8817,5.590027391134217
9322,8817,8870,3.404718940451465
9323,8820,8832,13.599891200870394
9324,8821,8924,7.044734061289186
9325,8821,9150,12.16397031991242
9326,8823,8864,6.91323885240235
9327,8824,9093,10.236462278636504
9328,8825,8834,2000.0
9329,8825,9044,41.9287211740042
9330,8826,8860,69.3000693000693
9331,8827,9199,1587.3015873015872
9332,8828,9231,2000.0
9333,8829,9068,6.780120686148213
9334,8829,9080,6.2000124000248
9335,8830,9270,1449.2753623188405
9336,8831,8832,15.010507355148604
9337,8831,8896,6.169031462060457
9338,8831,8904,5.435668859053107
9339,8832,8924,2.9324653235975484
9340,8832,8983,10.15434606011373
9341,8833,8838,943.3962264150944
9342,8835,8971,18.248175182481752
9343,8835,9435,186.9158878504673
9344,8836,8985,91.57509157509158
9345,8836,9013,41.06776180698152
9346,8836,9069,42.24757076468103
9347,8838,8898,113.76564277588167
9348,8839,8993,74.4047619047619
9349,8841,8951,120.91898428053204
9350,8844,9039,4.4929685042907845
9351,8844,9060,107.18113612004288
9352,8845,8966,243.90243902439025
9353,8845,8980,43.421623968736434
9354,8845,8998,2000.0
9355,8845,8999,2000.0
9356,8847,8938,156.49452269170578
9357,8847,8956,1000.0
9358,8848,9431,4.161984434178216
9359,8851,8852,12.12121212121212
9360,8851,8853,12.12121212121212
9361,8851,8854,12.12121212121212
9362,8851,8855,12.12121212121212
9363,8851,8856,22.17294900221729
9364,8851,8857,22.17294900221729
9365,8851,8982,49.12797838368951
9366,8858,9276,37.0919881305638
9367,8858,9385,13.724951962668133
9368,8859,8869,8.04634695848085
9369,8859,8884,5.530361685654242
9370,8860,8861,5.541701302299806
9371,8861,9018,60.45949214026602
9372,8861,9050,114.15525114155253
9373,8862,8878,77.9423226812159
9374,8862,9267,1298.7012987012988
9375,8863,8864,9.380863039399625
9376,8864,8910,4.8503662026483
9377,8864,8928,9.539254030334828
9378,8866,8892,40.78303425774877
9379,8868,9173,78.18608287724786
9380,8868,9438,78.18608287724786
9381,8869,9083,7.371369600471768
9382,8870,8922,2.361330846064842
9383,8871,9005,146.19883040935673
9384,8871,9313,28.530670470756064
9385,8874,9055,2000.0
9386,8875,9006,4.936808846761453
9387,8876,9010,7.555723460521345
9388,8877,8908,7.926442612555485
9389,8877,9384,16.733601070950467
9390,8878,8880,101.9367991845056
9391,8878,9066,24.372410431391664
9392,8878,9091,42.14075010535188
9393,8879,8880,54.11255411255412
9394,8879,9074,139.08205841446454
9395,8879,9090,35.75259206292456
9396,8880,8881,6.914194842010648
9397,8883,9065,2000.0
9398,8885,9057,2000.0
9399,8886,9067,51.41388174807198
9400,8887,9060,4.800537660217945
9401,8889,9094,6.19463544570402
9402,8889,9102,81.23476848090984
9403,8890,8995,8.92379082634303
9404,8890,9064,5.457919441109049
9405,8891,8919,4.733279689496852
9406,8892,8939,2000.0
9407,8894,8896,10.621348911311737
9408,8894,9033,645.1612903225806
9409,8894,9147,4.986536351850005
9410,8895,8896,2000.0
9411,8895,9229,26.226068712300027
9412,8897,8911,53.36179295624333
9413,8897,9016,260.4166666666667
9414,8898,9059,81.43322475570032
9415,8898,9417,185.87360594795535
9416,8901,9147,26.838432635534083
9417,8902,8979,14.669209329617134
9418,8902,9268,29.92220227408737
9419,8903,8989,82.64462809917356
9420,8903,9036,1000.0
9421,8904,8905,6.053635207942369
9422,8904,8921,9.746588693957117
9423,8904,9085,14.983518130056938
9424,8905,9067,3.879728419010669
9425,8906,9150,40.88307440719542
9426,8906,9199,16.661112962345886
9427,8908,9150,17.46419839329375
9428,8909,9043,7.580926389204761
9429,8909,9167,649.3506493506494
9430,8913,8914,13.0718954248366
9431,8914,9148,109.64912280701756
9432,8915,9261,75.07507507507508
9433,8916,8986,125.31328320802004
9434,8916,8996,123.60939431396788
9435,8917,9097,8.091269520187717
9436,8920,8921,11.05094485578517
9437,8922,9041,43.84042086804033
9438,8923,9066,22.722108611679165
9439,8924,8962,5.804841237592152
9440,8926,9040,2000.0
9441,8927,8928,11.316057485572026
9442,8927,9382,57.04506560182544
9443,8929,8954,112.99435028248588
9444,8930,9065,15.119443604475356
9445,8931,9067,7.702973347712217
9446,8932,8945,71.22507122507122
9447,8935,9006,59.70149253731344
9448,8938,8953,3.84571011037188
9449,8938,8954,22.558087074216107
9450,8939,9088,27.15177844148792
9451,8940,9200,2000.0
9452,8945,8980,38.08073115003808
9453,8945,8989,181.15942028985503
9454,8946,9001,90.41591320072332
9455,8949,9042,40.48582995951417
9456,8949,9051,2000.0
9457,8949,9297,18.102824040550328
9458,8951,9035,46.66355576294914
9459,8952,8990,9.317059536010436
9460,8954,9268,24.06159769008662
9461,8955,8979,7.347538574577516
9462,8955,9044,20.04008016032064
9463,8958,9037,2000.0
9464,8959,8960,4.633920296570899
9465,8959,8961,5.031446540880503
9466,8959,8986,46.97040864255519
9467,8962,8975,8.640055296353896
9468,8963,9012,66.66666666666667
9469,8963,9032,169.4915254237288
9470,8963,9035,26.014568158168576
9471,8964,9270,53.61930294906166
9472,8965,8980,44.20866489832007
9473,8965,9073,70.4225352112676
9474,8966,9071,70.4225352112676
9475,8967,9441,2000.0
9476,8971,8972,5.935070330583417
9477,8972,8973,-125.78616352201256
9478,8972,8974,3.0825190345550384
9479,8976,9046,60.64281382656155
9480,8977,9084,114.5475372279496
9481,8978,9298,114.15525114155253
9482,8979,8980,10.650761529449357
9483,8979,8991,26.36435539151068
9484,8979,9045,10.58873358746294
9485,8981,9081,2000.0
9486,8981,9441,33.244680851063826
9487,8985,8993,24.142926122646063
9488,8987,9035,746.2686567164179
9489,8990,8994,19.42124684404739
9490,8990,9431,8.324315325064513
9491,8992,9239,1562.5
9492,8993,8994,1.5109391998065995
9493,8996,9004,2000.0
9494,8996,9058,2000.0
9495,8997,8998,3.7815761609438816
9496,8999,9000,3.76889156898956
9497,9001,9311,925.925925925926
9498,9002,9270,17.23246596587972
9499,9005,9006,6.761325219743069
9500,9007,9094,5.223023085762039
9501,9007,9231,29.12904165452957
9502,9010,9068,416.6666666666667
9503,9011,9068,21.01723413198823
9504,9012,9109,62.93266205160478
9505,9014,9064,26.63825253063399
9506,9015,9200,4.125072188763303
9507,9019,9441,602.4096385542168
9508,9020,9441,628.930817610063
9509,9022,9025,12.21001221001221
9510,9022,9026,16.54807214959457
9511,9022,9028,12.175818823815902
9512,9031,9038,7.209805335255948
9513,9031,9275,27.609055770292656
9514,9034,9039,8.480325644504749
9515,9035,9073,35.574528637495554
9516,9036,9091,75.13148009015778
9517,9037,9056,127.7139208173691
9518,9040,9297,9.810654370646525
9519,9046,9049,-53.908355795148246
9520,9046,9084,78.67820613690007
9521,9047,9049,8.114248620577735
9522,9048,9049,0.6642355645005945
9523,9050,9314,42.3728813559322
9524,9052,9053,18.740629685157423
9525,9052,9055,21.77226213803614
9526,9053,9054,2.606678309829784
9527,9053,9055,-130.89005235602093
9528,9055,9090,1476.3884447287069
9529,9055,9230,58.78894767783657
9530,9057,9313,57.77007510109763
9531,9058,9088,258.3979328165375
9532,9059,9270,48.47309743092583
9533,9061,9062,5.197505197505198
9534,9061,9063,5.197505197505198
9535,9066,9481,65.06180871828236
9536,9068,9069,5.301102629346905
9537,9069,9070,5.301102629346905
9538,9071,9075,-467.2897196261682
9539,9071,9422,53.44735435595938
9540,9071,9423,17.006802721088434
9541,9072,9077,9.00657479960371
9542,9073,9077,-460.8294930875576
9543,9074,9075,45.187528242205154
9544,9074,9077,46.27487274409995
9545,9074,9090,50.9683995922528
9546,9074,9095,73.1528895391368
9547,9074,9206,91.24087591240875
9548,9074,9386,111.23470522803116
9549,9075,9076,7.662248103593594
9550,9078,9298,502.5125628140704
9551,9079,9298,502.5125628140704
9552,9081,9086,63.775510204081634
9553,9082,9083,2000.0
9554,9083,9097,15.482272797646694
9555,9085,9298,2000.0
9556,9088,9089,31.12356053532524
9557,9089,9092,2000.0
9558,9090,9113,31.665611146295124
9559,9090,9118,99.72625627484766
9560,9090,9128,91.57509157509158
9561,9090,9257,840.3361344537815
9562,9090,9386,93.28358208955224
9563,9093,9167,4.602144599383313
9564,9097,9438,4.932669067232279
9565,9100,9103,91.91176470588236
9566,9103,9104,2.7524703421320638
9567,9105,9106,19.48178453146308
9568,9105,9107,15.441630636195182
9569,9105,9128,260.4166666666667
9570,9105,9292,177.61989342806393
9571,9108,9109,14.255167498218103
9572,9110,9111,4000.0
9573,9110,9136,54.43658138268917
9574,9110,9387,2000.0
9575,9110,9421,149.2537313432836
9576,9113,9116,20.69108214359611
9577,9113,9117,20.69108214359611
9578,9113,9118,75.58578987150416
9579,9113,9139,39.785237278933536
9580,9113,9144,42.21190375685944
9581,9113,9146,42.3190859077444
9582,9113,9287,2000.0
9583,9113,9425,793.6507936507936
9584,9118,9125,46.860356138706656
9585,9118,9279,729.92700729927
9586,9118,9295,103.41261633919338
9587,9118,9383,69.58942240779402
9588,9118,9443,159.4896331738437
9589,9119,9123,22.246941045606228
9590,9119,9129,31.79650238473768
9591,9119,9143,62.30529595015577
9592,9119,9145,62.5
9593,9119,9193,138.88888888888889
9594,9119,9204,132.0132588366103
9595,9119,9212,325.7328990228013
9596,9119,9419,147.49262536873155
9597,9119,9457,46.06172270842929
9598,9119,9482,52.52100840336134
9599,9121,9123,-826.4462809917355
9600,9122,9123,2.375014843842774
9601,9125,9204,125.00004882814406
9602,9125,9236,151.5151515151515
9603,9125,9418,2000.0
9604,9125,9432,104.8767697954903
9605,9125,9471,2000.0
9606,9126,9134,160.38657408747179
9607,9126,9317,35.7398141529664
9608,9126,9419,65.48788474132286
9609,9126,9482,341.29692832764505
9610,9128,9425,51.2557662737058
9611,9129,9133,22.246941045606228
9612,9129,9139,52.35602094240838
9613,9129,9156,91.03322712790168
9614,9129,9157,102.35414534288638
9615,9129,9181,212.31422505307856
9616,9129,9202,227.27272727272728
9617,9129,9457,116.68611435239208
9618,9131,9133,-826.4462809917355
9619,9132,9133,2.375014843842774
9620,9134,9156,45.31037607612143
9621,9134,9174,2000.0
9622,9134,9246,78.125
9623,9134,9258,140.4494382022472
9624,9134,9282,82.64462809917356
9625,9135,9136,-49.6031746031746
9626,9135,9295,98.23182711198427
9627,9137,9241,178.57142857142858
9628,9137,9383,182.4817518248175
9629,9139,9157,104.71204188481676
9630,9139,9166,86.65511265164645
9631,9139,9240,84.38818565400844
9632,9140,9142,2000.0
9633,9143,9144,-51.04645227156713
9634,9145,9146,-51.04645227156713
9635,9148,9149,2000.0
9636,9148,9311,123.76237623762376
9637,9152,9155,20.597322348094742
9638,9153,9155,20.50020500205002
9639,9154,9155,32.74394237066143
9640,9155,9270,123.15270935960592
9641,9156,9160,53.99568034557235
9642,9156,9282,103.30578512396694
9643,9157,9170,282.4858757062147
9644,9157,9188,137.7410468319559
9645,9159,9160,10.860121633362294
9646,9160,9163,265.9574468085106
9647,9161,9163,8.372404554588078
9648,9162,9163,8.428860418071476
9649,9164,9166,10.196798205363516
9650,9165,9166,10.144045445323597
9651,9167,9171,1190.4761904761904
9652,9168,9170,8.878629139660836
9653,9169,9170,8.878629139660836
9654,9171,9172,5.29436679373147
9655,9174,9175,8.336112037345782
9656,9174,9176,8.336112037345782
9657,9174,9179,383.1417624521073
9658,9177,9179,12.990387113535984
9659,9178,9179,12.990387113535984
9660,9180,9181,10.498687664041997
9661,9181,9182,10.498687664041997
9662,9181,9185,2000.0
9663,9183,9185,10.50089257586895
9664,9184,9185,10.50089257586895
9665,9186,9188,7.501875468867217
9666,9187,9188,7.501875468867217
9667,9189,9190,11.363636363636363
9668,9190,9230,2000.0
9669,9191,9193,8.336807002917883
9670,9192,9193,8.336807002917883
9671,9194,9196,2000.0
9672,9196,9441,21.114864864864863
9673,9198,9207,44.464206313917295
9674,9199,9231,9.541074324968992
9675,9201,9202,10.00300090027008
9676,9203,9426,9.088430428065074
9677,9204,9215,195.3125
9678,9204,9219,91.324200913242
9679,9204,9242,2000.0
9680,9204,9317,42.24757076468103
9681,9206,9209,1010.10101010101
9682,9207,9300,961.5384615384615
9683,9208,9300,1333.3333333333333
9684,9209,9210,12.934937265554264
9685,9211,9212,10.002000400080016
9686,9213,9215,6.904646827314783
9687,9214,9215,6.903693476009665
9688,9217,9219,10.29230135858378
9689,9218,9219,10.301844030081384
9690,9220,9226,6.166368625516434
9691,9221,9226,6.166368625516434
9692,9222,9226,6.166368625516434
9693,9223,9227,16.67778519012675
9694,9224,9227,16.67778519012675
9695,9225,9227,16.67778519012675
9696,9226,9228,2000.0
9697,9227,9228,29.07822041291073
9698,9227,9317,800.0
9699,9229,9235,970.8737864077668
9700,9230,9232,2000.0
9701,9230,9410,74.46016381236039
9702,9232,9233,11.363636363636363
9703,9234,9235,7.733952049497293
9704,9236,9237,10.26167265264238
9705,9236,9238,10.24485196188915
9706,9239,9251,45.22840343735866
9707,9240,9254,2000.0
9708,9241,9247,2000.0
9709,9241,9266,653.59477124183
9710,9241,9421,149.03129657228018
9711,9242,9243,11.755025273304335
9712,9244,9246,7.8982702788089405
9713,9245,9246,7.8982702788089405
9714,9247,9248,8.381527114240214
9715,9247,9249,8.027614995584813
9716,9250,9251,8.810572687224669
9717,9252,9254,8.668515950069349
9718,9253,9254,8.668515950069349
9719,9255,9257,8.017960230917256
9720,9256,9257,8.381527114240214
9721,9257,9286,371.7472118959108
9722,9258,9259,10.427528675703858
9723,9260,9263,-558.659217877095
9724,9261,9263,5.818012566907145
9725,9262,9263,1.945449593401035
9726,9264,9266,8.395600705230459
9727,9265,9266,12.504689258471927
9728,9267,9268,23.392119700666775
9729,9270,9273,9.379103357719002
9730,9270,9441,60.38647342995169
9731,9271,9273,13.65001365001365
9732,9273,9274,11.037527593818984
9733,9275,9277,2000.0
9734,9277,9278,7.334604664808567
9735,9279,9280,13.368983957219251
9736,9279,9281,13.502565487442617
9737,9282,9283,413.22314049586777
9738,9283,9284,14.84560570071259
9739,9285,9286,11.990407673860911
9740,9287,9288,9.286775631500744
9741,9287,9289,9.286775631500744
9742,9291,9292,15.441630636195182
9743,9293,9309,2000.0
9744,9295,9296,2000.0
9745,9295,9303,526.3157894736842
9746,9296,9411,2000.0
9747,9297,9306,2000.0
9748,9299,9304,2000.0
9749,9299,9312,51.89413596263622
9750,9299,9314,84.7457627118644
9751,9300,9308,675.6756756756756
9752,9301,9303,9.668374746205163
9753,9302,9303,9.668374746205163
9754,9304,9305,19.89258006763477
9755,9306,9307,43.15925766076823
9756,9309,9310,13.16309069369488
9757,9311,9435,186.9158878504673
9758,9312,9370,2000.0
9759,9313,9315,2000.0
9760,9314,9376,471.6981132075472
9761,9315,9316,3.913894324853229
9762,9317,9319,62.8140703517588
9763,9317,9321,88.96797153024912
9764,9319,9320,230.4147465437788
9765,9319,9339,2000.0
9766,9319,9340,2000.0
9767,9320,9348,2000.0
9768,9320,9349,2000.0
9769,9321,9351,2000.0
9770,9321,9352,2000.0
9771,9322,9323,85.25149190110827
9772,9322,9326,39.01677721420211
9773,9322,9357,53.02226935312832
9774,9323,9366,81.43322475570032
9775,9324,9331,33.72681281618887
9776,9324,9366,46.55493482309125
9777,9325,9336,39.88831272437176
9778,9325,9372,56.49717514124294
9779,9326,9335,79.4912559618442
9780,9326,9343,20.742584526031944
9781,9326,9357,54.25935973955507
9782,9326,9358,51.3347022587269
9783,9327,9332,19.364833462432223
9784,9327,9367,25.64102564102564
9785,9328,9332,34.85535029627048
9786,9328,9373,28.042624789680318
9787,9329,9336,139.66480446927375
9788,9329,9378,85.76329331046313
9789,9330,9367,23.025558369790467
9790,9330,9379,18.726591760299627
9791,9331,9350,110.98779134295228
9792,9332,9333,2.7567955009097425
9793,9332,9334,2.759838825412596
9794,9333,9399,826.4462809917355
9795,9335,9358,58.51375073142189
9796,9335,9378,64.43298969072166
9797,9336,9337,-191.57088122605364
9798,9336,9338,-192.30769230769232
9799,9336,9358,86.13264427217915
9800,9337,9340,22.639800769753226
9801,9337,9342,6.434592368573451
9802,9338,9339,22.49212775528565
9803,9338,9341,6.463706289186219
9804,9343,9344,-197.23865877712032
9805,9343,9345,-195.3125
9806,9343,9357,16.084928422068522
9807,9344,9346,6.463288521199586
9808,9344,9348,22.634676324128566
9809,9345,9347,6.449532408900355
9810,9345,9349,22.66545784224841
9811,9350,9353,-193.7984496124031
9812,9350,9355,-192.30769230769232
9813,9350,9372,115.87485515643104
9814,9351,9353,22.680880018144705
9815,9352,9355,22.56826901376665
9816,9353,9354,6.459531038046638
9817,9355,9356,6.463706289186219
9818,9366,9368,7.847445656438829
9819,9367,9368,-60.790273556231
9820,9368,9369,5.813953488372093
9821,9370,9371,9.104151493080844
9822,9372,9374,7.886435331230284
9823,9372,9393,2000.0
9824,9373,9374,-62.61740763932373
9825,9373,9379,22.3563603845294
9826,9373,9394,2000.0
9827,9373,9395,2000.0
9828,9374,9375,5.926277112717791
9829,9376,9377,7.539203860072376
9830,9378,9380,7.947230390209012
9831,9379,9380,-70.57163020465772
9832,9380,9381,5.911563017261764
9833,9383,9407,2000.0
9834,9383,9443,123.76237623762376
9835,9384,9385,31.756113051762465
9836,9386,9404,111.48272017837236
9837,9387,9400,2000.0
9838,9393,9396,6.476683937823834
9839,9394,9397,2.700658960786432
9840,9395,9398,2.725686873092019
9841,9400,9403,141.44271570014143
9842,9401,9403,17.953321364452425
9843,9402,9403,17.83484929552345
9844,9404,9405,16.423057973394645
9845,9404,9406,10.11326860841424
9846,9407,9408,6.636580833554553
9847,9407,9409,7.8277886497064575
9848,9411,9412,14.084507042253522
9849,9411,9413,8.336112037345782
9850,9414,9416,12.558081125204067
9851,9415,9416,12.558081125204067
9852,9418,9420,2000.0
9853,9419,9452,2000.0
9854,9421,9430,2000.0
9855,9425,9449,2000.0
9856,9426,9431,18.158707100054475
9857,9427,9429,8.132726089785296
9858,9428,9430,16.5371258475277
9859,9429,9430,7.766387076731904
9860,9431,9436,10.895619960775768
9861,9432,9433,56.21135469364812
9862,9433,9434,2000.0
9863,9434,9444,552.4861878453039
9864,9434,9447,395.2569169960474
9865,9435,9440,2000.0
9866,9439,9440,16.65278934221482
9867,9443,9479,2000.0
9868,9444,9445,5.45048236768954
9869,9444,9446,5.446919766871834
9870,9447,9448,8.431703204047217
9871,9450,9452,16.655562958027982
9872,9451,9452,16.655562958027982
9873,9453,9476,2000.0
9874,9457,9460,2000.0
9875,9458,9460,9.46880030300161
9876,9459,9460,6.601531555320834
9877,9470,9471,15.394088669950738
9878,9472,9474,37.18854592785422
9879,9473,9475,37.18854592785422
9880,9474,9476,16.68613382279326
9881,9475,9476,16.929067208396816
9882,9477,9479,8.6617583369424
9883,9478,9479,8.625894936599671
