l,branch_name,from_bus,to_bus,suscept,available
1,Branch_1,5882,5974,143.67816091954023,1
2,Branch_2,5805,6689,2000.0,1
3,Branch_3,6422,6436,2000.0,1
4,Branch_4,5251,5508,51.4668039114771,1
5,Branch_5,5023,6313,127.2264631043257,1
6,Branch_6,4912,6525,89.28571428571429,1
7,Branch_7,9074,9248,2000.0,1
8,Branch_8,3642,3728,67.24949562878278,1
9,Branch_9,3642,3818,72.67441860465117,1
10,Branch_10,3642,3672,129.5336787564767,1
11,Branch_11,4239,5264,2000.0,1
12,Branch_12,2598,2622,28.153153153153152,1
13,Branch_13,4219,5312,1123.5955056179776,1
14,Branch_14,5312,5484,182.4817518248175,1
15,Branch_15,4649,5439,159.4896331738437,1
16,Branch_18,5106,6387,138.69625520110958,1
17,Branch_19,4920,6387,87.71929824561404,1
18,Branch_20,4920,5439,107.29613733905579,1
19,Branch_22,4731,5171,107.75862068965517,1
20,Branch_23,4731,5106,375.9398496240602,1
21,Branch_24,5108,6079,57.93742757821553,1
22,Branch_25,5108,5171,74.96251874062969,1
23,Branch_26,2184,2395,11.723329425556859,1
24,Branch_27,4219,5906,289.8550724637681,1
25,Branch_28,4425,6079,36.205648081100655,1
26,Branch_29,5380,6478,112.73957158962796,1
27,Branch_30,5230,5380,75.24454477050413,1
28,Branch_31,6478,6603,58.75440658049354,1
29,Branch_32,4425,5380,50.53057099545225,1
30,Branch_33,4703,6079,28.951939779965258,1
31,Branch_34,4703,4704,342.4657534246575,1
32,Branch_35,5291,6079,46.403712296983755,1
33,Branch_36,5291,5776,18.96453631708705,1
34,Branch_37,4704,5287,58.9622641509434,1
35,Branch_38,2027,2663,342.4657534246575,1
36,Branch_39,4910,5565,160.0,1
37,Branch_40,4184,6015,256.4102564102564,1
38,Branch_41,4980,5565,649.3506493506494,1
39,Branch_42,4980,5210,1639.344262295082,1
40,Branch_43,4184,5210,156.49452269170578,1
41,Branch_46,4704,5106,96.15384615384616,1
42,Branch_47,1821,2189,117.78563015312132,1
43,Branch_49,5209,6017,97.18172983479106,1
44,Branch_50,5209,5545,826.4462809917355,1
45,Branch_51,5545,5566,793.6507936507936,1
46,Branch_52,4793,4910,150.37593984962405,1
47,Branch_53,4793,5566,1075.268817204301,1
48,Branch_56,4728,6240,157.48031496062993,1
49,Branch_57,5098,6240,1282.051282051282,1
50,Branch_58,5172,6240,268.81720430107526,1
51,Branch_60,5521,6686,78.98894154818325,1
52,Branch_63,5283,6686,115.2073732718894,1
53,Branch_64,4924,5283,346.02076124567475,1
54,Branch_65,4924,6445,134.2281879194631,1
55,Branch_66,5481,5957,166.9449081803005,1
56,Branch_70,5481,5521,200.40080160320642,1
57,Branch_71,4892,5521,165.56291390728478,1
58,Branch_73,4509,4924,50.25125628140704,1
59,Branch_74,4728,5957,126.90355329949239,1
60,Branch_75,4728,6239,157.48031496062993,1
61,Branch_76,5097,6239,1562.5,1
62,Branch_77,2276,2522,76.21951219512195,1
63,Branch_78,5728,5906,283.28611898017,1
64,Branch_79,5728,5974,118.48341232227489,1
65,Branch_80,5355,6100,980.3921568627451,1
66,Branch_85,5144,6100,222.22222222222223,1
67,Branch_87,4987,6100,166.11295681063123,1
68,Branch_93,4495,5144,2000.0,1
69,Branch_94,4495,6166,163.3986928104575,1
70,Branch_95,5973,6166,434.7826086956522,1
71,Branch_97,4728,4987,2000.0,1
72,Branch_98,4508,6655,59.73715651135006,1
73,Branch_99,4508,6102,55.40166204986149,1
74,Branch_100,5931,5973,98.91196834817013,1
75,Branch_101,5583,5931,59.171597633136095,1
76,Branch_102,5583,5860,58.445353594389246,1
77,Branch_103,4921,6102,163.3986928104575,1
78,Branch_104,4508,5860,37.764350453172206,1
79,Branch_105,6138,6145,276.24309392265195,1
80,Branch_106,6137,6145,276.24309392265195,1
81,Branch_107,1883,2663,142.65335235378032,1
82,Branch_110,4356,4775,344.82758620689657,1
83,Branch_112,4910,5705,201.61290322580646,1
84,Branch_113,5676,6685,116.95906432748538,1
85,Branch_114,4923,5273,145.5604075691412,1
86,Branch_115,5284,6685,115.2073732718894,1
87,Branch_116,4923,5284,346.02076124567475,1
88,Branch_117,5676,5705,173.91304347826087,1
89,Branch_118,4509,5273,76.74597083653109,1
90,Branch_119,4923,6444,134.2281879194631,1
91,Branch_120,5705,6297,248.75621890547265,1
92,Branch_121,5973,6165,434.7826086956522,1
93,Branch_122,6101,6165,107.9913606911447,1
94,Branch_123,5354,6101,980.3921568627451,1
95,Branch_124,4988,6101,166.11295681063123,1
96,Branch_125,4728,4988,2000.0,1
97,Branch_130,4356,4775,346.02076124567475,1
98,Branch_131,3762,3993,32.102728731942214,1
99,Branch_132,3762,3831,26.845637583892618,1
100,Branch_133,4728,5482,70.77140835102618,1
101,Branch_134,5482,5522,200.40080160320642,1
102,Branch_135,5522,5677,80.84074373484236,1
103,Branch_136,4910,5706,201.61290322580646,1
104,Branch_137,5677,5706,177.3049645390071,1
105,Branch_138,4891,5522,165.56291390728478,1
106,Branch_139,5706,6298,248.75621890547265,1
107,Branch_140,1883,2421,90.66183136899366,1
108,Branch_141,4775,5974,574.7126436781609,1
109,Branch_142,5029,5109,188.32391713747646,1
110,Branch_143,5477,5796,68.87052341597796,1
111,Branch_144,4894,5796,51.84033177812338,1
112,Branch_145,4432,5477,65.7030223390276,1
113,Branch_146,4432,5029,134.40860215053763,1
114,Branch_147,2246,2493,75.52870090634441,1
115,Branch_148,4775,5974,571.4285714285714,1
116,Branch_149,2523,2636,73.31378299120234,1
117,Branch_150,4031,4327,68.1663258350375,1
118,Branch_151,5246,5548,148.5884101040119,1
119,Branch_152,4251,5109,52.43838489774515,1
120,Branch_153,4310,5246,85.98452278589853,1
121,Branch_154,4251,4310,138.50415512465375,1
122,Branch_155,3780,4070,29.585798816568047,1
123,Branch_156,5110,5785,139.08205841446454,1
124,Branch_157,5109,5836,66.09385327164574,1
125,Branch_158,4262,5836,202.83975659229208,1
126,Branch_159,4251,5836,253.80710659898477,1
127,Branch_160,4260,4382,2000.0,1
128,Branch_161,4262,4382,2000.0,1
129,Branch_162,2733,3397,212.7659574468085,1
130,Branch_163,6594,6690,209.20502092050208,1
131,Branch_164,5109,6594,58.37711617046118,1
132,Branch_165,6453,6594,571.4285714285714,1
133,Branch_167,3055,3435,24.81389578163772,1
134,Branch_168,9196,9762,63.45177664974619,1
135,Branch_169,9038,9762,63.73486297004462,1
136,Branch_170,9107,9762,21.734405564007826,1
137,Branch_171,9249,9280,258.3979328165375,1
138,Branch_172,9107,9185,123.60939431396787,1
139,Branch_173,9185,9249,2000.0,1
140,Branch_174,9280,9281,31.12356053532524,1
141,Branch_175,9128,9280,27.151778441487917,1
142,Branch_176,9281,9751,2000.0,1
143,Branch_177,9458,9751,61.61429451632779,1
144,Branch_178,1806,2292,81.03727714748784,1
145,Branch_179,4496,6016,104.9317943336831,1
146,Branch_180,5049,6584,1538.4615384615386,1
147,Branch_181,5691,6584,149.7005988023952,1
148,Branch_182,5691,6014,1960.7843137254902,1
149,Branch_183,4218,6014,353.35689045936397,1
150,Branch_184,4496,5049,751.8796992481203,1
151,Branch_185,4774,6014,2000.0,1
152,Branch_186,2310,2421,21.408691928923144,1
153,Branch_187,4218,6013,353.35689045936397,1
154,Branch_188,5775,6512,117.9245283018868,1
155,Branch_189,5115,6585,124.06947890818859,1
156,Branch_190,6019,6512,119.47431302270012,1
157,Branch_191,5048,6512,621.1180124223603,1
158,Branch_192,5690,6013,199.20318725099602,1
159,Branch_193,5115,5886,126.26262626262626,1
160,Branch_194,5690,5885,1754.3859649122808,1
161,Branch_195,5048,6585,1538.4615384615386,1
162,Branch_196,4773,6013,2000.0,1
163,Branch_198,1766,2958,15.299877600979192,1
164,Branch_200,4218,5311,116.95906432748538,1
165,Branch_201,5311,5460,109.40919037199124,1
166,Branch_203,1860,2560,20.837674515524068,1
167,Branch_204,3852,4103,19.04036557501904,1
168,Branch_205,3744,3985,34.73428273706148,1
169,Branch_206,3852,3985,31.201248049921997,1
170,Branch_207,1795,2560,46.2962962962963,1
171,Branch_210,3983,4033,97.46588693957115,1
172,Branch_212,3852,3889,39.666798889329634,1
173,Branch_213,3889,3983,70.52186177715092,1
174,Branch_215,3968,4078,64.06149903907752,1
175,Branch_216,3637,3968,126.26262626262626,1
176,Branch_217,3777,3968,45.20795660036166,1
177,Branch_218,3986,4078,73.96449704142012,1
178,Branch_219,3777,3980,45.20795660036166,1
179,Branch_220,3852,3986,35.4735721887194,1
180,Branch_223,1951,1971,59.701492537313435,1
181,Branch_225,1990,3540,17.911517105498834,1
182,Branch_226,8305,8367,223.71364653243847,1
183,Branch_227,5021,5513,15.559358954411078,1
184,Branch_228,4829,6324,9.462528387585163,1
185,Branch_229,4829,4854,2000.0,1
186,Branch_230,4829,4830,2000.0,1
187,Branch_231,4225,4830,18.050541516245488,1
188,Branch_232,4829,6423,2000.0,1
189,Branch_233,2122,2209,90.82652134423252,1
190,Branch_236,2532,2623,7.957981855801369,1
191,Branch_237,3663,3885,96.06147934678194,1
192,Branch_238,5337,5955,11.64551065564225,1
193,Branch_239,5337,5872,17.37921445950643,1
194,Branch_241,5955,6206,46.62004662004662,1
195,Branch_242,4669,6206,2000.0,1
196,Branch_243,5513,6323,35.98416696653472,1
197,Branch_244,6206,6323,19.952114924181963,1
198,Branch_245,3932,4055,165.8374792703151,1
199,Branch_246,3726,3932,72.04610951008645,1
200,Branch_247,3674,3932,333.3333333333333,1
201,Branch_248,3936,4055,763.3587786259542,1
202,Branch_249,3726,3930,47.57373929590866,1
203,Branch_250,3930,4235,29.394473838918284,1
204,Branch_251,4652,5054,23.507287259050305,1
205,Branch_252,4235,5054,16.863406408094434,1
206,Branch_253,4652,6603,32.733224222585925,1
207,Branch_255,2197,3246,20.755500207555002,1
208,Branch_256,3821,3892,10.050251256281406,1
209,Branch_257,3820,4052,85.5431993156544,1
210,Branch_258,3674,4119,34.18803418803419,1
211,Branch_259,4014,4119,34.18803418803419,1
212,Branch_260,3975,4052,28.240609997175937,1
213,Branch_261,3651,3975,28.87669650591972,1
214,Branch_262,3975,4014,15.688735487919674,1
215,Branch_263,3820,3821,43.440486533449175,1
216,Branch_266,3651,4005,65.57377049180327,1
217,Branch_267,3651,3965,2000.0,1
218,Branch_268,3768,3892,313.47962382445144,1
219,Branch_269,3768,4033,45.08566275924256,1
220,Branch_270,1929,2293,43.802014892685065,1
221,Branch_271,3885,3912,2000.0,1
222,Branch_272,4115,4134,56.882821387940844,1
223,Branch_273,4068,4101,82.98755186721992,1
224,Branch_277,3864,4115,42.62574595055413,1
225,Branch_278,3879,4134,892.8571428571429,1
226,Branch_279,3748,3993,14.84560570071259,1
227,Branch_280,3748,3864,20.990764063811923,1
228,Branch_281,2449,2623,7.737542556484061,1
229,Branch_282,3757,4050,24.33682161109759,1
230,Branch_283,4061,4177,143.88489208633092,1
231,Branch_284,3964,4061,77.33952049497293,1
232,Branch_285,3674,3757,12.12856276531231,1
233,Branch_286,3699,4143,62.93266205160478,1
234,Branch_287,3964,4169,50.70993914807302,1
235,Branch_288,4059,4143,42.5531914893617,1
236,Branch_289,4061,4067,23.872045834328002,1
237,Branch_290,3757,4143,42.99226139294927,1
238,Branch_291,4059,4079,30.497102775236353,1
239,Branch_292,3699,4169,27.01242571582928,1
240,Branch_293,4087,4177,38.02281368821293,1
241,Branch_294,3864,4067,81.76614881439085,1
242,Branch_295,4030,4067,847.457627118644,1
243,Branch_296,3701,3745,16.331863465621428,1
244,Branch_297,3670,4070,273.972602739726,1
245,Branch_298,3745,4079,26.72367717797969,1
246,Branch_299,3670,3701,20.124773596297043,1
247,Branch_300,2565,2622,15.121729925903523,1
248,Branch_302,3863,3879,33.244680851063826,1
249,Branch_303,3863,4068,48.2392667631452,1
250,Branch_304,3674,4068,23.674242424242426,1
251,Branch_305,2498,3749,11.665888940737284,1
252,Branch_306,2498,2700,37.85011355034065,1
253,Branch_309,5986,6688,32.6797385620915,1
254,Branch_310,5213,5807,41.63197335553705,1
255,Branch_311,5807,6688,216.91973969631238,1
256,Branch_312,5240,6693,90.66183136899366,1
257,Branch_313,4963,5314,68.4931506849315,1
258,Branch_314,5314,5932,526.3157894736842,1
259,Branch_316,5932,6309,189.3939393939394,1
260,Branch_317,6309,6375,117.37089201877934,1
261,Branch_318,4353,5461,173.61111111111111,1
262,Branch_319,4353,4964,113.25028312570781,1
263,Branch_320,4770,6309,229.3577981651376,1
264,Branch_321,4770,6693,110.01100110011001,1
265,Branch_322,4897,5461,16.142050040355127,1
266,Branch_323,5923,6603,37.93626707132018,1
267,Branch_324,5829,5923,87.26003490401396,1
268,Branch_327,2323,2564,13.498920086393088,1
269,Branch_328,5387,6603,35.842293906810035,1
270,Branch_329,5998,6056,116.14401858304298,1
271,Branch_330,4935,5186,2000.0,1
272,Branch_332,4935,5998,105.3740779768177,1
273,Branch_333,5387,6056,98.13542688910697,1
274,Branch_334,5998,6178,222.71714922048997,1
275,Branch_335,4649,6178,869.5652173913044,1
276,Branch_336,5610,6525,57.3394495412844,1
277,Branch_337,2187,2564,6.699718611818303,1
278,Branch_338,8027,8406,134.04825737265415,1
279,Branch_339,4627,5610,14.940983116689079,1
280,Branch_340,6822,7936,59.45303210463734,1
281,Branch_341,6838,7936,81.9000819000819,1
282,Branch_343,7244,7947,30.48780487804878,1
283,Branch_344,6822,7244,2000.0,1
284,Branch_345,4627,6603,27.616680475006905,1
285,Branch_346,1860,1953,93.10986964618249,1
286,Branch_347,5056,5086,343.64261168384877,1
287,Branch_348,5086,6017,140.0560224089636,1
288,Branch_349,4209,5086,217.3913043478261,1
289,Branch_350,4984,5463,43.936731107205624,1
290,Branch_351,4209,5180,108.57763300760044,1
291,Branch_352,4199,5056,174.21602787456445,1
292,Branch_353,5463,5518,227.79043280182233,1
293,Branch_354,5218,5463,160.25641025641025,1
294,Branch_355,5068,5218,103.41261633919338,1
295,Branch_356,5180,5518,282.4858757062147,1
296,Branch_357,2055,2565,19.440124416796266,1
297,Branch_358,5200,5455,68.68131868131869,1
298,Branch_359,5444,5455,226.75736961451247,1
299,Branch_360,4311,5384,129.5336787564767,1
300,Branch_361,5360,6582,92.08103130755065,1
301,Branch_362,4211,5444,60.09615384615385,1
302,Branch_363,5384,6015,103.95010395010395,1
303,Branch_364,5866,6582,129.87012987012986,1
304,Branch_365,4211,5453,153.60983102918587,1
305,Branch_366,5444,6483,787.4015748031496,1
306,Branch_367,4311,5455,103.30578512396694,1
307,Branch_368,5453,6582,2000.0,1
308,Branch_369,7346,7629,30.084235860409144,1
309,Branch_370,2202,2621,133.5113484646195,1
310,Branch_371,5564,5770,869.5652173913044,1
311,Branch_372,5564,6621,264.55026455026456,1
312,Branch_373,5121,5564,215.05376344086022,1
313,Branch_374,5383,6017,103.41261633919338,1
314,Branch_375,5121,5383,98.71668311944718,1
315,Branch_376,5248,6621,729.92700729927,1
316,Branch_377,4416,5248,534.75935828877,1
317,Branch_378,4416,5713,153.60983102918587,1
318,Branch_379,2942,3508,17.23543605653223,1
319,Branch_380,3648,4058,23.91772303276728,1
320,Branch_381,3669,4058,43.2338953739732,1
321,Branch_382,3669,4070,11.560693641618498,1
322,Branch_383,3648,4033,37.453183520599254,1
323,Branch_385,3734,4103,114.41647597254004,1
324,Branch_386,3634,4135,558.659217877095,1
325,Branch_387,3734,4135,114.41647597254004,1
326,Branch_388,3634,4033,16.046213093709884,1
327,Branch_389,2041,2187,15.733165512901195,1
328,Branch_390,1857,2675,12.196609342602756,1
329,Branch_391,3747,3979,578.0346820809249,1
330,Branch_392,3747,3974,32.1646831778707,1
331,Branch_393,3971,3974,80.64516129032258,1
332,Branch_394,3962,3974,151.9756838905775,1
333,Branch_395,3959,3971,134.9527665317139,1
334,Branch_396,3962,3966,95.51098376313276,1
335,Branch_397,3959,4033,353.35689045936397,1
336,Branch_398,3784,3959,144.50867052023122,1
337,Branch_399,3637,3962,183.8235294117647,1
338,Branch_400,3978,3979,2000.0,1
339,Branch_401,7131,7928,2000.0,1
340,Branch_402,4251,6331,102.56410256410257,1
341,Branch_403,6331,6515,186.9158878504673,1
342,Branch_404,6457,6515,215.9827213822894,1
343,Branch_405,2249,2269,34.36426116838488,1
344,Branch_406,407,1663,1515.1515151515152,1
345,Branch_407,407,1663,1515.1515151515152,1
346,Branch_408,1014,1663,178.57142857142858,1
347,Branch_409,1014,1663,178.57142857142858,1
348,Branch_410,1014,1024,1030.9278350515465,1
349,Branch_411,1015,1024,1030.9278350515465,1
350,Branch_412,1024,1739,448.4304932735426,1
351,Branch_413,1024,1739,448.4304932735426,1
352,Branch_414,6939,7444,1315.7894736842106,1
353,Branch_415,7025,7444,258.3979328165375,1
354,Branch_416,6737,7243,1234.567901234568,1
355,Branch_417,6737,7141,90.00900090009002,1
356,Branch_419,6737,7131,100.50251256281408,1
357,Branch_421,7141,7223,149.92503748125938,1
358,Branch_422,1178,1622,2000.0,1
359,Branch_423,75,1622,19.036740909956215,1
360,Branch_424,12,1622,132.4503311258278,1
361,Branch_425,6939,6940,390.625,1
362,Branch_426,365,852,485.43689320388347,1
363,Branch_427,91,365,184.1620626151013,1
364,Branch_428,1085,1307,645.1612903225806,1
365,Branch_429,6909,6911,75.18796992481202,1
366,Branch_430,6909,6910,75.18796992481202,1
367,Branch_431,104,1081,374.53183520599254,1
368,Branch_432,4784,4797,2000.0,1
369,Branch_433,9339,9340,2000.0,1
370,Branch_434,6992,6994,235.2941176470588,1
371,Branch_435,6992,6993,724.6376811594203,1
372,Branch_436,6779,6993,28.555111364934323,1
373,Branch_437,7105,7633,62.93266205160478,1
374,Branch_438,7703,7704,806.4516129032259,1
375,Branch_439,7702,7703,2000.0,1
376,Branch_440,234,1708,45.433893684688776,1
377,Branch_441,7387,7644,50.403225806451616,1
378,Branch_442,7024,7644,2000.0,1
379,Branch_443,7023,7644,2000.0,1
380,Branch_444,7644,7783,42.99226139294927,1
381,Branch_445,7633,7634,2000.0,1
382,Branch_446,7634,7902,31.575623618566468,1
383,Branch_447,770,1020,116.95906432748538,1
384,Branch_448,7720,7722,75.18796992481202,1
385,Branch_449,7720,7721,75.18796992481202,1
386,Branch_450,7071,7720,71.78750897343862,1
387,Branch_451,7109,7634,71.32667617689016,1
388,Branch_452,7007,7109,253.16455696202533,1
389,Branch_453,7007,7109,263.85224274406335,1
390,Branch_454,7109,7883,2000.0,1
391,Branch_455,7098,7902,1818.1818181818182,1
392,Branch_456,7098,7902,1639.344262295082,1
393,Branch_457,679,852,526.3157894736842,1
394,Branch_458,852,1124,239.8081534772182,1
395,Branch_459,7098,7587,49.14004914004914,1
396,Branch_460,4565,5585,2000.0,1
397,Branch_461,6789,7019,2000.0,1
398,Branch_462,6789,6898,81.23476848090984,1
399,Branch_463,6790,7702,129.87012987012986,1
400,Branch_464,6790,7019,2000.0,1
401,Branch_465,1124,1150,2000.0,1
402,Branch_466,1124,1152,2000.0,1
403,Branch_467,7143,7779,183.8235294117647,1
404,Branch_469,7238,7779,1123.5955056179776,1
405,Branch_470,7238,7779,1123.5955056179776,1
406,Branch_471,7109,7537,33.467202141900934,1
407,Branch_472,7109,7537,36.48303538854433,1
408,Branch_474,7151,7842,292.39766081871346,1
409,Branch_477,7019,7020,2000.0,1
410,Branch_478,7689,7690,450.45045045045043,1
411,Branch_479,7305,7688,1111.111111111111,1
412,Branch_480,7688,7842,1315.7894736842106,1
413,Branch_481,7688,7689,2000.0,1
414,Branch_482,6901,6902,241.54589371980677,1
415,Branch_483,6899,6901,2000.0,1
416,Branch_484,6899,6993,65.1890482398957,1
417,Branch_486,7537,7818,2000.0,1
418,Branch_487,7387,7890,32.22687721559781,1
419,Branch_488,7130,7387,1851.851851851852,1
420,Branch_490,37,1079,431.0344827586207,1
421,Branch_491,7205,7902,72.46376811594203,1
422,Branch_492,7131,7539,2000.0,1
423,Branch_493,4387,4395,2000.0,1
424,Branch_494,75,1540,64.35006435006434,1
425,Branch_495,7890,7891,221.72949002217294,1
426,Branch_496,6903,7890,1470.5882352941176,1
427,Branch_497,6903,7890,1470.5882352941176,1
428,Branch_498,6984,6986,191.57088122605364,1
429,Branch_499,6984,7884,2000.0,1
430,Branch_500,6984,6985,191.57088122605364,1
431,Branch_501,6984,7763,2000.0,1
432,Branch_502,550,1124,161.81229773462783,1
433,Branch_503,6745,7128,2000.0,1
434,Branch_504,7712,7720,2000.0,1
435,Branch_505,6912,6914,2000.0,1
436,Branch_506,6926,7780,2000.0,1
437,Branch_507,6912,6926,2000.0,1
438,Branch_508,90,1173,1612.9032258064517,1
439,Branch_509,90,1499,147.49262536873155,1
440,Branch_510,90,1499,143.88489208633092,1
441,Branch_511,6783,7142,8.88651915044877,1
442,Branch_512,7142,7223,23.245002324500234,1
443,Branch_513,7702,7775,81.9000819000819,1
444,Branch_514,7774,7775,2000.0,1
445,Branch_515,6790,7579,99.10802775024777,1
446,Branch_516,7579,7817,1369.86301369863,1
447,Branch_517,7579,7818,132.6259946949602,1
448,Branch_518,7537,7579,125.62814070351759,1
449,Branch_519,7579,7734,66.66666666666667,1
450,Branch_520,770,1184,2000.0,1
451,Branch_521,7171,7326,341.29692832764505,1
452,Branch_522,7325,7326,27.586206896551722,1
453,Branch_524,4565,6068,62.38303181534623,1
454,Branch_525,1079,1080,2000.0,1
455,Branch_526,407,1079,286.5329512893983,1
456,Branch_528,7587,7885,1190.4761904761904,1
457,Branch_529,6877,6909,2000.0,1
458,Branch_530,6877,7282,1000.0,1
459,Branch_531,7025,7902,26.116479498563592,1
460,Branch_532,7025,7026,1449.2753623188405,1
461,Branch_533,7109,7685,1851.851851851852,1
462,Branch_534,7205,7685,27.53303964757709,1
463,Branch_536,7026,7027,2000.0,1
464,Branch_537,6797,6959,2000.0,1
465,Branch_538,12,974,2000.0,1
466,Branch_539,12,977,2000.0,1
467,Branch_540,12,292,109.64912280701755,1
468,Branch_541,7188,7537,63.13131313131313,1
469,Branch_542,7126,7502,1369.86301369863,1
470,Branch_543,7084,7502,67.34006734006734,1
471,Branch_544,7157,7502,307.6923076923077,1
472,Branch_545,6991,7033,2000.0,1
473,Branch_546,6899,6991,110.86474501108647,1
474,Branch_547,6991,7188,50.8646998982706,1
475,Branch_548,7159,7555,334.44816053511704,1
476,Branch_549,7159,7555,316.45569620253167,1
477,Branch_551,1307,1448,37.174721189591075,1
478,Branch_552,6945,6946,2000.0,1
479,Branch_553,6943,6945,2000.0,1
480,Branch_554,6989,6990,61.576354679802954,1
481,Branch_555,6988,6989,2000.0,1
482,Branch_556,6988,7084,37.5234521575985,1
483,Branch_557,7072,7776,172.1170395869191,1
484,Branch_558,7776,7778,2000.0,1
485,Branch_559,7776,7777,172.41379310344828,1
486,Branch_560,37,407,377.35849056603774,1
487,Branch_561,7762,7776,2000.0,1
488,Branch_562,7073,7783,1369.86301369863,1
489,Branch_563,7783,7784,2000.0,1
490,Branch_564,7735,7736,303.030303030303,1
491,Branch_565,7734,7783,584.7953216374269,1
492,Branch_566,7734,7736,1449.2753623188405,1
493,Branch_567,6972,6973,50.70993914807302,1
494,Branch_568,6972,6974,2000.0,1
495,Branch_569,7141,7859,8.631851532153647,1
496,Branch_570,7159,7859,127.7139208173691,1
497,Branch_571,7142,7859,14.74491300501327,1
498,Branch_572,7773,7859,318.47133757961785,1
499,Branch_573,7773,7859,362.3188405797101,1
500,Branch_575,7223,7240,2000.0,1
501,Branch_576,7223,7248,2000.0,1
502,Branch_577,170,1708,2000.0,1
503,Branch_578,37,1708,75.18796992481202,1
504,Branch_579,7141,7278,2000.0,1
505,Branch_580,272,1124,2000.0,1
506,Branch_581,4565,4589,2000.0,1
507,Branch_582,4565,4589,2000.0,1
508,Branch_583,7724,7726,134.9527665317139,1
509,Branch_584,7724,7725,305.8103975535168,1
510,Branch_585,7724,7727,112.4859392575928,1
511,Branch_586,7151,7725,537.6344086021505,1
512,Branch_587,7725,7842,819.672131147541,1
513,Branch_588,6971,7890,125.94458438287154,1
514,Branch_589,6971,7131,13.877324451845684,1
515,Branch_590,6776,7159,17.094017094017094,1
516,Branch_591,6776,6782,11.862396204033214,1
517,Branch_592,6776,7326,65.359477124183,1
518,Branch_593,6959,6960,71.94244604316546,1
519,Branch_594,6799,6800,76.92307692307692,1
520,Branch_596,37,359,41.80602006688963,1
521,Branch_598,6731,6920,44.1306266548985,1
522,Branch_599,6731,6920,50.8130081300813,1
523,Branch_600,6731,7157,24.28363283147159,1
524,Branch_601,6161,6704,2000.0,1
525,Branch_602,6703,6704,72.46376811594203,1
526,Branch_603,7444,7544,389.10505836575874,1
527,Branch_604,7544,7902,17.68972227136034,1
528,Branch_605,7544,7597,220.26431718061673,1
529,Branch_606,7294,7775,149.92503748125938,1
530,Branch_607,7294,7809,564.9717514124294,1
531,Branch_608,7294,7701,91.74311926605505,1
532,Branch_609,7294,7918,2000.0,1
533,Branch_610,6988,7294,89.92805755395683,1
534,Branch_611,5438,5547,689.6551724137931,1
535,Branch_612,6053,6457,282.4858757062147,1
536,Branch_613,5070,5320,529.1005291005291,1
537,Branch_614,5438,6395,114.5475372279496,1
538,Branch_615,5070,5438,76.27765064836004,1
539,Branch_616,5320,6053,151.9756838905775,1
540,Branch_617,5070,5763,847.457627118644,1
541,Branch_619,6395,6430,239.8081534772182,1
542,Branch_620,4510,5370,50.327126321087064,1
543,Branch_621,4445,5370,269.54177897574124,1
544,Branch_622,4445,5755,239.8081534772182,1
545,Branch_623,4510,4894,113.50737797956867,1
546,Branch_624,5755,6430,87.7963125548727,1
547,Branch_625,5035,6430,263.85224274406335,1
548,Branch_626,4251,6396,23.239600278875205,1
549,Branch_627,2243,2582,25.753283543651815,1
550,Branch_628,2430,2630,15.686274509803921,1
551,Branch_629,5017,5140,147.49262536873155,1
552,Branch_630,5140,5930,296.7359050445104,1
553,Branch_631,5213,5473,1408.4507042253522,1
554,Branch_632,4263,5499,109.64912280701755,1
555,Branch_633,5499,5930,952.3809523809524,1
556,Branch_634,4251,5499,473.93364928909955,1
557,Branch_636,4263,4383,2000.0,1
558,Branch_637,4261,4383,2000.0,1
559,Branch_638,5473,5857,122.85012285012284,1
560,Branch_639,4732,5140,91.24087591240875,1
561,Branch_640,4732,5857,291.5451895043732,1
562,Branch_641,6904,7199,2000.0,1
563,Branch_642,7284,7362,34.80682213713888,1
564,Branch_643,6798,7284,74.57121551081282,1
565,Branch_644,7284,7467,2000.0,1
566,Branch_645,6751,6798,16.949152542372882,1
567,Branch_646,6770,7362,20.89427496865859,1
568,Branch_647,6751,6770,21.03491796381994,1
569,Branch_650,3497,3604,1351.3513513513512,1
570,Branch_651,2878,3604,72.3589001447178,1
571,Branch_653,2878,3497,72.3589001447178,1
572,Branch_655,7346,7605,133.6898395721925,1
573,Branch_656,7478,7605,225.73363431151242,1
574,Branch_657,7168,7915,65.57377049180327,1
575,Branch_660,7605,7915,49.97501249375313,1
576,Branch_663,7168,7937,52.91005291005291,1
577,Branch_666,7919,7937,471.6981132075472,1
578,Branch_667,6825,7919,18.99335232668566,1
579,Branch_668,7666,7937,1333.3333333333333,1
580,Branch_670,7937,7968,39.5882818685669,1
581,Branch_672,6822,7524,51.124744376278116,1
582,Branch_673,7435,7524,99.2063492063492,1
583,Branch_674,6868,7718,1282.051282051282,1
584,Branch_675,7665,7792,1724.1379310344828,1
585,Branch_676,7679,7792,26.53927813163482,1
586,Branch_677,7792,7794,285.7142857142857,1
587,Branch_678,7679,7981,237.52969121140143,1
588,Branch_679,7681,7981,237.52969121140143,1
589,Branch_680,7665,7793,1298.7012987012988,1
590,Branch_681,7678,7793,26.673779674579887,1
591,Branch_682,7793,7795,273.224043715847,1
592,Branch_683,7678,7982,237.52969121140143,1
593,Branch_684,7680,7982,237.52969121140143,1
594,Branch_685,7090,7860,2000.0,1
595,Branch_686,6802,7742,21.24946876328092,1
596,Branch_687,7349,7742,31.877590054191902,1
597,Branch_689,7573,7903,21.326508850501174,1
598,Branch_690,6836,7903,28.129395218002813,1
599,Branch_691,7217,7573,2000.0,1
600,Branch_693,6793,7711,51.22950819672131,1
601,Branch_695,7711,7947,274.72527472527474,1
602,Branch_696,6793,7245,101.9367991845056,1
603,Branch_697,6822,7245,2000.0,1
604,Branch_698,7684,7728,1351.3513513513512,1
605,Branch_699,6821,7728,45.578851412944395,1
606,Branch_700,6821,7947,51.124744376278116,1
607,Branch_701,2201,2660,18.338529249954153,1
608,Branch_702,5970,6346,96.89922480620154,1
609,Branch_703,7346,7943,28.885037550548816,1
610,Branch_704,2239,2700,56.36978579481398,1
611,Branch_705,2179,2239,79.23930269413628,1
612,Branch_706,2156,2179,26.42007926023778,1
613,Branch_707,7346,7943,29.10360884749709,1
614,Branch_708,6741,7943,70.0770847932726,1
615,Branch_709,6741,7640,51.3083632632119,1
616,Branch_711,5616,5970,86.05851979345955,1
617,Branch_712,4946,5610,49.77600796416127,1
618,Branch_714,4946,5610,49.77600796416127,1
619,Branch_715,1928,2540,16.257519102584947,1
620,Branch_716,5253,6126,60.86427267194157,1
621,Branch_717,5920,6336,54.734537493158186,1
622,Branch_718,5692,6476,2000.0,1
623,Branch_719,5692,5984,288.1844380403458,1
624,Branch_720,5984,6496,328.94736842105266,1
625,Branch_721,5861,5984,66.97923643670462,1
626,Branch_722,4884,6476,169.7792869269949,1
627,Branch_723,5293,6476,158.47860538827257,1
628,Branch_724,4944,5293,183.8235294117647,1
629,Branch_725,5293,5872,46.04051565377532,1
630,Branch_726,5861,6126,144.3001443001443,1
631,Branch_727,5253,6336,29.248318221702252,1
632,Branch_728,3993,6253,35.00175008750438,1
633,Branch_729,4363,5253,51.440329218106996,1
634,Branch_730,4363,4926,39.33910306845004,1
635,Branch_731,4926,6078,70.87172218284904,1
636,Branch_733,6078,6253,73.26007326007326,1
637,Branch_734,5475,5872,96.24639076034649,1
638,Branch_735,5253,5475,26.511134676564158,1
639,Branch_736,1938,2385,46.08294930875576,1
640,Branch_737,3761,4103,14.068655036578503,1
641,Branch_738,2249,2641,12.701638511367966,1
642,Branch_739,3655,4095,96.71179883945841,1
643,Branch_740,3655,4103,64.02048655569783,1
644,Branch_741,3815,4095,67.0690811535882,1
645,Branch_742,3815,4144,22.56317689530686,1
646,Branch_743,3760,4144,40.849673202614376,1
647,Branch_744,3760,3780,76.86395080707149,1
648,Branch_745,2249,2479,47.30368968779565,1
649,Branch_746,2052,2263,22.8675966155957,1
650,Branch_747,2479,2628,41.35649296939619,1
651,Branch_748,5014,6207,884.9557522123894,1
652,Branch_749,5872,6378,41.911148365465216,1
653,Branch_750,5014,6378,68.68131868131869,1
654,Branch_751,4632,6207,2000.0,1
655,Branch_752,3993,6207,41.63197335553705,1
656,Branch_753,2321,2628,35.16174402250352,1
657,Branch_755,5147,6569,66.00660066006601,1
658,Branch_756,5147,5460,59.347181008902076,1
659,Branch_757,5124,5147,1265.8227848101267,1
660,Branch_758,5124,6074,1098.901098901099,1
661,Branch_761,4411,6579,104.4932079414838,1
662,Branch_762,4931,5268,403.2258064516129,1
663,Branch_763,4931,5447,353.35689045936397,1
664,Branch_764,4411,5447,386.1003861003861,1
665,Branch_765,6077,6579,176.3668430335097,1
666,Branch_766,6077,6552,65.65988181221273,1
667,Branch_767,6077,6643,173.91304347826087,1
668,Branch_768,5268,6569,217.3913043478261,1
669,Branch_769,6816,7847,2000.0,1
670,Branch_770,6815,7847,20.69108214359611,1
671,Branch_771,7184,7684,48.03073967339097,1
672,Branch_772,6838,7914,81.30081300813008,1
673,Branch_774,7241,7914,17.5530981218185,1
674,Branch_775,7241,7683,2000.0,1
675,Branch_778,7658,7713,36.350418029807344,1
676,Branch_779,6845,7894,149.47683109118086,1
677,Branch_780,6838,7894,50.9683995922528,1
678,Branch_781,6823,7906,35.85514521333811,1
679,Branch_782,7200,7907,2000.0,1
680,Branch_783,7200,7908,2000.0,1
681,Branch_785,7124,7841,1282.051282051282,1
682,Branch_786,7100,7101,312.5,1
683,Branch_787,6824,7101,72.46376811594203,1
684,Branch_788,7100,7206,32.40440699935191,1
685,Branch_789,7841,7906,450.45045045045043,1
686,Branch_790,7124,7206,877.1929824561404,1
687,Branch_791,7206,7207,103.62694300518135,1
688,Branch_792,6824,6836,37.878787878787875,1
689,Branch_793,6836,6873,1265.8227848101267,1
690,Branch_794,6827,6873,29.7441998810232,1
691,Branch_795,6826,6873,166.11295681063123,1
692,Branch_796,6829,6874,29.7441998810232,1
693,Branch_797,6824,6829,29.7441998810232,1
694,Branch_798,7163,7184,92.42144177449168,1
695,Branch_799,7658,7865,96.06147934678194,1
696,Branch_800,7154,7865,96.06147934678194,1
697,Branch_802,6820,7858,249.37655860349128,1
698,Branch_803,7184,7858,263.85224274406335,1
699,Branch_804,7163,7713,37.778617302606726,1
700,Branch_806,7184,7224,23.969319271332694,1
701,Branch_807,7123,7224,31.887755102040817,1
702,Branch_808,7123,7947,75.07507507507508,1
703,Branch_809,7177,7232,162.60162601626016,1
704,Branch_812,1884,2246,26.130128037627383,1
705,Branch_813,5553,6190,81.9672131147541,1
706,Branch_815,4829,5105,36.88675765400221,1
707,Branch_816,5600,5608,50.0751126690035,1
708,Branch_817,5105,5600,302.11480362537765,1
709,Branch_820,7629,7640,17.041581458759374,1
710,Branch_822,6845,7940,2000.0,1
711,Branch_823,7667,7940,19.770660340055358,1
712,Branch_825,7574,7942,47.214353163361665,1
713,Branch_826,6979,7942,70.92198581560284,1
714,Branch_827,7202,7691,41.75365344467641,1
715,Branch_828,2446,2670,5.643022402798939,1
716,Branch_829,6042,6346,272.47956403269757,1
717,Branch_830,3759,4102,96.43201542912247,1
718,Branch_831,3728,4102,25.113008538422903,1
719,Branch_832,3759,3841,51.78663904712584,1
720,Branch_833,3645,3841,14.386419220256078,1
721,Branch_834,3645,4007,19.37233630375823,1
722,Branch_835,4007,4079,144.0922190201729,1
723,Branch_836,4918,6167,64.02048655569783,1
724,Branch_837,9230,9799,380.22813688212926,1
725,Branch_838,9138,9230,40.48582995951417,1
726,Branch_839,9228,9485,9.810654370646523,1
727,Branch_840,9228,9806,19.565642731363724,1
728,Branch_841,9138,9485,18.102824040550328,1
729,Branch_842,9450,9755,35.62522265764161,1
730,Branch_844,9450,9695,699.3006993006993,1
731,Branch_845,2673,2705,30.13863773357444,1
732,Branch_846,4571,4918,159.23566878980893,1
733,Branch_847,9106,9799,207.9002079002079,1
734,Branch_848,9106,9450,75.07507507507508,1
735,Branch_849,9695,9799,80.1924619085806,1
736,Branch_850,2214,2251,25.419420437214033,1
737,Branch_851,2250,2464,29.18855808523059,1
738,Branch_853,9190,9710,29.01915264074289,1
739,Branch_854,9190,9499,925.925925925926,1
740,Branch_855,9499,9619,186.9158878504673,1
741,Branch_856,9126,9710,43.2338953739732,1
742,Branch_857,9126,9755,704.2253521126761,1
743,Branch_858,9105,9339,109.64912280701755,1
744,Branch_859,9339,9499,123.76237623762377,1
745,Branch_861,9031,9161,18.248175182481752,1
746,Branch_863,9031,9619,186.9158878504673,1
747,Branch_864,9619,9799,57.971014492753625,1
748,Branch_865,9619,9623,2000.0,1
749,Branch_866,2463,2670,3.2375032375032373,1
750,Branch_867,9619,9799,57.971014492753625,1
751,Branch_868,9026,9458,1449.2753623188405,1
752,Branch_869,2510,2671,32.26847370119393,1
753,Branch_870,9791,9806,45.662100456621005,1
754,Branch_871,9026,9791,26.737967914438503,1
755,Branch_874,2510,2530,117.50881316098707,1
756,Branch_875,9730,9739,25.207965717166626,1
757,Branch_876,9739,9806,34.87966515521451,1
758,Branch_877,9154,9730,34.72222222222222,1
759,Branch_878,9154,9458,53.61930294906166,1
760,Branch_879,2435,2671,37.878787878787875,1
761,Branch_880,3064,3427,32.010243277848915,1
762,Branch_881,5616,5814,1000.0,1
763,Branch_882,9103,9715,74.57121551081282,1
764,Branch_883,9103,9725,352.11267605633805,1
765,Branch_884,9601,9725,123.76237623762377,1
766,Branch_885,9034,9809,33.97893306150187,1
767,Branch_886,9029,9034,943.3962264150944,1
768,Branch_887,9034,9089,113.76564277588169,1
769,Branch_888,9103,9790,31.47623544224111,1
770,Branch_889,9089,9601,185.87360594795538,1
771,Branch_890,9089,9250,81.43322475570032,1
772,Branch_891,9250,9458,48.47309743092583,1
773,Branch_894,7548,7952,1538.4615384615386,1
774,Branch_896,9253,9715,1000.0,1
775,Branch_897,7640,7654,35.77817531305904,1
776,Branch_898,7654,7938,1351.3513513513512,1
777,Branch_900,7938,7991,29.325513196480937,1
778,Branch_901,7655,7991,2000.0,1
779,Branch_902,9207,9715,123.76237623762377,1
780,Branch_903,9207,9806,11.883541295306001,1
781,Branch_905,7074,7715,28.868360277136258,1
782,Branch_906,7219,7715,2000.0,1
783,Branch_907,7074,7952,110.86474501108647,1
784,Branch_908,7233,7952,1538.4615384615386,1
785,Branch_909,6812,7715,28.37684449489217,1
786,Branch_910,7220,7715,2000.0,1
787,Branch_911,7655,7952,64.51612903225806,1
788,Branch_912,6817,7990,31.938677738741617,1
789,Branch_913,6869,7990,1612.9032258064517,1
790,Branch_915,6812,7246,1388.888888888889,1
791,Branch_916,6867,7246,43.2338953739732,1
792,Branch_919,5898,6065,200.80321285140562,1
793,Branch_920,5711,5898,719.4244604316547,1
794,Branch_921,4571,6065,1204.8192771084337,1
795,Branch_922,5546,5972,145.5604075691412,1
796,Branch_923,5972,6420,263.85224274406335,1
797,Branch_924,4890,4952,141.643059490085,1
798,Branch_925,4890,6420,67.93478260869566,1
799,Branch_926,557,2464,15.725743041358704,1
800,Branch_927,4571,6190,60.27727546714888,1
801,Branch_928,5277,5546,74.8502994011976,1
802,Branch_929,4952,5277,118.90606420927467,1
803,Branch_930,2053,2054,2000.0,1
804,Branch_932,4952,6311,121.8026796589525,1
805,Branch_933,1846,2288,20.30869212022746,1
806,Branch_934,5959,6389,122.85012285012284,1
807,Branch_935,6379,6480,212.31422505307856,1
808,Branch_936,5429,5702,62.893081761006286,1
809,Branch_937,4952,6449,181.8181818181818,1
810,Branch_938,5959,6379,117.096018735363,1
811,Branch_939,4894,5702,53.07855626326964,1
812,Branch_940,5429,6480,71.5307582260372,1
813,Branch_942,5959,6501,500.0,1
814,Branch_943,6449,6501,273.224043715847,1
815,Branch_944,5261,6501,147.71048744460856,1
816,Branch_945,2053,2054,1923.076923076923,1
817,Branch_946,557,1805,15.926102882624622,1
818,Branch_947,4241,4571,2000.0,1
819,Branch_948,5464,5841,47.84688995215311,1
820,Branch_949,4952,5745,61.01281269066504,1
821,Branch_950,5464,5745,151.9756838905775,1
822,Branch_951,5680,5983,64.06149903907752,1
823,Branch_952,4894,5472,28.5143997718848,1
824,Branch_953,5883,6538,136.79890560875512,1
825,Branch_954,5269,5983,172.71157167530225,1
826,Branch_955,5724,5883,2000.0,1
827,Branch_956,5903,6538,909.0909090909091,1
828,Branch_957,5269,5903,26.666666666666668,1
829,Branch_958,5472,5724,195.69471624266146,1
830,Branch_959,4309,5680,19.07304978065993,1
831,Branch_960,4309,5841,49.504950495049506,1
832,Branch_961,538,557,38.61003861003861,1
833,Branch_962,3662,3947,17.755681818181817,1
834,Branch_963,3947,4124,18.747656542932134,1
835,Branch_964,3682,4124,31.645569620253166,1
836,Branch_965,3753,4124,57.4052812858783,1
837,Branch_966,3647,3770,96.52509652509653,1
838,Branch_967,3770,4084,84.7457627118644,1
839,Branch_968,3753,9161,48.44961240310077,1
840,Branch_969,3806,3808,24.324981756263682,1
841,Branch_970,3647,4168,71.22507122507122,1
842,Branch_971,3647,3806,97.27626459143968,1
843,Branch_972,3682,3808,2000.0,1
844,Branch_973,4397,4409,2000.0,1
845,Branch_974,4397,4408,2000.0,1
846,Branch_975,1846,2214,57.971014492753625,1
847,Branch_976,1868,2473,74.6268656716418,1
848,Branch_977,2352,2473,51.62622612287042,1
849,Branch_978,1867,2474,74.6268656716418,1
850,Branch_979,2352,2474,50.9683995922528,1
851,Branch_981,2003,2465,224.2152466367713,1
852,Branch_982,2003,2350,30.646644192460926,1
853,Branch_983,2080,2352,77.39938080495357,1
854,Branch_984,2059,2350,540.5405405405405,1
855,Branch_985,2059,2080,40.502227622519236,1
856,Branch_987,2053,2363,121.21212121212122,1
857,Branch_988,2071,2363,99.2063492063492,1
858,Branch_989,2081,2211,56.72149744753261,1
859,Branch_990,2004,2465,224.2152466367713,1
860,Branch_991,2004,2211,76.86395080707149,1
861,Branch_992,2081,2352,77.39938080495357,1
862,Branch_993,2017,2122,43.49717268377555,1
863,Branch_994,2263,2378,45.49590536851683,1
864,Branch_995,2038,2040,67.65899864682002,1
865,Branch_996,1834,2040,35.486160397445,1
866,Branch_997,7147,7618,1190.4761904761904,1
867,Branch_998,2287,2407,110.13215859030836,1
868,Branch_999,2011,2260,167.78523489932886,1
869,Branch_1001,2597,2696,116.41443538998836,1
870,Branch_1002,1868,2597,92.50693802035153,1
871,Branch_1003,2178,2290,68.39945280437756,1
872,Branch_1004,2032,2696,107.87486515641855,1
873,Branch_1005,2032,2178,161.81229773462783,1
874,Branch_1006,1834,2054,41.18616144975288,1
875,Branch_1007,7002,7150,2000.0,1
876,Branch_1008,1867,2222,83.75209380234506,1
877,Branch_1009,1777,1849,32.195750160978754,1
878,Branch_1010,3112,3427,24.636610002463662,1
879,Branch_1011,7277,7278,17.050298380221655,1
880,Branch_1012,4451,4459,30.571690614490983,1
881,Branch_1013,5579,6170,149.7005988023952,1
882,Branch_1014,5292,6063,70.0280112044818,1
883,Branch_1015,5292,5579,39.37007874015748,1
884,Branch_1016,4616,6170,510.2040816326531,1
885,Branch_1017,4945,6170,243.30900243309003,1
886,Branch_1018,4451,4616,70.12622720897616,1
887,Branch_1019,4459,4894,72.20216606498195,1
888,Branch_1020,4894,6063,14.499057561258518,1
889,Branch_1021,6063,6134,28.24858757062147,1
890,Branch_1022,6132,6134,43.15925766076823,1
891,Branch_1023,4894,6548,43.066322136089575,1
892,Branch_1024,6134,6548,45.20795660036166,1
893,Branch_1025,3729,5298,27.159152634437806,1
894,Branch_1027,4519,5914,22.33638597274961,1
895,Branch_1028,5914,6026,518.1347150259068,1
896,Branch_1029,5177,5966,30.59039461609055,1
897,Branch_1030,2290,6026,22.7842333105491,1
898,Branch_1031,4519,5177,83.75209380234506,1
899,Branch_1033,4840,6525,53.73455131649651,1
900,Branch_1034,4840,5966,72.46376811594203,1
901,Branch_1035,1777,2214,37.993920972644375,1
902,Branch_1037,2038,2156,11.879306248515087,1
903,Branch_1038,2156,2699,483.09178743961354,1
904,Branch_1040,2155,2156,409.8360655737705,1
905,Branch_1042,1781,2156,11.00957833314984,1
906,Branch_1043,1781,4599,24.015369836695484,1
907,Branch_1044,4599,6525,145.34883720930233,1
908,Branch_1046,2038,2098,2000.0,1
909,Branch_1047,2214,2264,31.220730565095224,1
910,Branch_1049,2156,2253,75.98784194528875,1
911,Branch_1051,1834,2258,23.618327822390174,1
912,Branch_1052,2090,2258,68.63417982155113,1
913,Branch_1053,4894,5884,51.78663904712584,1
914,Branch_1054,4615,5884,60.82725060827251,1
915,Branch_1055,4615,5673,1282.051282051282,1
916,Branch_1056,4520,5673,14.806040864672786,1
917,Branch_1057,4520,5385,36.85956505713233,1
918,Branch_1058,5673,6305,2000.0,1
919,Branch_1059,2214,2522,12.027904738994467,1
920,Branch_1060,5500,6682,116.14401858304298,1
921,Branch_1061,5474,6683,92.5925925925926,1
922,Branch_1062,4257,6682,52.826201796090864,1
923,Branch_1063,5216,5474,1587.3015873015872,1
924,Branch_1064,4257,5575,89.28571428571429,1
925,Branch_1065,4257,6412,75.47169811320755,1
926,Branch_1066,5590,6412,50.994390617032124,1
927,Branch_1067,5213,5474,2000.0,1
928,Branch_1068,5474,6682,126.58227848101266,1
929,Branch_1069,2071,2352,86.73026886383347,1
930,Branch_1070,2214,2679,28.885037550548816,1
931,Branch_1071,5110,5298,137.93103448275863,1
932,Branch_1072,2038,2054,15.820281601012498,1
933,Branch_1073,2071,2133,884.9557522123894,1
934,Branch_1074,2071,2134,952.3809523809524,1
935,Branch_1075,2071,2364,99.2063492063492,1
936,Branch_1076,2053,2364,121.21212121212122,1
937,Branch_1077,2011,2214,14.066676044450697,1
938,Branch_1078,3713,4166,87.87346221441125,1
939,Branch_1079,4064,4092,259.7402597402597,1
940,Branch_1080,4080,4092,111.11111111111111,1
941,Branch_1081,4080,4166,467.2897196261682,1
942,Branch_1082,3708,4166,164.74464579901152,1
943,Branch_1083,3671,3818,69.97900629811056,1
944,Branch_1084,3650,3658,126.42225031605562,1
945,Branch_1085,3713,4167,1492.5373134328358,1
946,Branch_1086,3658,4167,75.24454477050413,1
947,Branch_1087,3707,4167,606.060606060606,1
948,Branch_1088,6324,6328,42.122999157540015,1
949,Branch_1089,8043,8349,68.1663258350375,1
950,Branch_1090,5961,6509,170.64846416382252,1
951,Branch_1091,2237,2292,1162.7906976744187,1
952,Branch_1092,5961,6208,95.87727708533077,1
953,Branch_1093,5584,6394,19.61553550411926,1
954,Branch_1095,6208,6394,143.88489208633092,1
955,Branch_1096,4797,5584,20.79434393844874,1
956,Branch_1101,4427,4797,20.79434393844874,1
957,Branch_1102,4426,5021,12.840267077555213,1
958,Branch_1103,4422,4427,1190.4761904761904,1
959,Branch_1104,4422,4426,1190.4761904761904,1
960,Branch_1105,2090,2253,129.5336787564767,1
961,Branch_1106,4797,5995,2000.0,1
962,Branch_1107,2522,2543,13.40662287169862,1
963,Branch_1108,8850,8992,67.93478260869566,1
964,Branch_1109,4396,5467,70.6713780918728,1
965,Branch_1110,5850,6095,13.401232913428036,1
966,Branch_1111,5850,6381,2000.0,1
967,Branch_1112,5961,6381,18.145527127563057,1
968,Branch_1113,2284,2522,105.15247108307045,1
969,Branch_1115,3729,3904,59.347181008902076,1
970,Branch_1116,5099,6692,361.01083032490976,1
971,Branch_1117,5099,5265,869.5652173913044,1
972,Branch_1118,4690,5265,680.2721088435375,1
973,Branch_1119,4504,5099,110.86474501108647,1
974,Branch_1120,4690,6318,128.7001287001287,1
975,Branch_1121,4016,4070,17.319016279875303,1
976,Branch_1122,3712,4016,38.417210910487896,1
977,Branch_1123,3633,4064,96.06147934678194,1
978,Branch_1124,3633,3712,74.73841554559043,1
979,Branch_1125,1983,2441,79.42811755361397,1
980,Branch_1126,4994,5944,41.98152812762385,1
981,Branch_1127,4994,5582,106.15711252653928,1
982,Branch_1128,4554,4946,160.0,1
983,Branch_1129,4554,4994,16.88048615800135,1
984,Branch_1130,5582,5760,101.01010101010101,1
985,Branch_1131,4227,5760,46.2962962962963,1
986,Branch_1133,4227,5412,106.26992561105207,1
987,Branch_1134,4645,4994,199.20318725099602,1
988,Branch_1136,4668,4994,41.98152812762385,1
989,Branch_1137,4668,4671,158.22784810126583,1
990,Branch_1138,5412,5440,152.67175572519085,1
991,Branch_1139,4649,5440,188.32391713747646,1
992,Branch_1140,4671,4726,520.8333333333334,1
993,Branch_1143,2198,2442,27.578599007170435,1
994,Branch_1144,3904,3907,2000.0,1
995,Branch_1145,6397,6525,158.47860538827257,1
996,Branch_1146,4946,6397,62.93266205160478,1
997,Branch_1147,4840,6402,68.44626967830253,1
998,Branch_1148,5938,6312,699.3006993006993,1
999,Branch_1149,5015,6197,84.03361344537815,1
1000,Branch_1150,5938,6197,77.04160246533128,1
1001,Branch_1151,5015,5783,42.158516020236085,1
1002,Branch_1152,5783,6201,25.031289111389235,1
1003,Branch_1153,5938,6175,56.08524957936063,1
1004,Branch_1154,4179,6197,2000.0,1
1005,Branch_1155,6174,6175,346.02076124567475,1
1006,Branch_1156,3993,6322,129.03225806451613,1
1007,Branch_1157,6175,6322,164.74464579901152,1
1008,Branch_1158,5436,6322,164.74464579901152,1
1009,Branch_1159,5828,5986,76.4525993883792,1
1010,Branch_1160,5828,6201,238.6634844868735,1
1011,Branch_1161,4250,6201,970.8737864077669,1
1012,Branch_1162,5116,5986,53.05039787798408,1
1013,Branch_1163,5116,5237,50.22601707684581,1
1014,Branch_1164,5237,6063,87.41258741258741,1
1015,Branch_1165,2186,2264,27.027027027027028,1
1016,Branch_1166,3904,4153,179.53321364452424,1
1017,Branch_1167,3654,3659,69.44444444444444,1
1018,Branch_1168,3818,4013,48.19277108433735,1
1019,Branch_1169,3756,4013,155.52099533437013,1
1020,Branch_1170,3654,4013,50.35246727089628,1
1021,Branch_1171,3650,3823,76.62835249042145,1
1022,Branch_1172,3654,3754,289.01734104046244,1
1023,Branch_1173,3659,3823,15.432098765432098,1
1024,Branch_1174,3746,3818,900.9009009009009,1
1025,Branch_1175,3650,3746,41.911148365465216,1
1026,Branch_1176,5969,6671,76.4525993883792,1
1027,Branch_1177,4657,5921,344.82758620689657,1
1028,Branch_1178,5266,6199,166.11295681063123,1
1029,Branch_1179,4990,5921,144.3001443001443,1
1030,Branch_1180,4990,5969,51.975051975051976,1
1031,Branch_1181,4657,5266,45.91368227731864,1
1032,Branch_1182,4596,6199,2000.0,1
1033,Branch_1183,4504,6199,119.47431302270012,1
1034,Branch_1184,4984,5772,82.16926869350863,1
1035,Branch_1185,5069,5772,77.1604938271605,1
1036,Branch_1186,4984,5649,247.52475247524754,1
1037,Branch_1187,2011,2582,23.815194093831863,1
1038,Branch_1190,5093,6221,213.67521367521368,1
1039,Branch_1191,4649,5093,59.916117435590174,1
1040,Branch_1192,5287,6221,182.81535648994515,1
1041,Branch_1193,4649,6048,1351.3513513513512,1
1042,Branch_1194,1991,2692,22.055580061755624,1
1043,Branch_1195,5829,6290,233.6448598130841,1
1044,Branch_1196,4936,5187,2000.0,1
1045,Branch_1198,4936,5430,107.52688172043011,1
1046,Branch_1199,5430,6290,28.20078962210942,1
1047,Branch_1200,5847,6290,1041.6666666666667,1
1048,Branch_1201,4649,5430,363.6363636363636,1
1049,Branch_1203,4700,4946,38.15337657382678,1
1050,Branch_1204,4700,6508,41.459369817578775,1
1051,Branch_1205,5163,6508,50.505050505050505,1
1052,Branch_1206,4685,5163,170.94017094017093,1
1053,Branch_1207,4685,4707,54.85463521667581,1
1054,Branch_1209,4707,4799,98.4251968503937,1
1055,Branch_1210,4799,4800,2000.0,1
1056,Branch_1211,5021,5382,61.19951040391677,1
1057,Branch_1212,2011,2307,12.204051745179399,1
1058,Branch_1213,5229,6083,132.6259946949602,1
1059,Branch_1214,3963,4113,2.44552591034702,1
1060,Branch_1215,3704,3952,3.7993920972644375,1
1061,Branch_1216,3953,3963,7.759155803848541,1
1062,Branch_1217,3866,3998,724.6376811594203,1
1063,Branch_1218,2011,2243,66.00660066006601,1
1064,Branch_1220,3816,4113,5.918210333195241,1
1065,Branch_1221,3816,3866,653.59477124183,1
1066,Branch_1222,3868,3993,645.1612903225806,1
1067,Branch_1223,2011,2438,17.568517217146873,1
1068,Branch_1225,3803,4142,9.207255317189945,1
1069,Branch_1227,3803,4027,13.10272536687631,1
1070,Branch_1228,3891,4113,9.92950054612253,1
1071,Branch_1229,3891,4142,7.4710496824803885,1
1072,Branch_1230,4649,4799,85.1063829787234,1
1073,Branch_1231,2307,2549,26.518164942985944,1
1074,Branch_1232,9777,9824,6.410667350471184,1
1075,Branch_1233,9459,9777,4.527550142617829,1
1076,Branch_1234,9055,9824,69.3000693000693,1
1077,Branch_1235,2307,2665,61.387354205033766,1
1078,Branch_1236,9055,9773,5.304195618734419,1
1079,Branch_1238,9136,9773,11.309658448314861,1
1080,Branch_1239,9449,9783,14.992503748125937,1
1081,Branch_1240,1999,2621,183.8235294117647,1
1082,Branch_1241,3687,3996,142.45014245014244,1
1083,Branch_1242,3673,3758,5.3873505010235965,1
1084,Branch_1243,2048,2307,20.012007204322593,1
1085,Branch_1244,5867,6627,1.206301720186253,1
1086,Branch_1246,2048,2570,87.7963125548727,1
1087,Branch_1247,5113,6627,5.651952749675012,1
1088,Branch_1249,2735,5114,4.015902975784105,1
1089,Branch_1250,5110,5130,2000.0,1
1090,Branch_1251,9064,9787,15.487068297971193,1
1091,Branch_1252,9163,9804,108.34236186348862,1
1092,Branch_1253,9787,9804,4.570383912248629,1
1093,Branch_1254,8851,8975,82.98755186721992,1
1094,Branch_1255,2522,2631,79.74481658692186,1
1095,Branch_1256,5110,5133,2000.0,1
1096,Branch_1257,3399,6409,10.843634786380395,1
1097,Branch_1258,2396,2569,47.326076668244205,1
1098,Branch_1259,9063,9763,11.132138483802738,1
1099,Branch_1260,9104,9763,5.240540823813017,1
1100,Branch_1261,1824,2438,43.917435221783045,1
1101,Branch_1262,4893,5110,120.62726176115802,1
1102,Branch_1263,2395,2706,173.3102253032929,1
1103,Branch_1277,1837,2707,115.74074074074075,1
1104,Branch_1279,1795,1872,30.084235860409144,1
1105,Branch_1280,3905,4083,2000.0,1
1106,Branch_1281,2407,2563,86.4304235090752,1
1107,Branch_1282,3663,4083,60.16847172081829,1
1108,Branch_1283,8221,8493,245.7002457002457,1
1109,Branch_1284,3972,4054,6.7114093959731544,1
1110,Branch_1285,3668,3751,11.285407967498026,1
1111,Branch_1286,3668,3972,8.682816705739342,1
1112,Branch_1287,3668,4057,16.43115346697338,1
1113,Branch_1288,4011,4057,23.3590282644242,1
1114,Branch_1289,3751,4006,35.34817956875221,1
1115,Branch_1290,8493,8509,53.85029617662897,1
1116,Branch_1291,3905,3920,2000.0,1
1117,Branch_1293,1901,2621,24.84472049689441,1
1118,Branch_1294,1939,2232,57.17552887364208,1
1119,Branch_1295,4031,4108,259.0673575129534,1
1120,Branch_1296,4893,5110,120.62726176115802,1
1121,Branch_1297,5330,6374,8.442380751371887,1
1122,Branch_1298,9615,9620,10.895619960775768,1
1123,Branch_1299,4280,9620,1.852469341632396,1
1124,Branch_1300,2456,2465,34.51846738004833,1
1125,Branch_1301,4280,5330,3.6500346753294157,1
1126,Branch_1302,1860,2456,17.975912277548087,1
1127,Branch_1303,4455,4893,121.35922330097087,1
1128,Branch_1304,1847,1867,72.93946024799416,1
1129,Branch_1308,2318,2456,29.325513196480937,1
1130,Branch_1310,3905,4455,75.98784194528875,1
1131,Branch_1311,5082,6572,31.09452736318408,1
1132,Branch_1312,4204,5082,12.656625743576763,1
1133,Branch_1313,5082,5867,8.365400702693659,1
1134,Branch_1314,4205,5448,21.03491796381994,1
1135,Branch_1315,5448,6054,16.869095816464238,1
1136,Branch_1316,4687,5854,19.387359441644048,1
1137,Branch_1317,5854,6094,4.476676515355001,1
1138,Branch_1318,4687,5448,13.176966662274344,1
1139,Branch_1319,4688,4723,1315.7894736842106,1
1140,Branch_1320,4687,4723,2000.0,1
1141,Branch_1321,2198,2276,27.74694783573807,1
1142,Branch_1322,5298,5593,181.15942028985506,1
1143,Branch_1323,3683,3693,6.86436024162548,1
1144,Branch_1324,3684,4122,6.846970215679562,1
1145,Branch_1325,6033,6106,12.4750499001996,1
1146,Branch_1326,4122,6106,11.224604332697272,1
1147,Branch_1327,5041,6106,77.76049766718506,1
1148,Branch_1328,2017,2465,37.299515106303616,1
1149,Branch_1329,5593,6539,168.35016835016836,1
1150,Branch_1330,5411,6080,18.889308651303363,1
1151,Branch_1331,5945,5999,62.421972534332085,1
1152,Branch_1332,4183,5945,18.52537977028529,1
1153,Branch_1333,4182,4214,9.10166560480568,1
1154,Branch_1334,5411,5945,62.421972534332085,1
1155,Branch_1335,4214,5516,5.715592135345222,1
1156,Branch_1336,1860,1981,523.5602094240837,1
1157,Branch_1337,6001,6539,396.8253968253968,1
1158,Branch_1338,5411,6080,18.889308651303363,1
1159,Branch_1339,5411,6524,37.59398496240601,1
1160,Branch_1340,4183,5945,15.743073047858942,1
1161,Branch_1341,4182,4214,9.10166560480568,1
1162,Branch_1342,5411,5945,104.71204188481676,1
1163,Branch_1343,4214,5516,5.715592135345222,1
1164,Branch_1344,1985,2269,85.25149190110827,1
1165,Branch_1345,5593,6001,118.34319526627219,1
1166,Branch_1349,2630,3139,65.27415143603133,1
1167,Branch_1350,4278,6001,2000.0,1
1168,Branch_1351,4278,5484,377.35849056603774,1
1169,Branch_1352,3995,4108,111.11111111111111,1
1170,Branch_1354,3597,3614,12.156576707999028,1
1171,Branch_1355,5110,5212,264.55026455026456,1
1172,Branch_1356,5212,5298,221.72949002217294,1
1173,Branch_1357,4268,6411,21.963540522732263,1
1174,Branch_1358,4268,4373,5.689576695493855,1
1175,Branch_1359,4373,5352,16.68613382279326,1
1176,Branch_1360,5352,5480,31.25,1
1177,Branch_1361,1847,2221,124.68827930174564,1
1178,Branch_1363,5342,5393,8.278145695364238,1
1179,Branch_1364,3177,3525,218.8183807439825,1
1180,Branch_1365,9124,9197,59.701492537313435,1
1181,Branch_1366,9124,9159,7.416747014759326,1
1182,Branch_1369,1860,2224,50.68423720223011,1
1183,Branch_1370,9067,9197,4.936808846761453,1
1184,Branch_1371,9066,9200,7.555723460521345,1
1185,Branch_1372,3482,3484,39.96802557953637,1
1186,Branch_1373,4597,4603,2000.0,1
1187,Branch_1374,4207,6422,7.762167197081425,1
1188,Branch_1375,2761,3480,60.56935190793458,1
1189,Branch_1376,3677,5001,204.91803278688525,1
1190,Branch_1377,4419,5191,64.93506493506493,1
1191,Branch_1378,5191,6362,11.599582415033058,1
1192,Branch_1379,3092,3275,17.22949689869056,1
1193,Branch_1380,3678,5001,204.91803278688525,1
1194,Branch_1381,5516,6662,4.4929685042907845,1
1195,Branch_1382,6362,6662,11.403808872163303,1
1196,Branch_1383,5315,6662,12.330456226880395,1
1197,Branch_1384,4419,4940,8.2223318533136,1
1198,Branch_1385,1860,2650,48.94762604013705,1
1199,Branch_1386,5301,5507,6.959910913140312,1
1200,Branch_1387,5452,5507,30.826140567200987,1
1201,Branch_1388,5452,5704,26.961445133459154,1
1202,Branch_1389,5452,5506,12.20703125,1
1203,Branch_1390,5704,5894,7.851758793969849,1
1204,Branch_1391,5894,6598,38.417210910487896,1
1205,Branch_1392,5506,5516,6.826404532732609,1
1206,Branch_1393,5936,6598,9.998000399920016,1
1207,Branch_1394,2650,2652,42.034468263976464,1
1208,Branch_1395,4327,5001,51.4668039114771,1
1209,Branch_1396,4327,4597,432.9004329004329,1
1210,Branch_1397,5252,6516,5.054334091483447,1
1211,Branch_1398,5516,6470,3.665286075578199,1
1212,Branch_1399,5127,6516,11.406410402646287,1
1213,Branch_1400,5351,6471,28.011204481792717,1
1214,Branch_1401,5127,5351,6.520179956966812,1
1215,Branch_1402,1860,2518,40.19292604501608,1
1216,Branch_1403,4597,5001,58.13953488372093,1
1217,Branch_1404,1990,2682,12.175818823815902,1
1218,Branch_1405,3923,4108,259.0673575129534,1
1219,Branch_1406,5954,6374,7.265857734505558,1
1220,Branch_1407,5752,6043,12.416190712689346,1
1221,Branch_1409,6043,6422,3.5752592062924564,1
1222,Branch_1410,5753,5954,7.440476190476191,1
1223,Branch_1415,1883,2167,215.51724137931035,1
1224,Branch_1416,6125,6198,229.3577981651376,1
1225,Branch_1417,3673,3697,3.667571334262451,1
1226,Branch_1418,4259,5873,8.509189925119129,1
1227,Branch_1419,3939,4259,10.336985734959686,1
1228,Branch_1420,3933,3939,8.756567425569177,1
1229,Branch_1421,3931,3933,31.665611146295124,1
1230,Branch_1422,3939,4012,8.755800717975658,1
1231,Branch_1423,3697,3934,2.5872551809785,1
1232,Branch_1424,5404,6415,38.40245775729647,1
1233,Branch_1425,5737,6380,9.08595311648192,1
1234,Branch_1426,5404,6380,23.623907394283016,1
1235,Branch_1427,4012,5404,11.163206072784103,1
1236,Branch_1428,1861,1926,16.663889351774703,1
1237,Branch_1429,6125,6604,1639.344262295082,1
1238,Branch_1430,1861,2508,90.74410163339383,1
1239,Branch_1431,4228,5943,4.2596694496507075,1
1240,Branch_1434,4228,5356,144.0922190201729,1
1241,Branch_1437,1860,2318,31.665611146295124,1
1242,Branch_1438,4588,6198,2000.0,1
1243,Branch_1439,2701,2704,6.509145349215648,1
1244,Branch_1441,2600,2704,11.99472232217824,1
1245,Branch_1442,2091,2600,112.10762331838565,1
1246,Branch_1443,2091,2115,2000.0,1
1247,Branch_1447,3321,3400,28.129395218002813,1
1248,Branch_1448,3678,4845,63.9386189258312,1
1249,Branch_1451,3866,5873,2.824778961046298,1
1250,Branch_1452,5749,5873,8.210180623973727,1
1251,Branch_1453,6513,6589,27.070925825663238,1
1252,Branch_1454,5608,6589,138.88888888888889,1
1253,Branch_1456,3019,3092,14.712373105781962,1
1254,Branch_1457,5379,5856,11.71234481143125,1
1255,Branch_1458,5856,6514,7.081651441116068,1
1256,Branch_1459,5379,5563,22.119000221190003,1
1257,Branch_1461,5168,5822,136.05442176870747,1
1258,Branch_1462,5563,6182,8.91503967192654,1
1259,Branch_1463,4911,5578,5.733616191732126,1
1260,Branch_1464,5053,5578,24.307243558580456,1
1261,Branch_1465,5053,5965,27.22570106180234,1
1262,Branch_1466,3653,3785,52.38344683080147,1
1263,Branch_1467,3690,4063,67.65899864682002,1
1264,Branch_1468,3690,3976,40.12841091492777,1
1265,Branch_1469,3785,3976,104.27528675703859,1
1266,Branch_1470,3678,3752,40.46944556859571,1
1267,Branch_1471,3696,3812,4.922713399625874,1
1268,Branch_1472,3696,3982,4.924895345973898,1
1269,Branch_1475,3866,3982,5.214036185411127,1
1270,Branch_1476,3812,3903,33.63605785401951,1
1271,Branch_1477,3903,4006,5.12715340442986,1
1272,Branch_1478,1856,2566,4.924167815639157,1
1273,Branch_1479,2536,2667,30.637254901960784,1
1274,Branch_1480,4742,6237,2000.0,1
1275,Branch_1481,5596,6547,4.564125969876769,1
1276,Branch_1484,4418,6168,151.05740181268882,1
1277,Branch_1485,1897,2566,5.382710733125202,1
1278,Branch_1486,4940,5352,8.539709649871904,1
1279,Branch_1487,4418,6168,162.33766233766235,1
1280,Branch_1488,1820,2500,74.01924500370096,1
1281,Branch_1489,6198,6237,862.0689655172414,1
1282,Branch_1490,4448,4455,2000.0,1
1283,Branch_1491,4449,4455,2000.0,1
1284,Branch_1492,1779,2694,45.289855072463766,1
1285,Branch_1493,4842,5087,17.57469244288225,1
1286,Branch_1496,4457,5087,7.691716021844473,1
1287,Branch_1498,4364,4457,10.06947940791461,1
1288,Branch_1500,4364,4763,18.67762420620097,1
1289,Branch_1503,1822,2301,19.35733643050716,1
1290,Branch_1504,3483,3485,39.936102236421725,1
1291,Branch_1506,3214,3336,14.238929232521714,1
1292,Branch_1512,4684,6046,6.258213905751298,1
1293,Branch_1515,3677,3935,826.4462809917355,1
1294,Branch_1518,1879,2369,55.18763796909492,1
1295,Branch_1519,2274,2506,116.27906976744185,1
1296,Branch_1520,2274,2661,57.17552887364208,1
1297,Branch_1521,4845,4862,2000.0,1
1298,Branch_1522,2196,2506,33.222591362126245,1
1299,Branch_1523,2556,2667,32.829940906106366,1
1300,Branch_1524,4845,6237,240.3846153846154,1
1301,Branch_1525,2196,2475,25.342118601115054,1
1302,Branch_1527,4040,4093,45.248868778280546,1
1303,Branch_1528,2310,2459,67.29475100942126,1
1304,Branch_1529,4093,5001,91.6590284142988,1
1305,Branch_1530,3136,8215,5.754071005236205,1
1306,Branch_1531,1795,2433,118.06375442739079,1
1307,Branch_1532,4093,5001,91.6590284142988,1
1308,Branch_1533,2433,2558,63.171193935565384,1
1309,Branch_1534,3214,3427,16.433853738701725,1
1310,Branch_1535,2346,2433,28.61230329041488,1
1311,Branch_1536,3677,3752,41.562759767248544,1
1312,Branch_1537,1795,2016,69.63788300835654,1
1313,Branch_1538,3948,4093,120.04801920768307,1
1314,Branch_1539,2295,2432,39.666798889329634,1
1315,Branch_1542,3763,4093,2000.0,1
1316,Branch_1543,2259,2707,123.15270935960591,1
1317,Branch_1544,3763,4093,2000.0,1
1318,Branch_1545,2183,2657,13.795006207752794,1
1319,Branch_1546,3677,4093,60.38647342995169,1
1320,Branch_1547,1993,2342,43.89815627743635,1
1321,Branch_1548,3350,3394,19.73164956590371,1
1322,Branch_1549,1782,2491,162.60162601626016,1
1323,Branch_1550,1878,3218,45.146726862302486,1
1324,Branch_1551,2247,2491,175.7469244288225,1
1325,Branch_1552,4366,6527,1298.7012987012988,1
1326,Branch_1553,2200,2673,61.576354679802954,1
1327,Branch_1554,5178,5241,132.1003963011889,1
1328,Branch_1555,2284,2324,25.03755633450175,1
1329,Branch_1556,5178,5241,135.13513513513513,1
1330,Branch_1557,2213,2545,16.86056314280897,1
1331,Branch_1558,2344,2442,26.65955745134631,1
1332,Branch_1559,2213,2344,22.040996253030638,1
1333,Branch_1560,1969,1986,4.701457451810061,1
1334,Branch_1561,1903,3218,49.6031746031746,1
1335,Branch_1562,1969,2207,4.440891731059597,1
1336,Branch_1563,5228,6604,217.8649237472767,1
1337,Branch_1564,2207,2664,8.236553825879252,1
1338,Branch_1565,5229,6717,689.6551724137931,1
1339,Branch_1566,2207,2539,68.44626967830253,1
1340,Branch_1567,6604,6717,334.44816053511704,1
1341,Branch_1568,2575,2664,3.1939697850458333,1
1342,Branch_1569,1977,2575,28.6697247706422,1
1343,Branch_1570,2206,2666,49.75124378109453,1
1344,Branch_1571,1776,2662,190.83969465648855,1
1345,Branch_1572,2761,3481,60.49606775559589,1
1346,Branch_1573,2298,2536,75.18796992481202,1
1347,Branch_1574,2375,3218,19.960079840319363,1
1348,Branch_1575,2051,2521,43.327556325823224,1
1349,Branch_1576,1890,2199,35.536602700781806,1
1350,Branch_1577,2521,2640,77.76049766718506,1
1351,Branch_1578,2521,2640,77.76049766718506,1
1352,Branch_1579,1776,2199,31.436655139893116,1
1353,Branch_1580,2952,3177,19.047619047619047,1
1354,Branch_1581,1890,2348,30.8546744831842,1
1355,Branch_1582,8128,8431,4.334445841099216,1
1356,Branch_1583,2286,2542,552.4861878453039,1
1357,Branch_1584,2914,3272,27.75464890369137,1
1358,Branch_1585,2516,2569,247.52475247524754,1
1359,Branch_1586,1803,2406,10.695187165775401,1
1360,Branch_1587,5609,6527,469.4835680751174,1
1361,Branch_1589,1776,2521,24.783147459727385,1
1362,Branch_1590,7427,7486,6.680026720106881,1
1363,Branch_1591,8365,8931,5.420935653493793,1
1364,Branch_1592,2362,2406,17.885888034340905,1
1365,Branch_1593,2406,2681,5.599104143337066,1
1366,Branch_1595,4983,6229,145.98540145985402,1
1367,Branch_1596,4983,6667,199.20318725099602,1
1368,Branch_1598,6229,6667,555.5555555555555,1
1369,Branch_1599,5593,6229,537.6344086021505,1
1370,Branch_1600,8281,8938,8.605851979345955,1
1371,Branch_1601,4983,5484,173.61111111111111,1
1372,Branch_1602,2286,2681,16.501650165016503,1
1373,Branch_1603,5593,6229,537.6344086021505,1
1374,Branch_1604,8119,8907,6.190034045187248,1
1375,Branch_1605,2286,2539,17.57469244288225,1
1376,Branch_1607,4781,6211,420.16806722689074,1
1377,Branch_1608,6349,6673,746.2686567164179,1
1378,Branch_1609,5043,6407,775.1937984496124,1
1379,Branch_1610,4217,5043,84.53085376162299,1
1380,Branch_1611,6407,6673,2000.0,1
1381,Branch_1612,1925,2313,337.8378378378378,1
1382,Branch_1613,4781,6604,97.75171065493646,1
1383,Branch_1614,5016,6350,2000.0,1
1384,Branch_1615,5016,6674,1000.0,1
1385,Branch_1616,5045,6406,775.1937984496124,1
1386,Branch_1617,5016,5031,1063.8297872340424,1
1387,Branch_1618,4217,5045,84.60236886632826,1
1388,Branch_1619,6406,6674,2000.0,1
1389,Branch_1620,2515,2657,66.2251655629139,1
1390,Branch_1621,4781,4822,2000.0,1
1391,Branch_1622,5052,5971,189.75332068311195,1
1392,Branch_1623,4928,5971,96.89922480620154,1
1393,Branch_1624,5052,6586,115.47344110854503,1
1394,Branch_1627,6234,6439,154.5595054095827,1
1395,Branch_1628,6234,6586,154.5595054095827,1
1396,Branch_1629,4767,6439,87.33624454148472,1
1397,Branch_1630,4767,5590,131.06159895150722,1
1398,Branch_1631,2453,2515,30.039050765995796,1
1399,Branch_1632,1966,2235,31.585596967782692,1
1400,Branch_1634,8850,8975,86.65511265164645,1
1401,Branch_1635,4029,4107,259.0673575129534,1
1402,Branch_1636,6744,7486,2.0661157024793386,1
1403,Branch_1637,5484,6018,203.2520325203252,1
1404,Branch_1638,6325,6335,109.05125408942203,1
1405,Branch_1639,6002,6325,228.31050228310502,1
1406,Branch_1640,5605,6335,152.9051987767584,1
1407,Branch_1641,5605,6075,173.3102253032929,1
1408,Branch_1642,2463,2587,15.356265356265355,1
1409,Branch_1643,4715,6211,2000.0,1
1410,Branch_1645,5148,6069,1515.1515151515152,1
1411,Branch_1646,5176,5599,248.13895781637717,1
1412,Branch_1647,5176,6684,248.13895781637717,1
1413,Branch_1648,5148,5176,104.9317943336831,1
1414,Branch_1649,5159,6540,66.53359946773121,1
1415,Branch_1650,5551,6684,467.2897196261682,1
1416,Branch_1651,5159,5520,518.1347150259068,1
1417,Branch_1652,5520,6684,150.15015015015015,1
1418,Branch_1653,5457,6335,99.00990099009901,1
1419,Branch_1654,5159,5457,56.78591709256104,1
1420,Branch_1655,2443,2587,37.95066413662239,1
1421,Branch_1656,5119,6335,94.42870632672333,1
1422,Branch_1657,5197,6339,132.9787234042553,1
1423,Branch_1658,6271,6339,82.91873963515755,1
1424,Branch_1659,5197,5909,242.71844660194174,1
1425,Branch_1660,5725,5909,312.5,1
1426,Branch_1661,5119,5909,288.1844380403458,1
1427,Branch_1662,1215,2587,5.459111256687411,1
1428,Branch_1663,5609,6527,469.4835680751174,1
1429,Branch_1664,5120,6335,94.42870632672333,1
1430,Branch_1665,4234,6338,2000.0,1
1431,Branch_1666,6271,6338,82.91873963515755,1
1432,Branch_1667,5402,5726,328.94736842105266,1
1433,Branch_1668,4234,5196,140.0560224089636,1
1434,Branch_1669,5196,5910,242.71844660194174,1
1435,Branch_1670,4234,5188,120.62726176115802,1
1436,Branch_1671,5726,5910,312.5,1
1437,Branch_1672,5120,5910,288.1844380403458,1
1438,Branch_1673,538,1477,37.397157816005986,1
1439,Branch_1674,4637,6335,97.37098344693281,1
1440,Branch_1675,5456,6587,70.2247191011236,1
1441,Branch_1676,4637,5456,2000.0,1
1442,Branch_1679,6235,6440,170.64846416382252,1
1443,Branch_1680,6235,6587,143.47202295552367,1
1444,Branch_1681,4766,6440,91.32420091324201,1
1445,Branch_1682,4766,5590,136.986301369863,1
1446,Branch_1683,785,1489,19.10219675262655,1
1447,Branch_1684,4984,5307,39.603960396039604,1
1448,Branch_1685,2369,2576,19.227071716977505,1
1449,Branch_1686,3002,3061,2.3573230239739753,1
1450,Branch_1687,3263,3272,21.24946876328092,1
1451,Branch_1688,3996,4107,125.62814070351759,1
1452,Branch_1689,4984,6271,44.72271914132379,1
1453,Branch_1690,5897,6347,396.8253968253968,1
1454,Branch_1691,5711,5897,714.2857142857143,1
1455,Branch_1692,5655,6347,552.4861878453039,1
1456,Branch_1693,5616,5655,277.77777777777777,1
1457,Branch_1694,4984,6271,44.72271914132379,1
1458,Branch_1695,5233,6271,72.20216606498195,1
1459,Branch_1696,2543,2680,105.26315789473684,1
1460,Branch_1697,4984,5652,75.47169811320755,1
1461,Branch_1698,5652,5924,144.3001443001443,1
1462,Branch_1699,5189,5924,243.30900243309003,1
1463,Branch_1700,4928,5924,219.2982456140351,1
1464,Branch_1701,1883,2647,58.0046403712297,1
1465,Branch_1702,4208,9191,2000.0,1
1466,Branch_1703,4224,5788,277.77777777777777,1
1467,Branch_1704,4957,6628,202.83975659229208,1
1468,Branch_1705,4957,6038,318.47133757961785,1
1469,Branch_1706,4224,6382,160.25641025641025,1
1470,Branch_1707,6038,6382,400.0,1
1471,Branch_1708,5373,6038,374.53183520599254,1
1472,Branch_1709,2230,2476,5.150126178091363,1
1473,Branch_1710,4223,5791,289.8550724637681,1
1474,Branch_1711,4956,5958,934.5794392523364,1
1475,Branch_1712,4956,6628,202.83975659229208,1
1476,Branch_1713,5958,6388,374.53183520599254,1
1477,Branch_1714,5660,6388,119.61722488038278,1
1478,Branch_1715,5958,6039,480.7692307692308,1
1479,Branch_1716,4223,6383,160.25641025641025,1
1480,Branch_1717,6039,6383,400.0,1
1481,Branch_1718,5374,6039,122.85012285012284,1
1482,Branch_1719,5609,6211,862.0689655172414,1
1483,Branch_1720,5129,5786,840.3361344537815,1
1484,Branch_1721,5129,5887,39.98400639744102,1
1485,Branch_1722,2225,2277,116.27906976744185,1
1486,Branch_1723,5128,5787,840.3361344537815,1
1487,Branch_1724,5128,5887,40.04805766920305,1
1488,Branch_1725,2068,2225,115.34025374855824,1
1489,Branch_1726,5285,5628,69.25207756232687,1
1490,Branch_1727,5628,5665,119.47431302270012,1
1491,Branch_1728,5285,6552,235.8490566037736,1
1492,Branch_1729,5640,5721,636.9426751592357,1
1493,Branch_1730,5721,6628,224.7191011235955,1
1494,Branch_1731,5640,5665,1428.5714285714287,1
1495,Branch_1732,2403,2430,29.01915264074289,1
1496,Branch_1733,3928,4107,259.0673575129534,1
1497,Branch_1734,5366,6498,148.5884101040119,1
1498,Branch_1735,5296,6035,602.4096385542168,1
1499,Branch_1736,5366,5485,141.24293785310735,1
1500,Branch_1737,5296,5801,448.4304932735426,1
1501,Branch_1738,4486,6498,2000.0,1
1502,Branch_1739,4486,6035,403.2258064516129,1
1503,Branch_1740,4034,4071,42.69854824935952,1
1504,Branch_1741,6747,7005,70.47216349541931,1
1505,Branch_1743,5568,6104,418.41004184100416,1
1506,Branch_1744,5568,6334,84.24599831508003,1
1507,Branch_1745,5305,5568,314.4654088050315,1
1508,Branch_1746,5305,6340,314.4654088050315,1
1509,Branch_1747,5297,6104,74.23904974016332,1
1510,Branch_1748,5297,5802,448.4304932735426,1
1511,Branch_1749,4256,6333,84.24599831508003,1
1512,Branch_1750,4256,5306,314.4654088050315,1
1513,Branch_1751,5306,6340,314.4654088050315,1
1514,Branch_1752,4256,5398,151.9756838905775,1
1515,Branch_1753,5485,6031,165.28925619834712,1
1516,Branch_1754,5398,6031,2000.0,1
1517,Branch_1755,5738,6031,170.06802721088437,1
1518,Branch_1756,4686,4893,136.986301369863,1
1519,Branch_1757,5281,6104,769.2307692307693,1
1520,Branch_1758,5281,5739,137.93103448275863,1
1521,Branch_1759,5281,5397,347.22222222222223,1
1522,Branch_1760,5397,5485,156.73981191222572,1
1523,Branch_1761,2180,2636,2000.0,1
1524,Branch_1762,6084,6271,76.5696784073507,1
1525,Branch_1763,5403,5740,189.3939393939394,1
1526,Branch_1764,5539,5740,2000.0,1
1527,Branch_1765,5740,6385,152.4390243902439,1
1528,Branch_1766,6084,6691,130.03901170351105,1
1529,Branch_1767,5539,6691,362.3188405797101,1
1530,Branch_1768,6003,6385,86.13264427217915,1
1531,Branch_1769,4982,6085,126.42225031605562,1
1532,Branch_1770,4982,6271,204.49897750511246,1
1533,Branch_1771,4982,5066,113.63636363636364,1
1534,Branch_1772,5066,6091,121.50668286755771,1
1535,Branch_1773,6091,6386,85.61643835616438,1
1536,Branch_1774,2430,2576,15.74555188159345,1
1537,Branch_1776,4954,5485,38.729666924864446,1
1538,Branch_1777,5485,5950,133.33333333333334,1
1539,Branch_1778,5064,5950,115.60693641618496,1
1540,Branch_1780,4198,5950,50.30181086519115,1
1541,Branch_1781,6271,6727,189.0359168241966,1
1542,Branch_1782,5064,6727,104.9317943336831,1
1543,Branch_1783,3092,3279,257.7319587628866,1
1544,Branch_1784,4062,4153,50.787201625190455,1
1545,Branch_1785,4953,6330,139.86013986013987,1
1546,Branch_1786,6330,6438,72.99270072992701,1
1547,Branch_1787,2069,2088,2000.0,1
1548,Branch_1789,4316,4711,245.7002457002457,1
1549,Branch_1790,4710,4711,2000.0,1
1550,Branch_1792,2069,4711,151.74506828528072,1
1551,Branch_1793,4521,6034,93.28358208955224,1
1552,Branch_1794,6351,6497,303.951367781155,1
1553,Branch_1795,4953,6329,188.32391713747646,1
1554,Branch_1796,4485,6497,2000.0,1
1555,Branch_1797,4485,6034,403.2258064516129,1
1556,Branch_1798,4521,6329,164.20361247947454,1
1557,Branch_1799,5367,5485,141.24293785310735,1
1558,Branch_1800,5367,6351,165.28925619834712,1
1559,Branch_1801,2069,3948,126.26262626262626,1
1560,Branch_1802,7118,7555,45.64125969876768,1
1561,Branch_1803,4062,5298,25.641025641025642,1
1562,Branch_1804,4954,6521,149.2537313432836,1
1563,Branch_1805,2070,2086,2000.0,1
1564,Branch_1807,2056,3948,176.05633802816902,1
1565,Branch_1808,4795,4852,2000.0,1
1566,Branch_1811,2056,2070,221.72949002217294,1
1567,Branch_1812,4316,4795,271.00271002710025,1
1568,Branch_1814,4316,4758,2000.0,1
1569,Branch_1815,2070,4795,218.8183807439825,1
1570,Branch_1816,4316,6224,2000.0,1
1571,Branch_1817,2319,2501,61.881188118811885,1
1572,Branch_1818,5044,6672,769.2307692307693,1
1573,Branch_1819,5044,6639,97.46588693957115,1
1574,Branch_1820,4217,6638,75.75757575757575,1
1575,Branch_1821,6540,6639,103.95010395010395,1
1576,Branch_1823,6856,7057,190.47619047619048,1
1577,Branch_1824,4953,4977,729.92700729927,1
1578,Branch_1825,4977,5032,649.3506493506494,1
1579,Branch_1826,6856,6861,2000.0,1
1580,Branch_1827,6856,6857,2000.0,1
1581,Branch_1828,7099,7650,120.77294685990339,1
1582,Branch_1829,6856,7099,144.3001443001443,1
1583,Branch_1830,2188,2439,4.531037607612143,1
1584,Branch_1831,3908,3916,2000.0,1
1585,Branch_1832,3147,3472,67.79661016949153,1
1586,Branch_1833,4954,4978,729.92700729927,1
1587,Branch_1834,4978,5033,649.3506493506494,1
1588,Branch_1835,3147,3472,67.79661016949153,1
1589,Branch_1836,2736,3147,142.65335235378032,1
1590,Branch_1837,2736,3147,142.65335235378032,1
1591,Branch_1838,2736,2742,66.2251655629139,1
1592,Branch_1839,7356,7653,2000.0,1
1593,Branch_1840,2736,2742,66.2251655629139,1
1594,Branch_1841,9266,9574,111.23470522803115,1
1595,Branch_1842,9282,9574,93.28358208955224,1
1596,Branch_1843,9266,9282,50.9683995922528,1
1597,Branch_1844,2749,3238,228.83295194508008,1
1598,Branch_1845,2749,3472,57.17552887364208,1
1599,Branch_1846,2749,3472,57.17552887364208,1
1600,Branch_1847,6115,6117,2000.0,1
1601,Branch_1848,4300,6125,2000.0,1
1602,Branch_1849,3908,3948,1010.10101010101,1
1603,Branch_1850,3908,4093,134.2281879194631,1
1604,Branch_1851,7332,7350,132.9787234042553,1
1605,Branch_1852,6962,7008,54.97526113249038,1
1606,Branch_1853,6962,7045,156.73981191222572,1
1607,Branch_1854,6962,7045,156.73981191222572,1
1608,Branch_1856,7350,7953,177.61989342806393,1
1609,Branch_1858,6921,7953,77.82101167315174,1
1610,Branch_1859,6921,7332,45.682960255824575,1
1611,Branch_1860,6921,7045,41.37360364087712,1
1612,Branch_1861,6921,7045,41.37360364087712,1
1613,Branch_1862,8358,8495,49.333991119881595,1
1614,Branch_1863,6510,6665,293.2551319648094,1
1615,Branch_1864,5074,6370,138.88888888888889,1
1616,Branch_1865,5451,6665,319.4888178913738,1
1617,Branch_1866,6370,6510,293.2551319648094,1
1618,Branch_1867,6511,6664,293.2551319648094,1
1619,Branch_1868,5073,6371,138.88888888888889,1
1620,Branch_1869,5449,6664,319.4888178913738,1
1621,Branch_1870,6371,6511,293.2551319648094,1
1622,Branch_1871,3231,3259,6.236357966947303,1
1623,Branch_1873,5151,5544,411.52263374485597,1
1624,Branch_1874,5544,6628,377.35849056603774,1
1625,Branch_1875,4673,5073,2000.0,1
1626,Branch_1876,4673,5150,201.61290322580646,1
1627,Branch_1877,2454,2514,12.769761205465457,1
1628,Branch_1878,3061,3264,6.741270055278415,1
1629,Branch_1880,5150,5543,411.52263374485597,1
1630,Branch_1881,5543,6628,377.35849056603774,1
1631,Branch_1882,4672,5074,2000.0,1
1632,Branch_1883,4672,5151,199.6007984031936,1
1633,Branch_1884,4293,5731,57.8368999421631,1
1634,Branch_1887,6109,9287,121.21212121212122,1
1635,Branch_1888,4327,5615,43.78283712784589,1
1636,Branch_1889,4327,5616,43.78283712784589,1
1637,Branch_1890,4328,4733,120.48192771084338,1
1638,Branch_1891,5615,6202,117.78563015312132,1
1639,Branch_1893,4733,4762,2000.0,1
1640,Branch_1894,4328,5616,54.43658138268917,1
1641,Branch_1895,2749,4337,22.763487366264513,1
1642,Branch_1896,4733,6202,602.4096385542168,1
1643,Branch_1897,3238,4337,24.968789013732835,1
1644,Branch_1898,4442,5192,267.379679144385,1
1645,Branch_1899,4337,4442,48.355899419729205,1
1646,Branch_1900,4337,4592,2000.0,1
1647,Branch_1901,4618,4628,2000.0,1
1648,Branch_1903,4337,4618,38.03727653100038,1
1649,Branch_1904,4618,5241,32.552083333333336,1
1650,Branch_1905,4532,5241,28.538812785388128,1
1651,Branch_1906,4337,4532,45.78754578754579,1
1652,Branch_1908,3649,4686,31.51591553734636,1
1653,Branch_1909,4356,5756,94.07337723424271,1
1654,Branch_1910,5074,6437,78.125,1
1655,Branch_1911,4356,5407,429.18454935622316,1
1656,Branch_1912,4356,5519,54.02485143165856,1
1657,Branch_1915,4356,5519,54.02485143165856,1
1658,Branch_1918,4555,9301,100.80645161290323,1
1659,Branch_1919,4555,5519,24.277737314882252,1
1660,Branch_1920,6204,9302,47.551117451260104,1
1661,Branch_1921,5519,6204,33.67003367003367,1
1662,Branch_1924,1935,2385,112.61261261261261,1
1663,Branch_1925,5073,6417,364.963503649635,1
1664,Branch_1926,2272,2601,36.496350364963504,1
1665,Branch_1927,5074,6418,364.963503649635,1
1666,Branch_1928,4423,5074,1010.10101010101,1
1667,Branch_1929,4424,5073,1098.901098901099,1
1668,Branch_1930,2225,2627,74.73841554559043,1
1669,Branch_1931,4686,4737,2000.0,1
1670,Branch_1932,5073,5496,411.52263374485597,1
1671,Branch_1933,5496,6641,168.35016835016836,1
1672,Branch_1934,5226,5810,236.4066193853428,1
1673,Branch_1935,5810,6641,132.27513227513228,1
1674,Branch_1936,4217,5810,617.283950617284,1
1675,Branch_1937,1927,2272,194.1747572815534,1
1676,Branch_1938,5074,5497,370.3703703703704,1
1677,Branch_1939,5497,6642,168.35016835016836,1
1678,Branch_1940,4217,6642,108.93246187363835,1
1679,Branch_1941,1869,2180,33.200531208499335,1
1680,Branch_1942,3649,4153,49.9001996007984,1
1681,Branch_1943,4217,5225,138.12154696132598,1
1682,Branch_1944,2265,2634,25.220680958385877,1
1683,Branch_1945,4953,6520,157.9778830963665,1
1684,Branch_1946,6075,6520,201.61290322580646,1
1685,Branch_1947,6075,6522,190.11406844106463,1
1686,Branch_1948,2423,2677,38.299502106472616,1
1687,Branch_1949,4217,6032,106.04453870625663,1
1688,Branch_1950,6032,6540,106.04453870625663,1
1689,Branch_1951,6075,6288,112.86681715575621,1
1690,Branch_1952,6288,6540,467.2897196261682,1
1691,Branch_1953,2297,2564,1.4900242873958847,1
1692,Branch_1954,3698,4104,68.1663258350375,1
1693,Branch_1955,3263,3400,13.892747985551543,1
1694,Branch_1956,5101,6075,649.3506493506494,1
1695,Branch_1957,5101,5606,150.6024096385542,1
1696,Branch_1958,5606,6335,154.5595054095827,1
1697,Branch_1959,5593,6194,85.03401360544218,1
1698,Branch_1960,4529,6194,2000.0,1
1699,Branch_1961,4327,6194,98.61932938856016,1
1700,Branch_1962,4527,5593,55.49389567147614,1
1701,Branch_1963,4527,4533,2000.0,1
1702,Branch_1964,4327,4527,279.3296089385475,1
1703,Branch_1965,4336,6109,118.90606420927467,1
1704,Branch_1966,6109,6256,114.41647597254004,1
1705,Branch_1967,4366,5178,150.6024096385542,1
1706,Branch_1968,2254,2346,59.523809523809526,1
1707,Branch_1969,3698,4153,117.50881316098707,1
1708,Branch_1970,5174,5491,103.30578512396694,1
1709,Branch_1971,5174,6545,152.9051987767584,1
1710,Branch_1972,4305,4663,86.58008658008659,1
1711,Branch_1973,5491,5598,49.9001996007984,1
1712,Branch_1974,5257,5491,47.05882352941177,1
1713,Branch_1975,5257,5550,147.49262536873155,1
1714,Branch_1976,4217,5257,67.38544474393531,1
1715,Branch_1977,5576,6545,57.50431282346176,1
1716,Branch_1978,4305,6545,2000.0,1
1717,Branch_1979,6075,6289,111.48272017837235,1
1718,Branch_1980,6289,6540,467.2897196261682,1
1719,Branch_1981,2640,2693,91.82736455463728,1
1720,Branch_1982,3698,3996,22.56317689530686,1
1721,Branch_1983,5925,6574,303.951367781155,1
1722,Branch_1984,5202,6574,246.91358024691357,1
1723,Branch_1985,6307,6574,336.7003367003367,1
1724,Branch_1986,5202,6628,617.283950617284,1
1725,Branch_1987,4663,5590,81.83306055646482,1
1726,Branch_1988,5926,6575,303.030303030303,1
1727,Branch_1989,5201,6575,246.91358024691357,1
1728,Branch_1990,6307,6575,336.7003367003367,1
1729,Branch_1991,5201,6628,617.283950617284,1
1730,Branch_1992,2254,2562,87.41258741258741,1
1731,Branch_1993,5350,5661,156.25,1
1732,Branch_1994,5350,6628,347.22222222222223,1
1733,Branch_1995,5350,5641,478.4688995215311,1
1734,Branch_1996,5641,5665,2000.0,1
1735,Branch_1997,5262,6568,278.55153203342616,1
1736,Branch_1998,5665,6568,581.3953488372093,1
1737,Branch_1999,5286,5627,69.25207756232687,1
1738,Branch_2000,5490,5665,284.9002849002849,1
1739,Branch_2001,5286,6552,235.8490566037736,1
1740,Branch_2002,5490,5627,194.55252918287937,1
1741,Branch_2003,5888,6645,30.275507114744173,1
1742,Branch_2004,5149,6070,1515.1515151515152,1
1743,Branch_2005,6457,6645,2000.0,1
1744,Branch_2006,5149,6645,93.10986964618249,1
1745,Branch_2007,4217,6285,44.38526409232135,1
1746,Branch_2008,6285,6457,2000.0,1
1747,Branch_2010,3698,4126,2000.0,1
1748,Branch_2011,5887,6457,29.895366218236173,1
1749,Branch_2012,4217,4236,80.58017727639,1
1750,Branch_2013,6284,6457,2000.0,1
1751,Branch_2014,4236,6284,98.81422924901186,1
1752,Branch_2015,1824,2306,32.62642740619902,1
1753,Branch_2016,3854,4104,157.9778830963665,1
1754,Branch_2017,5434,5786,89.44543828264759,1
1755,Branch_2018,5434,5604,138.12154696132598,1
1756,Branch_2019,4217,5604,83.75209380234506,1
1757,Branch_2020,5786,5887,38.74467260751646,1
1758,Branch_2021,2324,2344,26.143790849673202,1
1759,Branch_2022,5435,5787,89.44543828264759,1
1760,Branch_2023,5435,5603,138.12154696132598,1
1761,Branch_2024,4217,5603,83.75209380234506,1
1762,Branch_2025,5787,5887,38.74467260751646,1
1763,Branch_2026,2558,2562,55.61735261401557,1
1764,Branch_2027,2950,3263,8.429570934839417,1
1765,Branch_2028,821,823,1190.4761904761904,1
1766,Branch_2029,4960,6580,128.36970474967907,1
1767,Branch_2030,4960,6307,119.33174224343675,1
1768,Branch_2031,6076,6580,176.3668430335097,1
1769,Branch_2032,6076,6552,69.25207756232687,1
1770,Branch_2033,6076,6644,502.51256281407035,1
1771,Branch_2034,4656,6477,42.716787697565145,1
1772,Branch_2035,4656,6227,2000.0,1
1773,Branch_2036,4293,4656,617.283950617284,1
1774,Branch_2037,4293,9282,13.458950201884253,1
1775,Branch_2038,4293,9282,13.458950201884253,1
1776,Branch_2039,1833,2500,1282.051282051282,1
1777,Branch_2040,4071,4153,53.10674455655868,1
1778,Branch_2041,1832,2500,1265.8227848101267,1
1779,Branch_2042,2290,2535,40.08016032064128,1
1780,Branch_2043,5234,6271,43.38394793926247,1
1781,Branch_2044,1798,2300,144.7178002894356,1
1782,Branch_2045,6340,6504,91.15770282588879,1
1783,Branch_2046,4201,6504,179.85611510791367,1
1784,Branch_2047,4201,6307,206.61157024793388,1
1785,Branch_2048,2203,2379,78.98894154818325,1
1786,Branch_2049,6340,6503,84.31703204047217,1
1787,Branch_2050,4202,6503,188.32391713747646,1
1788,Branch_2051,4202,6307,201.61290322580646,1
1789,Branch_2052,1799,2494,66.711140760507,1
1790,Branch_2054,6139,6340,123.76237623762377,1
1791,Branch_2055,4933,5460,61.881188118811885,1
1792,Branch_2056,4933,6139,123.76237623762377,1
1793,Branch_2058,539,1214,5.1020408163265305,1
1794,Branch_2059,6140,6340,123.76237623762377,1
1795,Branch_2060,4932,5313,126.58227848101266,1
1796,Branch_2061,5313,5460,126.58227848101266,1
1797,Branch_2062,4932,6140,123.76237623762377,1
1798,Branch_2064,2240,2456,44.20866489832007,1
1799,Branch_2065,1764,2645,403.2258064516129,1
1800,Branch_2067,5123,6073,1098.901098901099,1
1801,Branch_2068,5123,5146,1265.8227848101267,1
1802,Branch_2069,5146,6569,66.00660066006601,1
1803,Branch_2070,5146,6332,110.74197120708749,1
1804,Branch_2071,5460,6332,127.7139208173691,1
1805,Branch_2072,5693,6332,584.7953216374269,1
1806,Branch_2073,4412,4961,380.22813688212926,1
1807,Branch_2074,4961,6307,119.61722488038278,1
1808,Branch_2075,5267,6569,201.61290322580646,1
1809,Branch_2076,4930,5267,403.2258064516129,1
1810,Branch_2077,4412,4930,201.61290322580646,1
1811,Branch_2078,2206,2407,36.023054755043226,1
1812,Branch_2079,2166,3186,27.662517289073307,1
1813,Branch_2080,4293,6460,31.036623215394165,1
1814,Branch_2081,4293,4515,189.0359168241966,1
1815,Branch_2082,4515,6460,37.65060240963855,1
1816,Branch_2083,3871,5896,35.27336860670194,1
1817,Branch_2084,2490,2580,87.64241893076249,1
1818,Branch_2085,4893,5896,135.13513513513513,1
1819,Branch_2086,2942,3004,46.51162790697674,1
1820,Branch_2087,3871,3873,2000.0,1
1821,Branch_2088,4203,6060,254.4529262086514,1
1822,Branch_2089,4203,5319,180.18018018018017,1
1823,Branch_2090,4217,6060,160.77170418006432,1
1824,Branch_2091,4237,6060,362.3188405797101,1
1825,Branch_2092,5319,5764,325.7328990228013,1
1826,Branch_2093,3851,3871,617.283950617284,1
1827,Branch_2094,2934,3047,3.8137370809656383,1
1828,Branch_2095,1790,2267,24.752475247524753,1
1829,Branch_2096,3663,3851,119.04761904761905,1
1830,Branch_2097,2491,2658,282.4858757062147,1
1831,Branch_2098,1891,2396,769.2307692307693,1
1832,Branch_2099,9482,9497,2000.0,1
1833,Branch_2102,3663,9482,57.4052812858783,1
1834,Branch_2104,2548,2576,40.19292604501608,1
1835,Branch_2105,9482,9797,121.21212121212122,1
1836,Branch_2107,9635,9805,58.47953216374269,1
1837,Branch_2108,4953,5450,847.457627118644,1
1838,Branch_2109,2472,2667,29.682398337785692,1
1839,Branch_2110,9212,9797,826.4462809917355,1
1840,Branch_2111,4401,5308,125.0,1
1841,Branch_2112,9211,9797,826.4462809917355,1
1842,Branch_2113,9635,9797,253.80710659898477,1
1843,Branch_2114,5308,6272,7.861635220125787,1
1844,Branch_2115,1784,2337,2000.0,1
1845,Branch_2117,4893,5681,136.6120218579235,1
1846,Branch_2118,1784,2337,2000.0,1
1847,Branch_2119,2517,2598,27.785495971103085,1
1848,Branch_2120,1891,2380,59.73715651135006,1
1849,Branch_2121,9635,9655,2000.0,1
1850,Branch_2122,2576,3186,66.40106241699867,1
1851,Branch_2123,4893,5896,135.13513513513513,1
1852,Branch_2124,9709,9805,2000.0,1
1853,Branch_2126,6460,9709,48.5201358563804,1
1854,Branch_2127,3203,3393,5.233136218535768,1
1855,Branch_2128,9709,9797,45.80852038479157,1
1856,Branch_2129,5896,9709,70.97232079489,1
1857,Branch_2130,8446,8702,88.02816901408451,1
1858,Branch_2131,9686,9709,2000.0,1
1859,Branch_2132,2366,2621,47.82400765184122,1
1860,Branch_2133,4954,6002,595.2380952380952,1
1861,Branch_2134,4953,6000,595.2380952380952,1
1862,Branch_2135,2576,3186,65.57377049180327,1
1863,Branch_2136,3678,4029,63.13131313131313,1
1864,Branch_2137,6002,6153,401.60642570281124,1
1865,Branch_2138,5103,5451,2000.0,1
1866,Branch_2139,5103,6153,2000.0,1
1867,Branch_2140,2306,2643,38.2262996941896,1
1868,Branch_2141,3865,5896,59.95203836930455,1
1869,Branch_2142,6000,6152,401.60642570281124,1
1870,Branch_2143,5102,5449,2000.0,1
1871,Branch_2144,5102,6152,2000.0,1
1872,Branch_2145,5896,6460,85.1063829787234,1
1873,Branch_2146,1850,2516,2000.0,1
1874,Branch_2147,3865,3880,143.67816091954023,1
1875,Branch_2148,2104,2535,53.27650506126798,1
1876,Branch_2149,3865,3876,2000.0,1
1877,Branch_2150,2375,2650,12.292562999385371,1
1878,Branch_2151,2478,2656,26.99055330634278,1
1879,Branch_2152,3663,3851,123.30456226880395,1
1880,Branch_2153,2346,2581,31.289111389236545,1
1881,Branch_2154,1838,2337,236.96682464454977,1
1882,Branch_2155,1035,1039,228.83295194508008,1
1883,Branch_2156,1948,2232,72.62164124909224,1
1884,Branch_2157,3851,3880,176.3668430335097,1
1885,Branch_2158,7090,7388,22.49718785151856,1
1886,Branch_2159,2159,4316,65.91957811470007,1
1887,Branch_2160,2709,2998,66.53359946773121,1
1888,Branch_2161,2709,3125,115.47344110854503,1
1889,Branch_2162,3880,3884,2000.0,1
1890,Branch_2163,2827,3125,71.78750897343862,1
1891,Branch_2164,2383,2695,3.258390355164549,1
1892,Branch_2165,4316,6527,366.3003663003663,1
1893,Branch_2166,1879,2478,53.85029617662897,1
1894,Branch_2167,2342,2403,33.9097999321804,1
1895,Branch_2168,2313,2621,103.51966873706004,1
1896,Branch_2169,2712,3097,26.90341673392521,1
1897,Branch_2170,1803,2695,28.653295128939828,1
1898,Branch_2171,2906,3372,72.46376811594203,1
1899,Branch_2172,2906,2998,347.22222222222223,1
1900,Branch_2173,2159,4316,65.91957811470007,1
1901,Branch_2175,2141,8139,40.27386226339106,1
1902,Branch_2178,2205,2520,77.57951900698215,1
1903,Branch_2179,4316,6527,366.3003663003663,1
1904,Branch_2180,2424,2520,115.34025374855824,1
1905,Branch_2181,2208,2424,16.781339150864238,1
1906,Branch_2182,7430,7614,8.721437292865865,1
1907,Branch_2183,1926,2548,45.97701149425287,1
1908,Branch_2184,1035,1039,228.83295194508008,1
1909,Branch_2186,2097,2159,934.5794392523364,1
1910,Branch_2188,7388,7574,46.21072088724584,1
1911,Branch_2189,7364,7460,180.83182640144665,1
1912,Branch_2190,2097,2103,2000.0,1
1913,Branch_2191,7343,7430,19.098548510313215,1
1914,Branch_2192,2167,2494,327.8688524590164,1
1915,Branch_2193,2097,2569,64.93506493506493,1
1916,Branch_2194,6871,7292,85.25149190110827,1
1917,Branch_2195,1477,1489,31.565656565656564,1
1918,Branch_2196,3277,3327,7.008199593524424,1
1919,Branch_2197,6872,7555,42.229729729729726,1
1920,Branch_2198,3020,3350,14.83459427384661,1
1921,Branch_2199,2581,2656,53.39028296849973,1
1922,Branch_2200,2159,2569,61.05006105006105,1
1923,Branch_2202,7091,7274,184.84288354898337,1
1924,Branch_2203,7364,7714,36.04902667627974,1
1925,Branch_2204,7364,7555,38.80481179666278,1
1926,Branch_2205,7364,7549,41.597337770382694,1
1927,Branch_2207,7364,7645,71.27583749109051,1
1928,Branch_2208,2290,2322,147.92899408284023,1
1929,Branch_2209,2301,2551,30.202355783751134,1
1930,Branch_2210,3021,3061,13.335111348179757,1
1931,Branch_2211,1930,2556,21.50537634408602,1
1932,Branch_2213,3336,3432,73.96449704142012,1
1933,Branch_2214,8568,8572,106.83760683760684,1
1934,Branch_2215,2814,3289,14.200511218403863,1
1935,Branch_2216,8200,8308,34.904013961605585,1
1936,Branch_2218,2241,2276,19.331142470520007,1
1937,Branch_2219,2276,2631,111.48272017837235,1
1938,Branch_2220,1782,2277,164.20361247947454,1
1939,Branch_2221,3186,3436,28.37684449489217,1
1940,Branch_2222,3189,3508,62.893081761006286,1
1941,Branch_2223,9172,9805,1492.5373134328358,1
1942,Branch_2224,8316,8348,17.135023989033584,1
1943,Branch_2225,8347,8376,8.909479686386314,1
1944,Branch_2226,8334,8446,41.511000415110004,1
1945,Branch_2227,8334,8695,105.9322033898305,1
1946,Branch_2228,8440,8484,6.246486351427322,1
1947,Branch_2229,8043,8221,40.46944556859571,1
1948,Branch_2230,3002,3006,93.72071227741331,1
1949,Branch_2231,8434,8509,18.942981625307823,1
1950,Branch_2232,3995,4071,30.23888720895071,1
1951,Branch_2233,7555,7615,79.80845969672785,1
1952,Branch_2234,2185,2299,310.55900621118013,1
1953,Branch_2235,7364,7615,74.34944237918215,1
1954,Branch_2236,8200,9005,19.968051118210862,1
1955,Branch_2237,3246,3499,59.844404548174744,1
1956,Branch_2238,3002,3275,4.130183380142078,1
1957,Branch_2239,2113,2642,61.08735491753207,1
1958,Branch_2240,5229,5609,59.31198102016607,1
1959,Branch_2241,2379,2584,44.603033006244424,1
1960,Branch_2242,6736,7686,5.353319057815845,1
1961,Branch_2243,1831,2563,30.931023816888338,1
1962,Branch_2244,4571,5615,122.54901960784314,1
1963,Branch_2245,2224,2501,11.114816049794376,1
1964,Branch_2246,1776,2694,46.68534080298786,1
1965,Branch_2247,1999,2367,183.8235294117647,1
1966,Branch_2248,3186,3327,93.37068160597572,1
1967,Branch_2249,1838,2396,211.41649048625794,1
1968,Branch_2250,2049,2668,84.45945945945945,1
1969,Branch_2252,4328,6238,93.89671361502347,1
1970,Branch_2255,2049,2665,21.83406113537118,1
1971,Branch_2258,2000,2440,27.925160569673274,1
1972,Branch_2259,4559,6724,2000.0,1
1973,Branch_2260,2310,2661,41.61464835622139,1
1974,Branch_2261,5228,6238,1162.7906976744187,1
1975,Branch_2262,1837,2367,70.97232079489,1
1976,Branch_2263,4559,5229,101.01010101010101,1
1977,Branch_2264,4328,4559,892.8571428571429,1
1978,Branch_2265,2717,3246,196.46365422396858,1
1979,Branch_2266,2997,3598,4.05926527298559,1
1980,Branch_2267,4816,6238,2000.0,1
1981,Branch_2268,8305,8992,119.18951132300357,1
1982,Branch_2269,3186,3277,6.519754857217369,1
1983,Branch_2270,3677,4031,63.13131313131313,1
1984,Branch_2271,2127,2396,28.41716396703609,1
1985,Branch_2273,3995,5298,51.65289256198347,1
1986,Branch_2274,1838,2096,81.9672131147541,1
1987,Branch_2275,2127,2466,181.8181818181818,1
1988,Branch_2276,2248,2675,4.7447333459859555,1
1989,Branch_2277,5298,6243,2000.0,1
1990,Branch_2278,7225,7840,1265.8227848101267,1
1991,Branch_2279,7169,7840,172.41379310344828,1
1992,Branch_2280,7169,7597,42.42681374628766,1
1993,Branch_2281,7170,7225,636.9426751592357,1
1994,Branch_2282,6935,7170,268.81720430107526,1
1995,Branch_2283,6935,7597,40.22526146419952,1
1996,Branch_2284,6934,6935,103.62694300518135,1
1997,Branch_2285,7225,7983,613.4969325153374,1
1998,Branch_2286,7983,7984,613.4969325153374,1
1999,Branch_2287,3020,3436,13.498920086393088,1
2000,Branch_2288,5298,5593,181.48820326678765,1
2001,Branch_2289,2529,2643,41.82350480970305,1
2002,Branch_2290,2490,2646,36.99593044765076,1
2003,Branch_2291,1965,2493,10.895619960775768,1
2004,Branch_2292,2319,3186,27.210884353741495,1
2005,Branch_2293,3996,5298,51.20327700972862,1
2006,Branch_2294,3401,3445,80.32128514056225,1
2007,Branch_2296,2482,2647,67.56756756756756,1
2008,Branch_2297,4748,6247,2000.0,1
2009,Branch_2298,2433,2482,109.17030567685589,1
2010,Branch_2299,2508,2551,55.67928730512249,1
2011,Branch_2300,4490,4724,383.1417624521073,1
2012,Branch_2301,1764,2222,189.0359168241966,1
2013,Branch_2302,1764,1867,72.5689404934688,1
2014,Branch_2303,4748,5615,2000.0,1
2015,Branch_2304,5616,6018,84.60236886632826,1
2016,Branch_2305,2235,2366,31.27932436659368,1
2017,Branch_2307,4748,6018,79.74481658692186,1
2018,Branch_2308,2076,2127,2000.0,1
2019,Branch_2309,4983,6348,209.64360587002096,1
2020,Branch_2310,5654,6348,561.7977528089888,1
2021,Branch_2311,5615,5654,278.55153203342616,1
2022,Branch_2312,1970,2189,30.111412225233362,1
2023,Branch_2313,2185,2658,226.75736961451247,1
2024,Branch_2314,1889,2383,10.339123242349048,1
2025,Branch_2315,4717,4724,2000.0,1
2026,Branch_2316,1872,2598,613.4969325153374,1
2027,Branch_2317,2260,2263,45.578851412944395,1
2028,Branch_2318,5841,6495,128.2051282051282,1
2029,Branch_2319,5941,6495,127.8772378516624,1
2030,Branch_2320,4414,6458,342.4657534246575,1
2031,Branch_2321,5751,6286,268.81720430107526,1
2032,Branch_2322,5317,6286,253.16455696202533,1
2033,Branch_2323,5317,6136,381.6793893129771,1
2034,Branch_2324,5733,6286,287.35632183908046,1
2035,Branch_2325,4288,6136,381.6793893129771,1
2036,Branch_2327,4414,4489,103.30578512396694,1
2037,Branch_2328,4489,5751,125.31328320802005,1
2038,Branch_2329,4288,4729,495.0495049504951,1
2039,Branch_2330,4729,5941,793.6507936507936,1
2040,Branch_2331,2169,2260,2000.0,1
2041,Branch_2332,5841,6494,128.2051282051282,1
2042,Branch_2333,5942,6494,127.8772378516624,1
2043,Branch_2335,5316,6287,253.16455696202533,1
2044,Branch_2336,5581,6458,77.82101167315174,1
2045,Branch_2337,4490,5581,270.27027027027026,1
2046,Branch_2338,5750,6287,268.81720430107526,1
2047,Branch_2339,5732,6287,287.35632183908046,1
2048,Branch_2340,5316,6135,381.6793893129771,1
2049,Branch_2341,4289,6135,381.6793893129771,1
2050,Branch_2343,4724,5750,204.49897750511246,1
2051,Branch_2344,4730,5942,793.6507936507936,1
2052,Branch_2345,4289,4730,793.6507936507936,1
2053,Branch_2346,2170,2260,2000.0,1
2054,Branch_2347,2454,2564,7.746533426291735,1
2055,Branch_2348,1804,2441,120.77294685990339,1
2056,Branch_2350,2072,2127,2000.0,1
2057,Branch_2351,1934,2634,37.50937734433609,1
2058,Branch_2352,5318,5841,123.00123001230013,1
2059,Branch_2353,5318,6316,98.81422924901186,1
2060,Branch_2354,5546,6316,108.22510822510823,1
2061,Branch_2355,1946,1971,44.36557231588287,1
2062,Branch_2356,2297,2659,4.491354143274197,1
2063,Branch_2357,2001,2447,78.92659826361484,1
2064,Branch_2358,2183,2423,17.953321364452425,1
2065,Branch_2359,9210,9624,628.930817610063,1
2066,Branch_2360,9209,9624,602.4096385542168,1
2067,Branch_2361,2422,2671,21.968365553602812,1
2068,Branch_2362,2205,2422,12.934937265554263,1
2069,Branch_2363,2208,2509,36.1794500723589,1
2070,Branch_2364,3031,3277,82.98755186721992,1
2071,Branch_2365,2709,2998,66.44518272425249,1
2072,Branch_2366,5841,6590,80.25682182985554,1
2073,Branch_2367,5546,6590,140.0560224089636,1
2074,Branch_2368,2709,2827,44.20866489832007,1
2075,Branch_2369,7460,7618,34.48275862068966,1
2076,Branch_2370,7364,7617,72.25433526011561,1
2077,Branch_2371,9157,9624,2000.0,1
2078,Branch_2374,9158,9624,2000.0,1
2079,Branch_2375,1767,3484,41.1522633744856,1
2080,Branch_2376,1767,3485,41.11842105263158,1
2081,Branch_2377,3252,3277,15.211439002129602,1
2082,Branch_2378,5289,5353,2000.0,1
2083,Branch_2379,5353,6008,99.10802775024777,1
2084,Branch_2380,4279,6008,21.934634788330776,1
2085,Branch_2382,5289,6341,85.03401360544218,1
2086,Branch_2383,5806,6341,346.02076124567475,1
2087,Branch_2384,5528,5806,43.63001745200698,1
2088,Branch_2385,5331,5806,192.30769230769232,1
2089,Branch_2386,4538,6458,140.4494382022472,1
2090,Branch_2389,4538,9273,72.7802037845706,1
2091,Branch_2390,9171,9273,2000.0,1
2092,Branch_2392,4530,4538,2000.0,1
2093,Branch_2393,9171,9624,33.244680851063826,1
2094,Branch_2394,4695,4696,2000.0,1
2095,Branch_2395,4695,4697,2000.0,1
2096,Branch_2397,2709,2761,55.92841163310962,1
2097,Branch_2398,4279,6293,2000.0,1
2098,Branch_2401,6161,6267,33.818058843422385,1
2099,Branch_2402,6265,9676,1428.5714285714287,1
2100,Branch_2403,9624,9676,438.5964912280702,1
2101,Branch_2404,6265,6266,57.6036866359447,1
2102,Branch_2405,6266,6267,38.08073115003808,1
2103,Branch_2406,9386,9806,88.96797153024912,1
2104,Branch_2407,4454,6458,57.077625570776256,1
2105,Branch_2408,4454,6161,184.50184501845018,1
2106,Branch_2409,4674,6267,2000.0,1
2107,Branch_2410,4387,4589,60.97560975609756,1
2108,Branch_2413,4387,4894,19.37608990505716,1
2109,Branch_2414,4589,5019,2000.0,1
2110,Branch_2415,5019,5567,37.65060240963855,1
2111,Branch_2416,5058,5567,87.87346221441125,1
2112,Branch_2417,4453,5058,1162.7906976744187,1
2113,Branch_2418,4453,5912,96.24639076034649,1
2114,Branch_2419,5912,6458,140.0560224089636,1
2115,Branch_2420,4355,4894,62.77463904582549,1
2116,Branch_2421,3278,3614,401.60642570281124,1
2117,Branch_2422,2777,3525,24.177949709864603,1
2118,Branch_2423,4888,6658,283.28611898017,1
2119,Branch_2424,4888,5334,116.0092807424594,1
2120,Branch_2425,2021,2202,80.71025020177562,1
2121,Branch_2426,1925,2662,121.8026796589525,1
2122,Branch_2427,1792,2240,85.32423208191126,1
2123,Branch_2428,1953,2247,89.68609865470852,1
2124,Branch_2430,9386,9677,24.172105390379503,1
2125,Branch_2431,9624,9677,126.26262626262626,1
2126,Branch_2432,1929,2529,104.38413361169103,1
2127,Branch_2433,9677,9679,2000.0,1
2128,Branch_2434,1947,2265,47.39336492890995,1
2129,Branch_2435,4722,6068,103.09278350515464,1
2130,Branch_2436,2200,2622,15.349194167306216,1
2131,Branch_2437,9677,9678,2000.0,1
2132,Branch_2438,1928,1951,24.248302618816684,1
2133,Branch_2439,9501,9503,2000.0,1
2134,Branch_2440,2958,3252,40.88307440719542,1
2135,Branch_2441,1935,1983,19.282684149633628,1
2136,Branch_2442,9062,9196,146.19883040935673,1
2137,Branch_2444,9062,9501,28.530670470756064,1
2138,Branch_2445,1950,2693,32.552083333333336,1
2139,Branch_2446,9248,9501,57.77007510109763,1
2140,Branch_2447,1931,2293,66.00660066006601,1
2141,Branch_2448,4975,6244,76.21951219512195,1
2142,Branch_2449,6244,9248,15.728216420257942,1
2143,Branch_2450,2472,2567,40.899795501022496,1
2144,Branch_2453,5078,6640,27.51031636863824,1
2145,Branch_2454,4725,6640,757.5757575757576,1
2146,Branch_2455,4975,5078,81.69934640522875,1
2147,Branch_2456,1766,1790,22.639800769753226,1
2148,Branch_2458,9458,9624,60.38647342995169,1
2149,Branch_2459,1950,2500,102.04081632653062,1
2150,Branch_2461,5334,5746,55.80357142857143,1
2151,Branch_2462,29,2183,19.519812609798947,1
2152,Branch_2463,5595,5990,52.11047420531527,1
2153,Branch_2464,5595,5746,162.07455429497568,1
2154,Branch_2465,29,941,57.01254275940707,1
2155,Branch_2466,4929,5905,169.4915254237288,1
2156,Branch_2467,4929,5990,97.27626459143968,1
2157,Branch_2468,2958,3502,177.3049645390071,1
2158,Branch_2469,1927,1946,30.637254901960784,1
2159,Branch_2470,5730,5948,500.0,1
2160,Branch_2471,5908,5948,50.505050505050505,1
2161,Branch_2472,1947,2601,104.0582726326743,1
2162,Branch_2473,5908,5990,93.28358208955224,1
2163,Branch_2474,5905,5908,216.45021645021646,1
2164,Branch_2475,1948,2641,110.25358324145535,1
2165,Branch_2476,5730,5746,172.71157167530225,1
2166,Branch_2477,7548,7629,15.90836780146357,1
2167,Branch_2478,4279,6294,2000.0,1
2168,Branch_2479,4725,6294,26.26050420168067,1
2169,Branch_2480,2221,2322,199.20318725099602,1
2170,Branch_2481,4725,4752,2000.0,1
2171,Branch_2482,3499,3502,67.38544474393531,1
2172,Branch_2483,1966,2199,38.38771593090211,1
2173,Branch_2484,2958,3431,238.6634844868735,1
2174,Branch_2485,2337,2396,112.86681715575621,1
2175,Branch_2486,5553,6551,108.22510822510823,1
2176,Branch_2487,4571,6551,213.21961620469082,1
2177,Branch_2488,5519,5756,97.65625,1
2178,Branch_2489,6477,6698,143.67816091954023,1
2179,Branch_2490,5519,6698,529.1005291005291,1
2180,Branch_2491,5553,5756,112.2334455667789,1
2181,Branch_2492,5519,5756,97.65625,1
2182,Branch_2493,6477,9396,94.9667616334283,1
2183,Branch_2494,9070,9266,139.08205841446454,1
2184,Branch_2495,9070,9282,35.75259206292456,1
2185,Branch_2496,9266,9396,91.24087591240875,1
2186,Branch_2497,5519,6477,113.76564277588169,1
2187,Branch_2498,4336,6477,124.06947890818859,1
2188,Branch_2499,9266,9287,73.1528895391368,1
2189,Branch_2500,5756,6346,52.19206680584551,1
2190,Branch_2501,6167,6190,381.6793893129771,1
2191,Branch_2502,1965,2623,31.25,1
2192,Branch_2503,4983,5063,185.1851851851852,1
2193,Branch_2504,4571,5063,214.59227467811158,1
2194,Branch_2505,4293,5882,126.90355329949239,1
2195,Branch_2506,3309,3620,2000.0,1
2196,Branch_2507,3309,3620,2000.0,1
2197,Branch_2508,6109,6115,34.35245620061834,1
2198,Branch_2510,3620,6115,112.2334455667789,1
2199,Branch_2512,3472,3620,88.261253309797,1
2200,Branch_2513,3256,3372,64.26735218508998,1
2201,Branch_2514,6109,6121,41.597337770382694,1
2202,Branch_2515,6115,6121,142.04545454545453,1
2203,Branch_2516,3372,3448,185.87360594795538,1
2204,Branch_2517,6167,6346,274.72527472527474,1
2205,Branch_2518,6042,6167,2000.0,1
2206,Branch_2519,3147,6109,14.486455164421265,1
2207,Branch_2520,3147,3372,98.71668311944718,1
2208,Branch_2521,8151,8568,33.3667000333667,1
2209,Branch_2522,5756,6109,34.45899379738112,1
2210,Branch_2524,5756,6256,52.826201796090864,1
2211,Branch_2525,5553,5756,112.2334455667789,1
2212,Branch_2526,2877,3372,1333.3333333333333,1
2213,Branch_2527,7266,7946,52.54860746190226,1
2214,Branch_2530,6760,7946,178.25311942959001,1
2215,Branch_2532,2877,7266,53.1632110579479,1
2216,Branch_2535,6760,6850,121.95121951219512,1
2217,Branch_2536,6850,7350,84.60236886632826,1
2218,Branch_2537,7295,7332,2000.0,1
2219,Branch_2538,7296,7332,2000.0,1
2220,Branch_2539,7313,7332,2000.0,1
2221,Branch_2541,7313,7922,787.4015748031496,1
2222,Branch_2542,3372,7161,29.197080291970803,1
2223,Branch_2547,7332,7922,552.4861878453039,1
2224,Branch_2550,3372,7378,57.6036866359447,1
2225,Branch_2553,7161,7378,60.16847172081829,1
2226,Branch_2554,3472,6115,45.12635379061372,1
2227,Branch_2555,3448,3472,68.63417982155113,1
2228,Branch_2556,7161,7692,157.9778830963665,1
2229,Branch_2557,1804,2089,22.763487366264513,1
2230,Branch_2558,5635,6623,72.04610951008645,1
2231,Branch_2559,6623,6728,94.87666034155598,1
2232,Branch_2560,5407,5756,91.49130832570906,1
2233,Branch_2561,5756,6346,52.19206680584551,1
2234,Branch_2562,4571,6346,47.192071731949035,1
2235,Branch_2563,2719,3154,79.23930269413628,1
2236,Branch_2564,7378,7652,69.39625260235947,1
2237,Branch_2565,1976,2621,22.29157378510923,1
2238,Branch_2566,2353,5178,59.13660555884092,1
2239,Branch_2567,2353,5178,59.13660555884092,1
2240,Branch_2568,5348,6479,671.1409395973154,1
2241,Branch_2569,4232,6479,1315.7894736842106,1
2242,Branch_2571,5260,9035,30.48780487804878,1
2243,Branch_2572,5020,5528,1408.4507042253522,1
2244,Branch_2573,9037,9140,120.91898428053204,1
2245,Branch_2574,5260,9177,66.711140760507,1
2246,Branch_2575,9140,9223,46.66355576294914,1
2247,Branch_2576,5179,6654,22.670596236681025,1
2248,Branch_2577,5179,5260,25.12562814070352,1
2249,Branch_2578,9037,9813,7.316359379572725,1
2250,Branch_2579,5020,5179,151.05740181268882,1
2251,Branch_2580,9177,9813,54.054054054054056,1
2252,Branch_2581,7028,7829,2000.0,1
2253,Branch_2582,2306,2666,52.576235541535226,1
2254,Branch_2583,7416,7565,70.57163020465772,1
2255,Branch_2584,7461,7607,53.27650506126798,1
2256,Branch_2585,7416,7461,68.68131868131869,1
2257,Branch_2586,7416,7532,87.10801393728222,1
2258,Branch_2587,6938,7096,2000.0,1
2259,Branch_2588,7028,7096,36.87315634218289,1
2260,Branch_2589,6854,7565,16.149870801033593,1
2261,Branch_2590,6854,7028,361.01083032490976,1
2262,Branch_2591,6732,6750,78.74015748031496,1
2263,Branch_2592,6750,7447,1851.851851851852,1
2264,Branch_2593,6732,7264,53.908355795148246,1
2265,Branch_2594,6732,7607,27.35229759299781,1
2266,Branch_2595,7362,7447,21.64970772894566,1
2267,Branch_2596,6887,6919,2000.0,1
2268,Branch_2597,7565,7591,21.496130696474633,1
2269,Branch_2598,6887,7116,51.733057423693744,1
2270,Branch_2599,7116,7591,22.22716159146477,1
2271,Branch_2600,7573,7636,34.08316291751875,1
2272,Branch_2601,6886,7636,11.603620329542817,1
2273,Branch_2602,7636,7642,2000.0,1
2274,Branch_2603,6886,6919,2000.0,1
2275,Branch_2604,6938,7515,96.24639076034649,1
2276,Branch_2605,7515,7565,14.353380221042055,1
2277,Branch_2606,6938,7097,2000.0,1
2278,Branch_2607,7097,7518,17.5530981218185,1
2279,Branch_2608,7133,7565,39.96802557953637,1
2280,Branch_2609,7133,7518,144.3001443001443,1
2281,Branch_2610,6766,7133,2000.0,1
2282,Branch_2611,1971,2660,90.09009009009009,1
2283,Branch_2612,2717,2958,18.08972503617945,1
2284,Branch_2613,4029,4327,68.1663258350375,1
2285,Branch_2614,6777,7287,19.63093835885355,1
2286,Branch_2615,6860,7543,116.95906432748538,1
2287,Branch_2616,7495,7758,1492.5373134328358,1
2288,Branch_2617,6777,7758,87.48906386701663,1
2289,Branch_2618,6777,7827,22.045855379188712,1
2290,Branch_2619,7287,7543,48.899755501222494,1
2291,Branch_2620,7287,7480,22.060445621001545,1
2292,Branch_2621,7510,7543,917.4311926605504,1
2293,Branch_2622,6860,7616,34.9283967865875,1
2294,Branch_2623,7565,7616,14.442518775274408,1
2295,Branch_2624,6875,7767,23.408239700374533,1
2296,Branch_2625,7423,7767,564.9717514124294,1
2297,Branch_2626,6958,7767,46.468401486988846,1
2298,Branch_2627,6938,6958,2000.0,1
2299,Branch_2628,6875,7022,41.22011541632317,1
2300,Branch_2629,5555,6485,56.14823133071308,1
2301,Branch_2630,6860,7719,48.85197850512946,1
2302,Branch_2631,7022,7719,25.157232704402517,1
2303,Branch_2632,6860,7362,10.860121633362294,1
2304,Branch_2633,7451,7565,17.238407171177382,1
2305,Branch_2634,7362,7451,43.78283712784589,1
2306,Branch_2635,2584,2646,30.740854595757764,1
2307,Branch_2636,5635,5707,50.53057099545225,1
2308,Branch_2637,5765,6525,76.68711656441718,1
2309,Branch_2638,5707,6666,892.8571428571429,1
2310,Branch_2639,5765,6666,1265.8227848101267,1
2311,Branch_2640,5554,6485,56.14823133071308,1
2312,Branch_2641,7564,7565,37.835792659856224,1
2313,Branch_2642,6837,7564,33.9097999321804,1
2314,Branch_2643,6837,6938,38.955979742890534,1
2315,Branch_2644,6860,7428,31.645569620253166,1
2316,Branch_2647,5392,5554,2000.0,1
2317,Branch_2648,6393,6619,188.32391713747646,1
2318,Branch_2649,5392,6393,62.814070351758794,1
2319,Branch_2650,5527,6619,74.23904974016332,1
2320,Branch_2651,5157,5527,129.19896640826875,1
2321,Branch_2652,5157,6368,606.060606060606,1
2322,Branch_2653,5993,6368,387.5968992248062,1
2323,Branch_2654,4456,6368,259.7402597402597,1
2324,Branch_2655,5634,6619,128.53470437017995,1
2325,Branch_2656,4917,5634,118.48341232227489,1
2326,Branch_2657,6465,6619,220.7505518763797,1
2327,Branch_2659,5768,6465,220.7505518763797,1
2328,Branch_2660,4614,6465,111.85682326621924,1
2329,Branch_2661,7548,7665,64.18485237483954,1
2330,Branch_2662,5391,5555,2000.0,1
2331,Branch_2663,6392,6619,188.32391713747646,1
2332,Branch_2664,5391,6392,62.814070351758794,1
2333,Branch_2665,5526,6619,76.4525993883792,1
2334,Branch_2666,5158,5526,129.87012987012986,1
2335,Branch_2667,5158,6369,432.9004329004329,1
2336,Branch_2668,5994,6369,387.5968992248062,1
2337,Branch_2669,4456,6369,259.7402597402597,1
2338,Branch_2670,5633,6619,128.53470437017995,1
2339,Branch_2671,4917,5633,118.48341232227489,1
2340,Branch_2672,6466,6619,220.7505518763797,1
2341,Branch_2674,5767,6466,220.7505518763797,1
2342,Branch_2675,4613,6466,111.73184357541899,1
2343,Branch_2676,5235,5554,45.31037607612143,1
2344,Branch_2677,5165,5235,139.4700139470014,1
2345,Branch_2678,5348,6433,192.30769230769232,1
2346,Branch_2679,5235,6433,76.74597083653109,1
2347,Branch_2680,7281,7959,131.23359580052494,1
2348,Branch_2681,3256,3472,259.7402597402597,1
2349,Branch_2683,6791,7329,35.91954022988506,1
2350,Branch_2684,5236,5555,44.24778761061947,1
2351,Branch_2685,5164,5236,139.4700139470014,1
2352,Branch_2686,5236,6432,75.7002271006813,1
2353,Branch_2687,6976,7746,92.42144177449168,1
2354,Branch_2688,6961,6976,33.5345405767941,1
2355,Branch_2689,7044,7746,90.25270758122744,1
2356,Branch_2690,6961,7117,21.34471718249733,1
2357,Branch_2691,7044,7079,24.342745861733203,1
2358,Branch_2693,7044,7963,26.910656620021527,1
2359,Branch_2694,7960,7963,53.676865271068166,1
2360,Branch_2695,7963,7964,32.66906239790918,1
2361,Branch_2696,7964,7966,1098.901098901099,1
2362,Branch_2697,7117,7960,70.92198581560284,1
2363,Branch_2701,7044,7051,1492.5373134328358,1
2364,Branch_2702,6836,7342,33.87533875338753,1
2365,Branch_2703,7342,7594,19.286403085824492,1
2366,Branch_2707,7153,7392,56.46527385657821,1
2367,Branch_2708,7172,7687,30.807147258163894,1
2368,Branch_2709,7172,7392,1190.4761904761904,1
2369,Branch_2710,7172,7913,1351.3513513513512,1
2370,Branch_2711,7152,7913,65.96306068601584,1
2371,Branch_2712,7941,7959,1388.888888888889,1
2372,Branch_2713,7594,7941,42.716787697565145,1
2373,Branch_2715,6836,7791,2000.0,1
2374,Branch_2716,7043,7791,28.92681515765114,1
2375,Branch_2717,7043,7687,56.46527385657821,1
2376,Branch_2718,7040,7201,2000.0,1
2377,Branch_2719,6961,7807,289.01734104046244,1
2378,Branch_2720,4794,6728,2000.0,1
2379,Branch_2723,7664,7745,31.826861871419478,1
2380,Branch_2725,7395,7664,65.74621959237344,1
2381,Branch_2726,7044,7745,207.0393374741201,1
2382,Branch_2727,7225,7395,34.57814661134163,1
2383,Branch_2728,6961,7557,95.69377990430623,1
2384,Branch_2729,6977,7557,51.62622612287042,1
2385,Branch_2730,6977,7044,45.97701149425287,1
2386,Branch_2733,7757,7828,173.61111111111111,1
2387,Branch_2734,7407,7757,27.731558513588464,1
2388,Branch_2736,7225,7828,28.74389192296637,1
2389,Branch_2738,7445,7748,2000.0,1
2390,Branch_2739,7044,7407,175.7469244288225,1
2391,Branch_2740,6961,7749,105.04201680672269,1
2392,Branch_2742,6975,7514,81.43322475570032,1
2393,Branch_2745,7514,7594,102.24948875255623,1
2394,Branch_2748,6975,7435,15.377518068583731,1
2395,Branch_2749,6763,6927,99.50248756218906,1
2396,Branch_2750,6822,6927,26.448029621793175,1
2397,Branch_2752,7041,7135,67.24949562878278,1
2398,Branch_2753,6961,7226,16.49620587264929,1
2399,Branch_2754,7135,7201,19.256691700365877,1
2400,Branch_2755,7042,7226,32.59452411994785,1
2401,Branch_2758,6961,7743,227.79043280182233,1
2402,Branch_2760,7782,7881,349.65034965034965,1
2403,Branch_2761,6888,7881,27.114967462039047,1
2404,Branch_2762,7235,7743,230.4147465437788,1
2405,Branch_2763,6888,7235,32.927230819888045,1
2406,Branch_2764,7235,7236,2000.0,1
2407,Branch_2765,6961,7768,74.73841554559043,1
2408,Branch_2766,7102,7768,266.6666666666667,1
2409,Branch_2767,7041,7770,14.539110206455366,1
2410,Branch_2768,7042,7134,67.24949562878278,1
2411,Branch_2771,7102,7770,349.65034965034965,1
2412,Branch_2773,7134,7201,19.256691700365877,1
2413,Branch_2774,1939,2201,32.81916639317361,1
2414,Branch_2775,7505,7659,316.45569620253167,1
2415,Branch_2776,7496,7898,140.64697609001408,1
2416,Branch_2778,7054,7496,71.17437722419929,1
2417,Branch_2779,7496,7659,448.4304932735426,1
2418,Branch_2780,7626,7749,171.82130584192439,1
2419,Branch_2781,7626,7627,2000.0,1
2420,Branch_2782,7505,7659,892.8571428571429,1
2421,Branch_2783,7626,7628,2000.0,1
2422,Branch_2784,7054,7626,88.73114463176574,1
2423,Branch_2785,7782,7799,1785.7142857142858,1
2424,Branch_2786,6729,7748,51.51983513652756,1
2425,Branch_2787,6729,7772,75.35795026375283,1
2426,Branch_2788,7772,7782,1587.3015873015872,1
2427,Branch_2789,7771,7782,1587.3015873015872,1
2428,Branch_2790,7748,7771,30.03003003003003,1
2429,Branch_2791,7044,7055,324.6753246753247,1
2430,Branch_2792,6108,9607,7.468817686160281,1
2431,Branch_2793,9263,9607,17.006802721088434,1
2432,Branch_2794,7044,7056,324.6753246753247,1
2433,Branch_2795,7594,7944,17.975912277548087,1
2434,Branch_2796,7766,7782,30.98853424233034,1
2435,Branch_2797,7766,7898,534.75935828877,1
2436,Branch_2798,6961,7001,26.089225150013046,1
2437,Branch_2799,7001,7007,26.35740643120717,1
2438,Branch_2800,2011,2549,22.660321776569226,1
2439,Branch_2801,5635,6622,72.04610951008645,1
2440,Branch_2802,6622,6728,95.60229445506693,1
2441,Branch_2803,9265,9793,45.87155963302752,1
2442,Branch_2804,3087,7944,10.463534581981794,1
2443,Branch_2805,9263,9793,46.403712296983755,1
2444,Branch_2806,9263,9606,53.44735435595938,1
2445,Branch_2807,9606,9770,2000.0,1
2446,Branch_2808,7944,7945,2000.0,1
2447,Branch_2809,7152,7945,39.87240829346093,1
2448,Branch_2810,9155,9265,70.4225352112676,1
2449,Branch_2811,9155,9170,44.20866489832007,1
2450,Branch_2812,2008,2225,138.50415512465375,1
2451,Branch_2813,9156,9263,70.4225352112676,1
2452,Branch_2814,9041,9156,243.90243902439025,1
2453,Branch_2815,9041,9170,43.421623968736434,1
2454,Branch_2816,9223,9265,35.574528637495554,1
2455,Branch_2817,1970,2506,64.85084306095979,1
2456,Branch_2818,5415,6500,28.1135788585887,1
2457,Branch_2819,4282,6500,214.59227467811158,1
2458,Branch_2820,5090,6108,13.539128080151638,1
2459,Branch_2821,5090,5271,282.4858757062147,1
2460,Branch_2822,4282,5090,18.66019779809666,1
2461,Branch_2823,4568,5415,1176.4705882352941,1
2462,Branch_2824,6366,6485,101.5228426395939,1
2463,Branch_2825,4332,5405,400.0,1
2464,Branch_2826,4444,6366,200.0,1
2465,Branch_2827,4332,4887,38.49114703618168,1
2466,Branch_2828,4444,4887,28.555111364934323,1
2467,Branch_2829,4444,5825,200.0,1
2468,Branch_2831,2367,2662,45.80852038479157,1
2469,Branch_2832,6365,6485,101.5228426395939,1
2470,Branch_2833,4886,5405,34.55425017277125,1
2471,Branch_2834,4886,6171,21.299254526091588,1
2472,Branch_2836,6171,6365,60.42296072507553,1
2473,Branch_2837,4194,4948,156.98587127158555,1
2474,Branch_2838,4194,4934,109.40919037199124,1
2475,Branch_2839,4948,6485,78.125,1
2476,Branch_2840,5503,5650,2000.0,1
2477,Branch_2841,4934,5650,192.67822736030828,1
2478,Branch_2842,2447,2453,18.24484583105273,1
2479,Branch_2843,3361,3445,42.973785990545764,1
2480,Branch_2844,4241,5616,122.54901960784314,1
2481,Branch_2845,5307,6183,2000.0,1
2482,Branch_2846,5662,6183,95.51098376313276,1
2483,Branch_2847,5629,5662,167.78523489932886,1
2484,Branch_2848,5629,5712,181.8181818181818,1
2485,Branch_2849,7597,7827,109.2896174863388,1
2486,Branch_2850,7428,7597,9.523809523809524,1
2487,Branch_2851,6747,6872,1250.0,1
2488,Branch_2854,4946,5493,546.448087431694,1
2489,Branch_2855,5493,6728,112.86681715575621,1
2490,Branch_2856,7125,7597,19.774569903104606,1
2491,Branch_2858,3029,3087,19.48178453146308,1
2492,Branch_2859,3029,3439,45.289855072463766,1
2493,Branch_2860,3439,7355,17.301038062283737,1
2494,Branch_2861,7355,7560,64.06149903907752,1
2495,Branch_2862,6778,7560,12.84191601386927,1
2496,Branch_2863,6778,7573,27.862914460852604,1
2497,Branch_2864,6871,7443,1000.0,1
2498,Branch_2865,3089,3497,26.852846401718583,1
2499,Branch_2866,3090,3497,26.852846401718583,1
2500,Branch_2867,6871,7343,67.93478260869566,1
2501,Branch_2868,3567,3615,6.019020103527146,1
2502,Branch_2869,3142,3615,18.6046511627907,1
2503,Branch_2870,3087,3567,81.03727714748784,1
2504,Branch_2871,2962,3087,17.1909919202338,1
2505,Branch_2872,2451,2518,60.45949214026602,1
2506,Branch_2873,2962,3538,2000.0,1
2507,Branch_2874,3188,3358,186.21973929236498,1
2508,Branch_2875,3188,3538,26.364355391510678,1
2509,Branch_2876,7039,7782,29.886431560071728,1
2510,Branch_2877,7039,7201,63.13131313131313,1
2511,Branch_2878,7201,7782,21.547080370609784,1
2512,Branch_2879,2777,3353,21.321961620469082,1
2513,Branch_2880,7499,7594,219.78021978021977,1
2514,Branch_2881,7068,7499,35.61253561253561,1
2515,Branch_2883,2878,7068,7.980209081477935,1
2516,Branch_2885,6191,6345,19.557989438685702,1
2517,Branch_2886,6979,7584,793.6507936507936,1
2518,Branch_2887,7176,7551,471.6981132075472,1
2519,Branch_2888,7177,7190,28.793550244745177,1
2520,Branch_2889,6791,7399,68.7757909215956,1
2521,Branch_2890,7176,7399,53.648068669527895,1
2522,Branch_2891,7397,7399,118.76484560570071,1
2523,Branch_2893,6978,6979,272.47956403269757,1
2524,Branch_2894,7176,7190,709.2198581560284,1
2525,Branch_2896,7154,7177,30.91190108191654,1
2526,Branch_2897,2337,2396,100.0,1
2527,Branch_2900,4946,5492,546.448087431694,1
2528,Branch_2901,5492,6728,117.78563015312132,1
2529,Branch_2902,4249,5047,153.84615384615384,1
2530,Branch_2905,4249,5510,123.45679012345678,1
2531,Branch_2906,4509,5047,207.4688796680498,1
2532,Branch_2907,5405,6248,56.274620146314014,1
2533,Branch_2908,4249,6248,92.08103130755065,1
2534,Branch_2909,4777,6473,1111.111111111111,1
2535,Branch_2910,4777,6474,1111.111111111111,1
2536,Branch_2911,4333,5405,505.050505050505,1
2537,Branch_2912,5509,5577,123.45679012345678,1
2538,Branch_2913,5046,5577,153.37423312883436,1
2539,Branch_2915,4509,5046,207.4688796680498,1
2540,Branch_2916,4333,6249,62.5,1
2541,Branch_2917,5577,6249,92.16589861751152,1
2542,Branch_2918,1981,1982,33.3000333000333,1
2543,Branch_2919,4509,5602,38.051750380517504,1
2544,Branch_2920,4357,5602,273.224043715847,1
2545,Branch_2921,4357,5601,273.224043715847,1
2546,Branch_2922,5601,6209,99.10802775024777,1
2547,Branch_2923,6160,6209,122.85012285012284,1
2548,Branch_2924,5900,6160,2000.0,1
2549,Branch_2925,5900,6210,122.85012285012284,1
2550,Branch_2926,4509,6210,51.92107995846314,1
2551,Branch_2927,4357,4467,61.42506142506142,1
2552,Branch_2928,4431,5038,42.69854824935952,1
2553,Branch_2929,4431,4467,56.49717514124294,1
2554,Branch_2930,5038,5973,71.73601147776183,1
2555,Branch_2931,4467,6172,2000.0,1
2556,Branch_2934,4357,4466,61.42506142506142,1
2557,Branch_2935,4466,5037,24.993751562109473,1
2558,Branch_2936,5037,5973,71.73601147776183,1
2559,Branch_2937,4466,6173,2000.0,1
2560,Branch_2942,5152,5405,22.88329519450801,1
2561,Branch_2943,5239,6324,43.29004329004329,1
2562,Branch_2944,5152,5239,64.18485237483954,1
2563,Branch_2946,4357,5405,45.578851412944395,1
2564,Branch_2948,5302,5405,432.9004329004329,1
2565,Branch_2949,4357,5302,50.94243504839531,1
2566,Branch_2950,5302,5664,2000.0,1
2567,Branch_2952,8495,8873,1298.7012987012988,1
2568,Branch_2953,4646,5360,48.87585532746823,1
2569,Branch_2954,4646,5458,869.5652173913044,1
2570,Branch_2955,2719,2783,25.806451612903224,1
2571,Branch_2957,3023,3034,148.3679525222552,1
2572,Branch_2958,2783,3023,409.8360655737705,1
2573,Branch_2959,3023,3517,13.426423200859292,1
2574,Branch_2960,3509,3517,18.733608092918697,1
2575,Branch_2961,2878,3517,20.128824476650564,1
2576,Branch_2962,4242,5077,63.89776357827476,1
2577,Branch_2963,5077,5400,269.54177897574124,1
2578,Branch_2964,4456,5077,359.71223021582733,1
2579,Branch_2965,4456,4848,31.575623618566468,1
2580,Branch_2966,4848,5458,60.09615384615385,1
2581,Branch_2967,4242,4702,66.53359946773121,1
2582,Branch_2968,4456,4702,1612.9032258064517,1
2583,Branch_2969,3432,6409,17.36714136853074,1
2584,Branch_2970,3431,3445,55.67928730512249,1
2585,Branch_2971,5166,6041,65.83278472679395,1
2586,Branch_2972,4206,5360,478.4688995215311,1
2587,Branch_2973,4206,5699,191.20458891013385,1
2588,Branch_2974,5199,6041,84.88964346349745,1
2589,Branch_2975,4242,5741,110.98779134295228,1
2590,Branch_2976,5741,6282,144.3001443001443,1
2591,Branch_2977,5699,5741,131.75230566534916,1
2592,Branch_2978,5659,5699,151.74506828528072,1
2593,Branch_2979,4206,5166,89.20606601248885,1
2594,Branch_2980,4242,4456,123.76237623762377,1
2595,Branch_2981,4242,4456,125.94458438287154,1
2596,Branch_2983,1934,2385,38.71467286101432,1
2597,Branch_2984,4898,5635,175.7469244288225,1
2598,Branch_2985,5240,6481,52.11047420531527,1
2599,Branch_2986,4898,6481,27.495188342040144,1
2600,Branch_2987,4242,5985,114.5475372279496,1
2601,Branch_2988,5360,5698,131.75230566534916,1
2602,Branch_2989,5985,6283,144.3001443001443,1
2603,Branch_2990,5698,5985,123.15270935960591,1
2604,Branch_2991,5658,5698,151.74506828528072,1
2605,Branch_2992,4458,5276,25.980774227071965,1
2606,Branch_2993,4531,5276,18.040772145047807,1
2607,Branch_2994,7435,7683,40.27386226339106,1
2608,Branch_2996,7839,7959,64.22607578676943,1
2609,Branch_2997,7683,7839,33.97893306150187,1
2610,Branch_2998,6904,7665,89.20606601248885,1
2611,Branch_3001,4984,5309,39.61965134706814,1
2612,Branch_3002,5630,6577,144.7178002894356,1
2613,Branch_3003,5630,5713,181.8181818181818,1
2614,Branch_3004,5414,6577,103.09278350515464,1
2615,Branch_3005,5309,5414,507.61421319796955,1
2616,Branch_3006,4456,4701,1694.915254237288,1
2617,Branch_3007,4701,5663,296.7359050445104,1
2618,Branch_3008,5399,5663,485.43689320388347,1
2619,Branch_3010,6881,7871,21.50537634408602,1
2620,Branch_3011,6928,6929,862.0689655172414,1
2621,Branch_3012,7712,7871,101.9367991845056,1
2622,Branch_3013,4979,5650,649.3506493506494,1
2623,Branch_3014,4231,4979,877.1929824561404,1
2624,Branch_3015,7388,7714,29.533372711163615,1
2625,Branch_3017,6987,7774,1351.3513513513512,1
2626,Branch_3018,7393,7437,37.243947858473,1
2627,Branch_3020,6755,7593,32.44646333549643,1
2628,Branch_3021,7361,7393,2000.0,1
2629,Branch_3022,7593,7904,23.803856224708404,1
2630,Branch_3023,7386,7904,1492.5373134328358,1
2631,Branch_3026,6755,7361,63.09148264984227,1
2632,Branch_3028,6920,7593,17.796760989499912,1
2633,Branch_3029,7221,7329,454.54545454545456,1
2634,Branch_3030,7221,7393,17.86352268667381,1
2635,Branch_3031,7221,7479,2000.0,1
2636,Branch_3032,7361,7985,197.62845849802372,1
2637,Branch_3033,6767,7985,793.6507936507936,1
2638,Branch_3034,7985,7987,869.5652173913044,1
2639,Branch_3035,6755,7437,2000.0,1
2640,Branch_3036,7221,7986,17.86352268667381,1
2641,Branch_3037,6932,7714,434.7826086956522,1
2642,Branch_3039,7161,7922,125.31328320802005,1
2643,Branch_3040,7876,7878,19.63093835885355,1
2644,Branch_3041,7420,7876,23.946360153256705,1
2645,Branch_3042,7038,7420,22.114108801415302,1
2646,Branch_3043,6881,7038,45.16711833785005,1
2647,Branch_3044,1903,2166,36.79175864606328,1
2648,Branch_3045,5415,5773,19.849146486701073,1
2649,Branch_3046,4196,5773,389.10505836575874,1
2650,Branch_3047,4200,5773,13.563000135630002,1
2651,Branch_3050,4567,5415,1176.4705882352941,1
2652,Branch_3051,4196,4771,86.88097306689835,1
2653,Branch_3053,4200,6108,26.53927813163482,1
2654,Branch_3054,4272,4651,31.113876789047914,1
2655,Branch_3055,4651,6095,2000.0,1
2656,Branch_3056,1983,1989,24.582104228121928,1
2657,Branch_3057,7692,7922,584.7953216374269,1
2658,Branch_3058,6108,6321,47.34848484848485,1
2659,Branch_3059,5222,6321,141.84397163120568,1
2660,Branch_3060,4225,5224,15.453562046051616,1
2661,Branch_3062,4829,6424,2000.0,1
2662,Branch_3063,5459,6108,13.157894736842104,1
2663,Branch_3064,5459,9084,6.531252041016263,1
2664,Branch_3065,4771,5498,17.394329448599755,1
2665,Branch_3066,5498,6095,35.99712023038157,1
2666,Branch_3067,1991,2582,34.141345168999656,1
2667,Branch_3068,5360,5666,101.6260162601626,1
2668,Branch_3069,5348,5666,58.8235294117647,1
2669,Branch_3070,5181,5360,38.47633705271258,1
2670,Branch_3071,4233,5181,961.5384615384615,1
2671,Branch_3072,6908,7714,245.7002457002457,1
2672,Branch_3073,3184,3401,41.01722723543888,1
2673,Branch_3074,5272,5812,61.34969325153374,1
2674,Branch_3075,5360,5388,73.31378299120234,1
2675,Branch_3076,4266,5388,117.9245283018868,1
2676,Branch_3077,5388,5812,131.92612137203167,1
2677,Branch_3078,5221,5272,130.54830287206266,1
2678,Branch_3079,4509,5221,130.54830287206266,1
2679,Branch_3080,5504,6180,2000.0,1
2680,Branch_3081,4266,6181,29.04443799012489,1
2681,Branch_3082,5650,6181,2000.0,1
2682,Branch_3083,4509,5951,116.95906432748538,1
2683,Branch_3084,5505,5650,2000.0,1
2684,Branch_3085,5505,5951,74.1839762611276,1
2685,Branch_3086,5220,5811,41.98152812762385,1
2686,Branch_3087,5360,6447,75.41478129713424,1
2687,Branch_3088,4265,5348,44.563279857397504,1
2688,Branch_3089,4265,6447,117.9245283018868,1
2689,Branch_3090,5811,6447,132.80212483399734,1
2690,Branch_3091,4509,5220,180.50541516245488,1
2691,Branch_3092,5635,5952,52.52100840336134,1
2692,Branch_3093,4999,5688,131.75230566534916,1
2693,Branch_3095,4197,5280,176.05633802816902,1
2694,Branch_3096,5280,5687,136.4256480218281,1
2695,Branch_3097,4547,5240,374.53183520599254,1
2696,Branch_3098,4197,4962,221.23893805309734,1
2697,Branch_3099,5687,5735,125.62814070351759,1
2698,Branch_3100,4494,4962,185.5287569573284,1
2699,Branch_3101,4494,6376,89.44543828264759,1
2700,Branch_3102,4547,5735,115.47344110854503,1
2701,Branch_3103,4809,4999,77.51937984496124,1
2702,Branch_3104,4809,5952,67.15916722632639,1
2703,Branch_3105,5946,6493,111.73184357541899,1
2704,Branch_3106,5712,5946,104.0582726326743,1
2705,Branch_3107,5219,5360,133.33333333333334,1
2706,Branch_3108,5219,6493,153.84615384615384,1
2707,Branch_3109,5713,5947,103.95010395010395,1
2708,Branch_3110,5360,5947,43.55400696864111,1
2709,Branch_3111,2007,2008,92.67840593141798,1
2710,Branch_3112,4548,5240,374.53183520599254,1
2711,Branch_3113,5688,5734,125.62814070351759,1
2712,Branch_3114,4548,5734,115.47344110854503,1
2713,Branch_3115,7077,7362,36.96857670979667,1
2714,Branch_3116,7077,7507,1298.7012987012988,1
2715,Branch_3118,6846,7077,675.6756756756756,1
2716,Branch_3120,6846,7641,31.104199066874028,1
2717,Branch_3121,6970,7641,19.584802193497847,1
2718,Branch_3122,6881,6970,18.21161901293025,1
2719,Branch_3123,2743,2959,47.192071731949035,1
2720,Branch_3124,3573,9168,10.382059800664452,1
2721,Branch_3125,2847,3573,29.18855808523059,1
2722,Branch_3126,2847,2959,2000.0,1
2723,Branch_3127,2720,2965,259.7402597402597,1
2724,Branch_3128,2720,3266,92.7643784786642,1
2725,Branch_3129,2959,3266,173.61111111111111,1
2726,Branch_3130,1867,2007,45.97701149425287,1
2727,Branch_3131,7373,7571,103.30578512396694,1
2728,Branch_3132,7362,7373,49.62779156327544,1
2729,Branch_3133,7349,7373,20.0,1
2730,Branch_3134,4273,5769,869.5652173913044,1
2731,Branch_3135,4273,6620,313.47962382445144,1
2732,Branch_3136,4273,4312,44.9842555105713,1
2733,Branch_3137,5443,5953,122.85012285012284,1
2734,Branch_3138,5360,6581,92.08103130755065,1
2735,Branch_3139,4210,5443,60.09615384615385,1
2736,Branch_3140,4210,5454,153.60983102918587,1
2737,Branch_3141,5454,5865,129.87012987012986,1
2738,Branch_3142,4312,5953,172.1170395869191,1
2739,Branch_3143,5454,6581,2000.0,1
2740,Branch_3144,5247,6620,704.2253521126761,1
2741,Branch_3145,5247,5712,108.57763300760044,1
2742,Branch_3146,3029,3211,56.08524957936063,1
2743,Branch_3147,3103,3211,20.036064916850332,1
2744,Branch_3148,2743,3103,32.62642740619902,1
2745,Branch_3149,2965,3358,108.22510822510823,1
2746,Branch_3150,3533,4337,94.07337723424271,1
2747,Branch_3151,9247,9735,98.81422924901186,1
2748,Branch_3152,9225,9247,127.7139208173691,1
2749,Branch_3153,9147,9793,228.83295194508008,1
2750,Branch_3154,9170,9735,70.8215297450425,1
2751,Branch_3155,9147,9225,2000.0,1
2752,Branch_3156,9456,9793,40.600893219650835,1
2753,Branch_3157,9223,9793,103.19917440660474,1
2754,Branch_3158,6791,7574,14.925373134328359,1
2755,Branch_3159,6919,7647,14.332807797047442,1
2756,Branch_3160,7081,7785,99.60159362549801,1
2757,Branch_3164,7647,7785,427.35042735042737,1
2758,Branch_3165,6794,7081,268.81720430107526,1
2759,Branch_3166,6794,7182,56.49717514124294,1
2760,Branch_3167,6763,7182,35.98416696653472,1
2761,Branch_3168,7182,7390,123.45679012345678,1
2762,Branch_3169,6763,7144,268.81720430107526,1
2763,Branch_3170,6851,7892,68.07351940095303,1
2764,Branch_3172,7286,7892,265.9574468085106,1
2765,Branch_3173,7786,7989,39.18495297805643,1
2766,Branch_3174,7892,7989,59.73715651135006,1
2767,Branch_3175,6795,7786,85.1063829787234,1
2768,Branch_3176,6795,6866,1388.888888888889,1
2769,Branch_3177,6740,6866,387.5968992248062,1
2770,Branch_3178,6740,6919,27.151778441487917,1
2771,Branch_3180,7349,7449,21.805494984736153,1
2772,Branch_3181,6851,6967,925.925925925926,1
2773,Branch_3182,6967,7449,15.295197308045275,1
2774,Branch_3184,6763,7230,162.60162601626016,1
2775,Branch_3185,7230,7328,145.5604075691412,1
2776,Branch_3186,6851,7893,70.12622720897616,1
2777,Branch_3187,7183,7893,40.22526146419952,1
2778,Branch_3188,7285,7893,265.9574468085106,1
2779,Branch_3189,7183,7328,68.3526999316473,1
2780,Branch_3190,7183,7391,123.45679012345678,1
2781,Branch_3191,6851,6968,925.925925925926,1
2782,Branch_3192,7349,7536,9.693679720822024,1
2783,Branch_3193,6968,7004,22.9147571035747,1
2784,Branch_3194,7004,7536,71.94244604316546,1
2785,Branch_3195,7346,7691,16.96928559307653,1
2786,Branch_3196,7092,7144,215.05376344086022,1
2787,Branch_3197,6763,7311,74.8502994011976,1
2788,Branch_3198,7144,7312,103.84215991692628,1
2789,Branch_3199,7092,7095,448.4304932735426,1
2790,Branch_3200,7095,7163,43.271311120726956,1
2791,Branch_3201,7163,7346,52.2466039707419,1
2792,Branch_3202,1985,2538,37.67897513187641,1
2793,Branch_3203,7608,7610,144.3001443001443,1
2794,Branch_3204,7602,7660,442.4778761061947,1
2795,Branch_3205,6825,7610,121.95121951219512,1
2796,Branch_3206,7596,7608,144.3001443001443,1
2797,Branch_3207,7610,7660,56.306306306306304,1
2798,Branch_3209,7180,7602,35.97122302158273,1
2799,Branch_3210,3365,7180,13.515339910798756,1
2800,Branch_3212,2878,3358,7.576331540268202,1
2801,Branch_3214,6751,7389,58.75440658049354,1
2802,Branch_3215,7389,7585,386.1003861003861,1
2803,Branch_3216,7349,7585,74.12898443291327,1
2804,Branch_3217,7058,7594,51.733057423693744,1
2805,Branch_3218,7058,7602,21.128248468201985,1
2806,Branch_3219,1966,2021,73.63770250368188,1
2807,Branch_3220,7349,7519,122.24938875305624,1
2808,Branch_3221,7029,7519,22.794620469569182,1
2809,Branch_3222,6831,7491,2000.0,1
2810,Branch_3223,7747,7875,110.49723756906077,1
2811,Branch_3225,7155,7875,27.06359945872801,1
2812,Branch_3226,7491,7747,387.5968992248062,1
2813,Branch_3227,7155,7602,9.311853990129435,1
2814,Branch_3228,6831,7943,68.07351940095303,1
2815,Branch_3230,7156,7550,17.674089784376104,1
2816,Branch_3231,7156,7215,19.164430816404753,1
2817,Branch_3232,7550,7952,17.46419839329375,1
2818,Branch_3233,7215,7943,80.45052292839904,1
2819,Branch_3234,7602,7661,13.392259274139548,1
2820,Branch_3235,7037,7661,12.19809709685289,1
2821,Branch_3237,7037,7952,24.993751562109473,1
2822,Branch_3238,6920,6980,28.312570781426952,1
2823,Branch_3239,6980,7029,24.449877750611247,1
2824,Branch_3240,7029,7832,2000.0,1
2825,Branch_3241,2306,2705,51.124744376278116,1
2826,Branch_3242,6877,6891,182.81535648994515,1
2827,Branch_3243,6877,6890,182.81535648994515,1
2828,Branch_3244,6877,7750,1250.0,1
2829,Branch_3245,7136,7878,1075.268817204301,1
2830,Branch_3246,7084,7085,813.0081300813008,1
2831,Branch_3247,7084,7086,813.0081300813008,1
2832,Branch_3248,5650,6180,2000.0,1
2833,Branch_3249,5160,6180,35.486160397445,1
2834,Branch_3250,4509,5205,163.9344262295082,1
2835,Branch_3251,5205,5963,500.0,1
2836,Branch_3252,5051,5205,57.2737686139748,1
2837,Branch_3253,5051,5160,99.9000999000999,1
2838,Branch_3254,1792,1831,146.19883040935673,1
2839,Branch_3255,3361,3362,34.39972480220158,1
2840,Branch_3256,6746,7275,313.47962382445144,1
2841,Branch_3257,6746,7329,58.8235294117647,1
2842,Branch_3258,6746,7506,88.41732979664015,1
2843,Branch_3259,7349,7506,36.95491500369549,1
2844,Branch_3260,7275,7371,900.9009009009009,1
2845,Branch_3261,6995,7788,2000.0,1
2846,Branch_3262,7408,7597,34.746351633078525,1
2847,Branch_3263,6969,7408,37.105751391465674,1
2848,Branch_3264,6969,6995,47.596382674916704,1
2849,Branch_3265,6997,7648,60.27727546714888,1
2850,Branch_3266,6997,7742,58.99705014749262,1
2851,Branch_3267,6995,7648,30.175015087507543,1
2852,Branch_3268,7490,7597,10.539629005059021,1
2853,Branch_3269,7490,7742,28.57959416976279,1
2854,Branch_3270,7276,7477,199.6007984031936,1
2855,Branch_3271,7329,7477,66.62225183211193,1
2856,Branch_3272,7458,7477,371.74721189591077,1
2857,Branch_3273,7065,7508,149.47683109118086,1
2858,Branch_3275,7065,7921,94.07337723424271,1
2859,Branch_3276,4594,5193,14.596409283316305,1
2860,Branch_3277,4594,6626,19.175455417066154,1
2861,Branch_3278,7327,7559,56.433408577878104,1
2862,Branch_3279,7327,7508,63.89776357827476,1
2863,Branch_3280,6754,7103,58.927519151443725,1
2864,Branch_3281,7327,7554,2000.0,1
2865,Branch_3282,6754,7559,386.1003861003861,1
2866,Branch_3283,6768,7559,174.52006980802793,1
2867,Branch_3284,7103,7202,43.936731107205624,1
2868,Branch_3286,7016,7202,2000.0,1
2869,Branch_3287,6763,7419,156.98587127158555,1
2870,Branch_3288,7382,7463,70.27406886858749,1
2871,Branch_3289,7419,7463,72.09805335255948,1
2872,Branch_3291,7016,7376,141.643059490085,1
2873,Branch_3294,7202,7382,79.87220447284345,1
2874,Branch_3296,7508,7696,301.2048192771084,1
2875,Branch_3297,7329,7696,193.7984496124031,1
2876,Branch_3298,7453,7696,303.951367781155,1
2877,Branch_3299,7329,7452,495.0495049504951,1
2878,Branch_3300,6751,7508,35.1493848857645,1
2879,Branch_3301,6881,6920,235.8490566037736,1
2880,Branch_3303,6881,7805,29.282576866764277,1
2881,Branch_3304,7805,7935,20.43318348998774,1
2882,Branch_3307,6881,7737,751.8796992481203,1
2883,Branch_3308,3394,3446,80.84074373484236,1
2884,Branch_3309,5465,5859,307.6923076923077,1
2885,Branch_3310,5193,5465,60.56935190793458,1
2886,Branch_3311,5381,5465,156.73981191222572,1
2887,Branch_3312,4612,6061,89.52551477170994,1
2888,Branch_3314,5381,6061,53.937432578209275,1
2889,Branch_3315,4612,5868,22.716946842344388,1
2890,Branch_3316,5868,6258,37.735849056603776,1
2891,Branch_3317,6773,7341,154.5595054095827,1
2892,Branch_3318,6996,7341,33.62474781439139,1
2893,Branch_3319,6996,7895,47.86979415988511,1
2894,Branch_3320,7769,7895,507.61421319796955,1
2895,Branch_3321,7329,7769,8.82768361581921,1
2896,Branch_3322,7385,7895,33.62474781439139,1
2897,Branch_3323,6920,7341,142.2475106685633,1
2898,Branch_3324,6774,6881,53.937432578209275,1
2899,Branch_3325,6881,6920,204.49897750511246,1
2900,Branch_3328,7525,7737,2000.0,1
2901,Branch_3330,7526,7737,2000.0,1
2902,Branch_3331,7349,7935,21.299254526091588,1
2903,Branch_3332,1805,2198,51.75983436853002,1
2904,Branch_3333,6855,7921,151.9756838905775,1
2905,Branch_3334,6855,7066,268.81720430107526,1
2906,Branch_3335,7066,7329,141.643059490085,1
2907,Branch_3336,6915,7064,30.56234718826406,1
2908,Branch_3338,6915,7346,2000.0,1
2909,Branch_3340,6942,7064,62.53908692933083,1
2910,Branch_3342,6942,7921,48.732943469785575,1
2911,Branch_3343,2180,2636,2000.0,1
2912,Branch_3344,4856,6258,2000.0,1
2913,Branch_3346,7409,7632,49.115913555992144,1
2914,Branch_3347,7475,7631,236.96682464454977,1
2915,Branch_3348,7475,7597,16.220600162206,1
2916,Branch_3349,7307,7363,103.09278350515464,1
2917,Branch_3350,7363,7631,2000.0,1
2918,Branch_3351,7363,7632,2000.0,1
2919,Branch_3352,6920,7475,704.2253521126761,1
2920,Branch_3353,2236,2576,37.92188092529389,1
2921,Branch_3354,7691,7921,45.433893684688776,1
2922,Branch_3355,9134,9170,38.08073115003808,1
2923,Branch_3356,9122,9134,71.22507122507122,1
2924,Branch_3357,9134,9178,181.15942028985506,1
2925,Branch_3358,9069,9283,42.14075010535188,1
2926,Branch_3359,9094,9224,1000.0,1
2927,Branch_3360,9094,9178,82.64462809917356,1
2928,Branch_3361,9224,9283,75.13148009015778,1
2929,Branch_3362,9057,9456,1298.7012987012988,1
2930,Branch_3363,9057,9069,76.39419404125286,1
2931,Branch_3364,6904,7457,2000.0,1
2932,Branch_3365,5961,6258,49.23682914820286,1
2933,Branch_3366,5862,6108,27.8473962684489,1
2934,Branch_3367,5203,5862,33.433634236041456,1
2935,Branch_3368,5203,9202,30.111412225233362,1
2936,Branch_3369,9202,9796,25.523226135783563,1
2937,Branch_3370,9153,9223,26.014568158168576,1
2938,Branch_3371,9153,9202,66.66666666666667,1
2939,Branch_3372,9069,9258,24.372410431391664,1
2940,Branch_3373,9258,9659,65.06180871828236,1
2941,Branch_3374,9646,9659,38.565368299267256,1
2942,Branch_3375,1767,2380,75.8150113722517,1
2943,Branch_3376,6881,7600,82.03445447087776,1
2944,Branch_3377,7752,7763,78.86435331230284,1
2945,Branch_3378,7600,7752,30.3951367781155,1
2946,Branch_3379,7007,7763,14.007564084605686,1
2947,Branch_3380,6943,7007,17.812611328820804,1
2948,Branch_3381,6881,6943,12.434717731907485,1
2949,Branch_3383,7237,7597,40.27386226339106,1
2950,Branch_3384,7237,7737,24.77086945751796,1
2951,Branch_3385,7762,7882,134.40860215053763,1
2952,Branch_3386,6926,6974,22.716946842344388,1
2953,Branch_3388,6944,7748,18.112660749864155,1
2954,Branch_3389,6974,7882,68.96551724137932,1
2955,Branch_3390,6810,7762,94.07337723424271,1
2956,Branch_3391,6926,7238,892.8571428571429,1
2957,Branch_3392,6810,7007,892.8571428571429,1
2958,Branch_3393,7007,7751,12.224938875305623,1
2959,Branch_3395,7238,7751,534.75935828877,1
2960,Branch_3396,6944,7238,13.777900248002204,1
2961,Branch_3397,7238,7748,7.7724234416291,1
2962,Branch_3398,2000,2267,87.03220191470844,1
2963,Branch_3399,9176,9223,746.2686567164179,1
2964,Branch_3400,9176,9747,73.1528895391368,1
2965,Branch_3401,9456,9747,59.844404548174744,1
2966,Branch_3402,1931,2517,77.45933384972889,1
2967,Branch_3403,7376,7691,66.2251655629139,1
2968,Branch_3405,7002,7005,63.05170239596469,1
2969,Branch_3407,5615,5813,1000.0,1
2970,Branch_3408,7410,7595,13.065064018813692,1
2971,Branch_3409,7337,7410,41.511000415110004,1
2972,Branch_3410,7337,7567,7.2379849449913145,1
2973,Branch_3411,7002,7343,62.893081761006286,1
2974,Branch_3412,5282,6678,52.63157894736842,1
2975,Branch_3413,4385,5282,18.001800180018,1
2976,Branch_3414,7426,7432,10.206164523372117,1
2977,Branch_3415,7432,7465,29.958058717795087,1
2978,Branch_3416,7572,7630,21.77226213803614,1
2979,Branch_3417,7465,7630,9.33184023889511,1
2980,Branch_3418,7630,7635,2000.0,1
2981,Branch_3419,3280,7595,22.82583884957772,1
2982,Branch_3420,3001,3265,10.630381630700542,1
2983,Branch_3421,3001,3035,15.82528881152081,1
2984,Branch_3422,3001,3049,6.0949594685195345,1
2985,Branch_3424,3035,3440,787.4015748031496,1
2986,Branch_3425,3265,3280,12.564392511622064,1
2987,Branch_3426,2879,3049,8.410428931875526,1
2988,Branch_3427,2016,2642,81.03727714748784,1
2989,Branch_3428,5961,6345,17.65536723163842,1
2990,Branch_3429,7401,7436,23.1000231000231,1
2991,Branch_3430,7304,7469,44.44444444444444,1
2992,Branch_3431,7401,7469,3.785297902944962,1
2993,Branch_3432,7345,7469,4.316484654897052,1
2994,Branch_3435,9392,9610,9.406452826639075,1
2995,Branch_3436,9387,9397,44.464206313917295,1
2996,Branch_3437,9387,9749,2000.0,1
2997,Branch_3438,9398,9488,1333.3333333333333,1
2998,Branch_3439,9397,9765,4.625988805107092,1
2999,Branch_3440,9392,9645,17.114495978093444,1
3000,Branch_3441,9645,9765,2000.0,1
3001,Branch_3442,9397,9488,961.5384615384615,1
3002,Branch_3443,9610,9615,18.158707100054475,1
3003,Branch_3449,2674,3246,32.43593902043464,1
3004,Branch_3450,5192,6346,40.17677782241864,1
3005,Branch_3451,5416,6090,3.1986693535489237,1
3006,Branch_3452,6090,6403,2.9330674018888954,1
3007,Branch_3454,5416,6148,4.543389368468878,1
3008,Branch_3455,5800,6148,8.216926869350862,1
3009,Branch_3456,6094,6404,20.22653721682848,1
3010,Branch_3457,5800,6404,11.987532965715655,1
3011,Branch_3458,1977,2514,28.32058906825262,1
3012,Branch_3459,4385,5193,32.72251308900523,1
3013,Branch_3461,7388,7549,26.867275658248253,1
3014,Branch_3462,9180,9784,20.53388090349076,1
3015,Branch_3463,9169,9180,26.364355391510678,1
3016,Branch_3464,9144,9779,9.447331128956069,1
3017,Branch_3465,9199,9784,40.600893219650835,1
3018,Branch_3466,9030,9823,2000.0,1
3019,Branch_3467,9169,9233,10.58873358746294,1
3020,Branch_3468,9199,9778,5.322546306152863,1
3021,Branch_3469,9199,9775,34.566194262011756,1
3022,Branch_3470,9232,9823,41.928721174004195,1
3023,Branch_3471,9144,9232,20.04008016032064,1
3024,Branch_3472,9144,9169,7.347538574577516,1
3025,Branch_3473,7521,7645,94.16195856873823,1
3026,Branch_3474,6122,6626,24.43195699975568,1
3027,Branch_3475,2734,6122,50.76142131979695,1
3028,Branch_3476,5821,6487,22.857142857142858,1
3029,Branch_3477,4415,5821,140.25245441795232,1
3030,Branch_3478,4415,5167,2000.0,1
3031,Branch_3479,7292,7618,35.12469265893923,1
3032,Branch_3480,7567,7753,3.754599384245701,1
3033,Branch_3481,3402,7753,4.888063349301007,1
3034,Branch_3482,2243,2543,21.753317380900587,1
3035,Branch_3483,2982,3347,94.6969696969697,1
3036,Branch_3484,2982,3088,22.75830678197542,1
3037,Branch_3485,3088,3416,5.8809691837214775,1
3038,Branch_3487,3088,3414,7.107320540156361,1
3039,Branch_3488,3058,3414,9.30232558139535,1
3040,Branch_3489,2983,3058,6.6956812855708066,1
3041,Branch_3490,3058,3415,8.682816705739342,1
3042,Branch_3491,2960,3415,11.956001912960305,1
3043,Branch_3492,2947,3415,90.33423667570008,1
3044,Branch_3493,2969,3088,176.67844522968198,1
3045,Branch_3494,2960,2969,4.423995752964077,1
3046,Branch_3495,2969,3346,30.816640986132512,1
3047,Branch_3496,2719,3189,35.587188612099645,1
3048,Branch_3501,2879,3416,8.658758334054896,1
3049,Branch_3505,6748,7272,8.916629514043692,1
3050,Branch_3508,6748,7877,5.405405405405405,1
3051,Branch_3509,7485,7877,9.13575735428467,1
3052,Branch_3511,2209,2307,9.017945711966814,1
3053,Branch_3512,6499,6626,52.13764337851929,1
3054,Branch_3513,6646,6678,64.72491909385113,1
3055,Branch_3514,6499,6646,75.7002271006813,1
3056,Branch_3515,7535,7568,2000.0,1
3057,Branch_3516,7533,7586,39.55696202531646,1
3058,Branch_3517,7586,7646,23.11604253351826,1
3059,Branch_3520,7646,7897,15.820281601012498,1
3060,Branch_3521,2241,2464,85.25149190110827,1
3061,Branch_3522,6743,7279,14.596409283316305,1
3062,Branch_3524,7464,7592,18.412815319462347,1
3063,Branch_3525,7533,7592,12.719409819384381,1
3064,Branch_3526,6743,7592,10.884946119516709,1
3065,Branch_3527,6743,7483,9.811616954474097,1
3066,Branch_3531,3112,3399,16.147263038914904,1
3067,Branch_3532,6735,7421,11.016855789357717,1
3068,Branch_3533,7421,7572,27.862914460852604,1
3069,Branch_3534,7421,7538,3.6165057321615857,1
3070,Branch_3535,7523,7538,28.677946659019213,1
3071,Branch_3536,2570,2668,1282.051282051282,1
3072,Branch_3538,9079,9257,5.457919441109049,1
3073,Branch_3539,9079,9769,5.333617792948957,1
3074,Branch_3540,9079,9184,8.92379082634303,1
3075,Branch_3541,1766,2682,1298.7012987012988,1
3076,Branch_3542,4569,4825,193.7984496124031,1
3077,Branch_3543,9204,9256,26.63825253063399,1
3078,Branch_3545,2718,3333,2.887669650591972,1
3079,Branch_3546,2793,3080,769.2307692307693,1
3080,Branch_3547,3285,3357,66.62225183211193,1
3081,Branch_3548,3285,3333,9.417082587814296,1
3082,Branch_3549,3080,3285,233.6448598130841,1
3083,Branch_3550,2850,3184,25.660764690787786,1
3084,Branch_3551,2718,3151,4.845195988177722,1
3085,Branch_3552,2718,3141,10.734220695577502,1
3086,Branch_3554,2972,3140,49.52947003467063,1
3087,Branch_3555,2972,3351,38.38771593090211,1
3088,Branch_3556,2972,3152,12.238404112103781,1
3089,Branch_3557,2849,3141,118.06375442739079,1
3090,Branch_3558,2849,3140,118.06375442739079,1
3091,Branch_3559,2850,3597,21.767522855899,1
3092,Branch_3560,2718,3078,10.171905197843556,1
3093,Branch_3561,2929,3078,7.106310403638431,1
3094,Branch_3562,3277,3614,80.25682182985554,1
3095,Branch_3563,2120,2717,27.63957987838585,1
3096,Branch_3567,2028,2545,20.20610224287735,1
3097,Branch_3568,6409,6678,8.587376556462,1
3098,Branch_3571,5223,6403,25.201612903225808,1
3099,Branch_3572,7555,7787,364.963503649635,1
3100,Branch_3573,5834,9285,13.653741125068269,1
3101,Branch_3574,5834,6403,2.6959264551263042,1
3102,Branch_3576,7638,7733,29.524653085326246,1
3103,Branch_3577,9285,9822,10.236462278636504,1
3104,Branch_3578,9795,9822,21.635655560363478,1
3105,Branch_3579,9080,9110,4.733279689496852,1
3106,Branch_3580,9080,9795,7.793624814901411,1
3107,Branch_3583,9040,9789,2000.0,1
3108,Branch_3585,9040,9227,4.4929685042907845,1
3109,Branch_3586,9222,9227,8.480325644504749,1
3110,Branch_3587,9040,9251,107.18113612004288,1
3111,Branch_3588,9227,9769,0.7105704459540119,1
3112,Branch_3590,8695,8702,47.93863854266539,1
3113,Branch_3591,6752,7290,5.549697541483989,1
3114,Branch_3592,6792,7290,9.859988168014198,1
3115,Branch_3593,6792,7422,25.647601949217748,1
3116,Branch_3594,7422,7553,78.18608287724786,1
3117,Branch_3595,6792,7283,53.304904051172706,1
3118,Branch_3596,2201,2538,23.326335432703523,1
3119,Branch_3604,4469,6094,22.527596305474205,1
3120,Branch_3605,4885,6657,25.3613999492772,1
3121,Branch_3606,4469,6657,6.476683937823834,1
3122,Branch_3607,4885,5799,5.417118093174431,1
3123,Branch_3608,2717,3362,25.76655501159495,1
3124,Branch_3609,9479,9795,9.848335631278314,1
3125,Branch_3610,2814,3353,25.374270489723422,1
3126,Branch_3611,3692,4038,39.354584809130266,1
3127,Branch_3612,3692,4110,50.94243504839531,1
3128,Branch_3613,4084,4109,50.94243504839531,1
3129,Branch_3614,3967,4110,35.08771929824562,1
3130,Branch_3615,3705,4004,367.6470588235294,1
3131,Branch_3616,3967,4004,28.20078962210942,1
3132,Branch_3617,3644,4110,23.792529145848203,1
3133,Branch_3618,3644,3937,124.53300124533001,1
3134,Branch_3619,3705,4109,58.61664712778429,1
3135,Branch_3620,3937,6131,102.98661174047373,1
3136,Branch_3621,6131,6200,85.47008547008546,1
3137,Branch_3622,5042,6131,64.59948320413437,1
3138,Branch_3623,6133,6200,34.36426116838488,1
3139,Branch_3624,4608,6200,2000.0,1
3140,Branch_3625,3706,4056,1250.0,1
3141,Branch_3626,7080,7308,16.038492381716118,1
3142,Branch_3627,7080,7598,8.46955196070128,1
3143,Branch_3628,7306,7606,115.2073732718894,1
3144,Branch_3629,6882,7308,12.763241863433311,1
3145,Branch_3631,9093,9784,78.74015748031496,1
3146,Branch_3632,9093,9169,14.669209329617134,1
3147,Branch_3633,9093,9457,29.922202274087372,1
3148,Branch_3634,9127,9142,3.84571011037188,1
3149,Branch_3635,9043,9127,156.49452269170578,1
3150,Branch_3636,9043,9145,1000.0,1
3151,Branch_3637,9120,9784,185.5287569573284,1
3152,Branch_3638,9120,9774,12.201073694485114,1
3153,Branch_3639,9120,9143,112.99435028248588,1
3154,Branch_3640,9127,9143,22.558087074216107,1
3155,Branch_3641,9143,9457,24.06159769008662,1
3156,Branch_3642,3152,3541,11.24353496739375,1
3157,Branch_3643,3416,3541,2.973181899268597,1
3158,Branch_3646,3735,4009,52.742616033755276,1
3159,Branch_3647,3960,4009,2000.0,1
3160,Branch_3650,2186,2522,41.1522633744856,1
3161,Branch_3653,8108,8572,11.767474699929394,1
3162,Branch_3654,2288,2464,24.968789013732835,1
3163,Branch_3655,1799,1821,40.48582995951417,1
3164,Branch_3656,1879,1990,19.712201852946976,1
3165,Branch_3657,4876,6096,30.211480362537763,1
3166,Branch_3658,4876,5586,9.643201542912246,1
3167,Branch_3659,4619,4666,1886.7924528301887,1
3168,Branch_3660,38,379,362.3188405797101,1
3169,Branch_3661,529,1046,58.47953216374269,1
3170,Branch_3662,1046,1047,151.05740181268882,1
3171,Branch_3663,795,1046,140.64697609001408,1
3172,Branch_3664,5524,6469,5.229578495973224,1
3173,Branch_3667,7222,7481,72.46376811594203,1
3174,Branch_3668,7222,7384,20.833333333333332,1
3175,Branch_3669,4619,5095,6.269199423233653,1
3176,Branch_3670,5095,5349,7.586677793794098,1
3177,Branch_3673,4785,6367,6.433764395547835,1
3178,Branch_3674,6916,7273,4.5987583352494825,1
3179,Branch_3675,4619,4906,24.154589371980677,1
3180,Branch_3676,4864,4906,9.710623422023694,1
3181,Branch_3677,100,408,543.4782608695652,1
3182,Branch_3678,6916,7263,5.091649694501018,1
3183,Branch_3679,9488,9496,675.6756756756756,1
3184,Branch_3681,4864,5669,3.5285815102328866,1
3185,Branch_3682,389,994,826.4462809917355,1
3186,Branch_3685,7222,7545,5.902490851139181,1
3187,Branch_3686,4785,6429,185.1851851851852,1
3188,Branch_3687,8309,8464,94.42870632672333,1
3189,Branch_3688,1891,2396,775.1937984496124,1
3190,Branch_3690,9505,9691,44.03346543372963,1
3191,Branch_3691,9691,9701,2000.0,1
3192,Branch_3692,9318,9691,188.32391713747646,1
3193,Branch_3693,9393,9505,42.24757076468103,1
3194,Branch_3694,9510,9544,2000.0,1
3195,Branch_3695,9510,9543,2000.0,1
3196,Branch_3696,9416,9505,800.0,1
3197,Branch_3697,9507,9529,2000.0,1
3198,Branch_3698,9507,9530,2000.0,1
3199,Branch_3700,9325,9670,200.80321285140562,1
3200,Branch_3702,9347,9670,56.85048322910745,1
3201,Branch_3703,6941,9508,51.440329218106996,1
3202,Branch_3705,9508,9539,2000.0,1
3203,Branch_3706,9318,9603,65.48788474132286,1
3204,Branch_3707,9603,9634,2000.0,1
3205,Branch_3708,9312,9603,147.49262536873155,1
3206,Branch_3710,1849,2378,92.5925925925926,1
3207,Branch_3711,3771,4038,23.651844843897823,1
3208,Branch_3713,3771,4026,12.567550584391102,1
3209,Branch_3714,4193,4572,118.62396204033215,1
3210,Branch_3715,4572,4927,7.142857142857143,1
3211,Branch_3716,4927,5055,8.233841086867024,1
3212,Branch_3717,4193,5708,16.71402306535183,1
3213,Branch_3718,4392,5708,4.5850527281063735,1
3214,Branch_3719,5217,5708,4.585262964831033,1
3215,Branch_3720,4267,5708,59.27682276229994,1
3216,Branch_3722,5238,5710,16.71402306535183,1
3217,Branch_3723,9321,9639,116.68611435239207,1
3218,Branch_3724,9639,9642,2000.0,1
3219,Branch_3725,9312,9639,46.06172270842929,1
3220,Branch_3726,9318,9660,341.29692832764505,1
3221,Branch_3727,9312,9660,52.52100840336134,1
3222,Branch_3728,9393,9689,68.30601092896175,1
3223,Branch_3729,9316,9689,645.1612903225806,1
3224,Branch_3731,2323,2449,21.079258010118043,1
3225,Branch_3732,2545,2692,19.168104274487252,1
3226,Branch_3733,5054,5987,25.980774227071965,1
3227,Branch_3734,5987,6414,21.64970772894566,1
3228,Branch_3735,4164,6416,19.584802193497847,1
3229,Branch_3737,3635,3879,125.62814070351759,1
3230,Branch_3738,3635,4319,52.6592943654555,1
3231,Branch_3739,4164,4319,118.48341232227489,1
3232,Branch_3740,2001,2677,107.87486515641855,1
3233,Branch_3741,2321,2447,19.880715705765407,1
3234,Branch_3742,4015,4076,28.87669650591972,1
3235,Branch_3743,4076,4098,75.8150113722517,1
3236,Branch_3744,3695,4099,7.484469725319961,1
3237,Branch_3745,3695,4118,19.190174630589137,1
3238,Branch_3746,3652,4118,11.337868480725623,1
3239,Branch_3747,2336,2521,57.570523891767415,1
3240,Branch_3748,4003,4026,240.3846153846154,1
3241,Branch_3749,3728,4003,61.12469437652812,1
3242,Branch_3750,4015,4165,6.5915233010348695,1
3243,Branch_3751,4047,4165,11.890606420927467,1
3244,Branch_3752,3956,4048,37.90750568612585,1
3245,Branch_3753,3704,3956,99.60159362549801,1
3246,Branch_3754,3704,3955,88.49557522123894,1
3247,Branch_3755,3954,3955,41.63197335553705,1
3248,Branch_3756,3954,4089,111.23470522803115,1
3249,Branch_3757,3631,3954,24.044241404183698,1
3250,Branch_3759,3704,4116,43.97537379067722,1
3251,Branch_3760,4090,4116,103.62694300518135,1
3252,Branch_3761,3755,4116,74.01924500370096,1
3253,Branch_3762,3641,4089,33.692722371967655,1
3254,Branch_3763,3640,3700,8.663259118080221,1
3255,Branch_3764,3700,3724,10.018032458425166,1
3256,Branch_3765,2827,3533,101.11223458038423,1
3257,Branch_3766,5530,5906,103.51966873706004,1
3258,Branch_3767,3700,3723,8.918219923303308,1
3259,Branch_3768,2827,4337,48.61448711716091,1
3260,Branch_3769,5460,5905,57.077625570776256,1
3261,Branch_3771,1878,1902,22.43158366980709,1
3262,Branch_3772,2184,2565,40.93327875562833,1
3263,Branch_3773,3139,3427,79.93605115907275,1
3264,Branch_3774,1961,2251,25.720164609053498,1
3265,Branch_3775,1961,2447,704.2253521126761,1
3266,Branch_3776,5678,5905,70.17543859649123,1
3267,Branch_3777,5678,6569,112.10762331838565,1
3268,Branch_3778,6569,6618,177.61989342806393,1
3269,Branch_3779,7091,7388,32.38341968911917,1
3270,Branch_3780,1902,3427,24.551927326295115,1
3271,Branch_3781,7638,7733,29.49852507374631,1
3272,Branch_3782,7118,7274,194.1747572815534,1
3273,Branch_3783,1822,2478,67.70480704129993,1
3274,Branch_3784,6460,9805,73.74631268436578,1
3275,Branch_3785,7110,7748,26.56042496679947,1
3276,Branch_3786,6455,6591,175.43859649122808,1
3277,Branch_3787,5279,6591,108.57763300760044,1
3278,Branch_3788,5279,6051,66.75567423230974,1
3279,Branch_3789,5542,6442,81.43322475570032,1
3280,Branch_3790,5905,6455,92.93680297397769,1
3281,Branch_3791,5542,6051,235.2941176470588,1
3282,Branch_3792,3064,3131,45.146726862302486,1
3283,Branch_3793,2421,2426,106.15711252653928,1
3284,Branch_3794,7090,7723,1162.7906976744187,1
3285,Branch_3795,6904,7723,18.695083193120208,1
3286,Branch_3796,1821,2027,276.24309392265195,1
3287,Branch_3797,5431,6442,165.01650165016503,1
3288,Branch_3798,5431,6017,56.14823133071308,1
3289,Branch_3801,1766,2759,12.345679012345679,1
3290,Branch_3802,5321,5918,239.8081534772182,1
3291,Branch_3803,5918,6442,79.93605115907275,1
3292,Branch_3804,5321,5774,126.42225031605562,1
3293,Branch_3805,5321,6015,138.88888888888889,1
3294,Branch_3806,5905,6454,92.93680297397769,1
3295,Branch_3807,6454,6592,68.87052341597796,1
3296,Branch_3808,5278,5422,531.9148936170212,1
3297,Branch_3809,5422,5597,502.51256281407035,1
3298,Branch_3810,5422,6052,76.33587786259542,1
3299,Branch_3811,5541,6052,235.2941176470588,1
3300,Branch_3812,5541,6442,81.43322475570032,1
3301,Branch_3813,5278,6592,104.60251046025104,1
3302,Branch_3814,1993,2627,100.70493454179255,1
3303,Branch_3815,2020,2466,145.5604075691412,1
3304,Branch_3816,2052,2249,29.533372711163615,1
3305,Branch_3817,2759,3278,497.5124378109453,1
3306,Branch_3818,5460,5905,56.78591709256104,1
3307,Branch_3820,2968,3614,2000.0,1
3308,Branch_3821,4910,5371,104.60251046025104,1
3309,Branch_3822,5371,5394,84.31703204047217,1
3310,Branch_3823,4508,5394,124.06947890818859,1
3311,Branch_3824,3082,3597,1612.9032258064517,1
3312,Branch_3825,4910,5372,104.60251046025104,1
3313,Branch_3826,5372,5395,87.64241893076249,1
3314,Branch_3827,4508,5395,124.06947890818859,1
3315,Branch_3828,3083,3597,2000.0,1
3316,Branch_3830,4218,5433,40.290088638195,1
3317,Branch_3831,4909,5075,1818.1818181818182,1
3318,Branch_3832,5075,5401,2000.0,1
3319,Branch_3833,5028,5401,1428.5714285714287,1
3320,Branch_3834,5028,5433,126.42225031605562,1
3321,Branch_3835,4386,4909,552.4861878453039,1
3322,Branch_3836,4386,4508,684.931506849315,1
3323,Branch_3837,1776,2051,22.537750732476898,1
3324,Branch_3839,2041,2042,5.508427894678858,1
3325,Branch_3840,1857,2041,31.595576619273302,1
3326,Branch_3841,2197,2536,19.264110961279137,1
3327,Branch_3843,5719,6569,662.2516556291391,1
3328,Branch_3844,5719,6306,83.05647840531562,1
3329,Branch_3845,5933,6306,151.5151515151515,1
3330,Branch_3846,5933,6555,68.54009595613434,1
3331,Branch_3847,6569,6617,177.61989342806393,1
3332,Branch_3848,5720,6569,662.2516556291391,1
3333,Branch_3849,5720,5934,97.84735812133073,1
3334,Branch_3850,5934,6555,71.58196134574088,1
3335,Branch_3851,2055,2540,37.20238095238095,1
3336,Branch_3852,2709,2873,1785.7142857142858,1
3337,Branch_3853,1766,2197,337.8378378378378,1
3338,Branch_3854,5530,6460,156.98587127158555,1
3339,Branch_3855,2068,2652,90.74410163339383,1
3340,Branch_3856,6308,6671,63.371356147021544,1
3341,Branch_3857,5672,6308,126.26262626262626,1
3342,Branch_3858,5294,5672,72.20216606498195,1
3343,Branch_3859,4569,5590,96.89922480620154,1
3344,Branch_3861,4825,5294,87.64241893076249,1
3345,Branch_3862,1976,2089,36.127167630057805,1
3346,Branch_3864,5905,6569,42.51700680272109,1
3347,Branch_3865,2098,2122,2000.0,1
3348,Branch_3866,2127,2353,675.6756756756756,1
3349,Branch_3867,2127,2353,675.6756756756756,1
3350,Branch_3868,5620,6681,107.41138560687433,1
3351,Branch_3869,2020,2096,62.814070351758794,1
3352,Branch_3870,5619,6680,106.95187165775401,1
3353,Branch_3871,4504,5622,751.8796992481203,1
3354,Branch_3872,2197,2674,163.66612111292963,1
3355,Branch_3873,5040,5300,35.99712023038157,1
3356,Branch_3874,5300,6421,42.40882103477524,1
3357,Branch_3875,5040,6441,109.17030567685589,1
3358,Branch_3876,4402,5621,44.72271914132379,1
3359,Branch_3877,4402,6421,819.672131147541,1
3360,Branch_3878,4504,5621,943.3962264150944,1
3361,Branch_3879,2104,2342,26.881720430107528,1
3362,Branch_3880,2113,2426,497.5124378109453,1
3363,Branch_3881,8873,8905,44.62293618920125,1
3364,Branch_3882,4504,4505,1298.7012987012988,1
3365,Branch_3883,4504,4506,1298.7012987012988,1
3366,Branch_3884,3222,3272,813.0081300813008,1
3367,Branch_3885,2120,2567,224.2152466367713,1
3368,Branch_3886,4765,5310,63.69426751592356,1
3369,Branch_3887,4242,6066,42.918454935622314,1
3370,Branch_3888,5310,6066,120.48192771084338,1
3371,Branch_3889,4531,4765,47.7326968973747,1
3372,Branch_3891,4456,5096,35.77817531305904,1
3373,Branch_3892,4531,5096,2000.0,1
3374,Branch_3894,4993,6441,34.258307639602606,1
3375,Branch_3895,4531,4676,48.49660523763337,1
3376,Branch_3896,4676,4993,83.5421888053467,1
3377,Branch_3899,2435,2455,746.2686567164179,1
3378,Branch_3900,2065,2066,11.074197120708748,1
3379,Branch_3901,2065,2067,11.074197120708748,1
3380,Branch_3902,2052,2065,2000.0,1
3381,Branch_3903,1869,2396,89.84725965858041,1
3382,Branch_3904,7609,7723,2000.0,1
3383,Branch_3905,1845,2560,2000.0,1
3384,Branch_3906,5062,6441,87.56567425569177,1
3385,Branch_3907,4230,5062,934.5794392523364,1
3386,Branch_3908,4230,6656,113.89521640091117,1
3387,Branch_3909,6191,6656,17.17622810030917,1
3388,Branch_3910,7609,7723,2000.0,1
3389,Branch_3912,1941,2345,11.824524062906468,1
3390,Branch_3913,1942,2424,109.40919037199124,1
3391,Branch_3914,8163,8481,140.8450704225352,1
3392,Branch_3915,8163,8950,122.39902080783354,1
3393,Branch_3916,1943,2205,122.39902080783354,1
3394,Branch_3917,1944,2520,27.307482250136538,1
3395,Branch_3918,1940,2297,165.8374792703151,1
3396,Branch_3919,4965,6191,317.46031746031747,1
3397,Branch_3920,4965,6191,342.4657534246575,1
3398,Branch_3921,2257,2509,15.44878727019929,1
3399,Branch_3922,2292,2435,621.1180124223603,1
3400,Branch_3923,5155,5839,344.82758620689657,1
3401,Branch_3924,2257,2345,11.791062374719962,1
3402,Branch_3925,4252,5513,17.6056338028169,1
3403,Branch_3926,4949,5913,71.68458781362007,1
3404,Branch_3927,5742,6441,510.2040816326531,1
3405,Branch_3928,5059,5742,43.459365493263796,1
3406,Branch_3929,5059,5913,25.374270489723422,1
3407,Branch_3931,4831,4949,78.92659826361484,1
3408,Branch_3932,2291,2345,69.97900629811056,1
3409,Branch_3933,5338,6373,196.07843137254903,1
3410,Branch_3934,5798,5893,124.37810945273633,1
3411,Branch_3935,4464,5893,1136.3636363636363,1
3412,Branch_3936,4464,5338,99.10802775024777,1
3413,Branch_3937,6089,6373,144.50867052023122,1
3414,Branch_3938,5905,6089,543.4782608695652,1
3415,Branch_3939,5155,5906,190.11406844106463,1
3416,Branch_3940,5798,6537,162.07455429497568,1
3417,Branch_3941,4396,6176,2000.0,1
3418,Branch_3942,5940,6176,50.0,1
3419,Branch_3944,1982,2456,151.285930408472,1
3420,Branch_3945,1982,1996,467.2897196261682,1
3421,Branch_3946,4252,4831,181.15942028985506,1
3422,Branch_3948,940,2291,2.49925022493252,1
3423,Branch_3949,4681,4691,2000.0,1
3424,Branch_3950,4680,4691,2000.0,1
3425,Branch_3951,4682,4691,2000.0,1
3426,Branch_3952,8027,8308,64.85084306095979,1
3427,Branch_3953,1886,2518,2000.0,1
3428,Branch_3954,1887,2518,2000.0,1
3429,Branch_3955,1885,2518,2000.0,1
3430,Branch_3956,4430,5798,900.9009009009009,1
3431,Branch_3957,9458,9672,36.54970760233918,1
3432,Branch_3959,4491,5540,204.08163265306123,1
3433,Branch_3960,5540,6593,2000.0,1
3434,Branch_3962,4430,6291,268.81720430107526,1
3435,Branch_3964,4537,6291,184.50184501845018,1
3436,Branch_3965,4491,4507,2000.0,1
3437,Branch_3966,4492,4507,2000.0,1
3438,Branch_3967,4491,4537,83.82229673093043,1
3439,Branch_3968,9191,9672,34.62603878116344,1
3440,Branch_3969,4798,6593,476.1904761904762,1
3441,Branch_3971,4719,4798,1886.7924528301887,1
3442,Branch_3972,4798,5332,56.33802816901409,1
3443,Branch_3975,7005,7498,2000.0,1
3444,Branch_3976,2236,2301,20.329335230737954,1
3445,Branch_3977,5731,5906,231.4814814814815,1
3446,Branch_3978,5905,6088,340.13605442176873,1
3447,Branch_3979,5512,6088,52.54860746190226,1
3448,Branch_3980,4275,5512,248.75621890547265,1
3449,Branch_3981,4275,5154,373.13432835820896,1
3450,Branch_3982,4275,4325,645.1612903225806,1
3451,Branch_3983,4276,5154,375.9398496240602,1
3452,Branch_3984,5339,5511,58.47953216374269,1
3453,Branch_3985,5072,5339,148.14814814814815,1
3454,Branch_3986,4465,5892,1136.3636363636363,1
3455,Branch_3987,5798,5892,124.37810945273633,1
3456,Branch_3988,4276,5511,328.94736842105266,1
3457,Branch_3989,4277,4325,2000.0,1
3458,Branch_3990,4433,5072,546.448087431694,1
3459,Branch_3991,4433,4465,201.61290322580646,1
3460,Branch_3992,5018,6129,518.1347150259068,1
3461,Branch_3993,6129,6555,129.70168612191958,1
3462,Branch_3994,5018,5546,157.23270440251574,1
3463,Branch_3995,4320,5546,2000.0,1
3464,Branch_3996,4321,5546,2000.0,1
3465,Branch_3997,5154,6158,146.41288433382138,1
3466,Branch_3998,5169,6650,92.42144177449168,1
3467,Branch_3999,6128,6650,142.45014245014244,1
3468,Branch_4000,5798,6128,78.24726134585289,1
3469,Branch_4001,5169,6158,88.73114463176574,1
3470,Branch_4002,1821,2706,152.9051987767584,1
3471,Branch_4003,5798,6127,78.24726134585289,1
3472,Branch_4004,5207,5841,128.7001287001287,1
3473,Branch_4005,4947,6157,91.49130832570906,1
3474,Branch_4006,6127,6651,142.45014245014244,1
3475,Branch_4007,4947,6651,191.93857965451056,1
3476,Branch_4008,5207,6157,81.76614881439085,1
3477,Branch_4009,5154,5347,132.1003963011889,1
3478,Branch_4010,5347,6555,147.05882352941177,1
3479,Branch_4011,5208,5841,127.2264631043257,1
3480,Branch_4012,5208,5346,81.43322475570032,1
3481,Branch_4013,5346,6555,147.71048744460856,1
3482,Branch_4014,5546,6130,104.38413361169103,1
3483,Branch_4015,6130,6555,163.3986928104575,1
3484,Branch_4016,2379,2475,20.07226013649137,1
3485,Branch_4018,3885,5839,25.980774227071965,1
3486,Branch_4019,5534,5798,2000.0,1
3487,Branch_4020,5538,5798,2000.0,1
3488,Branch_4021,1798,2579,34.78260869565217,1
3489,Branch_4022,5385,5935,129.19896640826875,1
3490,Branch_4023,3735,5935,36.96857670979667,1
3491,Branch_4024,3735,4097,88.65248226950355,1
3492,Branch_4025,3957,4084,91.49130832570906,1
3493,Branch_4026,3957,4097,29.086678301337987,1
3494,Branch_4027,4096,4097,21.2630236019562,1
3495,Branch_4028,5079,5385,302.11480362537765,1
3496,Branch_4029,3819,5079,17.917935853789643,1
3497,Branch_4030,3819,3940,48.05382027871216,1
3498,Branch_4031,3921,3940,2000.0,1
3499,Branch_4033,3940,9696,56.33802816901409,1
3500,Branch_4034,9696,9799,28.20078962210942,1
3501,Branch_4035,4638,6205,2000.0,1
3502,Branch_4036,5385,6205,12.948336138806164,1
3503,Branch_4037,6205,9288,666.6666666666666,1
3504,Branch_4038,9750,9799,27.3224043715847,1
3505,Branch_4039,9288,9750,220.7505518763797,1
3506,Branch_4040,1821,2580,38.62495171881035,1
3507,Branch_4041,5460,5905,70.4225352112676,1
3508,Branch_4043,9487,9502,84.7457627118644,1
3509,Branch_4044,9487,9500,51.89413596263622,1
3510,Branch_4045,9487,9492,2000.0,1
3511,Branch_4046,1798,2580,34.78260869565217,1
3512,Branch_4048,9056,9208,60.45949214026602,1
3513,Branch_4049,9056,9238,114.15525114155251,1
3514,Branch_4050,9716,9806,26.32964718272775,1
3515,Branch_4051,9056,9802,134.2281879194631,1
3516,Branch_4052,9716,9802,228.83295194508008,1
3517,Branch_4053,9238,9502,42.3728813559322,1
3518,Branch_4054,9502,9565,471.6981132075472,1
3519,Branch_4055,5442,6377,206.18556701030928,1
3520,Branch_4056,5385,5442,20.74688796680498,1
3521,Branch_4057,6377,9500,211.864406779661,1
3522,Branch_4058,9500,9559,2000.0,1
3523,Branch_4059,2395,2579,39.308176100628934,1
3524,Branch_4060,1869,2516,181.15942028985506,1
3525,Branch_4061,4483,5686,2000.0,1
3526,Branch_4062,4484,5686,2000.0,1
3527,Branch_4063,4306,5060,234.192037470726,1
3528,Branch_4064,4307,5061,69.1085003455425,1
3529,Branch_4065,4655,4661,2000.0,1
3530,Branch_4066,4655,4662,2000.0,1
3531,Branch_4067,7544,7597,199.20318725099602,1
3532,Branch_4068,8214,8507,59.844404548174744,1
3533,Branch_4069,8102,8440,7.96241738991958,1
3534,Branch_4070,1819,2579,76.04562737642586,1
3535,Branch_4071,5906,6553,136.05442176870747,1
3536,Branch_4072,5803,6012,19.120458891013385,1
3537,Branch_4073,5405,5901,66.8002672010688,1
3538,Branch_4074,5803,6653,215.9827213822894,1
3539,Branch_4075,4279,5803,215.9827213822894,1
3540,Branch_4076,5901,6012,27.389756231169542,1
3541,Branch_4078,5902,6191,128.2051282051282,1
3542,Branch_4079,1798,1820,131.06159895150722,1
3543,Branch_4080,5631,6067,118.48341232227489,1
3544,Branch_4081,4564,5631,246.30541871921181,1
3545,Branch_4082,5478,6067,61.84291898577613,1
3546,Branch_4083,5478,5920,39.29273084479372,1
3547,Branch_4084,2456,2645,95.14747859181732,1
3548,Branch_4085,4546,6647,53.475935828877006,1
3549,Branch_4086,4546,4564,50.45408678102926,1
3550,Branch_4087,4566,6647,64.85084306095979,1
3551,Branch_4088,1776,2662,94.07337723424271,1
3552,Branch_4089,4989,6669,120.62726176115802,1
3553,Branch_4090,4566,4989,606.060606060606,1
3554,Branch_4091,3277,3446,6.700616456714018,1
3555,Branch_4093,3993,6253,60.132291040288635,1
3556,Branch_4095,5920,6253,25.201612903225808,1
3557,Branch_4096,2259,2300,380.22813688212926,1
3558,Branch_4097,5982,6669,141.44271570014143,1
3559,Branch_4098,5982,6671,63.653723742838956,1
3560,Branch_4099,4955,6671,189.75332068311195,1
3561,Branch_4100,4955,6064,151.9756838905775,1
3562,Branch_4101,5968,6671,75.47169811320755,1
3563,Branch_4102,5648,6064,192.30769230769232,1
3564,Branch_4103,4984,5648,247.52475247524754,1
3565,Branch_4104,7388,7534,2000.0,1
3566,Branch_4105,5981,6669,141.44271570014143,1
3567,Branch_4106,5981,6671,63.653723742838956,1
3568,Branch_4107,2336,2500,58.17335660267597,1
3569,Branch_4108,4689,6518,36.231884057971016,1
3570,Branch_4109,4689,4941,41.82350480970305,1
3571,Branch_4111,5479,6633,431.0344827586207,1
3572,Branch_4112,4889,5185,172.41379310344828,1
3573,Branch_4113,4889,4941,46.23208506703652,1
3574,Branch_4114,5185,6633,1000.0,1
3575,Branch_4115,5288,5479,324.6753246753247,1
3576,Branch_4116,5341,5437,140.8450704225352,1
3577,Branch_4117,5341,6518,53.219797764768494,1
3578,Branch_4118,5034,5341,113.63636363636364,1
3579,Branch_4119,5034,5671,38.92565200467108,1
3580,Branch_4120,4564,5437,31.220730565095224,1
3581,Branch_4121,5182,6518,2000.0,1
3582,Branch_4122,1209,1888,5.858574023082782,1
3583,Branch_4123,4564,6518,21.729682746631898,1
3584,Branch_4124,4264,6669,134.40860215053763,1
3585,Branch_4125,4264,5479,45.558086560364465,1
3586,Branch_4126,1779,2336,75.47169811320755,1
3587,Branch_4127,6310,6318,49.75124378109453,1
3588,Branch_4128,4269,6310,133.15579227696404,1
3589,Branch_4129,4269,5479,124.06947890818859,1
3590,Branch_4130,2285,2934,3.6358347876672483,1
3591,Branch_4131,1897,2285,3.8504485772592507,1
3592,Branch_4132,4566,6228,209.20502092050208,1
3593,Branch_4133,2336,2521,57.50431282346176,1
3594,Branch_4134,5838,6553,282.4858757062147,1
3595,Branch_4135,3728,3736,28.818443804034583,1
3596,Branch_4136,3703,4049,27.159152634437806,1
3597,Branch_4137,4049,4070,40.502227622519236,1
3598,Branch_4138,3703,3804,57.43825387708214,1
3599,Branch_4139,3736,3804,79.36507936507937,1
3600,Branch_4140,4824,6228,237.52969121140143,1
3601,Branch_4141,4566,6228,209.20502092050208,1
3602,Branch_4142,4823,6228,237.52969121140143,1
3603,Branch_4143,1764,2456,123.00123001230013,1
3604,Branch_4144,4893,5838,95.32888465204957,1
3605,Branch_4145,3702,4112,87.7963125548727,1
3606,Branch_4147,3728,3811,13.62954886193267,1
3607,Branch_4148,3685,3702,30.111412225233362,1
3608,Branch_4149,3811,4112,28.768699654775602,1
3609,Branch_4150,4038,4111,30.33060357901122,1
3610,Branch_4151,3689,4111,19.138755980861244,1
3611,Branch_4152,3814,4120,79.11392405063292,1
3612,Branch_4153,3689,4120,23.90057361376673,1
3613,Branch_4154,3814,3977,70.77140835102618,1
3614,Branch_4155,3831,3977,107.64262648008611,1
3615,Branch_4156,1821,2395,30.959752321981423,1
3616,Branch_4157,3685,3831,51.733057423693744,1
3617,Branch_4158,8112,8367,274.72527472527474,1
3618,Branch_4159,8214,9005,18.52537977028529,1
3619,Branch_4161,1821,2395,86.50519031141869,1
3620,Branch_4162,3728,3958,120.1923076923077,1
3621,Branch_4163,3657,4064,66.62225183211193,1
3622,Branch_4164,3657,3958,925.925925925926,1
3623,Branch_4165,8108,8358,15.997440409534475,1
3624,Branch_4166,3131,5461,103.62694300518135,1
3625,Branch_4167,3656,4063,66.62225183211193,1
3626,Branch_4169,8226,8851,29.7000297000297,1
3627,Branch_4170,1901,2395,97.75171065493646,1
3628,Branch_4171,2215,2636,248.75621890547265,1
3629,Branch_4172,2513,2552,154.5595054095827,1
3630,Branch_4173,2552,2592,50.9683995922528,1
3631,Branch_4174,2384,2461,39.936102236421725,1
3632,Branch_4175,2384,2603,123.45679012345678,1
3633,Branch_4176,2384,2603,123.45679012345678,1
3634,Branch_4177,2384,2528,1010.10101010101,1
3635,Branch_4178,2303,2384,25.95380223202699,1
3636,Branch_4179,1933,2033,107.87486515641855,1
3637,Branch_4180,1960,2033,240.96385542168676,1
3638,Branch_4181,2320,2690,168.63406408094434,1
3639,Branch_4182,2320,2507,90.41591320072332,1
3640,Branch_4183,1843,1933,125.62814070351759,1
3641,Branch_4184,2781,3296,2000.0,1
3642,Branch_4185,2781,3042,41.78854993731718,1
3643,Branch_4186,2781,2782,32.25806451612903,1
3644,Branch_4187,3412,3411,9.975062344139651,1
3645,Branch_4188,3413,3411,8.053475074494644,1
3646,Branch_4189,3181,3412,56.36978579481398,1
3647,Branch_4190,3215,3413,47.80114722753346,1
3648,Branch_4191,3182,3412,20.868113522537563,1
3649,Branch_4192,3045,3411,132.27513227513228,1
3650,Branch_4193,3036,3411,56.94760820045558,1
3651,Branch_4194,3411,4997,8.682062858135092,1
3652,Branch_4195,3025,3412,18.51851851851852,1
3653,Branch_4197,3013,3043,165.28925619834712,1
3654,Branch_4198,3043,3298,63.33122229259025,1
3655,Branch_4199,4291,6132,2000.0,1
3656,Branch_4200,4291,6132,2000.0,1
3657,Branch_4201,3337,3340,11.771630370806356,1
3658,Branch_4202,3339,3338,10.770059235325794,1
3659,Branch_4203,3282,3338,12.60239445494644,1
3660,Branch_4204,3339,3537,8.442380751371887,1
3661,Branch_4205,3012,3337,83.89261744966443,1
3662,Branch_4206,3011,3339,22.22716159146477,1
3663,Branch_4207,3338,9418,6.93000693000693,1
3664,Branch_4208,3297,3338,102.45901639344262,1
3665,Branch_4209,3007,3339,18.674136321195146,1
3666,Branch_4210,3024,3337,71.4796283059328,1
3667,Branch_4211,3337,3338,2000.0,1
3668,Branch_4212,3339,3396,42.80821917808219,1
3669,Branch_4213,3120,3181,23.798191337458352,1
3670,Branch_4214,3181,3216,346.02076124567475,1
3671,Branch_4215,2935,3215,13.960631020522127,1
3672,Branch_4216,3111,3215,57.04506560182544,1
3673,Branch_4217,3215,3410,13.368983957219251,1
3674,Branch_4218,5864,5940,131.92612137203167,1
3675,Branch_4219,5863,5929,22.81021897810219,1
3676,Branch_4220,3039,3183,30.75030750307503,1
3677,Branch_4221,6781,7624,28.28854314002829,1
3678,Branch_4222,7624,7625,0.7584376185058779,1
3679,Branch_4223,176,183,2000.0,1
3680,Branch_4224,176,750,18.864365214110546,1
3681,Branch_4225,176,260,273.972602739726,1
3682,Branch_4226,9118,9571,57.04506560182544,1
3683,Branch_4227,9118,9119,11.316057485572026,1
3684,Branch_4228,9485,9494,2000.0,1
3685,Branch_4229,6857,6859,46.57661853749418,1
3686,Branch_4230,6860,6859,-478.4688995215311,1
3687,Branch_4231,6858,6859,8.92379082634303,1
3688,Branch_4232,6861,6862,46.8384074941452,1
3689,Branch_4233,6860,6862,-564.9717514124294,1
3690,Branch_4234,6863,6862,8.949346697691068,1
3691,Branch_4235,4302,5855,709.2198581560284,1
3692,Branch_4236,8282,8917,23.13208420078649,1
3693,Branch_4237,8282,8651,34.85535029627048,1
3694,Branch_4238,1,1200,168.35016835016836,1
3695,Branch_4239,4,1200,184.84288354898337,1
3696,Branch_4240,1,1584,101.9367991845056,1
3697,Branch_4241,1,1581,102.56410256410257,1
3698,Branch_4242,3,1650,115.74074074074075,1
3699,Branch_4243,4,1031,178.57142857142858,1
3700,Branch_4244,1,1032,172.41379310344828,1
3701,Branch_4245,2,4,1149.4252873563219,1
3702,Branch_4246,3,854,186.9158878504673,1
3703,Branch_4247,3,1673,209.64360587002096,1
3704,Branch_4248,1,5,118.90606420927467,1
3705,Branch_4249,3,5,95.96928982725528,1
3706,Branch_4250,7,5,9.517464547444561,1
3707,Branch_4251,1,6,-500.0,1
3708,Branch_4252,3,6,58.13953488372093,1
3709,Branch_4253,8,6,9.912767644726408,1
3710,Branch_4254,216,1746,2000.0,1
3711,Branch_4255,216,215,9.560229445506693,1
3712,Branch_4256,674,1495,62.5,1
3713,Branch_4257,453,674,134.58950201884252,1
3714,Branch_4258,9416,9417,29.07822041291073,1
3715,Branch_4259,9416,9412,16.67778519012675,1
3716,Branch_4260,9416,9413,16.67778519012675,1
3717,Branch_4261,9416,9414,16.67778519012675,1
3718,Branch_4262,9415,9409,6.166368625516434,1
3719,Branch_4263,9415,9410,6.166368625516434,1
3720,Branch_4264,9415,9411,6.166368625516434,1
3721,Branch_4265,8004,8099,111.35857461024499,1
3722,Branch_4266,9418,9424,970.8737864077669,1
3723,Branch_4267,314,1119,1851.851851851852,1
3724,Branch_4268,314,1122,33.80662609871535,1
3725,Branch_4269,314,1134,2000.0,1
3726,Branch_4270,314,586,18.311664530305805,1
3727,Branch_4271,314,776,18.825301204819276,1
3728,Branch_4272,314,1580,22.256843979523705,1
3729,Branch_4273,314,1062,193.05019305019306,1
3730,Branch_4274,9073,9772,4.751045229950589,1
3731,Branch_4275,9054,9073,5.530361685654242,1
3732,Branch_4276,403,826,96.61835748792271,1
3733,Branch_4277,403,465,77.33952049497293,1
3734,Branch_4278,5125,5797,45.45454545454545,1
3735,Branch_4279,5125,5468,396.8253968253968,1
3736,Branch_4280,5125,6324,2000.0,1
3737,Branch_4281,4628,4629,12.439358129120537,1
3738,Branch_4282,3038,3045,36.14022406938923,1
3739,Branch_4283,8334,8923,27.034333603676668,1
3740,Branch_4284,8334,8921,58.309037900874635,1
3741,Branch_4285,8166,8334,158.9825119236884,1
3742,Branch_4286,8103,8334,101.83299389002036,1
3743,Branch_4287,8334,8336,2000.0,1
3744,Branch_4288,8335,8336,2000.0,1
3745,Branch_4289,8334,8335,2000.0,1
3746,Branch_4290,8077,8334,162.60162601626016,1
3747,Branch_4292,6839,7402,53.61930294906166,1
3748,Branch_4293,8342,9023,87.48906386701663,1
3749,Branch_4294,8299,8342,409.8360655737705,1
3750,Branch_4295,4434,5879,157.9778830963665,1
3751,Branch_4296,424,1326,534.75935828877,1
3752,Branch_4297,425,1469,90.09009009009009,1
3753,Branch_4298,424,1370,454.54545454545456,1
3754,Branch_4299,425,1370,444.44444444444446,1
3755,Branch_4300,423,424,2000.0,1
3756,Branch_4301,425,426,2000.0,1
3757,Branch_4302,9588,9589,16.423057973394645,1
3758,Branch_4303,9588,9590,10.11326860841424,1
3759,Branch_4304,9574,9588,111.48272017837235,1
3760,Branch_4305,8307,8734,42.99226139294927,1
3761,Branch_4306,8194,8307,55.248618784530386,1
3762,Branch_4309,8307,8673,277.0083102493075,1
3763,Branch_4310,8135,8307,144.50867052023122,1
3764,Branch_4311,9321,9347,45.51661356395084,1
3765,Branch_4312,9321,9347,45.51661356395084,1
3766,Branch_4313,9347,9471,103.30578512396694,1
3767,Branch_4315,822,823,14.10238330277817,1
3768,Branch_4316,8076,8923,29.07822041291073,1
3769,Branch_4317,8076,8193,34.602076124567475,1
3770,Branch_4318,5656,5722,2.4731049833065413,1
3771,Branch_4319,4439,5656,120.91898428053204,1
3772,Branch_4320,4439,5656,149.7005988023952,1
3773,Branch_4321,3451,4439,30.807147258163894,1
3774,Branch_4322,2978,3451,9.748488984207448,1
3775,Branch_4324,3451,4611,26.455026455026456,1
3776,Branch_4326,4609,5466,26.52519893899204,1
3777,Branch_4327,4441,5466,7.261636772928618,1
3778,Branch_4328,8105,8317,81.10300081103001,1
3779,Branch_4329,8317,8396,128.04097311139566,1
3780,Branch_4330,8317,8429,66.48936170212765,1
3781,Branch_4331,384,1467,241.54589371980677,1
3782,Branch_4332,384,1466,240.96385542168676,1
3783,Branch_4333,4483,5126,68.07351940095303,1
3784,Branch_4334,4826,5126,40.83299305839118,1
3785,Branch_4335,8782,8785,2000.0,1
3786,Branch_4336,8785,8784,14.355440712029859,1
3787,Branch_4337,5332,6262,2000.0,1
3788,Branch_4338,9323,9324,2.375014843842774,1
3789,Branch_4339,9322,9324,-826.4462809917355,1
3790,Branch_4340,9321,9324,22.246941045606228,1
3791,Branch_4341,9321,9332,52.35602094240838,1
3792,Branch_4342,9321,9348,102.35414534288638,1
3793,Branch_4343,9312,9321,31.79650238473768,1
3794,Branch_4345,8205,8204,7.7226040620897365,1
3795,Branch_4346,8204,8458,10.955302366345311,1
3796,Branch_4347,8205,8373,4.9147294441441,1
3797,Branch_4348,8205,8390,6.141751627564181,1
3798,Branch_4349,8154,8205,18.365472910927455,1
3799,Branch_4350,8361,9003,144.0922190201729,1
3800,Branch_4351,8303,8361,1960.7843137254902,1
3801,Branch_4352,387,1028,199.20318725099602,1
3802,Branch_4353,52,1028,531.9148936170212,1
3803,Branch_4354,6839,6840,210.9704641350211,1
3804,Branch_4355,6839,7293,28.5143997718848,1
3805,Branch_4356,6771,6772,5.478851632697786,1
3806,Branch_4357,6771,7522,2.9409169779137136,1
3807,Branch_4358,6772,7021,3.725643604932752,1
3808,Branch_4359,6771,7474,105.48523206751055,1
3809,Branch_4360,6771,7434,4.190939189472361,1
3810,Branch_4361,6771,6772,5.154107823935677,1
3811,Branch_4362,6771,7578,6.800408024481469,1
3812,Branch_4363,5838,5840,70.4225352112676,1
3813,Branch_4364,5842,5840,72.25433526011561,1
3814,Branch_4365,5837,5840,5.22384161312229,1
3815,Branch_4366,5839,5844,92.42144177449168,1
3816,Branch_4367,5843,5844,207.4688796680498,1
3817,Branch_4368,5845,5844,12.420817289777668,1
3818,Branch_4369,5841,5842,63.492063492063494,1
3819,Branch_4370,5841,5843,95.23809523809524,1
3820,Branch_4371,417,768,4.595588235294118,1
3821,Branch_4372,8590,9021,292.39766081871346,1
3822,Branch_4373,8590,9022,292.39766081871346,1
3823,Branch_4374,7427,7552,7.666360012266176,1
3824,Branch_4375,6876,7552,3.8370040672243113,1
3825,Branch_4376,7474,7552,2.6962899050905955,1
3826,Branch_4377,7434,7552,6.952169076751947,1
3827,Branch_4378,7427,7561,1.614595947364172,1
3828,Branch_4379,7217,7216,8.902341315766046,1
3829,Branch_4380,2423,2422,4.130183380142078,1
3830,Branch_4381,2423,2422,4.130183380142078,1
3831,Branch_4382,8841,9010,105.04201680672269,1
3832,Branch_4384,5301,5300,1.3077365695454308,1
3833,Branch_4385,715,894,56.33802816901409,1
3834,Branch_4386,715,1514,15.629884338855893,1
3835,Branch_4387,2834,2833,5.00175061271445,1
3836,Branch_4388,2836,2835,12.003360941063498,1
3837,Branch_4389,2834,3572,2000.0,1
3838,Branch_4391,3073,3269,10.862480990658266,1
3839,Branch_4392,3122,3269,12.81722635221738,1
3840,Branch_4395,2834,2836,168.9189189189189,1
3841,Branch_4396,2936,3148,35.19887363604364,1
3842,Branch_4397,3342,3344,3.6084148233680944,1
3843,Branch_4398,3342,3343,3.6084148233680944,1
3844,Branch_4399,3148,3342,134.2281879194631,1
3845,Branch_4400,277,285,13.315579227696405,1
3846,Branch_4401,277,287,13.422818791946309,1
3847,Branch_4402,277,286,13.315579227696405,1
3848,Branch_4403,277,283,13.717421124828531,1
3849,Branch_4404,278,281,13.315579227696405,1
3850,Branch_4405,278,288,13.315579227696405,1
3851,Branch_4406,278,284,13.717421124828531,1
3852,Branch_4407,277,282,19.611688566385567,1
3853,Branch_4408,364,365,14.326647564469914,1
3854,Branch_4409,364,365,14.326647564469914,1
3855,Branch_4410,276,277,2000.0,1
3856,Branch_4411,276,277,2000.0,1
3857,Branch_4412,278,289,2000.0,1
3858,Branch_4413,278,289,2000.0,1
3859,Branch_4414,1527,1528,95.60229445506693,1
3860,Branch_4415,421,1529,179.85611510791367,1
3861,Branch_4416,419,1528,85.1063829787234,1
3862,Branch_4417,261,1527,199.20318725099602,1
3863,Branch_4418,231,1527,178.89087656529517,1
3864,Branch_4419,1528,1530,2000.0,1
3865,Branch_4420,3475,3476,8.791208791208792,1
3866,Branch_4421,6460,6462,46.27487274409995,1
3867,Branch_4422,6458,6462,-460.8294930875576,1
3868,Branch_4423,6463,6462,8.98876404494382,1
3869,Branch_4424,6460,6459,46.59832246039143,1
3870,Branch_4425,6458,6459,-476.1904761904762,1
3871,Branch_4426,6461,6459,8.994423457456376,1
3872,Branch_4427,2777,3475,39.23107100823852,1
3873,Branch_4428,4556,4557,12.661433274246646,1
3874,Branch_4429,4556,4558,14.001680201624195,1
3875,Branch_4430,4549,4556,205.76131687242798,1
3876,Branch_4431,2862,2863,10.74922068150059,1
3877,Branch_4432,2862,2864,10.902747492368077,1
3878,Branch_4433,2855,2862,1369.86301369863,1
3879,Branch_4434,2138,2289,13.083867591259976,1
3880,Branch_4435,8630,8840,1351.3513513513512,1
3881,Branch_4436,8840,8839,13.689253935660506,1
3882,Branch_4438,4335,4826,50.9683995922528,1
3883,Branch_4439,3010,3072,10.676916506512919,1
3884,Branch_4440,3010,3463,2000.0,1
3885,Branch_4441,3010,3355,8.555783709787816,1
3886,Branch_4442,8722,8760,122.24938875305624,1
3887,Branch_4443,8760,8866,127.7139208173691,1
3888,Branch_4445,8760,8766,2000.0,1
3889,Branch_4446,8760,8818,52.882072977260705,1
3890,Branch_4448,8063,8760,111.48272017837235,1
3891,Branch_4449,2873,2872,14.110342881332016,1
3892,Branch_4450,2873,2874,10.529640939243972,1
3893,Branch_4451,4181,5058,2000.0,1
3894,Branch_4452,8443,8946,138.69625520110958,1
3895,Branch_4453,8381,8443,79.23930269413628,1
3896,Branch_4454,8379,8444,15.535187199005748,1
3897,Branch_4455,8203,8444,45.62043795620438,1
3898,Branch_4456,6242,6241,12.924906294429366,1
3899,Branch_4457,6242,6243,2000.0,1
3900,Branch_4458,2715,3356,29.735355337496284,1
3901,Branch_4459,2715,3143,7.85299198994817,1
3902,Branch_4460,2715,3106,4.391936404760859,1
3903,Branch_4461,3585,3586,13.831258644536653,1
3904,Branch_4462,2840,3585,2000.0,1
3905,Branch_4466,2813,3356,8.548469823901522,1
3906,Branch_4467,9415,9417,2000.0,1
3907,Branch_4468,3622,3621,8.05607024893257,1
3908,Branch_4469,3535,3622,2000.0,1
3909,Branch_4470,3834,3836,19.79414093428345,1
3910,Branch_4471,3836,3837,92.85051067780873,1
3911,Branch_4472,1404,1710,162.60162601626016,1
3912,Branch_4473,1404,1674,116.82242990654206,1
3913,Branch_4474,414,1459,2000.0,1
3914,Branch_4475,414,1459,2000.0,1
3915,Branch_4476,4579,4580,8.89125989152663,1
3916,Branch_4477,4579,4582,8.89125989152663,1
3917,Branch_4478,4579,4583,8.89125989152663,1
3918,Branch_4479,4579,4581,8.89125989152663,1
3919,Branch_4480,4579,9594,369.00369003690037,1
3920,Branch_4481,7886,7887,16.54807214959457,1
3921,Branch_4482,7158,7886,2000.0,1
3922,Branch_4483,1149,1151,4.168403501458942,1
3923,Branch_4484,1150,1149,10.529640939243972,1
3924,Branch_4485,1152,1148,10.529640939243972,1
3925,Branch_4486,8210,8350,96.24639076034649,1
3926,Branch_4487,4540,4647,2000.0,1
3927,Branch_4488,4540,4541,20.084354288009642,1
3928,Branch_4489,4540,4542,20.084354288009642,1
3929,Branch_4490,7866,7867,12.691965985531159,1
3930,Branch_4491,7110,7866,216.45021645021646,1
3931,Branch_4492,8079,8080,22.109219544550076,1
3932,Branch_4493,8079,8415,7.495689978262499,1
3933,Branch_4494,8080,8218,53.219797764768494,1
3934,Branch_4495,8080,8348,60.93845216331505,1
3935,Branch_4496,8079,8998,20.189783969311527,1
3936,Branch_4497,8112,8489,47.596382674916704,1
3937,Branch_4498,8489,8954,94.42870632672333,1
3938,Branch_4499,8489,8940,98.32841691248771,1
3939,Branch_4503,1313,1479,148.14814814814815,1
3940,Branch_4504,1300,1313,226.75736961451247,1
3941,Branch_4505,8189,8369,9.7380465478625,1
3942,Branch_4506,8189,8479,12.802458071949815,1
3943,Branch_4507,3000,3022,25.374270489723422,1
3944,Branch_4508,3011,3022,31.357792411414238,1
3945,Branch_4509,3788,4178,375.9398496240602,1
3946,Branch_4510,3785,3788,2000.0,1
3947,Branch_4511,2966,3165,6.128201985537443,1
3948,Branch_4512,2966,2977,9.066183136899365,1
3949,Branch_4515,211,1133,2000.0,1
3950,Branch_4516,941,1133,29.18855808523059,1
3951,Branch_4517,1133,1554,30.835646006783843,1
3952,Branch_4519,382,749,156.25,1
3953,Branch_4520,382,1421,48.99559039686428,1
3954,Branch_4521,6252,6250,15.082956259426847,1
3955,Branch_4522,6252,6251,15.082956259426847,1
3956,Branch_4523,8152,8151,13.914011409489357,1
3957,Branch_4524,8086,8151,15.878056525881233,1
3958,Branch_4525,8152,8351,8.253549026081215,1
3959,Branch_4526,8001,8151,28.727377190462512,1
3960,Branch_4527,8151,8700,7.830240388379924,1
3961,Branch_4528,8151,8153,2000.0,1
3962,Branch_4529,4328,6252,2000.0,1
3963,Branch_4530,4526,4549,82.98755186721992,1
3964,Branch_4532,9027,9028,15.010507355148604,1
3965,Branch_4533,9028,9818,13.599891200870394,1
3966,Branch_4534,9027,9085,6.169031462060457,1
3967,Branch_4535,9028,9115,2.9324653235975484,1
3968,Branch_4536,9027,9095,5.435668859053107,1
3969,Branch_4537,9028,9173,10.155377272265664,1
3970,Branch_4538,9028,9731,19.18649270913277,1
3971,Branch_4539,9325,9447,140.4494382022472,1
3972,Branch_4540,9447,9448,10.427528675703858,1
3973,Branch_4541,3057,3073,14.511681903932665,1
3974,Branch_4542,3057,3067,3.8668264954951472,1
3975,Branch_4543,7128,7136,55.83472920156337,1
3976,Branch_4544,7136,7411,29.682398337785692,1
3977,Branch_4545,4113,4112,6.218905472636816,1
3978,Branch_4546,3833,3872,32.637075718015666,1
3979,Branch_4547,4161,4163,20.36659877800407,1
3980,Branch_4548,4161,4162,2.7404017428955085,1
3981,Branch_4549,4088,4161,72.15007215007215,1
3982,Branch_4550,4100,4161,30.3951367781155,1
3983,Branch_4551,3727,4161,19.496977968414896,1
3984,Branch_4552,7280,7372,18.01801801801802,1
3985,Branch_4553,7372,7448,15.873015873015873,1
3986,Branch_4554,6749,7291,3.45447008428907,1
3987,Branch_4555,3250,7291,5.684402000909504,1
3988,Branch_4557,729,1746,85.17887563884156,1
3989,Branch_4558,97,729,91.6590284142988,1
3990,Branch_4559,4925,5057,25.926886180969664,1
3991,Branch_4560,2086,2085,14.78415138971023,1
3992,Branch_4561,5340,5703,50.55611729019211,1
3993,Branch_4562,2140,2139,1.4442310191938301,1
3994,Branch_4563,2569,2571,30.111412225233362,1
3995,Branch_4564,2570,2571,-233.6448598130841,1
3996,Branch_4565,2573,2571,9.004141905276427,1
3997,Branch_4566,2569,2572,25.806451612903224,1
3998,Branch_4567,2570,2572,-108.34236186348862,1
3999,Branch_4568,2574,2572,5.991611743559018,1
4000,Branch_4569,2140,2697,2000.0,1
4001,Branch_4570,736,1195,980.3921568627451,1
4002,Branch_4571,736,783,193.7984496124031,1
4003,Branch_4572,8639,8845,43.51610095735422,1
4004,Branch_4573,8400,8845,92.85051067780873,1
4005,Branch_4574,4523,6502,6.889424733034792,1
4006,Branch_4575,4523,5322,6.660893891960301,1
4007,Branch_4576,3208,3349,35.49875754348598,1
4008,Branch_4577,3173,3208,12.891581797086502,1
4009,Branch_4580,3579,3578,10.183299389002038,1
4010,Branch_4581,3579,3577,11.516756881262237,1
4011,Branch_4582,7243,7242,10.932546190007653,1
4012,Branch_4583,4283,4600,68.82312456985547,1
4013,Branch_4585,9330,9827,182.4817518248175,1
4014,Branch_4586,9591,9827,1538.4615384615386,1
4015,Branch_4587,9625,9827,123.76237623762377,1
4016,Branch_4588,2998,3579,404.8582995951417,1
4017,Branch_4589,489,528,46.57661853749418,1
4018,Branch_4590,488,749,67.79661016949153,1
4019,Branch_4591,98,489,40.51863857374392,1
4020,Branch_4592,488,750,819.672131147541,1
4021,Branch_4593,489,490,132.1003963011889,1
4022,Branch_4594,488,491,41.06776180698152,1
4023,Branch_4595,3898,3899,24.563989191844755,1
4024,Branch_4596,3892,3899,1010.10101010101,1
4025,Branch_4597,8020,8530,200.0,1
4026,Branch_4598,8530,8651,135.50135501355012,1
4027,Branch_4599,9301,9575,2000.0,1
4028,Branch_4600,9584,9587,141.44271570014143,1
4029,Branch_4601,9585,9587,17.953321364452425,1
4030,Branch_4602,9586,9587,17.83484929552345,1
4031,Branch_4603,9575,9584,2000.0,1
4032,Branch_4604,114,322,65.06180871828236,1
4033,Branch_4605,322,662,151.285930408472,1
4034,Branch_4607,322,319,14.374011786689666,1
4035,Branch_4608,322,321,14.378145219266715,1
4036,Branch_4609,322,318,14.371945961483185,1
4037,Branch_4610,322,320,14.230823964707557,1
4038,Branch_4611,1800,2409,33.88681802778719,1
4039,Branch_4612,1800,2165,201.61290322580646,1
4040,Branch_4613,1800,2429,91.24087591240875,1
4041,Branch_4614,2450,2511,26.52519893899204,1
4042,Branch_4615,2450,2471,130.89005235602093,1
4043,Branch_4616,2220,2450,113.12217194570135,1
4044,Branch_4617,1775,2651,57.142857142857146,1
4045,Branch_4618,1775,1967,74.90636704119851,1
4046,Branch_4619,45,1514,877.1929824561404,1
4047,Branch_4620,45,48,390.625,1
4048,Branch_4621,39,48,9.514747859181732,1
4049,Branch_4622,40,48,9.48676596148373,1
4050,Branch_4623,45,46,353.35689045936397,1
4051,Branch_4624,41,46,9.908838684106223,1
4052,Branch_4625,42,46,9.813542688910697,1
4053,Branch_4626,45,47,314.4654088050315,1
4054,Branch_4627,43,47,10.068465565847765,1
4055,Branch_4628,44,47,10.024057738572575,1
4056,Branch_4629,2332,2639,24.563989191844755,1
4057,Branch_4630,2331,2639,6.695232994108195,1
4058,Branch_4631,8388,8806,9.399379640943698,1
4059,Branch_4632,8132,8806,14.755791648221926,1
4060,Branch_4633,8225,8806,3.872216844143272,1
4061,Branch_4634,8801,8806,9.821253191907287,1
4062,Branch_4636,8576,8574,6.818491749624983,1
4063,Branch_4637,4543,4544,12.306177701206005,1
4064,Branch_4638,4543,4545,8.880994671403197,1
4065,Branch_4639,4526,4543,283.28611898017,1
4066,Branch_4640,5107,5675,9.736150326161036,1
4067,Branch_4641,4998,5675,5.590339892665474,1
4068,Branch_4642,9651,9653,37.18854592785422,1
4069,Branch_4643,9652,9654,37.18854592785422,1
4070,Branch_4644,7638,7764,520.8333333333334,1
4071,Branch_4645,9655,9653,16.68613382279326,1
4072,Branch_4646,9655,9654,16.929067208396816,1
4073,Branch_4647,7638,7826,102.77492291880782,1
4074,Branch_4648,7638,7826,102.77492291880782,1
4075,Branch_4649,3193,3192,8.274036074797285,1
4076,Branch_4650,3063,3193,22.893772893772894,1
4077,Branch_4654,2846,3193,12.184720360667722,1
4078,Branch_4655,3052,3192,12.414649286157665,1
4079,Branch_4656,3171,3192,8.218952905399853,1
4080,Branch_4657,3192,3253,3.6391426179991995,1
4081,Branch_4658,3050,3192,7.15922107674685,1
4082,Branch_4659,3193,3536,12.871669455528382,1
4083,Branch_4660,2566,2567,4.370629370629371,1
4084,Branch_4661,2566,2567,4.80884828083674,1
4085,Branch_4663,4655,6637,111.48272017837235,1
4086,Branch_4664,4655,6679,197.23865877712032,1
4087,Branch_4665,8365,8664,17.205781142463866,1
4088,Branch_4666,1222,1410,123.45679012345678,1
4089,Branch_4667,1221,1410,61.12469437652812,1
4090,Branch_4668,7561,7562,7.987220447284345,1
4091,Branch_4669,7561,7674,7.980209081477935,1
4092,Branch_4670,7562,7731,2000.0,1
4093,Branch_4671,3069,3471,4.685376938574708,1
4094,Branch_4672,3069,3071,54.585152838427945,1
4095,Branch_4673,2805,3069,10.049241282283187,1
4096,Branch_4674,3071,7512,3.428414701042238,1
4097,Branch_4675,7059,7061,8.623663332183511,1
4098,Branch_4676,7059,7060,8.686587908269631,1
4099,Branch_4677,7022,7059,92.50693802035153,1
4100,Branch_4678,1220,1222,156.25,1
4101,Branch_4679,947,1222,208.33333333333334,1
4102,Branch_4680,5833,6281,24.515812699190977,1
4103,Branch_4681,2256,6281,11.032656663724625,1
4104,Branch_4682,4911,6567,6.3742988271290155,1
4105,Branch_4683,8667,8846,67.15916722632639,1
4106,Branch_4684,8632,8846,38.19709702062643,1
4107,Branch_4685,6928,7712,159.4896331738437,1
4108,Branch_4686,6877,6928,367.6470588235294,1
4109,Branch_4687,1850,1853,12.232415902140673,1
4110,Branch_4688,1850,1852,12.232415902140673,1
4111,Branch_4689,1850,1851,18.25150574922431,1
4112,Branch_4690,3592,3591,8.982304859426929,1
4113,Branch_4691,3446,3592,1428.5714285714287,1
4114,Branch_4692,8197,8198,5.396654074473826,1
4115,Branch_4693,8198,8324,27.107617240444565,1
4116,Branch_4694,8171,8507,1428.5714285714287,1
4117,Branch_4695,8171,8598,11.462631820265933,1
4118,Branch_4696,8171,8370,95.69377990430623,1
4119,Branch_4697,8094,8321,3.1017369727047144,1
4120,Branch_4698,8197,8964,3.286230693394676,1
4121,Branch_4699,605,1153,8.648274669203493,1
4122,Branch_4700,9077,9766,19.01863826550019,1
4123,Branch_4701,9198,9766,6.776445076912651,1
4124,Branch_4702,3787,4058,26.504108136761197,1
4125,Branch_4703,102,1541,103.09278350515464,1
4126,Branch_4704,1026,1541,134.77088948787062,1
4127,Branch_4705,579,605,3.2372936225315634,1
4128,Branch_4707,396,1367,242.13075060532688,1
4129,Branch_4708,396,1368,245.09803921568627,1
4130,Branch_4709,474,1544,1428.5714285714287,1
4131,Branch_4710,1544,1662,297.6190476190476,1
4132,Branch_4711,1544,1546,2.7979071654402508,1
4133,Branch_4713,8661,8735,1470.5882352941176,1
4134,Branch_4714,8661,8662,8.64304235090752,1
4135,Branch_4715,8661,8663,8.64304235090752,1
4136,Branch_4716,9202,9300,62.93266205160478,1
4137,Branch_4717,4334,4617,261.0966057441253,1
4138,Branch_4719,4334,4939,225.22522522522522,1
4139,Branch_4720,9300,9299,14.255167498218103,1
4140,Branch_4721,1119,1113,4.738887309259786,1
4141,Branch_4722,1119,1114,4.738887309259786,1
4142,Branch_4723,1119,1115,4.738887309259786,1
4143,Branch_4724,1119,1116,4.738887309259786,1
4144,Branch_4725,1119,1117,4.738887309259786,1
4145,Branch_4726,1119,1118,4.738887309259786,1
4146,Branch_4727,1119,1120,4.739111890431733,1
4147,Branch_4728,1119,1121,4.739111890431733,1
4148,Branch_4729,135,1098,2000.0,1
4149,Branch_4730,135,136,16.423057973394645,1
4150,Branch_4731,135,137,16.423057973394645,1
4151,Branch_4732,1178,1177,10.50309841403214,1
4152,Branch_4733,245,437,297.6190476190476,1
4153,Branch_4734,296,437,427.35042735042737,1
4154,Branch_4736,678,703,33.3000333000333,1
4155,Branch_4737,678,1763,119.9040767386091,1
4156,Branch_4738,371,1102,54.70459518599562,1
4157,Branch_4739,739,1102,666.6666666666666,1
4158,Branch_4740,1102,1109,900.9009009009009,1
4159,Branch_4741,4017,4160,21.720243266724587,1
4160,Branch_4744,7675,7848,2000.0,1
4161,Branch_4745,8045,8560,4.198681613973212,1
4162,Branch_4746,9006,9007,2.392458969328676,1
4163,Branch_4749,8801,9006,21.677866897897246,1
4164,Branch_4750,8801,9006,34.34065934065934,1
4165,Branch_4752,5965,5966,9.054690329590729,1
4166,Branch_4753,6876,7468,2.2073593360263115,1
4167,Branch_4754,6736,7468,210.08403361344537,1
4168,Branch_4756,2753,2817,5.679559266200942,1
4169,Branch_4757,2817,3244,24.66091245376079,1
4170,Branch_4758,2760,2817,35.06311360448808,1
4171,Branch_4760,9385,9386,2000.0,1
4172,Branch_4761,2463,2464,4.883527860526445,1
4173,Branch_4762,4715,4714,13.908205841446453,1
4174,Branch_4763,5965,6281,4.546281142025823,1
4175,Branch_4764,9729,9777,7.939658594680429,1
4176,Branch_4765,1219,1737,284.9002849002849,1
4177,Branch_4766,3124,3334,16.283992835043154,1
4178,Branch_4767,3172,3334,69.58942240779402,1
4179,Branch_4769,9053,9465,37.0919881305638,1
4180,Branch_4770,1000,1219,349.65034965034965,1
4181,Branch_4771,9198,9286,5.223023085762039,1
4182,Branch_4772,9078,9286,6.19463544570402,1
4183,Branch_4773,8084,8966,88.88888888888889,1
4184,Branch_4774,8084,8268,99.10802775024777,1
4185,Branch_4775,8185,8507,67.34006734006734,1
4186,Branch_4776,8185,8268,80.12820512820512,1
4187,Branch_4777,5264,5680,38.80481179666278,1
4188,Branch_4778,8045,8046,10.0,1
4189,Branch_4779,8388,8937,3.0700273232431767,1
4190,Branch_4780,2380,2382,38.58024691358025,1
4191,Branch_4781,2379,2382,56.91519635742743,1
4192,Branch_4782,2381,2382,12.73074474856779,1
4193,Branch_4783,773,1099,1886.7924528301887,1
4194,Branch_4784,1099,1435,298.5074626865672,1
4195,Branch_4785,8580,8975,14.186409419775854,1
4196,Branch_4786,8442,8580,25.387154100025388,1
4197,Branch_4787,722,1189,33.05785123966942,1
4198,Branch_4788,785,1189,330.03300330033005,1
4199,Branch_4789,4419,5928,8.780402142418122,1
4200,Branch_4790,8567,8568,17.55001755001755,1
4201,Branch_4791,8276,8567,9.214891264283082,1
4202,Branch_4792,2132,2131,8.316699933466401,1
4203,Branch_4793,290,825,85.39709649871904,1
4204,Branch_4794,825,1710,70.92198581560284,1
4205,Branch_4795,1328,1563,73.20644216691069,1
4206,Branch_4796,1049,1563,480.7692307692308,1
4207,Branch_4797,1563,1564,5.01002004008016,1
4208,Branch_4798,324,428,78.61635220125787,1
4209,Branch_4799,79,428,126.10340479192938,1
4210,Branch_4800,235,1322,219.2982456140351,1
4211,Branch_4801,235,746,122.54901960784314,1
4212,Branch_4802,5080,6676,4.593477262287552,1
4213,Branch_4803,5357,6676,5.588777734309507,1
4214,Branch_4804,597,717,27.59381898454746,1
4215,Branch_4807,7511,7513,2000.0,1
4216,Branch_4808,7512,7511,5.805515239477503,1
4217,Branch_4809,7512,7511,6.053635207942369,1
4218,Branch_4810,6806,7512,9.820288716488264,1
4219,Branch_4811,6981,7513,48.03073967339097,1
4220,Branch_4812,7489,7512,10.759629868732516,1
4221,Branch_4813,2790,7511,2000.0,1
4222,Branch_4814,6841,7511,37.03703703703704,1
4223,Branch_4815,8184,8560,1.8501387604070305,1
4224,Branch_4816,7255,7253,12.275963663147557,1
4225,Branch_4817,7255,7254,12.275963663147557,1
4226,Branch_4818,7255,7988,1851.851851851852,1
4227,Branch_4819,469,1299,255.10204081632654,1
4228,Branch_4820,468,469,2000.0,1
4229,Branch_4821,468,1609,55.005500550055004,1
4230,Branch_4822,8276,8967,5.884776084269993,1
4231,Branch_4823,8491,8967,2.9292012068308972,1
4232,Branch_4824,8959,8960,10.259567046270647,1
4233,Branch_4825,2480,8959,11.28158844765343,1
4234,Branch_4827,8216,8960,44.9034575662326,1
4235,Branch_4828,8162,8959,3.858917959404183,1
4236,Branch_4829,8088,8960,7.932730445819451,1
4237,Branch_4830,8404,9002,3.8476337052712584,1
4238,Branch_4831,2037,2035,14.355440712029859,1
4239,Branch_4832,2037,2036,5.370280865689275,1
4240,Branch_4833,8086,8290,11.640088464672331,1
4241,Branch_4834,361,595,344.82758620689657,1
4242,Branch_4835,361,1000,318.47133757961785,1
4243,Branch_4837,8441,8987,14.092446448703495,1
4244,Branch_4838,7563,7798,7.00770847932726,1
4245,Branch_4839,6739,7798,9.512937595129376,1
4246,Branch_4840,7482,7798,24.06159769008662,1
4247,Branch_4841,9098,9731,5.007511266900351,1
4248,Branch_4842,2928,3256,2000.0,1
4249,Branch_4843,2908,3256,2000.0,1
4250,Branch_4844,681,691,100.20040080160321,1
4251,Branch_4845,682,691,218.34061135371178,1
4252,Branch_4846,692,691,11.990407673860911,1
4253,Branch_4847,681,688,98.71668311944718,1
4254,Branch_4848,682,688,198.80715705765408,1
4255,Branch_4849,686,688,12.202562538133009,1
4256,Branch_4850,681,689,54.31830526887561,1
4257,Branch_4851,682,689,-243.90243902439025,1
4258,Branch_4852,685,689,10.554089709762533,1
4259,Branch_4853,681,690,86.13264427217915,1
4260,Branch_4854,683,690,134.40860215053763,1
4261,Branch_4855,687,690,9.489466691971911,1
4262,Branch_4856,682,693,2000.0,1
4263,Branch_4857,682,738,112.4859392575928,1
4264,Branch_4858,572,681,378.7878787878788,1
4265,Branch_4859,683,1315,189.0359168241966,1
4266,Branch_4860,682,850,173.61111111111111,1
4267,Branch_4861,682,849,164.20361247947454,1
4268,Branch_4862,681,1620,78.61635220125787,1
4269,Branch_4863,683,1600,138.88888888888889,1
4270,Branch_4864,684,693,2000.0,1
4271,Branch_4865,682,1378,151.05740181268882,1
4272,Branch_4866,693,1377,85.91065292096219,1
4273,Branch_4867,681,920,79.93605115907275,1
4274,Branch_4868,8724,8772,2000.0,1
4275,Branch_4869,99,1096,47.57373929590866,1
4276,Branch_4870,99,661,99.00990099009901,1
4277,Branch_4872,99,1741,2000.0,1
4278,Branch_4873,9674,9673,7.202535292422933,1
4279,Branch_4874,9674,9675,2000.0,1
4280,Branch_4875,4447,6036,41.71881518564873,1
4281,Branch_4876,102,601,14.662756598240469,1
4282,Branch_4877,8772,8771,9.160025648071814,1
4283,Branch_4878,8772,8773,8.624407072013799,1
4284,Branch_4879,4854,4853,92.85051067780873,1
4285,Branch_4880,4487,6177,37.664783427495294,1
4286,Branch_4881,3839,3841,26.52519893899204,1
4287,Branch_4882,1193,1299,25.581990278843694,1
4288,Branch_4883,4785,4784,17.032873445750297,1
4289,Branch_4884,4459,6036,2000.0,1
4290,Branch_4885,593,955,147.71048744460856,1
4291,Branch_4886,592,593,30.339805825242717,1
4292,Branch_4887,591,592,7.432181345224824,1
4293,Branch_4888,592,1301,11.282861333634209,1
4294,Branch_4889,591,1636,6.846501437765302,1
4295,Branch_4890,591,961,5.553087516659263,1
4296,Branch_4891,248,591,6.8756875687568755,1
4297,Branch_4892,95,592,24.044241404183698,1
4298,Branch_4893,592,1634,45.06534474988734,1
4299,Branch_4894,4295,4298,29.472443265546715,1
4300,Branch_4895,4294,4295,24.65483234714004,1
4301,Branch_4896,926,999,275.4820936639118,1
4302,Branch_4898,9296,9481,177.61989342806393,1
4303,Branch_4899,9481,9480,15.441630636195182,1
4304,Branch_4900,9296,9297,19.48178453146308,1
4305,Branch_4901,9296,9298,15.441630636195182,1
4306,Branch_4902,9296,9320,260.4166666666667,1
4307,Branch_4903,4248,5635,46.554934823091244,1
4308,Branch_4904,1035,1100,224.2152466367713,1
4309,Branch_4906,3862,3860,6.916107614634484,1
4310,Branch_4907,3862,3861,15.124016938898972,1
4311,Branch_4908,3862,3969,108.45986984815619,1
4312,Branch_4909,2943,3056,44.38526409232135,1
4313,Branch_4910,2943,3348,350.87719298245617,1
4314,Branch_4911,3238,3242,69.15629322268326,1
4315,Branch_4912,3236,3242,719.4244604316547,1
4316,Branch_4913,3241,3242,10.684902233144566,1
4317,Branch_4914,3238,3237,68.58710562414267,1
4318,Branch_4915,3240,3237,662.2516556291391,1
4319,Branch_4916,3235,3237,10.481081647626034,1
4320,Branch_4917,3161,3240,23.713540431586434,1
4321,Branch_4918,3238,3309,73.85524372230428,1
4322,Branch_4919,2973,3239,20.124773596297043,1
4323,Branch_4921,3125,3238,39.77724741447892,1
4324,Branch_4922,3004,3239,13.614703880190605,1
4325,Branch_4923,2932,3236,934.5794392523364,1
4326,Branch_4924,3109,3240,2000.0,1
4327,Branch_4925,1100,1190,195.3125,1
4328,Branch_4927,4820,4821,12.603982858583313,1
4329,Branch_4928,4820,4818,12.531328320802006,1
4330,Branch_4929,4820,4819,12.56281407035176,1
4331,Branch_4930,4820,4822,2000.0,1
4332,Branch_4931,1035,1098,131.75230566534916,1
4333,Branch_4932,53,1035,41.77109440267335,1
4334,Branch_4933,226,1035,2000.0,1
4335,Branch_4934,1035,1745,1204.8192771084337,1
4336,Branch_4936,263,549,81.43322475570032,1
4337,Branch_4937,261,548,83.2639467110741,1
4338,Branch_4938,549,671,152.67175572519085,1
4339,Branch_4939,548,669,153.84615384615384,1
4340,Branch_4941,546,549,2000.0,1
4341,Branch_4942,547,548,2000.0,1
4342,Branch_4943,6036,6363,2000.0,1
4343,Branch_4944,6036,6364,2000.0,1
4344,Branch_4945,1200,1202,2000.0,1
4345,Branch_4946,826,1200,107.29613733905579,1
4346,Branch_4947,828,1200,78.80220646178093,1
4347,Branch_4948,1200,1450,214.13276231263384,1
4348,Branch_4949,1202,1449,217.8649237472767,1
4349,Branch_4950,1201,1202,2000.0,1
4350,Branch_4951,1200,1206,107.87486515641855,1
4351,Branch_4952,1200,1208,79.05138339920948,1
4352,Branch_4953,5553,5560,44.54342984409799,1
4353,Branch_4954,5556,5560,-2000.0,1
4354,Branch_4955,5558,5560,7.999360051195905,1
4355,Branch_4956,5553,5561,46.33920296570899,1
4356,Branch_4957,5557,5561,-454.54545454545456,1
4357,Branch_4958,5559,5561,8.967805577975069,1
4358,Branch_4959,5681,5684,25.44529262086514,1
4359,Branch_4960,5680,5684,-112.35955056179775,1
4360,Branch_4961,5685,5684,5.813953488372093,1
4361,Branch_4962,5681,5683,30.67484662576687,1
4362,Branch_4963,5680,5683,-370.3703703703704,1
4363,Branch_4964,5682,5683,10.893246187363834,1
4364,Branch_4965,5964,6295,57.24098454493417,1
4365,Branch_4966,6296,6295,9.374707040404987,1
4366,Branch_4967,4308,6295,512.8205128205128,1
4367,Branch_4968,4664,6295,7.6464291176020796,1
4368,Branch_4969,5754,6295,50.505050505050505,1
4369,Branch_4970,1050,1425,284.09090909090907,1
4370,Branch_4971,832,1050,641.025641025641,1
4371,Branch_4972,9055,9056,5.541701302299806,1
4372,Branch_4973,989,991,757.5757575757576,1
4373,Branch_4974,585,989,91.74311926605505,1
4374,Branch_4975,326,1023,2000.0,1
4375,Branch_4976,790,1023,34.83106931382793,1
4376,Branch_4977,4280,4279,5.589714924538849,1
4377,Branch_4978,1022,1023,2000.0,1
4378,Branch_4979,3834,3835,23.110700254217704,1
4379,Branch_4980,6720,6723,7.423904974016333,1
4380,Branch_4981,6720,6722,12.858428700012858,1
4381,Branch_4982,6721,6720,42.19409282700422,1
4382,Branch_4983,4597,6721,208.33333333333334,1
4383,Branch_4984,6804,7400,300.3003003003003,1
4384,Branch_4985,6804,6805,237.52969121140143,1
4385,Branch_4986,6803,6804,9.103322712790169,1
4386,Branch_4987,9333,9717,7.599939200486396,1
4387,Branch_4988,9333,9334,2000.0,1
4388,Branch_4989,9058,9333,22.639800769753226,1
4389,Branch_4990,7209,7208,10.670081092616304,1
4390,Branch_4991,92,114,129.5336787564767,1
4391,Branch_4992,114,1542,120.91898428053204,1
4392,Branch_4993,114,713,326.797385620915,1
4393,Branch_4995,114,115,6.315523556902868,1
4394,Branch_4996,115,515,2000.0,1
4395,Branch_4997,114,121,101.01010101010101,1
4396,Branch_4998,117,121,3.951007506914263,1
4397,Branch_4999,117,509,2000.0,1
4398,Branch_5000,118,121,3.951007506914263,1
4399,Branch_5001,118,510,2000.0,1
4400,Branch_5002,114,116,6.315523556902868,1
4401,Branch_5003,116,517,2000.0,1
4402,Branch_5004,114,122,101.01010101010101,1
4403,Branch_5005,119,122,3.951007506914263,1
4404,Branch_5006,119,509,2000.0,1
4405,Branch_5007,120,122,3.951007506914263,1
4406,Branch_5008,120,508,2000.0,1
4407,Branch_5009,114,123,101.01010101010101,1
4408,Branch_5010,125,123,3.951007506914263,1
4409,Branch_5011,125,506,2000.0,1
4410,Branch_5012,126,123,3.951007506914263,1
4411,Branch_5013,126,507,2000.0,1
4412,Branch_5014,114,124,101.01010101010101,1
4413,Branch_5015,127,124,3.951007506914263,1
4414,Branch_5016,127,506,2000.0,1
4415,Branch_5017,128,124,3.951007506914263,1
4416,Branch_5018,128,507,2000.0,1
4417,Branch_5019,9266,9269,46.27487274409995,1
4418,Branch_5020,9265,9269,-460.8294930875576,1
4419,Branch_5021,9264,9269,9.00657479960371,1
4420,Branch_5022,9266,9267,46.33920296570899,1
4421,Branch_5023,9263,9267,-454.54545454545456,1
4422,Branch_5024,9268,9267,8.932559178204556,1
4423,Branch_5025,3123,3503,5.533728072602512,1
4424,Branch_5026,3250,3503,8.037939072421832,1
4425,Branch_5027,3503,3555,1250.0,1
4426,Branch_5028,4726,4727,2.8612303290414878,1
4427,Branch_5030,8251,8715,71.68458781362007,1
4428,Branch_5031,8501,8715,175.7469244288225,1
4429,Branch_5032,8715,8716,2000.0,1
4430,Branch_5033,8715,8717,2000.0,1
4431,Branch_5034,8315,8359,5.601299501484345,1
4432,Branch_5035,8359,8421,11.870845204178538,1
4433,Branch_5036,9117,9228,2000.0,1
4434,Branch_5037,4195,5368,38.55050115651503,1
4435,Branch_5038,8134,8145,4.466279589102278,1
4436,Branch_5039,7638,7730,1449.2753623188405,1
4437,Branch_5040,7729,7730,10.175010175010176,1
4438,Branch_5041,988,1338,487.8048780487805,1
4439,Branch_5042,8008,8648,187.26591760299627,1
4440,Branch_5043,8008,8619,73.96449704142012,1
4441,Branch_5044,8648,8647,15.441630636195182,1
4442,Branch_5045,8008,8007,19.48178453146308,1
4443,Branch_5046,1338,1427,1724.1379310344828,1
4444,Branch_5047,5778,6083,109.89010989010988,1
4445,Branch_5048,5022,5778,2000.0,1
4446,Branch_5049,5778,5777,13.655605626109518,1
4447,Branch_5050,5778,5781,13.73437714599643,1
4448,Branch_5051,5776,5780,14.206563432305725,1
4449,Branch_5052,5776,5782,7.106310403638431,1
4450,Branch_5053,5778,5779,16.803898504453034,1
4451,Branch_5054,5382,6413,27.716186252771617,1
4452,Branch_5055,5021,5776,526.3157894736842,1
4453,Branch_5056,8460,8531,421.9409282700422,1
4454,Branch_5057,5083,9182,17.117425539198905,1
4455,Branch_5058,9174,9182,24.142926122646063,1
4456,Branch_5059,9183,9182,10.399334442595674,1
4457,Branch_5060,9179,9183,19.42124684404739,1
4458,Branch_5061,5231,6456,73.47538574577517,1
4459,Branch_5062,4915,5231,138.50415512465375,1
4460,Branch_5063,4514,5290,41.58004158004158,1
4461,Branch_5064,4514,6635,72.67441860465117,1
4462,Branch_5066,3353,8905,6.024822267743102,1
4463,Branch_5067,3353,3507,2000.0,1
4464,Branch_5068,3353,3354,2000.0,1
4465,Branch_5069,3352,3353,2000.0,1
4466,Branch_5070,2937,2996,33.61344537815126,1
4467,Branch_5071,2720,3133,2000.0,1
4468,Branch_5072,2607,2608,22.988505747126435,1
4469,Branch_5073,2607,2620,29.585798816568047,1
4470,Branch_5074,2604,2612,25.77319587628866,1
4471,Branch_5075,2604,2610,28.41716396703609,1
4472,Branch_5077,2611,2620,11.750881316098708,1
4473,Branch_5078,2604,2618,133.6898395721925,1
4474,Branch_5079,2614,2618,9.355412105903264,1
4475,Branch_5080,2615,2618,9.267840593141798,1
4476,Branch_5081,2604,2619,130.3780964797914,1
4477,Branch_5082,2616,2619,9.42151874882231,1
4478,Branch_5083,2617,2619,9.270418095856122,1
4479,Branch_5084,2609,2620,10.29230135858378,1
4480,Branch_5085,233,234,7.604562737642586,1
4481,Branch_5086,3405,3408,26.068821689259646,1
4482,Branch_5087,3409,3404,6.984215672579969,1
4483,Branch_5088,3406,3407,4.19621501405732,1
4484,Branch_5089,5680,5747,144.50867052023122,1
4485,Branch_5090,1778,1844,6.475006475006475,1
4486,Branch_5091,4925,6583,58.13953488372093,1
4487,Branch_5093,3772,4028,2000.0,1
4488,Branch_5094,3772,4028,2000.0,1
4489,Branch_5095,5249,6040,34.746351633078525,1
4490,Branch_5096,8786,8787,3.955539733396622,1
4491,Branch_5097,8768,8786,354.6099290780142,1
4492,Branch_5098,3806,4176,2000.0,1
4493,Branch_5099,9402,9401,10.002000400080016,1
4494,Branch_5100,9312,9402,325.7328990228013,1
4495,Branch_5101,8888,8889,2000.0,1
4496,Branch_5102,8251,8888,135.31799729364005,1
4497,Branch_5103,8630,8888,170.35775127768312,1
4498,Branch_5104,5415,5416,7.121999857560003,1
4499,Branch_5105,3837,3840,338.9830508474576,1
4500,Branch_5106,1065,1360,440.52863436123346,1
4501,Branch_5107,1360,1671,127.38853503184713,1
4502,Branch_5108,6627,6626,2.881014116969173,1
4503,Branch_5109,306,307,4.459507670353193,1
4504,Branch_5110,305,307,10.464629552113855,1
4505,Branch_5111,308,307,0.8509841631847231,1
4506,Branch_5112,192,306,2000.0,1
4507,Branch_5113,309,1191,11.595547309833025,1
4508,Branch_5114,309,1632,27.480076944215444,1
4509,Branch_5115,192,384,34.78260869565217,1
4510,Branch_5116,130,192,163.3986928104575,1
4511,Branch_5117,8190,8311,32.6797385620915,1
4512,Branch_5118,8311,8425,2.829494652255107,1
4513,Branch_5119,4863,6678,31.289111389236545,1
4514,Branch_5125,3767,4141,2000.0,1
4515,Branch_5126,3834,3872,30.599755201958384,1
4516,Branch_5127,4225,4226,10.596587898696619,1
4517,Branch_5129,8430,8939,18.01801801801802,1
4518,Branch_5130,8430,8533,19.98800719568259,1
4519,Branch_5131,8418,8419,3.4904013961605584,1
4520,Branch_5132,8419,8430,549.4505494505495,1
4521,Branch_5133,6236,6337,6.98616738857063,1
4522,Branch_5135,7466,7522,1298.7012987012988,1
4523,Branch_5136,3717,4001,112.4859392575928,1
4524,Branch_5137,4001,4039,18.248175182481752,1
4525,Branch_5138,3876,3877,14.287755393627661,1
4526,Branch_5139,3876,3878,12.671059300557527,1
4527,Branch_5140,263,738,133.33333333333334,1
4528,Branch_5141,250,847,128.53470437017995,1
4529,Branch_5142,847,1571,127.06480304955528,1
4530,Branch_5143,847,848,9.777082518576456,1
4531,Branch_5144,7594,7595,10.05126143330988,1
4532,Branch_5145,1044,1352,73.09941520467837,1
4533,Branch_5146,36,1352,1724.1379310344828,1
4534,Branch_5147,1351,1352,1515.1515151515152,1
4535,Branch_5148,812,1665,2000.0,1
4536,Branch_5149,808,1665,2000.0,1
4537,Branch_5150,812,807,49.333991119881595,1
4538,Branch_5151,808,807,49.333991119881595,1
4539,Branch_5152,807,810,17.58087201125176,1
4540,Branch_5153,807,809,14.795088030773783,1
4541,Branch_5154,807,811,14.721036360959811,1
4542,Branch_5155,807,813,14.795088030773783,1
4543,Branch_5156,183,177,4.739336492890995,1
4544,Branch_5157,183,178,4.739336492890995,1
4545,Branch_5158,183,179,4.7395611166405995,1
4546,Branch_5159,183,180,4.7395611166405995,1
4547,Branch_5160,183,181,4.739336492890995,1
4548,Branch_5161,183,182,4.739336492890995,1
4549,Branch_5162,183,184,4.739336492890995,1
4550,Branch_5163,183,185,4.739336492890995,1
4551,Branch_5164,8613,8626,1470.5882352941176,1
4552,Branch_5165,8613,8627,1851.851851851852,1
4553,Branch_5166,3256,3260,109.89010989010988,1
4554,Branch_5167,3260,3584,694.4444444444445,1
4555,Branch_5168,2986,3256,2000.0,1
4556,Branch_5169,9456,9457,12.627857052658165,1
4557,Branch_5170,9456,9457,10.76426264800861,1
4558,Branch_5171,804,805,2000.0,1
4559,Branch_5172,804,1691,44.58314757021846,1
4560,Branch_5173,570,804,141.24293785310735,1
4561,Branch_5174,804,1073,84.17508417508418,1
4562,Branch_5175,805,1532,35.486160397445,1
4563,Branch_5176,804,991,85.47008547008546,1
4564,Branch_5177,805,806,2000.0,1
4565,Branch_5178,3220,3274,5.450779461462989,1
4566,Branch_5179,3219,3271,4.559547692868867,1
4567,Branch_5180,3221,3270,5.450779461462989,1
4568,Branch_5181,4410,4429,2000.0,1
4569,Branch_5182,4429,4428,6.4712353588300005,1
4570,Branch_5183,2432,2433,4.710759374411155,1
4571,Branch_5184,3116,3118,2000.0,1
4572,Branch_5185,3081,3117,78.49293563579278,1
4573,Branch_5186,2936,3116,132.27513227513228,1
4574,Branch_5189,3161,3164,11.689070718877849,1
4575,Branch_5190,3160,3162,7.8982702788089405,1
4576,Branch_5191,3160,3162,7.8982702788089405,1
4577,Branch_5192,3161,3163,9.887284951552303,1
4578,Branch_5193,3160,3161,50.0,1
4579,Branch_5194,6734,7355,13.35113484646195,1
4580,Branch_5195,6734,6733,8.257638315441783,1
4581,Branch_5196,6734,6733,8.257638315441783,1
4582,Branch_5197,8708,8797,10.400416016640666,1
4583,Branch_5198,8649,8797,79.74481658692186,1
4584,Branch_5199,3804,3805,2000.0,1
4585,Branch_5200,263,1045,139.66480446927375,1
4586,Branch_5201,1045,1430,248.75621890547265,1
4587,Branch_5202,8589,8706,343.64261168384877,1
4588,Branch_5203,8589,8707,343.64261168384877,1
4589,Branch_5204,8589,8975,99.30486593843098,1
4590,Branch_5205,8589,8645,20.120724346076457,1
4591,Branch_5206,8589,8611,581.3953488372093,1
4592,Branch_5207,8589,8612,680.2721088435375,1
4593,Branch_5208,2763,3568,14.338973329509606,1
4594,Branch_5210,3568,3606,7.287567409998543,1
4595,Branch_5211,3349,3568,6.612444620776301,1
4596,Branch_5212,8127,8494,25.523226135783563,1
4597,Branch_5213,8127,8500,21.4638334406525,1
4598,Branch_5215,5232,5884,2000.0,1
4599,Branch_5216,6419,6434,101.31712259371834,1
4600,Branch_5218,5722,6464,13.469827586206897,1
4601,Branch_5219,3945,3961,22.48201438848921,1
4602,Branch_5223,598,1195,158.9825119236884,1
4603,Branch_5224,534,1620,2000.0,1
4604,Branch_5225,536,1620,2000.0,1
4605,Branch_5226,531,1620,2000.0,1
4606,Branch_5227,534,535,19.23076923076923,1
4607,Branch_5228,531,532,14.388489208633093,1
4608,Branch_5229,536,533,14.41545336600836,1
4609,Branch_5230,362,1216,62.266500622665006,1
4610,Branch_5231,1216,1314,51.282051282051285,1
4611,Branch_5232,8576,8586,458.7155963302752,1
4612,Branch_5233,4337,4340,17.322016282695305,1
4613,Branch_5234,4337,4341,17.283097131005878,1
4614,Branch_5236,751,1457,195.3125,1
4615,Branch_5237,751,1066,170.35775127768312,1
4616,Branch_5238,3835,3849,2000.0,1
4617,Branch_5239,751,1063,117.50881316098707,1
4618,Branch_5240,751,1409,166.11295681063123,1
4619,Branch_5241,624,1412,153.84615384615384,1
4620,Branch_5245,170,169,3.4748766418792134,1
4621,Branch_5246,1350,1479,66.57789613848202,1
4622,Branch_5247,777,1350,438.5964912280702,1
4623,Branch_5248,474,1738,230.94688221709006,1
4624,Branch_5249,474,676,1538.4615384615386,1
4625,Branch_5251,474,1158,106.04453870625663,1
4626,Branch_5252,474,473,8.066467693796886,1
4627,Branch_5253,474,471,7.769404086706549,1
4628,Branch_5254,474,470,7.980209081477935,1
4629,Branch_5255,474,472,8.166598611678236,1
4630,Branch_5256,524,1710,202.42914979757086,1
4631,Branch_5257,454,524,218.8183807439825,1
4632,Branch_5258,250,1044,193.42359767891682,1
4633,Branch_5259,8930,8925,15.358623867301489,1
4634,Branch_5260,8929,8922,15.344483658124904,1
4635,Branch_5261,8928,8926,33.523298692591354,1
4636,Branch_5262,8927,8924,33.50083752093802,1
4637,Branch_5263,8923,8927,2000.0,1
4638,Branch_5264,8923,8928,2000.0,1
4639,Branch_5265,8923,8930,1428.5714285714287,1
4640,Branch_5266,8923,8929,1250.0,1
4641,Branch_5267,8702,8923,42.680324370465215,1
4642,Branch_5268,8103,8923,25.87991718426501,1
4643,Branch_5269,8372,8923,39.18495297805643,1
4644,Branch_5270,8683,8923,40.08016032064128,1
4645,Branch_5271,1802,2590,78.80220646178093,1
4646,Branch_5272,1802,1809,57.50431282346176,1
4647,Branch_5274,2311,2312,361.01083032490976,1
4648,Branch_5275,2372,2386,155.03875968992247,1
4649,Branch_5276,2372,2486,29.753049687592977,1
4650,Branch_5277,2461,2603,61.804697156983934,1
4651,Branch_5278,2461,2672,95.41984732824427,1
4652,Branch_5279,2149,2461,22.512381809995496,1
4653,Branch_5280,2461,2626,36.88675765400221,1
4654,Branch_5281,2302,2461,63.05170239596469,1
4655,Branch_5282,1923,2461,108.34236186348862,1
4656,Branch_5283,2461,2492,32.98153034300792,1
4657,Branch_5284,1998,2149,37.257824143070046,1
4658,Branch_5285,1998,2592,32.927230819888045,1
4659,Branch_5286,8921,8940,163.66612111292963,1
4660,Branch_5287,8671,8689,1219.5121951219512,1
4661,Branch_5289,8671,8833,2000.0,1
4662,Branch_5291,8689,8690,9.112447603426281,1
4663,Branch_5292,8689,8691,9.112447603426281,1
4664,Branch_5293,1339,1342,195.69471624266146,1
4665,Branch_5294,1342,1440,94.9667616334283,1
4666,Branch_5295,165,1341,42.158516020236085,1
4667,Branch_5296,2119,2118,14.003640946646128,1
4668,Branch_5297,1837,2119,2000.0,1
4669,Branch_5298,1340,1341,320.5128205128205,1
4670,Branch_5299,6785,7517,5.5589526933125795,1
4671,Branch_5300,6785,6786,81.36696501220504,1
4672,Branch_5301,6785,7310,15.246226558926665,1
4673,Branch_5302,829,1341,632.9113924050633,1
4674,Branch_5303,1361,1482,2000.0,1
4675,Branch_5304,2414,2415,32.341526520051744,1
4676,Branch_5305,2409,2415,-378.7878787878788,1
4677,Branch_5306,2416,2415,6.811061163329247,1
4678,Branch_5307,2414,2409,36.77822728944465,1
4679,Branch_5308,2414,2411,-2000.0,1
4680,Branch_5309,2408,2411,46.04051565377532,1
4681,Branch_5310,2410,2411,4.929751047572098,1
4682,Branch_5311,2414,2413,-2000.0,1
4683,Branch_5312,2408,2413,46.125461254612546,1
4684,Branch_5313,2412,2413,4.870208931963181,1
4685,Branch_5314,8931,8978,33.47840642785403,1
4686,Branch_5319,2148,2143,74.6268656716418,1
4687,Branch_5320,2148,2154,56.78591709256104,1
4688,Branch_5321,9292,9803,2000.0,1
4689,Branch_5322,3037,9803,6.749460043196544,1
4690,Branch_5323,9085,9803,86.20689655172414,1
4691,Branch_5324,1910,1918,19.4325689856199,1
4692,Branch_5325,76,77,4.784688995215311,1
4693,Branch_5326,76,78,4.784688995215311,1
4694,Branch_5328,2820,3282,17.83484929552345,1
4695,Branch_5329,8708,8975,961.5384615384615,1
4696,Branch_5331,1793,2006,2000.0,1
4697,Branch_5332,1793,2376,9.05961224859576,1
4698,Branch_5334,959,958,7.693491306354824,1
4699,Branch_5335,8155,8389,5.750100626760968,1
4700,Branch_5336,2376,6696,8.161266628580755,1
4701,Branch_5337,773,774,112.2334455667789,1
4702,Branch_5338,773,959,1030.9278350515465,1
4703,Branch_5339,774,775,862.0689655172414,1
4704,Branch_5340,775,959,1030.9278350515465,1
4705,Branch_5341,8360,8931,9.276437847866418,1
4706,Branch_5342,8329,8931,12.244398187829068,1
4707,Branch_5344,8389,9017,40.14452027298274,1
4708,Branch_5345,8326,8906,8.676036786395974,1
4709,Branch_5346,8542,8906,47.37091425864519,1
4710,Branch_5347,959,960,6.325510784995888,1
4711,Branch_5348,2786,3316,934.5794392523364,1
4712,Branch_5349,2748,3047,3.5655708478927477,1
4713,Branch_5350,3048,3474,7.027900766041183,1
4714,Branch_5351,4472,5118,185.5287569573284,1
4715,Branch_5352,4397,4472,552.4861878453039,1
4716,Branch_5353,4472,4499,2000.0,1
4717,Branch_5354,4472,4500,2000.0,1
4718,Branch_5355,2965,3442,34.48275862068966,1
4719,Branch_5356,1033,1640,393.7007874015748,1
4720,Branch_5357,613,1033,401.60642570281124,1
4721,Branch_5358,8593,8596,2000.0,1
4722,Branch_5359,8596,8597,11.234692731153803,1
4723,Branch_5361,3825,4038,2000.0,1
4724,Branch_5362,3825,3826,21.27659574468085,1
4725,Branch_5363,3828,3829,49.14004914004914,1
4726,Branch_5365,3611,3608,12.003360941063498,1
4727,Branch_5366,3611,3609,11.14951499609767,1
4728,Branch_5367,3611,3610,11.161960040183056,1
4729,Branch_5368,3091,3417,200.80321285140562,1
4730,Branch_5369,3004,3091,131.57894736842104,1
4731,Branch_5370,2737,3611,65.14657980456026,1
4732,Branch_5371,3461,3537,31.959092361776925,1
4733,Branch_5372,3187,3537,15.441630636195182,1
4734,Branch_5373,2917,2919,43.55400696864111,1
4735,Branch_5374,2917,2920,40.58441558441559,1
4736,Branch_5375,2915,2916,21.128248468201985,1
4737,Branch_5376,2923,2924,38.46153846153846,1
4738,Branch_5377,2919,2922,15.4273372415921,1
4739,Branch_5378,2917,2921,10.25220422390814,1
4740,Branch_5379,2920,2918,15.176809834572772,1
4741,Branch_5380,9025,9272,6.2000124000248,1
4742,Branch_5381,248,476,4.224221687154142,1
4743,Branch_5382,476,1191,5.556481635828193,1
4744,Branch_5383,3280,3281,2.9269720474169474,1
4745,Branch_5384,2760,2856,29.061319383900027,1
4746,Branch_5385,2856,3025,16.363933889707084,1
4747,Branch_5386,2764,2856,26.70940170940171,1
4748,Branch_5389,8343,8567,20.292207792207794,1
4749,Branch_5390,2792,3519,65.359477124183,1
4750,Branch_5391,2763,3318,591.7159763313609,1
4751,Branch_5392,2763,2954,147.71048744460856,1
4752,Branch_5393,3717,3737,26.72367717797969,1
4753,Branch_5394,8883,8882,11.241007194244604,1
4754,Branch_5395,8124,8883,2000.0,1
4755,Branch_5396,8149,8351,4.428697962798937,1
4756,Branch_5397,3920,3919,10.278548668927947,1
4757,Branch_5398,3553,7614,7.687576875768758,1
4758,Branch_5399,3213,3553,10.990218705352236,1
4759,Branch_5400,3250,3554,272.47956403269757,1
4760,Branch_5401,3554,3553,9.601536245799329,1
4761,Branch_5402,2815,3553,207.9002079002079,1
4762,Branch_5403,3737,3987,43.308791684712,1
4763,Branch_5404,711,1254,6.8728522336769755,1
4764,Branch_5405,2851,3153,28.161081385525204,1
4765,Branch_5406,2851,3076,446.42857142857144,1
4766,Branch_5407,2851,3248,4.015580452154359,1
4767,Branch_5409,6932,6933,14.06271972999578,1
4768,Branch_5410,2805,2804,10.165700925078784,1
4769,Branch_5411,2805,3158,3.693716987404425,1
4770,Branch_5412,2804,3487,22.716946842344388,1
4771,Branch_5414,6788,7615,1010.10101010101,1
4772,Branch_5417,2332,2653,37.0919881305638,1
4773,Branch_5418,8001,8569,46.08294930875576,1
4774,Branch_5425,8417,8465,35.701535166012135,1
4775,Branch_5426,8417,8522,79.6812749003984,1
4776,Branch_5427,324,586,123.91573729863693,1
4777,Branch_5428,20,1123,43.956043956043956,1
4778,Branch_5429,360,1123,7.8064012490242,1
4779,Branch_5430,705,724,53.56186395286556,1
4780,Branch_5431,724,1362,186.56716417910448,1
4781,Branch_5432,1039,1036,27.75464890369137,1
4782,Branch_5433,1039,1037,31.695721077654518,1
4783,Branch_5434,1039,1038,39.77724741447892,1
4784,Branch_5435,1239,1247,3.257328990228013,1
4785,Branch_5436,1239,1248,3.257328990228013,1
4786,Branch_5437,1239,1245,11.109876680368847,1
4787,Branch_5438,1239,1246,11.109876680368847,1
4788,Branch_5439,1239,1241,11.109876680368847,1
4789,Branch_5441,1239,1244,12.49843769528809,1
4790,Branch_5442,1239,1243,12.49843769528809,1
4791,Branch_5443,1239,1440,2000.0,1
4792,Branch_5444,2749,2751,46.57661853749418,1
4793,Branch_5445,2752,2751,-478.4688995215311,1
4794,Branch_5446,2750,2751,8.853474988933156,1
4795,Branch_5447,626,1688,781.25,1
4796,Branch_5448,626,629,16.854879487611665,1
4797,Branch_5449,626,627,16.89189189189189,1
4798,Branch_5450,626,628,16.854879487611665,1
4799,Branch_5451,1687,1691,19.043991620643688,1
4800,Branch_5452,432,1691,157.48031496062993,1
4801,Branch_5453,431,1691,147.92899408284023,1
4802,Branch_5454,1665,1688,662.2516556291391,1
4803,Branch_5455,1253,1688,117.23329425556858,1
4804,Branch_5456,831,1691,42.69854824935952,1
4805,Branch_5457,1513,1689,45.8295142071494,1
4806,Branch_5458,1690,1691,2000.0,1
4807,Branch_5459,1689,1693,2000.0,1
4808,Branch_5460,1003,1688,217.3913043478261,1
4809,Branch_5461,1531,1691,50.787201625190455,1
4810,Branch_5462,594,1689,38.03727653100038,1
4811,Branch_5463,438,1689,81.03727714748784,1
4812,Branch_5464,1012,1689,31.545741324921135,1
4813,Branch_5465,1687,1695,-186.21973929236498,1
4814,Branch_5466,1701,1695,16.16553507921112,1
4815,Branch_5467,1687,1696,-735.2941176470588,1
4816,Branch_5468,1699,1696,7.389890629618682,1
4817,Branch_5469,1689,1692,134.40860215053763,1
4818,Branch_5470,1688,1692,86.13264427217915,1
4819,Branch_5471,1700,1692,9.475080538184574,1
4820,Branch_5472,1688,1695,31.142946122703208,1
4821,Branch_5473,1688,1696,36.61662394727206,1
4822,Branch_5474,1691,1697,-401.60642570281124,1
4823,Branch_5475,1688,1697,55.005500550055004,1
4824,Branch_5477,1698,1697,9.838646202282566,1
4825,Branch_5478,1690,1686,84.67400508044031,1
4826,Branch_5479,1693,1694,79.11392405063292,1
4827,Branch_5480,1582,1584,2000.0,1
4828,Branch_5481,1581,1583,2000.0,1
4829,Branch_5482,257,1584,96.61835748792271,1
4830,Branch_5483,259,1581,95.87727708533077,1
4831,Branch_5484,9015,9013,14.768867227883621,1
4832,Branch_5485,9015,9016,19.31620629708325,1
4833,Branch_5486,9012,9014,19.31620629708325,1
4834,Branch_5487,7878,7877,9.017132551848512,1
4835,Branch_5488,1098,1106,290.69767441860466,1
4836,Branch_5489,4076,4173,2000.0,1
4837,Branch_5490,420,421,179.85611510791367,1
4838,Branch_5491,420,479,30.931023816888338,1
4839,Branch_5492,420,1604,140.8450704225352,1
4840,Branch_5493,418,421,2000.0,1
4841,Branch_5496,4983,4985,46.23208506703652,1
4842,Branch_5497,4984,4985,-462.962962962963,1
4843,Branch_5498,4986,4985,8.935751943526048,1
4844,Branch_5499,4897,5653,23.82654276864427,1
4845,Branch_5500,5653,5696,27.277686852154936,1
4846,Branch_5501,432,1078,57.142857142857146,1
4847,Branch_5502,429,432,2000.0,1
4848,Branch_5503,430,431,2000.0,1
4849,Branch_5504,431,791,74.29420505200595,1
4850,Branch_5506,8502,8734,75.642965204236,1
4851,Branch_5507,8734,8735,2000.0,1
4852,Branch_5508,8734,8736,2000.0,1
4853,Branch_5509,2940,3114,68.02721088435374,1
4854,Branch_5510,3003,3114,18.542555164101614,1
4855,Branch_5511,4281,5996,92.5925925925926,1
4856,Branch_5514,7826,7988,263.1578947368421,1
4857,Branch_5515,7826,7988,263.1578947368421,1
4858,Branch_5516,3830,3831,136.23978201634878,1
4859,Branch_5517,3196,3197,9.601536245799329,1
4860,Branch_5518,3180,3196,5.318017443097213,1
4861,Branch_5519,3197,3206,8.285690612312536,1
4862,Branch_5520,3040,3196,192.30769230769232,1
4863,Branch_5521,3104,3196,13.88888888888889,1
4864,Branch_5522,3830,3842,16.672224074691563,1
4865,Branch_5523,8538,8537,13.415615776764154,1
4866,Branch_5524,8533,8538,32.467532467532465,1
4867,Branch_5525,5996,6519,35.22367030644593,1
4868,Branch_5526,8181,8178,5.555246930726071,1
4869,Branch_5527,96,1403,312.5,1
4870,Branch_5528,8177,8322,43.61098996947231,1
4871,Branch_5529,8179,8195,24.443901246638962,1
4872,Branch_5530,8179,8180,2000.0,1
4873,Branch_5531,8177,8180,2000.0,1
4874,Branch_5532,1402,1403,2000.0,1
4875,Branch_5533,1402,1426,24.467824810374356,1
4876,Branch_5534,8618,8621,24.515812699190977,1
4877,Branch_5535,8400,8619,75.9301442672741,1
4878,Branch_5536,8400,8619,75.8150113722517,1
4879,Branch_5538,8618,8619,2000.0,1
4880,Branch_5539,8619,8828,127.06480304955528,1
4881,Branch_5541,4708,6055,45.558086560364465,1
4882,Branch_5542,4708,6452,2000.0,1
4883,Branch_5543,2789,4708,56.306306306306304,1
4884,Branch_5544,8179,8181,303.030303030303,1
4885,Branch_5545,1410,1655,62.18905472636816,1
4886,Branch_5546,1410,1654,62.11180124223603,1
4887,Branch_5547,1410,1443,93.45794392523365,1
4888,Branch_5548,645,646,67.70480704129993,1
4889,Branch_5549,645,646,67.70480704129993,1
4890,Branch_5550,3547,3548,10.877841836179702,1
4891,Branch_5551,3549,3548,6.356874960269532,1
4892,Branch_5552,3546,3548,-117.6470588235294,1
4893,Branch_5553,3544,3547,148.3679525222552,1
4894,Branch_5554,6121,6660,321.54340836012864,1
4895,Branch_5555,253,294,390.625,1
4896,Branch_5556,255,294,442.4778761061947,1
4897,Branch_5557,434,968,155.27950310559007,1
4898,Branch_5558,3088,3087,7.979572294924992,1
4899,Branch_5559,434,1566,1960.7843137254902,1
4900,Branch_5560,462,463,120.1923076923077,1
4901,Branch_5561,461,1197,164.74464579901152,1
4902,Branch_5562,463,767,70.52186177715092,1
4903,Branch_5563,463,578,2000.0,1
4904,Branch_5564,462,1578,100.70493454179255,1
4905,Branch_5565,459,462,227.27272727272728,1
4906,Branch_5566,460,461,118.48341232227489,1
4907,Branch_5567,461,1374,78.06401249024199,1
4908,Branch_5568,9166,9724,490.19607843137254,1
4909,Branch_5569,9166,9234,60.64281382656155,1
4910,Branch_5570,9167,9276,114.5475372279496,1
4911,Branch_5571,456,1143,37.11952487008166,1
4912,Branch_5572,1026,1143,41.84100418410042,1
4913,Branch_5573,8744,8743,18.005041411595247,1
4914,Branch_5574,8025,8744,23.512814483893724,1
4915,Branch_5575,7933,7934,2.6250853152727465,1
4916,Branch_5576,7932,7934,2.6250853152727465,1
4917,Branch_5577,5258,5581,2000.0,1
4918,Branch_5578,82,80,4.784688995215311,1
4919,Branch_5579,82,81,4.784688995215311,1
4920,Branch_5580,3449,3450,9.06947215672048,1
4921,Branch_5581,8123,8150,95.05703422053232,1
4922,Branch_5582,8150,8300,168.35016835016836,1
4923,Branch_5583,8150,8992,207.4688796680498,1
4924,Branch_5584,8643,8682,9.231053263177328,1
4925,Branch_5585,8378,8682,9.46521533364884,1
4926,Branch_5586,8060,8096,2.0071857248951246,1
4927,Branch_5587,8060,8330,6.6862797539449055,1
4928,Branch_5588,8768,8802,15.8052789631737,1
4929,Branch_5589,8768,8994,26.867275658248253,1
4930,Branch_5590,8539,8916,3.5123458958238207,1
4931,Branch_5591,8131,8468,14.602803738317757,1
4932,Branch_5592,8131,8133,2000.0,1
4933,Branch_5593,8404,8916,4.750593824228028,1
4934,Branch_5594,8344,8466,3.6845983787767134,1
4935,Branch_5595,1003,1665,317.46031746031747,1
4936,Branch_5596,497,1470,2000.0,1
4937,Branch_5597,494,520,2000.0,1
4938,Branch_5598,495,520,2000.0,1
4939,Branch_5599,8590,8659,211.864406779661,1
4940,Branch_5600,8590,8659,211.864406779661,1
4941,Branch_5601,7396,7577,14.259232853272493,1
4942,Branch_5602,7375,7577,11.705489874751258,1
4943,Branch_5603,7454,7577,21.308331557639036,1
4944,Branch_5606,9739,9786,500.0,1
4945,Branch_5607,494,492,16.764459346186086,1
4946,Branch_5609,497,499,16.669444907484582,1
4947,Branch_5610,495,493,17.540782318891424,1
4948,Branch_5611,9101,9792,5.1652892561983474,1
4949,Branch_5612,9059,9101,5.808887598024978,1
4950,Branch_5613,9724,9728,7.389890629618682,1
4951,Branch_5614,4758,4756,12.16397031991242,1
4952,Branch_5615,4758,4757,12.16397031991242,1
4953,Branch_5616,4758,4759,12.253400318588408,1
4954,Branch_5617,7466,7520,6.92952671332548,1
4955,Branch_5618,7344,7520,9.119095385737735,1
4956,Branch_5619,4357,4524,2000.0,1
4957,Branch_5620,4524,4525,8.11886011204027,1
4958,Branch_5621,4600,5960,67.02412868632707,1
4959,Branch_5622,6413,6578,47.641734159123395,1
4960,Branch_5623,9732,9792,82.71298593879239,1
4961,Branch_5624,9757,9792,14.9902563333833,1
4962,Branch_5625,9609,9631,2000.0,1
4963,Branch_5626,1425,1472,119.33174224343675,1
4964,Branch_5627,9234,9276,78.67820613690007,1
4965,Branch_5628,9235,9768,7.820442637053257,1
4966,Branch_5629,9235,9237,8.114248620577735,1
4967,Branch_5630,9234,9237,-53.908355795148246,1
4968,Branch_5631,9236,9237,0.6642355645005945,1
4969,Branch_5632,1955,8344,7.0298769771529,1
4970,Branch_5633,1955,1954,17.117425539198905,1
4971,Branch_5634,675,1954,7.036802476954472,1
4972,Branch_5635,395,1255,21.891418563922944,1
4973,Branch_5636,395,1609,95.32888465204957,1
4974,Branch_5637,3449,3457,152.67175572519085,1
4975,Branch_5638,3147,3457,2000.0,1
4976,Branch_5639,82,702,33.818058843422385,1
4977,Branch_5640,5689,6578,2000.0,1
4978,Branch_5641,82,1101,1282.051282051282,1
4979,Branch_5642,8705,8727,2000.0,1
4980,Branch_5643,2792,3323,65.359477124183,1
4981,Branch_5644,2792,3168,9.904912836767037,1
4982,Branch_5645,4272,4997,21.14611968703743,1
4983,Branch_5646,8367,9012,1000.0,1
4984,Branch_5647,8367,9015,1000.0,1
4985,Branch_5648,8915,8985,52.21932114882507,1
4986,Branch_5649,8059,8915,69.39625260235947,1
4987,Branch_5650,1070,1071,4.784688995215311,1
4988,Branch_5651,1070,1072,4.784688995215311,1
4989,Branch_5652,93,1070,2000.0,1
4990,Branch_5653,93,1343,2000.0,1
4991,Branch_5654,609,1512,90.57971014492753,1
4992,Branch_5655,1087,1512,116.55011655011656,1
4993,Branch_5659,2278,2460,220.26431718061673,1
4994,Branch_5660,2388,2497,1960.7843137254902,1
4995,Branch_5661,2388,2497,1754.3859649122808,1
4996,Branch_5662,2192,2388,52.35602094240838,1
4997,Branch_5663,2632,2703,175.13134851138355,1
4998,Branch_5664,2405,2568,199.6007984031936,1
4999,Branch_5665,1797,2299,152.20700152207002,1
5000,Branch_5666,2192,2373,38.255547054322875,1
5001,Branch_5667,2050,2488,389.10505836575874,1
5002,Branch_5668,1932,2691,127.8772378516624,1
5003,Branch_5669,1823,2488,88.41732979664015,1
5004,Branch_5670,2602,2676,113.63636363636364,1
5005,Branch_5671,1780,2546,91.99632014719411,1
5006,Branch_5672,2448,2553,628.930817610063,1
5007,Branch_5673,2050,2361,446.42857142857144,1
5008,Branch_5674,1949,2497,66.13756613756614,1
5009,Branch_5675,1958,2192,64.59948320413437,1
5010,Branch_5676,2334,2405,84.60236886632826,1
5011,Branch_5677,2002,2278,57.24098454493417,1
5012,Branch_5678,2039,2244,105.70824524312897,1
5013,Branch_5679,2005,2278,128.2051282051282,1
5014,Branch_5680,2130,2278,77.22007722007721,1
5015,Branch_5683,2359,2569,122.39902080783354,1
5016,Branch_5684,1869,2034,80.0640512409928,1
5017,Branch_5685,2180,2678,194.9317738791423,1
5018,Branch_5686,1190,2678,28.58776443682104,1
5019,Branch_5687,955,1190,99.10802775024777,1
5020,Branch_5688,1957,2359,101.7293997965412,1
5021,Branch_5689,2359,2636,53.36179295624333,1
5022,Branch_5690,2010,2636,106.60980810234541,1
5023,Branch_5691,1957,2569,568.1818181818181,1
5024,Branch_5692,2010,2359,102.24948875255623,1
5025,Branch_5693,2034,2678,78.43137254901961,1
5026,Branch_5694,2034,2037,2000.0,1
5027,Branch_5695,2228,2512,38.24091778202677,1
5028,Branch_5696,1896,2374,17.765144785930005,1
5029,Branch_5697,1896,2512,50.89058524173028,1
5030,Branch_5698,2377,2644,48.07692307692308,1
5031,Branch_5699,2547,2586,36.3901018922853,1
5032,Branch_5700,2586,2644,30.91190108191654,1
5033,Branch_5701,2377,2512,59.665871121718375,1
5034,Branch_5702,2223,2487,28.71912693854107,1
5035,Branch_5703,2223,2351,33.266799733865604,1
5036,Branch_5704,2351,2586,18.744142455482663,1
5037,Branch_5705,2487,2586,294.11764705882354,1
5038,Branch_5706,2192,2405,81.03727714748784,1
5039,Branch_5707,2373,2568,97.5609756097561,1
5040,Branch_5708,2405,2568,206.61157024793388,1
5041,Branch_5709,2373,2541,178.89087656529517,1
5042,Branch_5710,2541,2561,171.52658662092625,1
5043,Branch_5711,2373,2568,97.27626459143968,1
5044,Branch_5712,2192,2537,88.41732979664015,1
5045,Branch_5713,2537,2546,157.23270440251574,1
5046,Branch_5714,1794,2546,147.05882352941177,1
5047,Branch_5715,2462,2698,243.30900243309003,1
5048,Branch_5716,1877,2226,169.20473773265653,1
5049,Branch_5717,2457,2683,163.1321370309951,1
5050,Branch_5718,2226,2683,63.73486297004462,1
5051,Branch_5719,1794,2192,106.49627263045794,1
5052,Branch_5720,1796,2445,76.21951219512195,1
5053,Branch_5721,1796,2244,132.4503311258278,1
5054,Branch_5722,1958,2570,96.52509652509653,1
5055,Branch_5723,1936,2570,225.22522522522522,1
5056,Branch_5724,2271,2602,127.8772378516624,1
5057,Branch_5725,2192,2497,52.32862375719519,1
5058,Branch_5726,1845,2204,60.16847172081829,1
5059,Branch_5727,1845,2437,149.92503748125938,1
5060,Branch_5728,1845,2437,150.15015015015015,1
5061,Branch_5729,2252,2553,71.99424046076314,1
5062,Branch_5730,2252,2437,92.33610341643583,1
5063,Branch_5731,2238,2270,90.82652134423252,1
5064,Branch_5732,2252,2349,89.92805755395683,1
5065,Branch_5733,2349,2654,63.69426751592356,1
5066,Branch_5734,2373,2559,121.50668286755771,1
5067,Branch_5735,2270,2462,130.54830287206266,1
5068,Branch_5736,2190,2559,162.33766233766235,1
5069,Branch_5737,2190,2691,149.7005988023952,1
5070,Branch_5738,1932,2546,158.73015873015873,1
5071,Branch_5739,2462,2541,303.951367781155,1
5072,Branch_5740,2245,2462,63.73486297004462,1
5073,Branch_5741,2245,2541,68.7757909215956,1
5074,Branch_5742,1877,2698,218.34061135371178,1
5075,Branch_5743,1872,2204,33.00330033003301,1
5076,Branch_5744,2204,2676,128.8659793814433,1
5077,Branch_5745,1823,2703,423.728813559322,1
5078,Branch_5746,2546,2703,82.50825082508251,1
5079,Branch_5747,2204,2497,66.18133686300463,1
5080,Branch_5748,1845,2602,82.57638315441784,1
5081,Branch_5749,1797,2245,106.49627263045794,1
5082,Branch_5750,2005,2299,61.72839506172839,1
5083,Branch_5751,1949,2233,70.62146892655367,1
5084,Branch_5752,1845,2233,27.677830058123444,1
5085,Branch_5753,2360,2654,96.61835748792271,1
5086,Branch_5754,2445,2448,427.35042735042737,1
5087,Branch_5755,2271,2361,159.4896331738437,1
5088,Branch_5756,2373,2460,131.4060446780552,1
5089,Branch_5757,2334,2570,39.65107057890563,1
5090,Branch_5759,1958,2130,29.368575624082233,1
5091,Branch_5761,2373,2561,115.74074074074075,1
5092,Branch_5762,2361,2649,94.42870632672333,1
5093,Branch_5763,2226,2561,67.24949562878278,1
5094,Branch_5764,2226,2649,193.42359767891682,1
5095,Branch_5765,2361,2697,95.32888465204957,1
5096,Branch_5766,1780,2632,233.1002331002331,1
5097,Branch_5767,2360,2462,52.493438320209975,1
5098,Branch_5768,2457,2697,840.3361344537815,1
5099,Branch_5769,2238,2360,48.97159647404506,1
5100,Branch_5770,1845,2244,116.95906432748538,1
5101,Branch_5771,1872,2039,27.716186252771617,1
5102,Branch_5772,1780,2497,97.5609756097561,1
5103,Branch_5773,1704,1706,214.13276231263384,1
5104,Branch_5774,1702,1707,214.13276231263384,1
5105,Branch_5775,1479,1704,186.56716417910448,1
5106,Branch_5776,1480,1702,135.68521031207598,1
5107,Branch_5777,394,1706,404.8582995951417,1
5108,Branch_5778,393,1707,374.53183520599254,1
5109,Branch_5779,1309,1704,111.60714285714286,1
5110,Branch_5780,1311,1702,83.33333333333333,1
5111,Branch_5781,1703,1706,404.8582995951417,1
5112,Branch_5782,1705,1707,404.8582995951417,1
5113,Branch_5783,8123,8124,2000.0,1
5114,Branch_5784,8123,8975,43.10344827586207,1
5115,Branch_5785,9109,9788,4.994007191370356,1
5116,Branch_5786,9738,9788,6.303183107469272,1
5117,Branch_5787,9291,9788,9.42684766214178,1
5118,Branch_5788,3526,3530,16.611295681063122,1
5119,Branch_5789,3527,3530,-172.1170395869191,1
5120,Branch_5790,3529,3530,8.981498113885396,1
5121,Branch_5791,3526,3532,16.611295681063122,1
5122,Branch_5792,3528,3532,-172.1170395869191,1
5123,Branch_5793,3531,3532,8.981498113885396,1
5124,Branch_5794,2892,3528,245.09803921568627,1
5125,Branch_5795,2840,3526,45.433893684688776,1
5126,Branch_5796,2736,3526,106.04453870625663,1
5127,Branch_5797,2736,3526,106.04453870625663,1
5128,Branch_5798,3526,6149,26.79528403001072,1
5129,Branch_5802,3477,9302,52.46589716684155,1
5130,Branch_5803,3478,9302,52.35602094240838,1
5131,Branch_5804,9301,9605,149.2537313432836,1
5132,Branch_5805,9301,9692,126.10340479192938,1
5133,Branch_5806,9301,9302,2000.0,1
5134,Branch_5807,6149,9302,61.919504643962846,1
5135,Branch_5808,6149,9302,61.919504643962846,1
5136,Branch_5809,1838,1841,26.041666666666668,1
5137,Branch_5810,1837,1841,-301.2048192771084,1
5138,Branch_5811,1842,1841,6.614194060453734,1
5139,Branch_5812,1838,1839,316.45569620253167,1
5140,Branch_5813,1837,1839,36.46973012399708,1
5141,Branch_5814,1840,1839,4.188306248952923,1
5142,Branch_5815,1838,2283,373.13432835820896,1
5143,Branch_5816,1838,2283,374.53183520599254,1
5144,Branch_5817,9301,9302,2000.0,1
5145,Branch_5818,21,1218,17.88908765652952,1
5146,Branch_5820,3149,3244,21.81500872600349,1
5147,Branch_5821,3149,3545,2.1577766269635767,1
5148,Branch_5822,5256,5848,60.56935190793458,1
5149,Branch_5823,5848,6367,5.675368898978434,1
5150,Branch_5824,5206,5586,9.619084263178145,1
5151,Branch_5825,5587,5585,7.336757153338224,1
5152,Branch_5826,5586,5585,7.704160246533128,1
5153,Branch_5827,5848,6280,49.26108374384236,1
5154,Branch_5828,4212,5019,2000.0,1
5155,Branch_5829,21,940,3.9345294302801386,1
5156,Branch_5830,21,961,40.74979625101874,1
5157,Branch_5831,263,1762,2000.0,1
5158,Branch_5832,8020,8405,88.02816901408451,1
5159,Branch_5833,1762,1760,7.831466833737959,1
5160,Branch_5834,1762,1761,7.831466833737959,1
5161,Branch_5835,4584,4587,43.2152117545376,1
5162,Branch_5836,295,304,19.047619047619047,1
5163,Branch_5837,295,296,19.047619047619047,1
5164,Branch_5838,295,296,19.047619047619047,1
5165,Branch_5839,4719,4720,2000.0,1
5166,Branch_5840,4720,4721,2000.0,1
5167,Branch_5841,4290,6450,746.2686567164179,1
5168,Branch_5842,5107,6482,13.365410318096766,1
5169,Branch_5843,4290,6057,6.188501763723003,1
5170,Branch_5844,2935,6482,22.007042253521128,1
5171,Branch_5845,4290,6482,13.5080372821829,1
5172,Branch_5846,597,599,-166.11295681063123,1
5173,Branch_5847,598,599,23.250406882120437,1
5174,Branch_5848,600,599,5.9315499139925265,1
5175,Branch_5850,391,597,14.19244961680386,1
5176,Branch_5851,598,737,613.4969325153374,1
5177,Branch_5852,598,1539,98.13542688910697,1
5178,Branch_5853,293,597,30.175015087507543,1
5179,Branch_5854,6190,6193,46.08294930875576,1
5180,Branch_5855,6191,6193,-432.9004329004329,1
5181,Branch_5856,6192,6193,8.977466558937069,1
5182,Branch_5858,8798,8838,2000.0,1
5183,Branch_5859,8798,8838,2000.0,1
5184,Branch_5860,5192,5195,74.12898443291327,1
5185,Branch_5861,5193,5195,66.3129973474801,1
5186,Branch_5862,5194,5195,5.213492518638236,1
5187,Branch_5863,4762,4760,14.920919128618323,1
5188,Branch_5864,4762,4761,14.841199168892846,1
5189,Branch_5865,6823,6868,53.27650506126798,1
5190,Branch_5866,6485,6486,11.682242990654206,1
5191,Branch_5867,6485,6491,10.02004008016032,1
5192,Branch_5868,6487,6491,-64.47453255963894,1
5193,Branch_5869,6492,6491,2.3433472371936075,1
5194,Branch_5871,5530,5531,46.554934823091244,1
5195,Branch_5872,5532,5531,-471.6981132075472,1
5196,Branch_5873,5533,5531,9.306654257794323,1
5197,Branch_5874,5530,5535,45.97701149425287,1
5198,Branch_5875,5537,5535,-444.44444444444446,1
5199,Branch_5876,5536,5535,8.981498113885396,1
5200,Branch_5877,5537,5538,95.23809523809524,1
5201,Branch_5878,4752,4751,9.023641941887746,1
5202,Branch_5879,1077,1737,2000.0,1
5203,Branch_5880,5785,5789,92.16589861751152,1
5204,Branch_5881,5787,5789,252.5252525252525,1
5205,Branch_5882,5793,5789,13.424620754463687,1
5206,Branch_5883,5785,5790,92.16589861751152,1
5207,Branch_5884,5786,5790,252.5252525252525,1
5208,Branch_5885,5792,5790,13.424620754463687,1
5209,Branch_5886,5786,5794,95.23809523809524,1
5210,Branch_5887,5787,5795,95.23809523809524,1
5211,Branch_5888,5788,5795,95.23809523809524,1
5212,Branch_5889,5791,5794,95.23809523809524,1
5213,Branch_5890,4648,6217,584.7953216374269,1
5214,Branch_5891,5334,6138,555.5555555555555,1
5215,Branch_5892,6137,6342,122.54901960784314,1
5216,Branch_5893,8148,8904,6.323110970597534,1
5217,Branch_5894,5853,6456,81.9000819000819,1
5218,Branch_5895,5804,6559,97.0873786407767,1
5219,Branch_5896,5804,6395,133.6898395721925,1
5220,Branch_5897,9472,9473,14.84560570071259,1
5221,Branch_5898,9471,9472,413.22314049586777,1
5222,Branch_5899,1300,1457,120.33694344163658,1
5223,Branch_5900,6736,7540,4.665920119447555,1
5224,Branch_5901,3838,3839,25.926886180969664,1
5225,Branch_5902,327,328,50.200803212851405,1
5226,Branch_5903,3059,3124,32.24766204450177,1
5227,Branch_5904,3059,3515,704.2253521126761,1
5228,Branch_5905,3063,3251,11.016855789357717,1
5229,Branch_5906,2771,3251,82.16926869350863,1
5230,Branch_5907,3251,3397,45.08566275924256,1
5231,Branch_5908,8139,8142,82.78145695364239,1
5232,Branch_5909,8136,8142,109.40919037199124,1
5233,Branch_5910,8137,8142,5.81767409389726,1
5234,Branch_5911,8139,8140,41.78854993731718,1
5235,Branch_5912,8136,8140,-552.4861878453039,1
5236,Branch_5913,8138,8140,6.17093489663684,1
5237,Branch_5914,8136,8667,7.247952453431905,1
5238,Branch_5915,8143,8141,78.43137254901961,1
5239,Branch_5917,8139,8821,60.06006006006006,1
5240,Branch_5918,8136,8665,16.49620587264929,1
5241,Branch_5919,1343,8136,16.545334215751158,1
5242,Branch_5920,1343,8136,17.421602787456447,1
5243,Branch_5921,2757,3063,19.569471624266146,1
5244,Branch_5922,2758,3063,35.637918745545264,1
5245,Branch_5923,3119,3204,18.99335232668566,1
5246,Branch_5924,3204,3398,9.390553103577801,1
5247,Branch_5925,5694,6103,95.51098376313276,1
5248,Branch_5926,4478,5798,43.40277777777778,1
5249,Branch_5927,5747,6103,64.55777921239509,1
5250,Branch_5928,8136,8143,71.42857142857143,1
5251,Branch_5929,9372,9376,2000.0,1
5252,Branch_5930,4287,5290,2000.0,1
5253,Branch_5932,2970,7682,4.901720503896867,1
5254,Branch_5933,2967,2970,12.706480304955527,1
5255,Branch_5934,4539,6502,48.16955684007707,1
5256,Branch_5935,4539,6123,2.5058888387711122,1
5257,Branch_5936,3345,9818,7.183908045977011,1
5258,Branch_5937,3166,3330,3.673499375505106,1
5259,Branch_5939,3065,3330,20.267531414673694,1
5260,Branch_5940,2876,3330,10.163634515702816,1
5261,Branch_5941,3331,3515,2000.0,1
5262,Branch_5942,3330,3514,396.8253968253968,1
5263,Branch_5943,3330,3349,9.659036028204385,1
5264,Branch_5944,2971,3330,69.58942240779402,1
5265,Branch_5946,3330,3429,17.304031839418585,1
5266,Branch_5947,9559,9560,9.104151493080845,1
5267,Branch_5948,601,1426,2000.0,1
5268,Branch_5949,7161,7162,46.27487274409995,1
5269,Branch_5950,7163,7162,-460.8294930875576,1
5270,Branch_5951,7164,7162,9.042408897730356,1
5271,Branch_5952,7161,7165,46.57661853749418,1
5272,Branch_5953,7163,7165,-478.4688995215311,1
5273,Branch_5954,7166,7165,8.995232526760816,1
5274,Branch_5955,5343,5917,144.3001443001443,1
5275,Branch_5956,4501,5343,26.427061310782243,1
5276,Branch_5957,4396,6154,203.66598778004072,1
5277,Branch_5958,4522,6154,115.2073732718894,1
5278,Branch_5959,4394,6154,185.5287569573284,1
5279,Branch_5960,4384,6154,254.4529262086514,1
5280,Branch_5961,5835,6655,2000.0,1
5281,Branch_5962,4659,4660,12.023566189731875,1
5282,Branch_5963,4659,4660,9.017945711966814,1
5283,Branch_5965,4652,4659,2000.0,1
5284,Branch_5966,8762,8763,14.070634585619812,1
5285,Branch_5967,8762,8764,13.00221037576388,1
5286,Branch_5968,8400,8762,512.8205128205128,1
5287,Branch_5971,552,1736,21.677866897897246,1
5288,Branch_5972,941,1068,18.649757553151808,1
5289,Branch_5973,1068,1621,36.8052999631947,1
5290,Branch_5974,3222,3218,4.971908715755979,1
5291,Branch_5975,3218,3220,2.2485047443450106,1
5292,Branch_5976,3218,3219,2.2365360529611737,1
5293,Branch_5977,3218,3221,2.2355860588853367,1
5294,Branch_5978,7441,7682,36.98224852071006,1
5295,Branch_5979,7682,7700,2000.0,1
5296,Branch_5980,8078,8331,5.476151360823613,1
5297,Branch_5981,8078,8246,4.798464491362764,1
5298,Branch_5983,6027,6327,24.648755237860488,1
5299,Branch_5984,5607,6327,9.276437847866418,1
5300,Branch_5985,5922,6037,27.63957987838585,1
5301,Branch_5986,9393,9431,2000.0,1
5302,Branch_5987,9431,9432,11.755025273304337,1
5303,Branch_5988,9311,9316,23.369946249123625,1
5304,Branch_5989,9311,9316,23.369946249123625,1
5305,Branch_5990,8535,8536,9.336196433572962,1
5306,Branch_5991,8535,8536,9.063717937097797,1
5307,Branch_5992,8491,8492,17.31301939058172,1
5308,Branch_5993,8492,8970,57.903879559930516,1
5309,Branch_5994,8492,8566,57.903879559930516,1
5310,Branch_5995,8565,8970,102.88065843621399,1
5311,Branch_5996,5142,9285,11.971746677840297,1
5312,Branch_5997,8491,9011,3.497726477789437,1
5313,Branch_5998,8527,8535,2000.0,1
5314,Branch_5999,9311,9483,103.41261633919338,1
5315,Branch_6000,9327,9483,98.23182711198429,1
5316,Branch_6001,9483,9484,2000.0,1
5317,Branch_6002,9483,9491,510.2040816326531,1
5318,Branch_6003,3417,3505,27.159152634437806,1
5319,Branch_6005,8129,8422,30.51571559353067,1
5320,Branch_6006,8088,8129,15.472690700912889,1
5321,Branch_6010,8129,8547,16.501650165016503,1
5322,Branch_6011,6813,6814,20.955574182732608,1
5323,Branch_6012,6814,7668,37.96507213363705,1
5324,Branch_6013,2801,3576,253.80710659898477,1
5325,Branch_6014,3576,3574,10.422094841063053,1
5326,Branch_6015,3576,3575,10.469011725293132,1
5327,Branch_6016,8160,8453,6.541933795629988,1
5328,Branch_6017,582,773,363.6363636363636,1
5329,Branch_6018,582,1623,43.956043956043956,1
5330,Branch_6019,4922,5835,43.7636761487965,1
5331,Branch_6020,6346,6344,55.83472920156337,1
5332,Branch_6021,6346,6344,56.21135469364812,1
5333,Branch_6022,6346,6343,55.83472920156337,1
5334,Branch_6023,6346,6343,55.83472920156337,1
5335,Branch_6024,8187,8403,112.10762331838565,1
5336,Branch_6025,5807,6264,2000.0,1
5337,Branch_6026,8723,8730,293.2551319648094,1
5338,Branch_6027,8730,8729,14.355440712029859,1
5339,Branch_6028,7534,7533,9.389671361502348,1
5340,Branch_6030,7388,7569,2000.0,1
5341,Branch_6031,7569,7568,16.118633139909736,1
5342,Branch_6033,7487,7568,29.154518950437318,1
5343,Branch_6034,211,210,11.263798152737102,1
5344,Branch_6035,6413,6435,24.354603019970774,1
5345,Branch_6036,709,835,66.40106241699867,1
5346,Branch_6037,833,1538,96.71179883945841,1
5347,Branch_6038,833,928,39.8247710075667,1
5348,Branch_6039,835,928,40.38772213247173,1
5349,Branch_6040,834,835,1960.7843137254902,1
5350,Branch_6041,5369,5368,27.693159789531986,1
5351,Branch_6042,5369,5368,28.1214848143982,1
5352,Branch_6043,5368,5476,32.25806451612903,1
5353,Branch_6044,5368,6120,51.150895140664964,1
5354,Branch_6045,6877,7151,304.8780487804878,1
5355,Branch_6046,6797,7151,119.18951132300357,1
5356,Branch_6047,8901,8939,8.982304859426929,1
5357,Branch_6048,3868,3867,9.991008092716555,1
5358,Branch_6049,3866,3867,11.914690813773383,1
5359,Branch_6050,3869,3867,8.975854950184004,1
5360,Branch_6051,4289,4297,301.2048192771084,1
5361,Branch_6052,4288,4296,301.2048192771084,1
5362,Branch_6053,4052,4051,2.024701356549909,1
5363,Branch_6054,4054,4051,10.0,1
5364,Branch_6055,4053,4051,-97.0873786407767,1
5365,Branch_6056,5906,5907,46.27487274409995,1
5366,Branch_6057,5905,5907,-460.8294930875576,1
5367,Branch_6058,5904,5907,8.97021887334051,1
5368,Branch_6059,3249,3565,4.900519455062237,1
5369,Branch_6060,3094,3536,2000.0,1
5370,Branch_6062,2875,3323,53.87931034482759,1
5371,Branch_6065,3199,3249,4.261303106489964,1
5372,Branch_6066,3074,3249,17.571604287471445,1
5373,Branch_6067,2768,3606,19.19754271453254,1
5374,Branch_6068,2857,3317,3.957888070925354,1
5375,Branch_6070,714,767,169.20473773265653,1
5376,Branch_6071,714,996,113.25028312570781,1
5377,Branch_6072,7120,7121,7.767593599502874,1
5378,Branch_6073,7120,7122,7.767593599502874,1
5379,Branch_6074,7118,7120,1098.901098901099,1
5380,Branch_6075,7006,7364,95.69377990430623,1
5381,Branch_6076,7006,7158,10.476689366160294,1
5382,Branch_6077,6502,6629,5.089058524173028,1
5383,Branch_6078,2891,3447,76.10350076103501,1
5384,Branch_6079,2891,2890,4.951965930474398,1
5385,Branch_6082,9305,9335,42.211903756859435,1
5386,Branch_6083,9305,9336,42.319085907744395,1
5387,Branch_6084,9776,9821,3.911138923654568,1
5388,Branch_6085,9389,9776,3.7982376177453663,1
5389,Branch_6086,9293,9776,4.189183528130368,1
5390,Branch_6088,4627,4642,2000.0,1
5391,Branch_6089,5253,5254,9.492168960607499,1
5392,Branch_6090,5252,5254,-46.728971962616825,1
5393,Branch_6091,5255,5254,2.566339886054509,1
5394,Branch_6092,3837,3838,31.377470975839348,1
5395,Branch_6093,988,1370,89.28571428571429,1
5396,Branch_6094,5680,6410,129.70168612191958,1
5397,Branch_6096,7898,7934,1111.111111111111,1
5398,Branch_6097,8964,9009,18.248175182481752,1
5399,Branch_6098,5657,6695,33.42245989304813,1
5400,Branch_6099,3794,3969,46.62004662004662,1
5401,Branch_6100,6869,7716,23.557126030624264,1
5402,Branch_6101,4642,4641,6.68851581833991,1
5403,Branch_6102,7078,7808,245.09803921568627,1
5404,Branch_6103,7374,7808,58.10575246949448,1
5405,Branch_6104,8149,8378,20.275750202757504,1
5406,Branch_6105,907,1252,159.23566878980893,1
5407,Branch_6106,422,1252,193.05019305019306,1
5408,Branch_6107,1252,1356,160.51364365971108,1
5409,Branch_6108,8107,8455,9.790483649892305,1
5410,Branch_6109,8188,8455,18.284878405558604,1
5411,Branch_6110,3442,3443,8.758101243650376,1
5412,Branch_6111,3442,3441,8.89125989152663,1
5413,Branch_6112,3717,4010,56.49717514124294,1
5414,Branch_6113,3717,4133,181.8181818181818,1
5415,Branch_6114,6128,6596,217.8649237472767,1
5416,Branch_6115,6127,6597,217.8649237472767,1
5417,Branch_6116,209,1637,217.3913043478261,1
5418,Branch_6117,1637,1746,34.940600978336825,1
5419,Branch_6118,1161,1637,2000.0,1
5420,Branch_6120,614,1637,90.74410163339383,1
5421,Branch_6121,1596,1637,41.11842105263158,1
5422,Branch_6122,1097,1637,77.33952049497293,1
5423,Branch_6123,1637,1638,6.4238453138048435,1
5424,Branch_6125,3060,3550,9.852216748768473,1
5425,Branch_6126,2815,3060,14.509576320371446,1
5426,Branch_6127,446,1253,2000.0,1
5427,Branch_6128,441,1253,2000.0,1
5428,Branch_6129,447,1253,2000.0,1
5429,Branch_6130,448,1253,2000.0,1
5430,Branch_6131,440,1253,2000.0,1
5431,Branch_6132,449,1253,2000.0,1
5432,Branch_6133,1253,1516,83.33333333333333,1
5433,Branch_6134,212,1758,2000.0,1
5434,Branch_6135,1758,1756,13.698630136986301,1
5435,Branch_6136,1758,1757,13.702384214853385,1
5436,Branch_6137,1758,1759,11.742602160638798,1
5437,Branch_6138,943,1065,869.5652173913044,1
5438,Branch_6139,943,1000,561.7977528089888,1
5439,Branch_6140,63,1051,64.51612903225806,1
5440,Branch_6141,50,1051,124.06947890818859,1
5441,Branch_6142,2326,2660,22.93577981651376,1
5442,Branch_6143,2659,2660,119.33174224343675,1
5443,Branch_6144,3960,4123,114.5475372279496,1
5444,Branch_6145,842,1635,2000.0,1
5445,Branch_6146,844,1635,2000.0,1
5446,Branch_6147,843,1635,2000.0,1
5447,Branch_6148,842,845,293.2551319648094,1
5448,Branch_6149,840,845,15.08523155830442,1
5449,Branch_6150,841,845,15.08523155830442,1
5450,Branch_6151,844,838,17.755681818181817,1
5451,Branch_6152,843,839,17.755681818181817,1
5452,Branch_6153,31,831,122.85012285012284,1
5453,Branch_6154,793,794,2000.0,1
5454,Branch_6155,794,1304,76.10350076103501,1
5455,Branch_6156,245,793,92.50693802035153,1
5456,Branch_6157,794,1069,145.98540145985402,1
5457,Branch_6158,794,1025,134.58950201884252,1
5458,Branch_6159,1066,1228,302.11480362537765,1
5459,Branch_6160,610,762,93.72071227741331,1
5460,Branch_6161,610,1233,76.98229407236336,1
5461,Branch_6162,609,1233,77.1604938271605,1
5462,Branch_6163,607,610,2000.0,1
5463,Branch_6164,608,609,2000.0,1
5464,Branch_6165,2191,2294,93.89671361502347,1
5465,Branch_6166,2191,2309,159.4896331738437,1
5466,Branch_6167,2191,2302,53.70569280343717,1
5467,Branch_6168,1997,2599,29.231218941829873,1
5468,Branch_6169,2533,2599,40.04805766920305,1
5469,Branch_6170,1994,2599,58.0046403712297,1
5470,Branch_6171,1924,2603,81.10300081103001,1
5471,Branch_6172,1924,2603,82.03445447087776,1
5472,Branch_6173,2347,2486,51.65289256198347,1
5473,Branch_6174,2347,2604,47.48338081671415,1
5474,Branch_6175,2427,2544,47.43833017077799,1
5475,Branch_6176,2408,2544,51.255766273705795,1
5476,Branch_6177,2268,2690,94.42870632672333,1
5477,Branch_6179,1854,2690,62.97229219143577,1
5478,Branch_6181,1967,2690,73.1528895391368,1
5479,Branch_6182,1111,1122,2000.0,1
5480,Branch_6183,803,1122,892.8571428571429,1
5481,Branch_6184,151,166,2000.0,1
5482,Branch_6185,166,167,9.845426799251747,1
5483,Branch_6186,166,168,9.845426799251747,1
5484,Branch_6187,592,836,17.54385964912281,1
5485,Branch_6188,837,836,5.688282138794084,1
5486,Branch_6189,8665,8669,2000.0,1
5487,Branch_6190,186,1190,2000.0,1
5488,Branch_6191,3945,3944,19.157088122605366,1
5489,Branch_6192,3944,4163,30.422878004259204,1
5490,Branch_6193,3945,3943,9.70873786407767,1
5491,Branch_6194,3945,3942,13.157894736842104,1
5492,Branch_6195,3945,3946,5.497526113249038,1
5493,Branch_6196,3781,3944,23.97506593143131,1
5494,Branch_6197,3795,3944,217.3913043478261,1
5495,Branch_6198,1419,1493,10.355182768975872,1
5496,Branch_6199,836,1176,35.27336860670194,1
5497,Branch_6200,837,1419,29.832935560859188,1
5498,Branch_6201,186,187,19.50458357714063,1
5499,Branch_6202,186,188,14.353380221042055,1
5500,Branch_6203,186,189,14.34102968593145,1
5501,Branch_6205,663,962,206.61157024793388,1
5502,Branch_6206,663,1372,403.2258064516129,1
5503,Branch_6207,6337,6517,29.13752913752914,1
5504,Branch_6208,703,1537,26.136957658128594,1
5505,Branch_6209,1537,1580,25.73340195573855,1
5506,Branch_6210,5204,5964,26.212319790301443,1
5507,Branch_6211,5143,6652,67.29475100942126,1
5508,Branch_6212,4965,4967,9.77230528681716,1
5509,Branch_6213,4965,4969,9.810654370646523,1
5510,Branch_6214,4965,4970,9.650646593321753,1
5511,Branch_6215,4965,4968,9.77230528681716,1
5512,Branch_6219,4965,4974,19.451468585878235,1
5513,Branch_6220,9065,9245,2000.0,1
5514,Branch_6222,8269,8508,2000.0,1
5515,Branch_6223,440,444,19.719976336028395,1
5516,Branch_6224,446,439,15.096618357487923,1
5517,Branch_6225,441,445,15.11030522816561,1
5518,Branch_6226,447,442,15.600624024960998,1
5519,Branch_6227,448,443,15.096618357487923,1
5520,Branch_6228,449,450,14.999250037498125,1
5521,Branch_6229,9325,9471,82.64462809917356,1
5522,Branch_6230,4434,6711,2000.0,1
5523,Branch_6231,4434,6712,2000.0,1
5524,Branch_6232,4434,6713,2000.0,1
5525,Branch_6233,2192,2193,5.523031039434442,1
5526,Branch_6234,2192,2194,5.523031039434442,1
5527,Branch_6235,6391,6583,225.22522522522522,1
5528,Branch_6236,6391,6652,112.61261261261261,1
5529,Branch_6237,6711,6714,-526.3157894736842,1
5530,Branch_6238,6709,6714,6.919457514530861,1
5531,Branch_6239,6710,6714,7.0467197519554645,1
5532,Branch_6240,6712,6715,495.0495049504951,1
5533,Branch_6241,6705,6715,7.160759040458289,1
5534,Branch_6242,6706,6715,7.336218912772357,1
5535,Branch_6243,6713,6716,763.3587786259542,1
5536,Branch_6244,6707,6716,7.124536905101168,1
5537,Branch_6245,6708,6716,7.2727272727272725,1
5538,Branch_6246,1977,1976,4.140615295432902,1
5539,Branch_6247,9600,9598,12.768130745658835,1
5540,Branch_6248,9600,9599,12.751849018107626,1
5541,Branch_6249,3851,9600,87.41258741258741,1
5542,Branch_6250,9669,9666,8.14265939255761,1
5543,Branch_6251,9669,9667,8.225037012666556,1
5544,Branch_6252,9669,9668,8.167265599477295,1
5545,Branch_6253,9600,9669,970.8737864077669,1
5546,Branch_6255,8622,8705,187.26591760299627,1
5547,Branch_6256,8622,8630,102.35414534288638,1
5548,Branch_6257,8035,8622,265.2519893899204,1
5549,Branch_6258,8622,8833,77.39938080495357,1
5550,Branch_6259,8621,8622,2000.0,1
5551,Branch_6261,3207,3545,65.01950585175553,1
5552,Branch_6262,3207,3459,35.62522265764161,1
5553,Branch_6264,8332,8381,98.32841691248771,1
5554,Branch_6265,8106,8332,109.17030567685589,1
5555,Branch_6266,3081,3289,70.8215297450425,1
5556,Branch_6267,4271,4474,2000.0,1
5557,Branch_6268,5871,5870,11.402508551881414,1
5558,Branch_6269,4473,4476,9.719117504130624,1
5559,Branch_6270,4474,4476,-75.8150113722517,1
5560,Branch_6271,4475,4476,4.1017227235438884,1
5561,Branch_6272,4473,4503,32.32062055591467,1
5562,Branch_6273,4473,5419,63.29113924050633,1
5563,Branch_6274,5071,5870,1111.111111111111,1
5564,Branch_6275,2801,2803,8.395600705230459,1
5565,Branch_6276,2801,2802,8.395600705230459,1
5566,Branch_6277,2742,2801,2000.0,1
5567,Branch_6278,6885,6982,16.220600162206,1
5568,Branch_6279,6739,6885,9.954210631096954,1
5569,Branch_6280,6885,7542,63.492063492063494,1
5570,Branch_6281,92,1435,483.09178743961354,1
5571,Branch_6282,8085,8948,8.320852055250457,1
5572,Branch_6284,6667,6670,53.53319057815846,1
5573,Branch_6285,6669,6670,-2000.0,1
5574,Branch_6286,6668,6670,8.792754770069463,1
5575,Branch_6287,2476,2475,4.88328938372888,1
5576,Branch_6288,2370,2480,9.830908375933936,1
5577,Branch_6290,2480,2555,28.481913984619766,1
5578,Branch_6291,1898,2554,9.68054211035818,1
5579,Branch_6292,2368,2554,7.423904974016333,1
5580,Branch_6293,1899,2261,12.690355329949238,1
5581,Branch_6294,3579,3581,184.1620626151013,1
5582,Branch_6295,3581,3580,7.352941176470588,1
5583,Branch_6296,387,705,91.24087591240875,1
5584,Branch_6297,707,962,109.2896174863388,1
5585,Branch_6298,706,707,2000.0,1
5586,Branch_6299,704,705,202.42914979757086,1
5587,Branch_6300,707,1595,141.84397163120568,1
5588,Branch_6301,7240,7239,4.738213693437574,1
5589,Branch_6302,3434,3437,5.107252298263534,1
5590,Branch_6303,486,723,76.51109410864575,1
5591,Branch_6304,723,1674,66.35700066357,1
5592,Branch_6305,3700,3701,5.423875901719368,1
5593,Branch_6306,616,1353,546.448087431694,1
5594,Branch_6307,616,1370,154.320987654321,1
5595,Branch_6308,616,615,11.013215859030836,1
5596,Branch_6309,616,619,11.230907457322552,1
5597,Branch_6310,616,617,11.013215859030836,1
5598,Branch_6311,616,618,11.013215859030836,1
5599,Branch_6312,5390,6320,29.985007496251875,1
5600,Branch_6313,6072,6071,1.763668430335097,1
5601,Branch_6314,5324,6071,52.38344683080147,1
5602,Branch_6315,5723,6071,21.39952921035737,1
5603,Branch_6316,5423,6071,53.61930294906166,1
5604,Branch_6317,9446,9444,8.017960230917256,1
5605,Branch_6318,9446,9445,8.381527114240214,1
5606,Branch_6319,9282,9446,840.3361344537815,1
5607,Branch_6320,4666,4667,5.356473297980609,1
5608,Branch_6322,8289,8290,5.537098560354374,1
5609,Branch_6323,8290,8292,6.218132073125234,1
5610,Branch_6324,8291,8292,26.295030239284774,1
5611,Branch_6325,8293,8292,1.275949625508785,1
5612,Branch_6326,8096,8291,33.3889816360601,1
5613,Branch_6327,8290,8591,13.32267519317879,1
5614,Branch_6328,8290,8566,23.245002324500234,1
5615,Branch_6329,8096,8162,3.224454261116306,1
5616,Branch_6330,8289,8291,2000.0,1
5617,Branch_6331,8289,8491,4.290924694271616,1
5618,Branch_6332,8289,8948,76.33587786259542,1
5619,Branch_6333,6742,6835,27.8473962684489,1
5620,Branch_6334,6835,7516,34.19972640218878,1
5621,Branch_6335,6835,6840,154.5595054095827,1
5622,Branch_6336,2915,2998,595.2380952380952,1
5623,Branch_6337,2917,2924,47.48338081671415,1
5624,Branch_6338,2923,2998,2000.0,1
5625,Branch_6339,4862,4860,6.359300476947536,1
5626,Branch_6340,4862,4861,16.043638697256537,1
5627,Branch_6341,9121,9259,7.702973347712217,1
5628,Branch_6342,9121,9738,15.076134479119554,1
5629,Branch_6343,9650,9649,15.394088669950738,1
5630,Branch_6344,570,1513,297.6190476190476,1
5631,Branch_6345,671,1585,155.27950310559007,1
5632,Branch_6346,1576,1585,120.33694344163658,1
5633,Branch_6347,400,1585,1162.7906976744187,1
5634,Branch_6348,213,218,2000.0,1
5635,Branch_6349,218,217,12.147716229348882,1
5636,Branch_6350,2742,2744,46.51162790697674,1
5637,Branch_6351,2743,2744,-485.43689320388347,1
5638,Branch_6352,2747,2744,8.880994671403197,1
5639,Branch_6353,2742,2745,46.27487274409995,1
5640,Branch_6354,2743,2745,-460.8294930875576,1
5641,Branch_6355,2746,2745,8.881783462119193,1
5642,Branch_6356,2742,3478,40.766408479412966,1
5643,Branch_6357,2742,2855,120.77294685990339,1
5644,Branch_6358,9253,9255,5.197505197505198,1
5645,Branch_6359,9253,9254,5.197505197505198,1
5646,Branch_6360,209,1462,159.23566878980893,1
5647,Branch_6361,209,1755,2000.0,1
5648,Branch_6362,372,376,2000.0,1
5649,Branch_6363,375,1322,343.64261168384877,1
5650,Branch_6364,376,1536,41.40786749482402,1
5651,Branch_6365,262,372,10.675776662752215,1
5652,Branch_6366,372,484,64.64124111182934,1
5653,Branch_6367,375,1316,292.39766081871346,1
5654,Branch_6368,373,376,2000.0,1
5655,Branch_6369,374,375,251.25628140703517,1
5656,Branch_6370,34,36,129.5336787564767,1
5657,Branch_6371,35,54,77.9423226812159,1
5658,Branch_6372,36,54,384.61538461538464,1
5659,Branch_6373,35,390,1960.7843137254902,1
5660,Branch_6374,34,1379,751.8796992481203,1
5661,Branch_6375,33,35,2000.0,1
5662,Branch_6376,32,34,2000.0,1
5663,Branch_6377,8105,8532,43.63001745200698,1
5664,Branch_6378,2816,3550,17.247326664367023,1
5665,Branch_6379,3511,3550,28.538812785388128,1
5666,Branch_6380,1067,1326,507.61421319796955,1
5667,Branch_6381,4286,5855,73.74631268436578,1
5668,Branch_6384,1288,1295,84.10428931875526,1
5669,Branch_6385,1278,1279,130.3780964797914,1
5670,Branch_6386,1278,1295,460.8294930875576,1
5671,Branch_6387,1276,1279,207.0393374741201,1
5672,Branch_6388,1276,1283,101.21457489878543,1
5673,Branch_6389,1283,1288,93.02325581395348,1
5674,Branch_6390,1260,1274,8.009611533840609,1
5675,Branch_6391,1275,1295,205.3388090349076,1
5676,Branch_6392,1275,1295,163.3986928104575,1
5677,Branch_6393,1277,1280,2000.0,1
5678,Branch_6394,1277,1281,2000.0,1
5679,Branch_6395,1279,1288,236.4066193853428,1
5680,Branch_6396,1283,1288,94.6969696969697,1
5681,Branch_6397,1279,1295,117.096018735363,1
5682,Branch_6398,1284,1288,1149.4252873563219,1
5683,Branch_6399,1285,1288,1075.268817204301,1
5684,Branch_6400,1286,1288,990.0990099009902,1
5685,Branch_6401,1287,1288,1298.7012987012988,1
5686,Branch_6402,1277,1296,990.0990099009902,1
5687,Branch_6403,1277,1282,787.4015748031496,1
5688,Branch_6404,1277,1294,990.0990099009902,1
5689,Branch_6405,1282,1298,4.915454187966968,1
5690,Branch_6406,1272,1298,2.4986257558342913,1
5691,Branch_6407,1297,1298,4.959087527894868,1
5692,Branch_6408,1282,1293,8.159934720522235,1
5693,Branch_6409,1283,1274,5.612302166348636,1
5694,Branch_6410,1280,1273,5.7231156641675724,1
5695,Branch_6411,1281,1269,5.76435323956652,1
5696,Branch_6412,1284,1256,5.14668039114771,1
5697,Branch_6413,1285,1257,5.14668039114771,1
5698,Branch_6414,1286,1259,5.137690094533498,1
5699,Branch_6415,1287,1290,23.668639053254438,1
5700,Branch_6416,1275,1258,5.515111405250386,1
5701,Branch_6417,1275,1291,10.799136069114471,1
5702,Branch_6418,1289,1291,140.64697609001408,1
5703,Branch_6419,1292,1291,15.59332605644784,1
5704,Branch_6420,53,1381,581.3953488372093,1
5705,Branch_6421,53,1381,581.3953488372093,1
5706,Branch_6422,3773,3817,106.60980810234541,1
5707,Branch_6423,3137,3136,4.580852038479157,1
5708,Branch_6424,2795,3136,2000.0,1
5709,Branch_6425,3136,3556,85.32423208191126,1
5710,Branch_6426,645,651,32.278889606197545,1
5711,Branch_6427,5743,6326,18.311664530305805,1
5712,Branch_6428,251,1381,55.46311702717693,1
5713,Branch_6430,1182,1381,170.94017094017093,1
5714,Branch_6431,613,1395,684.931506849315,1
5715,Branch_6432,613,1383,751.8796992481203,1
5716,Branch_6433,1271,1272,1492.5373134328358,1
5717,Branch_6434,1267,1297,900.9009009009009,1
5718,Branch_6435,1381,1396,47.82400765184122,1
5719,Branch_6436,1398,1396,78.98894154818325,1
5720,Branch_6437,1397,1396,4.982064567556796,1
5721,Branch_6438,1381,1388,48.5201358563804,1
5722,Branch_6439,1382,1388,77.9423226812159,1
5723,Branch_6440,1387,1388,4.988277547762758,1
5724,Branch_6441,1381,1389,69.97900629811056,1
5725,Branch_6442,1380,1389,56.274620146314014,1
5726,Branch_6443,1386,1389,4.858142246404975,1
5727,Branch_6444,1381,1391,53.908355795148246,1
5728,Branch_6445,1390,1391,66.57789613848202,1
5729,Branch_6446,1392,1391,5.104645227156713,1
5730,Branch_6447,1383,1384,-390.625,1
5731,Branch_6448,1381,1384,54.824561403508774,1
5732,Branch_6450,1385,1384,9.828009828009828,1
5733,Branch_6451,1395,1393,-243.30900243309003,1
5734,Branch_6452,1381,1393,54.34782608695652,1
5735,Branch_6453,1394,1393,10.53518752633797,1
5736,Branch_6454,1279,1398,2000.0,1
5737,Branch_6455,1279,1390,2000.0,1
5738,Branch_6456,1279,1380,2000.0,1
5739,Branch_6457,1279,1382,2000.0,1
5740,Branch_6459,1295,1296,66.00660066006601,1
5741,Branch_6460,1294,1295,2000.0,1
5742,Branch_6461,1264,1271,7.267441860465116,1
5743,Branch_6462,1268,1273,40.32258064516129,1
5744,Branch_6463,1261,1268,9.48316737790422,1
5745,Branch_6464,1262,1268,9.48316737790422,1
5746,Branch_6465,1263,1268,9.48316737790422,1
5747,Branch_6466,1264,1268,9.48316737790422,1
5748,Branch_6467,1265,1269,10.51967178624027,1
5749,Branch_6468,1266,1269,11.89767995240928,1
5750,Branch_6469,1269,1270,11.89767995240928,1
5751,Branch_6470,5084,5743,11.494252873563218,1
5752,Branch_6472,25,603,1612.9032258064517,1
5753,Branch_6473,25,1025,1886.7924528301887,1
5754,Branch_6474,1470,1716,303.030303030303,1
5755,Branch_6475,520,1472,564.9717514124294,1
5756,Branch_6476,790,1471,27.53303964757709,1
5757,Branch_6477,9,1471,25.46473134708429,1
5758,Branch_6478,1436,1471,18.37897445322551,1
5759,Branch_6479,1470,1635,153.1393568147014,1
5760,Branch_6480,1472,1473,-331.12582781456956,1
5761,Branch_6481,1470,1473,57.870370370370374,1
5762,Branch_6482,1474,1473,10.449320794148381,1
5763,Branch_6483,963,1579,285.7142857142857,1
5764,Branch_6484,1579,1612,133.5113484646195,1
5765,Branch_6485,3907,3906,15.342129487572874,1
5766,Branch_6486,4304,6259,1470.5882352941176,1
5767,Branch_6487,4304,4539,17.768301350390903,1
5768,Branch_6488,4304,4493,1470.5882352941176,1
5769,Branch_6491,8246,8904,5.515719801434087,1
5770,Branch_6492,8246,8910,3.7509377344336086,1
5771,Branch_6493,1984,2865,15.223017202009439,1
5772,Branch_6494,2865,2952,15.812776723592663,1
5773,Branch_6495,1196,1604,162.07455429497568,1
5774,Branch_6496,1197,1604,164.74464579901152,1
5775,Branch_6497,578,1196,58.10575246949448,1
5776,Branch_6499,7149,7150,110.74197120708749,1
5777,Branch_6501,7146,7147,46.92632566870014,1
5778,Branch_6502,7149,7148,5.787037037037037,1
5779,Branch_6503,7146,7145,5.793742757821553,1
5780,Branch_6504,792,952,55.09641873278237,1
5781,Branch_6505,702,952,126.10340479192938,1
5782,Branch_6506,6246,6245,10.50309841403214,1
5783,Branch_6507,6246,6247,2000.0,1
5784,Branch_6508,906,908,-122.85012285012284,1
5785,Branch_6509,907,908,22.281639928698752,1
5786,Branch_6510,911,908,7.783918424534911,1
5787,Branch_6511,906,909,-129.5336787564767,1
5788,Branch_6512,907,909,16.79261125104954,1
5789,Branch_6513,910,909,6.628222973420826,1
5790,Branch_6514,906,1625,24.752475247524753,1
5791,Branch_6515,484,906,57.8368999421631,1
5792,Branch_6516,907,1203,862.0689655172414,1
5793,Branch_6517,5868,5867,2.1114864864864864,1
5794,Branch_6518,8288,8651,2000.0,1
5795,Branch_6519,8285,8651,2000.0,1
5796,Branch_6520,8283,8651,2000.0,1
5797,Branch_6521,8288,8286,15.105740181268882,1
5798,Branch_6522,8285,8284,15.024038461538462,1
5799,Branch_6523,8283,8287,15.042117930204572,1
5800,Branch_6526,6906,7414,5.964451866873434,1
5801,Branch_6527,19,1249,793.6507936507936,1
5802,Branch_6528,19,1000,363.6363636363636,1
5803,Branch_6529,1958,1957,50.68423720223011,1
5804,Branch_6530,1958,1957,50.68423720223011,1
5805,Branch_6531,972,1041,1851.851851851852,1
5806,Branch_6532,664,667,2000.0,1
5807,Branch_6533,664,666,2000.0,1
5808,Branch_6534,1043,1609,490.19607843137254,1
5809,Branch_6535,1041,1043,393.7007874015748,1
5810,Branch_6536,666,1041,341.29692832764505,1
5811,Branch_6537,1042,1609,425.531914893617,1
5812,Branch_6538,1041,1042,518.1347150259068,1
5813,Branch_6539,667,1041,381.6793893129771,1
5814,Branch_6540,781,1042,1369.86301369863,1
5815,Branch_6541,782,1043,1298.7012987012988,1
5816,Branch_6542,971,1041,1851.851851851852,1
5817,Branch_6543,664,665,10.208248264597795,1
5818,Branch_6544,8759,8945,88.65248226950355,1
5819,Branch_6545,8398,8759,34.940600978336825,1
5820,Branch_6546,3027,3602,125.0,1
5821,Branch_6547,3027,3600,125.0,1
5822,Branch_6548,799,1454,277.0083102493075,1
5823,Branch_6549,798,1453,346.02076124567475,1
5824,Branch_6550,573,799,377.35849056603774,1
5825,Branch_6551,797,799,313.47962382445144,1
5826,Branch_6552,796,798,242.13075060532688,1
5827,Branch_6553,798,1433,131.06159895150722,1
5828,Branch_6554,3000,3041,31.34796238244514,1
5829,Branch_6555,851,1440,42.337002540220155,1
5830,Branch_6556,2330,2550,17.035775127768314,1
5831,Branch_6557,2330,2533,35.51136363636363,1
5832,Branch_6558,2427,2511,66.44518272425249,1
5833,Branch_6559,2212,2427,64.14368184733804,1
5834,Branch_6560,1826,1854,34.3878954607978,1
5835,Branch_6561,1826,2533,28.192839018889202,1
5836,Branch_6562,1974,8088,12.884937508053087,1
5837,Branch_6564,2063,2669,2000.0,1
5838,Branch_6565,2589,2669,69.39625260235947,1
5839,Branch_6566,2589,2669,69.39625260235947,1
5840,Branch_6567,1435,1542,256.4102564102564,1
5841,Branch_6568,590,802,273.224043715847,1
5842,Branch_6569,802,1370,128.8659793814433,1
5843,Branch_6570,8313,8905,155.76323987538942,1
5844,Branch_6571,8313,8905,173.3102253032929,1
5845,Branch_6572,8056,8055,20.408163265306122,1
5846,Branch_6573,8056,8670,497.5124378109453,1
5847,Branch_6574,8312,8313,2000.0,1
5848,Branch_6575,778,1671,1315.7894736842106,1
5849,Branch_6576,778,1735,116.95906432748538,1
5850,Branch_6577,4863,4914,21.90580503833516,1
5851,Branch_6578,9718,9717,9.601536245799329,1
5852,Branch_6579,9198,9718,57.37234652897303,1
5853,Branch_6580,9085,9717,9.370314842578711,1
5854,Branch_6581,9084,9717,9.186954524575103,1
5855,Branch_6582,9465,9717,16.716817118020728,1
5856,Branch_6583,4002,4001,19.157088122605366,1
5857,Branch_6584,3297,3299,19.043991620643688,1
5858,Branch_6585,2095,2094,13.003901170351105,1
5859,Branch_6586,2057,2058,13.176966662274344,1
5860,Branch_6588,2056,2057,2000.0,1
5861,Branch_6589,2083,2082,13.689253935660506,1
5862,Branch_6590,2083,2084,2000.0,1
5863,Branch_6591,5091,6583,33.82949932341001,1
5864,Branch_6592,165,371,71.27583749109051,1
5865,Branch_6593,371,2242,46.468401486988846,1
5866,Branch_6594,6849,7362,704.2253521126761,1
5867,Branch_6595,6849,6847,17.577781683951486,1
5868,Branch_6596,6849,6848,15.482272797646694,1
5869,Branch_6597,3506,3507,2.6688017080330932,1
5870,Branch_6598,9130,9716,2000.0,1
5871,Branch_6599,1251,1450,227.27272727272728,1
5872,Branch_6600,1250,1449,220.7505518763797,1
5873,Branch_6601,342,1251,198.80715705765408,1
5874,Branch_6602,343,1250,202.83975659229208,1
5875,Branch_6603,3200,3286,15.271838729383017,1
5876,Branch_6605,2990,3200,3.2618977721238216,1
5877,Branch_6606,3692,3691,2.087246921310791,1
5878,Branch_6607,3693,3691,-55.248618784530386,1
5879,Branch_6608,3694,3691,2.189141856392294,1
5880,Branch_6611,9311,9468,763.3587786259542,1
5881,Branch_6612,9311,9625,159.4896331738437,1
5882,Branch_6613,9282,9311,49.97501249375313,1
5883,Branch_6614,9282,9311,49.75124378109453,1
5884,Branch_6615,9305,9311,37.79289493575208,1
5885,Branch_6616,9305,9311,37.79289493575208,1
5886,Branch_6617,3180,3217,1315.7894736842106,1
5887,Branch_6618,1312,1736,7.988496564946477,1
5888,Branch_6619,1621,1712,26.096033402922757,1
5889,Branch_6620,1343,1712,9.683354313934347,1
5890,Branch_6621,8082,8488,4.521613311629589,1
5891,Branch_6623,8081,8172,7.873395795606645,1
5892,Branch_6624,8081,8082,3.186743148502231,1
5893,Branch_6627,480,951,121.65450121654501,1
5894,Branch_6628,951,1086,104.9317943336831,1
5895,Branch_6629,24,950,72.3589001447178,1
5896,Branch_6630,949,951,359.71223021582733,1
5897,Branch_6631,948,950,364.963503649635,1
5898,Branch_6632,950,1562,92.85051067780873,1
5899,Branch_6633,4501,6093,104.4932079414838,1
5900,Branch_6634,1096,1580,127.8772378516624,1
5901,Branch_6636,1096,1742,2000.0,1
5902,Branch_6637,6092,6434,90.57971014492753,1
5903,Branch_6638,5081,6092,28.176951253874332,1
5904,Branch_6639,7140,7139,14.326647564469914,1
5905,Branch_6640,7140,7787,2000.0,1
5906,Branch_6641,9623,9622,16.65278934221482,1
5907,Branch_6643,6817,6819,19.398642095053347,1
5908,Branch_6644,6817,6825,2000.0,1
5909,Branch_6645,7716,7717,41.16920543433512,1
5910,Branch_6646,7652,7717,2000.0,1
5911,Branch_6647,6816,7716,56.882821387940844,1
5912,Branch_6648,8765,8769,2000.0,1
5913,Branch_6649,8769,8770,8.671522719389525,1
5914,Branch_6650,6813,6819,14.423770373575653,1
5915,Branch_6652,7546,7547,11.856770215793217,1
5916,Branch_6653,5642,6677,9.48676596148373,1
5917,Branch_6654,7378,7546,495.0495049504951,1
5918,Branch_6655,5142,6677,7.651694850409366,1
5919,Branch_6656,6677,9226,5.393743257820928,1
5920,Branch_6657,402,1456,25.393600812595228,1
5921,Branch_6658,3153,3212,28.677946659019213,1
5922,Branch_6659,3032,3153,5.593779716954747,1
5923,Branch_6661,7999,8532,50.505050505050505,1
5924,Branch_6662,3729,3731,69.44444444444444,1
5925,Branch_6663,3728,3731,74.01924500370096,1
5926,Branch_6664,3730,3731,4.8016901949486215,1
5927,Branch_6665,7128,7589,54.229934924078094,1
5928,Branch_6666,4596,4595,6.333924499619965,1
5929,Branch_6667,4596,4607,277.0083102493075,1
5930,Branch_6668,3011,3013,10.641694157709907,1
5931,Branch_6669,3011,3120,26.232948583420775,1
5932,Branch_6670,3013,3169,55.21811154058531,1
5933,Branch_6671,5264,6203,2000.0,1
5934,Branch_6672,5264,6203,2000.0,1
5935,Branch_6673,6080,6079,9.182736455463727,1
5936,Branch_6674,6083,6081,35.0754121360926,1
5937,Branch_6675,6079,6081,316.45569620253167,1
5938,Branch_6676,6082,6081,9.606147934678194,1
5939,Branch_6677,9273,9278,63.775510204081634,1
5940,Branch_6678,5703,5989,59.80861244019139,1
5941,Branch_6679,5143,5989,53.56186395286556,1
5942,Branch_6680,8736,8807,478.4688995215311,1
5943,Branch_6681,8807,8808,7.403568520026653,1
5944,Branch_6682,8807,8809,6.993006993006993,1
5945,Branch_6683,8221,8917,60.60606060606061,1
5946,Branch_6684,771,1630,76.51109410864575,1
5947,Branch_6685,1312,1630,12.042389210019268,1
5948,Branch_6686,1369,1630,89.28571428571429,1
5949,Branch_6687,3743,3938,8.071025020177563,1
5950,Branch_6688,554,771,4.799155348658636,1
5951,Branch_6689,4737,4736,170.64846416382252,1
5952,Branch_6690,4735,4736,8.408307407718826,1
5953,Branch_6691,4738,4736,8.408307407718826,1
5954,Branch_6692,940,941,7.432181345224824,1
5955,Branch_6694,480,481,2000.0,1
5956,Branch_6695,354,483,91.99632014719411,1
5957,Branch_6696,483,1573,182.14936247723134,1
5958,Branch_6697,479,1575,175.7469244288225,1
5959,Branch_6698,8021,8716,425.531914893617,1
5960,Branch_6699,8021,8022,9.152480322167307,1
5961,Branch_6700,8021,8023,9.063717937097797,1
5962,Branch_6701,481,695,63.371356147021544,1
5963,Branch_6702,478,483,2000.0,1
5964,Branch_6703,479,482,2000.0,1
5965,Branch_6704,477,481,2000.0,1
5966,Branch_6705,480,1668,50.0751126690035,1
5967,Branch_6706,5175,6236,26.35740643120717,1
5968,Branch_6707,4004,4130,2000.0,1
5969,Branch_6708,5407,5409,46.57661853749418,1
5970,Branch_6709,5405,5409,-478.4688995215311,1
5971,Branch_6710,5410,5409,8.92379082634303,1
5972,Branch_6711,5407,5408,826.4462809917355,1
5973,Branch_6712,5405,5408,45.47521600727603,1
5974,Branch_6713,5406,5408,23.51834430856068,1
5975,Branch_6714,4145,4175,19.18281220026856,1
5976,Branch_6715,8483,8587,210.9704641350211,1
5977,Branch_6716,8483,8694,11.144544745347153,1
5978,Branch_6717,1086,1514,39.52569169960474,1
5979,Branch_6718,3596,3595,4.231550440081246,1
5980,Branch_6719,2743,3596,302.11480362537765,1
5981,Branch_6720,5939,6279,60.024009603841534,1
5982,Branch_6721,4247,6279,11.75226231049477,1
5983,Branch_6722,5939,6159,680.2721088435375,1
5984,Branch_6723,2778,3565,200.80321285140562,1
5985,Branch_6724,3564,3565,70.92198581560284,1
5986,Branch_6726,6146,9288,2000.0,1
5987,Branch_6727,6146,6147,33.95585738539898,1
5988,Branch_6728,5647,6067,104.16666666666667,1
5989,Branch_6729,3644,3725,2000.0,1
5990,Branch_6730,3074,3253,16.276041666666668,1
5991,Branch_6732,2775,3074,4.8718698236383124,1
5992,Branch_6734,1000,1249,473.93364928909955,1
5993,Branch_6735,8467,8975,74.07407407407408,1
5994,Branch_6736,8467,8487,198.80715705765408,1
5995,Branch_6737,8468,8801,27.48763056624519,1
5996,Branch_6738,8183,8468,7.456009543692216,1
5997,Branch_6739,8593,8949,40.93327875562833,1
5998,Branch_6740,8693,8949,41.999160016799664,1
5999,Branch_6741,8670,8905,23.337222870478413,1
6000,Branch_6742,2719,2718,6.5359477124183005,1
6001,Branch_6743,2718,2719,9.950248756218906,1
6002,Branch_6744,2719,3287,87.03220191470844,1
6003,Branch_6745,2718,2976,6.014675808973896,1
6004,Branch_6746,6894,7614,12.007684918347742,1
6005,Branch_6747,6841,6894,22.099447513812155,1
6006,Branch_6748,3487,6894,26.281208935611037,1
6007,Branch_6749,96,1634,40.98360655737705,1
6008,Branch_6750,9096,9772,9.902951079421667,1
6009,Branch_6751,7398,7484,9.91768322919766,1
6010,Branch_6752,6769,7484,13.317352510320948,1
6011,Branch_6753,9721,9772,22.36636099306643,1
6012,Branch_6755,4379,4393,2000.0,1
6013,Branch_6756,4379,6055,2000.0,1
6014,Branch_6757,4379,4512,15.105740181268882,1
6015,Branch_6758,4638,4639,6.104633416763323,1
6016,Branch_6759,4638,4640,14.70155836518671,1
6017,Branch_6760,824,1624,245.09803921568627,1
6018,Branch_6761,824,1203,1562.5,1
6019,Branch_6762,824,1569,125.15644555694618,1
6020,Branch_6763,5182,5184,33.32222592469177,1
6021,Branch_6764,5182,5183,33.32222592469177,1
6022,Branch_6765,603,1427,1694.915254237288,1
6023,Branch_6767,171,1013,657.8947368421053,1
6024,Branch_6768,537,1436,24.73410833539451,1
6025,Branch_6769,537,1436,22.593764121102577,1
6026,Branch_6770,8632,8667,25.201612903225808,1
6027,Branch_6771,7849,7850,16.4257555847569,1
6028,Branch_6772,7849,7851,16.4257555847569,1
6029,Branch_6773,7099,7849,2000.0,1
6030,Branch_6774,3831,3872,26.845637583892618,1
6031,Branch_6775,755,850,101.21457489878543,1
6032,Branch_6776,754,755,2000.0,1
6033,Branch_6777,752,753,2000.0,1
6034,Branch_6778,755,1672,230.4147465437788,1
6035,Branch_6779,752,1672,164.20361247947454,1
6036,Branch_6780,343,752,87.26003490401396,1
6037,Branch_6781,6267,9039,500.0,1
6038,Branch_6782,1173,1172,15.16530178950561,1
6039,Branch_6783,4241,4243,46.62004662004662,1
6040,Branch_6784,4242,4243,-473.93364928909955,1
6041,Branch_6785,4244,4243,8.992805755395684,1
6042,Branch_6786,4241,4245,46.59832246039143,1
6043,Branch_6787,4242,4245,-476.1904761904762,1
6044,Branch_6788,4246,4245,8.958165367732688,1
6045,Branch_6793,4775,4776,46.27487274409995,1
6046,Branch_6794,4777,4776,-460.8294930875576,1
6047,Branch_6795,4778,4776,9.00657479960371,1
6048,Branch_6796,4775,4780,46.27487274409995,1
6049,Branch_6797,4777,4780,-460.8294930875576,1
6050,Branch_6798,4779,4780,9.00657479960371,1
6051,Branch_6799,8006,8005,5.55926173004225,1
6052,Branch_6800,8557,8556,6.802721088435374,1
6053,Branch_6801,6806,7370,735.2941176470588,1
6054,Branch_6802,570,1304,73.20644216691069,1
6055,Branch_6803,570,566,12.373174956693887,1
6056,Branch_6804,570,566,8.788118463836893,1
6057,Branch_6805,570,566,9.479571523367143,1
6058,Branch_6806,568,558,4.563917666925288,1
6059,Branch_6807,568,559,4.563917666925288,1
6060,Branch_6808,568,560,4.558716265499635,1
6061,Branch_6809,565,563,12.379301807378065,1
6062,Branch_6810,569,567,13.672409078479628,1
6063,Branch_6811,564,561,2.39652982481367,1
6064,Branch_6812,565,561,3.150896430034345,1
6065,Branch_6813,565,561,3.108486167236556,1
6066,Branch_6814,564,562,1.9764017629503725,1
6067,Branch_6815,564,562,1.9764017629503725,1
6068,Branch_6816,564,562,2.0027638140634076,1
6069,Branch_6817,564,562,2.0298386278290876,1
6070,Branch_6818,3826,3827,26.63115845539281,1
6071,Branch_6819,3827,3828,43.10344827586207,1
6072,Branch_6820,3827,3842,41.16920543433512,1
6073,Branch_6821,3689,4081,2000.0,1
6074,Branch_6823,7907,7911,46.57661853749418,1
6075,Branch_6824,7906,7911,-478.4688995215311,1
6076,Branch_6825,7909,7911,8.92379082634303,1
6077,Branch_6826,7908,7912,46.2962962962963,1
6078,Branch_6827,7906,7912,-458.7155963302752,1
6079,Branch_6828,7910,7912,8.933357155619081,1
6080,Branch_6829,241,596,215.9827213822894,1
6081,Branch_6830,312,596,571.4285714285714,1
6082,Branch_6831,596,1424,2000.0,1
6083,Branch_6832,2057,2095,714.2857142857143,1
6084,Branch_6833,2024,2023,10.018032458425166,1
6085,Branch_6834,2017,2024,2000.0,1
6086,Branch_6835,8174,8425,16.142050040355127,1
6087,Branch_6836,8174,8546,63.05170239596469,1
6088,Branch_6837,2084,2177,2000.0,1
6089,Branch_6838,1968,2177,50.607287449392715,1
6090,Branch_6839,2177,2496,112.99435028248588,1
6091,Branch_6840,2177,2317,53.821313240043054,1
6092,Branch_6841,1988,2177,19.029495718363464,1
6093,Branch_6842,2386,2655,19.654088050314467,1
6094,Branch_6843,2386,2477,20.554984583761563,1
6095,Branch_6844,2634,2655,15.693659761456372,1
6096,Branch_6845,2294,2328,145.5604075691412,1
6097,Branch_6846,2262,2328,1694.915254237288,1
6098,Branch_6847,2262,2328,1449.2753623188405,1
6099,Branch_6848,2328,2629,294.11764705882354,1
6100,Branch_6849,1968,2590,24.919013207077,1
6101,Branch_6851,9680,9683,11.258725512272012,1
6102,Branch_6852,9305,9680,666.6666666666666,1
6103,Branch_6853,4942,6103,2000.0,1
6104,Branch_6854,4942,6099,232.0185614849188,1
6105,Branch_6855,8754,8999,26.469031233456857,1
6106,Branch_6856,8968,8999,54.34782608695652,1
6107,Branch_6857,8241,8244,1.2196311835301006,1
6108,Branch_6858,8241,8243,1.2225536701061177,1
6109,Branch_6859,8241,8242,1.2226284065483977,1
6110,Branch_6860,8241,8999,48.33252779120348,1
6111,Branch_6861,8241,8999,51.49330587023687,1
6112,Branch_6862,8900,8901,9.165902841429881,1
6113,Branch_6863,8161,8901,12.399256044637323,1
6114,Branch_6864,8900,8944,5.347307630607989,1
6115,Branch_6865,8104,8901,10.855405992184108,1
6116,Branch_6866,8900,8902,662.2516556291391,1
6117,Branch_6867,8902,8903,168.35016835016836,1
6118,Branch_6868,4286,6546,73.52941176470588,1
6119,Branch_6869,6105,6546,30.303030303030305,1
6120,Branch_6870,340,786,166.66666666666666,1
6121,Branch_6871,8182,8937,6.701065469409636,1
6122,Branch_6872,1346,8182,4.5551860793513415,1
6123,Branch_6873,401,786,421.9409282700422,1
6124,Branch_6874,6941,7637,87.48906386701663,1
6125,Branch_6878,3820,3847,2000.0,1
6126,Branch_6879,362,1314,26.75943270002676,1
6127,Branch_6880,362,1763,83.82229673093043,1
6128,Branch_6881,197,362,2000.0,1
6129,Branch_6882,362,1538,145.1378809869376,1
6130,Branch_6883,362,1468,625.0,1
6131,Branch_6884,5307,5308,6.079027355623101,1
6132,Branch_6885,765,1717,47.43833017077799,1
6133,Branch_6887,765,1372,46.18937644341801,1
6134,Branch_6888,6749,7613,37.5234521575985,1
6135,Branch_6889,964,1599,216.91973969631238,1
6136,Branch_6890,727,964,106.83760683760684,1
6137,Branch_6891,67,68,2000.0,1
6138,Branch_6892,66,67,2000.0,1
6139,Branch_6893,66,65,13.106159895150721,1
6140,Branch_6897,4632,4633,10.60220525869381,1
6141,Branch_6898,4632,4634,10.501995379122032,1
6142,Branch_6899,3493,3496,18.315018315018314,1
6143,Branch_6900,3491,3494,15.28117359413203,1
6144,Branch_6901,3492,3495,15.377518068583731,1
6145,Branch_6902,2800,2799,10.002000400080016,1
6146,Branch_6903,2957,3137,216.45021645021646,1
6147,Branch_6904,2957,3209,5.443658138268916,1
6148,Branch_6905,2957,3328,3.5486160397444997,1
6149,Branch_6906,3687,3688,72.41129616220131,1
6150,Branch_6907,3685,3688,72.41129616220131,1
6151,Branch_6908,3686,3688,-72.41129616220131,1
6152,Branch_6910,3477,3572,94.5179584120983,1
6153,Branch_6911,2855,3572,174.52006980802793,1
6154,Branch_6912,4630,4631,12.009126936471718,1
6155,Branch_6914,4630,6202,321.54340836012864,1
6156,Branch_6917,2733,2734,2000.0,1
6157,Branch_6918,2735,6123,847.457627118644,1
6158,Branch_6919,6224,6222,15.420200462606013,1
6159,Branch_6920,6224,6223,8.862105636299185,1
6160,Branch_6921,6224,6225,16.803898504453034,1
6161,Branch_6922,2249,2248,3.486750348675035,1
6162,Branch_6923,5345,5390,66.75567423230974,1
6163,Branch_6924,7266,7265,17.24435247456458,1
6164,Branch_6925,7266,7265,17.24435247456458,1
6165,Branch_6926,7265,7268,7.754943776657619,1
6166,Branch_6927,7265,7269,7.814942169427947,1
6167,Branch_6928,7265,7267,7.754943776657619,1
6168,Branch_6929,9108,9289,8.091269520187717,1
6169,Branch_6930,9289,9621,4.932669067232279,1
6170,Branch_6931,9275,9289,15.482272797646694,1
6171,Branch_6933,7130,7129,7.767593599502874,1
6172,Branch_6934,5851,5852,4.492362982929021,1
6173,Branch_6936,2796,2797,8.031483414986749,1
6174,Branch_6937,2796,2798,8.065817067268915,1
6175,Branch_6938,2743,2796,45.78754578754579,1
6176,Branch_6939,945,1314,196.8503937007874,1
6177,Branch_6940,1314,1416,54.525627044711015,1
6178,Branch_6941,1314,1417,55.46311702717693,1
6179,Branch_6942,551,1314,30.816640986132512,1
6180,Branch_6943,1314,1652,54.17118093174431,1
6181,Branch_6944,38,37,14.291839359725596,1
6182,Branch_6945,2974,2999,19.297568506368197,1
6183,Branch_6946,722,1417,57.93742757821553,1
6184,Branch_6947,7942,7955,1176.4705882352941,1
6185,Branch_6948,9468,9469,13.368983957219251,1
6186,Branch_6949,9468,9470,13.502565487442615,1
6187,Branch_6950,646,649,12.95001295001295,1
6188,Branch_6951,646,650,12.916559028674762,1
6189,Branch_6952,646,647,5.313496280552604,1
6190,Branch_6953,646,648,5.353319057815845,1
6191,Branch_6954,642,637,10.721561059290233,1
6192,Branch_6955,642,635,10.81665765278529,1
6193,Branch_6956,642,634,10.616838305552607,1
6194,Branch_6957,642,636,10.763104079216445,1
6195,Branch_6958,642,638,10.626992561105208,1
6196,Branch_6959,642,633,5.394616173059287,1
6197,Branch_6960,642,641,9.230201218386561,1
6198,Branch_6961,642,640,7.763372408974458,1
6199,Branch_6962,642,632,12.936610608020699,1
6200,Branch_6963,644,639,9.685230024213075,1
6201,Branch_6964,643,639,9.933445912387008,1
6202,Branch_6965,639,659,26.31578947368421,1
6203,Branch_6966,630,659,3.067484662576687,1
6204,Branch_6967,631,659,3.058103975535168,1
6205,Branch_6968,653,654,10.001000100010002,1
6206,Branch_6969,652,654,10.001000100010002,1
6207,Branch_6970,654,655,5.000250012500625,1
6208,Branch_6971,654,656,12.048192771084338,1
6209,Branch_6972,654,657,12.048192771084338,1
6210,Branch_6973,639,658,11.574074074074074,1
6211,Branch_6974,631,658,5.87820362097343,1
6212,Branch_6975,630,658,5.906325674797708,1
6213,Branch_6976,384,639,102.56410256410257,1
6214,Branch_6977,639,1301,21.427040925648168,1
6215,Branch_6978,7608,7611,50.25125628140704,1
6216,Branch_6979,5110,5112,46.57661853749418,1
6217,Branch_6980,5109,5112,-480.7692307692308,1
6218,Branch_6981,5111,5112,9.01144453455889,1
6219,Branch_6982,3228,3446,1818.1818181818182,1
6220,Branch_6983,2989,3446,6.421782686873876,1
6221,Branch_6984,4942,5701,333.3333333333333,1
6222,Branch_6985,969,1209,4.84027105517909,1
6223,Branch_6986,4216,5701,384.61538461538464,1
6224,Branch_6987,208,945,55.80357142857143,1
6225,Branch_6988,26,392,60.93845216331505,1
6226,Branch_6989,7173,7589,2000.0,1
6227,Branch_6991,8641,8640,16.005121638924457,1
6228,Branch_6992,8638,8640,384.61538461538464,1
6229,Branch_6993,8639,8640,39.43217665615142,1
6230,Branch_6994,8048,8639,54.7645125958379,1
6231,Branch_6995,8048,8639,54.7645125958379,1
6232,Branch_6996,9245,9419,58.78894767783657,1
6233,Branch_6997,9419,9594,74.46016381236039,1
6234,Branch_6998,8793,8791,10.529640939243972,1
6235,Branch_6999,8793,8792,10.529640939243972,1
6236,Branch_7000,8789,8793,454.54545454545456,1
6237,Branch_7001,5748,6028,68.72852233676976,1
6238,Branch_7002,6030,6028,6.031363088057901,1
6239,Branch_7003,6029,6028,5.0208364713561275,1
6240,Branch_7004,6029,6315,17.7999288002848,1
6241,Branch_7005,6028,6513,25.131942699170647,1
6242,Branch_7006,1777,2425,61.95786864931846,1
6243,Branch_7007,2636,2638,59.523809523809526,1
6244,Branch_7008,2636,2637,43.89815627743635,1
6245,Branch_7009,2180,2181,40.600893219650835,1
6246,Branch_7011,64,1412,134.77088948787062,1
6247,Branch_7012,8865,8911,90.33423667570008,1
6248,Branch_7013,830,1412,165.8374792703151,1
6249,Branch_7014,522,523,5.720823798627002,1
6250,Branch_7015,2626,2693,66.35700066357,1
6251,Branch_7016,3928,3926,14.57301078402798,1
6252,Branch_7017,3928,3929,14.57301078402798,1
6253,Branch_7018,3928,3927,15.6128024980484,1
6254,Branch_7019,3923,3922,14.330753797649756,1
6255,Branch_7020,3923,3924,14.3000143000143,1
6256,Branch_7021,3923,3925,15.5448468832582,1
6257,Branch_7022,3279,3278,3.5855145213338115,1
6258,Branch_7023,3093,3121,7.548309178743962,1
6259,Branch_7024,8095,8098,7.224389539083948,1
6260,Branch_7025,8098,8399,1.1098163253981466,1
6261,Branch_7026,8098,8390,2.355601620653915,1
6262,Branch_7027,8418,8961,1.6270745200130166,1
6263,Branch_7028,3636,3697,124.84394506866417,1
6264,Branch_7029,7450,7613,18.618506795754982,1
6265,Branch_7030,7613,7614,7.110858280594468,1
6266,Branch_7031,8085,8642,5.151187348683871,1
6267,Branch_7032,2949,3123,1.6984272563606102,1
6268,Branch_7033,8094,9002,3.250975292587776,1
6269,Branch_7034,422,1624,141.44271570014143,1
6270,Branch_7035,5130,5136,12.169891687963977,1
6271,Branch_7036,5130,5135,12.192148256522799,1
6272,Branch_7037,5130,5131,12.169891687963977,1
6273,Branch_7038,5133,5139,12.112403100775193,1
6274,Branch_7039,5133,5138,12.19958521410272,1
6275,Branch_7040,5133,5134,12.135922330097088,1
6276,Branch_7041,5130,5132,27.878449958182326,1
6277,Branch_7042,5133,5137,27.808676307007786,1
6278,Branch_7043,5029,6317,2000.0,1
6279,Branch_7044,9045,9746,125.31328320802005,1
6280,Branch_7045,9045,9760,48.59086491739553,1
6281,Branch_7046,8507,8573,47.37091425864519,1
6282,Branch_7047,8507,8913,40.22526146419952,1
6283,Branch_7048,8507,8827,251.88916876574308,1
6284,Branch_7049,8507,8825,251.88916876574308,1
6285,Branch_7050,8507,8826,251.88916876574308,1
6286,Branch_7051,8824,8827,14.36988072998994,1
6287,Branch_7052,8823,8825,13.904338153503893,1
6288,Branch_7053,8822,8826,13.827433628318584,1
6289,Branch_7054,3121,3276,5.406282099799967,1
6290,Branch_7055,3121,3227,1.9062869343093523,1
6291,Branch_7056,6795,6796,2000.0,1
6292,Branch_7057,4419,5761,31.240237425804438,1
6293,Branch_7058,5529,6537,82.57638315441784,1
6294,Branch_7059,5259,5428,31.055900621118013,1
6295,Branch_7060,4335,5270,13.35291761249833,1
6296,Branch_7061,9634,9632,16.655562958027982,1
6297,Branch_7062,9634,9633,16.655562958027982,1
6298,Branch_7063,762,1017,225.22522522522522,1
6299,Branch_7064,763,1016,225.22522522522522,1
6300,Branch_7065,4840,4844,14.285714285714286,1
6301,Branch_7066,4842,4844,100.30090270812437,1
6302,Branch_7067,4841,4844,1.556250680859673,1
6303,Branch_7068,1017,1018,2000.0,1
6304,Branch_7069,1016,1019,2000.0,1
6305,Branch_7070,981,1017,110.49723756906077,1
6306,Branch_7071,981,1016,110.13215859030836,1
6307,Branch_7072,486,888,103.62694300518135,1
6308,Branch_7073,9070,9071,54.112554112554115,1
6309,Branch_7074,9069,9071,101.9367991845056,1
6310,Branch_7075,9072,9071,6.914194842010648,1
6311,Branch_7076,2770,3438,2000.0,1
6312,Branch_7077,2846,3438,22.660321776569226,1
6313,Branch_7078,3205,3438,88.41732979664015,1
6314,Branch_7079,8873,8881,2000.0,1
6315,Branch_7080,8881,8880,7.217610970768676,1
6316,Branch_7081,7431,7430,5.887894488930758,1
6317,Branch_7082,7430,7441,9.92950054612253,1
6318,Branch_7083,7310,7431,14.351320321469576,1
6319,Branch_7084,2760,3364,69.25207756232687,1
6320,Branch_7085,3037,3505,73.04601899196494,1
6321,Branch_7086,3024,3038,53.648068669527895,1
6322,Branch_7087,3037,3038,2000.0,1
6323,Branch_7088,3742,3970,2000.0,1
6324,Branch_7089,3742,3740,42.24757076468103,1
6325,Branch_7090,3742,3741,42.24757076468103,1
6326,Branch_7091,3742,3739,42.24757076468103,1
6327,Branch_7092,3742,3738,75.7002271006813,1
6328,Branch_7093,7540,7539,7.523888345496953,1
6329,Branch_7094,7539,7732,9.609840476648088,1
6330,Branch_7095,6784,7539,12.493753123438282,1
6331,Branch_7096,7589,7731,17.01258931609391,1
6332,Branch_7097,4438,4437,12.750223128904755,1
6333,Branch_7098,4438,4442,183.4862385321101,1
6334,Branch_7099,5879,6697,122.85012285012284,1
6335,Branch_7100,1479,1500,50.70993914807302,1
6336,Branch_7101,1362,1480,51.94805194805195,1
6337,Branch_7102,1480,1481,2000.0,1
6338,Branch_7103,1479,1594,96.15384615384616,1
6339,Branch_7104,1374,1479,35.1000351000351,1
6340,Branch_7105,8175,8375,27.51031636863824,1
6341,Branch_7107,208,1144,88.49557522123894,1
6342,Branch_7108,1167,1175,354.6099290780142,1
6343,Branch_7109,555,1167,10.902747492368077,1
6344,Branch_7110,67,261,1818.1818181818182,1
6345,Branch_7111,8564,8638,12.49843769528809,1
6346,Branch_7112,7083,7082,9.901970492127933,1
6347,Branch_7113,7083,7091,2000.0,1
6348,Branch_7114,527,680,28.256569652444192,1
6349,Branch_7115,525,527,117.37089201877934,1
6350,Branch_7116,526,528,118.48341232227489,1
6351,Branch_7117,527,1556,144.92753623188406,1
6352,Branch_7118,528,1556,144.3001443001443,1
6353,Branch_7119,227,1416,47.68717215069147,1
6354,Branch_7120,227,1055,86.20689655172414,1
6355,Branch_7121,2294,2672,61.652281134401974,1
6356,Branch_7122,2022,2294,43.196544276457885,1
6357,Branch_7123,232,770,102.6694045174538,1
6358,Branch_7124,1020,1401,175.43859649122808,1
6359,Branch_7125,1401,1439,77.63975155279503,1
6360,Branch_7126,485,1439,89.04719501335708,1
6361,Branch_7127,292,485,35.373187124159884,1
6362,Branch_7128,232,1540,59.523809523809526,1
6363,Branch_7129,455,1307,17.88908765652952,1
6364,Branch_7130,234,359,25.374270489723422,1
6365,Branch_7131,234,1448,54.67468562055768,1
6366,Branch_7132,359,455,285.7142857142857,1
6367,Branch_7133,339,1361,366.3003663003663,1
6368,Branch_7134,550,1318,507.61421319796955,1
6369,Branch_7135,550,946,77.88161993769471,1
6370,Branch_7136,679,1318,352.11267605633805,1
6371,Branch_7137,365,679,352.11267605633805,1
6372,Branch_7138,550,1361,568.1818181818181,1
6373,Branch_7139,279,550,93.02325581395348,1
6374,Branch_7140,280,550,93.98496240601504,1
6375,Branch_7141,1081,1514,14.757969303423849,1
6376,Branch_7142,339,1081,92.42144177449168,1
6377,Branch_7143,339,1361,185.1851851851852,1
6378,Branch_7144,1361,1459,1562.5,1
6379,Branch_7145,365,1459,86.35578583765113,1
6380,Branch_7146,1081,1514,14.723203769140165,1
6381,Branch_7147,1081,1540,228.83295194508008,1
6382,Branch_7148,339,1540,108.69565217391305,1
6383,Branch_7149,90,1514,86.80555555555556,1
6384,Branch_7150,90,770,116.14401858304298,1
6385,Branch_7152,359,407,35.62522265764161,1
6386,Branch_7153,2335,2505,261.78010471204186,1
6387,Branch_7154,2335,2471,144.0922190201729,1
6388,Branch_7155,2064,2604,99.2063492063492,1
6389,Branch_7156,2009,2064,133.86880856760374,1
6390,Branch_7157,413,1414,49.26108374384236,1
6391,Branch_7158,413,795,54.34782608695652,1
6392,Branch_7159,413,944,925.925925925926,1
6393,Branch_7160,436,784,279.3296089385475,1
6394,Branch_7161,389,784,246.30541871921181,1
6395,Branch_7162,364,795,67.47638326585695,1
6396,Branch_7163,28,795,192.67822736030828,1
6397,Branch_7164,27,28,454.54545454545456,1
6398,Branch_7165,27,341,454.54545454545456,1
6399,Branch_7166,27,846,2000.0,1
6400,Branch_7167,364,389,67.56756756756756,1
6401,Branch_7168,389,716,58.51375073142189,1
6402,Branch_7169,271,716,60.31363088057901,1
6403,Branch_7170,338,416,26.041666666666668,1
6404,Branch_7171,271,416,61.652281134401974,1
6405,Branch_7172,416,1399,31.979533098816756,1
6406,Branch_7173,377,436,257.7319587628866,1
6407,Branch_7174,338,377,18.115942028985508,1
6408,Branch_7175,271,377,143.47202295552367,1
6409,Branch_7176,338,1399,16.31055292774425,1
6410,Branch_7177,338,936,110.49723756906077,1
6411,Branch_7178,487,936,93.45794392523365,1
6412,Branch_7179,625,1414,56.78591709256104,1
6413,Branch_7180,602,625,510.2040816326531,1
6414,Branch_7181,487,1414,42.42681374628766,1
6415,Branch_7182,233,1631,23.457658925639223,1
6416,Branch_7183,233,712,78.36990595611286,1
6417,Branch_7184,712,764,11.771630370806356,1
6418,Branch_7185,764,1021,137.7410468319559,1
6419,Branch_7186,271,677,105.9322033898305,1
6420,Branch_7187,408,521,454.54545454545456,1
6421,Branch_7188,521,780,704.2253521126761,1
6422,Branch_7189,379,780,95.60229445506693,1
6423,Branch_7192,271,677,90.00900090009002,1
6424,Branch_7193,2289,2290,3.5855145213338115,1
6425,Branch_7194,946,1514,76.4525993883792,1
6426,Branch_7195,9714,9722,13.119916032537391,1
6427,Branch_7196,9088,9714,9.980039920159681,1
6428,Branch_7197,3587,3588,15.832805573147562,1
6429,Branch_7198,3587,3589,6.892748828232699,1
6430,Branch_7199,2827,3587,2000.0,1
6431,Branch_7200,171,173,2000.0,1
6432,Branch_7201,29,171,11.67269756040621,1
6433,Branch_7202,1085,1084,6.70510929328148,1
6434,Branch_7203,8176,8670,114.41647597254004,1
6435,Branch_7204,552,1633,18.214936247723134,1
6436,Branch_7205,552,1709,25.012506253126563,1
6437,Branch_7206,2233,2234,32.32062055591467,1
6438,Branch_7207,2233,2234,32.701111837802486,1
6439,Branch_7208,1073,1464,213.21961620469082,1
6440,Branch_7210,8120,8598,23.860653781913623,1
6441,Branch_7211,8119,8201,10.629251700680273,1
6442,Branch_7212,8120,8968,14.766686355581808,1
6443,Branch_7213,8120,8122,9.195402298850574,1
6444,Branch_7214,8119,8122,-62.853551225644246,1
6445,Branch_7215,8121,8122,0.7523831737027034,1
6446,Branch_7216,2234,2516,2000.0,1
6447,Branch_7217,2234,2516,2000.0,1
6448,Branch_7218,8450,8454,104.82180293501048,1
6449,Branch_7219,8454,8908,41.339396444811904,1
6450,Branch_7220,8106,8454,40.11231448054553,1
6451,Branch_7221,8319,8451,105.26315789473684,1
6452,Branch_7222,8013,8319,17.6056338028169,1
6453,Branch_7223,8091,8319,79.1765637371338,1
6454,Branch_7224,8450,8452,2000.0,1
6455,Branch_7225,4189,5259,8.547008547008547,1
6456,Branch_7227,9327,9329,-49.6031746031746,1
6457,Branch_7228,9329,9692,94.6969696969697,1
6458,Branch_7229,9330,9430,178.57142857142858,1
6459,Branch_7230,581,1320,135.13513513513513,1
6460,Branch_7231,581,1319,113.37868480725623,1
6461,Branch_7232,1319,1498,23.82654276864427,1
6462,Branch_7233,1319,1460,72.67441860465117,1
6463,Branch_7234,1320,1321,2000.0,1
6464,Branch_7235,1320,1556,9.686168151879116,1
6465,Branch_7236,1717,1720,23.803856224708404,1
6466,Branch_7237,1720,1722,2000.0,1
6467,Branch_7241,698,1716,263.85224274406335,1
6468,Branch_7242,698,1716,263.85224274406335,1
6469,Branch_7243,1213,1720,70.0280112044818,1
6470,Branch_7244,1211,1717,70.17543859649123,1
6471,Branch_7245,520,1723,45.02476361999099,1
6472,Branch_7246,253,1723,56.40157924421884,1
6473,Branch_7247,783,1720,77.51937984496124,1
6474,Branch_7248,732,1720,390.625,1
6475,Branch_7249,733,1720,398.40637450199205,1
6476,Branch_7250,1635,1716,304.8780487804878,1
6477,Branch_7252,1539,1720,74.57121551081282,1
6478,Branch_7253,312,1723,105.3740779768177,1
6479,Branch_7254,313,1717,107.87486515641855,1
6480,Branch_7255,293,1719,10.978153474585575,1
6481,Branch_7257,1717,1728,211.41649048625794,1
6482,Branch_7258,1716,1728,101.7293997965412,1
6483,Branch_7260,1731,1728,12.026458208057727,1
6484,Branch_7261,1723,1729,-248.75621890547265,1
6485,Branch_7262,1716,1729,54.614964500273075,1
6486,Branch_7264,1732,1729,10.580890911014707,1
6487,Branch_7265,1719,1730,13.252054068380598,1
6488,Branch_7266,1723,1730,-25.284450063211125,1
6489,Branch_7267,1733,1730,3.372795035245708,1
6490,Branch_7268,1721,1713,6.527415143603133,1
6491,Branch_7269,1727,1713,6.559958016268696,1
6492,Branch_7270,1722,1713,136.986301369863,1
6493,Branch_7271,1726,1714,5.02411575562701,1
6494,Branch_7272,1715,1714,5.094762584063583,1
6495,Branch_7273,1722,1714,-27.070925825663238,1
6496,Branch_7274,1724,1718,5.024368185700648,1
6497,Branch_7275,1725,1718,5.111690436027194,1
6498,Branch_7276,1722,1718,-29.086678301337987,1
6499,Branch_7282,4040,4138,102.35414534288638,1
6500,Branch_7283,3909,4040,45.537340619307834,1
6501,Branch_7284,5014,5417,99.60159362549801,1
6502,Branch_7285,9060,9081,40.783034257748774,1
6503,Branch_7286,5100,5917,47.66444232602478,1
6504,Branch_7287,1818,1992,152.9051987767584,1
6505,Branch_7288,1992,2242,39.714058776806986,1
6506,Branch_7289,8116,8578,16.142050040355127,1
6507,Branch_7290,8116,8115,17.31301939058172,1
6508,Branch_7291,8115,8449,39.21568627450981,1
6509,Branch_7292,5988,5992,8.021819348628268,1
6510,Branch_7293,8099,8115,49.382716049382715,1
6511,Branch_7294,8116,8445,61.34969325153374,1
6512,Branch_7295,8449,8957,8.361204013377927,1
6513,Branch_7296,761,762,84.45945945945945,1
6514,Branch_7297,760,763,84.10428931875526,1
6515,Branch_7298,763,1089,68.58710562414267,1
6516,Branch_7300,967,1428,48.99559039686428,1
6517,Branch_7301,967,1105,105.04201680672269,1
6518,Branch_7302,968,1105,53.07855626326964,1
6519,Branch_7303,965,967,56.49717514124294,1
6520,Branch_7304,966,968,142.45014245014244,1
6521,Branch_7305,8644,8721,89.76660682226212,1
6522,Branch_7306,8721,8958,106.38297872340425,1
6523,Branch_7307,4040,4044,28.735632183908045,1
6524,Branch_7308,4039,4044,-120.48192771084338,1
6525,Branch_7309,4041,4044,4.477077363896848,1
6526,Branch_7310,4040,4045,31.436655139893116,1
6527,Branch_7311,4039,4045,-546.448087431694,1
6528,Branch_7312,4046,4045,9.991008092716555,1
6529,Branch_7313,4040,4043,30.693677102516883,1
6530,Branch_7314,4039,4043,-381.6793893129771,1
6531,Branch_7315,4042,4043,10.903936321011885,1
6532,Branch_7316,4039,4117,173.61111111111111,1
6533,Branch_7317,4040,5001,30.656039239730227,1
6534,Branch_7319,2306,2304,12.504689258471927,1
6535,Branch_7320,2306,2305,12.408487405385284,1
6536,Branch_7321,2307,2308,34.02517863218782,1
6537,Branch_7322,2079,2078,9.032607713846987,1
6538,Branch_7323,2020,2079,2000.0,1
6539,Branch_7324,8112,8524,110.13215859030836,1
6540,Branch_7325,8112,8524,110.01100110011001,1
6541,Branch_7326,8002,8524,41.49377593360996,1
6542,Branch_7327,8233,8524,57.37234652897303,1
6543,Branch_7328,8234,8524,38.328861632809506,1
6544,Branch_7329,8524,8525,2000.0,1
6545,Branch_7330,8524,8526,2000.0,1
6546,Branch_7331,8524,8599,67.24949562878278,1
6547,Branch_7332,2002,2465,2000.0,1
6548,Branch_7333,2002,2465,2000.0,1
6549,Branch_7334,2466,2467,57.77007510109763,1
6550,Branch_7335,2465,2467,-746.2686567164179,1
6551,Branch_7336,2470,2467,6.9993700566948975,1
6552,Branch_7337,2466,2468,56.433408577878104,1
6553,Branch_7338,2465,2468,-584.7953216374269,1
6554,Branch_7339,2469,2468,6.675567423230975,1
6555,Branch_7340,3275,3277,4.84824978182876,1
6556,Branch_7341,8154,8664,4.988775255674732,1
6557,Branch_7342,9388,9825,1587.3015873015872,1
6558,Branch_7343,9075,9259,51.41388174807198,1
6559,Branch_7344,9096,9259,3.8797284190106693,1
6560,Branch_7345,7108,7187,2000.0,1
6561,Branch_7346,7075,7187,211.41649048625794,1
6562,Branch_7347,7076,7187,1785.7142857142858,1
6563,Branch_7348,7076,7214,2000.0,1
6564,Branch_7349,8857,8856,7.046223224351747,1
6565,Branch_7350,8510,8857,2000.0,1
6566,Branch_7351,4908,6694,3.3261267254282387,1
6567,Branch_7352,1132,1476,94.07337723424271,1
6568,Branch_7353,721,1132,30.665440049064703,1
6569,Branch_7355,1132,1140,2000.0,1
6570,Branch_7356,2446,2447,8.055421298533913,1
6571,Branch_7357,6405,6429,5.06482982171799,1
6572,Branch_7358,79,1061,135.31799729364005,1
6573,Branch_7359,613,1061,120.33694344163658,1
6574,Branch_7361,3119,3467,3.9184952978056424,1
6575,Branch_7362,2956,3119,14.667057788207686,1
6576,Branch_7364,581,1492,448.4304932735426,1
6577,Branch_7365,581,1491,448.4304932735426,1
6578,Branch_7366,5327,5419,45.537340619307834,1
6579,Branch_7367,9196,9197,6.761325219743069,1
6580,Branch_7368,340,427,125.94458438287154,1
6581,Branch_7369,5327,5325,9.017132551848512,1
6582,Branch_7370,5326,5325,-109.89010989010988,1
6583,Branch_7371,5328,5325,3.0609121518212428,1
6584,Branch_7372,5327,5323,9.68054211035818,1
6585,Branch_7373,5324,5323,178.57142857142858,1
6586,Branch_7374,5329,5323,3.248862897985705,1
6587,Branch_7375,340,746,2000.0,1
6588,Branch_7376,2906,2911,2000.0,1
6589,Branch_7377,2911,2912,10.584250635055039,1
6590,Branch_7378,8696,8781,202.83975659229208,1
6591,Branch_7379,8696,8697,2000.0,1
6592,Branch_7380,8696,8698,2000.0,1
6593,Branch_7381,8696,8788,58.89281507656066,1
6594,Branch_7382,384,1255,13.877324451845684,1
6595,Branch_7383,4644,4643,6.68851581833991,1
6596,Branch_7385,4627,4644,2000.0,1
6597,Branch_7386,2857,3606,3.3348896151537386,1
6598,Branch_7387,2539,2540,4.13992962119644,1
6599,Branch_7388,6781,7344,3.585385966799326,1
6600,Branch_7389,9571,9728,5.395489370885939,1
6601,Branch_7390,9642,9640,9.46880030300161,1
6602,Branch_7391,9642,9641,6.601531555320834,1
6603,Branch_7392,3857,3944,14.515894904920888,1
6604,Branch_7393,3563,3561,8.014104824491104,1
6605,Branch_7394,3563,3562,8.084074373484237,1
6606,Branch_7395,2796,3563,36.50967506389193,1
6607,Branch_7396,9081,9128,2000.0,1
6608,Branch_7397,277,280,1000.0,1
6609,Branch_7398,277,279,1000.0,1
6610,Branch_7399,9381,9419,2000.0,1
6611,Branch_7400,9381,9380,11.363636363636363,1
6612,Branch_7403,255,540,328.94736842105266,1
6613,Branch_7404,541,1165,101.6260162601626,1
6614,Branch_7407,541,996,261.0966057441253,1
6615,Branch_7408,540,541,2000.0,1
6616,Branch_7409,540,542,2000.0,1
6617,Branch_7411,9376,9374,10.50089257586895,1
6618,Branch_7412,9376,9375,10.50089257586895,1
6619,Branch_7413,9372,9371,10.498687664041995,1
6620,Branch_7414,9372,9373,10.498687664041995,1
6621,Branch_7415,2090,2117,2000.0,1
6622,Branch_7416,2117,2116,4.669406051550243,1
6623,Branch_7417,9290,9713,14.273479874393377,1
6624,Branch_7418,9713,9764,12.307692307692308,1
6625,Branch_7419,9713,9732,5.050249987374375,1
6626,Branch_7420,9332,9429,84.38818565400844,1
6627,Branch_7421,9305,9332,19.86491855383393,1
6628,Branch_7422,9305,9332,19.9203187250996,1
6629,Branch_7423,5471,5549,5.161823155938677,1
6630,Branch_7424,5223,5549,512.8205128205128,1
6631,Branch_7425,5657,6484,151.9756838905775,1
6632,Branch_7426,4508,6484,42.918454935622314,1
6633,Branch_7427,4298,4308,98.61932938856016,1
6634,Branch_7428,4477,6295,115.47344110854503,1
6635,Branch_7429,6296,6446,240.96385542168676,1
6636,Branch_7430,5104,6446,7.549448890231013,1
6637,Branch_7431,7108,7106,9.79431929480901,1
6638,Branch_7432,7108,7107,9.782821365681862,1
6639,Branch_7433,4753,4755,6.741724533135576,1
6640,Branch_7434,4753,4754,6.741724533135576,1
6641,Branch_7435,4753,6509,59.630292188431724,1
6642,Branch_7436,895,1661,27.3224043715847,1
6643,Branch_7438,1400,1661,3.5998416069692936,1
6644,Branch_7439,4754,5697,4.425170369059209,1
6645,Branch_7440,8315,8415,10.396091069757771,1
6646,Branch_7441,4753,6326,26.73082063619353,1
6647,Branch_7442,8431,8485,7.817997029161129,1
6648,Branch_7443,4028,4039,20.55076037813399,1
6649,Branch_7444,3824,4028,97.75171065493646,1
6650,Branch_7445,5263,6150,56.85048322910745,1
6651,Branch_7446,5263,6151,38.095238095238095,1
6652,Branch_7447,3793,4028,133.86880856760374,1
6653,Branch_7449,4439,4609,37.764350453172206,1
6654,Branch_7450,9591,9592,6.636580833554553,1
6655,Branch_7451,9591,9593,7.8277886497064575,1
6656,Branch_7452,3902,4117,432.9004329004329,1
6657,Branch_7453,3902,3900,8.121497604158208,1
6658,Branch_7454,3902,3901,8.111615833874108,1
6659,Branch_7455,8722,8974,63.57279084551812,1
6660,Branch_7456,8722,8821,127.2264631043257,1
6661,Branch_7457,8722,8723,2000.0,1
6662,Branch_7458,4601,4602,8.203445447087777,1
6663,Branch_7459,4598,4601,2000.0,1
6664,Branch_7460,5222,5224,21.159542953872197,1
6665,Branch_7461,5222,5223,10.882576994232235,1
6666,Branch_7462,3772,4010,107.52688172043011,1
6667,Branch_7463,5055,5054,4.911591355599214,1
6668,Branch_7464,6108,6112,23.540489642184557,1
6669,Branch_7465,6109,6113,41.736227045075125,1
6670,Branch_7466,6109,6110,78.06401249024199,1
6671,Branch_7467,6108,6110,63.25110689437065,1
6672,Branch_7468,6111,6110,5.185915054711404,1
6673,Branch_7469,4925,6150,62.53908692933083,1
6674,Branch_7472,1142,1495,93.10986964618249,1
6675,Branch_7473,1142,1497,116.82242990654206,1
6676,Branch_7475,1497,1612,161.29032258064515,1
6677,Branch_7476,1494,1495,326.797385620915,1
6678,Branch_7477,1496,1497,326.797385620915,1
6679,Branch_7478,1343,1347,1785.7142857142858,1
6680,Branch_7479,1343,1348,1408.4507042253522,1
6681,Branch_7480,1624,1626,24.740227610094013,1
6682,Branch_7481,1625,1626,-284.9002849002849,1
6683,Branch_7482,1627,1626,7.089181908407769,1
6684,Branch_7483,1624,1628,23.435669088352473,1
6685,Branch_7484,1625,1628,-173.61111111111111,1
6686,Branch_7485,1629,1628,5.942829975634397,1
6687,Branch_7486,1357,1624,175.7469244288225,1
6688,Branch_7487,1322,1323,2000.0,1
6689,Branch_7488,1315,1322,157.23270440251574,1
6690,Branch_7490,1323,1553,621.1180124223603,1
6691,Branch_7491,1784,1785,12.60239445494644,1
6692,Branch_7492,1784,1787,12.60239445494644,1
6693,Branch_7493,1784,1788,12.60239445494644,1
6694,Branch_7494,1784,1789,12.60239445494644,1
6695,Branch_7495,1784,1786,16.002560409665545,1
6696,Branch_7496,1784,1783,16.002560409665545,1
6697,Branch_7497,7418,7956,5.842486562280907,1
6698,Branch_7501,9279,9750,2000.0,1
6699,Branch_7502,7687,7697,2000.0,1
6700,Branch_7503,7697,7698,10.152284263959391,1
6701,Branch_7504,4247,4598,5.823433496389471,1
6702,Branch_7505,4247,6062,4.753981459472308,1
6703,Branch_7506,9321,9372,212.31422505307856,1
6704,Branch_7507,1605,1607,-174.52006980802793,1
6705,Branch_7508,1604,1607,23.452157598499063,1
6706,Branch_7509,1608,1607,5.941770647653001,1
6707,Branch_7510,355,1604,34.61405330564209,1
6708,Branch_7511,604,1604,62.97229219143577,1
6709,Branch_7512,262,1605,7.949757532395262,1
6710,Branch_7513,3690,3776,2000.0,1
6711,Branch_7514,4368,6409,60.71645415907711,1
6712,Branch_7515,4368,4367,11.276499774470004,1
6713,Branch_7516,290,733,53.70569280343717,1
6714,Branch_7517,9053,9573,13.724951962668131,1
6715,Branch_7518,9573,9572,31.756113051762465,1
6716,Branch_7519,9068,9572,16.733601070950467,1
6717,Branch_7520,9572,9758,6.988120195667365,1
6718,Branch_7521,832,942,70.47216349541931,1
6719,Branch_7522,622,759,854.7008547008547,1
6720,Branch_7523,620,756,854.7008547008547,1
6721,Branch_7524,622,1367,43.85964912280702,1
6722,Branch_7525,621,622,137.7410468319559,1
6723,Branch_7526,620,623,138.50415512465375,1
6724,Branch_7527,620,867,63.775510204081634,1
6725,Branch_7528,2418,2420,724.6376811594203,1
6726,Branch_7529,2417,2419,724.6376811594203,1
6727,Branch_7530,2489,2513,142.2475106685633,1
6728,Branch_7531,1975,2513,78.98894154818325,1
6729,Branch_7532,2434,2708,102.56410256410257,1
6730,Branch_7533,2471,2708,51.59958720330237,1
6731,Branch_7534,1972,2434,55.09641873278237,1
6732,Branch_7535,2404,2434,64.93506493506493,1
6733,Branch_7536,2315,2434,80.0,1
6734,Branch_7537,2316,2434,79.36507936507937,1
6735,Branch_7539,2409,2434,36.65689149560117,1
6736,Branch_7540,2429,2434,36.114120621162876,1
6737,Branch_7541,1900,1987,103.19917440660474,1
6738,Branch_7542,1987,2592,88.10572687224669,1
6739,Branch_7543,611,1455,384.61538461538464,1
6740,Branch_7544,611,1069,273.224043715847,1
6741,Branch_7545,8423,8914,148.3679525222552,1
6742,Branch_7546,8545,8914,86.95652173913044,1
6743,Branch_7547,8456,8649,16.051364365971107,1
6744,Branch_7549,8097,8436,103.7344398340249,1
6745,Branch_7550,8097,8966,76.80491551459293,1
6746,Branch_7551,4710,4709,18.453589223103894,1
6747,Branch_7552,3289,3291,8.395600705230459,1
6748,Branch_7553,3289,3292,8.468834688346883,1
6749,Branch_7555,3289,3290,2000.0,1
6750,Branch_7556,3289,8176,5.775672865888876,1
6751,Branch_7557,3290,3534,8.387150884844418,1
6752,Branch_7558,2936,3289,28.70264064293915,1
6753,Branch_7559,2967,3289,22.286605749944282,1
6754,Branch_7561,3190,3418,44.11116012351125,1
6755,Branch_7563,3084,3418,9.306654257794323,1
6756,Branch_7564,2889,3418,16.934801016088063,1
6757,Branch_7565,3143,3190,4.225114078080108,1
6758,Branch_7566,2755,2889,26.98327037236913,1
6759,Branch_7567,2755,3345,366.3003663003663,1
6760,Branch_7568,2755,2995,12.489072061945798,1
6761,Branch_7569,4991,5667,58.71990604815032,1
6762,Branch_7570,553,1198,253.80710659898477,1
6763,Branch_7571,4658,6509,30.147723846849562,1
6764,Branch_7573,553,1157,581.3953488372093,1
6765,Branch_7574,7063,7062,12.426991425375917,1
6766,Branch_7575,9032,9174,91.57509157509158,1
6767,Branch_7576,2788,3504,10.641694157709907,1
6768,Branch_7577,2788,3510,41.050903119868636,1
6769,Branch_7578,2712,2788,8.089305937550558,1
6770,Branch_7579,2964,3066,11.678150181011327,1
6771,Branch_7580,2964,3429,7.780284758422158,1
6772,Branch_7581,8125,8435,32.99241174529858,1
6773,Branch_7582,8125,8546,22.456770716370986,1
6774,Branch_7583,8125,8938,21.39495079161318,1
6775,Branch_7584,8434,8435,16.299918500407497,1
6776,Branch_7585,8434,8545,78.86435331230284,1
6777,Branch_7586,8434,8737,69.25207756232687,1
6778,Branch_7587,8341,8434,13.906271728549576,1
6779,Branch_7588,9204,9764,7.1438776968138304,1
6780,Branch_7589,3022,3070,36.24501631025734,1
6781,Branch_7590,2782,3070,43.78283712784589,1
6782,Branch_7591,2782,3003,11.168192986374805,1
6783,Branch_7592,9701,9700,16.08234158893535,1
6784,Branch_7593,9032,9203,41.06776180698152,1
6785,Branch_7594,9151,9771,254.4529262086514,1
6786,Branch_7595,9152,9165,8.640055296353896,1
6787,Branch_7596,9115,9151,5.804841237592152,1
6788,Branch_7597,9091,9771,19.46282600233554,1
6789,Branch_7598,9092,9338,26.838432635534083,1
6790,Branch_7599,9165,9794,59.45303210463734,1
6791,Branch_7600,9139,9794,9.70591089973794,1
6792,Branch_7601,9740,9794,16.246953696181965,1
6793,Branch_7602,5743,6061,27.90957298353335,1
6794,Branch_7603,6062,6061,6.741724533135576,1
6795,Branch_7604,6062,6061,6.8455640744797375,1
6796,Branch_7605,2994,3052,6.153467478924374,1
6797,Branch_7606,595,990,289.01734104046244,1
6798,Branch_7607,2765,2813,80.1924619085806,1
6799,Branch_7608,9149,9148,4.633920296570899,1
6800,Branch_7609,9150,9148,5.031446540880503,1
6801,Branch_7610,9148,9748,36.166365280289334,1
6802,Branch_7611,9148,9175,46.97040864255519,1
6803,Branch_7612,9149,9781,25.33569799847986,1
6804,Branch_7613,1891,1895,28.868360277136258,1
6805,Branch_7614,1891,1892,28.868360277136258,1
6806,Branch_7615,1891,1894,28.868360277136258,1
6807,Branch_7616,1891,1893,28.868360277136258,1
6808,Branch_7617,7021,7731,131.75230566534916,1
6809,Branch_7618,352,1587,73.69196757553426,1
6810,Branch_7619,353,1586,73.90983000739098,1
6811,Branch_7620,355,696,136.05442176870747,1
6812,Branch_7621,352,354,2000.0,1
6813,Branch_7622,353,355,2000.0,1
6814,Branch_7623,354,1667,107.29613733905579,1
6815,Branch_7624,700,792,53.937432578209275,1
6816,Branch_7625,792,1199,47.39336492890995,1
6817,Branch_7626,386,792,53.87931034482759,1
6818,Branch_7627,4356,4359,46.8384074941452,1
6819,Branch_7628,4357,4359,-502.51256281407035,1
6820,Branch_7629,4358,4359,8.949346697691068,1
6821,Branch_7630,4356,4360,47.778308647873864,1
6822,Branch_7631,4357,4360,-657.8947368421053,1
6823,Branch_7632,4361,4360,8.91583452211127,1
6824,Branch_7633,7654,7656,30.120481927710845,1
6825,Branch_7634,7799,7801,269.54177897574124,1
6826,Branch_7636,7248,7247,14.488554042306578,1
6827,Branch_7637,3597,3598,4.001760774740886,1
6828,Branch_7638,8485,8554,25.451768897938408,1
6829,Branch_7639,8421,8554,23.719165085388994,1
6830,Branch_7640,8220,8554,96.8054211035818,1
6831,Branch_7641,8438,8519,10.0999899000101,1
6832,Branch_7642,8438,8978,209.64360587002096,1
6833,Branch_7643,2786,2822,5.294086505373498,1
6834,Branch_7645,2822,3600,22.01188641866608,1
6835,Branch_7646,2780,2822,2000.0,1
6836,Branch_7647,2822,2990,1.796299622777079,1
6837,Branch_7648,3711,4159,15.335071308081583,1
6838,Branch_7649,3711,4037,11.20699316373417,1
6839,Branch_7651,8590,8644,121.65450121654501,1
6840,Branch_7652,8590,8798,97.27626459143968,1
6841,Branch_7653,8061,8590,46.948356807511736,1
6842,Branch_7654,8061,8590,46.92632566870014,1
6843,Branch_7655,8247,8651,362.3188405797101,1
6844,Branch_7656,8247,8651,99.60159362549801,1
6845,Branch_7657,338,339,14.326647564469914,1
6846,Branch_7658,338,339,14.326647564469914,1
6847,Branch_7659,8382,8947,19.98800719568259,1
6848,Branch_7660,8203,8947,25.819777949909632,1
6849,Branch_7661,8402,8946,143.47202295552367,1
6850,Branch_7662,9602,9604,2000.0,1
6851,Branch_7663,2794,2795,7.002801120448179,1
6852,Branch_7664,4817,4868,2000.0,1
6853,Branch_7665,4347,4817,79.4912559618442,1
6854,Branch_7666,4327,4817,30.797659377887282,1
6855,Branch_7667,9084,9418,26.226068712300027,1
6856,Branch_7671,9325,9365,2000.0,1
6857,Branch_7672,7797,7955,140.4494382022472,1
6858,Branch_7673,7955,7957,8.800492827598346,1
6859,Branch_7674,7956,7957,-58.241118229470004,1
6860,Branch_7675,7958,7957,0.826637569024237,1
6861,Branch_7676,3230,3257,6.373080109616978,1
6862,Branch_7677,2990,3230,3.3324446814182886,1
6863,Branch_7678,1534,1536,1694.915254237288,1
6864,Branch_7679,262,1534,5.527915975677169,1
6865,Branch_7680,1535,1536,2000.0,1
6866,Branch_7681,1534,1678,21.81976871045167,1
6867,Branch_7682,9,391,64.14368184733804,1
6868,Branch_7683,1911,1918,206.18556701030928,1
6869,Branch_7684,2721,3236,934.5794392523364,1
6870,Branch_7685,1918,2722,416.6666666666667,1
6871,Branch_7686,1913,2722,19.976028765481423,1
6872,Branch_7687,2721,3095,17.14089818306479,1
6873,Branch_7688,2724,3236,1041.6666666666667,1
6874,Branch_7689,1918,2723,300.3003003003003,1
6875,Branch_7690,1909,2723,18.76172607879925,1
6876,Branch_7692,1912,1918,202.42914979757086,1
6877,Branch_7693,1917,1921,11.295606009262396,1
6878,Branch_7694,1916,1917,-21.367521367521366,1
6879,Branch_7695,1916,1919,41.35649296939619,1
6880,Branch_7696,1918,1919,41.35649296939619,1
6881,Branch_7697,1914,1919,5.226298735235706,1
6882,Branch_7698,1916,1920,41.459369817578775,1
6883,Branch_7699,1918,1920,41.459369817578775,1
6884,Branch_7700,1915,1920,5.220024012110455,1
6885,Branch_7701,1912,1908,10.39176971838304,1
6886,Branch_7702,1913,1907,15.20450053215752,1
6887,Branch_7703,1909,1904,8.171269815329302,1
6888,Branch_7704,1909,1904,8.126777732629012,1
6889,Branch_7705,1910,1905,8.101758081503686,1
6890,Branch_7706,1911,1906,15.396458814472672,1
6891,Branch_7707,3095,3096,15.20450053215752,1
6892,Branch_7711,2812,2810,10.26167265264238,1
6893,Branch_7712,2812,2811,10.26167265264238,1
6894,Branch_7713,2812,6918,102.04081632653062,1
6895,Branch_7716,5524,6429,5.923117929277972,1
6896,Branch_7717,8941,8942,2000.0,1
6897,Branch_7718,8941,8966,74.8502994011976,1
6898,Branch_7719,4695,5289,18.443378827001105,1
6899,Branch_7720,3341,3515,2000.0,1
6900,Branch_7721,3232,3341,97.27626459143968,1
6901,Branch_7722,1808,1817,32.48862897985705,1
6902,Branch_7723,1809,1817,-359.71223021582733,1
6903,Branch_7724,1816,1817,6.763611768684478,1
6904,Branch_7725,1808,1813,32.84072249589491,1
6905,Branch_7726,1809,1813,-374.53183520599254,1
6906,Branch_7727,1812,1813,6.768647624204684,1
6907,Branch_7728,1808,1814,51.02040816326531,1
6908,Branch_7729,1807,1814,-574.7126436781609,1
6909,Branch_7730,1810,1814,7.112375533428165,1
6910,Branch_7731,1808,1811,57.636887608069166,1
6911,Branch_7732,1807,1811,2000.0,1
6912,Branch_7733,1815,1811,9.633911368015415,1
6913,Branch_7734,1808,2337,75.9301442672741,1
6914,Branch_7735,1808,2337,76.10350076103501,1
6915,Branch_7736,5562,6320,34.746351633078525,1
6916,Branch_7737,5104,6694,9.815469179426776,1
6917,Branch_7738,5468,5562,31.055900621118013,1
6918,Branch_7739,5562,6169,1587.3015873015872,1
6919,Branch_7740,5563,5562,8.450942280064227,1
6920,Branch_7741,4342,5562,22.872827081427264,1
6921,Branch_7742,777,1228,564.9717514124294,1
6922,Branch_7743,8432,8591,9.293680297397769,1
6923,Branch_7744,8111,8112,24.65483234714004,1
6924,Branch_7745,8111,8207,53.36179295624333,1
6925,Branch_7746,8112,8989,136.986301369863,1
6926,Branch_7747,8111,9023,26.954177897574123,1
6927,Branch_7748,8112,8117,72.3589001447178,1
6928,Branch_7749,7880,7879,6.112095837662735,1
6929,Branch_7750,7826,7880,2000.0,1
6930,Branch_7751,7823,7825,163.9344262295082,1
6931,Branch_7752,7819,7825,8.631851532153647,1
6932,Branch_7753,7820,7825,8.631851532153647,1
6933,Branch_7754,7823,7824,163.9344262295082,1
6934,Branch_7755,7821,7824,8.631851532153647,1
6935,Branch_7756,7822,7824,8.631851532153647,1
6936,Branch_7757,7823,7826,302.11480362537765,1
6937,Branch_7758,4219,4221,-89.68609865470852,1
6938,Branch_7759,4218,4221,24.807740014884644,1
6939,Branch_7760,4220,4221,5.05382321726386,1
6940,Branch_7763,172,785,35.536602700781806,1
6941,Branch_7764,275,785,59.73715651135006,1
6942,Branch_7765,273,785,38.669760247486465,1
6943,Branch_7767,955,1190,102.98661174047373,1
6944,Branch_7768,155,1190,53.61930294906166,1
6945,Branch_7769,3710,3709,7.060650992021464,1
6946,Branch_7770,5637,6342,53.53319057815846,1
6947,Branch_7771,5637,5730,84.53085376162299,1
6948,Branch_7772,5513,5514,9.071940488070398,1
6949,Branch_7773,5516,5514,-82.78145695364239,1
6950,Branch_7774,5515,5514,2.1292451825827743,1
6951,Branch_7775,5360,5359,40.06410256410256,1
6952,Branch_7776,5360,5361,45.59963520291838,1
6953,Branch_7777,5360,5363,46.49000464900047,1
6954,Branch_7781,3743,4069,102.98661174047373,1
6955,Branch_7782,3710,4069,3.65884892612784,1
6956,Branch_7783,4069,4172,7.7417356971433,1
6957,Branch_7784,1161,1159,8.785030308354564,1
6958,Branch_7785,1161,1160,8.785030308354564,1
6959,Branch_7786,614,1464,299.4011976047904,1
6960,Branch_7787,295,1462,84.38818565400844,1
6961,Branch_7788,1462,1463,63.89776357827476,1
6962,Branch_7789,1464,1465,92.85051067780873,1
6963,Branch_7790,3791,3792,512.8205128205128,1
6964,Branch_7791,3792,3973,65.31678641410842,1
6965,Branch_7792,4713,4712,7.909515146721506,1
6966,Branch_7794,4293,4713,2000.0,1
6967,Branch_7795,7903,7905,2000.0,1
6968,Branch_7796,427,604,119.33174224343675,1
6969,Branch_7797,5849,6010,337.8378378378378,1
6970,Branch_7798,6010,6663,7.009673349221926,1
6971,Branch_7799,1475,1571,95.69377990430623,1
6972,Branch_7800,261,263,38.095238095238095,1
6973,Branch_7801,263,269,1234.567901234568,1
6974,Branch_7802,261,268,952.3809523809524,1
6975,Branch_7803,229,261,98.81422924901186,1
6976,Branch_7804,268,1316,52.493438320209975,1
6977,Branch_7805,164,261,2000.0,1
6978,Branch_7807,269,1599,113.37868480725623,1
6979,Branch_7808,267,269,2000.0,1
6980,Branch_7809,266,268,2000.0,1
6981,Branch_7810,263,264,21.533161068044787,1
6982,Branch_7811,262,264,-177.93594306049823,1
6983,Branch_7812,265,264,13.48254011055683,1
6984,Branch_7813,6292,6675,52.32862375719519,1
6985,Branch_7814,4303,6675,68.63417982155113,1
6986,Branch_7816,7674,7675,11.786892975011787,1
6987,Branch_7817,7676,7731,33.704078193461406,1
6988,Branch_7821,8587,8887,16.26545217957059,1
6989,Branch_7822,9770,9769,14.08649105507818,1
6990,Branch_7823,4472,4786,485.43689320388347,1
6991,Branch_7824,8166,8372,52.43838489774515,1
6992,Branch_7825,8165,8166,2000.0,1
6993,Branch_7826,8165,8953,149.2537313432836,1
6994,Branch_7827,8165,8940,69.06077348066299,1
6995,Branch_7828,2749,2826,1639.344262295082,1
6996,Branch_7829,2826,2824,6.516356053694774,1
6997,Branch_7830,2826,2825,6.516356053694774,1
6998,Branch_7831,8961,9011,1.952362358453729,1
6999,Branch_7832,195,193,11.743981209630064,1
7000,Branch_7833,195,194,11.743981209630064,1
7001,Branch_7834,195,1100,440.52863436123346,1
7002,Branch_7835,8218,8397,74.23904974016332,1
7003,Branch_7836,2174,2172,8.517887563884157,1
7004,Branch_7838,1899,2175,6.293266205160478,1
7005,Branch_7839,2174,3437,17.793594306049823,1
7006,Branch_7840,2172,2550,27.739251040221912,1
7007,Branch_7841,5902,6675,105.26315789473684,1
7008,Branch_7842,9044,9615,4.161984434178216,1
7009,Branch_7843,3884,3882,15.513496742165684,1
7010,Branch_7844,3884,3883,8.797395970792646,1
7011,Branch_7845,1078,1487,272.47956403269757,1
7012,Branch_7846,8817,8819,2000.0,1
7013,Branch_7847,3319,3490,26.267402153926977,1
7014,Branch_7848,9436,9437,8.381527114240214,1
7015,Branch_7849,9436,9438,8.027614995584813,1
7016,Branch_7850,9430,9436,2000.0,1
7017,Branch_7851,6876,7174,826.4462809917355,1
7018,Branch_7852,7174,7175,12.764871074802144,1
7019,Branch_7853,7663,7731,401.60642570281124,1
7020,Branch_7854,7662,7663,4.672897196261682,1
7021,Branch_7855,1855,1854,35.49875754348598,1
7022,Branch_7856,1855,1854,35.49875754348598,1
7023,Branch_7857,9365,9366,8.336112037345782,1
7024,Branch_7858,9365,9367,8.336112037345782,1
7025,Branch_7859,9370,9369,12.990387113535983,1
7026,Branch_7860,9370,9368,12.990387113535983,1
7027,Branch_7861,9664,9661,14.271442842871414,1
7028,Branch_7862,9664,9662,14.275517487508923,1
7029,Branch_7863,9664,9663,14.275517487508923,1
7030,Branch_7864,9660,9664,2000.0,1
7031,Branch_7865,1778,4159,6.7123103772318435,1
7032,Branch_7866,3938,4159,11.14951499609767,1
7033,Branch_7867,3857,4158,2000.0,1
7034,Branch_7868,4159,4158,7.939658594680429,1
7035,Branch_7869,8820,8819,14.222727919214906,1
7036,Branch_7870,1356,1710,121.95121951219512,1
7037,Branch_7871,453,1710,99.50248756218906,1
7038,Branch_7872,9221,9771,5.662834815108443,1
7039,Branch_7873,9083,9338,4.986536351850005,1
7040,Branch_7874,3106,9338,5.56885894080303,1
7041,Branch_7875,1454,1600,537.6344086021505,1
7042,Branch_7876,1452,1454,2000.0,1
7043,Branch_7877,1451,1453,2000.0,1
7044,Branch_7878,1378,1453,480.7692307692308,1
7045,Branch_7879,3079,4609,20.837674515524068,1
7046,Branch_7882,2753,2978,21.45002145002145,1
7047,Branch_7884,83,333,90.41591320072332,1
7048,Branch_7885,83,680,37.764350453172206,1
7049,Branch_7886,83,821,273.224043715847,1
7050,Branch_7887,83,821,273.224043715847,1
7051,Branch_7888,83,86,303.951367781155,1
7052,Branch_7889,83,87,303.951367781155,1
7053,Branch_7890,83,88,319.4888178913738,1
7054,Branch_7891,83,89,260.4166666666667,1
7055,Branch_7892,86,84,3.7037037037037037,1
7056,Branch_7893,87,85,3.745318352059925,1
7057,Branch_7894,165,1103,2000.0,1
7058,Branch_7895,2977,3212,7.245851749873197,1
7059,Branch_7896,4441,6636,2000.0,1
7060,Branch_7897,4441,4998,5.274818018778352,1
7061,Branch_7898,2951,3171,5.653870074065698,1
7062,Branch_7899,6806,7280,170.64846416382252,1
7063,Branch_7900,903,1198,854.7008547008547,1
7064,Branch_7901,2353,2354,46.2962962962963,1
7065,Branch_7902,2352,2354,-458.7155963302752,1
7066,Branch_7903,2355,2354,8.987148377819718,1
7067,Branch_7904,2353,2357,46.8384074941452,1
7068,Branch_7905,2352,2357,-564.9717514124294,1
7069,Branch_7906,2356,2357,8.949346697691068,1
7070,Branch_7908,7196,7640,2000.0,1
7071,Branch_7909,759,1612,93.37068160597572,1
7072,Branch_7910,756,1612,93.37068160597572,1
7073,Branch_7911,757,759,101.41987829614604,1
7074,Branch_7912,756,758,101.01010101010101,1
7075,Branch_7913,6660,6659,11.876484560570072,1
7076,Branch_7914,2460,2645,2000.0,1
7077,Branch_7915,8187,8909,241.54589371980677,1
7078,Branch_7916,8333,8909,59.594755661501786,1
7079,Branch_7917,894,1498,77.10100231303007,1
7080,Branch_7918,7931,7930,15.394088669950738,1
7081,Branch_7919,7638,7931,2000.0,1
7082,Branch_7920,827,828,2000.0,1
7083,Branch_7921,828,1433,89.20606601248885,1
7084,Branch_7923,5290,6700,22.22222222222222,1
7085,Branch_7927,8168,8304,793.6507936507936,1
7086,Branch_7928,8168,8303,787.4015748031496,1
7087,Branch_7929,8146,8168,2000.0,1
7088,Branch_7930,7579,7581,13.575889220743958,1
7089,Branch_7932,7440,7441,9.548362455838824,1
7090,Branch_7933,7442,7623,2.8333427778092592,1
7091,Branch_7934,9497,9498,13.16309069369488,1
7092,Branch_7935,672,710,247.52475247524754,1
7093,Branch_7936,708,710,185.5287569573284,1
7094,Branch_7937,710,926,42.3728813559322,1
7095,Branch_7938,3101,3100,9.09338910611985,1
7096,Branch_7939,3101,3099,9.134922809902257,1
7097,Branch_7940,7498,7497,8.87154009936125,1
7098,Branch_7941,433,1455,2000.0,1
7099,Branch_7942,4522,5071,1818.1818181818182,1
7100,Branch_7943,8206,8230,41.254125412541256,1
7101,Branch_7944,8206,8207,2000.0,1
7102,Branch_7945,5396,6279,8.95094880057286,1
7103,Branch_7946,3101,3455,316.45569620253167,1
7104,Branch_7947,4186,5418,31.017369727047146,1
7105,Branch_7948,4240,6098,6.6956812855708066,1
7106,Branch_7949,3147,3455,2000.0,1
7107,Branch_7951,8168,8167,10.70663811563169,1
7108,Branch_7952,8168,8169,10.70663811563169,1
7109,Branch_7953,8168,8170,10.70663811563169,1
7110,Branch_7954,8218,9003,84.45945945945945,1
7111,Branch_7955,2914,2913,1.953125,1
7112,Branch_7956,9605,9614,2000.0,1
7113,Branch_7957,9614,9613,7.766387076731904,1
7114,Branch_7958,9613,9611,8.132726089785296,1
7115,Branch_7959,9614,9612,16.5371258475277,1
7116,Branch_7960,745,963,222.71714922048997,1
7117,Branch_7961,3969,4117,42.034468263976464,1
7118,Branch_7962,3969,4017,35.56187766714083,1
7119,Branch_7963,5041,5042,3.9889903865331684,1
7120,Branch_7964,229,500,49.6031746031746,1
7121,Branch_7965,228,229,2000.0,1
7122,Branch_7966,230,231,2000.0,1
7123,Branch_7967,231,405,151.5151515151515,1
7124,Branch_7968,5643,5761,4.00416433090414,1
7125,Branch_7969,5117,5643,4.05104314360948,1
7126,Branch_7970,745,779,71.58196134574088,1
7127,Branch_7971,8147,9003,170.35775127768312,1
7128,Branch_7972,8146,9003,185.1851851851852,1
7129,Branch_7973,8471,9003,289.01734104046244,1
7130,Branch_7974,8471,9003,289.01734104046244,1
7131,Branch_7976,8644,9003,145.34883720930233,1
7132,Branch_7977,8798,9003,431.0344827586207,1
7133,Branch_7978,8798,9003,319.4888178913738,1
7134,Branch_7980,8314,9003,24.49779519843214,1
7135,Branch_7981,8316,9003,24.33682161109759,1
7136,Branch_7983,2268,2458,125.0,1
7137,Branch_7984,2268,2519,226.75736961451247,1
7138,Branch_7985,2312,2387,97.65625,1
7139,Branch_7986,2329,2387,72.72727272727273,1
7140,Branch_7987,1900,2387,165.8374792703151,1
7141,Branch_7988,2329,2648,35.61253561253561,1
7142,Branch_7989,2329,2585,83.33333333333333,1
7143,Branch_7990,1807,1900,47.05882352941177,1
7144,Branch_7991,6141,6698,2000.0,1
7145,Branch_7992,6141,6698,2000.0,1
7146,Branch_7993,6037,6602,47.03668861712136,1
7147,Branch_7994,6602,6600,15.067048365225252,1
7148,Branch_7995,6602,6599,15.14004542013626,1
7149,Branch_7996,6602,6601,21.867483052700635,1
7150,Branch_7997,4213,6602,84.60236886632826,1
7151,Branch_7998,3046,3065,36.27130939426913,1
7152,Branch_7999,3065,3134,305.8103975535168,1
7153,Branch_8000,3009,3046,51.4668039114771,1
7154,Branch_8001,6040,6602,20.238818053025703,1
7155,Branch_8002,2858,2860,10.827197921178,1
7156,Branch_8003,2858,2861,10.902747492368077,1
7157,Branch_8004,1755,1747,4.7395611166405995,1
7158,Branch_8005,1755,1748,4.7395611166405995,1
7159,Branch_8006,1755,1749,4.7395611166405995,1
7160,Branch_8007,1755,1750,4.7395611166405995,1
7161,Branch_8008,1755,1751,4.7395611166405995,1
7162,Branch_8009,1755,1752,4.7395611166405995,1
7163,Branch_8010,1755,1753,4.7395611166405995,1
7164,Branch_8011,1755,1754,4.7395611166405995,1
7165,Branch_8014,4816,4814,10.314595152140278,1
7166,Branch_8015,4816,4815,10.314595152140278,1
7167,Branch_8016,8030,8920,93.89671361502347,1
7168,Branch_8017,8030,8101,142.04545454545453,1
7169,Branch_8018,251,1164,2000.0,1
7170,Branch_8019,1164,1162,10.902747492368077,1
7171,Branch_8020,1164,1163,10.902747492368077,1
7172,Branch_8021,9712,9738,5.3558995233249425,1
7173,Branch_8022,8989,8990,2000.0,1
7174,Branch_8023,8110,8990,101.11223458038423,1
7175,Branch_8024,153,155,2000.0,1
7176,Branch_8025,9121,9759,64.1025641025641,1
7177,Branch_8026,153,152,11.741223435481977,1
7178,Branch_8027,153,154,11.741223435481977,1
7179,Branch_8028,6141,6144,26.406126221283337,1
7180,Branch_8029,6141,6142,15.114873035066505,1
7181,Branch_8030,6141,6143,15.062509414068384,1
7182,Branch_8031,4695,6602,62.53908692933083,1
7183,Branch_8032,54,63,1408.4507042253522,1
7184,Branch_8033,54,64,1470.5882352941176,1
7185,Branch_8034,53,1074,46.08294930875576,1
7186,Branch_8035,53,955,36.2844702467344,1
7187,Branch_8036,62,63,2000.0,1
7188,Branch_8037,61,64,2000.0,1
7189,Branch_8038,54,613,136.05442176870747,1
7190,Branch_8039,54,613,136.23978201634878,1
7191,Branch_8040,53,1745,43.196544276457885,1
7192,Branch_8041,54,55,-877.1929824561404,1
7193,Branch_8042,53,55,67.70480704129993,1
7194,Branch_8043,57,55,10.060362173038229,1
7195,Branch_8044,54,56,-724.6376811594203,1
7196,Branch_8045,53,56,66.53359946773121,1
7197,Branch_8046,58,56,10.006003602161297,1
7198,Branch_8047,54,59,-465.1162790697674,1
7199,Branch_8048,53,59,58.47953216374269,1
7200,Branch_8049,60,59,9.893153937475267,1
7201,Branch_8050,4434,4435,2000.0,1
7202,Branch_8051,4434,4436,2000.0,1
7203,Branch_8052,4434,4482,156.00624024961,1
7204,Branch_8053,5227,6573,6.145148405333988,1
7205,Branch_8054,3821,3845,2000.0,1
7206,Branch_8055,2787,3510,13.886960144424386,1
7207,Branch_8056,2787,3500,10.641694157709907,1
7208,Branch_8057,2787,2790,24.551927326295115,1
7209,Branch_8058,1366,1367,523.5602094240837,1
7210,Branch_8059,1364,1368,523.5602094240837,1
7211,Branch_8060,1363,1366,113.89521640091117,1
7212,Branch_8061,1364,1365,113.89521640091117,1
7213,Branch_8062,883,1368,104.4932079414838,1
7214,Branch_8063,957,1366,2000.0,1
7215,Branch_8064,956,1364,2000.0,1
7216,Branch_8065,3673,3674,4.098360655737705,1
7217,Branch_8066,3678,3679,30.67484662576687,1
7218,Branch_8067,3674,3679,-75.87253414264036,1
7219,Branch_8068,3680,3679,8.148631029986962,1
7220,Branch_8069,3677,3676,45.998160073597056,1
7221,Branch_8070,3674,3676,-440.52863436123346,1
7222,Branch_8071,3675,3676,8.98069151324652,1
7223,Branch_8072,767,1643,2000.0,1
7224,Branch_8073,767,1645,2000.0,1
7225,Branch_8074,767,1646,2000.0,1
7226,Branch_8075,767,1648,2000.0,1
7227,Branch_8076,767,1435,369.00369003690037,1
7228,Branch_8077,9282,9320,91.57509157509158,1
7229,Branch_8078,9320,9609,51.255766273705795,1
7230,Branch_8079,8721,8861,2000.0,1
7231,Branch_8080,8721,8862,2000.0,1
7232,Branch_8081,8721,8863,2000.0,1
7233,Branch_8082,8721,8864,2000.0,1
7234,Branch_8083,8860,8858,9.023641941887746,1
7235,Branch_8084,8860,8859,8.858180529719196,1
7236,Branch_8085,8721,8860,25.31645569620253,1
7237,Branch_8086,3704,3703,5.037022112527074,1
7238,Branch_8087,3720,4137,43.365134431916736,1
7239,Branch_8088,3716,4137,27.99552071668533,1
7240,Branch_8089,4138,4140,30.67484662576687,1
7241,Branch_8090,4137,4140,-384.61538461538464,1
7242,Branch_8091,4139,4140,10.905125408942203,1
7243,Branch_8092,4093,4138,81.9000819000819,1
7244,Branch_8093,4254,4991,4.095674967234601,1
7245,Branch_8094,573,574,-507.61421319796955,1
7246,Branch_8095,572,574,58.343057176196034,1
7247,Branch_8097,575,574,9.848335631278314,1
7248,Branch_8098,573,577,-507.61421319796955,1
7249,Branch_8099,572,577,58.37711617046118,1
7250,Branch_8101,576,577,9.86679822397632,1
7251,Branch_8102,572,920,104.16666666666667,1
7252,Branch_8103,572,918,104.16666666666667,1
7253,Branch_8104,572,1673,173.91304347826087,1
7254,Branch_8105,573,727,160.25641025641025,1
7255,Branch_8106,573,1432,208.33333333333334,1
7256,Branch_8107,3186,3491,2000.0,1
7257,Branch_8108,3186,3492,2000.0,1
7258,Branch_8109,3186,3493,2000.0,1
7259,Branch_8110,5369,5970,2000.0,1
7260,Branch_8111,9179,9615,8.324315325064513,1
7261,Branch_8112,9141,9179,9.317059536010435,1
7262,Branch_8114,1142,1235,2000.0,1
7263,Branch_8115,1142,1236,2000.0,1
7264,Branch_8116,1142,1596,21.150592216582066,1
7265,Branch_8117,1000,1010,2000.0,1
7266,Branch_8118,698,1003,103.30578512396694,1
7267,Branch_8119,1003,1613,70.8215297450425,1
7268,Branch_8120,995,1000,179.53321364452424,1
7269,Branch_8121,1000,1002,2000.0,1
7270,Branch_8122,1001,1010,2000.0,1
7271,Branch_8123,1010,1735,363.6363636363636,1
7272,Branch_8124,1000,1004,-354.6099290780142,1
7273,Branch_8125,1003,1004,58.17335660267597,1
7274,Branch_8126,1005,1004,10.439503079653408,1
7275,Branch_8127,1000,1007,-241.54589371980677,1
7276,Branch_8128,1003,1007,54.43658138268917,1
7277,Branch_8129,1006,1007,10.700909577314071,1
7278,Branch_8130,1000,1008,-480.7692307692308,1
7279,Branch_8131,1003,1008,58.07200929152149,1
7280,Branch_8132,1009,1008,10.449320794148381,1
7281,Branch_8133,76,384,2000.0,1
7282,Branch_8135,4536,5511,1851.851851851852,1
7283,Branch_8136,4535,5512,1851.851851851852,1
7284,Branch_8137,5081,5476,87.18395815170008,1
7285,Branch_8138,8330,8660,13.837000138370001,1
7286,Branch_8139,9044,9726,12.518778167250876,1
7287,Branch_8140,6830,7741,42.73504273504273,1
7288,Branch_8141,7642,7643,32.1853878339234,1
7289,Branch_8142,6830,7642,56.2429696287964,1
7290,Branch_8143,9365,9370,383.1417624521073,1
7291,Branch_8144,8599,8614,1075.268817204301,1
7292,Branch_8145,8599,8615,1075.268817204301,1
7293,Branch_8146,2887,2888,485.43689320388347,1
7294,Branch_8147,2887,2940,14.118311449950586,1
7295,Branch_8148,2887,3325,26.109660574412533,1
7296,Branch_8149,3102,3159,38.98635477582846,1
7297,Branch_8150,3102,3319,4.872581981191834,1
7298,Branch_8151,2114,2115,3.5031177748195894,1
7299,Branch_8152,7855,7856,10.406910188365075,1
7300,Branch_8153,7855,7857,10.295480284155255,1
7301,Branch_8154,5694,6311,134.9527665317139,1
7302,Branch_8155,4410,4658,52.882072977260705,1
7303,Branch_8156,4410,6304,12.097749818533753,1
7304,Branch_8157,1972,2298,28.07411566535654,1
7305,Branch_8160,2528,2590,68.11989100817439,1
7306,Branch_8161,1791,2511,166.9449081803005,1
7307,Branch_8162,1791,2149,24.43195699975568,1
7308,Branch_8164,2019,2408,37.11952487008166,1
7309,Branch_8165,1854,2019,22.075055187637968,1
7310,Branch_8166,363,735,9.276437847866418,1
7311,Branch_8167,8710,8712,7.336757153338224,1
7312,Branch_8168,8710,8711,7.336757153338224,1
7313,Branch_8169,8713,8714,7.336757153338224,1
7314,Branch_8170,1964,2634,79.1765637371338,1
7315,Branch_8171,1945,1964,15.424957581366652,1
7316,Branch_8172,2786,3227,3.9067078173223426,1
7317,Branch_8173,8781,8974,143.67816091954023,1
7318,Branch_8174,7753,7754,518.1347150259068,1
7319,Branch_8176,1316,1317,2000.0,1
7320,Branch_8177,1232,3970,48.355899419729205,1
7321,Branch_8178,13,1231,787.4015748031496,1
7322,Branch_8179,13,1232,787.4015748031496,1
7323,Branch_8180,1230,1231,2000.0,1
7324,Branch_8181,1229,1232,2000.0,1
7325,Branch_8182,1231,1331,278.55153203342616,1
7326,Branch_8183,4213,4381,20.631318341242004,1
7327,Branch_8184,4381,4380,10.124531740407006,1
7328,Branch_8185,5580,5922,71.63323782234957,1
7329,Branch_8186,3646,4117,22.53267237494367,1
7330,Branch_8187,3661,3737,63.13131313131313,1
7331,Branch_8188,3661,4117,326.797385620915,1
7332,Branch_8189,3850,3849,3.881686204487229,1
7333,Branch_8191,8024,8423,66.48936170212765,1
7334,Branch_8192,8024,8500,65.87615283267458,1
7335,Branch_8193,8024,8025,2000.0,1
7336,Branch_8194,1767,1770,57.47126436781609,1
7337,Branch_8195,1768,1770,-714.2857142857143,1
7338,Branch_8196,1771,1770,7.02543206407194,1
7339,Branch_8197,1767,1769,49.62779156327544,1
7340,Branch_8198,1766,1769,-552.4861878453039,1
7341,Branch_8199,1772,1769,6.63129973474801,1
7342,Branch_8200,1767,1773,49.52947003467063,1
7343,Branch_8201,1766,1773,-555.5555555555555,1
7344,Branch_8202,1774,1773,6.609822195782933,1
7345,Branch_8203,2633,2634,14.473874656245476,1
7346,Branch_8204,1765,2633,33.18951211417192,1
7347,Branch_8205,2634,8665,8.357709987463435,1
7348,Branch_8206,2634,8632,14.9678191887442,1
7349,Branch_8207,1955,8453,8.60141063134354,1
7350,Branch_8208,1765,8225,4.486920626374119,1
7351,Branch_8209,5375,6448,57.17552887364208,1
7352,Branch_8210,7325,7324,14.492753623188406,1
7353,Branch_8211,8519,8613,43.15925766076823,1
7354,Branch_8212,8613,8971,46.16805170821792,1
7355,Branch_8213,8346,9010,294.11764705882354,1
7356,Branch_8214,8346,8919,67.02412868632707,1
7357,Branch_8215,8346,8913,108.34236186348862,1
7358,Branch_8216,699,702,1030.9278350515465,1
7359,Branch_8217,700,701,787.4015748031496,1
7360,Branch_8219,698,1613,224.2152466367713,1
7361,Branch_8221,700,732,57.01254275940707,1
7362,Branch_8222,13,698,81.43322475570032,1
7363,Branch_8223,13,698,81.43322475570032,1
7364,Branch_8225,2949,3267,131.06159895150722,1
7365,Branch_8226,2949,3268,543.4782608695652,1
7366,Branch_8227,3225,3268,3.905639743790033,1
7367,Branch_8228,5860,6588,2000.0,1
7368,Branch_8229,7576,7590,48.05382027871216,1
7369,Branch_8230,7339,7846,70.72135785007072,1
7370,Branch_8231,8161,8442,16.097875080489377,1
7371,Branch_8232,2546,2547,18.18512456810329,1
7372,Branch_8233,7424,7590,42.57130693912303,1
7373,Branch_8234,8323,8458,47.25897920604915,1
7374,Branch_8236,8458,8886,11.741223435481977,1
7375,Branch_8238,7501,7846,1020.4081632653061,1
7376,Branch_8239,7032,7814,2000.0,1
7377,Branch_8240,7030,7032,416.6666666666667,1
7378,Branch_8241,7030,7365,183.8235294117647,1
7379,Branch_8242,7576,7575,8.516436722875149,1
7380,Branch_8243,7339,7340,5.546927002440648,1
7381,Branch_8244,7030,7332,46.21072088724584,1
7382,Branch_8246,7424,7425,5.61104253170239,1
7383,Branch_8247,7501,7500,9.417969485778865,1
7384,Branch_8251,6954,7388,197.62845849802372,1
7385,Branch_8253,6953,7797,98.4251968503937,1
7386,Branch_8255,3719,4032,50.89058524173028,1
7387,Branch_8258,1233,1543,88.33922261484099,1
7388,Branch_8259,1543,1641,148.3679525222552,1
7389,Branch_8260,8322,8369,20.63983488132095,1
7390,Branch_8261,8322,8323,2000.0,1
7391,Branch_8262,5241,5245,48.56726566294318,1
7392,Branch_8263,5240,5245,-1020.4081632653061,1
7393,Branch_8264,5242,5245,7.702380035430949,1
7394,Branch_8265,5241,5244,46.49000464900047,1
7395,Branch_8266,5240,5244,-478.4688995215311,1
7396,Branch_8267,5243,5244,8.92299455697332,1
7397,Branch_8268,1233,1411,22.857142857142858,1
7398,Branch_8269,9046,9049,12.121212121212121,1
7399,Branch_8270,9046,9050,12.121212121212121,1
7400,Branch_8271,9046,9052,22.172949002217294,1
7401,Branch_8272,9046,9048,12.121212121212121,1
7402,Branch_8273,9046,9047,12.121212121212121,1
7403,Branch_8274,9046,9051,22.172949002217294,1
7404,Branch_8275,9046,9172,24.563989191844755,1
7405,Branch_8276,9046,9172,24.563989191844755,1
7406,Branch_8277,3159,3231,21.381227282446012,1
7407,Branch_8278,332,1515,76.10350076103501,1
7408,Branch_8279,330,1515,75.41478129713424,1
7409,Branch_8280,330,1311,39.29273084479372,1
7410,Branch_8281,331,332,2000.0,1
7411,Branch_8282,329,330,2000.0,1
7412,Branch_8283,332,1562,57.971014492753625,1
7413,Branch_8284,4394,5467,138.50415512465375,1
7414,Branch_8285,7549,7846,125.47051442910916,1
7415,Branch_8286,9098,9758,4.704996706502305,1
7416,Branch_8287,3132,3178,5.9523809523809526,1
7417,Branch_8288,2953,3132,5.480052608505042,1
7418,Branch_8289,9068,9099,7.926442612555485,1
7419,Branch_8290,9099,9341,17.46419839329375,1
7420,Branch_8291,9097,9388,16.661112962345886,1
7421,Branch_8292,9097,9341,40.88307440719542,1
7422,Branch_8293,1532,1533,2000.0,1
7423,Branch_8294,438,1532,155.52099533437013,1
7424,Branch_8295,427,1428,124.22360248447205,1
7425,Branch_8296,401,1430,175.13134851138355,1
7426,Branch_8297,1428,1431,2000.0,1
7427,Branch_8298,1429,1430,2000.0,1
7428,Branch_8299,8362,8520,322.5806451612903,1
7429,Branch_8300,8363,8975,41.85851820845542,1
7430,Branch_8301,8362,8363,2000.0,1
7431,Branch_8302,8521,8519,5.820044232336166,1
7432,Branch_8303,8519,8520,8.045699573577922,1
7433,Branch_8304,8520,8599,88.49557522123894,1
7434,Branch_8305,4347,4348,-39.354584809130266,1
7435,Branch_8306,4349,4350,-46.948356807511736,1
7436,Branch_8307,3790,3793,42.122999157540015,1
7437,Branch_8308,5784,6676,4.754885645000238,1
7438,Branch_8309,5462,5784,11.328877308258752,1
7439,Branch_8310,4172,5784,6.339948012426298,1
7440,Branch_8311,5636,5940,2000.0,1
7441,Branch_8312,502,749,46.425255338904364,1
7442,Branch_8313,749,1420,37.93626707132018,1
7443,Branch_8314,8578,9000,9.416195856873824,1
7444,Branch_8315,1415,1417,2000.0,1
7445,Branch_8317,8697,8710,2000.0,1
7446,Branch_8318,8698,8713,2000.0,1
7447,Branch_8319,97,1199,71.78750897343862,1
7448,Branch_8320,2404,2408,80.1924619085806,1
7449,Branch_8321,2165,2404,200.40080160320642,1
7450,Branch_8322,2590,2648,120.77294685990339,1
7451,Branch_8325,7899,7900,12.548625925461161,1
7452,Branch_8326,7899,7901,11.95457262402869,1
7453,Branch_8327,7889,7899,148.8095238095238,1
7454,Branch_8328,3056,3167,127.7139208173691,1
7455,Branch_8329,2876,3233,17.056114617090227,1
7456,Branch_8330,2716,2876,2000.0,1
7457,Branch_8331,5375,5917,71.42857142857143,1
7458,Branch_8332,5899,6352,53.96654074473826,1
7459,Branch_8333,5899,6353,53.96654074473826,1
7460,Branch_8334,456,457,12.746972594008923,1
7461,Branch_8335,456,1554,184.50184501845018,1
7462,Branch_8336,31,1671,337.8378378378378,1
7463,Branch_8338,94,456,14.695077149155033,1
7464,Branch_8339,456,458,2000.0,1
7465,Branch_8340,9114,9258,22.722108611679165,1
7466,Branch_8342,7829,7830,7.465472191116088,1
7467,Branch_8343,2953,8643,3.1885721573879215,1
7468,Branch_8344,8398,8533,14.156285390713476,1
7469,Branch_8348,8552,8551,10.111223458038422,1
7470,Branch_8349,8553,8550,10.141987829614605,1
7471,Branch_8351,8477,8475,8.130081300813009,1
7472,Branch_8352,8476,8475,8.855827134254339,1
7473,Branch_8353,8478,8477,9.366804046459348,1
7474,Branch_8354,8476,8945,1515.1515151515152,1
7475,Branch_8355,8353,8478,2000.0,1
7476,Branch_8356,8381,8945,813.0081300813008,1
7477,Branch_8357,8381,8945,869.5652173913044,1
7478,Branch_8358,8666,8945,540.5405405405405,1
7479,Branch_8359,8398,8945,24.826216484607745,1
7480,Branch_8361,8381,8386,8.136034496786266,1
7481,Branch_8362,8382,8386,-51.282051282051285,1
7482,Branch_8363,8380,8386,0.8480972937215357,1
7483,Branch_8364,8381,8385,8.233841086867024,1
7484,Branch_8365,8379,8385,-54.55537370430987,1
7485,Branch_8366,8387,8385,0.8535409144837358,1
7486,Branch_8367,8379,8382,2000.0,1
7487,Branch_8370,8381,8402,98.23182711198429,1
7488,Branch_8371,8058,8666,110.13215859030836,1
7489,Branch_8372,8217,8555,169.7792869269949,1
7490,Branch_8373,8500,8555,12.322858903265558,1
7491,Branch_8374,6893,6892,5.916109566349169,1
7492,Branch_8375,6876,6893,34.19972640218878,1
7493,Branch_8376,3846,3847,18.587360594795538,1
7494,Branch_8378,4526,6149,146.84287812041117,1
7495,Branch_8379,8109,8423,28.563267637817766,1
7496,Branch_8380,8109,8616,31.90810465858328,1
7497,Branch_8381,4606,4636,2000.0,1
7498,Branch_8382,4606,4635,2000.0,1
7499,Branch_8383,743,1236,137.93103448275863,1
7500,Branch_8384,741,1612,195.69471624266146,1
7501,Branch_8385,8425,8423,12.717792191275594,1
7502,Branch_8386,8425,8423,12.403870007442322,1
7503,Branch_8387,8426,8427,207.4688796680498,1
7504,Branch_8388,8423,8427,64.55777921239509,1
7505,Branch_8389,8424,8427,7.908264136022143,1
7506,Branch_8390,8318,8423,25.075225677031092,1
7507,Branch_8391,8275,8423,47.86979415988511,1
7508,Branch_8392,8016,8423,1886.7924528301887,1
7509,Branch_8393,8017,8423,1886.7924528301887,1
7510,Branch_8394,8377,8425,5.299417064122946,1
7511,Branch_8395,8425,8741,16.934801016088063,1
7512,Branch_8396,8426,8501,199.20318725099602,1
7513,Branch_8397,8281,8425,352.11267605633805,1
7514,Branch_8398,8352,8423,20.828993959591752,1
7515,Branch_8399,454,741,94.16195856873823,1
7516,Branch_8400,743,1324,146.41288433382138,1
7517,Branch_8401,742,743,165.01650165016503,1
7518,Branch_8402,741,744,126.42225031605562,1
7519,Branch_8403,9494,9495,43.15925766076823,1
7520,Branch_8404,304,1083,163.1321370309951,1
7521,Branch_8405,295,1083,163.1321370309951,1
7522,Branch_8406,2061,2062,32.39390994493035,1
7523,Branch_8407,2063,2062,12.187690432663011,1
7524,Branch_8408,4269,4281,108.69565217391305,1
7525,Branch_8409,1211,1357,50.27652086475616,1
7526,Branch_8410,1212,1213,2000.0,1
7527,Branch_8411,1210,1211,2000.0,1
7528,Branch_8412,1213,1674,37.579857196542655,1
7529,Branch_8413,1981,2654,2000.0,1
7530,Branch_8414,7388,7555,10.612331529236974,1
7531,Branch_8415,6604,6610,-39.43217665615142,1
7532,Branch_8416,6603,6610,17.822135091783995,1
7533,Branch_8417,6606,6610,9.971083856815236,1
7534,Branch_8418,6604,6609,45.80852038479157,1
7535,Branch_8419,6603,6609,-418.41004184100416,1
7536,Branch_8420,6612,6609,9.040773890245005,1
7537,Branch_8421,6603,6611,10.88139281828074,1
7538,Branch_8422,6608,6611,20.491803278688526,1
7539,Branch_8423,6613,6611,8.00640512409928,1
7540,Branch_8424,6603,6605,10.893246187363834,1
7541,Branch_8425,6608,6605,20.449897750511248,1
7542,Branch_8426,6614,6605,8.012820512820513,1
7543,Branch_8427,851,1476,54.46623093681917,1
7544,Branch_8428,457,851,2000.0,1
7545,Branch_8429,7637,7670,181.48820326678765,1
7546,Branch_8430,26,388,18.191740949608878,1
7547,Branch_8431,388,587,26.082420448617633,1
7548,Branch_8433,4327,4692,2000.0,1
7549,Branch_8434,4462,4465,2000.0,1
7550,Branch_8435,4463,4464,2000.0,1
7551,Branch_8436,5001,5003,2000.0,1
7552,Branch_8437,5001,5004,2000.0,1
7553,Branch_8441,5008,5002,33.200531208499335,1
7554,Branch_8442,5001,5002,89.92805755395683,1
7555,Branch_8443,5006,5002,17.5377060680463,1
7556,Branch_8444,5003,5009,106.72358591248666,1
7557,Branch_8445,5004,5010,105.59662090813094,1
7558,Branch_8447,8565,8694,137.5515818431912,1
7559,Branch_8449,6095,6094,9.558401835213152,1
7560,Branch_8450,6095,6094,8.124796880077998,1
7561,Branch_8451,4996,6095,2.9433406916850626,1
7562,Branch_8452,3881,4163,133.15579227696404,1
7563,Branch_8453,2690,2684,-31.026993484331367,1
7564,Branch_8454,2686,2684,4.010427110487267,1
7565,Branch_8455,2685,2684,3.980257920713262,1
7566,Branch_8456,2690,2687,57.43825387708214,1
7567,Branch_8457,2688,2687,4.220655889925294,1
7568,Branch_8458,2689,2687,4.218697266284171,1
7569,Branch_8459,6096,9131,5.124525981346725,1
7570,Branch_8460,1974,2690,20.36659877800407,1
7571,Branch_8461,8087,8448,5.482456140350878,1
7572,Branch_8462,6151,9074,18.907165815844206,1
7573,Branch_8463,3210,8448,9.363295880149813,1
7574,Branch_8464,4469,4470,2000.0,1
7575,Branch_8465,1052,1054,9.216589861751151,1
7576,Branch_8466,79,1052,2000.0,1
7577,Branch_8467,79,1053,2000.0,1
7578,Branch_8468,4034,4035,46.53327128897161,1
7579,Branch_8469,4033,4035,-483.09178743961354,1
7580,Branch_8470,4036,4035,8.960573476702509,1
7581,Branch_8471,9100,9358,649.3506493506494,1
7582,Branch_8472,9285,9358,4.602144599383313,1
7583,Branch_8473,4461,4462,150.37593984962405,1
7584,Branch_8474,4460,4463,150.37593984962405,1
7585,Branch_8475,7845,7844,18.358729575913348,1
7586,Branch_8476,2726,2728,35.38570417551309,1
7587,Branch_8477,2728,2729,10.797969981643451,1
7588,Branch_8478,8471,8473,8.94454382826476,1
7589,Branch_8479,8471,8474,13.206550449022716,1
7590,Branch_8480,8471,8472,13.319126265316996,1
7591,Branch_8481,4307,4483,52.35602094240838,1
7592,Branch_8482,4307,6320,246.30541871921181,1
7593,Branch_8483,4306,6637,192.67822736030828,1
7594,Branch_8484,4306,5562,320.5128205128205,1
7595,Branch_8485,4391,4390,8.810572687224669,1
7596,Branch_8486,4391,4389,8.810572687224669,1
7597,Branch_8487,242,1602,248.13895781637717,1
7598,Branch_8488,295,1602,218.8183807439825,1
7599,Branch_8489,1602,1603,17.765144785930005,1
7600,Branch_8490,9384,9382,8.336807002917883,1
7601,Branch_8491,9384,9383,8.336807002917883,1
7602,Branch_8492,9312,9384,138.88888888888889,1
7603,Branch_8493,6105,6120,833.3333333333334,1
7604,Branch_8494,5887,5891,75.01875468867217,1
7605,Branch_8495,5887,5890,68.11989100817439,1
7606,Branch_8496,9061,9621,78.18608287724786,1
7607,Branch_8497,4620,4647,719.4244604316547,1
7608,Branch_8498,4328,4647,136.23978201634878,1
7609,Branch_8499,9059,9821,6.91323885240235,1
7610,Branch_8500,4056,4109,2000.0,1
7611,Branch_8501,1127,1128,2000.0,1
7612,Branch_8502,1101,1127,2000.0,1
7613,Branch_8503,6018,6021,46.53327128897161,1
7614,Branch_8504,6017,6021,-483.09178743961354,1
7615,Branch_8505,6020,6021,8.92299455697332,1
7616,Branch_8506,6018,6022,39.69829297340215,1
7617,Branch_8507,6015,6022,-467.2897196261682,1
7618,Branch_8508,6023,6022,7.14694110920526,1
7619,Branch_8509,1128,1125,4.740235115661736,1
7620,Branch_8510,1128,1126,4.740235115661736,1
7621,Branch_8511,6195,6196,12.611930886618742,1
7622,Branch_8512,4514,6195,2000.0,1
7623,Branch_8513,4501,5916,38.729666924864446,1
7624,Branch_8514,5916,6058,37.993920972644375,1
7625,Branch_8515,5916,6661,72.20216606498195,1
7626,Branch_8516,98,500,71.58196134574088,1
7627,Branch_8517,8533,8557,2000.0,1
7628,Branch_8518,9332,9357,86.65511265164645,1
7629,Branch_8521,7699,7731,61.19951040391677,1
7630,Branch_8522,4452,5389,105.59662090813094,1
7631,Branch_8523,8324,8700,40.08016032064128,1
7632,Branch_8525,8832,8886,2000.0,1
7633,Branch_8526,8831,8886,2000.0,1
7634,Branch_8527,8175,8347,12.88161793121216,1
7635,Branch_8528,5858,6689,1000.0,1
7636,Branch_8529,1446,1475,112.10762331838565,1
7637,Branch_8530,4248,5344,54.49591280653951,1
7638,Branch_8531,9219,9741,3.9328273095528377,1
7639,Branch_8532,9219,9226,7.209805335255948,1
7640,Branch_8533,3990,4059,2000.0,1
7641,Branch_8534,3990,4121,73.26007326007326,1
7642,Branch_8537,5095,5094,17.067759003242873,1
7643,Branch_8538,5808,6011,116.55011655011656,1
7644,Branch_8540,5021,5094,1000.0,1
7645,Branch_8541,867,1478,44.84304932735426,1
7646,Branch_8542,1478,1672,94.07337723424271,1
7647,Branch_8543,8748,8747,11.62925921618793,1
7648,Branch_8544,8748,8746,11.603620329542817,1
7649,Branch_8545,6896,7573,2000.0,1
7650,Branch_8546,6896,6895,7.8945290913397015,1
7651,Branch_8547,6896,6897,3.780289570181076,1
7652,Branch_8548,7573,7572,8.707767328456983,1
7653,Branch_8549,7573,7572,1.4989582240342962,1
7654,Branch_8550,3752,3887,2000.0,1
7655,Branch_8551,3887,3886,7.909515146721506,1
7656,Branch_8552,2783,2785,2000.0,1
7657,Branch_8553,9104,9105,2.6758000642192017,1
7658,Branch_8555,719,1498,47.48338081671415,1
7659,Branch_8556,8395,8470,44.563279857397504,1
7660,Branch_8557,1498,1556,16.246953696181965,1
7661,Branch_8558,295,992,72.41129616220131,1
7662,Branch_8559,295,993,81.03727714748784,1
7663,Branch_8560,6270,6269,7.425007425007425,1
7664,Branch_8561,6270,6269,7.425007425007425,1
7665,Branch_8562,6115,6116,11.901928112354202,1
7666,Branch_8563,6117,6118,18.953752843062926,1
7667,Branch_8564,5198,6381,2000.0,1
7668,Branch_8565,3981,4032,94.07337723424271,1
7669,Branch_8566,9492,9493,19.89258006763477,1
7670,Branch_8567,565,566,185.1851851851852,1
7671,Branch_8568,564,566,39.8406374501992,1
7672,Branch_8569,565,566,714.2857142857143,1
7673,Branch_8570,564,565,208.33333333333334,1
7674,Branch_8571,570,571,142.85714285714286,1
7675,Branch_8572,569,570,370.3703703703704,1
7676,Branch_8573,564,565,68.4931506849315,1
7677,Branch_8574,568,571,80.0,1
7678,Branch_8575,568,569,107.52688172043011,1
7679,Branch_8576,8400,8398,63.09148264984227,1
7680,Branch_8577,8400,8398,62.421972534332085,1
7681,Branch_8578,8399,8398,9.709680551509855,1
7682,Branch_8580,8400,8639,29.62962962962963,1
7683,Branch_8582,8400,8401,2000.0,1
7684,Branch_8583,9475,9474,11.990407673860911,1
7685,Branch_8584,9446,9475,371.74721189591077,1
7686,Branch_8585,2622,2624,5.149860953754248,1
7687,Branch_8586,2623,2624,-48.923679060665364,1
7688,Branch_8587,2625,2624,2.0663291662361813,1
7689,Branch_8588,4443,5736,160.25641025641025,1
7690,Branch_8589,4617,5736,171.23287671232876,1
7691,Branch_8591,1301,1343,8.830022075055188,1
7692,Branch_8592,8470,8469,6.715916722632639,1
7693,Branch_8593,26,1346,10.374520178441747,1
7694,Branch_8594,2732,2730,10.835410120273052,1
7695,Branch_8595,2732,2731,10.744600838078865,1
7696,Branch_8596,2732,3448,400.0,1
7697,Branch_8597,3005,3151,8.445232666159953,1
7698,Branch_8598,4032,4123,21.743857360295717,1
7699,Branch_8599,8974,8982,-18.684603886397607,1
7700,Branch_8600,8981,8982,13.431833445265278,1
7701,Branch_8601,8980,8982,13.726835964310226,1
7702,Branch_8602,8974,8976,-18.684603886397607,1
7703,Branch_8603,8979,8976,13.431833445265278,1
7704,Branch_8604,8977,8976,13.726835964310226,1
7705,Branch_8605,8978,8975,24.342745861733203,1
7706,Branch_8606,8978,8975,24.49179524859172,1
7707,Branch_8608,8194,8974,94.87666034155598,1
7708,Branch_8609,8957,8975,10.041168792047394,1
7709,Branch_8610,8527,8975,24.77086945751796,1
7710,Branch_8611,8036,8974,29.18855808523059,1
7711,Branch_8612,8391,8978,17.618040873854827,1
7712,Branch_8613,8975,8981,2000.0,1
7713,Branch_8614,8975,8981,2000.0,1
7714,Branch_8615,8975,8979,2000.0,1
7715,Branch_8616,8975,8979,2000.0,1
7716,Branch_8617,8172,8978,23.137436372049976,1
7717,Branch_8618,8063,8974,97.27626459143968,1
7718,Branch_8619,8542,8978,35.637918745545264,1
7719,Branch_8620,1111,1110,5.159426271798576,1
7720,Branch_8621,1111,1112,14.116318464144552,1
7721,Branch_8622,905,1601,9.157509157509157,1
7722,Branch_8623,4397,4400,-72.46376811594203,1
7723,Branch_8624,4398,4400,9.633911368015415,1
7724,Branch_8625,4399,4400,5.572582892170521,1
7725,Branch_8626,4397,6311,87.26003490401396,1
7726,Branch_8627,315,1343,48.49660523763337,1
7727,Branch_8628,8754,8965,264.55026455026456,1
7728,Branch_8629,8965,9008,13.017443374121322,1
7729,Branch_8630,1827,1829,16.578249336870027,1
7730,Branch_8631,1827,1828,16.396130513198884,1
7731,Branch_8632,1827,1830,16.43115346697338,1
7732,Branch_8633,1827,2359,2000.0,1
7733,Branch_8634,1827,2359,2000.0,1
7734,Branch_8635,6877,6878,9.266123054114159,1
7735,Branch_8637,1555,1709,7.686395080707149,1
7736,Branch_8638,8885,8884,4.72768532526475,1
7737,Branch_8639,8368,8369,14.85663348685188,1
7738,Branch_8640,9212,9215,16.54807214959457,1
7739,Branch_8641,9212,9218,16.531658125309967,1
7740,Branch_8642,9211,9214,12.21001221001221,1
7741,Branch_8643,9212,9217,12.175818823815902,1
7742,Branch_8644,9211,9213,12.858428700012858,1
7743,Branch_8645,9211,9216,12.781186094069529,1
7744,Branch_8647,9521,9524,2.759838825412596,1
7745,Branch_8648,9511,9549,53.022269353128316,1
7746,Branch_8649,9511,9515,39.01677721420211,1
7747,Branch_8650,9525,9567,64.43298969072166,1
7748,Branch_8651,9518,9567,85.76329331046313,1
7749,Branch_8652,9567,9569,7.947230390209012,1
7750,Branch_8653,9568,9569,-70.57163020465772,1
7751,Branch_8654,9570,9569,5.911563017261764,1
7752,Branch_8655,9530,9527,22.639800769753226,1
7753,Branch_8656,9526,9527,-191.57088122605364,1
7754,Branch_8657,9532,9527,6.434592368573451,1
7755,Branch_8658,9529,9528,22.49212775528565,1
7756,Branch_8659,9526,9528,-192.30769230769232,1
7757,Branch_8660,9531,9528,6.463706289186219,1
7758,Branch_8661,9517,9521,34.85535029627048,1
7759,Branch_8662,9517,9562,28.042624789680314,1
7760,Branch_8663,9526,9550,86.13264427217915,1
7761,Branch_8667,9519,9568,18.726591760299627,1
7762,Branch_8668,9513,9555,46.554934823091244,1
7763,Branch_8669,9562,9568,22.3563603845294,1
7764,Branch_8670,9514,9561,56.49717514124294,1
7765,Branch_8671,9542,9561,115.87485515643105,1
7766,Branch_8672,9561,9563,7.886435331230284,1
7767,Branch_8673,9562,9563,-62.61740763932373,1
7768,Branch_8674,9564,9563,5.9262771127177905,1
7769,Branch_8675,9514,9526,39.88831272437176,1
7770,Branch_8676,9513,9520,33.72681281618887,1
7771,Branch_8677,9520,9542,110.98779134295228,1
7772,Branch_8678,9533,9549,16.084928422068522,1
7773,Branch_8679,9539,9535,22.634676324128566,1
7774,Branch_8680,9533,9535,-197.23865877712032,1
7775,Branch_8681,9537,9535,6.463288521199586,1
7776,Branch_8685,9516,9521,19.364833462432223,1
7777,Branch_8686,9515,9550,51.3347022587269,1
7778,Branch_8687,9515,9549,54.25935973955507,1
7779,Branch_8688,9515,9533,20.742584526031944,1
7780,Branch_8689,9525,9550,58.51375073142189,1
7781,Branch_8690,9515,9525,79.4912559618442,1
7782,Branch_8691,9511,9512,85.25149190110827,1
7783,Branch_8692,9519,9556,23.025558369790467,1
7784,Branch_8693,9516,9556,25.641025641025642,1
7785,Branch_8694,9512,9555,81.43322475570032,1
7786,Branch_8695,9555,9557,7.847445656438829,1
7787,Branch_8696,9556,9557,-60.790273556231,1
7788,Branch_8697,9558,9557,5.813953488372093,1
7789,Branch_8698,9518,9526,139.66480446927375,1
7790,Branch_8699,9543,9545,22.680880018144705,1
7791,Branch_8700,9542,9545,-193.7984496124031,1
7792,Branch_8701,9546,9545,6.459531038046638,1
7793,Branch_8702,9544,9547,22.568269013766646,1
7794,Branch_8703,9542,9547,-192.30769230769232,1
7795,Branch_8704,9548,9547,6.463706289186219,1
7796,Branch_8705,6229,6230,45.187528242205154,1
7797,Branch_8706,6228,6230,-467.2897196261682,1
7798,Branch_8707,6231,6230,7.662248103593594,1
7799,Branch_8708,6229,6232,45.187528242205154,1
7800,Branch_8709,6228,6232,-467.2897196261682,1
7801,Branch_8710,6233,6232,7.662248103593594,1
7802,Branch_8711,387,1329,157.9778830963665,1
7803,Branch_8712,52,1328,537.6344086021505,1
7804,Branch_8713,316,1329,537.6344086021505,1
7805,Branch_8714,1327,1329,160.0,1
7806,Branch_8715,1328,1330,476.1904761904762,1
7807,Branch_8716,1551,1552,952.3809523809524,1
7808,Branch_8717,1549,1553,555.5555555555555,1
7809,Branch_8718,8637,8638,15.85288522511097,1
7810,Branch_8719,8306,8555,90.33423667570008,1
7811,Branch_8720,3909,5001,92.93680297397769,1
7812,Branch_8721,4271,5700,48.97159647404506,1
7813,Branch_8722,5700,6576,27.412280701754387,1
7814,Branch_8723,4856,4855,7.809449433814916,1
7815,Branch_8724,2564,2565,4.795013186286262,1
7816,Branch_8725,8012,8738,206.18556701030928,1
7817,Branch_8726,8275,8738,42.51700680272109,1
7818,Branch_8727,8738,8739,2000.0,1
7819,Branch_8728,6827,7668,27.816411682892905,1
7820,Branch_8729,14,1590,75.87253414264036,1
7821,Branch_8730,1588,1590,2000.0,1
7822,Branch_8731,1589,1591,2000.0,1
7823,Branch_8732,1332,1591,43.802014892685065,1
7824,Branch_8733,779,1590,85.39709649871904,1
7825,Branch_8734,779,1591,85.32423208191126,1
7826,Branch_8735,8500,8561,112.73957158962796,1
7827,Branch_8736,8561,8562,934.5794392523364,1
7828,Branch_8737,8562,8563,14.275517487508923,1
7829,Branch_8738,8561,8732,49.28536224741252,1
7830,Branch_8739,8732,8733,14.84560570071259,1
7831,Branch_8740,8583,8584,13.273161667109106,1
7832,Branch_8741,8625,8705,2000.0,1
7833,Branch_8742,8624,8625,14.148273910582908,1
7834,Branch_8743,8010,8598,2000.0,1
7835,Branch_8744,8010,8009,7.756748371082842,1
7836,Branch_8745,2726,3213,14.490653528474134,1
7837,Branch_8746,3212,3213,5.7405281285878305,1
7838,Branch_8747,3212,3213,7.4649148999701405,1
7839,Branch_8749,212,803,132.9787234042553,1
7840,Branch_8750,5731,5729,48.54368932038835,1
7841,Branch_8751,5728,5730,48.54368932038835,1
7842,Branch_8752,5695,5729,2000.0,1
7843,Branch_8753,5948,5949,2000.0,1
7844,Branch_8754,1235,1238,2000.0,1
7845,Branch_8755,1238,1325,71.07320540156361,1
7846,Branch_8756,1237,1238,2000.0,1
7847,Branch_8757,1234,1236,2000.0,1
7848,Branch_8758,241,244,2000.0,1
7849,Branch_8759,245,246,2000.0,1
7850,Branch_8760,7555,7773,195.3125,1
7851,Branch_8761,6784,7773,13.865779256794232,1
7852,Branch_8762,5170,6395,64.89292667099286,1
7853,Branch_8763,1945,8088,9.813542688910697,1
7854,Branch_8764,2370,2371,10.123506782749544,1
7855,Branch_8765,1869,1870,32.78688524590164,1
7856,Branch_8766,1872,1870,-395.25691699604744,1
7857,Branch_8767,1873,1870,6.980802792321117,1
7858,Branch_8768,1869,1871,29.71768202080238,1
7859,Branch_8769,1872,1871,-369.00369003690037,1
7860,Branch_8770,1874,1871,4.919323101141283,1
7861,Branch_8771,1869,1875,30.111412225233362,1
7862,Branch_8772,1872,1875,-398.40637450199205,1
7863,Branch_8773,1876,1875,6.587615283267457,1
7864,Branch_8774,49,242,206.18556701030928,1
7865,Branch_8775,241,296,245.09803921568627,1
7866,Branch_8776,242,243,2000.0,1
7867,Branch_8777,8318,8672,20.98635886673662,1
7868,Branch_8778,8394,8510,97.27626459143968,1
7869,Branch_8779,8394,8728,57.537399309551205,1
7870,Branch_8780,2985,2987,19.569471624266146,1
7871,Branch_8781,6917,7566,12.007684918347742,1
7872,Branch_8783,2309,2604,15.730690577316345,1
7873,Branch_8784,1923,2309,89.92805755395683,1
7874,Branch_8785,2312,2505,602.4096385542168,1
7875,Branch_8786,2420,2505,471.6981132075472,1
7876,Branch_8787,2314,2315,118.48341232227489,1
7877,Branch_8788,2314,2316,118.48341232227489,1
7878,Branch_8789,9219,9464,27.609055770292656,1
7879,Branch_8790,2726,2848,14.492753623188406,1
7880,Branch_8791,2848,3172,50.42864346949067,1
7881,Branch_8792,2848,3172,54.112554112554115,1
7882,Branch_8793,2848,3544,8.14265939255761,1
7883,Branch_8794,8776,8777,8.216926869350862,1
7884,Branch_8795,8776,8778,8.145312372729494,1
7885,Branch_8796,8268,8776,2000.0,1
7886,Branch_8797,1026,1027,57.6036866359447,1
7887,Branch_8798,2857,3355,45.59963520291838,1
7888,Branch_8800,587,588,23.293733985557886,1
7889,Branch_8801,587,1666,18.618506795754982,1
7890,Branch_8802,588,2325,18.355359765051396,1
7891,Branch_8803,587,1346,14.85001485001485,1
7892,Branch_8804,588,1343,60.790273556231,1
7893,Branch_8805,226,224,8.615490652192642,1
7894,Branch_8806,226,225,8.578536501672815,1
7895,Branch_8808,2937,3602,38.61003861003861,1
7896,Branch_8812,2088,2087,18.453589223103894,1
7897,Branch_8814,3004,3036,55.55555555555556,1
7898,Branch_8815,8549,8586,2000.0,1
7899,Branch_8816,8480,8586,2000.0,1
7900,Branch_8817,6801,6840,297.6190476190476,1
7901,Branch_8818,2501,2503,2.1872265966754156,1
7902,Branch_8819,2501,2504,2.1872265966754156,1
7903,Branch_8820,8465,8616,41.1522633744856,1
7904,Branch_8821,8616,8628,404.8582995951417,1
7905,Branch_8822,9388,9420,9.541074324968992,1
7906,Branch_8823,9435,9433,7.8982702788089405,1
7907,Branch_8824,9435,9434,7.8982702788089405,1
7908,Branch_8825,9325,9435,78.125,1
7909,Branch_8826,2337,2338,25.980774227071965,1
7910,Branch_8827,2336,2338,-296.7359050445104,1
7911,Branch_8828,2339,2338,18.17190623296384,1
7912,Branch_8829,2337,2341,25.094102885821833,1
7913,Branch_8830,2336,2341,-259.7402597402597,1
7914,Branch_8831,2340,2341,18.17190623296384,1
7915,Branch_8832,20,1636,42.06983592763988,1
7916,Branch_8833,2337,2669,146.84287812041117,1
7917,Branch_8834,2337,2669,146.84287812041117,1
7918,Branch_8835,551,1652,67.11409395973155,1
7919,Branch_8836,4216,4215,9.297136481963555,1
7920,Branch_8837,1863,1864,-39.032006245120996,1
7921,Branch_8838,1862,1866,-38.85003885003885,1
7922,Branch_8839,1859,1864,3.391785096496286,1
7923,Branch_8840,1865,1866,3.3846674564224064,1
7924,Branch_8841,1860,1858,3.108003108003108,1
7925,Branch_8842,1860,1864,6.840413160954922,1
7926,Branch_8843,1860,1866,6.868131868131868,1
7927,Branch_8844,2845,3584,2000.0,1
7928,Branch_8845,2845,2844,14.068655036578503,1
7929,Branch_8846,4215,5000,1162.7906976744187,1
7930,Branch_8847,3224,3227,251.25628140703517,1
7931,Branch_8848,3224,3257,6.520605112154408,1
7932,Branch_8849,3224,3488,4.1128567903265605,1
7933,Branch_8851,3228,3227,15.43924656476764,1
7934,Branch_8852,3394,3393,4.765308553728854,1
7935,Branch_8853,3394,3395,4.765308553728854,1
7936,Branch_8854,2779,3488,40.91653027823241,1
7937,Branch_8856,3257,3332,15.098897780462027,1
7938,Branch_8860,9275,9665,7.371369600471768,1
7939,Branch_8861,9113,9665,2.361330846064842,1
7940,Branch_8862,9054,9665,8.04634695848085,1
7941,Branch_8866,9665,9816,3.397893306150187,1
7942,Branch_8867,8488,8579,8.880206020779681,1
7943,Branch_8868,8463,9000,3.546853940554728,1
7944,Branch_8869,8463,8488,12.24889759921607,1
7945,Branch_8870,8186,8463,7.987220447284345,1
7946,Branch_8871,9198,9420,29.129041654529566,1
7947,Branch_8872,9024,9420,2000.0,1
7948,Branch_8873,2842,2841,11.054609772275038,1
7949,Branch_8874,2842,2843,5.369992482010526,1
7950,Branch_8875,2839,2842,436.68122270742356,1
7951,Branch_8876,2827,2839,140.4494382022472,1
7952,Branch_8877,2839,2837,15.160703456640388,1
7953,Branch_8878,2839,2838,5.369992482010526,1
7954,Branch_8879,3534,3535,2000.0,1
7955,Branch_8880,3511,3534,54.31830526887561,1
7956,Branch_8881,8245,8573,59.844404548174744,1
7957,Branch_8882,8002,8061,42.19409282700422,1
7958,Branch_8883,1487,1671,943.3962264150944,1
7959,Branch_8884,669,670,2000.0,1
7960,Branch_8885,9095,9112,9.746588693957115,1
7961,Branch_8886,9205,9389,4.125072188763303,1
7962,Branch_8887,9129,9389,2000.0,1
7963,Branch_8888,7459,7541,3.143764343424817,1
7964,Branch_8889,6803,7459,454.54545454545456,1
7965,Branch_8890,7364,7476,1369.86301369863,1
7966,Branch_8891,1049,1738,323.62459546925567,1
7967,Branch_8892,8644,8798,398.40637450199205,1
7968,Branch_8894,8558,8644,2000.0,1
7969,Branch_8895,8559,8644,2000.0,1
7970,Branch_8896,5785,6560,1587.3015873015872,1
7971,Branch_8897,8490,8745,5.985873338920149,1
7972,Branch_8898,8571,8745,7.947230390209012,1
7973,Branch_8899,6560,6561,30.76923076923077,1
7974,Branch_8900,6559,6561,-357.14285714285717,1
7975,Branch_8901,6563,6561,8.176614881439084,1
7976,Branch_8902,6560,6564,30.76923076923077,1
7977,Branch_8903,6559,6564,-357.14285714285717,1
7978,Branch_8904,6565,6564,8.176614881439084,1
7979,Branch_8905,6562,6559,15.928639694170117,1
7980,Branch_8906,5681,6560,312.5,1
7981,Branch_8907,6410,6559,48.44961240310077,1
7982,Branch_8908,7601,7604,9.336196433572962,1
7983,Branch_8909,7601,7603,6.355662895640015,1
7984,Branch_8913,6906,7487,34.674063800277395,1
7985,Branch_8914,4826,6260,2000.0,1
7986,Branch_8915,4826,6261,2000.0,1
7987,Branch_8916,344,768,19.960079840319363,1
7988,Branch_8917,344,8159,2.6062027625749282,1
7989,Branch_8918,5943,5944,5.920663114268798,1
7990,Branch_8919,4716,6475,69.63788300835654,1
7991,Branch_8920,4238,6475,59.38242280285036,1
7992,Branch_8921,8850,8854,2000.0,1
7993,Branch_8922,8851,8855,1818.1818181818182,1
7994,Branch_8923,8487,8940,21.533161068044787,1
7995,Branch_8924,4384,4522,413.22314049586777,1
7996,Branch_8925,739,1082,98.32841691248771,1
7997,Branch_8926,1082,1468,43.066322136089575,1
7998,Branch_8927,3286,3320,6.052536012589275,1
7999,Branch_8928,3286,3444,152.4390243902439,1
8000,Branch_8929,8800,8799,15.264845061822623,1
8001,Branch_8930,8153,8800,16.276041666666668,1
8002,Branch_8931,3170,3410,52.19206680584551,1
8003,Branch_8932,3120,3170,43.2338953739732,1
8004,Branch_8933,2374,2373,24.277737314882252,1
8005,Branch_8934,6850,6853,46.21072088724584,1
8006,Branch_8935,6851,6853,-454.54545454545456,1
8007,Branch_8936,6852,6853,8.94854586129754,1
8008,Branch_8937,2373,2456,2000.0,1
8009,Branch_8938,8247,8371,105.9322033898305,1
8010,Branch_8939,8349,8371,38.16793893129771,1
8011,Branch_8940,8340,8374,5.380972879896685,1
8012,Branch_8941,8340,8780,5.629362756136006,1
8013,Branch_8942,6271,6275,12.737230925996688,1
8014,Branch_8943,6271,6276,13.75515818431912,1
8015,Branch_8944,6271,6274,86.80555555555556,1
8016,Branch_8945,6271,6273,5.420054200542006,1
8017,Branch_8946,6272,6273,-27.3224043715847,1
8018,Branch_8947,6277,6273,8.401243384020836,1
8019,Branch_8948,669,1406,37.67897513187641,1
8020,Branch_8949,466,672,162.07455429497568,1
8021,Branch_8950,671,673,2000.0,1
8022,Branch_8951,668,672,66.40106241699867,1
8023,Branch_8952,5813,5820,21.81976871045167,1
8024,Branch_8953,5813,5816,21.436227224008576,1
8025,Branch_8954,5814,5815,21.715526601520086,1
8026,Branch_8955,5814,5819,21.715526601520086,1
8027,Branch_8956,5813,5818,21.468441391155004,1
8028,Branch_8957,5813,5817,21.4638334406525,1
8029,Branch_8959,6760,6764,46.51162790697674,1
8030,Branch_8960,6763,6764,-485.43689320388347,1
8031,Branch_8961,6765,6764,8.997660608241857,1
8032,Branch_8962,6760,6761,46.57661853749418,1
8033,Branch_8963,6763,6761,-478.4688995215311,1
8034,Branch_8964,6762,6761,6.815238874122538,1
8035,Branch_8965,251,973,1136.3636363636363,1
8036,Branch_8966,973,1516,113.76564277588169,1
8037,Branch_8967,973,975,38.639876352395675,1
8038,Branch_8968,974,975,2000.0,1
8039,Branch_8969,976,975,7.411250277921885,1
8040,Branch_8970,977,978,136.986301369863,1
8041,Branch_8971,973,978,87.18395815170008,1
8042,Branch_8972,979,978,9.899029895070283,1
8043,Branch_8973,7692,7693,71.4796283059328,1
8044,Branch_8974,7691,7693,69.7350069735007,1
8045,Branch_8975,7694,7693,5.13294322964788,1
8046,Branch_8977,3145,3146,23.391812865497077,1
8047,Branch_8978,3146,3447,2000.0,1
8048,Branch_8979,769,8456,7.263746640517179,1
8049,Branch_8980,8018,8774,33.7609723160027,1
8050,Branch_8981,8018,8316,7.946598855689765,1
8051,Branch_8982,236,8018,10.785159620362382,1
8052,Branch_8983,8018,8075,28.546959748786755,1
8053,Branch_8984,2937,3320,4.3029259896729775,1
8054,Branch_8985,2990,3319,3.658313517468447,1
8055,Branch_8986,4620,4621,16.056518946692357,1
8056,Branch_8987,4620,4622,16.046213093709884,1
8057,Branch_8988,8396,8459,118.48341232227489,1
8058,Branch_8989,8357,8459,62.97229219143577,1
8059,Branch_8990,3187,3202,17.307026652821044,1
8060,Branch_8991,3158,3262,56.72149744753261,1
8061,Branch_8992,3158,3464,77.33952049497293,1
8062,Branch_8993,3115,3262,4.936077792586011,1
8063,Branch_8994,4908,5089,4.423995752964077,1
8064,Branch_8995,5762,6367,61.576354679802954,1
8065,Branch_8996,4908,4951,6.601531555320834,1
8066,Branch_8998,6834,6832,8.874689385871495,1
8067,Branch_8999,6834,6833,8.874689385871495,1
8068,Branch_9000,8012,8273,25.119316754584275,1
8069,Branch_9001,8725,8727,386.1003861003861,1
8070,Branch_9002,8725,8726,14.234875444839858,1
8071,Branch_9003,6415,6414,1.8456995201181248,1
8072,Branch_9004,1223,1225,2000.0,1
8073,Branch_9005,1206,1225,250.6265664160401,1
8074,Branch_9006,1208,1224,174.52006980802793,1
8075,Branch_9007,947,1225,146.84287812041117,1
8076,Branch_9008,4446,4734,50.45408678102926,1
8077,Branch_9009,4450,4734,219.2982456140351,1
8078,Branch_9010,4385,4391,250.0,1
8079,Branch_9011,3365,3373,9.932459276916964,1
8080,Branch_9012,3365,3379,9.921619208254787,1
8081,Branch_9013,3365,3382,9.94431185361973,1
8082,Branch_9014,3365,3377,9.852216748768473,1
8083,Branch_9015,3365,3380,9.875567845151096,1
8084,Branch_9016,3365,3378,9.818360333824252,1
8085,Branch_9020,3372,3385,-25.438819638768763,1
8086,Branch_9021,3365,3385,12.971851083149565,1
8087,Branch_9022,3375,3385,2.628259041211102,1
8088,Branch_9026,3372,3383,33.523298692591354,1
8089,Branch_9027,3365,3383,153.84615384615384,1
8090,Branch_9028,3381,3383,6.968641114982578,1
8091,Branch_9029,2172,8215,17.36111111111111,1
8092,Branch_9030,8208,8932,123.00123001230013,1
8093,Branch_9031,9355,9357,10.196798205363516,1
8094,Branch_9032,9356,9357,10.144045445323595,1
8095,Branch_9033,1323,1549,510.2040816326531,1
8096,Branch_9034,1549,1550,2000.0,1
8097,Branch_9035,1550,1551,2000.0,1
8098,Branch_9036,1204,1552,877.1929824561404,1
8099,Branch_9038,8580,8581,432.9004329004329,1
8100,Branch_9039,8580,8582,432.9004329004329,1
8101,Branch_9040,2974,3032,6.334325711028061,1
8102,Branch_9042,8061,8681,2000.0,1
8103,Branch_9043,8681,8680,11.234692731153803,1
8104,Branch_9045,7450,7563,3.1623553222440073,1
8105,Branch_9046,961,1458,12.805736970162632,1
8106,Branch_9049,3050,3067,8.101101749837978,1
8107,Branch_9050,8208,8410,2000.0,1
8108,Branch_9051,8208,8409,2000.0,1
8109,Branch_9052,8208,8411,2000.0,1
8110,Branch_9054,8409,8995,48.804294777940456,1
8111,Branch_9055,8410,8412,2000.0,1
8112,Branch_9056,8409,8412,2000.0,1
8113,Branch_9057,8352,8410,25.588536335721596,1
8114,Branch_9058,4665,6304,2000.0,1
8115,Branch_9059,4664,6304,2000.0,1
8116,Branch_9060,3799,3800,2.031281738777168,1
8117,Branch_9061,3798,3799,62.18905472636816,1
8118,Branch_9062,3800,4082,78.80220646178093,1
8119,Branch_9063,3793,3799,129.70168612191958,1
8120,Branch_9064,4606,5264,33.67003367003367,1
8121,Branch_9065,4606,6163,884.9557522123894,1
8122,Branch_9066,4285,5804,115.2073732718894,1
8123,Branch_9067,4285,6278,120.1923076923077,1
8124,Branch_9068,8058,8202,89.84725965858041,1
8125,Branch_9069,6304,6300,6.249609399412536,1
8126,Branch_9070,6304,6301,9.80872976949485,1
8127,Branch_9071,6304,6303,30.816640986132512,1
8128,Branch_9072,6304,6302,11.109876680368847,1
8129,Branch_9073,6304,6299,11.109876680368847,1
8130,Branch_9074,4665,5389,16.406890894175554,1
8131,Branch_9075,5600,6304,21.27659574468085,1
8132,Branch_9076,8202,8460,45.33091568449683,1
8133,Branch_9077,326,328,1.4760583338253528,1
8134,Branch_9078,1049,1048,1.7828807787623242,1
8135,Branch_9079,8630,8636,352.11267605633805,1
8136,Branch_9080,8636,8635,11.350737797956867,1
8137,Branch_9081,8634,8636,8.56898029134533,1
8138,Branch_9082,9476,9477,9.286775631500744,1
8139,Branch_9083,9476,9478,9.286775631500744,1
8140,Branch_9084,9305,9476,2000.0,1
8141,Branch_9085,790,1436,59.20663114268798,1
8142,Branch_9086,3202,3460,21.58894645941278,1
8143,Branch_9087,2976,3202,22.951572182694516,1
8144,Branch_9089,9692,9698,346.02076124567475,1
8145,Branch_9090,5928,6168,408.16326530612247,1
8146,Branch_9091,5927,6168,408.16326530612247,1
8147,Branch_9092,4153,4148,54.88474204171241,1
8148,Branch_9093,4153,4152,75.41478129713424,1
8149,Branch_9094,4153,4151,62.53908692933083,1
8150,Branch_9095,4153,4155,11.983223487118035,1
8151,Branch_9096,4147,4155,-520.8333333333334,1
8152,Branch_9097,4149,4155,8.802042073761113,1
8153,Branch_9098,4153,4154,21.1864406779661,1
8154,Branch_9099,4146,4154,100.0,1
8155,Branch_9100,4150,4154,3.4904013961605584,1
8156,Branch_9101,5912,5997,2000.0,1
8157,Branch_9102,5336,5835,161.55088852988692,1
8158,Branch_9103,5336,5695,92.08103130755065,1
8159,Branch_9104,2701,2700,5.234779877506151,1
8160,Branch_9105,3663,3665,69.7350069735007,1
8161,Branch_9106,3662,3665,72.41129616220131,1
8162,Branch_9107,3664,3665,5.212677231025855,1
8163,Branch_9108,9181,9708,40.32258064516129,1
8164,Branch_9109,3810,3812,2000.0,1
8165,Branch_9110,1353,1418,806.4516129032259,1
8166,Branch_9111,8420,8592,177.61989342806393,1
8167,Branch_9112,8126,8592,26.70940170940171,1
8168,Branch_9113,8894,8893,18.573551263001487,1
8169,Branch_9114,8889,8894,2000.0,1
8170,Branch_9115,2748,2953,3.248862897985705,1
8171,Branch_9116,9621,9742,18.716077110237695,1
8172,Branch_9117,9625,9658,2000.0,1
8173,Branch_9118,9658,9656,8.6617583369424,1
8174,Branch_9119,9658,9657,8.625894936599671,1
8175,Branch_9120,4716,4981,26.12330198537095,1
8176,Branch_9121,8247,8985,34.036759700476516,1
8177,Branch_9123,4981,5344,39.032006245120996,1
8178,Branch_9124,2368,9002,4.653327128897161,1
8179,Branch_9125,8118,8226,66.05019815059445,1
8180,Branch_9126,8117,8118,2000.0,1
8181,Branch_9127,8118,8940,42.30118443316413,1
8182,Branch_9128,49,313,53.13496280552604,1
8183,Branch_9129,7350,7351,64.14368184733804,1
8184,Branch_9130,7349,7351,152.20700152207002,1
8185,Branch_9131,7352,7351,8.450942280064227,1
8186,Branch_9132,7350,7353,46.99248120300752,1
8187,Branch_9133,7349,7353,-543.4782608695652,1
8188,Branch_9134,7354,7353,8.943743851176102,1
8189,Branch_9135,1986,1985,5.139274334463973,1
8190,Branch_9138,9294,9295,2.7524703421320633,1
8191,Branch_9139,737,942,235.8490566037736,1
8192,Branch_9140,942,1568,145.98540145985402,1
8193,Branch_9141,8000,8617,16.409583196586805,1
8194,Branch_9142,50,613,68.1663258350375,1
8195,Branch_9143,4747,4746,13.646288209606986,1
8196,Branch_9144,4747,6413,2000.0,1
8197,Branch_9148,387,1067,124.53300124533001,1
8198,Branch_9149,238,387,2000.0,1
8199,Branch_9150,237,387,2000.0,1
8200,Branch_9151,8849,8848,14.222727919214906,1
8201,Branch_9152,8847,8849,2000.0,1
8202,Branch_9156,4482,5467,115.07479861910241,1
8203,Branch_9157,333,1664,387.5968992248062,1
8204,Branch_9158,336,333,3.441866868589523,1
8205,Branch_9159,335,333,3.299894403379092,1
8206,Branch_9160,337,333,3.4441191665231616,1
8207,Branch_9161,335,334,4.026089057089942,1
8208,Branch_9162,5517,6436,3.0134096730450506,1
8209,Branch_9163,5517,6573,3.1729914963827897,1
8210,Branch_9164,214,221,2000.0,1
8211,Branch_9165,214,4040,65.10416666666667,1
8212,Branch_9166,214,980,100.40160642570281,1
8213,Branch_9167,3846,3848,19.34984520123839,1
8214,Branch_9168,612,1358,119.76047904191617,1
8215,Branch_9169,9036,9723,27.464982147761603,1
8216,Branch_9170,295,612,73.52941176470588,1
8217,Branch_9171,612,1101,854.7008547008547,1
8218,Branch_9172,8208,8481,81.30081300813008,1
8219,Branch_9179,3309,3310,35.85514521333811,1
8220,Branch_9180,3300,3310,-216.91973969631238,1
8221,Branch_9181,3312,3310,6.3315182980878815,1
8222,Branch_9182,3309,3311,35.85514521333811,1
8223,Branch_9183,3299,3311,-216.91973969631238,1
8224,Branch_9184,3313,3311,6.3315182980878815,1
8225,Branch_9185,3309,9594,36.19254433586681,1
8226,Branch_9186,9274,9275,2000.0,1
8227,Branch_9187,9198,9740,6.387327542156362,1
8228,Branch_9188,5651,9198,2.213466731595024,1
8229,Branch_9189,6797,6903,37.0919881305638,1
8230,Branch_9190,6797,6800,1000.0,1
8231,Branch_9191,173,174,10.52853232259423,1
8232,Branch_9192,173,175,10.930156301235108,1
8233,Branch_9193,7996,8555,55.77244841048522,1
8234,Branch_9194,8392,8942,93.28358208955224,1
8235,Branch_9195,8392,8510,50.53057099545225,1
8236,Branch_9196,8217,8479,20.846362309776943,1
8237,Branch_9197,9112,9111,11.05094485578517,1
8238,Branch_9198,2800,3534,114.15525114155251,1
8239,Branch_9199,367,1105,684.931506849315,1
8240,Branch_9200,370,1105,684.931506849315,1
8241,Branch_9201,9181,9428,1562.5,1
8242,Branch_9202,9428,9780,22.26179875333927,1
8243,Branch_9203,1134,1135,12.893243940175347,1
8244,Branch_9204,1134,1136,12.893243940175347,1
8245,Branch_9205,1134,1138,24.88181139586962,1
8246,Branch_9208,7481,7545,7.103786318107551,1
8247,Branch_9209,7067,7481,108.22510822510823,1
8248,Branch_9211,6756,7545,30.637254901960784,1
8249,Branch_9212,6756,7492,7.605719501064801,1
8250,Branch_9213,6730,7492,9.798157946306095,1
8251,Branch_9215,6775,7406,3.4199726402188784,1
8252,Branch_9217,7277,7558,53.022269353128316,1
8253,Branch_9218,7263,7558,3.1938677738741617,1
8254,Branch_9219,7273,7620,9.325748391308403,1
8255,Branch_9220,7620,7621,8.583690987124463,1
8256,Branch_9221,7621,7622,9.099181073703367,1
8257,Branch_9222,7394,7622,7.593014426727411,1
8258,Branch_9223,2149,2458,23.685457129322597,1
8259,Branch_9224,2101,2149,125.78616352201257,1
8260,Branch_9225,2149,2212,17.044486108743822,1
8261,Branch_9226,2149,2604,66.84491978609626,1
8262,Branch_9227,2149,2492,71.63323782234957,1
8263,Branch_9228,2149,2583,22.696323195642307,1
8264,Branch_9229,1952,2149,35.637918745545264,1
8265,Branch_9230,2149,2176,87.56567425569177,1
8266,Branch_9231,2148,2589,98.4251968503937,1
8267,Branch_9232,2148,2589,98.4251968503937,1
8268,Branch_9234,1855,2148,88.18342151675485,1
8269,Branch_9235,2148,2607,120.48192771084338,1
8270,Branch_9236,6311,6571,45.93477262287551,1
8271,Branch_9237,6408,6571,98.52216748768473,1
8272,Branch_9238,3782,3783,10.002000400080016,1
8273,Branch_9239,3780,3782,854.7008547008547,1
8274,Branch_9240,2182,2183,4.130183380142078,1
8275,Branch_9241,402,2182,3.9984006397441023,1
8276,Branch_9242,8866,8870,39.920159680638726,1
8277,Branch_9243,8867,8870,-354.6099290780142,1
8278,Branch_9244,8871,8870,11.444266422522317,1
8279,Branch_9245,8866,8869,41.00041000410004,1
8280,Branch_9246,8868,8869,-467.2897196261682,1
8281,Branch_9247,8872,8869,6.745362563237774,1
8282,Branch_9248,8798,8867,87.7963125548727,1
8283,Branch_9249,8798,8868,89.28571428571429,1
8284,Branch_9250,4674,6214,2000.0,1
8285,Branch_9251,4302,4303,73.31378299120234,1
8286,Branch_9252,3833,3897,2000.0,1
8287,Branch_9253,2261,2331,14.444604940054889,1
8288,Branch_9255,8702,8703,19.90049751243781,1
8289,Branch_9256,8701,8703,-138.88888888888889,1
8290,Branch_9257,8704,8703,3.4987054789727803,1
8291,Branch_9258,8484,8701,7.133176403452457,1
8292,Branch_9259,4488,4938,63.89776357827476,1
8293,Branch_9260,4487,4937,63.89776357827476,1
8294,Branch_9262,4346,4348,37.778617302606726,1
8295,Branch_9263,4345,4549,95.32888465204957,1
8296,Branch_9264,5251,6517,66.09385327164574,1
8297,Branch_9265,1504,1500,2.5021894157387714,1
8298,Branch_9266,1505,1500,2.5021894157387714,1
8299,Branch_9270,1500,1556,64.02048655569783,1
8300,Branch_9271,8087,8321,17.421602787456447,1
8301,Branch_9272,435,530,1851.851851851852,1
8302,Branch_9273,530,1595,230.94688221709006,1
8303,Branch_9274,7652,7740,925.925925925926,1
8304,Branch_9275,7063,7740,341.29692832764505,1
8305,Branch_9276,7740,7739,12.40694789081886,1
8306,Branch_9277,8229,8230,3.1985670419651995,1
8307,Branch_9278,1612,1614,88.88888888888889,1
8308,Branch_9279,1613,1614,134.9527665317139,1
8309,Branch_9280,1615,1614,9.926543577526305,1
8310,Branch_9281,1612,1618,50.377833753148614,1
8311,Branch_9282,1613,1618,-757.5757575757576,1
8312,Branch_9283,1616,1618,6.736728644570197,1
8313,Branch_9284,1612,1619,-315.45741324921136,1
8314,Branch_9285,1613,1619,43.802014892685065,1
8315,Branch_9286,1617,1619,11.997600479904019,1
8316,Branch_9287,854,1613,223.71364653243847,1
8317,Branch_9288,895,898,5.424758598242378,1
8318,Branch_9289,895,899,5.424758598242378,1
8319,Branch_9290,895,897,11.81753722524226,1
8320,Branch_9291,895,896,11.835720203574388,1
8321,Branch_9292,10,895,5.410377103284099,1
8322,Branch_9293,895,900,5.392289026691831,1
8323,Branch_9294,899,902,0.8576329331046312,1
8324,Branch_9295,895,901,2.1456925222615597,1
8325,Branch_9296,895,901,2.1456925222615597,1
8326,Branch_9297,895,904,6.5333856004181365,1
8327,Branch_9298,130,896,17.45810055865922,1
8328,Branch_9299,236,897,170.06802721088437,1
8329,Branch_9300,896,897,2000.0,1
8330,Branch_9301,897,1192,39.87240829346093,1
8331,Branch_9302,8155,8541,3.711676935639522,1
8332,Branch_9303,4104,4106,46.27487274409995,1
8333,Branch_9304,4103,4106,-460.8294930875576,1
8334,Branch_9305,4105,4106,8.986340762041696,1
8335,Branch_9306,1094,1580,1041.6666666666667,1
8336,Branch_9307,1094,1095,4.1363335539377895,1
8337,Branch_9308,3505,3512,73.96449704142012,1
8338,Branch_9309,8034,8033,9.69274013763691,1
8339,Branch_9310,8034,8739,1408.4507042253522,1
8340,Branch_9311,8251,8258,48.33252779120348,1
8341,Branch_9312,8251,8252,235.2941176470588,1
8342,Branch_9313,8260,8252,61.53846153846154,1
8343,Branch_9314,8250,8252,7.928327915642591,1
8344,Branch_9317,8253,8256,34.940600978336825,1
8345,Branch_9318,8248,8255,34.940600978336825,1
8346,Branch_9319,8249,8254,34.940600978336825,1
8347,Branch_9320,8247,8943,58.445353594389246,1
8348,Branch_9321,8247,8919,29.507229271171436,1
8349,Branch_9322,8251,8600,21.34927412467976,1
8350,Branch_9324,8251,8630,76.10350076103501,1
8351,Branch_9325,8247,9019,36.46973012399708,1
8352,Branch_9326,8036,8257,35.323207347227125,1
8353,Branch_9327,8247,8259,2000.0,1
8354,Branch_9328,8247,8261,2000.0,1
8355,Branch_9329,8258,8259,9.385265133740027,1
8356,Branch_9330,8247,8253,1538.4615384615386,1
8357,Branch_9331,8247,8249,1538.4615384615386,1
8358,Branch_9332,8260,8261,9.385265133740027,1
8359,Branch_9333,8247,8248,1538.4615384615386,1
8360,Branch_9334,8251,8514,57.37234652897303,1
8361,Branch_9336,8251,8257,2000.0,1
8362,Branch_9337,8247,8943,58.445353594389246,1
8363,Branch_9339,4355,4750,2000.0,1
8364,Branch_9341,7075,7638,564.9717514124294,1
8365,Branch_9343,7075,7365,174.21602787456445,1
8366,Branch_9344,4355,6155,2000.0,1
8367,Branch_9345,4355,6156,2000.0,1
8368,Branch_9346,2949,3474,2.7873010563871006,1
8369,Branch_9347,3026,3159,2000.0,1
8370,Branch_9348,6278,6408,485.43689320388347,1
8371,Branch_9349,2026,2025,8.908685968819599,1
8372,Branch_9350,2026,2342,793.6507936507936,1
8373,Branch_9351,4717,4718,2000.0,1
8374,Branch_9352,2973,3205,168.0672268907563,1
8375,Branch_9353,2973,3539,11.75226231049477,1
8376,Branch_9354,2973,2992,18.198362147406733,1
8377,Branch_9355,4914,5173,8.670770831526923,1
8378,Branch_9358,1803,1804,3.5855145213338115,1
8379,Branch_9359,8460,8887,29.31691586045148,1
8380,Branch_9360,8461,8569,5.164755707055057,1
8381,Branch_9361,8460,8461,2000.0,1
8382,Branch_9362,8013,8460,61.53846153846154,1
8383,Branch_9363,8101,8966,80.25682182985554,1
8384,Branch_9364,252,253,141.84397163120568,1
8385,Branch_9365,254,255,140.4494382022472,1
8386,Branch_9366,4574,4577,14.729709824716453,1
8387,Branch_9367,4574,4578,14.3348623853211,1
8388,Branch_9368,4293,4574,2000.0,1
8389,Branch_9369,9272,9707,15.45833977430824,1
8390,Branch_9371,6983,7920,261.0966057441253,1
8391,Branch_9372,6983,7920,261.0966057441253,1
8392,Branch_9374,990,995,404.8582995951417,1
8393,Branch_9375,5486,6442,2000.0,1
8394,Branch_9376,5484,5483,46.53327128897161,1
8395,Branch_9377,5485,5483,-458.7155963302752,1
8396,Branch_9378,5489,5483,8.960573476702509,1
8397,Branch_9379,5484,5488,46.403712296983755,1
8398,Branch_9380,5486,5488,-450.45045045045043,1
8399,Branch_9381,5487,5488,9.000090000900009,1
8400,Branch_9382,3796,4018,2000.0,1
8401,Branch_9383,3797,4018,2000.0,1
8402,Branch_9384,2226,2227,22.055580061755624,1
8403,Branch_9385,2228,2227,-154.79876160990713,1
8404,Branch_9386,2229,2227,7.4766355140186915,1
8405,Branch_9387,4939,5467,198.80715705765408,1
8406,Branch_9388,7365,7367,49.75124378109453,1
8407,Branch_9389,7364,7367,-555.5555555555555,1
8408,Branch_9390,7368,7367,6.784260515603799,1
8409,Branch_9391,7365,7366,49.75124378109453,1
8410,Branch_9392,7364,7366,-555.5555555555555,1
8411,Branch_9393,7369,7366,6.784260515603799,1
8412,Branch_9394,3638,3961,20.669698222405952,1
8413,Branch_9395,3638,4100,19.98800719568259,1
8414,Branch_9396,3638,3715,23.963575365444523,1
8415,Branch_9397,4292,4294,98.61932938856016,1
8416,Branch_9398,9626,9627,9.1000091000091,1
8417,Branch_9399,9626,9628,9.1000091000091,1
8418,Branch_9400,9629,9630,14.070634585619812,1
8419,Branch_9401,2951,3468,3.9619651347068148,1
8420,Branch_9402,2951,3516,16.611295681063122,1
8421,Branch_9403,2894,2893,7.981482959533881,1
8422,Branch_9404,2846,2894,1010.10101010101,1
8423,Branch_9405,4959,9074,32.1853878339234,1
8424,Branch_9406,661,926,15.288182235132243,1
8425,Branch_9407,1355,1357,2000.0,1
8426,Branch_9408,1354,1356,2000.0,1
8427,Branch_9409,8233,8231,15.358623867301489,1
8428,Branch_9410,8234,8232,15.358623867301489,1
8429,Branch_9411,8235,8227,36.85956505713233,1
8430,Branch_9413,8226,8235,2000.0,1
8431,Branch_9414,8226,8240,21.043771043771045,1
8432,Branch_9415,8229,8240,-127.06480304955528,1
8433,Branch_9416,8239,8240,2.7664047803474605,1
8434,Branch_9417,8061,8226,24.521824423737126,1
8435,Branch_9418,3244,3470,10.658708164570454,1
8436,Branch_9419,580,1209,9.25925925925926,1
8437,Branch_9420,9616,9617,56.21135469364812,1
8438,Branch_9421,5872,5875,5.717552887364208,1
8439,Branch_9422,5873,5875,-100.0,1
8440,Branch_9423,5874,5875,3.2562683165092805,1
8441,Branch_9424,9796,9795,7.162810686913545,1
8442,Branch_9425,2762,3560,621.1180124223603,1
8443,Branch_9426,2762,3357,98.61932938856016,1
8444,Branch_9427,7405,7428,273.224043715847,1
8445,Branch_9428,7405,7404,4.780114722753346,1
8446,Branch_9429,7405,7404,4.780114722753346,1
8447,Branch_9430,5441,5579,2000.0,1
8448,Branch_9431,5145,6513,36.67033370003667,1
8449,Branch_9432,5145,6169,49.97501249375313,1
8450,Branch_9433,5013,5269,2000.0,1
8451,Branch_9434,3709,4160,16.283992835043154,1
8452,Branch_9435,8373,8944,6.622955162593549,1
8453,Branch_9436,8349,8918,64.9772579597141,1
8454,Branch_9437,8918,8920,2000.0,1
8455,Branch_9438,8919,8920,2000.0,1
8456,Branch_9439,8193,8195,2000.0,1
8457,Branch_9440,8194,8193,43.49717268377555,1
8458,Branch_9441,8193,8655,54.94505494505494,1
8459,Branch_9443,8194,8196,2000.0,1
8460,Branch_9444,1346,1666,21.468441391155004,1
8461,Branch_9445,2429,2471,79.11392405063292,1
8462,Branch_9446,2583,2590,45.64125969876768,1
8463,Branch_9447,2348,2477,23.391812865497077,1
8464,Branch_9448,2820,3206,17.37921445950643,1
8465,Branch_9449,3205,3206,2000.0,1
8466,Branch_9450,5911,6649,26.462026991267532,1
8467,Branch_9451,6635,6649,66.53359946773121,1
8468,Branch_9454,4396,6177,2000.0,1
8469,Branch_9455,8962,8963,5.720823798627002,1
8470,Branch_9457,251,1182,81.43322475570032,1
8471,Branch_9458,251,918,102.24948875255623,1
8472,Branch_9459,251,918,101.5228426395939,1
8473,Branch_9460,7832,7831,13.22576378785875,1
8474,Branch_9461,1652,1657,-354.6099290780142,1
8475,Branch_9462,1650,1657,58.17335660267597,1
8476,Branch_9463,1660,1657,10.439503079653408,1
8477,Branch_9464,1652,1656,-847.457627118644,1
8478,Branch_9465,1650,1656,65.27415143603133,1
8479,Branch_9466,1649,1656,9.789525208027412,1
8480,Branch_9467,1652,1658,-250.6265664160401,1
8481,Branch_9468,1650,1658,55.005500550055004,1
8482,Branch_9469,1659,1658,10.640561821664184,1
8483,Branch_9470,1652,1655,2000.0,1
8484,Branch_9471,1652,1654,2000.0,1
8485,Branch_9472,1651,1655,1886.7924528301887,1
8486,Branch_9473,1653,1654,2000.0,1
8487,Branch_9474,918,1650,122.69938650306749,1
8488,Branch_9475,918,1650,122.69938650306749,1
8489,Branch_9476,980,1650,123.45679012345678,1
8490,Branch_9477,980,1650,123.45679012345678,1
8491,Branch_9478,8057,8312,2000.0,1
8492,Branch_9480,1963,1962,2.66865926558497,1
8493,Branch_9481,7332,7333,44.96402877697842,1
8494,Branch_9482,7329,7333,440.52863436123346,1
8495,Branch_9483,7330,7333,6.0960741282613995,1
8496,Branch_9484,7332,7334,90.00900090009002,1
8497,Branch_9485,7329,7334,265.2519893899204,1
8498,Branch_9486,7331,7334,13.35826876836762,1
8499,Branch_9487,7332,7335,69.97900629811056,1
8500,Branch_9488,7329,7335,69.01311249137336,1
8501,Branch_9489,7336,7335,5.138482092389908,1
8502,Branch_9491,8219,8326,8.180628272251308,1
8503,Branch_9493,6752,6751,12.007684918347742,1
8504,Branch_9495,7295,7298,12.727504136438844,1
8505,Branch_9496,7295,7302,12.727504136438844,1
8506,Branch_9497,7295,7299,17.711654268508678,1
8507,Branch_9498,7296,7297,12.727504136438844,1
8508,Branch_9499,7296,7300,12.727504136438844,1
8509,Branch_9500,7296,7301,17.711654268508678,1
8510,Branch_9501,9318,9325,79.93605115907275,1
8511,Branch_9504,9318,9325,80.45052292839904,1
8512,Branch_9505,3763,3765,7.519927808693036,1
8513,Branch_9506,3763,3766,71.42857142857143,1
8514,Branch_9507,3763,3764,70.87172218284904,1
8515,Branch_9508,8879,8878,14.351320321469576,1
8516,Branch_9509,2767,3111,176.3668430335097,1
8517,Branch_9510,2806,3111,12.600806451612904,1
8518,Branch_9511,4250,6649,2000.0,1
8519,Branch_9513,9245,9241,21.77226213803614,1
8520,Branch_9516,9245,9282,628.930817610063,1
8521,Branch_9517,9245,9282,847.457627118644,1
8522,Branch_9518,9243,9733,27.88622420524261,1
8523,Branch_9519,9241,9737,34.094783498124784,1
8524,Branch_9520,4488,5940,171.82130584192439,1
8525,Branch_9521,4488,4497,33.32222592469177,1
8526,Branch_9522,4487,4498,33.32222592469177,1
8527,Branch_9523,8546,8545,13.914011409489357,1
8528,Branch_9525,6354,6355,8.333333333333334,1
8529,Branch_9526,6354,6360,9.261831990367694,1
8530,Branch_9527,6354,6357,13.640703860319192,1
8531,Branch_9528,6354,6358,9.602458229306702,1
8532,Branch_9529,6354,6361,1.1577692102856216,1
8533,Branch_9530,5680,6354,14.9678191887442,1
8534,Branch_9531,9646,9647,10.646225912913872,1
8535,Branch_9532,9645,9647,-71.07320540156361,1
8536,Branch_9533,9648,9647,2.3710166919575113,1
8537,Branch_9534,5094,5776,353.35689045936397,1
8538,Branch_9537,7015,7797,2000.0,1
8539,Branch_9538,8338,8995,684.931506849315,1
8540,Branch_9539,1889,1890,5.203996669442132,1
8541,Branch_9540,8046,8186,8.554319931565441,1
8542,Branch_9541,5142,5141,7.017543859649122,1
8543,Branch_9542,5142,5141,7.661074082586379,1
8544,Branch_9543,5142,5227,4.705882352941177,1
8545,Branch_9544,5834,6384,2000.0,1
8546,Branch_9545,5141,5862,14.992503748125937,1
8547,Branch_9546,4906,4905,13.648150675583459,1
8548,Branch_9547,4905,5776,17.84439685938615,1
8549,Branch_9548,4906,6280,91.74311926605505,1
8550,Branch_9549,4906,6010,15.620118712902219,1
8551,Branch_9550,4254,4906,2.513004799839168,1
8552,Branch_9552,1767,1921,2000.0,1
8553,Branch_9553,9505,9507,62.814070351758794,1
8554,Branch_9554,9505,9510,88.96797153024912,1
8555,Branch_9555,9507,9508,230.4147465437788,1
8556,Branch_9556,5418,5723,64.47453255963894,1
8557,Branch_9557,3007,3545,42.78990158322636,1
8558,Branch_9558,6424,6425,11.381743683132257,1
8559,Branch_9559,6422,6425,5.899705014749262,1
8560,Branch_9560,6427,6425,-11.381743683132257,1
8561,Branch_9561,6423,6426,4.209994527007115,1
8562,Branch_9562,6422,6426,-22.537750732476898,1
8563,Branch_9563,6428,6426,1.0840460936399017,1
8564,Branch_9564,8107,8956,313.47962382445144,1
8565,Branch_9565,8877,8957,315.45741324921136,1
8566,Branch_9566,1175,1174,18.372221201543265,1
8567,Branch_9567,8956,8957,8.710801393728223,1
8568,Branch_9568,316,676,165.56291390728478,1
8569,Branch_9569,2939,3124,22.84669865204478,1
8570,Branch_9570,2939,3539,33.557046979865774,1
8571,Branch_9571,3480,3482,-49.6031746031746,1
8572,Branch_9572,3481,3483,-49.6031746031746,1
8573,Branch_9573,739,740,2000.0,1
8574,Branch_9574,8042,8845,2000.0,1
8575,Branch_9575,8042,8040,14.080540692762602,1
8576,Branch_9576,8042,8041,14.080540692762602,1
8577,Branch_9577,2812,3559,132.27513227513228,1
8578,Branch_9578,3559,3557,11.669973159061735,1
8579,Branch_9579,3559,3558,11.556685542586386,1
8580,Branch_9580,3003,3410,12.751849018107626,1
8581,Branch_9581,1254,1442,12.853470437017995,1
8582,Branch_9582,801,1254,4.515692029803567,1
8583,Branch_9583,3652,3653,5.807200929152149,1
8584,Branch_9584,7611,7612,4.752851711026616,1
8585,Branch_9585,6865,6981,26.737967914438503,1
8586,Branch_9586,6982,6981,9.601536245799329,1
8587,Branch_9587,8467,8595,232.5581395348837,1
8588,Branch_9588,7804,7803,2.3245542667193564,1
8589,Branch_9589,7507,7804,2000.0,1
8590,Branch_9590,8595,8594,3.7158145065398336,1
8591,Branch_9591,8147,8168,1785.7142857142858,1
8592,Branch_9592,7303,7450,18.37897445322551,1
8593,Branch_9593,7303,7623,151.5151515151515,1
8594,Branch_9594,2495,2496,225.22522522522522,1
8595,Branch_9595,2022,2604,25.906735751295336,1
8596,Branch_9596,2496,2592,85.17887563884156,1
8597,Branch_9597,2592,2635,65.91957811470007,1
8598,Branch_9598,1808,2589,185.5287569573284,1
8599,Branch_9599,1808,2589,184.50184501845018,1
8600,Branch_9600,1922,2408,113.25028312570781,1
8601,Branch_9601,1922,2507,71.12375533428165,1
8602,Branch_9602,317,1145,363.6363636363636,1
8603,Branch_9603,521,1145,606.060606060606,1
8604,Branch_9604,100,317,1587.3015873015872,1
8605,Branch_9605,2100,2099,11.503508570113885,1
8606,Branch_9606,2100,2101,2000.0,1
8607,Branch_9609,9205,9767,101.21457489878543,1
8608,Branch_9610,9113,9767,33.921302578018995,1
8609,Branch_9611,9113,9229,43.84042086804033,1
8610,Branch_9612,9767,9768,10.673497705197994,1
8611,Branch_9613,9465,9768,4.985293384515678,1
8612,Branch_9616,9085,9086,8.967805577975069,1
8613,Branch_9617,9083,9086,-57.80346820809248,1
8614,Branch_9618,9087,9086,4.517528008673654,1
8615,Branch_9619,9084,9085,2000.0,1
8616,Branch_9620,9083,9221,645.1612903225806,1
8617,Branch_9621,3142,9085,7.548878991469767,1
8618,Branch_9622,248,249,2000.0,1
8619,Branch_9623,8198,8534,9.7551458394303,1
8620,Branch_9624,8290,8534,19.801980198019802,1
8621,Branch_9625,8534,8765,96.06147934678194,1
8622,Branch_9626,8534,9001,23.364485981308412,1
8623,Branch_9627,9644,9643,15.394088669950738,1
8624,Branch_9629,9505,9644,2000.0,1
8625,Branch_9630,8016,8014,22.90950744558992,1
8626,Branch_9631,8017,8015,22.81021897810219,1
8627,Branch_9632,8223,8913,2000.0,1
8628,Branch_9633,8059,8224,161.81229773462783,1
8629,Branch_9634,8222,8223,2000.0,1
8630,Branch_9635,8601,8600,33.211557622052474,1
8631,Branch_9636,8602,8600,23.4246896228625,1
8632,Branch_9637,8514,8600,27.979854504756574,1
8633,Branch_9638,8601,8672,510.2040816326531,1
8634,Branch_9639,8602,8672,529.1005291005291,1
8635,Branch_9640,8693,8720,2000.0,1
8636,Branch_9641,8059,8370,126.74271229404309,1
8637,Branch_9642,8720,8719,13.297872340425531,1
8638,Branch_9643,8338,8439,104.27528675703859,1
8639,Branch_9644,7112,7158,751.8796992481203,1
8640,Branch_9645,247,1490,229.3577981651376,1
8641,Branch_9646,4189,6687,16.105653084232564,1
8642,Branch_9647,6536,6687,2.928000468480075,1
8643,Branch_9648,4254,5607,7.752538956508256,1
8644,Branch_9649,2930,3072,45.16711833785005,1
8645,Branch_9650,4366,4372,2000.0,1
8646,Branch_9651,4366,4376,2000.0,1
8647,Branch_9652,9346,9345,32.74394237066143,1
8648,Branch_9653,9346,9344,20.50020500205002,1
8649,Branch_9654,9346,9343,20.597322348094746,1
8650,Branch_9655,4372,4371,29.940119760479043,1
8651,Branch_9656,4372,4369,18.231540565177756,1
8652,Branch_9657,4372,4370,18.20167455405897,1
8653,Branch_9658,4376,4375,29.559562518474728,1
8654,Branch_9659,4376,4374,17.99208348326736,1
8655,Branch_9660,4376,4377,17.879492222420883,1
8656,Branch_9661,8767,9004,76.62835249042145,1
8657,Branch_9662,8273,8767,120.62726176115802,1
8658,Branch_9663,5607,6687,2000.0,1
8659,Branch_9664,8527,8528,2000.0,1
8660,Branch_9665,8528,8529,6.306363120388472,1
8661,Branch_9666,8528,8529,6.306363120388472,1
8662,Branch_9667,8403,8593,12.575452716297786,1
8663,Branch_9668,221,219,16.289297931259163,1
8664,Branch_9669,221,220,16.39881928501148,1
8665,Branch_9670,1968,2693,102.45901639344262,1
8666,Branch_9671,4180,6319,2000.0,1
8667,Branch_9672,800,1064,452.4886877828054,1
8668,Branch_9673,1064,1441,144.50867052023122,1
8669,Branch_9674,8196,8687,561.7977528089888,1
8670,Branch_9675,9035,9182,74.4047619047619,1
8671,Branch_9676,3077,3124,40.16064257028113,1
8672,Branch_9677,3077,3167,79.30214115781126,1
8673,Branch_9678,9059,9058,9.380863039399625,1
8674,Branch_9679,9059,9119,9.539254030334828,1
8675,Branch_9680,9058,9733,10.058338362502514,1
8676,Branch_9681,94,95,2000.0,1
8677,Branch_9682,7198,7197,13.28374070138151,1
8678,Branch_9683,6776,7198,2000.0,1
8679,Branch_9684,1954,2142,13.659336156262805,1
8680,Branch_9685,2142,8051,9.40999341300461,1
8681,Branch_9686,2141,2148,44.18912947414936,1
8682,Branch_9687,2141,8788,164.74464579901152,1
8683,Branch_9688,2141,2142,20.716801325875284,1
8684,Branch_9689,2141,8048,69.54102920723227,1
8685,Branch_9690,7526,7530,9.94431185361973,1
8686,Branch_9691,7525,7527,9.875567845151096,1
8687,Branch_9692,7526,7531,9.909820632246557,1
8688,Branch_9693,7525,7529,9.791442279447763,1
8689,Branch_9694,7525,7528,9.754194303550527,1
8690,Branch_9695,7462,7525,2000.0,1
8691,Branch_9696,7261,7378,2000.0,1
8692,Branch_9697,6787,7258,126.10340479192938,1
8693,Branch_9698,6787,7378,2000.0,1
8694,Branch_9699,7256,7258,208.33333333333334,1
8695,Branch_9700,1171,1170,16.57550140891762,1
8696,Branch_9701,7261,7262,10.54407423028258,1
8697,Branch_9702,7258,7259,10.513036164844408,1
8698,Branch_9703,7256,7257,10.513036164844408,1
8699,Branch_9704,7256,7260,10.513036164844408,1
8700,Branch_9705,9173,9711,14.025245441795231,1
8701,Branch_9706,8294,8295,4.277891854893908,1
8702,Branch_9707,8294,8296,4.277891854893908,1
8703,Branch_9708,8294,8297,4.277891854893908,1
8704,Branch_9709,8294,8298,4.277891854893908,1
8705,Branch_9710,9002,9001,23.752969121140143,1
8706,Branch_9711,8294,9001,719.4244604316547,1
8707,Branch_9712,8817,9001,632.9113924050633,1
8708,Branch_9713,8216,9001,22.670596236681025,1
8709,Branch_9714,8847,9001,141.84397163120568,1
8710,Branch_9715,2331,2330,8.402655239055541,1
8711,Branch_9717,6811,6820,35.486160397445,1
8712,Branch_9718,6811,7667,35.1741118536757,1
8713,Branch_9719,7411,7433,16.94628029147602,1
8714,Branch_9720,2488,2487,19.443904335990666,1
8715,Branch_9721,8061,8527,77.39938080495357,1
8716,Branch_9723,8549,8548,6.242976651267324,1
8717,Branch_9724,8266,8267,9.178522257916475,1
8718,Branch_9725,8266,8267,9.178522257916475,1
8719,Branch_9726,8266,8549,2000.0,1
8720,Branch_9727,9430,9605,149.03129657228018,1
8721,Branch_9728,8821,8844,2000.0,1
8722,Branch_9729,8844,8842,11.503508570113885,1
8723,Branch_9730,8844,8843,11.503508570113885,1
8724,Branch_9731,3040,3226,39.69829297340215,1
8725,Branch_9732,2930,3226,17.6056338028169,1
8726,Branch_9733,8642,9002,46.36068613815485,1
8727,Branch_9734,2820,2821,259.7402597402597,1
8728,Branch_9735,212,1664,141.84397163120568,1
8729,Branch_9736,1074,1171,564.9717514124294,1
8730,Branch_9737,1075,1076,8.655011251514628,1
8731,Branch_9738,1074,1075,729.92700729927,1
8732,Branch_9739,367,368,95.14747859181732,1
8733,Branch_9740,369,370,95.14747859181732,1
8734,Branch_9741,367,1667,156.98587127158555,1
8735,Branch_9742,370,1668,156.98587127158555,1
8736,Branch_9743,5578,5674,2.630402188494621,1
8737,Branch_9744,151,721,41.597337770382694,1
8738,Branch_9746,9361,9359,8.878629139660836,1
8739,Branch_9747,9361,9360,8.878629139660836,1
8740,Branch_9748,9379,9377,7.501875468867217,1
8741,Branch_9749,9379,9378,7.501875468867217,1
8742,Branch_9751,8396,8405,163.9344262295082,1
8743,Branch_9752,8674,8676,22.716946842344388,1
8744,Branch_9753,8675,8677,22.716946842344388,1
8745,Branch_9754,8349,8396,75.7002271006813,1
8746,Branch_9755,8349,8674,2000.0,1
8747,Branch_9756,8349,8675,2000.0,1
8748,Branch_9757,8019,8349,104.0582726326743,1
8749,Branch_9758,7446,7489,180.18018018018017,1
8750,Branch_9759,7482,7489,23.228803716608596,1
8751,Branch_9760,6187,6188,10.594342621040365,1
8752,Branch_9761,6187,6189,10.583130489998942,1
8753,Branch_9762,2840,6149,65.31678641410842,1
8754,Branch_9763,7789,7788,10.658708164570454,1
8755,Branch_9764,7790,7788,10.984182776801406,1
8756,Branch_9765,9565,9566,7.5392038600723765,1
8757,Branch_9766,204,1745,2000.0,1
8758,Branch_9767,204,205,77.82101167315174,1
8759,Branch_9768,204,206,77.82101167315174,1
8760,Branch_9769,204,207,-148.3679525222552,1
8761,Branch_9770,198,205,9.424182452172275,1
8762,Branch_9771,199,205,9.406452826639075,1
8763,Branch_9772,200,206,9.424182452172275,1
8764,Branch_9773,201,206,9.406452826639075,1
8765,Branch_9774,203,207,9.54653937947494,1
8766,Branch_9775,202,207,9.287638153617536,1
8767,Branch_9776,1514,1573,27.034333603676668,1
8768,Branch_9777,1157,1515,42.319085907744395,1
8769,Branch_9778,1158,1515,45.06534474988734,1
8770,Branch_9779,1515,1518,2000.0,1
8771,Branch_9780,1515,1517,2000.0,1
8772,Branch_9781,1515,1557,32.98153034300792,1
8773,Branch_9782,1514,1561,33.222591362126245,1
8774,Branch_9783,1515,1519,-231.4814814814815,1
8775,Branch_9784,1516,1519,53.50454788657036,1
8776,Branch_9785,1520,1519,10.278548668927947,1
8777,Branch_9786,1514,1523,-331.12582781456956,1
8778,Branch_9787,1516,1523,57.8368999421631,1
8779,Branch_9789,1521,1523,10.472300764477955,1
8780,Branch_9790,1514,1525,-781.25,1
8781,Branch_9791,1516,1525,65.23157208088715,1
8782,Branch_9793,1526,1525,9.848335631278314,1
8783,Branch_9794,1515,1524,-492.61083743842363,1
8784,Branch_9795,1516,1524,58.20721769499418,1
8785,Branch_9797,1522,1524,9.891196834817013,1
8786,Branch_9798,6903,7731,28.555111364934323,1
8787,Branch_9799,8569,8585,2000.0,1
8788,Branch_9800,3912,3910,16.58649859014762,1
8789,Branch_9801,3912,3911,5.413892046992583,1
8790,Branch_9802,3912,3913,12.319822594554639,1
8791,Branch_9808,7195,7196,24.685262898049864,1
8792,Branch_9809,7195,7194,9.937394415184338,1
8793,Branch_9810,8219,8731,96.99321047526674,1
8794,Branch_9811,8183,8731,3.7505156959081876,1
8795,Branch_9812,585,713,746.2686567164179,1
8796,Branch_9813,4603,4604,14.801657785671996,1
8797,Branch_9814,4603,4605,4.802151363810987,1
8798,Branch_9815,3021,3020,4.622353702505316,1
8799,Branch_9816,4669,4670,3.827751196172249,1
8800,Branch_9817,1332,1411,47.14757190004715,1
8801,Branch_9818,1573,1574,215.05376344086022,1
8802,Branch_9819,1572,1575,293.2551319648094,1
8803,Branch_9820,1556,1575,71.89072609633357,1
8804,Branch_9821,4309,4314,2000.0,1
8805,Branch_9822,4309,4313,2000.0,1
8806,Branch_9823,4309,4315,2000.0,1
8807,Branch_9824,5756,5758,19.71608832807571,1
8808,Branch_9825,5756,5757,19.569471624266146,1
8809,Branch_9826,1204,1551,581.3953488372093,1
8810,Branch_9827,1203,1204,2000.0,1
8811,Branch_9828,1217,1632,4.479483963447411,1
8812,Branch_9829,1217,1346,4.1995632454224765,1
8813,Branch_9830,1077,1097,657.8947368421053,1
8814,Branch_9831,9686,9684,9.935419771485344,1
8815,Branch_9832,9686,9685,9.907856930545924,1
8816,Branch_9833,837,1565,13.345789403443213,1
8817,Branch_9834,1456,1565,11.571395510298542,1
8818,Branch_9835,1302,1490,71.94244604316546,1
8819,Branch_9836,363,1359,8.976660682226212,1
8820,Branch_9837,1359,1601,9.182736455463727,1
8821,Branch_9838,8089,8088,9.63948332369385,1
8822,Branch_9839,8089,8660,847.457627118644,1
8823,Branch_9840,1093,1091,16.5892501658925,1
8824,Branch_9841,1093,1092,16.5892501658925,1
8825,Branch_9842,1093,1190,367.6470588235294,1
8826,Branch_9843,3775,3786,20.060180541624874,1
8827,Branch_9844,4006,4007,5.2854122621564485,1
8828,Branch_9845,2766,3084,12.790995139421847,1
8829,Branch_9846,5238,6696,5.14827018121911,1
8830,Branch_9847,9169,9170,10.650761529449355,1
8831,Branch_9849,9727,9791,2000.0,1
8832,Branch_9850,999,998,9.42951438000943,1
8833,Branch_9851,3767,4133,90.9090909090909,1
8834,Branch_9852,5870,6658,239.8081534772182,1
8835,Branch_9853,6634,6658,132.80212483399734,1
8836,Branch_9854,8802,8804,9.469696969696969,1
8837,Branch_9855,8803,8804,0.7369957106849638,1
8838,Branch_9856,8801,8804,-27.389756231169542,1
8839,Branch_9857,8632,8802,15.008254539996999,1
8840,Branch_9858,8579,8801,3.9813672014969943,1
8841,Branch_9859,9341,9819,12.16397031991242,1
8842,Branch_9860,8436,8437,2000.0,1
8843,Branch_9861,8019,8437,289.8550724637681,1
8844,Branch_9862,8035,8630,174.82517482517483,1
8845,Branch_9863,6769,7578,13.014055179593962,1
8846,Branch_9864,8061,8958,69.7350069735007,1
8847,Branch_9865,8102,8998,8.15594160345812,1
8848,Branch_9866,6227,6226,23.245002324500234,1
8849,Branch_9867,9194,9726,7.245326764237067,1
8850,Branch_9868,9231,9726,10.937329104232747,1
8851,Branch_9869,6118,6270,37.299515106303616,1
8852,Branch_9871,4301,6452,117.096018735363,1
8853,Branch_9872,4598,6536,8.426729586247577,1
8854,Branch_9873,8345,8962,8.32639467110741,1
8855,Branch_9874,8345,9002,1.8742034635280005,1
8856,Branch_9875,8345,8490,5.170630816959669,1
8857,Branch_9876,3520,3524,1315.7894736842106,1
8858,Branch_9877,1308,1309,2000.0,1
8859,Branch_9878,1310,1311,2000.0,1
8860,Branch_9879,1309,1557,118.2033096926714,1
8861,Branch_9882,8752,8932,429.18454935622316,1
8862,Branch_9883,6187,6717,250.6265664160401,1
8863,Branch_9884,538,539,3.069085105729982,1
8864,Branch_9885,5251,5357,3.0365601846228594,1
8865,Branch_9886,5250,6341,68.4931506849315,1
8866,Branch_9887,5083,5249,25.588536335721596,1
8867,Branch_9888,4550,4552,12.802458071949815,1
8868,Branch_9889,4550,4553,8.156606851549755,1
8869,Branch_9890,4551,4550,42.3728813559322,1
8870,Branch_9891,4532,4551,182.14936247723134,1
8871,Branch_9893,8645,8886,305.8103975535168,1
8872,Branch_9894,8737,8991,49.82561036372696,1
8873,Branch_9907,8054,8783,16.9061707523246,1
8874,Branch_9908,8511,8783,3.006795357507968,1
8875,Branch_9910,8035,8584,408.16326530612247,1
8876,Branch_9911,7838,7836,11.559357299734135,1
8877,Branch_9912,7838,7837,11.469205184080744,1
8878,Branch_9913,7057,7838,990.0990099009902,1
8879,Branch_9914,164,156,4.738887309259786,1
8880,Branch_9915,164,157,4.738887309259786,1
8881,Branch_9916,164,158,4.738887309259786,1
8882,Branch_9917,164,159,4.738887309259786,1
8883,Branch_9918,164,160,4.738887309259786,1
8884,Branch_9919,164,161,4.738887309259786,1
8885,Branch_9920,164,162,4.738887309259786,1
8886,Branch_9921,164,163,4.738887309259786,1
8887,Branch_9922,8617,9001,9.636696540425943,1
8888,Branch_9923,7870,7868,9.723842862699339,1
8889,Branch_9924,7870,7869,11.469205184080744,1
8890,Branch_9925,7057,7870,869.5652173913044,1
8891,Branch_9926,9797,9800,46.81647940074907,1
8892,Branch_9927,9799,9800,-507.61421319796955,1
8893,Branch_9928,9798,9800,5.130573085013596,1
8894,Branch_9929,433,1734,495.0495049504951,1
8895,Branch_9930,730,735,3.1187624750499,1
8896,Branch_9931,5809,5956,187.6172607879925,1
8897,Branch_9932,735,904,149.03129657228018,1
8898,Branch_9933,5000,5809,111.48272017837235,1
8899,Branch_9934,5327,5589,85.32423208191126,1
8900,Branch_9935,4511,5589,2000.0,1
8901,Branch_9936,4478,4937,238.6634844868735,1
8902,Branch_9937,4479,4938,238.6634844868735,1
8903,Branch_9938,4479,5529,140.8450704225352,1
8904,Branch_9939,4479,4481,85.6898029134533,1
8905,Branch_9940,4478,4480,85.6898029134533,1
8906,Branch_9941,5501,6676,5.297732570459843,1
8907,Branch_9942,5502,6603,30.864197530864196,1
8908,Branch_9943,5238,5501,5.169027189083015,1
8909,Branch_9944,5501,5502,11.538017768547364,1
8910,Branch_9945,8911,8950,172.1170395869191,1
8911,Branch_9946,8469,8950,31.017369727047146,1
8912,Branch_9947,8932,8950,58.03830528148578,1
8913,Branch_9948,9,787,129.19896640826875,1
8914,Branch_9949,788,787,2.8827582230678312,1
8915,Branch_9950,789,787,2.7092194738695783,1
8916,Branch_9951,295,303,15.89825119236884,1
8917,Branch_9952,296,300,21.41327623126338,1
8918,Branch_9953,296,298,21.41327623126338,1
8919,Branch_9954,296,297,21.41327623126338,1
8920,Branch_9955,296,302,21.41327623126338,1
8921,Branch_9956,295,301,21.41327623126338,1
8922,Branch_9957,295,299,26.939655172413794,1
8923,Branch_9958,1643,1642,16.452780519907865,1
8924,Branch_9959,1645,1644,16.469038208168644,1
8925,Branch_9960,1646,1647,16.488046166529266,1
8926,Branch_9961,7218,7643,118.76484560570071,1
8927,Branch_9962,5155,5153,46.21072088724584,1
8928,Branch_9963,5154,5153,-467.2897196261682,1
8929,Branch_9964,5156,5153,8.97102359379205,1
8930,Branch_9965,5754,6675,68.54009595613434,1
8931,Branch_9966,1818,2250,74.96251874062969,1
8932,Branch_9968,1144,2250,23.266635644485806,1
8933,Branch_9969,2129,2250,2000.0,1
8934,Branch_9970,275,2250,10.82485386447283,1
8935,Branch_9971,7406,7566,11.927480916030534,1
8936,Branch_9974,3510,3513,41.084634346754314,1
8937,Branch_9976,5876,6337,5.359056806002144,1
8938,Branch_9978,4998,5322,63.57279084551812,1
8939,Branch_9979,4998,4997,10.620220900594733,1
8940,Branch_9980,4996,4995,2000.0,1
8941,Branch_9981,4512,4995,24.131274131274132,1
8942,Branch_9982,904,1632,28.058361391694724,1
8943,Branch_9983,937,1662,675.6756756756756,1
8944,Branch_9984,731,732,2000.0,1
8945,Branch_9985,733,734,2000.0,1
8946,Branch_9986,2944,3456,432.9004329004329,1
8947,Branch_9987,2944,2945,10.498687664041995,1
8948,Branch_9988,2944,2946,10.50089257586895,1
8949,Branch_9989,3147,3456,2000.0,1
8950,Branch_9990,151,213,306.7484662576687,1
8951,Branch_9991,213,1580,67.11409395973155,1
8952,Branch_9992,8333,8465,19.406171162429654,1
8953,Branch_9993,8278,8465,81.36696501220504,1
8954,Branch_9994,1854,2534,32.829940906106366,1
8955,Branch_9996,2534,2605,67.11409395973155,1
8956,Branch_9997,2444,2481,2000.0,1
8957,Branch_9998,1848,2481,75.75757575757575,1
8958,Branch_9999,1952,2629,125.62814070351759,1
8959,Branch_10000,383,1370,246.91358024691357,1
8960,Branch_10001,383,1594,153.60983102918587,1
8961,Branch_10002,7313,7320,49.504950495049506,1
8962,Branch_10003,7319,7320,5.700929251467989,1
8963,Branch_10004,7318,7320,5.651313930488839,1
8964,Branch_10005,7313,7321,46.860356138706656,1
8965,Branch_10006,7316,7321,5.728689275893675,1
8966,Branch_10007,7317,7321,5.6840788950150625,1
8967,Branch_10008,7313,7322,44.28697962798937,1
8968,Branch_10009,7314,7322,5.626828719333783,1
8969,Branch_10010,7314,7322,5.566998830930245,1
8970,Branch_10011,7313,7323,135.13513513513513,1
8971,Branch_10012,7315,7323,6.120700208103807,1
8972,Branch_10013,7315,7323,6.1109753116597405,1
8973,Branch_10014,4446,5718,69.88120195667365,1
8974,Branch_10016,6548,6549,6.406149903907751,1
8975,Branch_10017,6547,6549,42.19409282700422,1
8976,Branch_10018,6550,6549,3.9401103230890464,1
8977,Branch_10019,662,1012,2000.0,1
8978,Branch_10020,7045,7046,46.04051565377532,1
8979,Branch_10021,7044,7046,-438.5964912280702,1
8980,Branch_10022,7048,7046,9.06947215672048,1
8981,Branch_10023,7045,7047,46.27487274409995,1
8982,Branch_10024,7044,7047,-460.8294930875576,1
8983,Branch_10025,7049,7047,8.916629514043692,1
8984,Branch_10026,2813,3545,16.35590448151783,1
8985,Branch_10028,7814,7815,105.70824524312897,1
8986,Branch_10029,7811,7815,8.203445447087777,1
8987,Branch_10030,7810,7815,8.203445447087777,1
8988,Branch_10031,7814,7816,105.70824524312897,1
8989,Branch_10032,7812,7816,8.203445447087777,1
8990,Branch_10033,7813,7816,8.203445447087777,1
8991,Branch_10034,1984,1997,23.277467411545622,1
8992,Branch_10035,8486,8774,49.23682914820286,1
8993,Branch_10036,399,400,79.55449482895784,1
8994,Branch_10037,400,1407,54.229934924078094,1
8995,Branch_10038,397,399,2000.0,1
8996,Branch_10039,399,404,87.18395815170008,1
8997,Branch_10040,398,406,87.7963125548727,1
8998,Branch_10041,2203,2440,57.077625570776256,1
8999,Branch_10042,4575,4577,27.731558513588464,1
9000,Branch_10043,2507,2519,38.55050115651503,1
9001,Branch_10044,4576,4578,27.731558513588464,1
9002,Branch_10045,1956,2212,86.88097306689835,1
9003,Branch_10047,1854,2408,25.01876407305479,1
9004,Branch_10048,1995,2408,53.022269353128316,1
9005,Branch_10049,1825,2409,58.61664712778429,1
9006,Branch_10050,1994,2409,44.24778761061947,1
9007,Branch_10051,1767,2414,41.52823920265781,1
9008,Branch_10052,1855,2414,141.04372355430183,1
9009,Branch_10053,1855,2414,141.44271570014143,1
9010,Branch_10054,1808,2414,107.29613733905579,1
9011,Branch_10056,9321,9391,227.27272727272728,1
9012,Branch_10057,150,1620,2000.0,1
9013,Branch_10058,150,146,97.37098344693281,1
9014,Branch_10059,138,146,5.7224606580829755,1
9015,Branch_10060,139,146,5.657708628005658,1
9016,Branch_10061,150,147,97.37098344693281,1
9017,Branch_10062,140,147,5.7224606580829755,1
9018,Branch_10063,141,147,5.657708628005658,1
9019,Branch_10064,150,148,97.37098344693281,1
9020,Branch_10065,142,148,5.7224606580829755,1
9021,Branch_10066,143,148,5.657708628005658,1
9022,Branch_10067,150,149,97.37098344693281,1
9023,Branch_10068,144,149,5.7224606580829755,1
9024,Branch_10069,145,149,5.657708628005658,1
9025,Branch_10070,8104,9019,8.424599831508003,1
9026,Branch_10071,3143,3142,7.199424046076314,1
9027,Branch_10072,4593,4590,12.094823415578132,1
9028,Branch_10073,4593,4591,12.094823415578132,1
9029,Branch_10074,4592,4593,2000.0,1
9030,Branch_10075,9332,9348,104.71204188481676,1
9031,Branch_10076,9348,9361,282.4858757062147,1
9032,Branch_10077,9348,9379,137.7410468319559,1
9033,Branch_10078,8268,8270,301.2048192771084,1
9034,Branch_10079,8269,8270,301.2048192771084,1
9035,Branch_10080,8268,8271,301.2048192771084,1
9036,Branch_10081,8269,8271,301.2048192771084,1
9037,Branch_10083,3025,3039,40.04805766920305,1
9038,Branch_10084,2709,2829,2000.0,1
9039,Branch_10085,2829,2828,11.37397634212921,1
9040,Branch_10086,6998,6999,11.579434923575729,1
9041,Branch_10087,6998,7000,11.486331265793705,1
9042,Branch_10088,6983,6998,2000.0,1
9043,Branch_10089,8003,8988,2000.0,1
9044,Branch_10090,8988,9008,9.799118079372857,1
9045,Branch_10091,8054,8377,7.609191903819815,1
9046,Branch_10092,6809,7541,500.0,1
9047,Branch_10093,6808,7448,3.366096674296486,1
9048,Branch_10094,8828,8833,49.800796812749006,1
9049,Branch_10095,2848,2854,141.04372355430183,1
9050,Branch_10096,2854,2853,13.338668800853675,1
9051,Branch_10097,3779,3844,213.67521367521368,1
9052,Branch_10098,347,345,5.688282138794084,1
9053,Branch_10099,346,348,3.1746031746031744,1
9054,Branch_10100,346,350,4.8076923076923075,1
9055,Branch_10101,346,349,4.8076923076923075,1
9056,Branch_10102,346,348,4.8076923076923075,1
9057,Branch_10103,345,1167,23.28288707799767,1
9058,Branch_10104,345,346,2000.0,1
9059,Branch_10105,8217,8341,58.13953488372093,1
9060,Branch_10106,8555,8996,500.0,1
9061,Branch_10107,8955,8997,40.816326530612244,1
9062,Branch_10108,347,417,6.25,1
9063,Branch_10109,345,675,97.18172983479106,1
9064,Branch_10110,347,1548,5.602240896358543,1
9065,Branch_10111,315,345,36.36363636363637,1
9066,Branch_10112,8217,8997,143.0615164520744,1
9067,Branch_10113,347,580,19.940179461615156,1
9068,Branch_10114,347,8184,7.6923076923076925,1
9069,Branch_10116,347,8466,3.9215686274509802,1
9070,Branch_10117,14,1611,80.45052292839904,1
9071,Branch_10118,1011,1611,51.440329218106996,1
9072,Branch_10119,197,196,8.598452278589853,1
9073,Branch_10120,3749,3792,25.01876407305479,1
9074,Branch_10121,3749,4158,41.40786749482402,1
9075,Branch_10122,3714,3749,13.054830287206267,1
9076,Branch_10123,8329,8457,9.643201542912246,1
9077,Branch_10124,7114,7638,775.1937984496124,1
9078,Branch_10125,9138,9239,2000.0,1
9079,Branch_10126,7946,7950,46.27487274409995,1
9080,Branch_10127,7947,7950,-460.8294930875576,1
9081,Branch_10128,7951,7950,9.00657479960371,1
9082,Branch_10129,7946,7948,46.27487274409995,1
9083,Branch_10130,7947,7948,-460.8294930875576,1
9084,Branch_10131,7949,7948,9.00657479960371,1
9085,Branch_10132,9161,9162,5.935070330583417,1
9086,Branch_10133,9163,9162,-125.78616352201257,1
9087,Branch_10134,9164,9162,3.0825190345550384,1
9088,Branch_10135,9082,9804,1000.0,1
9089,Branch_10136,2910,2909,6.527415143603133,1
9090,Branch_10137,7051,7053,269.54177897574124,1
9091,Branch_10139,4187,4188,11.402508551881414,1
9092,Branch_10140,4187,4617,174.52006980802793,1
9093,Branch_10144,2952,3556,37.34129947722181,1
9094,Branch_10146,4344,4648,73.85524372230428,1
9095,Branch_10147,4648,6220,2000.0,1
9096,Branch_10148,4648,6149,59.630292188431724,1
9097,Branch_10149,3169,3198,140.8450704225352,1
9098,Branch_10150,3062,3198,123.30456226880395,1
9099,Branch_10151,7114,7115,17.105713308244955,1
9100,Branch_10152,545,1176,13.991884706870016,1
9101,Branch_10155,3125,3129,37.72161448509996,1
9102,Branch_10156,3124,3129,-309.59752321981426,1
9103,Branch_10157,3127,3129,6.968155529231413,1
9104,Branch_10158,3125,3128,37.93626707132018,1
9105,Branch_10159,3124,3128,-319.4888178913738,1
9106,Branch_10160,3126,3128,6.3516260162601625,1
9107,Branch_10161,3124,3593,30.22974607013301,1
9108,Branch_10162,3124,3536,18.30831197363603,1
9109,Branch_10163,7996,7997,8.583690987124463,1
9110,Branch_10164,7996,7998,8.583690987124463,1
9111,Branch_10165,8779,8810,40.27386226339106,1
9112,Branch_10166,8603,8608,96.89922480620154,1
9113,Branch_10167,8605,8608,5.668291576918716,1
9114,Branch_10168,8604,8608,5.635390250774866,1
9115,Branch_10169,8603,8609,87.10801393728222,1
9116,Branch_10170,8607,8609,5.693463903438852,1
9117,Branch_10171,8606,8609,5.627778715740897,1
9118,Branch_10172,8610,9020,917.4311926605504,1
9119,Branch_10173,8610,8779,2000.0,1
9120,Branch_10174,8247,8779,29.472443265546715,1
9121,Branch_10175,8779,8780,271.00271002710025,1
9122,Branch_10176,3854,3855,45.187528242205154,1
9123,Branch_10177,3852,3855,-467.2897196261682,1
9124,Branch_10178,3856,3855,7.662248103593594,1
9125,Branch_10179,903,1063,240.96385542168676,1
9126,Branch_10180,955,1074,158.22784810126583,1
9127,Branch_10181,8485,8486,9.56846234810066,1
9128,Branch_10182,1346,8128,2.959543046553612,1
9129,Branch_10183,3870,3888,193.7984496124031,1
9130,Branch_10184,3888,4171,113.50737797956867,1
9131,Branch_10185,8026,8828,2000.0,1
9132,Branch_10186,8028,8029,24.479804161566708,1
9133,Branch_10187,8026,8028,2000.0,1
9134,Branch_10188,6553,6556,46.51162790697674,1
9135,Branch_10189,6552,6556,-485.43689320388347,1
9136,Branch_10190,6554,6556,8.907892392659896,1
9137,Branch_10191,6553,6558,43.85964912280702,1
9138,Branch_10192,6555,6558,218.8183807439825,1
9139,Branch_10193,6557,6558,9.94431185361973,1
9140,Branch_10194,5340,5679,29.197080291970803,1
9141,Branch_10195,5679,5853,36.114120621162876,1
9142,Branch_10196,5580,5679,39.09304143862393,1
9143,Branch_10197,7705,7706,6.238303181534623,1
9144,Branch_10198,7705,7707,6.238303181534623,1
9145,Branch_10199,7699,7705,217.8649237472767,1
9146,Branch_10200,6390,6419,118.62396204033215,1
9147,Branch_10201,6390,6661,139.27576601671308,1
9148,Branch_10202,8565,8637,11.68360789811894,1
9149,Branch_10203,8753,8754,2000.0,1
9150,Branch_10204,8145,8159,4.512635379061372,1
9151,Branch_10205,8406,8968,35.27336860670194,1
9152,Branch_10206,2879,2878,3.10896937665164,1
9153,Branch_10207,2877,2880,46.27487274409995,1
9154,Branch_10208,2878,2880,-460.8294930875576,1
9155,Branch_10209,2881,2880,9.00657479960371,1
9156,Branch_10210,2877,2882,45.187528242205154,1
9157,Branch_10211,2878,2882,-467.2897196261682,1
9158,Branch_10212,2883,2882,7.662248103593594,1
9159,Branch_10213,8464,8752,135.8695652173913,1
9160,Branch_10214,8603,8610,2000.0,1
9161,Branch_10215,5703,5960,223.21428571428572,1
9162,Branch_10216,4915,5703,28.481913984619766,1
9163,Branch_10217,30,29,17.969451931716083,1
9164,Branch_10218,30,402,78.06401249024199,1
9165,Branch_10219,3113,3191,3.8061888630913865,1
9166,Branch_10220,8044,8910,10.504201680672269,1
9167,Branch_10221,3660,3714,128.2051282051282,1
9168,Branch_10222,6931,6930,11.524720525527256,1
9169,Branch_10223,6931,7539,21.682567215958368,1
9170,Branch_10224,9282,9305,31.665611146295124,1
9171,Branch_10225,8315,8314,7.891414141414141,1
9172,Branch_10226,8314,8316,2000.0,1
9173,Branch_10227,8062,8315,16.663889351774703,1
9174,Branch_10228,8061,8314,34.129692832764505,1
9175,Branch_10230,594,1469,1282.051282051282,1
9176,Branch_10231,605,1154,7.974481658692185,1
9177,Branch_10232,1153,1154,42.7715996578272,1
9178,Branch_10233,583,1153,4.744283138817725,1
9179,Branch_10234,8011,8119,746.2686567164179,1
9180,Branch_10235,8500,8949,31.416902293433868,1
9181,Branch_10236,8501,8499,87.41258741258741,1
9182,Branch_10237,8500,8499,107.41138560687433,1
9183,Branch_10238,8496,8499,5.73394495412844,1
9184,Branch_10239,8501,8498,46.468401486988846,1
9185,Branch_10240,8500,8498,-456.62100456621005,1
9186,Branch_10241,8497,8498,11.734334663224596,1
9187,Branch_10242,8502,8503,2000.0,1
9188,Branch_10243,8500,8991,11.634671320535196,1
9189,Branch_10244,8501,8502,-49.75124378109453,1
9190,Branch_10245,8501,8748,217.8649237472767,1
9191,Branch_10246,2283,2282,12.939958592132506,1
9192,Branch_10247,2283,2280,13.039509714434738,1
9193,Branch_10248,2283,2279,13.03780964797914,1
9194,Branch_10249,2283,2281,25.06265664160401,1
9195,Branch_10250,7555,7556,9.810654370646523,1
9196,Branch_10251,7555,7556,8.32639467110741,1
9197,Branch_10252,6805,7556,12.470382840753212,1
9198,Branch_10253,7433,7555,28.70264064293915,1
9199,Branch_10254,8420,9018,15.410695022345507,1
9200,Branch_10255,8201,8200,10.574177857671566,1
9201,Branch_10256,9503,9504,3.913894324853229,1
9202,Branch_10259,5084,5173,17.280110592707793,1
9203,Branch_10261,4918,4919,46.36068613815485,1
9204,Branch_10262,4917,4919,-452.4886877828054,1
9205,Branch_10263,4916,4919,9.317927692881103,1
9206,Branch_10264,6815,6867,37.878787878787875,1
9207,Branch_10266,1413,1555,32.84072249589491,1
9208,Branch_10267,606,1413,8.952551477170994,1
9209,Branch_10268,30,1413,15.54243083618278,1
9210,Branch_10269,4885,5937,4.294425835265825,1
9211,Branch_10270,5974,5977,45.72473708276178,1
9212,Branch_10271,5973,5977,-425.531914893617,1
9213,Branch_10272,5975,5977,9.02608538676776,1
9214,Branch_10273,5974,5976,46.23208506703652,1
9215,Branch_10274,5973,5976,-462.962962962963,1
9216,Branch_10275,5978,5976,8.989572096368214,1
9217,Branch_10276,5973,6695,35.7653791130186,1
9218,Branch_10277,5386,5973,104.82180293501048,1
9219,Branch_10278,3752,3970,357.14285714285717,1
9220,Branch_10279,4283,5386,48.732943469785575,1
9221,Branch_10280,7590,7645,2000.0,1
9222,Branch_10282,3122,3217,6.47542575924367,1
9223,Branch_10283,8090,8391,75.13148009015778,1
9224,Branch_10285,2766,3005,5.519068381257243,1
9225,Branch_10286,2963,3005,7.062146892655367,1
9226,Branch_10287,8078,8360,15.015015015015015,1
9227,Branch_10288,8391,8457,83.12551953449709,1
9228,Branch_10289,9115,9819,7.044734061289186,1
9229,Branch_10290,8347,8348,9.565716472163766,1
9230,Branch_10291,8347,8348,9.565716472163766,1
9231,Branch_10292,2808,2949,131.06159895150722,1
9232,Branch_10293,5050,6098,6.364967220418815,1
9233,Branch_10294,9720,9819,2000.0,1
9234,Branch_10295,5050,5632,9.69274013763691,1
9235,Branch_10296,5632,6648,18.58045336306206,1
9236,Branch_10297,3844,4088,46.57661853749418,1
9237,Branch_10298,3844,4002,21.602937999567942,1
9238,Branch_10299,590,1441,591.7159763313609,1
9239,Branch_10300,8968,8969,40.38772213247173,1
9240,Branch_10302,4345,4346,-39.354584809130266,1
9241,Branch_10303,4343,4344,-46.948356807511736,1
9242,Branch_10304,2766,2948,21.63097555699762,1
9243,Branch_10305,5170,5274,226.2443438914027,1
9244,Branch_10306,4588,4587,16.44195988161789,1
9245,Branch_10307,4588,4585,11.916110581506196,1
9246,Branch_10308,4588,4586,11.856770215793217,1
9247,Branch_10309,5116,6319,2000.0,1
9248,Branch_10310,8364,8963,25.70694087403599,1
9249,Branch_10311,2903,3458,480.7692307692308,1
9250,Branch_10312,3147,3458,2000.0,1
9251,Branch_10313,2963,9291,5.749108888122341,1
9252,Branch_10314,9391,9390,10.00300090027008,1
9253,Branch_10315,1106,1130,2000.0,1
9254,Branch_10316,1130,1129,11.429877700308607,1
9255,Branch_10317,1130,1131,16.02820964898221,1
9256,Branch_10318,728,1443,111.23470522803115,1
9257,Branch_10319,4039,4132,21.710811984368217,1
9258,Branch_10320,3858,3859,4.1363335539377895,1
9259,Branch_10321,3857,3858,2000.0,1
9260,Branch_10322,7918,7916,10.811979673478215,1
9261,Branch_10323,7918,7917,10.811979673478215,1
9262,Branch_10324,6220,6218,12.003360941063498,1
9263,Branch_10325,6220,6219,12.003360941063498,1
9264,Branch_10326,8269,8272,2000.0,1
9265,Branch_10327,4190,6319,56.21135469364812,1
9266,Branch_10328,6844,7652,340.13605442176873,1
9267,Branch_10329,6842,6844,8.298755186721992,1
9268,Branch_10330,6843,6844,8.298755186721992,1
9269,Branch_10331,4958,5876,4.2673039173849965,1
9270,Branch_10332,4958,5927,18.85014137606032,1
9271,Branch_10333,4958,5050,10.647359454855195,1
9272,Branch_10334,2832,3543,247.52475247524754,1
9273,Branch_10335,2832,2830,11.123470522803114,1
9274,Branch_10336,2832,2831,11.123470522803114,1
9275,Branch_10337,3533,3543,132.9787234042553,1
9276,Branch_10338,3543,3542,13.080444735120993,1
9277,Branch_10339,14,1011,113.89521640091117,1
9278,Branch_10340,14,1332,41.911148365465216,1
9279,Branch_10341,14,16,-333.3333333333333,1
9280,Branch_10342,13,16,55.5247084952804,1
9281,Branch_10343,15,16,9.498480243161094,1
9282,Branch_10344,14,17,203.2520325203252,1
9283,Branch_10345,13,17,105.04201680672269,1
9284,Branch_10346,18,17,11.88212927756654,1
9285,Branch_10347,1447,1448,2000.0,1
9286,Branch_10348,1446,1448,2000.0,1
9287,Branch_10349,1444,1447,2000.0,1
9288,Branch_10350,1445,1446,2000.0,1
9289,Branch_10351,1447,1580,48.97159647404506,1
9290,Branch_10352,2265,2266,1.0945349868108534,1
9291,Branch_10353,1057,1609,2000.0,1
9292,Branch_10354,3514,3515,13.468013468013469,1
9293,Branch_10355,452,453,258.3979328165375,1
9294,Branch_10356,451,454,203.2520325203252,1
9295,Branch_10357,8044,8368,28.169014084507044,1
9296,Branch_10358,3615,3618,2000.0,1
9297,Branch_10359,6962,6964,31.230480949406623,1
9298,Branch_10360,6961,6964,-78.98894154818325,1
9299,Branch_10361,6965,6964,8.14000814000814,1
9300,Branch_10362,6962,6963,47.48338081671415,1
9301,Branch_10363,6961,6963,-621.1180124223603,1
9302,Branch_10364,6966,6963,8.925383791503034,1
9303,Branch_10365,2043,2046,4.080133828389571,1
9304,Branch_10366,2044,2047,4.095339503644852,1
9305,Branch_10367,2043,2045,2000.0,1
9306,Branch_10368,2044,2045,2000.0,1
9307,Branch_10369,2038,2045,2000.0,1
9308,Branch_10370,5303,5913,2000.0,1
9309,Branch_10371,4893,4894,45.662100456621005,1
9310,Branch_10373,4893,4894,45.433893684688776,1
9311,Branch_10374,260,1062,34.317089910775564,1
9312,Branch_10375,1843,1854,138.50415512465375,1
9313,Branch_10376,1855,2607,159.23566878980893,1
9314,Branch_10377,2317,2436,42.6075841499787,1
9315,Branch_10378,1988,2436,50.27652086475616,1
9316,Branch_10380,4355,4679,83.5421888053467,1
9317,Branch_10381,4678,5419,16.70843776106934,1
9318,Branch_10382,3328,3434,4.701457451810061,1
9319,Branch_10384,3348,3349,7.582075972401244,1
9320,Branch_10385,3044,3349,20.63983488132095,1
9321,Branch_10386,3138,3348,117.50881316098707,1
9322,Branch_10387,2971,3168,27.210884353741495,1
9323,Branch_10388,2875,2954,13.340448239060832,1
9324,Branch_10389,7835,7833,12.454851164528584,1
9325,Branch_10390,7835,7834,12.454851164528584,1
9326,Branch_10391,7759,7835,133.5113484646195,1
9327,Branch_10392,9761,9785,3.86458494357706,1
9328,Branch_10393,9036,9748,115.34025374855824,1
9329,Branch_10394,2523,2525,56.14823133071308,1
9330,Branch_10395,2522,2525,-653.59477124183,1
9331,Branch_10396,2526,2525,6.70196367535688,1
9332,Branch_10397,2523,2524,57.80346820809248,1
9333,Branch_10398,2522,2524,-769.2307692307693,1
9334,Branch_10399,2527,2524,6.997900629811057,1
9335,Branch_10400,11,291,58.309037900874635,1
9336,Branch_10401,7629,7658,268.81720430107526,1
9337,Branch_10402,9443,9441,8.668515950069349,1
9338,Branch_10403,9443,9442,8.668515950069349,1
9339,Branch_10404,9429,9443,2000.0,1
9340,Branch_10405,2784,3497,125.0,1
9341,Branch_10406,2784,6813,9.871668311944719,1
9342,Branch_10407,9305,9609,793.6507936507936,1
9343,Branch_10408,9455,9453,8.395600705230459,1
9344,Branch_10409,9455,9454,12.504689258471927,1
9345,Branch_10410,9430,9455,653.59477124183,1
9346,Branch_10412,3115,3234,5.990176111177669,1
9347,Branch_10413,9576,9577,11.114816049794376,1
9348,Branch_10414,9576,9578,11.114816049794376,1
9349,Branch_10415,9576,9579,8.19000819000819,1
9350,Branch_10416,9576,9580,8.210180623973727,1
9351,Branch_10417,3851,9576,108.93246187363835,1
9352,Branch_10418,9581,9582,11.114816049794376,1
9353,Branch_10419,9581,9583,11.114816049794376,1
9354,Branch_10420,9576,9581,591.7159763313609,1
9355,Branch_10421,4328,4350,34.376074252320386,1
9356,Branch_10422,4343,4349,37.735849056603776,1
9357,Branch_10423,3397,3398,6.827802813054759,1
9358,Branch_10424,3398,6123,51.20327700972862,1
9359,Branch_10425,3435,3436,5.756389592447617,1
9360,Branch_10426,2388,2390,6.788405403570701,1
9361,Branch_10427,2388,2389,6.745817593092283,1
9362,Branch_10428,2388,2392,8.084727948904519,1
9363,Branch_10429,2388,2391,41.00041000410004,1
9364,Branch_10430,9349,9814,28.910089621277827,1
9365,Branch_10431,9736,9814,36.58982802780827,1
9366,Branch_10432,9349,9734,118.62396204033215,1
9367,Branch_10433,9349,9756,83.75209380234506,1
9368,Branch_10434,3425,3462,2000.0,1
9369,Branch_10435,1884,1883,5.139274334463973,1
9370,Branch_10436,8433,8432,8.710801393728223,1
9371,Branch_10437,8000,8051,61.387354205033766,1
9372,Branch_10438,8048,8049,41.35649296939619,1
9373,Branch_10439,8051,8049,-704.2253521126761,1
9374,Branch_10440,8053,8049,16.49348507339601,1
9375,Branch_10441,8048,8050,39.37007874015748,1
9376,Branch_10442,8051,8050,-387.5968992248062,1
9377,Branch_10443,8047,8050,15.96678907871627,1
9378,Branch_10444,8048,8052,58.41121495327103,1
9379,Branch_10445,8051,8570,11.479738261967627,1
9380,Branch_10446,8433,8539,15.723270440251572,1
9381,Branch_10447,8433,8541,17.649135192375574,1
9382,Branch_10448,3167,3168,8.161266628580755,1
9383,Branch_10449,3044,3168,20.70393374741201,1
9384,Branch_10450,8628,8629,10.650761529449355,1
9385,Branch_10451,3113,3433,156.73981191222572,1
9386,Branch_10452,8655,8658,70.47216349541931,1
9387,Branch_10453,8658,8656,11.862396204033214,1
9388,Branch_10454,8658,8657,11.310937676733401,1
9389,Branch_10455,6865,7112,19.790223629527013,1
9390,Branch_10457,5467,5929,37.53753753753754,1
9391,Branch_10458,5259,6451,16.31055292774425,1
9392,Branch_10459,4502,5552,421.9409282700422,1
9393,Branch_10460,8188,8488,8.242664029014177,1
9394,Branch_10461,4959,5929,79.42811755361397,1
9395,Branch_10462,5552,6451,12.655024044545685,1
9396,Branch_10464,3172,3175,12.656625743576763,1
9397,Branch_10465,3173,3175,-99.40357852882704,1
9398,Branch_10466,3176,3175,0.7161836008279082,1
9399,Branch_10467,3134,3173,21.317416329140908,1
9400,Branch_10468,3172,3232,66.13756613756614,1
9401,Branch_10469,3138,3172,440.52863436123346,1
9402,Branch_10470,4270,4958,4.101386268558773,1
9403,Branch_10471,4270,4269,4.633276189593662,1
9404,Branch_10472,8135,8480,254.4529262086514,1
9405,Branch_10473,6539,6542,46.57661853749418,1
9406,Branch_10474,6540,6542,-480.7692307692308,1
9407,Branch_10475,6541,6542,8.957362952346829,1
9408,Branch_10476,6539,6543,45.8295142071494,1
9409,Branch_10477,6540,6543,-414.9377593360996,1
9410,Branch_10478,6544,6543,8.987148377819718,1
9411,Branch_10479,522,579,7.4460163812360385,1
9412,Branch_10480,3433,3432,3.5045910142286396,1
9413,Branch_10481,3135,3232,223.71364653243847,1
9414,Branch_10482,3008,3044,45.87155963302752,1
9415,Branch_10483,2806,3003,31.51591553734636,1
9416,Branch_10485,356,1031,163.9344262295082,1
9417,Branch_10486,357,1032,167.50418760469012,1
9418,Branch_10487,357,358,2000.0,1
9419,Branch_10488,356,876,53.333333333333336,1
9420,Branch_10489,357,1089,58.37711617046118,1
9421,Branch_10490,1103,1104,16.564518800728838,1
9422,Branch_10491,1155,1157,2000.0,1
9423,Branch_10492,1156,1158,2000.0,1
9424,Branch_10493,5748,5766,56.46527385657821,1
9425,Branch_10494,4258,5766,65.96306068601584,1
9426,Branch_10495,5204,5766,60.75334143377886,1
9427,Branch_10497,7346,7347,10.006003602161297,1
9428,Branch_10498,7345,7347,-61.27450980392157,1
9429,Branch_10499,7348,7347,2.327042561608452,1
9430,Branch_10500,8333,8672,192.67822736030828,1
9431,Branch_10501,8333,8439,35.0754121360926,1
9432,Branch_10502,4300,4299,61.08735491753207,1
9433,Branch_10503,2761,6918,36.67033370003667,1
9434,Branch_10504,2761,6918,36.67033370003667,1
9435,Branch_10508,8547,8699,50.787201625190455,1
9436,Branch_10510,8699,8994,125.15644555694618,1
9437,Branch_10513,2138,2256,7.759757895553658,1
9438,Branch_10515,9277,9486,2000.0,1
9439,Branch_10516,9095,9277,14.983518130056938,1
9440,Branch_10517,3426,9486,9.767532721234616,1
9441,Branch_10518,9271,9486,502.51256281407035,1
9442,Branch_10519,9270,9486,502.51256281407035,1
9443,Branch_10520,407,410,6.4935064935064934,1
9444,Branch_10521,407,409,6.4935064935064934,1
9445,Branch_10522,408,411,6.802721088435374,1
9446,Branch_10523,407,412,11.904761904761905,1
9447,Branch_10524,407,408,7.575757575757576,1
9448,Branch_10525,407,408,7.575757575757576,1
9449,Branch_10526,2736,2738,46.33920296570899,1
9450,Branch_10527,2737,2738,-454.54545454545456,1
9451,Branch_10528,2741,2738,8.932559178204556,1
9452,Branch_10529,2736,2739,45.93477262287551,1
9453,Branch_10530,2737,2739,-446.42857142857144,1
9454,Branch_10531,2740,2739,8.946944618412813,1
9455,Branch_10532,3325,3590,102.35414534288638,1
9456,Branch_10533,2852,3590,1219.5121951219512,1
9457,Branch_10534,2727,3590,7.489514679448772,1
9458,Branch_10535,9153,9220,169.4915254237288,1
9459,Branch_10536,6805,7403,14.622020763269484,1
9460,Branch_10537,24,696,315.45741324921136,1
9461,Branch_10538,2910,3426,18.057060310581438,1
9462,Branch_10539,4070,4075,18.885741265344667,1
9463,Branch_10540,4070,4072,59.523809523809526,1
9464,Branch_10541,4071,4074,69.01311249137336,1
9465,Branch_10542,4070,4074,70.97232079489,1
9466,Branch_10543,4073,4074,4.768717215069146,1
9467,Branch_10544,1436,1437,-125.31328320802005,1
9468,Branch_10545,1435,1437,22.406453058480842,1
9469,Branch_10547,1438,1437,7.743534148985597,1
9470,Branch_10548,325,1435,166.9449081803005,1
9471,Branch_10551,8781,8782,2000.0,1
9472,Branch_10552,10,730,5.5263885051119095,1
9473,Branch_10553,8722,8724,2000.0,1
9474,Branch_10554,4911,4912,11.555350127108852,1
9475,Branch_10555,1181,1182,1562.5,1
9476,Branch_10556,1973,1984,27.824151363383418,1
9477,Branch_10557,3231,3428,5.814629608093965,1
9478,Branch_10559,6702,6701,9.775171065493646,1
9479,Branch_10560,4336,6702,2000.0,1
9480,Branch_10561,937,1409,414.9377593360996,1
9481,Branch_10562,5532,5534,95.23809523809524,1
9482,Branch_10563,8738,8740,2000.0,1
9483,Branch_10564,2858,2859,2000.0,1
9484,Branch_10565,3087,3089,19.043991620643688,1
9485,Branch_10566,3087,3090,19.043991620643688,1
9486,Branch_10569,4049,4136,500.0,1
9487,Branch_10570,7928,7927,7.776049766718507,1
9488,Branch_10571,7928,7929,8.120178643930167,1
9489,Branch_10572,7338,7337,3.4120376688958647,1
9490,Branch_10573,7375,7374,9.601536245799329,1
9491,Branch_10574,7374,7731,14.75143826523086,1
9492,Branch_10575,5212,5215,46.04051565377532,1
9493,Branch_10576,5213,5215,-438.5964912280702,1
9494,Branch_10577,5214,5215,9.031791907514451,1
9495,Branch_10578,5085,6570,5.431830526887561,1
9496,Branch_10579,8687,8688,14.088475626937166,1
9497,Branch_10580,7191,7193,1666.6666666666667,1
9498,Branch_10581,7191,7920,2000.0,1
9499,Branch_10582,9399,9400,12.934937265554263,1
9500,Branch_10583,9396,9399,1010.10101010101,1
9501,Branch_10584,3004,3425,1388.888888888889,1
9502,Branch_10585,3062,3425,176.99115044247787,1
9503,Branch_10586,8245,8523,133.6898395721925,1
9504,Branch_10589,9100,9231,7.580926389204761,1
9505,Branch_10590,3727,4002,19.447685725398678,1
9506,Branch_10592,3649,3650,51.38746145940391,1
9507,Branch_10594,3777,3778,2000.0,1
9508,Branch_10595,6217,6215,12.186205215695832,1
9509,Branch_10596,6217,6216,12.16397031991242,1
9510,Branch_10597,5419,5421,9.718172983479105,1
9511,Branch_10598,5418,5421,-75.75757575757575,1
9512,Branch_10599,5420,5421,4.1017227235438884,1
9513,Branch_10600,2772,3428,37.9794910748196,1
9514,Branch_10601,3332,3428,4.632417658776116,1
9515,Branch_10604,9346,9458,123.15270935960591,1
9516,Branch_10605,9133,9787,2000.0,1
9517,Branch_10606,4323,4322,9.414422895876482,1
9518,Branch_10607,4216,4322,735.2941176470588,1
9519,Branch_10608,4322,6559,142.45014245014244,1
9520,Branch_10609,4322,6099,257.7319587628866,1
9521,Branch_10610,6803,7412,48.732943469785575,1
9522,Branch_10611,9281,9284,2000.0,1
9523,Branch_10612,1040,1123,34.770514603616135,1
9524,Branch_10613,5711,5715,55.49389567147614,1
9525,Branch_10614,5713,5715,398.40637450199205,1
9526,Branch_10615,5714,5715,8.553588230262596,1
9527,Branch_10616,5711,5717,47.84688995215311,1
9528,Branch_10617,5712,5717,-613.4969325153374,1
9529,Branch_10618,5716,5717,9.39584703561026,1
9530,Branch_10620,5809,5915,191.93857965451056,1
9531,Branch_10621,4323,5915,137.17421124828533,1
9532,Branch_10622,695,1577,66.84491978609626,1
9533,Branch_10623,695,697,2000.0,1
9534,Branch_10624,694,696,90.41591320072332,1
9535,Branch_10625,1407,1408,102.88065843621399,1
9536,Branch_10626,1405,1406,102.04081632653062,1
9537,Branch_10627,8091,8126,92.7643784786642,1
9538,Branch_10628,928,1407,89.60573476702508,1
9539,Branch_10629,926,1406,79.30214115781126,1
9540,Branch_10630,8099,8994,71.73601147776183,1
9541,Branch_10631,4783,4782,4.501462975467027,1
9542,Branch_10632,4734,4783,2000.0,1
9543,Branch_10633,8932,8936,3.780718336483932,1
9544,Branch_10634,8933,8935,2.3507287259050305,1
9545,Branch_10635,8933,8934,6.112469437652812,1
9546,Branch_10636,8933,8932,5.98014591556034,1
9547,Branch_10637,8933,8932,5.98014591556034,1
9548,Branch_10638,2988,3040,10.780508840017248,1
9549,Branch_10639,2988,3105,1818.1818181818182,1
9550,Branch_10640,2988,3466,40.86636697997548,1
9551,Branch_10641,8389,8445,16.716817118020728,1
9552,Branch_10642,8100,8219,7.028888732691361,1
9553,Branch_10643,9088,9102,53.36179295624333,1
9554,Branch_10644,9088,9206,260.4166666666667,1
9555,Branch_10645,8325,8532,68.30601092896175,1
9556,Branch_10646,8532,8885,1492.5373134328358,1
9557,Branch_10647,7708,7709,7.733952049497293,1
9558,Branch_10648,7710,7709,3.665689149560117,1
9559,Branch_10649,2884,2889,641.025641025641,1
9560,Branch_10650,390,523,31.201248049921997,1
9561,Branch_10651,9025,9260,6.780120686148213,1
9562,Branch_10652,9032,9261,42.24757076468103,1
9563,Branch_10653,9262,9261,5.301102629346905,1
9564,Branch_10654,9260,9261,5.301102629346905,1
9565,Branch_10655,9261,9708,85.47008547008546,1
9566,Branch_10656,238,240,10.137875101378752,1
9567,Branch_10657,237,239,9.742790335151987,1
9568,Branch_10658,3674,3843,68.96551724137932,1
9569,Branch_10659,1980,1978,3.4239539820584812,1
9570,Branch_10660,1980,1979,3.450893781489406,1
9571,Branch_10661,1980,2453,2000.0,1
9572,Branch_10662,2589,2592,35.36067892503536,1
9573,Branch_10663,2589,2593,32.425421530479895,1
9574,Branch_10664,2592,2593,-366.3003663003663,1
9575,Branch_10665,2588,2593,6.806888571234089,1
9576,Branch_10666,2589,2595,28.52253280091272,1
9577,Branch_10667,2590,2595,-148.5884101040119,1
9578,Branch_10668,2591,2595,6.868603612885501,1
9579,Branch_10669,2589,2596,32.1853878339234,1
9580,Branch_10670,2590,2596,-369.00369003690037,1
9581,Branch_10671,2594,2596,6.746272684341901,1
9582,Branch_10672,2029,2030,4.1363335539377895,1
9583,Branch_10673,2029,2031,4.1363335539377895,1
9584,Branch_10674,2029,2465,2000.0,1
9585,Branch_10675,7008,7009,47.14757190004715,1
9586,Branch_10676,7007,7009,-595.2380952380952,1
9587,Branch_10677,7010,7009,8.93814801573114,1
9588,Branch_10678,7008,7012,46.27487274409995,1
9589,Branch_10679,7007,7012,-460.8294930875576,1
9590,Branch_10680,7011,7012,9.02445627650934,1
9591,Branch_10681,7008,7733,47.48338081671415,1
9592,Branch_10682,7008,7733,47.66444232602478,1
9593,Branch_10685,6838,6868,111.11111111111111,1
9594,Branch_10687,9168,9486,114.15525114155251,1
9595,Branch_10688,11,1040,8.16259897151253,1
9596,Branch_10689,514,518,10.137875101378752,1
9597,Branch_10690,516,519,10.137875101378752,1
9598,Branch_10691,505,513,168.63406408094434,1
9599,Branch_10692,511,512,182.14936247723134,1
9600,Branch_10693,516,517,60.64281382656155,1
9601,Branch_10694,514,515,59.31198102016607,1
9602,Branch_10695,508,510,125.15644555694618,1
9603,Branch_10696,505,511,125.15644555694618,1
9604,Branch_10697,508,513,11.575413821044103,1
9605,Branch_10698,510,512,11.575413821044103,1
9606,Branch_10699,3870,3881,58.07200929152149,1
9607,Branch_10701,2669,8048,32.1853878339234,1
9608,Branch_10702,2669,8048,32.1853878339234,1
9609,Branch_10703,2439,2438,3.5855145213338115,1
9610,Branch_10704,8172,8505,52.35602094240838,1
9611,Branch_10705,920,1620,2000.0,1
9612,Branch_10706,9464,9789,14.26126640045636,1
9613,Branch_10707,8540,8541,41.18616144975288,1
9614,Branch_10708,9042,9810,4.493978069387022,1
9615,Branch_10709,9090,9810,5.846927439630474,1
9616,Branch_10710,9096,9810,11.143302874972141,1
9617,Branch_10712,8148,8164,4.85649069982031,1
9618,Branch_10713,8006,8988,43.10344827586207,1
9619,Branch_10714,2159,2160,49.6031746031746,1
9620,Branch_10715,2162,2160,-943.3962264150944,1
9621,Branch_10716,2161,2160,9.00657479960371,1
9622,Branch_10717,2159,2157,48.804294777940456,1
9623,Branch_10718,2163,2157,-934.5794392523364,1
9624,Branch_10719,2158,2157,9.0049527239982,1
9625,Branch_10720,2156,2162,95.23809523809524,1
9626,Branch_10721,2156,2163,95.23809523809524,1
9627,Branch_10722,3794,3802,77.7000777000777,1
9628,Branch_10723,3802,4132,67.11409395973155,1
9629,Branch_10724,3801,3802,15.080681646810437,1
9630,Branch_10725,5100,6431,59.630292188431724,1
9631,Branch_10726,8164,8956,2.7777777777777777,1
9632,Branch_10727,8164,8390,222.71714922048997,1
9633,Branch_10728,4943,5100,395.25691699604744,1
9634,Branch_10729,1331,3752,46.10419548178884,1
9635,Branch_10730,6918,7920,290.69767441860466,1
9636,Branch_10731,6918,7920,290.69767441860466,1
9637,Branch_10732,3752,4040,228.31050228310502,1
9638,Branch_10733,3752,4040,227.79043280182233,1
9639,Branch_10734,980,3752,39.01677721420211,1
9640,Branch_10735,980,3752,39.01677721420211,1
9641,Branch_10736,8004,8051,9.683354313934347,1
9642,Branch_10737,8051,8432,625.0,1
9643,Branch_10738,3722,3721,2.1108179419525066,1
9644,Branch_10739,3722,3790,20.48760499897562,1
9645,Branch_10740,3722,4171,53.61930294906166,1
9646,Branch_10741,3145,3403,31.79650238473768,1
9647,Branch_10742,2960,3403,18.726591760299627,1
9648,Branch_10743,9200,9785,21.01723413198823,1
9649,Branch_10744,9200,9260,416.6666666666667,1
9650,Branch_10745,2960,2962,10.111223458038422,1
9651,Branch_10746,776,1640,40.53506282934739,1
9652,Branch_10747,8328,8986,5.3276505061267985,1
9653,Branch_10748,9423,9424,7.733952049497293,1
9654,Branch_10749,4512,4513,381.6793893129771,1
9655,Branch_10750,1370,1418,212.7659574468085,1
9656,Branch_10751,7731,7732,2000.0,1
9657,Branch_10752,7733,7731,45.00450045004501,1
9658,Branch_10753,7733,7731,45.08566275924256,1
9659,Branch_10754,1826,8364,30.50640634533252,1
9660,Branch_10755,3247,3250,63.85696040868455,1
9661,Branch_10756,3773,4141,257.0694087403599,1
9662,Branch_10757,3003,3004,9.858044164037855,1
9663,Branch_10758,3003,3004,9.858044164037855,1
9664,Branch_10759,2789,3004,72.09805335255948,1
9665,Branch_10760,8952,8953,2000.0,1
9666,Branch_10761,8951,8952,2000.0,1
9667,Branch_10762,8951,8954,2000.0,1
9668,Branch_10763,3824,4170,180.50541516245488,1
9669,Branch_10764,4141,4170,1818.1818181818182,1
9670,Branch_10765,501,502,115.47344110854503,1
9671,Branch_10766,405,502,218.34061135371178,1
9672,Branch_10767,9393,9405,195.3125,1
9673,Branch_10768,9393,9408,91.32420091324201,1
9674,Branch_10769,2774,2930,10.922992900054615,1
9675,Branch_10770,8794,8795,10.195758564437194,1
9676,Branch_10771,8794,8796,10.646225912913872,1
9677,Branch_10772,8790,8794,2000.0,1
9678,Branch_10773,2773,3217,31.17206982543641,1
9679,Branch_10775,5644,5871,333.3333333333333,1
9680,Branch_10776,4443,5870,826.4462809917355,1
9681,Branch_10777,9405,9403,6.9046468273147825,1
9682,Branch_10778,9405,9404,6.903693476009665,1
9683,Branch_10779,9408,9406,10.29230135858378,1
9684,Branch_10780,9408,9407,10.301844030081385,1
9685,Branch_10781,5644,5646,6.666222251849876,1
9686,Branch_10782,5644,5645,6.666222251849876,1
9687,Branch_10783,3520,3521,4.245743641998896,1
9688,Branch_10784,3520,3522,4.254957024934048,1
9689,Branch_10785,3520,3523,3.01504507492387,1
9690,Branch_10786,4222,5390,61.05006105006105,1
9691,Branch_10787,9074,9723,17.488632388947185,1
9692,Branch_10788,4222,5679,261.78010471204186,1
9693,Branch_10789,9074,9780,87.03220191470844,1
9694,Branch_10790,7508,7509,2000.0,1
9695,Branch_10791,7308,7309,2000.0,1
9696,Branch_10792,5769,5771,2000.0,1
9697,Branch_10793,5443,5446,2000.0,1
9698,Branch_10794,5444,5445,2000.0,1
9699,Branch_10795,4063,4064,2000.0,1
9700,Branch_10796,4063,4064,2000.0,1
9701,Branch_10797,4063,4064,1000.0,1
9702,Branch_10798,6908,6907,14.005602240896359,1
9703,Branch_10799,6631,6630,4.733727810650888,1
9704,Branch_10800,6632,6630,5.106469897359955,1
9705,Branch_10801,9096,9095,6.053635207942369,1
9706,Branch_10802,6292,6630,67.98096532970769,1
9707,Branch_10803,4195,6630,48.1000481000481,1
9708,Branch_10804,5988,6631,40.83299305839118,1
9709,Branch_10805,5991,6631,7.496251874062969,1
9710,Branch_10806,5030,5582,68.96551724137932,1
9711,Branch_10808,8309,8350,46.10419548178884,1
9712,Branch_10809,6015,6019,38.095238095238095,1
9713,Branch_10810,6016,6017,38.095238095238095,1
9714,Branch_10811,435,1370,181.48820326678765,1
9715,Branch_10812,791,1370,54.7645125958379,1
9716,Branch_10813,613,830,146.84287812041117,1
9717,Branch_10814,5555,5556,95.23809523809524,1
9718,Branch_10815,5554,5557,95.23809523809524,1
9719,Branch_10816,7670,7669,12.871669455528382,1
9720,Branch_10817,7672,7671,13.403029084573113,1
9721,Branch_10818,7670,7672,359.71223021582733,1
9722,Branch_10819,7192,7193,38.446751249519416,1
9723,Branch_10820,9351,9354,265.9574468085106,1
9724,Branch_10821,5850,5851,56.657223796033996,1
9725,Branch_10822,4083,4086,39.51007506914263,1
9726,Branch_10823,4084,4086,346.02076124567475,1
9727,Branch_10824,4085,4086,6.797634423220719,1
9728,Branch_10825,9354,9352,8.372404554588078,1
9729,Branch_10826,9354,9353,8.428860418071476,1
9730,Branch_10827,9351,9350,10.860121633362294,1
9731,Branch_10828,3873,3874,12.00192030724916,1
9732,Branch_10829,3873,3875,12.607160867372668,1
9733,Branch_10830,7435,7438,41.61464835622139,1
9734,Branch_10831,8039,8037,7.975753708725475,1
9735,Branch_10832,8039,8038,7.975753708725475,1
9736,Branch_10833,8039,8969,2000.0,1
9737,Branch_10834,7436,7435,6.324710644488015,1
9738,Branch_10835,955,8818,25.31004808909137,1
9739,Branch_10836,3355,3402,36.52300949598247,1
9740,Branch_10837,3402,3469,5.849663644340451,1
9741,Branch_10839,5423,5424,3.538069629210303,1
9742,Branch_10840,5423,5427,4.888541259288228,1
9743,Branch_10841,8673,8679,219.2982456140351,1
9744,Branch_10842,8679,8678,11.588828369451848,1
9745,Branch_10843,5480,5479,5.824111822947001,1
9746,Branch_10844,8506,8542,259.0673575129534,1
9747,Branch_10845,8511,8510,5.049229992426155,1
9748,Branch_10846,8514,8517,39.920159680638726,1
9749,Branch_10847,8514,8518,41.00041000410004,1
9750,Branch_10848,8513,8517,-354.6099290780142,1
9751,Branch_10849,8512,8518,-467.2897196261682,1
9752,Branch_10850,8515,8517,6.684491978609626,1
9753,Branch_10851,8516,8518,6.744452687664396,1
9754,Branch_10852,8510,8775,35.6887937187723,1
9755,Branch_10853,8510,8513,2000.0,1
9756,Branch_10854,8510,8512,2000.0,1
9757,Branch_10855,4284,6072,2.0,1
9758,Branch_10856,5326,5423,588.2352941176471,1
9759,Branch_10857,4186,5423,11.899095668729176,1
9760,Branch_10858,5423,6576,7.859163784973279,1
9761,Branch_10859,464,466,2000.0,1
9762,Branch_10860,465,467,2000.0,1
9763,Branch_10861,465,928,30.778701138811943,1
9764,Branch_10862,466,1432,46.707146193367585,1
9765,Branch_10863,4240,6562,8.363301831563101,1
9766,Branch_10864,6372,6573,13.424620754463687,1
9767,Branch_10865,9201,9260,21.01723413198823,1
9768,Branch_10866,4851,4852,15.290519877675841,1
9769,Branch_10867,8469,8672,943.3962264150944,1
9770,Branch_10868,172,1333,30.73140749846343,1
9771,Branch_10869,2727,2994,6.941552131056504,1
9772,Branch_10870,2727,3223,4.1426736815941005,1
9773,Branch_10871,5567,5727,2000.0,1
9774,Branch_10872,9458,9461,9.379103357719002,1
9775,Branch_10873,9459,9461,13.65001365001365,1
9776,Branch_10874,9462,9461,11.037527593818984,1
9777,Branch_10875,955,2669,14.757969303423849,1
9778,Branch_10876,955,2669,14.757969303423849,1
9779,Branch_10877,381,814,52.00208008320333,1
9780,Branch_10878,814,1634,40.899795501022496,1
9781,Branch_10879,918,955,29.09514111143439,1
9782,Branch_10880,6058,6519,41.01722723543888,1
9783,Branch_10881,955,954,79.55449482895784,1
9784,Branch_10882,955,954,79.30214115781126,1
9785,Branch_10883,955,953,78.49293563579278,1
9786,Branch_10884,955,953,78.92659826361484,1
9787,Branch_10885,4529,4528,9.586808551433228,1
9788,Branch_10886,8441,8442,7.697636825494573,1
9789,Branch_10887,2103,2102,14.575134819997086,1
9790,Branch_10888,711,1490,9.337068160597573,1
9791,Branch_10891,4292,6509,85.17887563884156,1
9792,Branch_10892,3287,3288,12.345679012345679,1
9793,Branch_10893,719,938,71.58196134574088,1
9794,Branch_10894,938,1306,17.885888034340905,1
9795,Branch_10895,938,1305,17.873100983020553,1
9796,Branch_10896,8091,8908,86.4304235090752,1
9797,Branch_10897,1597,1600,169.4915254237288,1
9798,Branch_10898,1598,1599,99.30486593843098,1
9799,Branch_10899,3807,3808,2000.0,1
9800,Branch_10900,8279,8522,60.790273556231,1
9801,Branch_10901,3809,4112,2000.0,1
9802,Branch_10902,2865,3617,2000.0,1
9803,Branch_10903,3358,3524,1315.7894736842106,1
9804,Branch_10904,3358,3426,27.540622418066647,1
9805,Branch_10905,6724,6725,15.792798483891346,1
9806,Branch_10906,6724,6726,8.843296781039971,1
9807,Branch_10907,3358,3408,86.05851979345955,1
9808,Branch_10908,3404,3405,41.23711340206186,1
9809,Branch_10909,3405,3407,16.633399866932802,1
9810,Branch_10910,3616,3617,14.427932477276006,1
9811,Branch_10911,3715,4037,5.128205128205129,1
9812,Branch_10912,1844,6567,3.8327392587482274,1
9813,Branch_10913,1844,2531,3.424188467333242,1
9814,Branch_10914,1844,2376,8.791981712678037,1
9815,Branch_10915,9160,9745,2000.0,1
9816,Branch_10916,9722,9745,8.733624454148472,1
9817,Branch_10917,9745,9817,8.481044864727334,1
9818,Branch_10918,7438,7439,8.960573476702509,1
9819,Branch_10919,2986,2987,13.605442176870747,1
9820,Branch_10920,2984,2985,10.54407423028258,1
9821,Branch_10921,2928,2925,10.454783063251437,1
9822,Branch_10922,2926,2927,9.851246182642104,1
9823,Branch_10923,3260,3261,8.39630562552477,1
9824,Branch_10924,3260,3261,7.680491551459293,1
9825,Branch_10925,3584,3583,5.5432372505543235,1
9826,Branch_10926,2907,2908,7.0821529745042495,1
9827,Branch_10927,7228,7229,2000.0,1
9828,Branch_10928,7228,7227,10.358400662937642,1
9829,Branch_10929,7228,7935,2000.0,1
9830,Branch_10930,4517,4518,2000.0,1
9831,Branch_10931,4516,4518,2000.0,1
9832,Branch_10932,4342,4518,85.91065292096219,1
9833,Branch_10933,4417,4421,2000.0,1
9834,Branch_10934,4417,5589,61.72839506172839,1
9835,Branch_10935,4417,6354,17.761989342806395,1
9836,Branch_10936,7126,7127,7.767593599502874,1
9837,Branch_10937,2925,2927,26.99055330634278,1
9838,Branch_10945,5669,6327,34.447123665173955,1
9839,Branch_10946,6182,6184,1162.7906976744187,1
9840,Branch_10947,6182,6184,1162.7906976744187,1
9841,Branch_10948,8197,8321,13.550135501355014,1
9842,Branch_10949,8337,9017,20.77706212341575,1
9843,Branch_10950,9466,9467,7.334604664808567,1
9844,Branch_10951,9464,9466,2000.0,1
9845,Branch_10952,8523,8966,106.04453870625663,1
9846,Branch_10953,8728,8966,309.59752321981426,1
9847,Branch_10955,9008,9018,19.466614755693985,1
9848,Branch_10956,7093,7845,138.88888888888889,1
9849,Branch_10957,7093,7855,42.955326460481096,1
9850,Branch_10958,9617,9618,2000.0,1
9851,Branch_10959,9618,9626,552.4861878453039,1
9852,Branch_10960,9618,9629,395.25691699604744,1
9853,Branch_10961,7093,7209,980.3921568627451,1
9854,Branch_10962,2742,3599,636.9426751592357,1
9855,Branch_10963,2742,3599,636.9426751592357,1
9856,Branch_10964,2736,7653,60.132291040288635,1
9857,Branch_10965,7637,7653,125.47051442910916,1
9858,Branch_10966,2736,7637,40.65040650406504,1
9859,Branch_10968,7200,7637,48.61448711716091,1
9860,Branch_10969,7332,7639,36.83241252302026,1
9861,Branch_10970,7637,7651,24.108003857280618,1
9862,Branch_10971,2998,7651,50.42864346949067,1
9863,Branch_10972,7652,7889,386.1003861003861,1
9864,Branch_10973,7094,7637,2000.0,1
9865,Branch_10974,7200,7639,109.64912280701755,1
9866,Branch_10975,9316,9616,52.43838489774515,1
9867,Branch_10976,9316,9650,2000.0,1
9868,Branch_10977,2859,3599,1470.5882352941176,1
9869,Branch_10978,3599,9616,64.14368184733804,1
9870,Branch_10979,7651,7889,82.78145695364239,1
9871,Branch_10980,9316,9602,2000.0,1
9872,Branch_10981,3599,9616,64.14368184733804,1
9873,Branch_10982,9316,9616,52.43838489774515,1
9874,Branch_10983,9316,9675,2000.0,1
9875,Branch_10984,2489,2585,134.04825737265415,1
9876,Branch_10985,2220,2419,90.09009009009009,1
9877,Branch_10986,2220,2489,147.05882352941177,1
9878,Branch_10990,1807,2420,49.40711462450593,1
9879,Branch_10991,1809,2315,87.33624454148472,1
9880,Branch_10992,1807,2428,161.0305958132045,1
9881,Branch_10993,1809,2436,27.129679869777537,1
9882,Branch_10994,1809,1959,45.146726862302486,1
9883,Branch_10995,1801,1809,95.14747859181732,1
9884,Branch_10996,1807,2635,32.372936225315634,1
9885,Branch_10997,2096,2109,2000.0,1
9886,Branch_10998,2096,2110,2000.0,1
9887,Branch_10999,3716,3717,23.80952380952381,1
9888,Branch_11000,3715,3716,15.037593984962406,1
9889,Branch_11001,3646,3716,32.97065611605671,1
9890,Branch_11002,3715,3945,10.006003602161297,1
9891,Branch_11003,3715,3779,15.89825119236884,1
9892,Branch_11004,8134,8328,6.142506142506143,1
9893,Branch_11005,7759,7760,10.529640939243972,1
9894,Branch_11006,7759,7761,10.529640939243972,1
9895,Branch_11007,6941,7759,257.7319587628866,1
9896,Branch_11008,7649,7667,22.411474675033617,1
9897,Branch_11009,2956,3516,8.000640051204096,1
9898,Branch_11011,3753,4077,137.17421124828533,1
9899,Branch_11012,4018,4163,83.19467554076539,1
9900,Branch_11013,3817,4018,230.94688221709006,1
9901,Branch_11014,4023,4018,1.444627430585652,1
9902,Branch_11015,4022,4018,1.4308403325272934,1
9903,Branch_11016,4021,4018,1.4359769669294504,1
9904,Branch_11017,4019,4018,1.427429484983442,1
9905,Branch_11018,4019,4018,1.5013662432813861,1
9906,Branch_11019,4020,4018,1.768972227136034,1
9907,Branch_11020,4024,4018,1.7155601303825698,1
9908,Branch_11021,8788,8789,2000.0,1
9909,Branch_11022,8788,8790,2000.0,1
9910,Branch_11023,1029,1031,259.7402597402597,1
9911,Branch_11024,1030,1032,384.61538461538464,1
9912,Branch_11025,3897,3895,8.514986376021799,1
9913,Branch_11026,3897,3896,8.473858147614608,1
9914,Branch_11027,1109,1107,11.50483202945237,1
9915,Branch_11028,1109,1108,10.486577181208053,1
9916,Branch_11029,3937,4131,2000.0,1
9917,Branch_11030,3639,4131,2000.0,1
9918,Branch_11031,7872,7873,8.430992327796982,1
9919,Branch_11032,7872,7874,8.429570934839417,1
9920,Branch_11033,6903,7872,39.29273084479372,1
9921,Branch_11034,7088,7087,8.3236224404861,1
9922,Branch_11035,7088,7089,8.3236224404861,1
9923,Branch_11036,6903,7088,32.62642740619902,1
9924,Branch_11037,1836,1834,6.013229104028864,1
9925,Branch_11038,7185,7186,12.50312578144536,1
9926,Branch_11039,7185,7549,2000.0,1
9927,Branch_11040,1332,1334,-366.3003663003663,1
9928,Branch_11041,1331,1334,56.59309564233163,1
9929,Branch_11042,1337,1334,9.476876421531463,1
9930,Branch_11043,1332,1335,-335.5704697986577,1
9931,Branch_11044,1331,1335,55.80357142857143,1
9932,Branch_11045,1336,1335,9.383503800319039,1
9933,Branch_11046,1332,1333,2000.0,1
9934,Branch_11047,9450,9452,5.818012566907145,1
9935,Branch_11048,9449,9452,-558.659217877095,1
9936,Branch_11049,9451,9452,1.945449593401035,1
9937,Branch_11050,746,748,7.899518129394107,1
9938,Branch_11051,747,746,4.066363044892648,1
9939,Branch_11052,747,746,4.162504162504162,1
9940,Branch_11053,3722,3781,43.38394793926247,1
9941,Branch_11056,2072,2074,45.187528242205154,1
9942,Branch_11057,2071,2074,-467.2897196261682,1
9943,Branch_11058,2073,2074,7.662248103593594,1
9944,Branch_11059,2076,2075,44.50378282153983,1
9945,Branch_11060,2071,2075,-323.62459546925567,1
9946,Branch_11061,2077,2075,9.004141905276427,1
9947,Branch_11062,3759,4091,500.0,1
9948,Branch_11063,6850,7650,2000.0,1
9949,Branch_11064,6850,7650,2000.0,1
9950,Branch_11065,7649,7650,41.16920543433512,1
9951,Branch_11066,6851,7649,574.7126436781609,1
9952,Branch_11067,2809,3539,245.7002457002457,1
9953,Branch_11068,2809,3582,225.73363431151242,1
9954,Branch_11069,5376,5377,14.41545336600836,1
9955,Branch_11070,5376,5378,8.781173164734808,1
9956,Branch_11071,5368,5376,39.69829297340215,1
9957,Branch_11072,5368,5376,48.355899419729205,1
9958,Branch_11073,5376,6448,25.056376847907792,1
9959,Branch_11074,8645,8646,483.09178743961354,1
9960,Branch_11075,4271,5895,18.298261665141812,1
9961,Branch_11076,5418,5895,56.91519635742743,1
9962,Branch_11078,9305,9310,20.69108214359611,1
9963,Branch_11080,7922,7925,45.187528242205154,1
9964,Branch_11081,7921,7925,-467.2897196261682,1
9965,Branch_11082,7924,7925,7.662248103593594,1
9966,Branch_11083,7922,7926,46.2962962962963,1
9967,Branch_11084,7921,7926,-458.7155963302752,1
9968,Branch_11085,7923,7926,8.933357155619081,1
9969,Branch_11086,3786,4014,2000.0,1
9970,Branch_11087,3705,4175,2000.0,1
9971,Branch_11088,3712,4174,2000.0,1
9972,Branch_11089,1667,1669,2000.0,1
9973,Branch_11090,1668,1670,2000.0,1
9974,Branch_11091,4126,4128,42.24757076468103,1
9975,Branch_11092,4126,4125,42.24757076468103,1
9976,Branch_11093,4126,4127,42.24757076468103,1
9977,Branch_11094,4126,4129,75.7002271006813,1
9978,Branch_11096,1140,1141,11.668611435239207,1
9979,Branch_11097,8156,8158,11.560693641618498,1
9980,Branch_11098,8156,8157,11.55802126675913,1
9981,Branch_11099,8135,8156,2000.0,1
9982,Branch_11100,4329,9287,588.2352941176471,1
9983,Branch_11101,2325,2326,2000.0,1
9984,Branch_11102,8668,8993,2000.0,1
9985,Branch_11103,8993,8994,13.468013468013469,1
9986,Branch_11104,5651,6464,14.6756677428823,1
9987,Branch_11105,4274,4477,65.57377049180327,1
9988,Branch_11106,4274,6011,128.2051282051282,1
9989,Branch_11107,860,893,324.6753246753247,1
9990,Branch_11108,871,876,1333.3333333333333,1
9991,Branch_11109,876,877,1492.5373134328358,1
9992,Branch_11110,854,859,2000.0,1
9993,Branch_11111,878,888,2000.0,1
9994,Branch_11112,876,888,2000.0,1
9995,Branch_11113,867,883,2000.0,1
9996,Branch_11114,865,883,2000.0,1
9997,Branch_11115,867,1641,60.132291040288635,1
9998,Branch_11116,876,1087,70.2247191011236,1
9999,Branch_11117,854,980,131.06159895150722,1
10000,Branch_11118,854,980,131.06159895150722,1
10001,Branch_11119,854,890,55.0357732526142,1
10002,Branch_11120,867,890,-427.35042735042737,1
10003,Branch_11121,863,890,9.869719699960521,1
10004,Branch_11122,886,891,-67.38544474393531,1
10005,Branch_11123,867,891,7.540909433677702,1
10006,Branch_11124,893,891,1.928491533922166,1
10007,Branch_11125,854,892,58.0046403712297,1
10008,Branch_11126,876,892,-336.7003367003367,1
10009,Branch_11127,889,892,10.466820180029307,1
10010,Branch_11128,871,887,10.22390348635109,1
10011,Branch_11129,877,885,10.282776349614396,1
10012,Branch_11130,871,855,-27.647221454243848,1
10013,Branch_11131,869,855,4.63907960660605,1
10014,Branch_11132,880,855,4.733279689496852,1
10015,Branch_11133,872,862,4.814636494944632,1
10016,Branch_11134,884,862,4.8954814706026335,1
10017,Branch_11135,871,862,-28.433323855558715,1
10018,Branch_11136,877,856,-28.441410693970422,1
10019,Branch_11137,882,856,4.569548528605374,1
10020,Branch_11138,866,856,4.710981297404249,1
10021,Branch_11139,877,853,82.44023083264634,1
10022,Branch_11140,873,853,5.9680114585820006,1
10023,Branch_11141,879,853,5.9680114585820006,1
10024,Branch_11142,859,858,40.06410256410256,1
10025,Branch_11143,875,858,5.681495369581274,1
10026,Branch_11144,868,858,5.631899076368551,1
10027,Branch_11145,859,861,44.150110375275936,1
10028,Branch_11146,881,861,5.636343140570398,1
10029,Branch_11147,870,861,5.5735146583435515,1
10030,Branch_11148,859,857,40.43671653861706,1
10031,Branch_11149,864,857,5.674080798910577,1
10032,Branch_11150,874,857,5.624613307835086,1
10033,Branch_11151,325,800,80.77544426494346,1
10034,Branch_11152,9291,9294,91.91176470588235,1
10035,Branch_11153,642,644,92.67840593141798,1
10036,Branch_11154,642,643,90.57971014492753,1
10037,Branch_11155,645,653,127.06480304955528,1
10038,Branch_11156,645,652,127.06480304955528,1
10039,Branch_11157,639,645,1562.5,1
10040,Branch_11158,639,645,2000.0,1
10041,Branch_11159,719,720,2000.0,1
10042,Branch_11160,8115,8564,12.108003390240949,1
10043,Branch_11161,2109,2111,19.27153594141453,1
10044,Branch_11162,2106,2111,10.52520787285549,1
10045,Branch_11163,2105,2111,10.619093129446744,1
10046,Branch_11164,2110,2112,19.27153594141453,1
10047,Branch_11165,2108,2112,10.52520787285549,1
10048,Branch_11166,2107,2112,10.619093129446744,1
10049,Branch_11168,7852,7853,8.987956138774043,1
10050,Branch_11169,7852,7854,8.922198429693076,1
10051,Branch_11170,7110,7852,57.43825387708214,1
10052,Branch_11171,2903,2904,10.513036164844408,1
10053,Branch_11172,2903,2905,10.513036164844408,1
10054,Branch_11173,9347,9351,53.99568034557235,1
10055,Branch_11174,4298,6059,2000.0,1
10056,Branch_11175,1623,1734,193.7984496124031,1
10057,Branch_11176,8877,8879,2000.0,1
10058,Branch_11177,7601,7602,64.14368184733804,1
10059,Branch_11178,5609,5611,46.04051565377532,1
10060,Branch_11179,5610,5611,-438.5964912280702,1
10061,Branch_11180,5612,5611,9.013881377321075,1
10062,Branch_11181,5609,5613,46.27487274409995,1
10063,Branch_11182,5610,5613,-460.8294930875576,1
10064,Branch_11183,5614,5613,9.013881377321075,1
10065,Branch_11185,6527,6531,46.2962962962963,1
10066,Branch_11186,6530,6531,-458.7155963302752,1
10067,Branch_11187,6533,6531,8.951750067138125,1
10068,Branch_11188,6525,6530,95.23809523809524,1
10069,Branch_11189,1420,1422,2000.0,1
10070,Branch_11190,1421,1423,2000.0,1
10071,Branch_11191,926,1420,120.48192771084338,1
10072,Branch_11192,926,1421,119.76047904191617,1
10073,Branch_11193,1181,1179,8.606592649969876,1
10074,Branch_11194,1181,1180,8.606592649969876,1
10075,Branch_11195,3948,3949,15.581177937052042,1
10076,Branch_11196,3948,3950,15.790304752881731,1
10077,Branch_11197,9755,9753,9.149967975112087,1
10078,Branch_11198,9755,9754,9.067005168192946,1
10079,Branch_11199,9755,9752,9.094216078574027,1
10080,Branch_11200,4742,4740,9.487666034155598,1
10081,Branch_11201,4742,4741,9.428625306430323,1
10082,Branch_11202,6775,6776,7.81983109164842,1
10083,Branch_11203,4691,6124,72.09805335255948,1
10084,Branch_11204,104,103,4.738887309259786,1
10085,Branch_11205,104,113,4.738887309259786,1
10086,Branch_11206,104,105,4.738887309259786,1
10087,Branch_11207,104,106,4.738887309259786,1
10088,Branch_11208,104,107,4.738887309259786,1
10089,Branch_11209,104,108,4.738887309259786,1
10090,Branch_11210,104,109,4.738887309259786,1
10091,Branch_11211,104,110,4.738887309259786,1
10092,Branch_11212,104,111,4.738887309259786,1
10093,Branch_11213,104,112,4.738887309259786,1
10094,Branch_11214,8571,8570,17.31301939058172,1
10095,Branch_11215,8160,8571,5.396654074473826,1
10096,Branch_11216,8130,8571,324.6753246753247,1
10097,Branch_11217,8401,8684,65.359477124183,1
10098,Branch_11218,8684,8685,15.441630636195182,1
10099,Branch_11219,8684,8686,15.441630636195182,1
10100,Branch_11220,1147,1622,2000.0,1
10101,Branch_11221,1147,1146,3.863987635239567,1
10102,Branch_11222,256,257,2000.0,1
10103,Branch_11223,258,259,2000.0,1
10104,Branch_11224,257,1674,116.68611435239207,1
10105,Branch_11225,259,1674,116.68611435239207,1
10106,Branch_11226,3774,4144,56.433408577878104,1
10107,Branch_11227,7210,7213,47.68717215069147,1
10108,Branch_11228,7211,7212,47.68717215069147,1
10109,Branch_11229,7214,7213,17.33102253032929,1
10110,Branch_11230,7214,7212,17.23246596587972,1
10111,Branch_11231,2991,3544,12.067093037287318,1
10112,Branch_11232,190,191,13.145786775338504,1
10113,Branch_11233,190,384,51.733057423693744,1
10114,Branch_11234,3154,3155,5.05050505050505,1
10115,Branch_11235,3154,3156,5.067653169817057,1
10116,Branch_11236,3154,3157,5.033472592741733,1
10117,Branch_11237,8841,8943,62.11180124223603,1
10118,Branch_11238,22,1493,82.3045267489712,1
10119,Branch_11239,11,22,104.9317943336831,1
10120,Branch_11240,9132,9760,7.378440197742197,1
10121,Branch_11241,3593,3619,35.12469265893923,1
10122,Branch_11242,5240,5696,64.93506493506493,1
10123,Branch_11243,4329,4330,8.962982880702699,1
10124,Branch_11244,4329,4331,8.962982880702699,1
10125,Branch_11245,3720,3795,18.5459940652819,1
10126,Branch_11246,5064,5067,383.1417624521073,1
10127,Branch_11247,5065,5066,383.1417624521073,1
10128,Branch_11248,4414,6164,2000.0,1
10129,Branch_11249,4015,4016,5.558643690939411,1
10130,Branch_11250,9078,9293,81.23476848090984,1
10131,Branch_11251,9293,9719,3.772873042822109,1
10132,Branch_11252,3997,3992,46.44681839294008,1
10133,Branch_11253,3993,3992,21.312872975277067,1
10134,Branch_11254,3994,3992,87.33624454148472,1
10135,Branch_11255,3996,4000,46.59832246039143,1
10136,Branch_11256,3993,4000,-476.1904761904762,1
10137,Branch_11257,3999,4000,8.975854950184004,1
10138,Branch_11258,8717,8751,228.31050228310502,1
10139,Branch_11259,8751,8749,8.599191675982457,1
10140,Branch_11260,8751,8750,9.120758847136083,1
10141,Branch_11261,9595,9597,8.336112037345782,1
10142,Branch_11262,9595,9596,14.084507042253522,1
10143,Branch_11263,9484,9595,2000.0,1
10144,Branch_11264,6648,6647,19.876764062810576,1
10145,Branch_11265,6647,6648,18.751171948246764,1
10146,Branch_11269,6634,6697,127.8772378516624,1
10147,Branch_11271,2992,2993,11.266336187471834,1
10148,Branch_11273,5342,5674,19.249278152069298,1
10149,Branch_11274,5342,6451,87.7963125548727,1
10150,Branch_11275,9312,9335,62.30529595015577,1
10151,Branch_11276,9312,9336,62.5,1
10152,Branch_11277,9314,9315,2.375014843842774,1
10153,Branch_11278,9313,9315,-826.4462809917355,1
10154,Branch_11279,9312,9315,22.246941045606228,1
10155,Branch_11280,9312,9393,65.96306068601584,1
10156,Branch_11281,9312,9393,66.05019815059445,1
10157,Branch_11282,8846,8876,2000.0,1
10158,Branch_11283,8876,8874,9.903931860948797,1
10159,Branch_11284,8876,8875,9.963136395337251,1
10160,Branch_11285,7233,7234,269.54177897574124,1
10161,Branch_11286,6872,7709,2000.0,1
10162,Branch_11288,9061,9364,78.18608287724786,1
10163,Branch_11289,6718,6719,17.857142857142858,1
10164,Branch_11290,4503,6718,2000.0,1
10165,Branch_11291,8378,8964,12.823800974608874,1
10166,Branch_11292,8199,8378,5.437146585471944,1
10167,Branch_11293,405,406,103.84215991692628,1
10168,Branch_11294,386,779,52.79831045406547,1
10169,Branch_11295,2709,2710,56.49717514124294,1
10170,Branch_11296,2712,2710,-609.7560975609756,1
10171,Branch_11297,2711,2710,6.6970265202250205,1
10172,Branch_11298,2709,2713,56.59309564233163,1
10173,Branch_11299,2712,2713,-598.8023952095808,1
10174,Branch_11300,2714,2713,6.68493883280968,1
10175,Branch_11301,6983,7988,274.72527472527474,1
10176,Branch_11302,6983,7988,274.72527472527474,1
10177,Branch_11304,905,1548,18.832391713747647,1
10178,Branch_11305,905,1711,106.38297872340425,1
10179,Branch_11306,271,272,17.167381974248926,1
10180,Branch_11307,1482,1484,16.307893020221787,1
10181,Branch_11308,1482,1486,16.307893020221787,1
10182,Branch_11309,1482,1485,16.307893020221787,1
10183,Branch_11310,1482,1483,18.11922449719152,1
10184,Branch_11311,1361,1482,2000.0,1
10185,Branch_11312,9135,9190,90.41591320072332,1
10186,Branch_11313,4062,4065,45.578851412944395,1
10187,Branch_11314,4063,4065,-400.0,1
10188,Branch_11315,4066,4065,8.92379082634303,1
10189,Branch_11316,9440,9439,8.810572687224669,1
10190,Branch_11317,9428,9440,45.22840343735866,1
10191,Branch_11318,4027,4026,12.007684918347742,1
10192,Branch_11319,9687,9688,6.434592368573451,1
10193,Branch_11320,9450,9688,2000.0,1
10194,Branch_11323,2316,2428,170.94017094017093,1
10195,Branch_11324,2176,2605,259.7402597402597,1
10196,Branch_11325,1960,2605,65.01950585175553,1
10197,Branch_11327,1956,2507,30.61849357011635,1
10198,Branch_11329,1995,2060,229.88505747126436,1
10199,Branch_11330,414,415,4.60426354804549,1
10200,Branch_11331,1376,1378,253.80710659898477,1
10201,Branch_11332,1567,1568,2000.0,1
10202,Branch_11333,1569,1570,2000.0,1
10203,Branch_11334,1566,1568,2000.0,1
10204,Branch_11335,1566,1569,2000.0,1
10205,Branch_11336,4446,4447,29.061319383900027,1
10206,Branch_11337,2953,2952,9.480470231323473,1
10207,Branch_11338,2952,8324,11.52073732718894,1
10208,Branch_11339,3053,3210,7.002801120448179,1
10209,Branch_11340,3107,3137,24.05002405002405,1
10210,Branch_11341,3107,3210,9.416195856873824,1
10211,Branch_11342,311,312,2000.0,1
10212,Branch_11343,310,313,2000.0,1
10213,Branch_11344,1592,1594,2000.0,1
10214,Branch_11345,1593,1595,2000.0,1
10215,Branch_11346,1959,2436,68.02721088435374,1
10216,Branch_11347,2009,2651,99.60159362549801,1
10217,Branch_11348,1825,1930,30.959752321981423,1
10218,Branch_11349,1825,1994,204.08163265306123,1
10219,Branch_11351,8077,8683,158.9825119236884,1
10220,Branch_11352,8973,8971,5.356186395286556,1
10221,Branch_11353,8972,8971,5.356186395286556,1
10222,Branch_11354,8302,8301,3.3478406427854033,1
10223,Branch_11355,8300,8301,20.798668885191347,1
10224,Branch_11356,8299,8301,-154.5595054095827,1
10225,Branch_11357,8299,8971,296.7359050445104,1
10226,Branch_11358,8221,8429,56.2429696287964,1
10227,Branch_11359,554,555,12.189176011701608,1
10228,Branch_11360,545,1034,26.695141484249866,1
10229,Branch_11361,8032,8031,3.34817691766833,1
10230,Branch_11362,8032,8740,1408.4507042253522,1
10231,Branch_11363,555,1013,8.629616845012082,1
10232,Branch_11364,555,1034,2000.0,1
10233,Branch_11365,51,801,746.2686567164179,1
10234,Branch_11366,366,554,1428.5714285714287,1
10235,Branch_11367,981,1055,101.9367991845056,1
10236,Branch_11368,981,1056,100.30090270812437,1
10237,Branch_11369,6827,6828,33.211557622052474,1
10238,Branch_11370,6827,6828,41.16920543433512,1
10239,Branch_11371,6828,7637,172.1170395869191,1
10240,Branch_11372,8757,8755,7.422802850356295,1
10241,Branch_11373,8757,8756,7.422802850356295,1
10242,Branch_11374,8758,8757,33.333333333333336,1
10243,Branch_11375,8753,8758,57.17552887364208,1
10244,Branch_11376,5616,5623,11.827321111768185,1
10245,Branch_11377,5620,5623,-113.76564277588169,1
10246,Branch_11378,5624,5623,5.889628364450203,1
10247,Branch_11379,5615,5626,10.703200256876807,1
10248,Branch_11380,5619,5626,-75.58578987150416,1
10249,Branch_11381,5625,5626,8.31739166597355,1
10250,Branch_11382,5616,5617,46.51162790697674,1
10251,Branch_11383,5622,5617,-485.43689320388347,1
10252,Branch_11384,5618,5617,8.959770629871874,1
10253,Branch_11385,9491,9489,9.668374746205163,1
10254,Branch_11386,9491,9490,9.668374746205163,1
10255,Branch_11388,9732,9733,8.160600620205647,1
10256,Branch_11389,9736,9737,13.468013468013469,1
10257,Branch_11390,9419,9421,2000.0,1
10258,Branch_11391,9421,9422,11.363636363636363,1
10259,Branch_11392,8775,9004,40.79967360261118,1
10260,Branch_11393,8552,8945,662.2516556291391,1
10261,Branch_11394,8553,8945,645.1612903225806,1
10262,Branch_11395,1343,1346,13.548299688389108,1
10263,Branch_11396,1343,1346,13.71553970648745,1
10264,Branch_11397,1347,1345,18.914318138831096,1
10265,Branch_11398,1348,1344,16.998130205677377,1
10266,Branch_11399,1343,1609,34.23485107839781,1
10267,Branch_11400,1343,1609,34.23485107839781,1
10268,Branch_11401,1346,1400,8.900756564307967,1
10269,Branch_11402,769,1343,16.215339711366955,1
10270,Branch_11403,1058,1059,4.784688995215311,1
10271,Branch_11404,1058,1060,4.784688995215311,1
10272,Branch_11405,1057,1058,2000.0,1
10273,Branch_11406,132,133,4.740235115661736,1
10274,Branch_11407,132,134,4.740235115661736,1
10275,Branch_11408,132,1058,2000.0,1
10276,Branch_11409,2789,3501,47.80114722753346,1
10277,Branch_11410,4508,5835,60.20469596628537,1
10278,Branch_11411,4533,4534,10.025062656641603,1
10279,Branch_11412,1193,1194,2.886752691896885,1
10280,Branch_11413,1192,1194,2.880101379568561,1
10281,Branch_11414,1192,1193,2000.0,1
10282,Branch_11415,9805,9807,46.27487274409995,1
10283,Branch_11416,9806,9807,-460.8294930875576,1
10284,Branch_11417,9808,9807,8.932559178204556,1
10285,Branch_11418,366,1359,4.5024763619991,1
10286,Branch_11419,554,801,67.02412868632707,1
10287,Branch_11420,360,605,32.010243277848915,1
10288,Branch_11421,360,660,33.333333333333336,1
10289,Branch_11422,3030,3396,34.04834865509023,1
10290,Branch_11423,3039,3396,35.12469265893923,1
10291,Branch_11424,4563,4560,12.204051745179399,1
10292,Branch_11425,4563,4562,11.203226529240421,1
10293,Branch_11426,4563,4561,12.204051745179399,1
10294,Branch_11427,4555,4563,438.5964912280702,1
10295,Branch_11428,4452,6028,25.4323499491353,1
10296,Branch_11429,1801,2419,102.6694045174538,1
10297,Branch_11430,9316,9425,151.5151515151515,1
10298,Branch_11431,9425,9426,10.26167265264238,1
10299,Branch_11432,9425,9427,10.24485196188915,1
10300,Branch_11433,4503,5122,561.7977528089888,1
10301,Branch_11434,4450,4503,1298.7012987012988,1
10302,Branch_11435,4942,6408,152.67175572519085,1
10303,Branch_11436,2129,2128,14.308198597796537,1
10304,Branch_11437,926,928,38.095238095238095,1
10305,Branch_11438,926,928,38.095238095238095,1
10306,Branch_11439,926,930,2000.0,1
10307,Branch_11440,926,931,2000.0,1
10308,Branch_11441,928,932,2000.0,1
10309,Branch_11442,927,928,2000.0,1
10310,Branch_11443,926,933,2000.0,1
10311,Branch_11444,918,921,2000.0,1
10312,Branch_11445,918,924,2000.0,1
10313,Branch_11446,920,923,2000.0,1
10314,Branch_11447,926,929,2000.0,1
10315,Branch_11448,155,918,161.55088852988692,1
10316,Branch_11449,920,1106,218.8183807439825,1
10317,Branch_11450,930,912,23.391812865497077,1
10318,Branch_11451,931,915,23.386342376052387,1
10319,Branch_11452,932,922,39.65107057890563,1
10320,Branch_11453,927,919,60.56935190793458,1
10321,Branch_11454,933,914,85.1063829787234,1
10322,Branch_11455,921,917,88.18342151675485,1
10323,Branch_11456,924,916,44.923629829290206,1
10324,Branch_11457,923,913,45.49590536851683,1
10325,Branch_11458,929,925,2.450980392156863,1
10326,Branch_11459,768,769,6.103515625,1
10327,Branch_11460,3660,3843,15.283509093687911,1
10328,Branch_11462,3660,3709,54.141851651326476,1
10329,Branch_11463,7764,7765,11.827321111768185,1
10330,Branch_11464,8108,8447,45.31037607612143,1
10331,Branch_11465,4899,4904,24.993751562109473,1
10332,Branch_11466,4902,4900,24.993751562109473,1
10333,Branch_11467,4903,4901,19.996000799840033,1
10334,Branch_11468,4899,5190,2000.0,1
10335,Branch_11469,4902,5190,2000.0,1
10336,Branch_11470,4903,5190,2000.0,1
10337,Branch_11479,8199,8343,4.127115146512588,1
10338,Branch_11480,5190,5519,2000.0,1
10339,Branch_11481,5190,5519,2000.0,1
10340,Branch_11483,4187,5879,57.70340450086555,1
10341,Branch_11484,1205,1206,1086.9565217391305,1
10342,Branch_11485,1207,1208,1041.6666666666667,1
10343,Branch_11489,1936,1937,2.632271650434325,1
10344,Branch_11490,1557,1558,2000.0,1
10345,Branch_11491,1559,1562,2000.0,1
10346,Branch_11492,1560,1561,2000.0,1
10347,Branch_11493,1556,1561,353.35689045936397,1
10348,Branch_11494,9816,9815,5.590027391134217,1
10349,Branch_11495,8357,8943,78.92659826361484,1
10350,Branch_11496,2195,2303,48.426150121065376,1
10351,Branch_11497,1968,2195,341.29692832764505,1
10352,Branch_11498,8940,8992,53.41880341880342,1
10353,Branch_11499,8416,8494,42.73504273504273,1
10354,Branch_11500,8110,8940,112.4859392575928,1
10355,Branch_11501,7292,7293,6.25,1
10356,Branch_11502,3298,3300,19.043991620643688,1
10357,Branch_11503,1742,1743,9.67305088024763,1
10358,Branch_11504,1742,1744,9.673986649898422,1
10359,Branch_11505,8221,8325,92.85051067780873,1
10360,Branch_11506,8221,8416,98.81422924901186,1
10361,Branch_11507,1371,1372,2000.0,1
10362,Branch_11508,1373,1374,2000.0,1
10363,Branch_11509,9041,9187,2000.0,1
10364,Branch_11510,9041,9188,2000.0,1
10365,Branch_11511,9187,9186,3.7815761609438816,1
10366,Branch_11512,9188,9189,3.7688915689895603,1
10367,Branch_11513,8811,8812,10.66894270777766,1
10368,Branch_11514,8398,8811,2000.0,1
10369,Branch_11515,5468,5679,42.46284501061571,1
10370,Branch_11516,1741,1740,9.004141905276427,1
10371,Branch_11517,8393,8578,7.311544929443591,1
10372,Branch_11518,8339,8393,13.30671989354624,1
10373,Branch_11519,4407,4403,27.277686852154936,1
10374,Branch_11520,4406,4404,27.700831024930746,1
10375,Branch_11521,4406,4405,39.635354736424894,1
10376,Branch_11522,5573,5574,-80.51529790660226,1
10377,Branch_11523,5572,5574,14.718869590815425,1
10378,Branch_11524,5570,5574,19.043991620643688,1
10379,Branch_11525,5569,5571,18.37897445322551,1
10380,Branch_11526,4406,6167,2000.0,1
10381,Branch_11527,4407,6167,2000.0,1
10382,Branch_11528,5573,6042,2000.0,1
10383,Branch_11529,5569,6042,2000.0,1
10384,Branch_11531,8063,8070,41.084634346754314,1
10385,Branch_11532,8061,8070,-454.54545454545456,1
10386,Branch_11533,8071,8070,6.72449734382355,1
10387,Branch_11534,8061,8073,9.469696969696969,1
10388,Branch_11535,8062,8073,-27.389756231169542,1
10389,Branch_11536,8072,8073,0.9746778689643073,1
10390,Branch_11543,8062,8100,17.33402669440111,1
10391,Branch_11544,5085,6523,10.507512871703268,1
10392,Branch_11545,9316,9393,62.46096189881324,1
10393,Branch_11547,2791,3511,2000.0,1
10394,Branch_11548,9045,9729,10.066438494060801,1
10395,Branch_11549,6436,6523,8.54627809588924,1
10396,Branch_11550,9107,9175,125.31328320802005,1
10397,Branch_11551,6918,7861,144.0922190201729,1
10398,Branch_11552,7861,7862,8.699434536755112,1
10399,Branch_11553,7861,7863,15.441630636195182,1
10400,Branch_11554,7861,7864,12.118274357731458,1
10401,Branch_11555,6266,9744,2000.0,1
10402,Branch_11556,5023,5021,12.470382840753212,1
10403,Branch_11557,5023,5021,12.470382840753212,1
10404,Branch_11558,5022,5025,77.51937984496124,1
10405,Branch_11559,5021,5025,65.359477124183,1
10406,Branch_11560,5026,5025,5.13083632632119,1
10407,Branch_11561,5022,5027,77.51937984496124,1
10408,Branch_11562,5021,5027,65.359477124183,1
10409,Branch_11563,5024,5027,5.13083632632119,1
10410,Branch_11564,9185,9195,2000.0,1
10411,Branch_11565,9811,9812,9.390553103577801,1
10412,Branch_11566,5023,5117,5.877858108505261,1
10413,Branch_11567,3571,3569,17.898693395382136,1
10414,Branch_11568,3571,3570,17.898693395382136,1
10415,Branch_11569,3526,3571,847.457627118644,1
10416,Branch_11570,6730,6731,14.413375612568464,1
10417,Branch_11571,7307,7306,7.012622720897616,1
10418,Branch_11572,4750,4749,8.594018563080096,1
10419,Branch_11573,6185,6186,24.224806201550386,1
10420,Branch_11574,4515,6185,234.192037470726,1
10421,Branch_11575,6411,6412,5.241090146750524,1
10422,Branch_11576,4518,4913,34.65003465003465,1
10423,Branch_11577,2010,2012,50.505050505050505,1
10424,Branch_11578,2011,2012,-326.797385620915,1
10425,Branch_11579,2013,2012,6.66000666000666,1
10426,Branch_11580,2010,2014,51.49330587023687,1
10427,Branch_11581,2011,2014,-344.82758620689657,1
10428,Branch_11582,2015,2014,6.607638430025109,1
10429,Branch_11583,9123,9773,2000.0,1
10430,Branch_11584,8682,8692,2000.0,1
10431,Branch_11585,7597,7598,5.767012687427912,1
10432,Branch_11586,7545,7544,14.30615164520744,1
10433,Branch_11587,7545,7544,8.435970980259828,1
10434,Branch_11588,4238,6435,90.17132551848512,1
10435,Branch_11589,4238,5919,33.9328130302002,1
10436,Branch_11590,2169,2171,6.802258349772124,1
10437,Branch_11591,2170,2168,6.802258349772124,1
10438,Branch_11592,2576,2578,4.597701149425287,1
10439,Branch_11593,2576,2577,2.0504408447816282,1
10440,Branch_11595,5540,6263,2000.0,1
10441,Branch_11596,4691,6120,78.67820613690007,1
10442,Branch_11597,9708,9811,59.701492537313435,1
10443,Branch_11598,6921,6922,46.08294930875576,1
10444,Branch_11599,6920,6922,-460.8294930875576,1
10445,Branch_11600,6924,6922,8.94854586129754,1
10446,Branch_11601,6921,6923,46.06172270842929,1
10447,Branch_11602,6920,6923,-462.962962962963,1
10448,Branch_11603,6925,6923,8.992805755395684,1
10449,Branch_11605,6107,6377,2000.0,1
10450,Branch_11606,4450,4448,36.062026685899745,1
10451,Branch_11607,4450,4449,36.062026685899745,1
10452,Branch_11608,3832,3872,2000.0,1
10453,Branch_11609,6001,6006,93.10986964618249,1
10454,Branch_11610,6002,6006,211.41649048625794,1
10455,Branch_11611,6007,6006,12.514078338130396,1
10456,Branch_11612,6001,6004,90.09009009009009,1
10457,Branch_11613,6000,6004,265.9574468085106,1
10458,Branch_11614,6005,6004,13.238019592268996,1
10459,Branch_11615,7356,7357,46.33920296570899,1
10460,Branch_11616,7355,7357,-454.54545454545456,1
10461,Branch_11617,7358,7357,8.94854586129754,1
10462,Branch_11618,3551,3552,12.035142616440005,1
10463,Branch_11619,274,275,109.64912280701755,1
10464,Branch_11620,4420,4451,2000.0,1
10465,Branch_11621,4420,4471,59.06674542232723,1
10466,Branch_11622,9358,9362,1190.4761904761904,1
10467,Branch_11623,9362,9363,5.29436679373147,1
10468,Branch_11624,6313,6314,5.555246930726071,1
10469,Branch_11625,4951,6313,5.974072525240456,1
10470,Branch_11626,5021,5899,28.49002849002849,1
10471,Branch_11629,7112,7113,2000.0,1
10472,Branch_11630,4522,5304,714.2857142857143,1
10473,Branch_11631,4443,5304,2000.0,1
10474,Branch_11632,7494,7493,7.089181908407769,1
10475,Branch_11633,7503,7504,5.668934240362812,1
10476,Branch_11634,9714,9781,8.869179600886918,1
10477,Branch_11635,1087,1088,2000.0,1
10478,Branch_11636,1089,1090,2000.0,1
10479,Branch_11639,1674,1679,-529.1005291005291,1
10480,Branch_11640,1673,1679,51.440329218106996,1
10481,Branch_11641,1681,1679,10.165700925078784,1
10482,Branch_11645,1672,1682,133.33333333333334,1
10483,Branch_11646,1673,1682,88.261253309797,1
10484,Branch_11647,1680,1682,9.885330170027679,1
10485,Branch_11648,1678,1683,-174.52006980802793,1
10486,Branch_11649,1672,1683,23.452157598499063,1
10487,Branch_11650,1684,1683,5.977286312014345,1
10488,Branch_11651,342,1672,58.07200929152149,1
10489,Branch_11653,5270,5855,45.662100456621005,1
10490,Branch_11654,5808,5855,155.52099533437013,1
10491,Branch_11655,277,289,2000.0,1
10492,Branch_11656,277,289,2000.0,1
10493,Branch_11657,8144,8469,60.09615384615385,1
10494,Branch_11658,8144,8350,41.98152812762385,1
10495,Branch_11659,2761,3551,408.16326530612247,1
10496,Branch_11660,1487,1488,5.430355688297584,1
10497,Branch_11661,829,1342,2000.0,1
10498,Branch_11662,8931,8986,5.561735261401557,1
10499,Branch_11663,8274,8986,30.211480362537763,1
10500,Branch_11664,5825,5824,10.554089709762533,1
10501,Branch_11665,5822,5824,-165.28925619834712,1
10502,Branch_11666,5826,5824,2.401998462720984,1
10503,Branch_11667,4495,6179,2000.0,1
10504,Branch_11668,4352,6602,34.27004797806717,1
10505,Branch_11669,4352,4913,261.78010471204186,1
10506,Branch_11670,4413,5748,114.94252873563218,1
10507,Branch_11671,4413,6689,111.98208286674132,1
10508,Branch_11672,5858,6679,94.9667616334283,1
10509,Branch_11673,6514,6513,6.231306081754735,1
10510,Branch_11674,6514,6570,27.3224043715847,1
10511,Branch_11675,5593,5591,45.97701149425287,1
10512,Branch_11676,5590,5591,-444.44444444444446,1
10513,Branch_11677,5592,5591,8.981498113885396,1
10514,Branch_11678,5593,5594,45.187528242205154,1
10515,Branch_11679,5590,5594,467.2897196261682,1
10516,Branch_11683,726,727,2000.0,1
10517,Branch_11684,725,728,2000.0,1
10518,Branch_11685,6048,6047,7.610350076103501,1
10519,Branch_11686,6046,6047,100.0,1
10520,Branch_11687,6050,6047,3.0712530712530715,1
10521,Branch_11688,7494,7773,37.105751391465674,1
10522,Branch_11689,7503,7773,23.266635644485806,1
10523,Branch_11690,573,728,166.9449081803005,1
10524,Branch_11691,5472,5827,2000.0,1
10525,Branch_11692,5118,6163,16.466326362588507,1
10526,Branch_11693,4355,6163,68.3526999316473,1
10527,Branch_11694,6163,6354,50.403225806451616,1
10528,Branch_11695,6163,6354,51.36106831022085,1
10529,Branch_11696,6163,6354,50.68423720223011,1
10530,Branch_11697,4378,5680,35.29827038475115,1
10531,Branch_11698,4285,4378,97.0873786407767,1
10532,Branch_11699,4378,5274,201.61290322580646,1
10533,Branch_11700,1184,1183,10.186411327289395,1
10534,Branch_11701,1433,1434,2000.0,1
10535,Branch_11702,5882,5878,30.959752321981423,1
10536,Branch_11703,5879,5878,-384.61538461538464,1
10537,Branch_11704,5881,5878,8.176614881439084,1
10538,Branch_11705,5882,5877,30.959752321981423,1
10539,Branch_11706,5879,5877,-384.61538461538464,1
10540,Branch_11707,5880,5877,10.81081081081081,1
10541,Branch_11708,7094,7093,56.21135469364812,1
10542,Branch_11709,6834,7637,193.05019305019306,1
10543,Branch_11710,7807,7806,10.498687664041995,1
10544,Branch_11711,2371,2533,53.05039787798408,1
10545,Branch_11712,1848,2427,51.3347022587269,1
10546,Branch_11713,1960,1962,2000.0,1
10547,Branch_11714,1960,2132,2000.0,1
10548,Branch_11715,2060,2444,1666.6666666666667,1
10549,Branch_11717,980,4040,39.666798889329634,1
10550,Branch_11719,1975,2629,147.92899408284023,1
10551,Branch_11720,4354,6431,15.126304643775526,1
10552,Branch_11721,4354,5899,120.91898428053204,1
10553,Branch_11722,2990,2989,10.612331529236974,1
10554,Branch_11723,2990,2989,10.574177857671566,1
10555,Branch_11724,2989,2991,2000.0,1
10556,Branch_11725,4623,4624,14.677821811243211,1
10557,Branch_11726,4623,4625,10.529640939243972,1
10558,Branch_11727,4623,4626,15.812776723592663,1
10559,Branch_11729,4623,6204,1960.7843137254902,1
10560,Branch_11730,6881,6883,10.702054794520548,1
10561,Branch_11731,6882,6883,-71.83908045977012,1
10562,Branch_11732,6884,6883,2.6010508245331114,1
10563,Branch_11739,475,1546,68.02721088435374,1
10564,Branch_11740,981,982,-248.75621890547265,1
10565,Branch_11741,980,982,54.614964500273075,1
10566,Branch_11742,983,982,10.619093129446744,1
10567,Branch_11743,981,984,-248.75621890547265,1
10568,Branch_11744,980,984,55.09641873278237,1
10569,Branch_11745,985,984,10.771219302024988,1
10570,Branch_11746,981,986,-243.90243902439025,1
10571,Branch_11747,980,986,54.31830526887561,1
10572,Branch_11748,987,986,10.573059843518715,1
10573,Branch_11749,3613,3612,15.28117359413203,1
10574,Branch_11750,2814,3613,2000.0,1
10575,Branch_11751,2396,2399,27.100271002710027,1
10576,Branch_11752,2395,2399,-476.1904761904762,1
10577,Branch_11753,2401,2399,19.29384526336099,1
10578,Branch_11754,2396,2400,27.233115468409586,1
10579,Branch_11755,2395,2400,-375.9398496240602,1
10580,Branch_11756,2402,2400,6.572461386789352,1
10581,Branch_11757,2396,2397,26.595744680851062,1
10582,Branch_11758,2395,2397,-270.27027027027026,1
10583,Branch_11759,2398,2397,6.574621959237344,1
10584,Branch_11760,359,1580,2000.0,1
10585,Branch_11761,359,1580,2000.0,1
