l,branch_name,from_bus,to_bus,suscept,available
1,Branch_1,4107,4202,143.67816091954023,1
2,Branch_2,3058,4023,2000.0,1
3,Branch_3,5283,5298,2000.0,1
4,Branch_4,3446,3716,51.4668039114771,1
5,Branch_5,3203,5170,127.2264631043257,1
6,Branch_6,2894,3094,89.28571428571429,1
7,Branch_7,9313,9487,2000.0,1
8,Branch_8,5623,5710,67.24949562878278,1
9,Branch_9,5623,5802,72.67441860465117,1
10,Branch_10,5623,5652,129.5336787564767,1
11,Branch_11,3459,4437,2000.0,1
12,Branch_12,1892,1915,28.153153153153152,1
13,Branch_13,3507,4415,1123.5955056179776,1
14,Branch_14,3507,3690,182.4817518248175,1
15,Branch_15,3641,4909,159.4896331738437,1
16,Branch_17,3288,4049,96.43201542912247,1
17,Branch_18,3288,5249,138.69625520110958,1
18,Branch_19,3102,5249,87.71929824561404,1
19,Branch_20,3102,3641,107.29613733905579,1
20,Branch_22,3362,5014,107.75862068965517,1
21,Branch_23,3288,5014,375.9398496240602,1
22,Branch_24,3292,4322,57.93742757821553,1
23,Branch_25,3292,3362,74.96251874062969,1
24,Branch_26,2436,2665,11.723329425556859,1
25,Branch_27,4129,4415,289.8550724637681,1
26,Branch_28,4322,4647,36.205648081100655,1
27,Branch_29,2852,3579,112.73957158962796,1
28,Branch_30,3424,3579,75.24454477050413,1
29,Branch_31,2852,2970,58.75440658049354,1
30,Branch_32,3579,4647,50.53057099545225,1
31,Branch_33,4322,4976,28.951939779965258,1
32,Branch_35,3487,4322,46.403712296983755,1
33,Branch_36,3487,3994,18.96453631708705,1
34,Branch_38,1962,2286,342.4657534246575,1
35,Branch_39,3091,3773,160.0,1
36,Branch_40,4255,4380,256.4102564102564,1
37,Branch_41,3161,3773,649.3506493506494,1
38,Branch_42,3161,3403,1639.344262295082,1
39,Branch_43,3403,4380,156.49452269170578,1
40,Branch_47,2073,2441,117.78563015312132,1
41,Branch_49,3402,4257,97.18172983479106,1
42,Branch_50,3402,3753,826.4462809917355,1
43,Branch_51,3753,3774,793.6507936507936,1
44,Branch_52,3091,5079,150.37593984962405,1
45,Branch_53,3774,5079,1075.268817204301,1
46,Branch_56,5011,5056,157.48031496062993,1
47,Branch_57,3280,5056,1282.051282051282,1
48,Branch_58,3364,5056,268.81720430107526,1
49,Branch_60,3055,3729,78.98894154818325,1
50,Branch_63,3055,3478,115.2073732718894,1
51,Branch_64,3106,3478,346.02076124567475,1
52,Branch_65,3106,5310,134.2281879194631,1
53,Branch_66,3687,4185,166.9449081803005,1
54,Branch_70,3687,3729,200.40080160320642,1
55,Branch_71,3075,3729,165.56291390728478,1
56,Branch_73,3106,4743,50.25125628140704,1
57,Branch_74,4185,5011,126.90355329949239,1
58,Branch_75,5011,5055,157.48031496062993,1
59,Branch_76,3279,5055,1562.5,1
60,Branch_77,1809,2536,76.21951219512195,1
61,Branch_78,3946,4129,283.28611898017,1
62,Branch_79,3946,4202,118.48341232227489,1
63,Branch_80,3553,4345,980.3921568627451,1
64,Branch_85,3332,4345,222.22222222222223,1
65,Branch_87,3168,4345,166.11295681063123,1
66,Branch_93,3332,4726,2000.0,1
67,Branch_94,4619,4726,163.3986928104575,1
68,Branch_95,4200,4619,434.7826086956522,1
69,Branch_97,3168,5011,2000.0,1
70,Branch_98,3024,4742,59.73715651135006,1
71,Branch_99,4347,4742,55.40166204986149,1
72,Branch_100,4156,4200,98.91196834817013,1
73,Branch_101,3793,4156,59.171597633136095,1
74,Branch_102,3793,4085,58.445353594389246,1
75,Branch_103,3103,4347,163.3986928104575,1
76,Branch_104,4085,4742,37.764350453172206,1
77,Branch_105,4494,4501,276.24309392265195,1
78,Branch_106,4493,4501,276.24309392265195,1
79,Branch_107,1962,2139,147.27540500736376,1
80,Branch_108,2845,4568,362.3188405797101,1
81,Branch_111,2817,2845,2000.0,1
82,Branch_112,3091,3923,201.61290322580646,1
83,Branch_113,3054,3893,116.95906432748538,1
84,Branch_114,3105,3468,145.5604075691412,1
85,Branch_115,3054,3479,115.2073732718894,1
86,Branch_116,3105,3479,346.02076124567475,1
87,Branch_117,3893,3923,173.91304347826087,1
88,Branch_118,3468,4743,76.74597083653109,1
89,Branch_119,3105,5309,134.2281879194631,1
90,Branch_120,3923,5153,248.75621890547265,1
91,Branch_121,4200,4618,434.7826086956522,1
92,Branch_122,4346,4618,107.9913606911447,1
93,Branch_123,3552,4346,980.3921568627451,1
94,Branch_124,3169,4346,166.11295681063123,1
95,Branch_125,3169,5011,2000.0,1
96,Branch_130,2817,4568,350.87719298245617,1
97,Branch_132,5741,5815,26.845637583892618,1
98,Branch_133,3688,5011,70.77140835102618,1
99,Branch_134,3688,3730,200.40080160320642,1
100,Branch_135,3730,3895,80.84074373484236,1
101,Branch_136,3091,3925,201.61290322580646,1
102,Branch_138,3074,3730,165.56291390728478,1
103,Branch_139,3925,5154,248.75621890547265,1
104,Branch_140,2138,2693,90.66183136899366,1
105,Branch_141,2817,4202,621.1180124223603,1
106,Branch_142,3210,3293,188.32391713747646,1
107,Branch_143,3682,4014,68.87052341597796,1
108,Branch_144,3077,4014,51.84033177812338,1
109,Branch_145,3682,4655,65.7030223390276,1
110,Branch_146,3210,4655,134.40860215053763,1
111,Branch_147,1779,2505,75.52870090634441,1
112,Branch_148,2817,4202,564.9717514124294,1
113,Branch_149,1810,1931,73.31378299120234,1
114,Branch_150,4542,5466,68.1663258350375,1
115,Branch_151,3441,3756,137.5515818431912,1
116,Branch_152,3293,4450,52.43838489774515,1
117,Branch_153,3441,4527,85.98452278589853,1
118,Branch_154,4450,4527,138.50415512465375,1
119,Branch_155,5506,5760,29.585798816568047,1
120,Branch_156,3294,4003,139.08205841446454,1
121,Branch_157,3293,4059,66.09385327164574,1
122,Branch_158,4059,4460,202.83975659229208,1
123,Branch_159,4059,4450,253.80710659898477,1
124,Branch_160,4458,4602,2000.0,1
125,Branch_161,4460,4602,2000.0,1
126,Branch_162,6376,6454,212.7659574468085,1
127,Branch_163,2962,3059,209.20502092050208,1
128,Branch_164,2962,3293,58.37711617046118,1
129,Branch_165,2962,5320,571.4285714285714,1
130,Branch_166,2962,4112,71.02272727272727,1
131,Branch_167,6039,6415,24.81389578163772,1
132,Branch_168,9189,9437,63.45177664974619,1
133,Branch_169,9189,9272,63.73486297004462,1
134,Branch_170,9189,9345,21.734405564007826,1
135,Branch_171,9489,9523,258.3979328165375,1
136,Branch_172,9345,9427,123.60939431396787,1
137,Branch_173,9427,9489,2000.0,1
138,Branch_174,9523,9524,31.12356053532524,1
139,Branch_175,9371,9523,27.151778441487917,1
140,Branch_176,9178,9524,2000.0,1
141,Branch_177,9178,9706,61.61429451632779,1
142,Branch_178,2053,2553,81.03727714748784,1
143,Branch_179,4256,4727,104.9317943336831,1
144,Branch_183,4252,4416,245.09803921568627,1
145,Branch_186,2573,2693,21.408691928923144,1
146,Branch_188,2881,3993,117.9245283018868,1
147,Branch_189,2950,3300,147.05882352941177,1
148,Branch_190,2881,4259,119.47431302270012,1
149,Branch_191,2881,3230,621.1180124223603,1
150,Branch_193,3300,4111,95.23809523809524,1
151,Branch_195,2950,3230,1538.4615384615386,1
152,Branch_198,2010,5943,15.299877600979192,1
153,Branch_200,3506,4416,116.95906432748538,1
154,Branch_201,3506,3664,109.40919037199124,1
155,Branch_203,1850,2115,20.837674515524068,1
156,Branch_204,5539,5839,19.04036557501904,1
157,Branch_205,5418,5724,34.73428273706148,1
158,Branch_206,5418,5839,31.201248049921997,1
159,Branch_207,1850,2042,46.2962962962963,1
160,Branch_208,5422,5661,2000.0,1
161,Branch_210,5416,5468,97.46588693957115,1
162,Branch_212,5839,5879,39.666798889329634,1
163,Branch_213,5416,5879,70.52186177715092,1
164,Branch_214,5661,5879,2000.0,1
165,Branch_215,5401,5514,64.06149903907752,1
166,Branch_216,5401,5618,126.26262626262626,1
167,Branch_217,5401,5757,45.20795660036166,1
168,Branch_218,5419,5514,73.96449704142012,1
169,Branch_219,5413,5757,45.20795660036166,1
170,Branch_220,5419,5839,35.4735721887194,1
171,Branch_223,2209,2230,59.701492537313435,1
172,Branch_225,2249,6633,17.911517105498834,1
173,Branch_226,7382,7445,223.71364653243847,1
174,Branch_227,3201,3721,15.559358954411078,1
175,Branch_236,1819,1916,7.957981855801369,1
176,Branch_238,3531,4183,13.05653479566523,1
177,Branch_239,3531,4097,17.37921445950643,1
178,Branch_241,4183,4872,46.62004662004662,1
179,Branch_242,4872,4931,2000.0,1
180,Branch_243,3721,5181,35.98416696653472,1
181,Branch_244,4872,5181,19.952114924181963,1
182,Branch_245,5367,5491,165.8374792703151,1
183,Branch_246,5367,5708,72.04610951008645,1
184,Branch_247,5367,5654,333.3333333333333,1
185,Branch_248,5371,5491,763.3587786259542,1
186,Branch_249,5365,5708,47.57373929590866,1
187,Branch_250,4433,5365,29.394473838918284,1
188,Branch_251,2801,3236,23.507287259050305,1
189,Branch_252,3236,4433,16.863406408094434,1
190,Branch_253,2801,2970,32.733224222585925,1
191,Branch_255,2450,6234,20.755500207555002,1
192,Branch_256,5805,5881,10.050251256281406,1
193,Branch_257,5488,5804,85.5431993156544,1
194,Branch_258,5556,5654,34.18803418803419,1
195,Branch_259,5448,5556,34.18803418803419,1
196,Branch_260,5408,5488,28.240609997175937,1
197,Branch_261,5408,5632,28.87669650591972,1
198,Branch_262,5408,5448,15.688735487919674,1
199,Branch_263,5804,5805,43.440486533449175,1
200,Branch_266,5440,5632,65.57377049180327,1
201,Branch_267,5398,5632,2000.0,1
202,Branch_268,5748,5881,313.47962382445144,1
203,Branch_269,5468,5748,45.08566275924256,1
204,Branch_270,2186,2554,43.802014892685065,1
205,Branch_272,5552,5571,56.882821387940844,1
206,Branch_273,5504,5537,82.98755186721992,1
207,Branch_277,5552,5852,42.62574595055413,1
208,Branch_278,5571,5868,892.8571428571429,1
209,Branch_279,5426,5728,14.84560570071259,1
210,Branch_280,5728,5852,20.990764063811923,1
211,Branch_281,1916,2725,7.737542556484061,1
212,Branch_282,5486,5736,24.33682161109759,1
213,Branch_283,5497,5827,143.88489208633092,1
214,Branch_284,5397,5497,77.33952049497293,1
215,Branch_285,5654,5736,12.12856276531231,1
216,Branch_286,5581,5681,62.93266205160478,1
217,Branch_287,5397,5607,50.70993914807302,1
218,Branch_288,5495,5581,42.5531914893617,1
219,Branch_289,5497,5503,23.872045834328002,1
220,Branch_290,5581,5736,42.99226139294927,1
221,Branch_291,5495,5515,30.497102775236353,1
222,Branch_292,5607,5681,27.01242571582928,1
223,Branch_293,5524,5827,38.02281368821293,1
224,Branch_294,5503,5852,81.76614881439085,1
225,Branch_295,5465,5503,847.457627118644,1
226,Branch_296,5683,5725,16.331863465621428,1
227,Branch_297,5506,5650,273.972602739726,1
228,Branch_298,5515,5725,26.72367717797969,1
229,Branch_299,5650,5683,20.124773596297043,1
230,Branch_300,1855,1915,15.121729925903523,1
231,Branch_302,5850,5868,33.244680851063826,1
232,Branch_303,5504,5850,48.2392667631452,1
233,Branch_304,5504,5654,23.674242424242426,1
234,Branch_305,1784,5729,11.665888940737284,1
235,Branch_306,1784,2002,37.85011355034065,1
236,Branch_309,3057,4216,32.6797385620915,1
237,Branch_310,3405,4025,41.63197335553705,1
238,Branch_311,3057,4025,216.91973969631238,1
239,Branch_312,3062,3435,90.66183136899366,1
240,Branch_313,3144,3509,68.4931506849315,1
241,Branch_314,3509,4157,526.3157894736842,1
242,Branch_316,4157,5165,189.3939393939394,1
243,Branch_317,5165,5237,117.37089201877934,1
244,Branch_318,3666,4565,173.61111111111111,1
245,Branch_319,3145,4565,113.25028312570781,1
246,Branch_320,2812,5165,229.3577981651376,1
247,Branch_321,2812,3062,110.01100110011001,1
248,Branch_322,3079,3666,16.142050040355127,1
249,Branch_323,2970,4148,37.93626707132018,1
250,Branch_324,4049,4148,87.26003490401396,1
251,Branch_327,1854,2586,12.856775520699408,1
252,Branch_328,2970,3586,35.842293906810035,1
253,Branch_329,4233,4298,116.14401858304298,1
254,Branch_330,3117,3378,2000.0,1
255,Branch_332,3117,4233,105.3740779768177,1
256,Branch_333,3586,4298,98.13542688910697,1
257,Branch_334,4233,4736,222.71714922048997,1
258,Branch_335,4736,4909,869.5652173913044,1
259,Branch_336,2894,3825,62.18905472636816,1
260,Branch_337,1854,2439,6.699718611818303,1
261,Branch_338,6900,7485,134.04825737265415,1
262,Branch_339,3825,4886,14.940983116689079,1
263,Branch_341,8448,9079,81.9000819000819,1
264,Branch_342,8406,9114,28.506271379703534,1
265,Branch_345,2970,4886,27.616680475006905,1
266,Branch_346,2115,2211,93.10986964618249,1
267,Branch_347,3238,3268,343.64261168384877,1
268,Branch_348,3268,4257,140.0560224089636,1
269,Branch_349,3268,4406,217.3913043478261,1
270,Branch_350,3165,3668,43.936731107205624,1
271,Branch_351,3372,4406,108.57763300760044,1
272,Branch_352,3238,4395,174.21602787456445,1
273,Branch_353,3668,3726,227.79043280182233,1
274,Branch_354,3412,3668,160.25641025641025,1
275,Branch_355,3250,3412,103.41261633919338,1
276,Branch_356,3372,3726,282.4858757062147,1
277,Branch_357,1855,2316,19.440124416796266,1
278,Branch_358,3392,3658,68.68131868131869,1
279,Branch_359,3647,3658,226.75736961451247,1
280,Branch_360,3583,4528,129.5336787564767,1
281,Branch_361,2947,3558,92.08103130755065,1
282,Branch_362,3647,4408,60.09615384615385,1
283,Branch_363,3583,4255,103.95010395010395,1
284,Branch_364,2947,4091,129.87012987012986,1
285,Branch_365,3656,4408,153.60983102918587,1
286,Branch_366,2857,3647,787.4015748031496,1
287,Branch_367,3658,4528,103.30578512396694,1
288,Branch_368,2947,3656,2000.0,1
289,Branch_369,7973,8366,30.084235860409144,1
290,Branch_370,1914,2455,133.5113484646195,1
291,Branch_371,3772,3987,869.5652173913044,1
292,Branch_372,2986,3772,264.55026455026456,1
293,Branch_373,3307,3772,215.05376344086022,1
294,Branch_374,3582,4257,103.41261633919338,1
295,Branch_375,3307,3582,98.71668311944718,1
296,Branch_376,2986,3443,729.92700729927,1
297,Branch_377,3443,4638,534.75935828877,1
298,Branch_378,3931,4638,153.60983102918587,1
299,Branch_379,5927,6582,17.23543605653223,1
300,Branch_380,5494,5629,23.91772303276728,1
301,Branch_381,5494,5649,43.2338953739732,1
302,Branch_382,5506,5649,11.560693641618498,1
303,Branch_383,5468,5629,37.453183520599254,1
304,Branch_384,6082,6162,139.66480446927375,1
305,Branch_385,5539,5714,114.41647597254004,1
306,Branch_386,5572,5615,558.659217877095,1
307,Branch_387,5572,5714,114.41647597254004,1
308,Branch_388,5468,5615,16.046213093709884,1
309,Branch_389,2301,2439,15.733165512901195,1
310,Branch_390,1976,2112,12.196609342602756,1
311,Branch_391,5412,5727,578.0346820809249,1
312,Branch_392,5407,5727,32.1646831778707,1
313,Branch_393,5404,5407,80.64516129032258,1
314,Branch_394,5395,5407,151.9756838905775,1
315,Branch_395,5392,5404,134.9527665317139,1
316,Branch_396,5395,5399,95.51098376313276,1
317,Branch_397,5392,5468,353.35689045936397,1
318,Branch_398,5392,5764,144.50867052023122,1
319,Branch_399,5395,5618,183.8235294117647,1
320,Branch_400,5411,5412,2000.0,1
321,Branch_401,8936,9054,2000.0,1
322,Branch_402,4450,5190,102.56410256410257,1
323,Branch_403,2884,5190,186.9158878504673,1
324,Branch_404,2884,5324,215.9827213822894,1
325,Branch_405,2509,2529,34.36426116838488,1
326,Branch_406,990,1246,1515.1515151515152,1
327,Branch_407,990,1246,1515.1515151515152,1
328,Branch_408,160,990,178.57142857142858,1
329,Branch_409,160,990,178.57142857142858,1
330,Branch_410,160,170,1030.9278350515465,1
331,Branch_411,161,170,1030.9278350515465,1
332,Branch_412,170,1744,448.4304932735426,1
333,Branch_413,170,1744,448.4304932735426,1
334,Branch_414,8076,8631,1315.7894736842106,1
335,Branch_415,8076,8754,258.3979328165375,1
336,Branch_417,8275,8957,90.00900090009002,1
337,Branch_418,8275,8980,1190.4761904761904,1
338,Branch_419,8275,8936,100.50251256281408,1
339,Branch_421,8957,9104,149.92503748125938,1
340,Branch_423,230,949,19.036740909956215,1
341,Branch_424,91,949,132.4503311258278,1
342,Branch_425,8631,8632,390.625,1
343,Branch_426,1208,1695,485.43689320388347,1
344,Branch_427,255,1208,184.1620626151013,1
345,Branch_428,324,632,645.1612903225806,1
346,Branch_429,8577,8579,75.18796992481202,1
347,Branch_430,8577,8578,75.18796992481202,1
348,Branch_431,290,294,374.53183520599254,1
349,Branch_432,2827,5082,2000.0,1
350,Branch_433,9579,9580,2000.0,1
351,Branch_434,8700,8702,235.2941176470588,1
352,Branch_435,8700,8701,724.6376811594203,1
353,Branch_436,8318,8701,28.555111364934323,1
354,Branch_437,8370,8882,62.93266205160478,1
355,Branch_438,8509,8510,806.4516129032259,1
356,Branch_439,8508,8509,2000.0,1
357,Branch_440,1036,1072,45.433893684688776,1
358,Branch_441,8013,8381,50.403225806451616,1
359,Branch_442,8381,8753,2000.0,1
360,Branch_443,8381,8752,2000.0,1
361,Branch_444,8381,8708,42.99226139294927,1
362,Branch_445,8370,8371,2000.0,1
363,Branch_446,8371,8997,31.575623618566468,1
364,Branch_447,166,1616,116.95906432748538,1
365,Branch_448,8527,8529,75.18796992481202,1
366,Branch_449,8527,8528,75.18796992481202,1
367,Branch_450,8527,8834,71.78750897343862,1
368,Branch_451,8371,8886,71.32667617689016,1
369,Branch_452,8735,8886,253.16455696202533,1
370,Branch_453,8735,8886,263.85224274406335,1
371,Branch_454,8886,8954,2000.0,1
372,Branch_455,8876,8997,1818.1818181818182,1
373,Branch_456,8876,8997,1639.344262295082,1
374,Branch_457,1529,1695,526.3157894736842,1
375,Branch_458,397,1695,239.8081534772182,1
376,Branch_459,8235,8876,49.14004914004914,1
377,Branch_460,3796,4814,2000.0,1
378,Branch_461,8333,8748,2000.0,1
379,Branch_462,8333,8567,81.23476848090984,1
380,Branch_463,8334,8508,129.87012987012986,1
381,Branch_464,8334,8748,2000.0,1
382,Branch_467,8705,8961,183.8235294117647,1
383,Branch_471,8176,8886,33.467202141900934,1
384,Branch_472,8176,8886,36.48303538854433,1
385,Branch_474,8865,8969,292.39766081871346,1
386,Branch_477,8748,8749,2000.0,1
387,Branch_478,8496,8497,450.45045045045043,1
388,Branch_479,7927,8495,1111.111111111111,1
389,Branch_480,8495,8865,1315.7894736842106,1
390,Branch_481,8495,8496,2000.0,1
391,Branch_482,8569,8570,241.54589371980677,1
392,Branch_483,8568,8569,2000.0,1
393,Branch_484,8568,8701,65.1890482398957,1
394,Branch_486,8176,8788,2000.0,1
395,Branch_487,8013,8985,32.22687721559781,1
396,Branch_488,8013,8934,1851.851851851852,1
397,Branch_490,175,286,431.0344827586207,1
398,Branch_491,8997,9072,72.46376811594203,1
399,Branch_492,8178,8936,2000.0,1
400,Branch_493,2781,4607,2000.0,1
401,Branch_494,230,866,64.35006435006434,1
402,Branch_495,8985,8986,221.72949002217294,1
403,Branch_496,8571,8985,1470.5882352941176,1
404,Branch_497,8571,8985,1470.5882352941176,1
405,Branch_498,8692,8694,191.57088122605364,1
406,Branch_499,8692,8955,2000.0,1
407,Branch_500,8692,8693,191.57088122605364,1
408,Branch_501,8675,8692,2000.0,1
409,Branch_502,397,1393,161.81229773462783,1
410,Branch_503,8283,8932,2000.0,1
411,Branch_504,8519,8527,2000.0,1
412,Branch_505,8580,8582,2000.0,1
413,Branch_506,8604,8705,2000.0,1
414,Branch_507,8580,8604,2000.0,1
415,Branch_509,252,829,147.49262536873155,1
416,Branch_510,252,829,143.88489208633092,1
417,Branch_511,8322,8959,8.88651915044877,1
418,Branch_512,8959,9104,23.245002324500234,1
419,Branch_513,8508,8687,81.9000819000819,1
420,Branch_514,8686,8687,2000.0,1
421,Branch_515,8226,8334,99.10802775024777,1
422,Branch_516,8226,8787,1369.86301369863,1
423,Branch_517,8226,8788,140.0560224089636,1
424,Branch_518,8176,8226,120.33694344163658,1
425,Branch_519,8226,8596,66.66666666666667,1
426,Branch_521,7948,9012,341.29692832764505,1
427,Branch_522,7947,7948,27.586206896551722,1
428,Branch_524,4311,4814,62.38303181534623,1
429,Branch_525,286,287,2000.0,1
430,Branch_526,286,1246,286.5329512893983,1
431,Branch_528,8235,8956,1190.4761904761904,1
432,Branch_529,8543,8577,2000.0,1
433,Branch_530,7906,8543,1000.0,1
434,Branch_531,8754,8997,26.116479498563592,1
435,Branch_532,8754,8755,1449.2753623188405,1
436,Branch_533,8489,8886,1851.851851851852,1
437,Branch_534,8489,9072,27.53303964757709,1
438,Branch_536,8755,8756,2000.0,1
439,Branch_537,8342,8642,2000.0,1
440,Branch_538,91,99,2000.0,1
441,Branch_539,91,102,2000.0,1
442,Branch_540,91,1132,109.64912280701755,1
443,Branch_541,8176,9039,63.13131313131313,1
444,Branch_542,8138,8930,1369.86301369863,1
445,Branch_543,8138,8848,67.34006734006734,1
446,Branch_544,8138,8977,307.6923076923077,1
447,Branch_545,8699,8762,2000.0,1
448,Branch_546,8568,8699,110.86474501108647,1
449,Branch_547,8699,9039,50.8646998982706,1
450,Branch_548,8200,8979,334.44816053511704,1
451,Branch_549,8200,8979,316.45569620253167,1
452,Branch_551,632,778,37.174721189591075,1
453,Branch_552,8638,8639,2000.0,1
454,Branch_553,8635,8638,2000.0,1
455,Branch_554,8697,8698,61.576354679802954,1
456,Branch_555,8696,8697,2000.0,1
457,Branch_556,8696,8848,37.5234521575985,1
458,Branch_557,8688,8835,172.1170395869191,1
459,Branch_558,8688,8690,2000.0,1
460,Branch_559,8688,8689,172.41379310344828,1
461,Branch_560,175,1246,377.35849056603774,1
462,Branch_561,8674,8688,2000.0,1
463,Branch_562,8708,8836,1369.86301369863,1
464,Branch_563,8708,8709,2000.0,1
465,Branch_564,8597,8598,303.030303030303,1
466,Branch_565,8596,8708,584.7953216374269,1
467,Branch_566,8596,8598,1449.2753623188405,1
468,Branch_567,8655,8656,50.70993914807302,1
469,Branch_568,8655,8657,2000.0,1
470,Branch_569,8899,8957,8.631851532153647,1
471,Branch_570,8899,8979,127.7139208173691,1
472,Branch_571,8899,8959,14.74491300501327,1
473,Branch_572,8685,8899,318.47133757961785,1
474,Branch_573,8685,8899,362.3188405797101,1
475,Branch_577,411,1036,2000.0,1
476,Branch_578,175,1036,75.18796992481202,1
477,Branch_579,7901,8957,2000.0,1
478,Branch_580,397,1112,2000.0,1
479,Branch_581,4814,4841,2000.0,1
480,Branch_582,4814,4841,2000.0,1
481,Branch_583,8531,8533,134.9527665317139,1
482,Branch_584,8531,8532,305.8103975535168,1
483,Branch_585,8531,8534,112.4859392575928,1
484,Branch_586,8532,8969,537.6344086021505,1
485,Branch_587,8532,8865,819.672131147541,1
486,Branch_588,8654,8985,125.94458438287154,1
487,Branch_589,8654,8936,13.877324451845684,1
488,Branch_590,8315,8979,17.094017094017094,1
489,Branch_591,8315,8321,11.862396204033214,1
490,Branch_592,7948,8315,65.359477124183,1
491,Branch_593,8642,8643,71.94244604316546,1
492,Branch_594,8344,8345,76.92307692307692,1
493,Branch_596,175,1202,41.80602006688963,1
494,Branch_598,8269,8588,44.1306266548985,1
495,Branch_599,8269,8588,50.8130081300813,1
496,Branch_600,8269,8977,24.28363283147159,1
497,Branch_601,4614,5331,2000.0,1
498,Branch_602,5330,5331,72.46376811594203,1
499,Branch_603,8076,8183,389.10505836575874,1
500,Branch_604,8183,8997,17.68972227136034,1
501,Branch_605,8183,8246,220.26431718061673,1
502,Branch_606,7916,8687,149.92503748125938,1
503,Branch_607,7916,8779,564.9717514124294,1
504,Branch_608,7916,8507,91.74311926605505,1
505,Branch_609,7916,9043,2000.0,1
506,Branch_610,7916,8696,89.92805755395683,1
507,Branch_611,3640,3755,689.6551724137931,1
508,Branch_612,4293,5324,282.4858757062147,1
509,Branch_613,3252,3515,529.1005291005291,1
510,Branch_614,3640,5257,114.5475372279496,1
511,Branch_615,3252,3640,76.27765064836004,1
512,Branch_616,3515,4293,151.9756838905775,1
513,Branch_617,3252,3980,847.457627118644,1
514,Branch_619,5257,5291,239.8081534772182,1
515,Branch_620,3569,4744,50.327126321087064,1
516,Branch_621,3569,4671,269.54177897574124,1
517,Branch_622,3973,4671,239.8081534772182,1
518,Branch_623,3077,4744,113.50737797956867,1
519,Branch_624,3973,5291,87.7963125548727,1
520,Branch_625,3217,5291,263.85224274406335,1
521,Branch_626,4450,5258,23.239600278875205,1
522,Branch_627,1873,2502,25.753283543651815,1
523,Branch_628,1924,2703,15.686274509803921,1
524,Branch_629,3197,3327,147.49262536873155,1
525,Branch_630,3327,4155,296.7359050445104,1
526,Branch_631,3405,3678,1408.4507042253522,1
527,Branch_632,3706,4461,109.64912280701755,1
528,Branch_633,3706,4155,952.3809523809524,1
529,Branch_634,3706,4450,473.93364928909955,1
530,Branch_635,3327,4081,129.19896640826875,1
531,Branch_636,4461,4603,2000.0,1
532,Branch_637,4459,4603,2000.0,1
533,Branch_638,3678,4081,122.85012285012284,1
534,Branch_641,8572,9068,2000.0,1
535,Branch_642,7908,7989,34.80682213713888,1
536,Branch_643,7908,8343,74.57121551081282,1
537,Branch_644,7908,8097,2000.0,1
538,Branch_645,8289,8343,16.949152542372882,1
539,Branch_646,7989,8309,20.89427496865859,1
540,Branch_647,8289,8309,21.03491796381994,1
541,Branch_649,6349,6760,55.55555555555556,1
542,Branch_650,6561,6760,1351.3513513513512,1
543,Branch_652,6349,6561,57.971014492753625,1
544,Branch_655,7973,8256,133.6898395721925,1
545,Branch_656,8109,8256,225.73363431151242,1
546,Branch_657,9006,9035,65.57377049180327,1
547,Branch_660,8256,9035,49.97501249375313,1
548,Branch_661,8410,9044,18.112660749864155,1
549,Branch_663,9006,9080,52.91005291005291,1
550,Branch_666,9044,9080,471.6981132075472,1
551,Branch_668,8424,9080,1333.3333333333333,1
552,Branch_672,8161,8406,51.124744376278116,1
553,Branch_673,8066,8161,99.2063492063492,1
554,Branch_674,8478,8525,1282.051282051282,1
555,Branch_675,8423,8717,1724.1379310344828,1
556,Branch_676,8440,8717,26.53927813163482,1
557,Branch_677,8717,8719,285.7142857142857,1
558,Branch_680,8423,8718,1298.7012987012988,1
559,Branch_681,8439,8718,26.673779674579887,1
560,Branch_682,8718,8720,273.224043715847,1
561,Branch_685,8854,8900,2000.0,1
562,Branch_686,8347,8603,21.24946876328092,1
563,Branch_687,7975,8603,31.877590054191902,1
564,Branch_689,8218,8998,21.326508850501174,1
565,Branch_690,8445,8998,28.129395218002813,1
566,Branch_691,8218,9093,2000.0,1
567,Branch_693,8337,8517,51.22950819672131,1
568,Branch_694,8404,8926,46.2962962962963,1
569,Branch_695,8517,9114,274.72527472527474,1
570,Branch_698,8488,8535,1351.3513513513512,1
571,Branch_699,8405,8535,45.578851412944395,1
572,Branch_700,8405,9114,51.124744376278116,1
573,Branch_701,1959,2454,18.338529249954153,1
574,Branch_702,4197,5207,96.89922480620154,1
575,Branch_703,7973,9109,28.885037550548816,1
576,Branch_704,2002,2497,56.36978579481398,1
577,Branch_705,2431,2497,79.23930269413628,1
578,Branch_706,2409,2431,26.42007926023778,1
579,Branch_707,7973,9109,29.10360884749709,1
580,Branch_708,8279,9109,70.0770847932726,1
581,Branch_709,8279,8377,51.3083632632119,1
582,Branch_711,3831,4197,86.05851979345955,1
583,Branch_712,3128,3825,49.77600796416127,1
584,Branch_714,3128,3825,49.77600796416127,1
585,Branch_715,1829,2185,16.257519102584947,1
586,Branch_716,3448,4373,60.86427267194157,1
587,Branch_717,4144,5197,54.734537493158186,1
588,Branch_718,2850,3910,2000.0,1
589,Branch_719,3910,4214,288.1844380403458,1
590,Branch_720,2866,4214,328.94736842105266,1
591,Branch_721,4086,4214,66.97923643670462,1
592,Branch_722,2850,3067,169.7792869269949,1
593,Branch_723,2850,3489,158.47860538827257,1
594,Branch_724,3126,3489,183.8235294117647,1
595,Branch_725,3489,4097,46.04051565377532,1
596,Branch_726,4086,4373,144.3001443001443,1
597,Branch_727,3448,5197,29.248318221702252,1
598,Branch_729,3448,4577,51.440329218106996,1
599,Branch_730,3108,4577,39.33910306845004,1
600,Branch_731,3108,4321,70.87172218284904,1
601,Branch_732,4321,5426,22.47696111485727,1
602,Branch_734,3680,4097,96.24639076034649,1
603,Branch_735,3448,3680,26.511134676564158,1
604,Branch_736,2195,2655,46.08294930875576,1
605,Branch_737,5539,5740,14.068655036578503,1
606,Branch_738,1936,2509,12.701638511367966,1
607,Branch_739,5531,5636,96.71179883945841,1
608,Branch_740,5539,5636,64.02048655569783,1
609,Branch_741,5531,5799,67.0690811535882,1
610,Branch_742,5582,5799,22.56317689530686,1
611,Branch_743,5582,5739,40.849673202614376,1
612,Branch_744,5739,5760,76.86395080707149,1
613,Branch_745,2509,2759,47.30368968779565,1
614,Branch_747,1922,2759,41.35649296939619,1
615,Branch_748,3194,4873,884.9557522123894,1
616,Branch_749,4097,5240,41.911148365465216,1
617,Branch_750,3194,5240,68.68131868131869,1
618,Branch_751,4873,4891,2000.0,1
619,Branch_752,4873,5426,41.63197335553705,1
620,Branch_753,1922,2584,35.16174402250352,1
621,Branch_754,1937,2383,61.08735491753207,1
622,Branch_755,2933,3335,66.00660066006601,1
623,Branch_756,3335,3664,59.347181008902076,1
624,Branch_757,3310,3335,1265.8227848101267,1
625,Branch_758,3310,4317,1098.901098901099,1
626,Branch_761,2944,4633,104.4932079414838,1
627,Branch_762,3113,3463,403.2258064516129,1
628,Branch_763,3113,3650,353.35689045936397,1
629,Branch_764,3650,4633,386.1003861003861,1
630,Branch_765,2944,4320,176.3668430335097,1
631,Branch_766,2917,4320,65.65988181221273,1
632,Branch_767,3009,4320,173.91304347826087,1
633,Branch_768,2933,3463,217.3913043478261,1
634,Branch_769,8400,8870,2000.0,1
635,Branch_770,8399,8870,20.69108214359611,1
636,Branch_771,8488,9023,48.03073967339097,1
637,Branch_772,8448,9033,81.30081300813008,1
638,Branch_774,9033,9133,17.5530981218185,1
639,Branch_775,8484,9133,2000.0,1
640,Branch_778,8395,8520,36.350418029807344,1
641,Branch_779,8456,8989,149.47683109118086,1
642,Branch_780,8448,8989,50.9683995922528,1
643,Branch_781,8408,9025,35.85514521333811,1
644,Branch_782,9026,9069,2000.0,1
645,Branch_783,9027,9069,2000.0,1
646,Branch_785,8864,8928,1282.051282051282,1
647,Branch_786,8878,8879,312.5,1
648,Branch_787,8409,8879,72.46376811594203,1
649,Branch_788,8878,9073,32.40440699935191,1
650,Branch_789,8864,9025,450.45045045045043,1
651,Branch_790,8928,9073,877.1929824561404,1
652,Branch_791,9073,9074,103.62694300518135,1
653,Branch_792,8409,8445,37.878787878787875,1
654,Branch_793,8445,8482,1265.8227848101267,1
655,Branch_794,8413,8482,29.7441998810232,1
656,Branch_795,8412,8482,166.11295681063123,1
657,Branch_798,9002,9023,92.42144177449168,1
658,Branch_799,8395,8910,96.06147934678194,1
659,Branch_800,8910,8974,96.06147934678194,1
660,Branch_802,8403,8898,249.37655860349128,1
661,Branch_803,8898,9023,263.85224274406335,1
662,Branch_804,8520,9002,37.778617302606726,1
663,Branch_806,9023,9105,23.969319271332694,1
664,Branch_807,8926,9105,31.887755102040817,1
665,Branch_808,8926,9114,75.07507507507508,1
666,Branch_813,3761,4759,81.9672131147541,1
667,Branch_816,3815,3823,50.0751126690035,1
668,Branch_817,3287,3815,302.11480362537765,1
669,Branch_818,3287,5284,37.467216185837394,1
670,Branch_820,8366,8377,17.041581458759374,1
671,Branch_821,2091,2360,81.9672131147541,1
672,Branch_822,8456,9082,2000.0,1
673,Branch_823,8430,9082,19.770660340055358,1
674,Branch_825,8220,9108,47.214353163361665,1
675,Branch_826,8663,9108,70.92198581560284,1
676,Branch_829,4283,5207,272.47956403269757,1
677,Branch_830,5538,5738,96.43201542912247,1
678,Branch_831,5538,5710,25.113008538422903,1
679,Branch_832,5738,5826,51.78663904712584,1
680,Branch_833,5626,5826,14.386419220256078,1
681,Branch_834,5442,5626,19.37233630375823,1
682,Branch_835,5442,5515,144.0922190201729,1
683,Branch_836,3100,4620,64.02048655569783,1
684,Branch_837,9231,9472,380.22813688212926,1
685,Branch_838,9381,9472,40.48582995951417,1
686,Branch_839,9470,9733,9.810654370646523,1
687,Branch_840,9237,9470,19.565642731363724,1
688,Branch_841,9381,9733,18.102824040550328,1
689,Branch_842,9182,9697,35.62522265764161,1
690,Branch_843,9231,9697,78.49293563579278,1
691,Branch_845,1974,2761,30.13863773357444,1
692,Branch_846,3100,4819,159.23566878980893,1
693,Branch_847,9231,9344,207.9002079002079,1
694,Branch_848,9344,9697,75.07507507507508,1
695,Branch_850,2467,2511,25.419420437214033,1
696,Branch_851,2510,2742,29.18855808523059,1
697,Branch_853,9138,9432,29.01915264074289,1
698,Branch_854,9432,9747,925.925925925926,1
699,Branch_855,9747,9882,186.9158878504673,1
700,Branch_856,9138,9369,43.2338953739732,1
701,Branch_857,9182,9369,704.2253521126761,1
702,Branch_858,9343,9579,109.64912280701755,1
703,Branch_859,9579,9747,123.76237623762377,1
704,Branch_861,9264,9403,18.248175182481752,1
705,Branch_863,9264,9882,186.9158878504673,1
706,Branch_864,9231,9882,57.971014492753625,1
707,Branch_865,9882,9886,2000.0,1
708,Branch_866,1971,2741,3.2375032375032373,1
709,Branch_867,9231,9882,57.971014492753625,1
710,Branch_868,9259,9706,1449.2753623188405,1
711,Branch_869,1796,1972,32.26847370119393,1
712,Branch_870,9222,9237,45.662100456621005,1
713,Branch_871,9222,9259,26.737967914438503,1
714,Branch_874,1796,1817,117.50881316098707,1
715,Branch_875,9158,9167,25.207965717166626,1
716,Branch_876,9167,9237,34.87966515521451,1
717,Branch_877,9158,9396,34.72222222222222,1
718,Branch_878,9396,9706,53.61930294906166,1
719,Branch_879,1972,2709,37.878787878787875,1
720,Branch_880,6048,6408,32.010243277848915,1
721,Branch_881,3831,4033,1000.0,1
722,Branch_882,9143,9341,74.57121551081282,1
723,Branch_883,9153,9341,352.11267605633805,1
724,Branch_884,9153,9864,123.76237623762377,1
725,Branch_885,9240,9267,33.97893306150187,1
726,Branch_886,9262,9267,943.3962264150944,1
727,Branch_887,9267,9326,113.76564277588169,1
728,Branch_888,9221,9341,31.47623544224111,1
729,Branch_889,9326,9864,185.87360594795538,1
730,Branch_890,9326,9490,81.43322475570032,1
731,Branch_891,9490,9706,48.47309743092583,1
732,Branch_894,8189,9120,1538.4615384615386,1
733,Branch_896,9143,9493,1000.0,1
734,Branch_897,8377,8391,35.77817531305904,1
735,Branch_898,8391,9081,1351.3513513513512,1
736,Branch_899,8392,9081,29.41176470588235,1
737,Branch_902,9143,9448,123.76237623762377,1
738,Branch_903,9237,9448,11.883541295306001,1
739,Branch_905,8522,8837,28.868360277136258,1
740,Branch_906,8522,9095,2000.0,1
741,Branch_907,8837,9120,110.86474501108647,1
742,Branch_909,8396,8522,28.37684449489217,1
743,Branch_910,8522,9096,2000.0,1
744,Branch_911,8392,9120,64.51612903225806,1
745,Branch_919,4121,4308,200.80321285140562,1
746,Branch_920,3929,4121,719.4244604316547,1
747,Branch_921,4308,4819,1204.8192771084337,1
748,Branch_922,3754,4199,145.5604075691412,1
749,Branch_923,4199,5280,263.85224274406335,1
750,Branch_924,3073,3133,141.643059490085,1
751,Branch_925,3073,5280,67.93478260869566,1
752,Branch_926,1400,2742,15.725743041358704,1
753,Branch_927,4759,4819,60.27727546714888,1
754,Branch_928,3472,3754,74.8502994011976,1
755,Branch_929,3133,3472,118.90606420927467,1
756,Branch_930,2314,2315,2000.0,1
757,Branch_932,3133,5168,121.8026796589525,1
758,Branch_933,2101,2549,20.30869212022746,1
759,Branch_934,4187,5251,122.85012285012284,1
760,Branch_935,2854,5241,212.31422505307856,1
761,Branch_936,3631,3920,62.893081761006286,1
762,Branch_937,3133,5314,181.8181818181818,1
763,Branch_938,4187,5241,117.096018735363,1
764,Branch_939,3077,3920,53.07855626326964,1
765,Branch_940,2854,3631,71.5307582260372,1
766,Branch_942,2871,4187,500.0,1
767,Branch_943,2871,5314,273.224043715847,1
768,Branch_944,2871,3456,147.71048744460856,1
769,Branch_945,2314,2315,1923.076923076923,1
770,Branch_946,1400,2052,15.926102882624622,1
771,Branch_947,4439,4819,2000.0,1
772,Branch_948,3669,4064,47.84688995215311,1
773,Branch_949,3133,3963,61.01281269066504,1
774,Branch_950,3669,3963,151.9756838905775,1
775,Branch_951,3898,4213,64.06149903907752,1
776,Branch_952,3077,3677,28.5143997718848,1
777,Branch_953,2903,4108,136.79890560875512,1
778,Branch_954,3464,4213,172.71157167530225,1
779,Branch_955,3942,4108,2000.0,1
780,Branch_956,2903,4126,909.0909090909091,1
781,Branch_957,3464,4126,26.666666666666668,1
782,Branch_958,3677,3942,195.69471624266146,1
783,Branch_959,3898,4526,19.07304978065993,1
784,Branch_960,4064,4526,49.504950495049506,1
785,Branch_961,1380,1400,38.61003861003861,1
786,Branch_962,5381,5643,17.755681818181817,1
787,Branch_963,5381,5561,18.747656542932134,1
788,Branch_964,5561,5662,31.645569620253166,1
789,Branch_965,5561,5732,57.4052812858783,1
790,Branch_966,5628,5750,96.52509652509653,1
791,Branch_967,5521,5750,84.7457627118644,1
792,Branch_968,5732,9403,48.44961240310077,1
793,Branch_969,5790,5793,24.324981756263682,1
794,Branch_970,5606,5628,71.22507122507122,1
795,Branch_971,5628,5790,97.27626459143968,1
796,Branch_972,5662,5793,2000.0,1
797,Branch_973,2783,4631,2000.0,1
798,Branch_974,2783,4630,2000.0,1
799,Branch_975,2101,2467,57.971014492753625,1
800,Branch_976,2123,2752,74.6268656716418,1
801,Branch_977,2617,2752,51.62622612287042,1
802,Branch_978,2122,2753,74.6268656716418,1
803,Branch_979,2617,2753,50.994390617032124,1
804,Branch_981,2262,2743,224.2152466367713,1
805,Branch_982,2262,2615,30.646644192460926,1
806,Branch_983,2346,2617,77.39938080495357,1
807,Branch_984,2320,2615,540.5405405405405,1
808,Branch_985,2320,2346,40.502227622519236,1
809,Branch_987,2314,2630,121.21212121212122,1
810,Branch_988,2333,2630,99.2063492063492,1
811,Branch_989,2347,2464,56.72149744753261,1
812,Branch_990,2263,2743,224.2152466367713,1
813,Branch_991,2263,2464,76.86395080707149,1
814,Branch_992,2347,2617,77.39938080495357,1
815,Branch_994,2523,2645,45.49590536851683,1
816,Branch_995,2297,2300,67.65899864682002,1
817,Branch_996,2088,2300,35.486160397445,1
818,Branch_997,8327,8965,1190.4761904761904,1
819,Branch_998,2548,2679,110.13215859030836,1
820,Branch_999,2270,2519,167.78523489932886,1
821,Branch_1001,1891,1998,116.41443538998836,1
822,Branch_1002,1891,2123,82.44023083264634,1
823,Branch_1003,2430,2551,68.39945280437756,1
824,Branch_1004,1998,2291,107.87486515641855,1
825,Branch_1005,2291,2430,161.81229773462783,1
826,Branch_1006,2088,2315,41.18616144975288,1
827,Branch_1007,8730,8968,2000.0,1
828,Branch_1008,2122,2476,83.75209380234506,1
829,Branch_1009,2022,2105,32.195750160978754,1
830,Branch_1010,6097,6408,24.636610002463662,1
831,Branch_1011,7900,7901,7.81983109164842,1
832,Branch_1012,4677,4688,30.571690614490983,1
833,Branch_1013,3789,4657,149.7005988023952,1
834,Branch_1014,3488,4306,70.0280112044818,1
835,Branch_1015,3488,3789,39.37007874015748,1
836,Branch_1016,4657,4875,510.2040816326531,1
837,Branch_1017,3127,4657,243.30900243309003,1
838,Branch_1018,4677,4875,70.12622720897616,1
839,Branch_1019,3077,4688,72.20216606498195,1
840,Branch_1020,3077,4306,14.499057561258518,1
841,Branch_1021,4306,4490,28.24858757062147,1
842,Branch_1022,4488,4490,43.15925766076823,1
843,Branch_1023,2913,3077,43.066322136089575,1
844,Branch_1024,2913,4490,45.20795660036166,1
845,Branch_1025,3493,5711,27.159152634437806,1
846,Branch_1027,4138,4766,22.33638597274961,1
847,Branch_1028,4138,4266,518.1347150259068,1
848,Branch_1029,3369,4194,30.59039461609055,1
849,Branch_1030,2551,4266,22.7842333105491,1
850,Branch_1031,3369,4766,83.75209380234506,1
851,Branch_1032,2894,4194,28.70264064293915,1
852,Branch_1035,2023,2467,37.993920972644375,1
853,Branch_1037,2297,2409,11.879306248515087,1
854,Branch_1038,2001,2409,483.09178743961354,1
855,Branch_1040,2408,2409,409.8360655737705,1
856,Branch_1041,8296,8887,12.759984688018374,1
857,Branch_1042,2027,2409,11.00957833314984,1
858,Branch_1043,2027,4851,24.015369836695484,1
859,Branch_1044,2894,4851,145.34883720930233,1
860,Branch_1046,2297,2365,2000.0,1
861,Branch_1047,2467,2524,31.220730565095224,1
862,Branch_1049,2409,2513,75.98784194528875,1
863,Branch_1051,2088,2517,23.618327822390174,1
864,Branch_1052,2356,2517,68.63417982155113,1
865,Branch_1053,3077,4109,51.78663904712584,1
866,Branch_1054,2800,4109,60.82725060827251,1
867,Branch_1055,2800,3890,1282.051282051282,1
868,Branch_1056,3890,4767,14.806040864672786,1
869,Branch_1057,3584,4767,36.85956505713233,1
870,Branch_1058,3890,5161,2000.0,1
871,Branch_1059,1809,2467,12.027904738994467,1
872,Branch_1060,3052,3707,116.14401858304298,1
873,Branch_1061,3052,3679,92.5925925925926,1
874,Branch_1062,3052,4455,52.826201796090864,1
875,Branch_1063,3405,3679,1587.3015873015872,1
876,Branch_1064,3784,4455,89.28571428571429,1
877,Branch_1065,4455,5272,75.47169811320755,1
878,Branch_1066,3800,5272,50.994390617032124,1
879,Branch_1070,1980,2467,28.885037550548816,1
880,Branch_1071,3294,3493,137.93103448275863,1
881,Branch_1072,2297,2315,15.820281601012498,1
882,Branch_1075,2333,2631,99.2063492063492,1
883,Branch_1076,2314,2631,121.21212121212122,1
884,Branch_1077,2270,2467,14.066676044450697,1
885,Branch_1078,5604,5694,87.87346221441125,1
886,Branch_1079,5500,5529,259.7402597402597,1
887,Branch_1080,5516,5529,111.11111111111111,1
888,Branch_1081,5516,5604,467.2897196261682,1
889,Branch_1082,5604,5689,164.74464579901152,1
890,Branch_1083,5651,5802,69.97900629811056,1
891,Branch_1084,5631,5639,126.42225031605562,1
892,Branch_1085,5605,5694,1492.5373134328358,1
893,Branch_1086,5605,5639,75.24454477050413,1
894,Branch_1087,5605,5688,606.060606060606,1
895,Branch_1088,5182,5187,42.122999157540015,1
896,Branch_1089,7119,7426,68.1663258350375,1
897,Branch_1090,2878,4190,170.64846416382252,1
898,Branch_1091,2495,2553,1162.7906976744187,1
899,Branch_1092,4190,4874,95.87727708533077,1
900,Branch_1093,3794,5256,19.61553550411926,1
901,Branch_1095,4874,5256,143.88489208633092,1
902,Branch_1096,3794,5082,20.79434393844874,1
903,Branch_1097,3201,4648,12.840267077555213,1
904,Branch_1099,4644,4649,1190.4761904761904,1
905,Branch_1100,4644,4648,1190.4761904761904,1
906,Branch_1101,4649,5082,20.79434393844874,1
907,Branch_1105,2356,2513,129.5336787564767,1
908,Branch_1107,1809,1832,13.40662287169862,1
909,Branch_1108,6955,7086,67.93478260869566,1
910,Branch_1109,2782,3672,70.6713780918728,1
911,Branch_1110,4074,4339,13.401232913428036,1
912,Branch_1111,4074,5243,2000.0,1
913,Branch_1112,4190,5243,18.145527127563057,1
914,Branch_1113,1809,2545,105.15247108307045,1
915,Branch_1114,5591,5711,45.392646391284615,1
916,Branch_1116,3061,3281,361.01083032490976,1
917,Branch_1117,3281,3460,869.5652173913044,1
918,Branch_1118,3460,4964,680.2721088435375,1
919,Branch_1119,3281,4738,110.86474501108647,1
920,Branch_1120,4964,5175,128.7001287001287,1
921,Branch_1121,5450,5506,17.319016279875303,1
922,Branch_1122,5450,5693,38.417210910487896,1
923,Branch_1123,5500,5614,96.06147934678194,1
924,Branch_1124,5614,5693,74.73841554559043,1
925,Branch_1125,2242,2716,79.42811755361397,1
926,Branch_1126,3175,4171,41.98152812762385,1
927,Branch_1127,3175,3792,106.15711252653928,1
928,Branch_1128,3128,4800,160.0,1
929,Branch_1129,3175,4800,16.88048615800135,1
930,Branch_1130,3792,3977,101.01010101010101,1
931,Branch_1131,3977,4425,46.2962962962963,1
932,Branch_1133,3613,4425,106.26992561105207,1
933,Branch_1134,3175,4904,199.20318725099602,1
934,Branch_1136,3175,4930,41.98152812762385,1
935,Branch_1137,4930,4933,158.22784810126583,1
936,Branch_1139,3642,4909,188.32391713747646,1
937,Branch_1140,4933,5009,520.8333333333334,1
938,Branch_1143,2451,2717,27.578599007170435,1
939,Branch_1145,2894,5260,158.47860538827257,1
940,Branch_1146,3128,5260,62.93266205160478,1
941,Branch_1148,4163,5169,699.3006993006993,1
942,Branch_1149,3195,4831,84.03361344537815,1
943,Branch_1150,4163,4831,77.04160246533128,1
944,Branch_1151,3195,4001,42.158516020236085,1
945,Branch_1152,4001,4835,25.031289111389235,1
946,Branch_1153,4163,4732,56.08524957936063,1
947,Branch_1154,4831,5851,2000.0,1
948,Branch_1155,4731,4732,346.02076124567475,1
949,Branch_1159,4046,4216,76.4525993883792,1
950,Branch_1160,4046,4835,238.6634844868735,1
951,Branch_1161,4449,4835,970.8737864077669,1
952,Branch_1162,3301,4216,53.05039787798408,1
953,Branch_1163,3301,3432,50.22601707684581,1
954,Branch_1164,3432,4306,87.41258741258741,1
955,Branch_1165,2438,2524,27.027027027027028,1
956,Branch_1167,5635,5640,69.44444444444444,1
957,Branch_1168,5447,5802,48.19277108433735,1
958,Branch_1169,5447,5735,155.52099533437013,1
959,Branch_1170,5447,5635,50.35246727089628,1
960,Branch_1171,5631,5807,76.62835249042145,1
961,Branch_1172,5635,5733,289.01734104046244,1
962,Branch_1173,5640,5807,15.432098765432098,1
963,Branch_1174,5726,5802,900.9009009009009,1
964,Branch_1175,5631,5726,41.911148365465216,1
965,Branch_1176,3040,4196,76.4525993883792,1
966,Branch_1177,4146,4919,344.82758620689657,1
967,Branch_1178,3461,4833,166.11295681063123,1
968,Branch_1179,3171,4146,144.3001443001443,1
969,Branch_1180,3171,4196,51.975051975051976,1
970,Branch_1181,3461,4919,45.91368227731864,1
971,Branch_1182,4833,4848,2000.0,1
972,Branch_1183,4738,4833,119.47431302270012,1
973,Branch_1184,3165,3990,82.16926869350863,1
974,Branch_1186,3165,3866,247.52475247524754,1
975,Branch_1187,1873,2270,23.815194093831863,1
976,Branch_1188,3482,4049,36.350418029807344,1
977,Branch_1190,3274,4941,213.67521367521368,1
978,Branch_1191,3274,4909,59.916117435590174,1
979,Branch_1192,3482,4941,182.81535648994515,1
980,Branch_1193,4287,4909,1351.3513513513512,1
981,Branch_1194,1994,2250,22.055580061755624,1
982,Branch_1195,4049,5146,233.6448598130841,1
983,Branch_1196,3118,3379,2000.0,1
984,Branch_1198,3118,3632,107.52688172043011,1
985,Branch_1199,3632,5146,28.20078962210942,1
986,Branch_1200,4071,5146,1041.6666666666667,1
987,Branch_1201,3632,4909,363.6363636363636,1
988,Branch_1203,3128,4974,38.15337657382678,1
989,Branch_1204,2877,4974,41.459369817578775,1
990,Branch_1205,2877,3352,50.505050505050505,1
991,Branch_1207,4958,4985,54.85463521667581,1
992,Branch_1209,4985,5085,98.4251968503937,1
993,Branch_1211,3201,3581,61.19951040391677,1
994,Branch_1212,2270,2570,12.204051745179399,1
995,Branch_1213,3423,4327,132.6259946949602,1
996,Branch_1214,5396,5549,2.44552591034702,1
997,Branch_1215,5385,5686,3.7993920972644375,1
998,Branch_1216,5386,5396,7.759155803848541,1
999,Branch_1217,5433,5854,724.6376811594203,1
1000,Branch_1218,2270,2502,66.00660066006601,1
1001,Branch_1220,5549,5800,5.918210333195241,1
1002,Branch_1221,5800,5854,653.59477124183,1
1003,Branch_1222,5426,5856,645.1612903225806,1
1004,Branch_1223,2270,2713,17.568517217146873,1
1005,Branch_1225,5579,5787,9.207255317189945,1
1006,Branch_1227,5462,5787,13.10272536687631,1
1007,Branch_1228,5549,5880,9.92950054612253,1
1008,Branch_1229,5579,5880,7.4710496824803885,1
1009,Branch_1230,4909,5085,85.1063829787234,1
1010,Branch_1231,1839,2570,26.518164942985944,1
1011,Branch_1232,9208,9255,6.410667350471184,1
1012,Branch_1233,9208,9707,4.527550142617829,1
1013,Branch_1234,9255,9290,69.3000693000693,1
1014,Branch_1235,1964,2570,61.387354205033766,1
1015,Branch_1236,9204,9290,5.304195618734419,1
1016,Branch_1237,9214,9380,5.09061290979434,1
1017,Branch_1238,9204,9379,11.309658448314861,1
1018,Branch_1239,9214,9696,14.992503748125937,1
1019,Branch_1240,1914,2258,183.8235294117647,1
1020,Branch_1241,5429,5667,142.45014245014244,1
1021,Branch_1242,5653,5737,5.3873505010235965,1
1022,Branch_1243,2308,2570,20.012007204322593,1
1023,Branch_1246,1860,2308,87.7963125548727,1
1024,Branch_1247,2992,3297,5.651952749675012,1
1025,Branch_1249,3299,6456,4.015902975784105,1
1026,Branch_1250,3294,3317,2000.0,1
1027,Branch_1251,9218,9301,15.487068297971193,1
1028,Branch_1252,9235,9405,108.34236186348862,1
1029,Branch_1253,9218,9235,4.570383912248629,1
1030,Branch_1255,1809,1925,79.74481658692186,1
1031,Branch_1256,3294,3320,2000.0,1
1032,Branch_1257,5269,6378,10.843634786380395,1
1033,Branch_1258,1859,2666,47.326076668244205,1
1034,Branch_1259,9190,9300,11.132138483802738,1
1035,Branch_1260,9190,9342,5.240540823813017,1
1036,Branch_1261,2078,2713,43.917435221783045,1
1037,Branch_1262,3076,3294,120.62726176115802,1
1038,Branch_1263,2665,2762,126.26262626262626,1
1039,Branch_1277,2090,2764,115.74074074074075,1
1040,Branch_1278,2463,2663,90.82652134423252,1
1041,Branch_1279,2042,2127,30.084235860409144,1
1042,Branch_1281,1853,2679,86.4304235090752,1
1043,Branch_1282,5519,5644,60.16847172081829,1
1044,Branch_1283,7303,7574,245.7002457002457,1
1045,Branch_1284,5405,5490,6.7114093959731544,1
1046,Branch_1285,5648,5730,11.285407967498026,1
1047,Branch_1286,5405,5648,8.682816705739342,1
1048,Branch_1287,5493,5648,16.43115346697338,1
1049,Branch_1288,5445,5493,23.3590282644242,1
1050,Branch_1289,5441,5730,5.863726984871584,1
1051,Branch_1290,7574,7592,53.85029617662897,1
1052,Branch_1293,1914,2157,24.84472049689441,1
1053,Branch_1294,2196,2488,54.734537493158186,1
1054,Branch_1295,5466,5544,259.0673575129534,1
1055,Branch_1296,3076,3294,120.62726176115802,1
1056,Branch_1297,3525,5236,8.442380751371887,1
1057,Branch_1298,9878,9883,10.895619960775768,1
1058,Branch_1299,4478,9883,1.852469341632396,1
1059,Branch_1300,2733,2743,34.51846738004833,1
1060,Branch_1301,3525,4478,3.6500346753294157,1
1061,Branch_1302,2115,2733,17.975912277548087,1
1062,Branch_1303,3076,4682,121.35922330097087,1
1063,Branch_1304,2102,2122,72.93946024799416,1
1064,Branch_1308,2581,2733,29.325513196480937,1
1065,Branch_1311,2937,3264,31.09452736318408,1
1066,Branch_1312,3264,4401,12.656625743576763,1
1067,Branch_1313,3264,4092,8.365400702693659,1
1068,Branch_1314,3651,4402,21.03491796381994,1
1069,Branch_1315,3651,4294,16.869095816464238,1
1070,Branch_1316,4078,4961,19.387359441644048,1
1071,Branch_1317,4078,4338,4.476676515355001,1
1072,Branch_1318,3651,4961,13.176966662274344,1
1073,Branch_1319,2810,4962,1315.7894736842106,1
1074,Branch_1320,2810,4961,2000.0,1
1075,Branch_1321,2451,2536,27.74694783573807,1
1076,Branch_1322,3493,3805,181.15942028985506,1
1077,Branch_1323,5663,5673,6.86436024162548,1
1078,Branch_1324,5559,5664,6.846970215679562,1
1079,Branch_1325,4274,4352,12.4750499001996,1
1080,Branch_1326,4352,5559,11.224604332697272,1
1081,Branch_1327,3223,4352,77.76049766718506,1
1082,Branch_1328,2276,2743,37.299515106303616,1
1083,Branch_1329,2904,3805,168.35016835016836,1
1084,Branch_1330,3612,4323,18.889308651303363,1
1085,Branch_1331,4172,4234,62.421972534332085,1
1086,Branch_1332,4172,4379,18.52537977028529,1
1087,Branch_1333,4378,4411,9.10166560480568,1
1088,Branch_1334,3612,4172,62.421972534332085,1
1089,Branch_1335,3724,4411,5.715592135345222,1
1090,Branch_1336,2115,2240,523.5602094240837,1
1091,Branch_1337,2904,4236,396.8253968253968,1
1092,Branch_1338,3612,4323,18.889308651303363,1
1093,Branch_1339,2893,3612,37.59398496240601,1
1094,Branch_1340,4172,4379,15.743073047858942,1
1095,Branch_1341,4378,4411,9.10166560480568,1
1096,Branch_1342,3612,4172,104.71204188481676,1
1097,Branch_1343,3724,4411,5.715592135345222,1
1098,Branch_1344,2244,2529,85.25149190110827,1
1099,Branch_1345,3804,4236,120.04801920768307,1
1100,Branch_1349,1924,6125,65.27415143603133,1
1101,Branch_1350,4236,4476,2000.0,1
1102,Branch_1351,3690,4476,377.35849056603774,1
1103,Branch_1352,5428,5544,111.11111111111111,1
1104,Branch_1354,6743,6776,11.453441759248655,1
1105,Branch_1355,3294,3404,264.55026455026456,1
1106,Branch_1356,3404,3493,221.72949002217294,1
1107,Branch_1357,4466,5271,21.963540522732263,1
1108,Branch_1358,4466,4593,5.689576695493855,1
1109,Branch_1359,3550,4593,16.68613382279326,1
1110,Branch_1360,3550,3686,31.25,1
1111,Branch_1363,3540,3592,8.278145695364238,1
1112,Branch_1364,6166,6605,218.8183807439825,1
1113,Branch_1365,9367,9438,59.701492537313435,1
1114,Branch_1366,9367,9401,7.416747014759326,1
1115,Branch_1369,2115,2478,50.68423720223011,1
1116,Branch_1370,9303,9438,4.936808846761453,1
1117,Branch_1371,9304,9441,7.555723460521345,1
1118,Branch_1372,6539,6545,39.96802557953637,1
1119,Branch_1373,4849,4855,2000.0,1
1120,Branch_1374,4404,5283,7.762167197081425,1
1121,Branch_1375,6509,6539,60.56935190793458,1
1122,Branch_1376,3183,5657,204.91803278688525,1
1123,Branch_1377,3383,4641,64.93506493506493,1
1124,Branch_1378,3383,5223,11.599582415033058,1
1125,Branch_1379,6077,6260,17.22949689869056,1
1126,Branch_1380,3183,5658,204.91803278688525,1
1127,Branch_1381,3031,3724,4.4929685042907845,1
1128,Branch_1382,3031,5223,11.403808872163303,1
1129,Branch_1383,3031,3510,12.330456226880395,1
1130,Branch_1384,3122,4641,8.2223318533136,1
1131,Branch_1385,1947,2115,48.94762604013705,1
1132,Branch_1386,3496,3715,6.959910913140312,1
1133,Branch_1387,3655,3715,30.826140567200987,1
1134,Branch_1388,3655,3922,26.961445133459154,1
1135,Branch_1389,3655,3714,12.20703125,1
1136,Branch_1390,3922,4117,7.851758793969849,1
1137,Branch_1391,2965,4117,38.417210910487896,1
1138,Branch_1392,3713,3724,6.826404532732609,1
1139,Branch_1393,2965,4161,9.998000399920016,1
1140,Branch_1395,3183,4542,51.4668039114771,1
1141,Branch_1396,4542,4849,432.9004329004329,1
1142,Branch_1397,2885,3447,5.054334091483447,1
1143,Branch_1398,2843,3724,3.665286075578199,1
1144,Branch_1399,2885,3314,11.406410402646287,1
1145,Branch_1400,2844,3549,28.011204481792717,1
1146,Branch_1401,3314,3549,6.520179956966812,1
1147,Branch_1402,1804,2115,40.19292604501608,1
1148,Branch_1403,3183,4849,58.13953488372093,1
1149,Branch_1404,1983,2249,12.175818823815902,1
1150,Branch_1405,5358,5544,259.0673575129534,1
1151,Branch_1406,4182,5236,7.265857734505558,1
1152,Branch_1407,3970,4284,12.416190712689346,1
1153,Branch_1408,3258,4284,2000.0,1
1154,Branch_1409,4284,5283,3.5752592062924564,1
1155,Branch_1410,3971,4182,7.440476190476191,1
1156,Branch_1411,3258,3962,19.849146486701073,1
1157,Branch_1415,2139,2420,211.41649048625794,1
1158,Branch_1416,4372,4832,229.3577981651376,1
1159,Branch_1417,5653,5679,3.667571334262451,1
1160,Branch_1418,4098,4457,8.509189925119129,1
1161,Branch_1419,4457,5374,10.336985734959686,1
1162,Branch_1420,5368,5374,8.756567425569177,1
1163,Branch_1421,5366,5368,31.665611146295124,1
1164,Branch_1422,5374,5446,8.755800717975658,1
1165,Branch_1423,5369,5679,2.5872551809785,1
1166,Branch_1424,3604,5275,38.40245775729647,1
1167,Branch_1425,3955,5242,9.08595311648192,1
1168,Branch_1426,3604,5242,23.623907394283016,1
1169,Branch_1427,3604,5446,11.163206072784103,1
1170,Branch_1428,2116,2183,16.663889351774703,1
1171,Branch_1429,2972,4372,1639.344262295082,1
1172,Branch_1430,1794,2116,90.74410163339383,1
1173,Branch_1431,4170,4426,4.2596694496507075,1
1174,Branch_1434,3554,4426,144.0922190201729,1
1175,Branch_1437,2115,2581,31.665611146295124,1
1176,Branch_1438,4832,4840,2000.0,1
1177,Branch_1439,2003,2006,6.509145349215648,1
1178,Branch_1440,1894,2895,2.632964718272775,1
1179,Branch_1441,1894,2007,11.99472232217824,1
1180,Branch_1442,1894,2357,112.10762331838565,1
1181,Branch_1443,2357,2385,2000.0,1
1182,Branch_1444,2357,2895,2.7125264471328596,1
1183,Branch_1446,6039,6309,12.333497779970399,1
1184,Branch_1447,6309,6379,28.129395218002813,1
1185,Branch_1449,5007,5658,51.07252298263534,1
1186,Branch_1451,4098,5854,2.824778961046298,1
1187,Branch_1452,3967,4098,8.210180623973727,1
1188,Branch_1453,2882,2956,27.070925825663238,1
1189,Branch_1454,2956,3823,138.88888888888889,1
1190,Branch_1456,6002,6077,14.712373105781962,1
1191,Branch_1457,3578,4080,11.71234481143125,1
1192,Branch_1458,2883,4080,7.081651441116068,1
1193,Branch_1459,3578,3771,22.119000221190003,1
1194,Branch_1460,2860,4041,23.40276152586005,1
1195,Branch_1461,3358,4041,136.05442176870747,1
1196,Branch_1462,3771,4747,8.91503967192654,1
1197,Branch_1463,3093,3788,5.733616191732126,1
1198,Branch_1464,3235,3788,24.307243558580456,1
1199,Branch_1465,3235,4193,27.22570106180234,1
1200,Branch_1466,5634,5765,52.38344683080147,1
1201,Branch_1467,5499,5670,67.65899864682002,1
1202,Branch_1468,5409,5670,40.12841091492777,1
1203,Branch_1469,5409,5765,104.27528675703859,1
1204,Branch_1470,5658,5731,40.46944556859571,1
1205,Branch_1471,5676,5797,4.922713399625874,1
1206,Branch_1472,5415,5676,4.924895345973898,1
1207,Branch_1473,5441,5797,4.5075501464953796,1
1208,Branch_1475,5415,5854,5.214036185411127,1
1209,Branch_1478,1856,2111,4.924167815639157,1
1210,Branch_1480,5007,5024,2000.0,1
1211,Branch_1481,2912,3811,4.564125969876769,1
1212,Branch_1484,4621,4640,151.05740181268882,1
1213,Branch_1485,1856,2153,5.382710733125202,1
1214,Branch_1486,3122,3550,8.539709649871904,1
1215,Branch_1487,4621,4640,162.33766233766235,1
1216,Branch_1488,1785,2072,74.01924500370096,1
1217,Branch_1489,4832,5007,862.0689655172414,1
1218,Branch_1490,4674,4682,2000.0,1
1219,Branch_1491,4675,4682,2000.0,1
1220,Branch_1492,1996,2025,45.289855072463766,1
1221,Branch_1495,2089,3674,4.425366199052972,1
1222,Branch_1496,3269,4686,7.691716021844473,1
1223,Branch_1497,3269,5259,8.835483300936561,1
1224,Branch_1498,4578,4686,10.06947940791461,1
1225,Branch_1500,4578,5047,18.67762420620097,1
1226,Branch_1501,3675,5047,28.90173410404624,1
1227,Branch_1503,2076,2563,19.35733643050716,1
1228,Branch_1505,2895,5259,39.635354736424894,1
1229,Branch_1506,6201,6321,14.238929232521714,1
1230,Branch_1510,2837,4285,6.959910913140312,1
1231,Branch_1515,5370,5657,826.4462809917355,1
1232,Branch_1518,2134,2636,55.18763796909492,1
1233,Branch_1519,1792,2534,116.27906976744185,1
1234,Branch_1520,1960,2534,57.17552887364208,1
1235,Branch_1522,1792,2449,33.222591362126245,1
1236,Branch_1523,1846,1966,32.829940906106366,1
1237,Branch_1525,2449,2754,25.342118601115054,1
1238,Branch_1527,5475,5530,45.248868778280546,1
1239,Branch_1528,2573,2737,67.29475100942126,1
1240,Branch_1529,3183,5530,91.6590284142988,1
1241,Branch_1530,6122,7298,5.754071005236205,1
1242,Branch_1531,2042,2706,118.06375442739079,1
1243,Branch_1532,3183,5530,91.6590284142988,1
1244,Branch_1533,1848,2706,63.171193935565384,1
1245,Branch_1534,6201,6408,16.433853738701725,1
1246,Branch_1535,2611,2706,28.61230329041488,1
1247,Branch_1536,5657,5731,41.562759767248544,1
1248,Branch_1537,2042,2275,69.63788300835654,1
1249,Branch_1538,5382,5530,120.04801920768307,1
1250,Branch_1539,2558,2705,39.666798889329634,1
1251,Branch_1540,5382,5530,120.04801920768307,1
1252,Branch_1541,2514,2728,62.57822277847309,1
1253,Branch_1542,5530,5743,2000.0,1
1254,Branch_1543,2518,2764,123.15270935960591,1
1255,Branch_1544,5530,5743,2000.0,1
1256,Branch_1545,1956,2435,13.795006207752794,1
1257,Branch_1546,5530,5657,60.38647342995169,1
1258,Branch_1547,2252,2606,43.89815627743635,1
1259,Branch_1548,6335,6373,19.73164956590371,1
1260,Branch_1549,1777,2028,162.60162601626016,1
1261,Branch_1550,2133,6205,45.146726862302486,1
1262,Branch_1551,1777,2507,175.7469244288225,1
1263,Branch_1552,2896,4579,1282.051282051282,1
1264,Branch_1553,1974,2453,61.576354679802954,1
1265,Branch_1554,3370,3436,132.1003963011889,1
1266,Branch_1555,2545,2588,25.03755633450175,1
1267,Branch_1556,3370,3436,135.13513513513513,1
1268,Branch_1557,1835,2466,16.86056314280897,1
1269,Branch_1558,2609,2717,26.65955745134631,1
1270,Branch_1559,2466,2609,22.040996253030638,1
1271,Branch_1560,2228,2245,4.701457451810061,1
1272,Branch_1561,2159,6205,49.6031746031746,1
1273,Branch_1562,2228,2461,4.440891731059597,1
1274,Branch_1563,2972,3422,217.8649237472767,1
1275,Branch_1564,1963,2461,8.236553825879252,1
1276,Branch_1565,3423,5344,689.6551724137931,1
1277,Branch_1566,1828,2461,68.44626967830253,1
1278,Branch_1567,2972,5344,334.44816053511704,1
1279,Branch_1568,1866,1963,3.1939697850458333,1
1280,Branch_1569,1866,2236,28.6697247706422,1
1281,Branch_1570,1965,2460,49.75124378109453,1
1282,Branch_1571,1961,2021,190.83969465648855,1
1283,Branch_1573,1824,2560,75.18796992481202,1
1284,Branch_1574,2642,6205,19.960079840319363,1
1285,Branch_1575,1808,2311,43.327556325823224,1
1286,Branch_1576,2146,2452,35.536602700781806,1
1287,Branch_1577,1808,1935,77.76049766718506,1
1288,Branch_1578,1808,1935,77.76049766718506,1
1289,Branch_1579,2021,2452,31.436655139893116,1
1290,Branch_1580,5937,6166,19.047619047619047,1
1291,Branch_1581,2146,2613,30.8546744831842,1
1292,Branch_1583,1831,2547,552.4861878453039,1
1293,Branch_1584,5900,6257,27.75464890369137,1
1294,Branch_1585,1802,1859,247.52475247524754,1
1295,Branch_1586,2050,2678,10.695187165775401,1
1296,Branch_1587,2896,3824,469.4835680751174,1
1297,Branch_1589,1808,2021,24.783147459727385,1
1298,Branch_1590,8059,8122,6.680026720106881,1
1299,Branch_1591,7022,7444,5.420935653493793,1
1300,Branch_1592,2629,2678,17.885888034340905,1
1301,Branch_1593,1982,2678,5.599104143337066,1
1302,Branch_1595,3164,4949,145.98540145985402,1
1303,Branch_1596,3036,3164,199.20318725099602,1
1304,Branch_1598,3036,4949,555.5555555555555,1
1305,Branch_1599,3804,4949,555.5555555555555,1
1306,Branch_1600,7030,7358,8.605851979345955,1
1307,Branch_1601,3164,3690,173.61111111111111,1
1308,Branch_1602,1982,2547,16.501650165016503,1
1309,Branch_1603,3804,4949,552.4861878453039,1
1310,Branch_1604,6997,7197,6.190034045187248,1
1311,Branch_1605,1828,2547,17.57469244288225,1
1312,Branch_1607,2824,4915,420.16806722689074,1
1313,Branch_1608,3042,5210,746.2686567164179,1
1314,Branch_1609,3225,5267,775.1937984496124,1
1315,Branch_1610,3225,4414,84.53085376162299,1
1316,Branch_1611,3042,5267,2000.0,1
1317,Branch_1612,2182,2576,337.8378378378378,1
1318,Branch_1613,2824,2972,97.75171065493646,1
1319,Branch_1614,3196,5211,2000.0,1
1320,Branch_1615,3043,3196,1000.0,1
1321,Branch_1616,3227,5266,775.1937984496124,1
1322,Branch_1617,3196,3212,1063.8297872340424,1
1323,Branch_1618,3227,4414,84.60236886632826,1
1324,Branch_1619,3043,5266,2000.0,1
1325,Branch_1620,1801,1956,66.2251655629139,1
1326,Branch_1621,2824,5113,2000.0,1
1327,Branch_1622,3234,4198,189.75332068311195,1
1328,Branch_1623,3110,4198,96.89922480620154,1
1329,Branch_1624,2951,3234,115.47344110854503,1
1330,Branch_1627,5004,5301,154.5595054095827,1
1331,Branch_1628,2951,5004,154.5595054095827,1
1332,Branch_1629,5050,5301,87.33624454148472,1
1333,Branch_1630,3800,5050,131.06159895150722,1
1334,Branch_1631,1801,2730,30.039050765995796,1
1335,Branch_1632,2225,2492,31.585596967782692,1
1336,Branch_1634,6955,7070,86.65511265164645,1
1337,Branch_1635,5464,5543,259.0673575129534,1
1338,Branch_1636,8122,8282,2.0661157024793386,1
1339,Branch_1637,3690,4258,203.2520325203252,1
1340,Branch_1638,5183,5194,109.05125408942203,1
1341,Branch_1640,3820,5194,152.9051987767584,1
1342,Branch_1641,3820,4318,173.3102253032929,1
1343,Branch_1642,1879,2741,15.356265356265355,1
1344,Branch_1643,4915,4995,2000.0,1
1345,Branch_1645,3336,4312,1515.1515151515152,1
1346,Branch_1646,3368,3814,248.13895781637717,1
1347,Branch_1647,3053,3368,248.13895781637717,1
1348,Branch_1648,3336,3368,104.9317943336831,1
1349,Branch_1649,2905,3348,66.53359946773121,1
1350,Branch_1650,3053,3759,467.2897196261682,1
1351,Branch_1651,3348,3728,518.1347150259068,1
1352,Branch_1652,3053,3728,150.15015015015015,1
1353,Branch_1653,3660,5194,99.00990099009901,1
1354,Branch_1654,3348,3660,56.78591709256104,1
1355,Branch_1655,1879,2718,37.95066413662239,1
1356,Branch_1656,3305,5194,94.42870632672333,1
1357,Branch_1657,3389,5200,132.9787234042553,1
1358,Branch_1658,5126,5200,82.91873963515755,1
1359,Branch_1659,3389,4133,242.71844660194174,1
1360,Branch_1660,3943,4133,312.5,1
1361,Branch_1661,3305,4133,288.1844380403458,1
1362,Branch_1662,540,1879,5.459111256687411,1
1363,Branch_1663,2896,3824,469.4835680751174,1
1364,Branch_1664,3306,5194,94.42870632672333,1
1365,Branch_1665,4432,5199,2000.0,1
1366,Branch_1666,5126,5199,82.91873963515755,1
1367,Branch_1667,3602,3944,328.94736842105266,1
1368,Branch_1668,3388,4432,140.0560224089636,1
1369,Branch_1669,3388,4134,242.71844660194174,1
1370,Branch_1670,3380,4432,120.62726176115802,1
1371,Branch_1671,3944,4134,312.5,1
1372,Branch_1672,3306,4134,288.1844380403458,1
1373,Branch_1673,807,1380,37.397157816005986,1
1374,Branch_1674,4896,5194,97.37098344693281,1
1375,Branch_1675,2952,3659,70.2247191011236,1
1376,Branch_1676,3659,4896,2000.0,1
1377,Branch_1679,5005,5302,170.64846416382252,1
1378,Branch_1680,2952,5005,143.47202295552367,1
1379,Branch_1681,5049,5302,91.32420091324201,1
1380,Branch_1682,3800,5049,136.986301369863,1
1381,Branch_1683,819,1631,19.10219675262655,1
1382,Branch_1684,3165,3502,39.603960396039604,1
1383,Branch_1685,1867,2636,19.227071716977505,1
1384,Branch_1686,5988,6045,2.3573230239739753,1
1385,Branch_1687,6249,6257,21.24946876328092,1
1386,Branch_1688,5429,5543,125.62814070351759,1
1387,Branch_1689,3165,5126,44.72271914132379,1
1388,Branch_1690,4120,5208,396.8253968253968,1
1389,Branch_1691,3929,4120,714.2857142857143,1
1390,Branch_1692,3872,5208,552.4861878453039,1
1391,Branch_1693,3831,3872,277.77777777777777,1
1392,Branch_1694,3165,5126,44.72271914132379,1
1393,Branch_1695,3428,5126,72.20216606498195,1
1394,Branch_1696,1832,1981,105.26315789473684,1
1395,Branch_1697,3165,3869,75.47169811320755,1
1396,Branch_1698,3869,4149,144.3001443001443,1
1397,Branch_1699,3381,4149,243.30900243309003,1
1398,Branch_1700,3110,4149,219.2982456140351,1
1399,Branch_1701,1943,2138,58.0046403712297,1
1400,Branch_1702,4405,9433,2000.0,1
1401,Branch_1703,4006,4422,277.77777777777777,1
1402,Branch_1704,2994,3138,202.83975659229208,1
1403,Branch_1705,3138,4279,318.47133757961785,1
1404,Branch_1706,4422,5244,160.25641025641025,1
1405,Branch_1707,4279,5244,400.0,1
1406,Branch_1708,3572,4279,374.53183520599254,1
1407,Branch_1709,2487,2756,5.150126178091363,1
1408,Branch_1710,4009,4421,289.8550724637681,1
1409,Branch_1711,3137,4186,934.5794392523364,1
1410,Branch_1712,2994,3137,202.83975659229208,1
1411,Branch_1713,4186,5250,374.53183520599254,1
1412,Branch_1714,3877,5250,119.61722488038278,1
1413,Branch_1715,4186,4280,480.7692307692308,1
1414,Branch_1716,4421,5245,160.25641025641025,1
1415,Branch_1717,4280,5245,400.0,1
1416,Branch_1718,3573,4280,122.85012285012284,1
1417,Branch_1719,3824,4915,862.0689655172414,1
1418,Branch_1720,3316,4004,840.3361344537815,1
1419,Branch_1721,3316,4112,39.98400639744102,1
1420,Branch_1722,2480,2537,116.27906976744185,1
1421,Branch_1723,3315,4005,840.3361344537815,1
1422,Branch_1724,3315,4112,40.04805766920305,1
1423,Branch_1725,2329,2480,115.34025374855824,1
1424,Branch_1726,3480,3846,69.25207756232687,1
1425,Branch_1727,3846,3883,119.47431302270012,1
1426,Branch_1728,2917,3480,235.8490566037736,1
1427,Branch_1729,3857,3939,636.9426751592357,1
1428,Branch_1730,2994,3939,224.7191011235955,1
1429,Branch_1731,3857,3883,1428.5714285714287,1
1430,Branch_1732,2675,2703,29.01915264074289,1
1431,Branch_1733,5363,5543,259.0673575129534,1
1432,Branch_1734,2868,3565,148.5884101040119,1
1433,Branch_1735,3491,4276,602.4096385542168,1
1434,Branch_1736,3565,3691,141.24293785310735,1
1435,Branch_1737,3491,4019,448.4304932735426,1
1436,Branch_1738,2868,4717,2000.0,1
1437,Branch_1739,4276,4717,403.2258064516129,1
1438,Branch_1740,5469,5507,42.69854824935952,1
1439,Branch_1741,8285,8733,70.47216349541931,1
1440,Branch_1743,3777,4349,418.41004184100416,1
1441,Branch_1744,3777,5193,84.24599831508003,1
1442,Branch_1745,3500,3777,314.4654088050315,1
1443,Branch_1746,3500,5201,314.4654088050315,1
1444,Branch_1747,3492,4349,74.23904974016332,1
1445,Branch_1748,3492,4020,448.4304932735426,1
1446,Branch_1749,4454,5192,84.24599831508003,1
1447,Branch_1750,3501,4454,314.4654088050315,1
1448,Branch_1751,3501,5201,314.4654088050315,1
1449,Branch_1752,3598,4454,151.9756838905775,1
1450,Branch_1753,3691,4272,165.28925619834712,1
1451,Branch_1754,3598,4272,2000.0,1
1452,Branch_1755,3956,4272,170.06802721088437,1
1453,Branch_1756,3076,4960,136.986301369863,1
1454,Branch_1760,3596,3691,156.73981191222572,1
1455,Branch_1761,1931,2432,2000.0,1
1456,Branch_1762,4328,5126,76.5696784073507,1
1457,Branch_1763,3603,3958,189.3939393939394,1
1458,Branch_1764,3747,3958,2000.0,1
1459,Branch_1765,3958,5247,152.4390243902439,1
1460,Branch_1766,3060,4328,130.03901170351105,1
1461,Branch_1767,3060,3747,362.3188405797101,1
1462,Branch_1768,4238,5247,86.13264427217915,1
1463,Branch_1769,3163,4329,126.42225031605562,1
1464,Branch_1770,3163,5126,204.49897750511246,1
1465,Branch_1771,3163,3248,113.63636363636364,1
1466,Branch_1772,3248,4335,121.50668286755771,1
1467,Branch_1773,4335,5248,85.61643835616438,1
1468,Branch_1774,1867,2703,15.74555188159345,1
1469,Branch_1776,3135,3691,38.729666924864446,1
1470,Branch_1777,3691,4177,133.33333333333334,1
1471,Branch_1778,3246,4177,115.60693641618496,1
1472,Branch_1780,4177,4394,50.30181086519115,1
1473,Branch_1781,5126,5354,189.0359168241966,1
1474,Branch_1782,3246,5354,104.9317943336831,1
1475,Branch_1783,6077,6264,257.7319587628866,1
1476,Branch_1784,5498,5591,50.787201625190455,1
1477,Branch_1785,3134,5189,139.86013986013987,1
1478,Branch_1786,5189,5300,72.99270072992701,1
1479,Branch_1787,2330,2354,2000.0,1
1480,Branch_1789,4533,4991,245.7002457002457,1
1481,Branch_1790,4990,4991,2000.0,1
1482,Branch_1792,2330,4991,151.74506828528072,1
1483,Branch_1793,4275,4768,93.28358208955224,1
1484,Branch_1794,2867,5212,303.951367781155,1
1485,Branch_1795,3134,5188,188.32391713747646,1
1486,Branch_1796,2867,4716,2000.0,1
1487,Branch_1797,4275,4716,403.2258064516129,1
1488,Branch_1798,4768,5188,164.20361247947454,1
1489,Branch_1799,3566,3691,141.24293785310735,1
1490,Branch_1800,3566,5212,165.28925619834712,1
1491,Branch_1801,2330,5382,126.26262626262626,1
1492,Branch_1802,8200,8922,45.64125969876768,1
1493,Branch_1803,3493,5498,25.641025641025642,1
1494,Branch_1804,2890,3135,149.2537313432836,1
1495,Branch_1805,2331,2352,2000.0,1
1496,Branch_1807,2317,5382,176.05633802816902,1
1497,Branch_1811,2317,2331,221.72949002217294,1
1498,Branch_1812,4533,5081,271.00271002710025,1
1499,Branch_1815,2331,5081,218.8183807439825,1
1500,Branch_1816,4533,4944,2000.0,1
1501,Branch_1817,1786,2582,61.881188118811885,1
1502,Branch_1818,3041,3226,769.2307692307693,1
1503,Branch_1819,3005,3226,97.46588693957115,1
1504,Branch_1820,3004,4414,75.75757575757575,1
1505,Branch_1821,2905,3005,103.95010395010395,1
1506,Branch_1823,8467,8820,190.47619047619048,1
1507,Branch_1824,3134,3158,729.92700729927,1
1508,Branch_1825,3158,3213,649.3506493506494,1
1509,Branch_1826,8467,8472,2000.0,1
1510,Branch_1827,8467,8468,2000.0,1
1511,Branch_1828,8387,8877,120.77294685990339,1
1512,Branch_1829,8467,8877,144.3001443001443,1
1513,Branch_1830,2440,2714,4.531037607612143,1
1514,Branch_1832,6133,6482,67.79661016949153,1
1515,Branch_1833,3135,3159,729.92700729927,1
1516,Branch_1834,3159,3214,649.3506493506494,1
1517,Branch_1835,6133,6482,67.79661016949153,1
1518,Branch_1836,6133,6484,142.65335235378032,1
1519,Branch_1837,6133,6484,142.65335235378032,1
1520,Branch_1838,6484,6490,66.2251655629139,1
1521,Branch_1839,7984,8390,2000.0,1
1522,Branch_1840,6484,6490,66.2251655629139,1
1523,Branch_1841,9507,9825,111.23470522803115,1
1524,Branch_1842,9525,9825,93.28358208955224,1
1525,Branch_1843,9507,9525,50.9683995922528,1
1526,Branch_1844,6225,6497,228.83295194508008,1
1527,Branch_1845,6482,6497,57.17552887364208,1
1528,Branch_1846,6482,6497,57.17552887364208,1
1529,Branch_1847,4361,4363,2000.0,1
1530,Branch_1848,4372,4517,2000.0,1
1531,Branch_1851,7955,7976,132.9787234042553,1
1532,Branch_1852,8645,8736,54.97526113249038,1
1533,Branch_1853,8645,8808,156.73981191222572,1
1534,Branch_1854,8645,8808,156.73981191222572,1
1535,Branch_1856,7976,9121,177.61989342806393,1
1536,Branch_1858,8590,9121,77.82101167315174,1
1537,Branch_1859,7955,8590,45.682960255824575,1
1538,Branch_1860,8590,8808,41.37360364087712,1
1539,Branch_1861,8590,8808,41.37360364087712,1
1540,Branch_1862,7435,7576,49.333991119881595,1
1541,Branch_1863,2879,3034,293.2551319648094,1
1542,Branch_1864,3256,5232,138.88888888888889,1
1543,Branch_1865,3034,3654,319.4888178913738,1
1544,Branch_1866,2879,5232,293.2551319648094,1
1545,Branch_1867,2880,3033,293.2551319648094,1
1546,Branch_1868,3255,5233,138.88888888888889,1
1547,Branch_1869,3033,3652,319.4888178913738,1
1548,Branch_1870,2880,5233,293.2551319648094,1
1549,Branch_1871,6220,6245,6.236357966947303,1
1550,Branch_1873,3339,3752,411.52263374485597,1
1551,Branch_1874,2994,3752,377.35849056603774,1
1552,Branch_1875,2806,3255,2000.0,1
1553,Branch_1876,2806,3338,201.61290322580646,1
1554,Branch_1877,1800,2731,12.769761205465457,1
1555,Branch_1878,6045,6249,6.741270055278415,1
1556,Branch_1880,3338,3751,411.52263374485597,1
1557,Branch_1881,2994,3751,377.35849056603774,1
1558,Branch_1882,2805,3256,2000.0,1
1559,Branch_1883,2805,3339,199.6007984031936,1
1560,Branch_1884,3949,4510,57.8368999421631,1
1561,Branch_1887,4355,9530,121.21212121212122,1
1562,Branch_1888,3830,4542,43.78283712784589,1
1563,Branch_1889,3831,4542,43.78283712784589,1
1564,Branch_1890,4544,5016,120.48192771084338,1
1565,Branch_1893,5016,5046,2000.0,1
1566,Branch_1895,2766,6497,22.763487366264513,1
1567,Branch_1896,4868,5016,602.4096385542168,1
1568,Branch_1897,2766,6225,24.968789013732835,1
1569,Branch_1898,3384,4667,267.379679144385,1
1570,Branch_1899,2766,4667,48.355899419729205,1
1571,Branch_1900,2766,4844,2000.0,1
1572,Branch_1901,4877,4887,2000.0,1
1573,Branch_1903,2766,4877,38.03727653100038,1
1574,Branch_1904,3436,4877,32.552083333333336,1
1575,Branch_1905,3436,4778,28.538812785388128,1
1576,Branch_1906,2766,4778,45.78754578754579,1
1577,Branch_1908,4960,5630,31.51591553734636,1
1578,Branch_1909,3974,4568,94.07337723424271,1
1579,Branch_1910,3256,5299,78.125,1
1580,Branch_1911,3607,4568,429.18454935622316,1
1581,Branch_1912,3727,4568,54.02485143165856,1
1582,Branch_1915,3727,4568,54.02485143165856,1
1583,Branch_1918,4801,9544,100.80645161290323,1
1584,Branch_1919,3727,4801,24.277737314882252,1
1585,Branch_1920,4870,9545,47.551117451260104,1
1586,Branch_1921,3727,4870,33.67003367003367,1
1587,Branch_1924,2192,2655,112.61261261261261,1
1588,Branch_1925,3255,5278,364.963503649635,1
1589,Branch_1926,1895,2532,36.496350364963504,1
1590,Branch_1927,3256,5277,364.963503649635,1
1591,Branch_1928,3256,4645,1010.10101010101,1
1592,Branch_1929,3255,4646,1098.901098901099,1
1593,Branch_1931,4960,5020,2000.0,1
1594,Branch_1932,3255,3702,411.52263374485597,1
1595,Branch_1933,3007,3702,168.35016835016836,1
1596,Branch_1934,3420,4028,236.4066193853428,1
1597,Branch_1935,3007,4028,132.27513227513228,1
1598,Branch_1936,4028,4414,617.283950617284,1
1599,Branch_1937,2184,2532,194.1747572815534,1
1600,Branch_1938,3256,3703,370.3703703703704,1
1601,Branch_1939,3008,3703,168.35016835016836,1
1602,Branch_1940,3008,4414,108.93246187363835,1
1603,Branch_1941,2124,2432,33.200531208499335,1
1604,Branch_1942,5591,5630,49.9001996007984,1
1605,Branch_1943,3419,4414,138.12154696132598,1
1606,Branch_1944,1928,2525,25.220680958385877,1
1607,Branch_1945,2889,3134,157.9778830963665,1
1608,Branch_1946,2889,4318,201.61290322580646,1
1609,Branch_1947,2891,4318,190.11406844106463,1
1610,Branch_1948,1978,2695,38.299502106472616,1
1611,Branch_1949,4273,4414,106.04453870625663,1
1612,Branch_1950,2905,4273,106.04453870625663,1
1613,Branch_1951,4318,5144,112.86681715575621,1
1614,Branch_1952,2905,5144,467.2897196261682,1
1615,Branch_1953,1854,2559,1.4900242873958847,1
1616,Branch_1954,5540,5680,68.1663258350375,1
1617,Branch_1955,6249,6379,13.892747985551543,1
1618,Branch_1956,3283,4318,649.3506493506494,1
1619,Branch_1957,3283,3821,150.6024096385542,1
1620,Branch_1958,3821,5194,154.5595054095827,1
1621,Branch_1959,3804,4769,86.80555555555556,1
1622,Branch_1960,4769,4775,2000.0,1
1623,Branch_1961,4542,4769,98.61932938856016,1
1624,Branch_1962,3804,4773,54.200542005420054,1
1625,Branch_1963,4773,4779,2000.0,1
1626,Branch_1964,4542,4773,279.3296089385475,1
1627,Branch_1965,4355,4555,118.90606420927467,1
1628,Branch_1967,3370,4579,150.6024096385542,1
1629,Branch_1968,2514,2611,59.523809523809526,1
1630,Branch_1969,5591,5680,117.50881316098707,1
1631,Branch_1970,3366,3697,103.30578512396694,1
1632,Branch_1971,2910,3366,152.9051987767584,1
1633,Branch_1972,4522,4925,86.58008658008659,1
1634,Branch_1973,3697,3813,49.9001996007984,1
1635,Branch_1974,3452,3697,47.05882352941177,1
1636,Branch_1975,3452,3758,147.49262536873155,1
1637,Branch_1976,3452,4414,67.38544474393531,1
1638,Branch_1977,2910,3785,57.50431282346176,1
1639,Branch_1978,2910,4522,2000.0,1
1640,Branch_1979,4318,5145,111.48272017837235,1
1641,Branch_1980,2905,5145,467.2897196261682,1
1642,Branch_1981,1935,1995,91.82736455463728,1
1643,Branch_1982,5429,5680,22.56317689530686,1
1644,Branch_1983,2939,4150,303.951367781155,1
1645,Branch_1984,2939,3394,246.91358024691357,1
1646,Branch_1985,2939,5163,336.7003367003367,1
1647,Branch_1986,2994,3394,617.283950617284,1
1648,Branch_1987,3800,4925,81.83306055646482,1
1649,Branch_1988,2940,4151,303.030303030303,1
1650,Branch_1989,2940,3393,246.91358024691357,1
1651,Branch_1990,2940,5163,336.7003367003367,1
1652,Branch_1991,2994,3393,617.283950617284,1
1653,Branch_1992,1852,2514,87.41258741258741,1
1654,Branch_1993,3548,3878,156.25,1
1655,Branch_1994,2994,3548,347.22222222222223,1
1656,Branch_1995,3548,3858,478.4688995215311,1
1657,Branch_1996,3858,3883,2000.0,1
1658,Branch_1997,2932,3457,278.55153203342616,1
1659,Branch_1998,2932,3883,581.3953488372093,1
1660,Branch_1999,3481,3845,69.25207756232687,1
1661,Branch_2000,3696,3883,284.9002849002849,1
1662,Branch_2001,2917,3481,235.8490566037736,1
1663,Branch_2002,3696,3845,194.55252918287937,1
1664,Branch_2003,3011,4112,30.275507114744173,1
1665,Branch_2004,3337,4313,1515.1515151515152,1
1666,Branch_2005,3011,5324,2000.0,1
1667,Branch_2006,3011,3337,93.10986964618249,1
1668,Branch_2007,4414,5141,44.38526409232135,1
1669,Branch_2008,5141,5324,2000.0,1
1670,Branch_2010,5563,5680,2000.0,1
1671,Branch_2011,4112,5324,29.895366218236173,1
1672,Branch_2012,4414,4434,80.58017727639,1
1673,Branch_2013,5140,5324,2000.0,1
1674,Branch_2014,4434,5140,98.81422924901186,1
1675,Branch_2015,2078,2570,32.62642740619902,1
1676,Branch_2016,5540,5841,157.9778830963665,1
1677,Branch_2017,3635,4004,89.44543828264759,1
1678,Branch_2018,3635,3819,138.12154696132598,1
1679,Branch_2019,3819,4414,83.75209380234506,1
1680,Branch_2020,4004,4112,38.74467260751646,1
1681,Branch_2021,2588,2609,26.143790849673202,1
1682,Branch_2022,3636,4005,89.44543828264759,1
1683,Branch_2023,3636,3818,138.12154696132598,1
1684,Branch_2024,3818,4414,83.75209380234506,1
1685,Branch_2025,4005,4112,38.74467260751646,1
1686,Branch_2026,1848,1852,55.61735261401557,1
1687,Branch_2027,5935,6249,8.429570934839417,1
1688,Branch_2028,1664,1666,1190.4761904761904,1
1689,Branch_2029,2945,3141,128.36970474967907,1
1690,Branch_2030,3141,5163,119.33174224343675,1
1691,Branch_2031,2945,4319,176.3668430335097,1
1692,Branch_2032,2917,4319,69.25207756232687,1
1693,Branch_2033,3010,4319,502.51256281407035,1
1694,Branch_2034,2851,4918,42.716787697565145,1
1695,Branch_2035,4918,4947,2000.0,1
1696,Branch_2036,4510,4918,617.283950617284,1
1697,Branch_2037,4510,9525,13.458950201884253,1
1698,Branch_2038,4510,9525,13.458950201884253,1
1699,Branch_2039,1785,2087,1282.051282051282,1
1700,Branch_2040,5507,5591,53.10674455655868,1
1701,Branch_2041,1785,2086,1265.8227848101267,1
1702,Branch_2042,1822,2551,40.08016032064128,1
1703,Branch_2043,3429,5126,43.38394793926247,1
1704,Branch_2044,2045,2562,144.7178002894356,1
1705,Branch_2045,2874,5201,91.15770282588879,1
1706,Branch_2046,2874,4398,179.85611510791367,1
1707,Branch_2047,4398,5163,206.61157024793388,1
1708,Branch_2049,2873,5201,84.31703204047217,1
1709,Branch_2050,2873,4399,188.32391713747646,1
1710,Branch_2051,4399,5163,201.61290322580646,1
1711,Branch_2052,1780,2046,66.711140760507,1
1712,Branch_2054,4495,5201,123.76237623762377,1
1713,Branch_2055,3115,3664,61.881188118811885,1
1714,Branch_2056,3115,4495,123.76237623762377,1
1715,Branch_2058,539,1381,5.1020408163265305,1
1716,Branch_2059,4496,5201,123.76237623762377,1
1717,Branch_2060,3114,3508,126.58227848101266,1
1718,Branch_2061,3508,3664,126.58227848101266,1
1719,Branch_2062,3114,4496,123.76237623762377,1
1720,Branch_2064,2498,2733,44.20866489832007,1
1721,Branch_2065,1941,2008,403.2258064516129,1
1722,Branch_2067,3309,4316,1098.901098901099,1
1723,Branch_2068,3309,3334,1265.8227848101267,1
1724,Branch_2069,2933,3334,66.00660066006601,1
1725,Branch_2070,3334,5191,110.74197120708749,1
1726,Branch_2071,3664,5191,127.7139208173691,1
1727,Branch_2072,3911,5191,584.7953216374269,1
1728,Branch_2073,3142,4634,380.22813688212926,1
1729,Branch_2074,3142,5163,119.61722488038278,1
1730,Branch_2075,2933,3462,201.61290322580646,1
1731,Branch_2076,3112,3462,403.2258064516129,1
1732,Branch_2077,3112,4634,201.61290322580646,1
1733,Branch_2078,2460,2679,36.023054755043226,1
1734,Branch_2079,2419,6174,27.662517289073307,1
1735,Branch_2080,2830,4510,31.036623215394165,1
1736,Branch_2081,2795,4510,189.0359168241966,1
1737,Branch_2082,2795,2830,37.65060240963855,1
1738,Branch_2083,4119,5860,35.27336860670194,1
1739,Branch_2084,1776,1871,87.64241893076249,1
1740,Branch_2085,3076,4119,135.13513513513513,1
1741,Branch_2086,5927,5990,46.51162790697674,1
1742,Branch_2087,5860,5862,2000.0,1
1743,Branch_2088,4303,4400,254.4529262086514,1
1744,Branch_2089,3514,4400,180.18018018018017,1
1745,Branch_2090,4303,4414,160.77170418006432,1
1746,Branch_2091,4303,4435,362.3188405797101,1
1747,Branch_2092,3514,3981,325.7328990228013,1
1748,Branch_2093,5838,5860,617.283950617284,1
1749,Branch_2094,5920,6032,3.8137370809656383,1
1750,Branch_2095,2036,2527,24.752475247524753,1
1751,Branch_2096,5644,5838,119.04761904761905,1
1752,Branch_2097,1777,1957,282.4858757062147,1
1753,Branch_2098,2147,2666,769.2307692307693,1
1754,Branch_2099,9730,9745,2000.0,1
1755,Branch_2102,5644,9730,57.4052812858783,1
1756,Branch_2104,1838,1867,40.19292604501608,1
1757,Branch_2105,9229,9730,121.21212121212122,1
1758,Branch_2107,9236,9900,58.47953216374269,1
1759,Branch_2108,3134,3653,847.457627118644,1
1760,Branch_2109,1966,2751,29.682398337785692,1
1761,Branch_2110,9229,9453,826.4462809917355,1
1762,Branch_2111,2787,3503,125.0,1
1763,Branch_2112,9229,9452,826.4462809917355,1
1764,Branch_2113,9229,9900,253.80710659898477,1
1765,Branch_2114,3503,5127,7.861635220125787,1
1766,Branch_2115,2030,2600,2000.0,1
1767,Branch_2117,3076,3899,136.6120218579235,1
1768,Branch_2118,2030,2600,2000.0,1
1769,Branch_2119,1803,1892,27.785495971103085,1
1770,Branch_2120,2147,2650,60.27727546714888,1
1771,Branch_2121,9900,9918,2000.0,1
1772,Branch_2122,1867,6174,66.40106241699867,1
1773,Branch_2123,3076,4119,135.13513513513513,1
1774,Branch_2124,9136,9236,2000.0,1
1775,Branch_2126,2830,9136,48.5201358563804,1
1776,Branch_2127,6189,6372,5.233136218535768,1
1777,Branch_2128,9136,9229,45.80852038479157,1
1778,Branch_2129,4119,9136,70.97232079489,1
1779,Branch_2130,7525,7761,88.02816901408451,1
1780,Branch_2132,1914,2633,47.82400765184122,1
1781,Branch_2133,3135,4237,595.2380952380952,1
1782,Branch_2134,3134,4235,595.2380952380952,1
1783,Branch_2135,1867,6174,65.57377049180327,1
1784,Branch_2136,5464,5658,62.93266205160478,1
1785,Branch_2137,4237,4563,401.60642570281124,1
1786,Branch_2138,3285,3654,2000.0,1
1787,Branch_2139,3285,4563,2000.0,1
1788,Branch_2140,1939,2570,38.2262996941896,1
1789,Branch_2141,4119,5853,59.95203836930455,1
1790,Branch_2142,4235,4562,401.60642570281124,1
1791,Branch_2143,3284,3652,2000.0,1
1792,Branch_2144,3284,4562,2000.0,1
1793,Branch_2145,2830,4119,85.1063829787234,1
1794,Branch_2146,1802,2106,2000.0,1
1795,Branch_2147,5853,5869,143.67816091954023,1
1796,Branch_2148,1822,2606,17.866714311238162,1
1797,Branch_2149,5853,5865,2000.0,1
1798,Branch_2150,1947,2642,12.292562999385371,1
1799,Branch_2151,1955,2758,26.99055330634278,1
1800,Branch_2152,5644,5838,123.30456226880395,1
1801,Branch_2153,1872,2611,31.289111389236545,1
1802,Branch_2154,2091,2600,236.96682464454977,1
1803,Branch_2155,196,200,228.83295194508008,1
1804,Branch_2157,5838,5869,176.3668430335097,1
1805,Branch_2158,8014,8854,22.49718785151856,1
1806,Branch_2159,2412,4533,65.91957811470007,1
1807,Branch_2160,5984,6424,66.53359946773121,1
1808,Branch_2161,6110,6424,115.47344110854503,1
1809,Branch_2162,5869,5873,2000.0,1
1810,Branch_2163,6110,6686,71.78750897343862,1
1811,Branch_2164,1997,2653,3.258390355164549,1
1812,Branch_2165,2896,4533,366.3003663003663,1
1813,Branch_2166,2134,2758,53.85029617662897,1
1814,Branch_2167,2606,2675,33.9097999321804,1
1815,Branch_2168,1914,2576,103.51966873706004,1
1816,Branch_2169,6082,6427,26.90341673392521,1
1817,Branch_2170,1997,2050,28.653295128939828,1
1818,Branch_2171,5892,6355,72.46376811594203,1
1819,Branch_2172,5892,5984,347.22222222222223,1
1820,Branch_2173,2412,4533,65.96306068601584,1
1821,Branch_2175,2393,7220,40.27386226339106,1
1822,Branch_2177,7308,7445,1369.86301369863,1
1823,Branch_2178,1807,2459,77.57951900698215,1
1824,Branch_2179,2896,4533,366.3003663003663,1
1825,Branch_2180,1807,2696,115.34025374855824,1
1826,Branch_2181,2462,2696,16.781339150864238,1
1827,Branch_2182,8061,8266,8.721437292865865,1
1828,Branch_2183,1838,2183,45.97701149425287,1
1829,Branch_2184,196,200,228.83295194508008,1
1830,Branch_2186,2363,2412,934.5794392523364,1
1831,Branch_2188,8014,8220,46.21072088724584,1
1832,Branch_2189,7991,8090,180.83182640144665,1
1833,Branch_2191,7969,8061,19.098548510313215,1
1834,Branch_2192,1780,2420,327.8688524590164,1
1835,Branch_2193,1859,2363,64.93506493506493,1
1836,Branch_2194,7914,8480,85.25149190110827,1
1837,Branch_2195,807,819,31.565656565656564,1
1838,Branch_2196,6262,6313,7.008199593524424,1
1839,Branch_2197,8200,8481,42.229729729729726,1
1840,Branch_2198,6003,6335,14.83459427384661,1
1841,Branch_2199,1872,1955,53.39028296849973,1
1842,Branch_2200,1859,2412,61.05006105006105,1
1843,Branch_2202,7897,8855,184.84288354898337,1
1844,Branch_2203,7991,8521,36.04902667627974,1
1845,Branch_2204,7991,8200,38.80481179666278,1
1846,Branch_2205,7991,8193,41.597337770382694,1
1847,Branch_2207,7991,8382,71.27583749109051,1
1848,Branch_2208,2551,2585,147.92899408284023,1
1849,Branch_2209,1841,2563,30.202355783751134,1
1850,Branch_2210,6004,6045,13.335111348179757,1
1851,Branch_2211,1846,2187,21.50537634408602,1
1852,Branch_2213,6321,6412,73.96449704142012,1
1853,Branch_2214,7640,7644,106.83760683760684,1
1854,Branch_2215,6274,6649,14.200511218403863,1
1855,Branch_2216,7285,7385,34.904013961605585,1
1856,Branch_2217,1771,2557,37.03703703703704,1
1857,Branch_2218,2500,2536,19.331142470520007,1
1858,Branch_2219,1925,2536,111.48272017837235,1
1859,Branch_2220,2028,2537,164.20361247947454,1
1860,Branch_2221,6174,6416,28.37684449489217,1
1861,Branch_2222,6177,6582,62.893081761006286,1
1862,Branch_2223,9236,9414,1492.5373134328358,1
1863,Branch_2224,7393,7425,17.135023989033584,1
1864,Branch_2225,7424,7454,8.909479686386314,1
1865,Branch_2226,7411,7525,41.511000415110004,1
1866,Branch_2227,7411,7753,105.9322033898305,1
1867,Branch_2228,7519,7565,6.246486351427322,1
1868,Branch_2229,7119,7303,40.46944556859571,1
1869,Branch_2230,5988,5992,93.72071227741331,1
1870,Branch_2231,7513,7592,18.942981625307823,1
1871,Branch_2232,5428,5507,30.23888720895071,1
1872,Branch_2233,8200,8324,79.80845969672785,1
1873,Branch_2234,2437,2561,310.55900621118013,1
1874,Branch_2235,7991,8324,74.34944237918215,1
1875,Branch_2236,7103,7285,19.968051118210862,1
1876,Branch_2237,6234,6573,59.844404548174744,1
1877,Branch_2238,5988,6260,4.130183380142078,1
1878,Branch_2240,3423,3824,59.31198102016607,1
1879,Branch_2242,8274,8493,5.353319057815845,1
1880,Branch_2243,1853,2085,30.931023816888338,1
1881,Branch_2244,3830,4819,122.54901960784314,1
1882,Branch_2246,1996,2021,46.68534080298786,1
1883,Branch_2247,2258,2634,183.8235294117647,1
1884,Branch_2248,6174,6313,93.37068160597572,1
1885,Branch_2249,2091,2666,211.41649048625794,1
1886,Branch_2250,1968,2309,84.45945945945945,1
1887,Branch_2252,4544,5053,93.89671361502347,1
1888,Branch_2255,1964,2309,21.83406113537118,1
1889,Branch_2258,2259,2715,27.925160569673274,1
1890,Branch_2259,4805,5351,2000.0,1
1891,Branch_2260,1960,2573,41.61464835622139,1
1892,Branch_2261,3422,5053,1162.7906976744187,1
1893,Branch_2262,2090,2634,70.97232079489,1
1894,Branch_2263,3423,4805,101.01010101010101,1
1895,Branch_2264,4544,4805,892.8571428571429,1
1896,Branch_2265,6234,6432,196.46365422396858,1
1897,Branch_2266,5983,6744,4.05926527298559,1
1898,Branch_2268,7086,7382,119.18951132300357,1
1899,Branch_2269,6174,6262,6.519754857217369,1
1900,Branch_2270,5466,5657,63.13131313131313,1
1901,Branch_2273,3493,5428,51.65289256198347,1
1902,Branch_2275,2619,2744,143.26647564469914,1
1903,Branch_2276,1976,2508,4.7447333459859555,1
1904,Branch_2278,8862,9106,1265.8227848101267,1
1905,Branch_2279,8862,9009,172.41379310344828,1
1906,Branch_2280,8246,9009,42.42681374628766,1
1907,Branch_2281,9010,9106,636.9426751592357,1
1908,Branch_2282,8614,9010,268.81720430107526,1
1909,Branch_2283,8246,8614,40.22526146419952,1
1910,Branch_2284,8613,8614,103.62694300518135,1
1911,Branch_2287,6003,6416,13.498920086393088,1
1912,Branch_2288,3493,3804,181.15942028985506,1
1913,Branch_2289,1816,1939,41.82350480970305,1
1914,Branch_2290,1776,1942,36.99593044765076,1
1915,Branch_2291,1779,2224,10.895619960775768,1
1916,Branch_2292,2582,6174,27.210884353741495,1
1917,Branch_2293,3493,5429,51.20327700972862,1
1918,Branch_2294,6380,6437,80.32128514056225,1
1919,Branch_2296,1770,1943,67.56756756756756,1
1920,Branch_2297,5030,5064,2000.0,1
1921,Branch_2298,1770,2706,109.17030567685589,1
1922,Branch_2299,1794,1841,55.67928730512249,1
1923,Branch_2300,2811,4721,383.1417624521073,1
1924,Branch_2301,2008,2476,189.0359168241966,1
1925,Branch_2302,2008,2122,72.5689404934688,1
1926,Branch_2303,3830,5030,2000.0,1
1927,Branch_2304,3831,4258,84.60236886632826,1
1928,Branch_2305,2492,2633,31.27932436659368,1
1929,Branch_2309,3164,5209,209.64360587002096,1
1930,Branch_2310,3871,5209,561.7977528089888,1
1931,Branch_2311,3830,3871,278.55153203342616,1
1932,Branch_2312,2229,2441,30.111412225233362,1
1933,Branch_2313,1957,2437,226.75736961451247,1
1934,Branch_2314,2145,2653,10.339123242349048,1
1935,Branch_2315,2811,4997,2000.0,1
1936,Branch_2316,1892,2127,613.4969325153374,1
1937,Branch_2317,2519,2523,45.578851412944395,1
1938,Branch_2318,2865,4064,128.2051282051282,1
1939,Branch_2319,2865,4166,127.8772378516624,1
1940,Branch_2320,2834,4636,342.4657534246575,1
1941,Branch_2321,3969,5142,268.81720430107526,1
1942,Branch_2322,3512,5142,253.16455696202533,1
1943,Branch_2323,3512,4492,381.6793893129771,1
1944,Branch_2324,3951,5142,287.35632183908046,1
1945,Branch_2325,4492,4503,381.6793893129771,1
1946,Branch_2327,4636,4720,103.30578512396694,1
1947,Branch_2328,3969,4720,125.31328320802005,1
1948,Branch_2329,4503,5012,495.0495049504951,1
1949,Branch_2330,4166,5012,793.6507936507936,1
1950,Branch_2331,2422,2519,2000.0,1
1951,Branch_2332,2864,4064,128.2051282051282,1
1952,Branch_2333,2864,4167,127.8772378516624,1
1953,Branch_2335,3511,5143,253.16455696202533,1
1954,Branch_2336,2834,3791,77.82101167315174,1
1955,Branch_2337,3791,4721,270.27027027027026,1
1956,Branch_2338,3968,5143,268.81720430107526,1
1957,Branch_2339,3950,5143,287.35632183908046,1
1958,Branch_2340,3511,4491,381.6793893129771,1
1959,Branch_2341,4491,4504,381.6793893129771,1
1960,Branch_2343,2811,3968,204.49897750511246,1
1961,Branch_2344,4167,5013,793.6507936507936,1
1962,Branch_2345,4504,5013,793.6507936507936,1
1963,Branch_2346,2423,2519,2000.0,1
1964,Branch_2347,1854,2731,7.746533426291735,1
1965,Branch_2348,2051,2716,120.77294685990339,1
1966,Branch_2351,1928,2191,37.50937734433609,1
1967,Branch_2352,3513,4064,123.00123001230013,1
1968,Branch_2353,3513,5173,98.81422924901186,1
1969,Branch_2354,3754,5173,108.22510822510823,1
1970,Branch_2355,2203,2230,44.36557231588287,1
1971,Branch_2356,1958,2559,4.491354143274197,1
1972,Branch_2357,2260,2721,78.92659826361484,1
1973,Branch_2358,2435,2695,17.953321364452425,1
1974,Branch_2359,9451,9887,628.930817610063,1
1975,Branch_2360,9450,9887,602.4096385542168,1
1976,Branch_2361,1972,2694,21.968365553602812,1
1977,Branch_2362,2459,2694,12.934937265554263,1
1978,Branch_2363,1795,2462,36.1794500723589,1
1979,Branch_2364,6016,6262,82.98755186721992,1
1980,Branch_2365,5984,6424,66.44518272425249,1
1981,Branch_2366,2957,4064,80.25682182985554,1
1982,Branch_2367,2957,3754,140.0560224089636,1
1983,Branch_2368,6424,6686,44.20866489832007,1
1984,Branch_2369,8090,8327,34.48275862068966,1
1985,Branch_2370,7991,8326,72.25433526011561,1
1986,Branch_2371,9399,9887,2000.0,1
1987,Branch_2374,9400,9887,2000.0,1
1988,Branch_2375,2013,6545,41.1522633744856,1
1989,Branch_2377,6240,6262,15.211439002129602,1
1990,Branch_2378,3485,3551,2000.0,1
1991,Branch_2379,3551,4244,99.10802775024777,1
1992,Branch_2380,4244,4477,21.934634788330776,1
1993,Branch_2382,3485,5202,85.03401360544218,1
1994,Branch_2383,4024,5202,346.02076124567475,1
1995,Branch_2384,3736,4024,43.63001745200698,1
1996,Branch_2385,3526,4024,192.30769230769232,1
1997,Branch_2386,2834,4784,140.4494382022472,1
1998,Branch_2389,4784,9514,72.7802037845706,1
1999,Branch_2390,9413,9514,2000.0,1
2000,Branch_2392,4776,4784,2000.0,1
2001,Branch_2393,9413,9887,33.244680851063826,1
2002,Branch_2394,4969,4970,2000.0,1
2003,Branch_2395,4969,4972,2000.0,1
2004,Branch_2396,3485,4971,2000.0,1
2005,Branch_2397,6424,6509,55.92841163310962,1
2006,Branch_2398,4477,5149,2000.0,1
2007,Branch_2401,4614,5122,33.818058843422385,1
2008,Branch_2402,5119,9938,1428.5714285714287,1
2009,Branch_2403,9887,9938,438.5964912280702,1
2010,Branch_2404,5119,5121,57.6036866359447,1
2011,Branch_2405,5121,5122,38.08073115003808,1
2012,Branch_2406,9237,9627,88.96797153024912,1
2013,Branch_2407,2834,4681,57.077625570776256,1
2014,Branch_2408,4614,4681,184.50184501845018,1
2015,Branch_2409,2807,5122,2000.0,1
2016,Branch_2410,4607,4841,60.97560975609756,1
2017,Branch_2413,3077,4607,19.37608990505716,1
2018,Branch_2414,3199,4841,2000.0,1
2019,Branch_2415,3199,3776,37.65060240963855,1
2020,Branch_2416,3240,3776,87.87346221441125,1
2021,Branch_2417,3240,4680,1162.7906976744187,1
2022,Branch_2418,4136,4680,96.24639076034649,1
2023,Branch_2419,2834,4136,140.0560224089636,1
2024,Branch_2420,3077,4567,62.77463904582549,1
2025,Branch_2421,6263,6776,401.60642570281124,1
2026,Branch_2422,6526,6605,24.177949709864603,1
2027,Branch_2423,3027,3071,283.28611898017,1
2028,Branch_2424,3071,3529,116.0092807424594,1
2029,Branch_2425,2280,2455,80.71025020177562,1
2030,Branch_2426,1961,2182,121.8026796589525,1
2031,Branch_2428,2211,2507,89.68609865470852,1
2032,Branch_2430,9627,9939,24.172105390379503,1
2033,Branch_2431,9887,9939,126.26262626262626,1
2034,Branch_2432,1816,2186,104.38413361169103,1
2035,Branch_2434,2204,2525,47.39336492890995,1
2036,Branch_2435,4311,5003,103.09278350515464,1
2037,Branch_2436,1915,2453,15.349194167306216,1
2038,Branch_2437,9939,9941,2000.0,1
2039,Branch_2438,2185,2209,24.248302618816684,1
2040,Branch_2439,9749,9751,2000.0,1
2041,Branch_2440,5943,6240,40.88307440719542,1
2042,Branch_2441,2192,2242,19.282684149633628,1
2043,Branch_2442,9299,9437,146.19883040935673,1
2044,Branch_2444,9299,9749,28.530670470756064,1
2045,Branch_2445,1995,2208,32.552083333333336,1
2046,Branch_2446,9487,9749,57.77007510109763,1
2047,Branch_2447,2188,2554,66.00660066006601,1
2048,Branch_2448,3156,5061,76.21951219512195,1
2049,Branch_2449,5061,9487,15.728216420257942,1
2050,Branch_2450,1857,2751,40.899795501022496,1
2051,Branch_2453,3006,3260,27.51031636863824,1
2052,Branch_2454,3006,5008,757.5757575757576,1
2053,Branch_2455,3156,3260,81.69934640522875,1
2054,Branch_2456,2010,2036,22.639800769753226,1
2055,Branch_2457,3156,3529,31.585596967782692,1
2056,Branch_2458,9706,9887,60.38647342995169,1
2057,Branch_2459,1785,2208,102.04081632653062,1
2058,Branch_2460,2135,2487,5.193725979017347,1
2059,Branch_2461,3529,3964,43.63001745200698,1
2060,Branch_2462,127,2435,19.519812609798947,1
2061,Branch_2463,3810,4220,52.11047420531527,1
2062,Branch_2464,3810,3964,162.07455429497568,1
2063,Branch_2465,48,127,57.01254275940707,1
2064,Branch_2466,3111,4128,169.4915254237288,1
2065,Branch_2467,3111,4220,97.27626459143968,1
2066,Branch_2468,5943,6576,177.3049645390071,1
2067,Branch_2469,2184,2203,30.637254901960784,1
2068,Branch_2470,3948,4175,500.0,1
2069,Branch_2471,4132,4175,50.505050505050505,1
2070,Branch_2472,1895,2204,104.0582726326743,1
2071,Branch_2473,4132,4220,93.28358208955224,1
2072,Branch_2474,4128,4132,216.45021645021646,1
2073,Branch_2475,1936,2205,110.25358324145535,1
2074,Branch_2476,3948,3964,172.71157167530225,1
2075,Branch_2477,8188,8366,15.90836780146357,1
2076,Branch_2478,4477,5150,2000.0,1
2077,Branch_2479,5008,5150,26.26050420168067,1
2078,Branch_2480,2474,2585,199.20318725099602,1
2079,Branch_2481,5008,5035,2000.0,1
2080,Branch_2482,6573,6576,67.38544474393531,1
2081,Branch_2483,2225,2452,38.38771593090211,1
2082,Branch_2484,5943,6411,238.6634844868735,1
2083,Branch_2485,2600,2666,112.86681715575621,1
2084,Branch_2486,2916,3761,108.22510822510823,1
2085,Branch_2487,2916,4819,213.21961620469082,1
2086,Branch_2488,3727,3974,97.65625,1
2087,Branch_2489,2851,5326,143.67816091954023,1
2088,Branch_2490,3727,5326,529.1005291005291,1
2089,Branch_2491,3761,3974,112.2334455667789,1
2090,Branch_2492,3727,3974,97.65625,1
2091,Branch_2493,2851,9637,94.9667616334283,1
2092,Branch_2494,9307,9507,139.08205841446454,1
2093,Branch_2495,9307,9525,35.75259206292456,1
2094,Branch_2496,9507,9637,91.24087591240875,1
2095,Branch_2497,2851,3727,113.76564277588169,1
2096,Branch_2498,2851,4555,124.06947890818859,1
2097,Branch_2499,9507,9530,73.1528895391368,1
2098,Branch_2500,3974,5207,52.19206680584551,1
2099,Branch_2501,4620,4759,381.6793893129771,1
2100,Branch_2502,1916,2224,31.25,1
2101,Branch_2503,3164,3245,185.1851851851852,1
2102,Branch_2504,3245,4819,214.59227467811158,1
2103,Branch_2505,4107,4510,126.90355329949239,1
2104,Branch_2508,4355,4361,34.35245620061834,1
2105,Branch_2509,4361,6293,112.73957158962796,1
2106,Branch_2511,6293,6482,88.57395925597874,1
2107,Branch_2513,6242,6352,64.26735218508998,1
2108,Branch_2514,4355,4367,41.597337770382694,1
2109,Branch_2515,4361,4367,142.04545454545453,1
2110,Branch_2516,6355,6440,185.87360594795538,1
2111,Branch_2517,4620,5207,274.72527472527474,1
2112,Branch_2518,4283,4620,2000.0,1
2113,Branch_2520,6133,6352,98.71668311944718,1
2114,Branch_2521,7234,7640,33.3667000333667,1
2115,Branch_2522,3974,4355,34.45899379738112,1
2116,Branch_2523,3974,4355,34.45899379738112,1
2117,Branch_2525,3761,3974,112.2334455667789,1
2118,Branch_2527,7886,9112,52.54860746190226,1
2119,Branch_2530,8297,9112,178.25311942959001,1
2120,Branch_2535,8297,8461,121.95121951219512,1
2121,Branch_2536,7976,8461,84.60236886632826,1
2122,Branch_2537,7917,7955,2000.0,1
2123,Branch_2538,7918,7955,2000.0,1
2124,Branch_2539,7935,7955,2000.0,1
2125,Branch_2541,7935,9048,787.4015748031496,1
2126,Branch_2542,6352,9000,29.197080291970803,1
2127,Branch_2547,7955,9048,552.4861878453039,1
2128,Branch_2548,6355,8005,57.6036866359447,1
2129,Branch_2551,8005,9000,60.49606775559589,1
2130,Branch_2554,4361,6482,45.12635379061372,1
2131,Branch_2555,6440,6482,68.63417982155113,1
2132,Branch_2556,8499,9000,157.9778830963665,1
2133,Branch_2557,2051,2355,22.763487366264513,1
2134,Branch_2558,2988,3853,72.04610951008645,1
2135,Branch_2560,3607,3974,91.49130832570906,1
2136,Branch_2561,3974,5207,52.19206680584551,1
2137,Branch_2562,4819,5207,47.192071731949035,1
2138,Branch_2563,6143,6434,79.23930269413628,1
2139,Branch_2564,8005,8389,69.39625260235947,1
2140,Branch_2565,1914,2235,22.29157378510923,1
2141,Branch_2566,2619,3370,59.13660555884092,1
2142,Branch_2567,2619,3370,59.13660555884092,1
2143,Branch_2568,2853,3546,671.1409395973154,1
2144,Branch_2569,2853,4430,1315.7894736842106,1
2145,Branch_2571,3455,9269,30.48780487804878,1
2146,Branch_2572,3200,3736,2000.0,1
2147,Branch_2573,9271,9383,120.91898428053204,1
2148,Branch_2574,3455,9419,66.711140760507,1
2149,Branch_2575,9383,9464,46.66355576294914,1
2150,Branch_2576,3023,3371,22.670596236681025,1
2151,Branch_2577,3371,3455,21.477663230240548,1
2152,Branch_2578,9244,9271,7.316359379572725,1
2153,Branch_2579,3200,3371,151.05740181268882,1
2154,Branch_2580,9244,9419,54.054054054054056,1
2155,Branch_2581,8757,8800,2000.0,1
2156,Branch_2582,1965,2570,52.576235541535226,1
2157,Branch_2583,8046,8211,70.57163020465772,1
2158,Branch_2584,8091,8259,53.27650506126798,1
2159,Branch_2585,8046,8091,68.68131868131869,1
2160,Branch_2586,8046,8169,87.10801393728222,1
2161,Branch_2587,8630,8874,2000.0,1
2162,Branch_2588,8757,8874,36.87315634218289,1
2163,Branch_2589,8211,8465,16.149870801033593,1
2164,Branch_2590,8465,8757,361.01083032490976,1
2165,Branch_2591,8270,8288,78.74015748031496,1
2166,Branch_2592,8079,8288,1851.851851851852,1
2167,Branch_2593,7884,8270,53.908355795148246,1
2168,Branch_2594,8259,8270,27.35229759299781,1
2169,Branch_2595,7989,8079,21.64970772894566,1
2170,Branch_2596,8557,8587,2000.0,1
2171,Branch_2597,8211,8238,21.496130696474633,1
2172,Branch_2598,8557,8905,51.733057423693744,1
2173,Branch_2599,8238,8905,22.22716159146477,1
2174,Branch_2600,8218,8373,34.08316291751875,1
2175,Branch_2601,8373,8556,11.603620329542817,1
2176,Branch_2602,8373,8379,2000.0,1
2177,Branch_2603,8556,8587,2000.0,1
2178,Branch_2604,8151,8630,96.24639076034649,1
2179,Branch_2605,8151,8211,14.353380221042055,1
2180,Branch_2606,8630,8875,2000.0,1
2181,Branch_2607,8154,8875,17.5530981218185,1
2182,Branch_2608,8211,8940,39.96802557953637,1
2183,Branch_2609,8154,8940,144.3001443001443,1
2184,Branch_2610,8305,8940,2000.0,1
2185,Branch_2611,1959,2230,90.09009009009009,1
2186,Branch_2612,5943,6432,18.08972503617945,1
2187,Branch_2613,4542,5464,68.1663258350375,1
2188,Branch_2614,7911,8316,19.63093835885355,1
2189,Branch_2615,8182,8471,116.95906432748538,1
2190,Branch_2616,8130,8670,1492.5373134328358,1
2191,Branch_2617,8316,8670,87.48906386701663,1
2192,Branch_2618,8316,8797,22.045855379188712,1
2193,Branch_2619,7911,8182,48.899755501222494,1
2194,Branch_2620,7911,8115,22.060445621001545,1
2195,Branch_2621,8146,8182,917.4311926605504,1
2196,Branch_2622,8325,8471,34.9283967865875,1
2197,Branch_2623,8211,8325,14.442518775274408,1
2198,Branch_2624,8541,8679,23.408239700374533,1
2199,Branch_2625,8055,8679,564.9717514124294,1
2200,Branch_2626,8641,8679,46.468401486988846,1
2201,Branch_2627,8630,8641,2000.0,1
2202,Branch_2628,8541,8751,41.22011541632317,1
2203,Branch_2629,2859,3763,56.14823133071308,1
2204,Branch_2630,8471,8526,48.85197850512946,1
2205,Branch_2631,8526,8751,25.157232704402517,1
2206,Branch_2632,7989,8471,10.860121633362294,1
2207,Branch_2633,8083,8211,17.238407171177382,1
2208,Branch_2634,7989,8083,43.78283712784589,1
2209,Branch_2635,1875,1942,30.740854595757764,1
2210,Branch_2636,3853,3926,50.53057099545225,1
2211,Branch_2637,2894,3982,76.68711656441718,1
2212,Branch_2638,3035,3926,892.8571428571429,1
2213,Branch_2639,3035,3982,1265.8227848101267,1
2214,Branch_2640,2859,3762,56.14823133071308,1
2215,Branch_2641,8210,8211,37.835792659856224,1
2216,Branch_2642,8210,8447,33.9097999321804,1
2217,Branch_2643,8447,8630,38.955979742890534,1
2218,Branch_2644,8060,8471,31.645569620253166,1
2219,Branch_2647,3591,3762,2000.0,1
2220,Branch_2648,2984,5255,188.32391713747646,1
2221,Branch_2649,3591,5255,62.814070351758794,1
2222,Branch_2650,2984,3735,74.23904974016332,1
2223,Branch_2651,3346,3735,129.19896640826875,1
2224,Branch_2652,3346,5230,606.060606060606,1
2225,Branch_2653,4223,5230,387.5968992248062,1
2226,Branch_2654,2788,5230,259.7402597402597,1
2227,Branch_2655,2984,3852,128.53470437017995,1
2228,Branch_2656,3099,3852,118.48341232227489,1
2229,Branch_2657,2838,2984,220.7505518763797,1
2230,Branch_2659,2838,3985,220.7505518763797,1
2231,Branch_2660,2838,4866,111.85682326621924,1
2232,Branch_2661,8188,8423,64.18485237483954,1
2233,Branch_2662,3590,3763,2000.0,1
2234,Branch_2663,2984,5254,188.32391713747646,1
2235,Branch_2664,3590,5254,62.814070351758794,1
2236,Branch_2665,2984,3734,76.4525993883792,1
2237,Branch_2666,3347,3734,129.87012987012986,1
2238,Branch_2667,3347,5231,432.9004329004329,1
2239,Branch_2668,4224,5231,387.5968992248062,1
2240,Branch_2669,2788,5231,259.7402597402597,1
2241,Branch_2670,2984,3851,128.53470437017995,1
2242,Branch_2671,3099,3851,118.48341232227489,1
2243,Branch_2672,2839,2984,220.7505518763797,1
2244,Branch_2674,2839,3984,220.7505518763797,1
2245,Branch_2675,2839,4865,111.73184357541899,1
2246,Branch_2676,3430,3762,45.31037607612143,1
2247,Branch_2677,3355,3430,139.4700139470014,1
2248,Branch_2678,3546,5295,192.30769230769232,1
2249,Branch_2679,3430,5295,76.74597083653109,1
2250,Branch_2680,7904,9129,131.23359580052494,1
2251,Branch_2681,6242,6482,259.7402597402597,1
2252,Branch_2683,7951,8335,35.91954022988506,1
2253,Branch_2684,3431,3763,44.24778761061947,1
2254,Branch_2685,3354,3431,139.4700139470014,1
2255,Branch_2686,3431,5294,75.7002271006813,1
2256,Branch_2687,8617,8660,92.42144177449168,1
2257,Branch_2688,8644,8660,33.5345405767941,1
2258,Branch_2689,8617,8807,90.25270758122744,1
2259,Branch_2690,8644,8921,21.34471718249733,1
2260,Branch_2691,8807,8843,24.342745861733203,1
2261,Branch_2692,8843,8921,35.86800573888092,1
2262,Branch_2701,8807,8814,1492.5373134328358,1
2263,Branch_2702,7968,8445,33.87533875338753,1
2264,Branch_2703,7968,8241,19.286403085824492,1
2265,Branch_2708,8494,9013,30.807147258163894,1
2266,Branch_2709,8020,9013,1190.4761904761904,1
2267,Branch_2710,9013,9032,1351.3513513513512,1
2268,Branch_2711,8972,9032,65.96306068601584,1
2269,Branch_2713,8241,9083,42.716787697565145,1
2270,Branch_2714,9083,9129,1388.888888888889,1
2271,Branch_2715,8445,8716,2000.0,1
2272,Branch_2716,8716,8771,28.92681515765114,1
2273,Branch_2717,8494,8771,56.46527385657821,1
2274,Branch_2718,8768,9070,2000.0,1
2275,Branch_2719,8644,8777,289.01734104046244,1
2276,Branch_2723,8422,8616,31.826861871419478,1
2277,Branch_2725,8025,8422,65.74621959237344,1
2278,Branch_2726,8616,8807,207.0393374741201,1
2279,Branch_2727,8025,9106,34.57814661134163,1
2280,Branch_2728,8202,8644,95.69377990430623,1
2281,Branch_2729,8202,8661,51.62622612287042,1
2282,Branch_2730,8661,8807,45.97701149425287,1
2283,Branch_2733,8669,8798,173.61111111111111,1
2284,Branch_2734,8039,8669,27.731558513588464,1
2285,Branch_2736,8798,9106,28.74389192296637,1
2286,Branch_2738,8077,8619,2000.0,1
2287,Branch_2739,8039,8807,175.7469244288225,1
2288,Branch_2740,8621,8644,105.04201680672269,1
2289,Branch_2741,8068,8113,11.530035743110803,1
2290,Branch_2742,8150,8658,81.43322475570032,1
2291,Branch_2743,7904,8113,118.62396204033215,1
2292,Branch_2744,8114,8658,116.0092807424594,1
2293,Branch_2745,8150,8241,102.24948875255623,1
2294,Branch_2747,8113,9083,2000.0,1
2295,Branch_2748,8066,8658,15.377518068583731,1
2296,Branch_2749,8300,8606,99.50248756218906,1
2297,Branch_2750,8406,8606,26.448029621793175,1
2298,Branch_2752,8769,8942,67.24949562878278,1
2299,Branch_2753,8644,9107,16.49620587264929,1
2300,Branch_2754,8942,9070,19.256691700365877,1
2301,Branch_2755,8770,9107,32.59452411994785,1
2302,Branch_2758,8615,8644,227.79043280182233,1
2303,Branch_2759,8558,8615,28.336639274582033,1
2304,Branch_2760,8707,8952,349.65034965034965,1
2305,Branch_2761,8558,8952,27.114967462039047,1
2306,Branch_2765,8644,8680,74.73841554559043,1
2307,Branch_2766,8680,8880,266.6666666666667,1
2308,Branch_2767,8682,8769,14.539110206455366,1
2309,Branch_2768,8770,8941,67.24949562878278,1
2310,Branch_2771,8682,8880,349.65034965034965,1
2311,Branch_2773,8941,9070,19.256691700365877,1
2312,Branch_2774,2196,2454,30.543677458766034,1
2313,Branch_2775,8141,8417,316.45569620253167,1
2314,Branch_2776,8131,8993,140.64697609001408,1
2315,Branch_2778,8131,8817,71.17437722419929,1
2316,Branch_2779,8131,8417,448.4304932735426,1
2317,Branch_2780,8363,8621,171.82130584192439,1
2318,Branch_2781,8363,8364,2000.0,1
2319,Branch_2782,8141,8417,892.8571428571429,1
2320,Branch_2783,8363,8365,2000.0,1
2321,Branch_2784,8363,8817,88.73114463176574,1
2322,Branch_2785,8707,8744,1785.7142857142858,1
2323,Branch_2786,8267,8619,51.51983513652756,1
2324,Branch_2787,8267,8684,75.35795026375283,1
2325,Branch_2788,8684,8707,1587.3015873015872,1
2326,Branch_2789,8683,8707,1587.3015873015872,1
2327,Branch_2790,8619,8683,30.03003003003003,1
2328,Branch_2791,8807,8818,324.6753246753247,1
2329,Branch_2792,4354,9870,7.468817686160281,1
2330,Branch_2793,9504,9870,17.006802721088434,1
2331,Branch_2794,8807,8819,324.6753246753247,1
2332,Branch_2795,8241,9110,17.975912277548087,1
2333,Branch_2796,8678,8707,30.98853424233034,1
2334,Branch_2797,8678,8993,534.75935828877,1
2335,Branch_2798,8644,8729,26.089225150013046,1
2336,Branch_2799,8729,8735,26.35740643120717,1
2337,Branch_2800,1839,2270,22.660321776569226,1
2338,Branch_2803,9224,9506,45.87155963302752,1
2339,Branch_2804,6071,9110,10.463534581981794,1
2340,Branch_2805,9224,9504,46.403712296983755,1
2341,Branch_2806,9504,9869,53.44735435595938,1
2342,Branch_2807,9200,9869,2000.0,1
2343,Branch_2808,9110,9111,2000.0,1
2344,Branch_2809,8970,9111,39.87240829346093,1
2345,Branch_2810,9397,9506,70.4225352112676,1
2346,Branch_2811,9397,9412,44.20866489832007,1
2347,Branch_2812,2267,2480,138.50415512465375,1
2348,Branch_2813,9398,9504,70.4225352112676,1
2349,Branch_2814,9275,9398,243.90243902439025,1
2350,Branch_2815,9275,9412,43.421623968736434,1
2351,Branch_2816,9464,9506,35.574528637495554,1
2352,Branch_2817,1792,2229,64.85084306095979,1
2353,Branch_2818,2870,3617,28.1135788585887,1
2354,Branch_2819,2870,4480,214.59227467811158,1
2355,Branch_2820,3271,4354,13.539128080151638,1
2356,Branch_2821,3271,3466,282.4858757062147,1
2357,Branch_2822,3271,4480,18.66019779809666,1
2358,Branch_2823,3617,4817,1176.4705882352941,1
2359,Branch_2824,2859,5227,101.5228426395939,1
2360,Branch_2825,3605,4549,400.0,1
2361,Branch_2826,4670,5227,200.0,1
2362,Branch_2827,3070,4549,38.49114703618168,1
2363,Branch_2828,3070,4670,28.555111364934323,1
2364,Branch_2829,4043,4670,200.0,1
2365,Branch_2831,1961,2634,45.80852038479157,1
2366,Branch_2832,2859,5226,101.5228426395939,1
2367,Branch_2833,3069,3605,34.55425017277125,1
2368,Branch_2834,3069,4668,21.299254526091588,1
2369,Branch_2836,4668,5226,60.42296072507553,1
2370,Branch_2837,3130,4389,156.98587127158555,1
2371,Branch_2838,3116,4389,109.40919037199124,1
2372,Branch_2839,2859,3130,78.125,1
2373,Branch_2840,3710,3867,2000.0,1
2374,Branch_2841,3116,3867,192.67822736030828,1
2375,Branch_2842,2721,2730,18.24484583105273,1
2376,Branch_2843,6346,6437,42.973785990545764,1
2377,Branch_2844,3831,4439,122.54901960784314,1
2378,Branch_2845,3502,4748,2000.0,1
2379,Branch_2846,3879,4748,95.51098376313276,1
2380,Branch_2847,3847,3879,167.78523489932886,1
2381,Branch_2848,3847,3930,181.8181818181818,1
2382,Branch_2849,8246,8797,109.2896174863388,1
2383,Branch_2850,8060,8246,9.523809523809524,1
2384,Branch_2851,8285,8481,1250.0,1
2385,Branch_2853,2988,3699,54.734537493158186,1
2386,Branch_2854,3128,3699,546.448087431694,1
2387,Branch_2856,8246,8929,19.774569903104606,1
2388,Branch_2858,6014,6071,19.48178453146308,1
2389,Branch_2859,6014,6419,45.289855072463766,1
2390,Branch_2860,6419,7983,17.301038062283737,1
2391,Branch_2861,7983,8205,64.06149903907752,1
2392,Branch_2862,8205,8317,10.453690152623876,1
2393,Branch_2863,8218,8317,27.862914460852604,1
2394,Branch_2864,8075,8480,1000.0,1
2395,Branch_2865,6073,6561,26.852846401718583,1
2396,Branch_2866,6074,6561,26.852846401718583,1
2397,Branch_2867,7969,8480,67.93478260869566,1
2398,Branch_2868,6667,6781,6.019020103527146,1
2399,Branch_2869,6128,6781,18.6046511627907,1
2400,Branch_2870,6071,6667,81.03727714748784,1
2401,Branch_2871,5947,6071,17.1909919202338,1
2402,Branch_2873,5947,6631,2000.0,1
2403,Branch_2874,6176,6343,186.21973929236498,1
2404,Branch_2875,6176,6631,22.08968411751712,1
2405,Branch_2876,8707,8767,29.886431560071728,1
2406,Branch_2877,8767,9070,63.13131313131313,1
2407,Branch_2878,8707,9070,21.547080370609784,1
2408,Branch_2879,6338,6526,21.321961620469082,1
2409,Branch_2880,8135,8241,219.78021978021977,1
2410,Branch_2881,8135,8831,35.61253561253561,1
2411,Branch_2882,6349,8831,10.311404413281089,1
2412,Branch_2885,4760,5206,19.557989438685702,1
2413,Branch_2886,8231,8663,793.6507936507936,1
2414,Branch_2887,8196,9017,471.6981132075472,1
2415,Branch_2888,9018,9040,28.793550244745177,1
2416,Branch_2889,8031,8335,68.7757909215956,1
2417,Branch_2890,8031,9017,53.648068669527895,1
2418,Branch_2891,8029,8031,118.76484560570071,1
2419,Branch_2893,8662,8663,272.47956403269757,1
2420,Branch_2894,9017,9040,709.2198581560284,1
2421,Branch_2895,8220,8665,29.647198339756894,1
2422,Branch_2896,8974,9018,30.91190108191654,1
2423,Branch_2897,2600,2666,100.0,1
2424,Branch_2898,2987,3853,72.04610951008645,1
2425,Branch_2899,2987,3698,54.734537493158186,1
2426,Branch_2900,3128,3698,546.448087431694,1
2427,Branch_2902,3229,4447,153.84615384615384,1
2428,Branch_2904,3605,4447,35.27336860670194,1
2429,Branch_2905,3718,4447,127.8772378516624,1
2430,Branch_2906,3229,4743,207.4688796680498,1
2431,Branch_2909,2819,2846,1111.111111111111,1
2432,Branch_2910,2819,2847,1111.111111111111,1
2433,Branch_2911,3605,4550,505.050505050505,1
2434,Branch_2912,3717,3786,123.45679012345678,1
2435,Branch_2913,3228,3786,153.37423312883436,1
2436,Branch_2914,3786,4550,37.69317753486619,1
2437,Branch_2915,3228,4743,207.4688796680498,1
2438,Branch_2918,2240,2241,33.3000333000333,1
2439,Branch_2919,3817,4743,38.051750380517504,1
2440,Branch_2920,3817,4569,273.224043715847,1
2441,Branch_2921,3816,4569,273.224043715847,1
2442,Branch_2922,3816,4913,99.10802775024777,1
2443,Branch_2923,4592,4913,122.85012285012284,1
2444,Branch_2924,4123,4592,2000.0,1
2445,Branch_2925,4123,4914,122.85012285012284,1
2446,Branch_2926,4743,4914,51.92107995846314,1
2447,Branch_2927,4569,4696,61.42506142506142,1
2448,Branch_2928,3220,4654,42.69854824935952,1
2449,Branch_2929,4654,4696,56.49717514124294,1
2450,Branch_2930,3220,4200,71.73601147776183,1
2451,Branch_2931,4684,4696,2000.0,1
2452,Branch_2934,4569,4695,61.42506142506142,1
2453,Branch_2935,3219,4695,24.993751562109473,1
2454,Branch_2937,4685,4695,2000.0,1
2455,Branch_2938,2802,3219,172.41379310344828,1
2456,Branch_2939,2802,4200,122.24938875305624,1
2457,Branch_2940,2802,4968,2000.0,1
2458,Branch_2942,3340,3605,22.88329519450801,1
2459,Branch_2943,3434,5182,43.29004329004329,1
2460,Branch_2944,3340,3434,64.18485237483954,1
2461,Branch_2946,3605,4569,45.578851412944395,1
2462,Branch_2948,3497,3605,432.9004329004329,1
2463,Branch_2949,3497,4569,50.94243504839531,1
2464,Branch_2950,3497,3882,2000.0,1
2465,Branch_2952,6994,7576,45.12635379061372,1
2466,Branch_2955,6434,6563,25.806451612903224,1
2467,Branch_2956,6349,6591,18.681113394358302,1
2468,Branch_2957,6006,6019,148.3679525222552,1
2469,Branch_2958,6006,6563,409.8360655737705,1
2470,Branch_2959,6006,6591,13.426423200859292,1
2471,Branch_2960,6583,6591,18.733608092918697,1
2472,Branch_2962,3259,4440,63.89776357827476,1
2473,Branch_2963,3259,3600,269.54177897574124,1
2474,Branch_2964,2788,3259,359.71223021582733,1
2475,Branch_2967,3409,4440,66.53359946773121,1
2476,Branch_2968,2788,3409,1612.9032258064517,1
2477,Branch_2969,5269,6412,17.36714136853074,1
2478,Branch_2970,6411,6437,55.67928730512249,1
2479,Branch_2971,3356,4282,65.83278472679395,1
2480,Branch_2972,3558,4403,478.4688995215311,1
2481,Branch_2973,3917,4403,191.20458891013385,1
2482,Branch_2974,3391,4282,84.88964346349745,1
2483,Branch_2975,3959,4440,110.98779134295228,1
2484,Branch_2976,3959,5138,144.3001443001443,1
2485,Branch_2977,3917,3959,131.75230566534916,1
2486,Branch_2978,3876,3917,151.74506828528072,1
2487,Branch_2979,3356,4403,89.20606601248885,1
2488,Branch_2980,2788,4440,123.76237623762377,1
2489,Branch_2981,2788,4440,125.94458438287154,1
2490,Branch_2982,2788,3410,2000.0,1
2491,Branch_2983,2191,2655,38.71467286101432,1
2492,Branch_2984,3080,3853,175.7469244288225,1
2493,Branch_2985,2855,3435,52.11047420531527,1
2494,Branch_2986,2855,3080,27.495188342040144,1
2495,Branch_2987,4215,4440,114.5475372279496,1
2496,Branch_2988,3558,3916,131.75230566534916,1
2497,Branch_2989,4215,5139,144.3001443001443,1
2498,Branch_2990,3916,4215,123.15270935960591,1
2499,Branch_2991,3875,3916,151.74506828528072,1
2500,Branch_2992,3471,4687,25.980774227071965,1
2501,Branch_2993,3471,4777,18.040772145047807,1
2502,Branch_2994,8066,8484,40.27386226339106,1
2503,Branch_2996,8860,9129,64.22607578676943,1
2504,Branch_2997,8484,8860,33.97893306150187,1
2505,Branch_2998,8423,8572,89.20606601248885,1
2506,Branch_2999,3661,4905,48.87585532746823,1
2507,Branch_3000,3563,4905,869.5652173913044,1
2508,Branch_3001,3165,3504,39.61965134706814,1
2509,Branch_3002,2942,3848,144.7178002894356,1
2510,Branch_3003,3848,3931,181.8181818181818,1
2511,Branch_3004,2942,3616,103.09278350515464,1
2512,Branch_3005,3504,3616,507.61421319796955,1
2513,Branch_3008,3599,3880,485.43689320388347,1
2514,Branch_3009,2788,3880,263.1578947368421,1
2515,Branch_3010,8548,8916,21.50537634408602,1
2516,Branch_3011,8607,8608,862.0689655172414,1
2517,Branch_3012,8519,8916,101.9367991845056,1
2518,Branch_3013,3160,3867,649.3506493506494,1
2519,Branch_3014,3160,4429,877.1929824561404,1
2520,Branch_3015,8014,8521,29.533372711163615,1
2521,Branch_3016,7965,8088,373.13432835820896,1
2522,Branch_3017,8686,8695,1351.3513513513512,1
2523,Branch_3018,8022,8069,37.243947858473,1
2524,Branch_3019,7966,7988,16.515276630883566,1
2525,Branch_3020,8240,8292,31.938677738741617,1
2526,Branch_3021,7988,8022,2000.0,1
2527,Branch_3022,8240,8999,23.803856224708404,1
2528,Branch_3023,8012,8999,1492.5373134328358,1
2529,Branch_3024,7988,9097,18.646280067126607,1
2530,Branch_3025,7988,8306,160.25641025641025,1
2531,Branch_3026,8022,8292,62.266500622665006,1
2532,Branch_3027,8088,9098,421.9409282700422,1
2533,Branch_3028,8240,8589,17.796760989499912,1
2534,Branch_3030,9097,9099,425.531914893617,1
2535,Branch_3031,8111,9099,2000.0,1
2536,Branch_3036,7988,8023,1886.7924528301887,1
2537,Branch_3037,8521,8611,434.7826086956522,1
2538,Branch_3038,7964,8111,478.4688995215311,1
2539,Branch_3039,9000,9048,125.31328320802005,1
2540,Branch_3040,8939,8949,19.63093835885355,1
2541,Branch_3041,8052,8939,23.946360153256705,1
2542,Branch_3042,8052,8766,22.114108801415302,1
2543,Branch_3043,8548,8766,45.16711833785005,1
2544,Branch_3044,2159,2419,36.79175864606328,1
2545,Branch_3045,3617,3991,19.849146486701073,1
2546,Branch_3046,3991,4391,389.10505836575874,1
2547,Branch_3047,3991,4397,13.563000135630002,1
2548,Branch_3050,3617,4816,1176.4705882352941,1
2549,Branch_3051,2813,4391,86.88097306689835,1
2550,Branch_3053,4354,4397,26.53927813163482,1
2551,Branch_3054,4470,4912,31.113876789047914,1
2552,Branch_3055,4339,4912,2000.0,1
2553,Branch_3056,2242,2248,24.582104228121928,1
2554,Branch_3057,8499,9048,584.7953216374269,1
2555,Branch_3058,4354,5178,47.34848484848485,1
2556,Branch_3059,3416,5178,141.84397163120568,1
2557,Branch_3060,3418,4423,15.453562046051616,1
2558,Branch_3061,4423,5284,17.985611510791365,1
2559,Branch_3063,3663,4354,13.157894736842104,1
2560,Branch_3064,3663,9323,6.531252041016263,1
2561,Branch_3065,2813,3704,17.394329448599755,1
2562,Branch_3066,3704,4339,35.99712023038157,1
2563,Branch_3067,1873,2250,34.141345168999656,1
2564,Branch_3068,3558,3884,101.6260162601626,1
2565,Branch_3069,3546,3884,58.8235294117647,1
2566,Branch_3070,3373,3558,38.47633705271258,1
2567,Branch_3071,3373,4431,961.5384615384615,1
2568,Branch_3072,8521,8576,245.7002457002457,1
2569,Branch_3073,6173,6380,41.01722723543888,1
2570,Branch_3074,3467,4031,61.34969325153374,1
2571,Branch_3075,3558,3587,73.31378299120234,1
2572,Branch_3076,3587,4464,117.9245283018868,1
2573,Branch_3077,3587,4031,131.92612137203167,1
2574,Branch_3078,3415,3467,130.54830287206266,1
2575,Branch_3079,3415,4743,130.54830287206266,1
2576,Branch_3080,3711,4745,2000.0,1
2577,Branch_3081,4464,4746,29.04443799012489,1
2578,Branch_3082,3867,4746,2000.0,1
2579,Branch_3083,4178,4743,116.95906432748538,1
2580,Branch_3084,3712,3867,2000.0,1
2581,Branch_3085,3712,4178,74.1839762611276,1
2582,Branch_3086,3414,4030,41.98152812762385,1
2583,Branch_3087,3558,5312,75.41478129713424,1
2584,Branch_3088,3546,4463,44.563279857397504,1
2585,Branch_3089,4463,5312,117.9245283018868,1
2586,Branch_3090,4030,5312,132.80212483399734,1
2587,Branch_3091,3414,4743,180.50541516245488,1
2588,Branch_3092,3853,4179,52.52100840336134,1
2589,Branch_3093,3180,3906,131.75230566534916,1
2590,Branch_3094,3180,4179,38.255547054322875,1
2591,Branch_3095,3475,4393,176.05633802816902,1
2592,Branch_3096,3475,3905,136.4256480218281,1
2593,Branch_3097,3435,4793,374.53183520599254,1
2594,Branch_3098,3143,4393,221.23893805309734,1
2595,Branch_3099,3905,3953,125.62814070351759,1
2596,Branch_3100,3143,4725,185.5287569573284,1
2597,Branch_3101,4725,5238,89.44543828264759,1
2598,Branch_3102,3953,4793,115.47344110854503,1
2599,Branch_3105,2863,4173,111.73184357541899,1
2600,Branch_3106,3930,4173,104.0582726326743,1
2601,Branch_3107,3413,3558,133.33333333333334,1
2602,Branch_3108,2863,3413,153.84615384615384,1
2603,Branch_3109,3931,4174,103.95010395010395,1
2604,Branch_3110,3558,4174,43.55400696864111,1
2605,Branch_3111,2266,2267,92.67840593141798,1
2606,Branch_3112,3435,4794,374.53183520599254,1
2607,Branch_3113,3906,3952,125.62814070351759,1
2608,Branch_3114,3952,4794,115.47344110854503,1
2609,Branch_3115,7989,8841,36.96857670979667,1
2610,Branch_3116,8143,8841,1298.7012987012988,1
2611,Branch_3118,8457,8841,675.6756756756756,1
2612,Branch_3120,8378,8457,31.104199066874028,1
2613,Branch_3121,8378,8653,19.584802193497847,1
2614,Branch_3122,8548,8653,18.21161901293025,1
2615,Branch_3123,5944,6491,47.192071731949035,1
2616,Branch_3124,6696,9410,10.382059800664452,1
2617,Branch_3125,6696,6715,29.18855808523059,1
2618,Branch_3126,5944,6715,2000.0,1
2619,Branch_3127,5950,6435,259.7402597402597,1
2620,Branch_3128,6251,6435,92.7643784786642,1
2621,Branch_3129,5944,6251,173.61111111111111,1
2622,Branch_3130,2122,2266,45.97701149425287,1
2623,Branch_3131,8000,8216,103.30578512396694,1
2624,Branch_3132,7989,8000,49.62779156327544,1
2625,Branch_3133,7975,8000,20.0,1
2626,Branch_3134,3986,4471,869.5652173913044,1
2627,Branch_3135,2985,4471,313.47962382445144,1
2628,Branch_3136,4471,4529,44.9842555105713,1
2629,Branch_3137,3646,4181,122.85012285012284,1
2630,Branch_3138,2946,3558,92.08103130755065,1
2631,Branch_3139,3646,4407,60.09615384615385,1
2632,Branch_3140,3657,4407,153.60983102918587,1
2633,Branch_3141,3657,4090,129.87012987012986,1
2634,Branch_3142,4181,4529,172.1170395869191,1
2635,Branch_3143,2946,3657,2000.0,1
2636,Branch_3144,2985,3442,704.2253521126761,1
2637,Branch_3145,3442,3930,108.57763300760044,1
2638,Branch_3146,6014,6198,56.08524957936063,1
2639,Branch_3147,6087,6198,20.036064916850332,1
2640,Branch_3148,6087,6491,32.62642740619902,1
2641,Branch_3149,5950,6343,108.22510822510823,1
2642,Branch_3150,2766,6613,94.07337723424271,1
2643,Branch_3151,9163,9486,98.81422924901186,1
2644,Branch_3152,9466,9486,127.7139208173691,1
2645,Branch_3153,9224,9390,228.83295194508008,1
2646,Branch_3154,9163,9412,70.8215297450425,1
2647,Branch_3155,9390,9466,2000.0,1
2648,Branch_3156,9224,9703,40.600893219650835,1
2649,Branch_3157,9224,9464,103.19917440660474,1
2650,Branch_3158,8220,8335,14.925373134328359,1
2651,Branch_3159,8384,8587,14.332807797047442,1
2652,Branch_3160,8710,8845,99.60159362549801,1
2653,Branch_3164,8384,8710,427.35042735042737,1
2654,Branch_3165,8338,8845,268.81720430107526,1
2655,Branch_3166,8338,9021,56.49717514124294,1
2656,Branch_3167,8300,9021,35.98416696653472,1
2657,Branch_3168,8019,9021,123.45679012345678,1
2658,Branch_3169,8300,8962,268.81720430107526,1
2659,Branch_3170,8462,8987,68.07351940095303,1
2660,Branch_3171,8711,8987,24.975024975024976,1
2661,Branch_3172,7910,8987,265.9574468085106,1
2662,Branch_3175,8340,8711,85.1063829787234,1
2663,Branch_3176,8340,8476,1388.888888888889,1
2664,Branch_3177,8277,8476,387.5968992248062,1
2665,Branch_3178,8277,8587,27.151778441487917,1
2666,Branch_3180,7975,8081,21.805494984736153,1
2667,Branch_3181,8462,8650,925.925925925926,1
2668,Branch_3182,8081,8650,15.295197308045275,1
2669,Branch_3183,7950,8300,75.98784194528875,1
2670,Branch_3186,8462,8988,70.12622720897616,1
2671,Branch_3187,8988,9022,40.22526146419952,1
2672,Branch_3188,7909,8988,265.9574468085106,1
2673,Branch_3189,7950,9022,68.3526999316473,1
2674,Branch_3190,8017,9022,123.45679012345678,1
2675,Branch_3191,8462,8651,925.925925925926,1
2676,Branch_3192,7975,8175,9.693679720822024,1
2677,Branch_3193,8651,8732,22.9147571035747,1
2678,Branch_3194,8175,8732,71.94244604316546,1
2679,Branch_3195,7973,8498,16.96928559307653,1
2680,Branch_3196,8856,8962,215.05376344086022,1
2681,Branch_3197,7933,8300,74.8502994011976,1
2682,Branch_3198,7934,8962,103.84215991692628,1
2683,Branch_3199,8856,8873,448.4304932735426,1
2684,Branch_3200,8873,9002,43.271311120726956,1
2685,Branch_3201,7973,9002,52.2466039707419,1
2686,Branch_3202,1827,2244,37.67897513187641,1
2687,Branch_3203,8260,8262,144.3001443001443,1
2688,Branch_3204,8252,8418,442.4778761061947,1
2689,Branch_3205,8262,8410,121.95121951219512,1
2690,Branch_3206,8245,8260,144.3001443001443,1
2691,Branch_3207,8262,8418,56.306306306306304,1
2692,Branch_3209,8252,9020,35.97122302158273,1
2693,Branch_3210,6349,9020,13.515339910798756,1
2694,Branch_3211,6343,6349,7.5947444368497,1
2695,Branch_3214,8015,8289,58.75440658049354,1
2696,Branch_3215,8015,8232,386.1003861003861,1
2697,Branch_3216,7975,8232,74.12898443291327,1
2698,Branch_3217,8241,8821,51.733057423693744,1
2699,Branch_3218,8254,8821,21.128248468201985,1
2700,Branch_3219,2225,2280,73.63770250368188,1
2701,Branch_3220,7975,8155,122.24938875305624,1
2702,Branch_3221,8155,8758,22.794620469569182,1
2703,Branch_3222,8126,8416,2000.0,1
2704,Branch_3223,8618,8920,110.49723756906077,1
2705,Branch_3224,7974,8416,20.903010033444815,1
2706,Branch_3225,8920,8975,27.06359945872801,1
2707,Branch_3226,8126,8618,387.5968992248062,1
2708,Branch_3227,8250,8975,9.311853990129435,1
2709,Branch_3228,7974,9109,68.07351940095303,1
2710,Branch_3230,8194,8976,17.674089784376104,1
2711,Branch_3231,8976,9091,19.164430816404753,1
2712,Branch_3232,8194,9120,17.46419839329375,1
2713,Branch_3233,9091,9109,80.45052292839904,1
2714,Branch_3234,8252,8419,13.392259274139548,1
2715,Branch_3235,8419,8763,12.19809709685289,1
2716,Branch_3237,8763,9120,24.993751562109473,1
2717,Branch_3238,8588,8666,28.312570781426952,1
2718,Branch_3239,8666,8758,24.449877750611247,1
2719,Branch_3240,8758,8803,2000.0,1
2720,Branch_3241,2570,2761,51.124744376278116,1
2721,Branch_3242,8543,8560,182.81535648994515,1
2722,Branch_3243,8543,8559,182.81535648994515,1
2723,Branch_3244,8543,8622,1250.0,1
2724,Branch_3245,8943,8949,1075.268817204301,1
2725,Branch_3246,8848,8849,813.0081300813008,1
2726,Branch_3247,8848,8850,813.0081300813008,1
2727,Branch_3248,3867,4745,2000.0,1
2728,Branch_3249,3350,4745,35.486160397445,1
2729,Branch_3250,3397,4743,163.9344262295082,1
2730,Branch_3251,3397,4191,500.0,1
2731,Branch_3252,3233,3397,57.2737686139748,1
2732,Branch_3253,3233,3350,99.9000999000999,1
2733,Branch_3254,2038,2085,146.19883040935673,1
2734,Branch_3255,6346,6347,34.39972480220158,1
2735,Branch_3256,7898,8284,313.47962382445144,1
2736,Branch_3257,7951,8284,58.8235294117647,1
2737,Branch_3258,8142,8284,88.41732979664015,1
2738,Branch_3259,7975,8142,36.95491500369549,1
2739,Branch_3260,7898,7998,900.9009009009009,1
2740,Branch_3261,8703,8713,2000.0,1
2741,Branch_3262,8040,8246,34.746351633078525,1
2742,Branch_3263,8040,8652,37.105751391465674,1
2743,Branch_3264,8652,8703,47.596382674916704,1
2744,Branch_3265,8385,8725,60.27727546714888,1
2745,Branch_3266,8603,8725,58.99705014749262,1
2746,Branch_3267,8385,8703,30.175015087507543,1
2747,Branch_3268,8125,8246,10.539629005059021,1
2748,Branch_3269,8125,8603,28.57959416976279,1
2749,Branch_3270,7899,8107,199.6007984031936,1
2750,Branch_3271,7951,8107,66.62225183211193,1
2751,Branch_3272,8088,8107,371.74721189591077,1
2752,Branch_3273,8144,8828,149.47683109118086,1
2753,Branch_3275,8828,9047,94.07337723424271,1
2754,Branch_3276,3385,4846,14.596409283316305,1
2755,Branch_3277,2991,4846,19.175455417066154,1
2756,Branch_3278,7949,8204,56.433408577878104,1
2757,Branch_3279,7949,8144,63.89776357827476,1
2758,Branch_3280,8291,8881,58.927519151443725,1
2759,Branch_3281,7949,8199,2000.0,1
2760,Branch_3282,8204,8291,386.1003861003861,1
2761,Branch_3283,8204,8307,174.52006980802793,1
2762,Branch_3285,8498,8881,22.016732716864816,1
2763,Branch_3287,8050,8300,156.98587127158555,1
2764,Branch_3288,8006,8093,70.27406886858749,1
2765,Branch_3289,8050,8093,72.09805335255948,1
2766,Branch_3290,8006,8743,74.73841554559043,1
2767,Branch_3291,8003,8743,141.643059490085,1
2768,Branch_3296,8144,8502,301.2048192771084,1
2769,Branch_3297,7951,8502,193.7984496124031,1
2770,Branch_3298,8085,8502,303.951367781155,1
2771,Branch_3299,7951,8084,495.0495049504951,1
2772,Branch_3300,8144,8289,35.1493848857645,1
2773,Branch_3301,8548,8588,235.8490566037736,1
2774,Branch_3303,8554,8774,27.548209366391184,1
2775,Branch_3304,8774,9077,20.43318348998774,1
2776,Branch_3306,8548,8599,751.8796992481203,1
2777,Branch_3308,6373,6438,80.84074373484236,1
2778,Branch_3309,3670,4084,307.6923076923077,1
2779,Branch_3310,3385,3670,60.56935190793458,1
2780,Branch_3311,3580,3670,156.73981191222572,1
2781,Branch_3312,4304,4864,89.52551477170994,1
2782,Branch_3313,4093,4190,21.477663230240548,1
2783,Branch_3314,3580,4304,53.937432578209275,1
2784,Branch_3315,4093,4864,22.716946842344388,1
2785,Branch_3317,7967,8312,154.5595054095827,1
2786,Branch_3318,7967,8704,33.62474781439139,1
2787,Branch_3319,8704,8990,47.86979415988511,1
2788,Branch_3320,8681,8990,507.61421319796955,1
2789,Branch_3321,7951,8681,8.753501400560225,1
2790,Branch_3322,8011,8990,33.62474781439139,1
2791,Branch_3323,7967,8588,142.2475106685633,1
2792,Branch_3324,8313,8548,53.937432578209275,1
2793,Branch_3325,8548,8588,204.49897750511246,1
2794,Branch_3327,8162,8599,2000.0,1
2795,Branch_3329,8163,8599,2000.0,1
2796,Branch_3331,7975,9077,21.299254526091588,1
2797,Branch_3332,2052,2451,51.75983436853002,1
2798,Branch_3333,8466,9047,151.9756838905775,1
2799,Branch_3334,8466,8829,268.81720430107526,1
2800,Branch_3335,7951,8829,141.643059490085,1
2801,Branch_3336,8583,8827,30.56234718826406,1
2802,Branch_3338,7973,8583,2000.0,1
2803,Branch_3340,8634,8827,62.53908692933083,1
2804,Branch_3342,8634,9047,48.732943469785575,1
2805,Branch_3343,1931,2432,2000.0,1
2806,Branch_3345,5182,5284,9.49397132820659,1
2807,Branch_3346,8041,8369,49.115913555992144,1
2808,Branch_3347,8105,8368,236.96682464454977,1
2809,Branch_3348,8105,8246,16.220600162206,1
2810,Branch_3349,7929,7990,103.09278350515464,1
2811,Branch_3350,7990,8368,2000.0,1
2812,Branch_3351,7990,8369,2000.0,1
2813,Branch_3352,8105,8588,704.2253521126761,1
2814,Branch_3353,1867,2493,37.92188092529389,1
2815,Branch_3354,8498,9047,45.433893684688776,1
2816,Branch_3355,9377,9412,38.08073115003808,1
2817,Branch_3356,9365,9377,71.22507122507122,1
2818,Branch_3357,9377,9420,181.15942028985506,1
2819,Branch_3358,9306,9526,42.14075010535188,1
2820,Branch_3359,9331,9465,1000.0,1
2821,Branch_3360,9331,9420,82.64462809917356,1
2822,Branch_3361,9465,9526,75.13148009015778,1
2823,Branch_3362,9292,9703,1298.7012987012988,1
2824,Branch_3363,9292,9306,76.39419404125286,1
2825,Branch_3364,8087,8572,2000.0,1
2826,Branch_3366,4087,4354,27.8473962684489,1
2827,Branch_3367,3395,4087,33.433634236041456,1
2828,Branch_3368,3395,9443,30.111412225233362,1
2829,Branch_3369,9227,9443,25.523226135783563,1
2830,Branch_3370,9395,9464,26.014568158168576,1
2831,Branch_3371,9395,9443,66.66666666666667,1
2832,Branch_3372,9306,9499,24.372410431391664,1
2833,Branch_3373,9499,9922,65.06180871828236,1
2834,Branch_3374,9909,9922,38.565368299267256,1
2835,Branch_3375,2013,2650,75.8150113722517,1
2836,Branch_3376,8248,8548,82.03445447087776,1
2837,Branch_3377,8625,8675,78.86435331230284,1
2838,Branch_3378,8248,8625,30.3951367781155,1
2839,Branch_3379,8675,8735,14.007564084605686,1
2840,Branch_3380,8635,8735,17.812611328820804,1
2841,Branch_3381,8548,8635,12.434717731907485,1
2842,Branch_3382,8246,8599,14.887598630340927,1
2843,Branch_3385,8674,8953,134.40860215053763,1
2844,Branch_3386,8604,8657,22.716946842344388,1
2845,Branch_3388,8619,8636,18.112660749864155,1
2846,Branch_3389,8657,8953,68.96551724137932,1
2847,Branch_3390,8355,8674,94.07337723424271,1
2848,Branch_3392,8355,8735,892.8571428571429,1
2849,Branch_3393,8623,8735,12.224938875305623,1
2850,Branch_3398,2259,2527,87.03220191470844,1
2851,Branch_3399,9418,9464,746.2686567164179,1
2852,Branch_3400,9174,9418,73.1528895391368,1
2853,Branch_3401,9174,9703,59.844404548174744,1
2854,Branch_3402,1803,2188,77.45933384972889,1
2855,Branch_3403,8003,8498,66.2251655629139,1
2856,Branch_3405,8730,8733,63.05170239596469,1
2857,Branch_3406,6173,6347,19.71608832807571,1
2858,Branch_3407,3830,4032,1000.0,1
2859,Branch_3408,8042,8242,13.065064018813692,1
2860,Branch_3409,7960,8042,41.511000415110004,1
2861,Branch_3410,7960,8213,7.2379849449913145,1
2862,Branch_3411,7969,8730,62.893081761006286,1
2863,Branch_3412,3048,3477,52.63157894736842,1
2864,Branch_3413,3477,4605,18.001800180018,1
2865,Branch_3414,8058,8063,10.206164523372117,1
2866,Branch_3415,8063,8095,29.958058717795087,1
2867,Branch_3416,8217,8367,21.77226213803614,1
2868,Branch_3417,8095,8367,9.33184023889511,1
2869,Branch_3418,8367,8372,2000.0,1
2870,Branch_3419,6265,8242,22.82583884957772,1
2871,Branch_3420,5987,6250,10.630381630700542,1
2872,Branch_3421,5987,6020,15.82528881152081,1
2873,Branch_3422,5987,6034,6.0949594685195345,1
2874,Branch_3423,6034,6353,7.5125835774922995,1
2875,Branch_3424,6020,6420,787.4015748031496,1
2876,Branch_3425,6250,6265,12.564392511622064,1
2877,Branch_3427,1937,2275,81.03727714748784,1
2878,Branch_3428,4190,5206,17.65536723163842,1
2879,Branch_3429,8033,8067,23.1000231000231,1
2880,Branch_3430,7926,8099,44.44444444444444,1
2881,Branch_3431,8033,8099,3.785297902944962,1
2882,Branch_3432,7971,8099,4.316484654897052,1
2883,Branch_3435,9634,9873,9.406452826639075,1
2884,Branch_3440,9634,9908,17.114495978093444,1
2885,Branch_3441,9194,9908,2000.0,1
2886,Branch_3443,9873,9878,18.158707100054475,1
2887,Branch_3449,1975,6234,32.43593902043464,1
2888,Branch_3450,3384,5207,40.17677782241864,1
2889,Branch_3451,3618,4334,3.1986693535489237,1
2890,Branch_3452,4396,5263,5.660911406736485,1
2891,Branch_3453,4334,4396,6.086056843770921,1
2892,Branch_3454,3618,4558,4.543389368468878,1
2893,Branch_3455,4018,4558,8.216926869350862,1
2894,Branch_3456,4338,5264,20.22653721682848,1
2895,Branch_3457,4018,5264,11.987532965715655,1
2896,Branch_3458,1800,2236,28.32058906825262,1
2897,Branch_3459,3385,4605,32.72251308900523,1
2898,Branch_3460,3408,4189,27.359781121751027,1
2899,Branch_3461,8014,8193,26.867275658248253,1
2900,Branch_3462,9215,9422,20.53388090349076,1
2901,Branch_3463,9411,9422,26.364355391510678,1
2902,Branch_3464,9210,9387,9.447331128956069,1
2903,Branch_3465,9215,9440,40.600893219650835,1
2904,Branch_3466,9254,9263,2000.0,1
2905,Branch_3467,9411,9475,10.58873358746294,1
2906,Branch_3468,9209,9440,5.322546306152863,1
2907,Branch_3469,9206,9440,34.566194262011756,1
2908,Branch_3470,9254,9474,41.928721174004195,1
2909,Branch_3471,9387,9474,20.04008016032064,1
2910,Branch_3472,9387,9411,7.347538574577516,1
2911,Branch_3473,8158,8382,94.16195856873823,1
2912,Branch_3474,2991,4369,24.43195699975568,1
2913,Branch_3475,4369,6455,50.76142131979695,1
2914,Branch_3477,4041,4637,140.25245441795232,1
2915,Branch_3478,3357,4637,2000.0,1
2916,Branch_3479,7914,8327,35.12469265893923,1
2917,Branch_3480,8213,8626,3.754599384245701,1
2918,Branch_3481,6381,8626,4.888063349301007,1
2919,Branch_3482,1832,2502,21.753317380900587,1
2920,Branch_3483,5968,6332,94.6969696969697,1
2921,Branch_3484,5968,6072,22.75830678197542,1
2922,Branch_3485,6072,6395,5.8809691837214775,1
2923,Branch_3486,2276,2663,43.535045711798,1
2924,Branch_3487,6072,6393,7.107320540156361,1
2925,Branch_3488,6042,6393,9.30232558139535,1
2926,Branch_3489,5969,6042,6.6956812855708066,1
2927,Branch_3490,6042,6394,8.682816705739342,1
2928,Branch_3491,5945,6394,11.956001912960305,1
2929,Branch_3492,5932,6394,90.33423667570008,1
2930,Branch_3493,5954,6072,176.67844522968198,1
2931,Branch_3494,5945,5954,4.423995752964077,1
2932,Branch_3495,5954,6331,30.816640986132512,1
2933,Branch_3496,6177,6434,35.587188612099645,1
2934,Branch_3500,6353,6395,8.061265618702135,1
2935,Branch_3505,7895,8286,8.916629514043692,1
2936,Branch_3506,8051,8549,3.8028597505324004,1
2937,Branch_3508,8286,8948,5.405405405405405,1
2938,Branch_3509,8121,8948,9.13575735428467,1
2939,Branch_3511,2463,2570,9.017945711966814,1
2940,Branch_3512,2869,2991,52.13764337851929,1
2941,Branch_3513,3012,3047,64.72491909385113,1
2942,Branch_3514,2869,3012,75.7002271006813,1
2943,Branch_3515,8174,8214,2000.0,1
2944,Branch_3516,8172,8234,39.55696202531646,1
2945,Branch_3517,8234,8383,23.11604253351826,1
2946,Branch_3518,8230,8991,51.975051975051976,1
2947,Branch_3519,8230,8290,4.3060758730568836,1
2948,Branch_3520,8383,8992,15.820281601012498,1
2949,Branch_3521,2500,2742,85.25149190110827,1
2950,Branch_3522,7902,8281,14.596409283316305,1
2951,Branch_3524,8094,8239,18.412815319462347,1
2952,Branch_3525,8172,8239,12.719409819384381,1
2953,Branch_3526,8239,8281,10.884946119516709,1
2954,Branch_3527,8119,8281,9.811616954474097,1
2955,Branch_3530,8549,8765,8.813678829543452,1
2956,Branch_3531,6097,6378,16.147263038914904,1
2957,Branch_3532,8053,8273,11.016855789357717,1
2958,Branch_3533,8053,8217,27.862914460852604,1
2959,Branch_3534,8053,8177,3.6165057321615857,1
2960,Branch_3535,8160,8177,28.677946659019213,1
2961,Branch_3536,1860,1968,1282.051282051282,1
2962,Branch_3538,9317,9497,5.457919441109049,1
2963,Branch_3539,9199,9317,5.333617792948957,1
2964,Branch_3540,9317,9426,8.92379082634303,1
2965,Branch_3541,1983,2010,1298.7012987012988,1
2966,Branch_3543,9445,9496,26.63825253063399,1
2967,Branch_3545,6318,6433,2.9537734455767244,1
2968,Branch_3546,6063,6596,78.49293563579278,1
2969,Branch_3547,6270,6342,66.62225183211193,1
2970,Branch_3548,6270,6318,11.764705882352942,1
2971,Branch_3549,6063,6270,78.49293563579278,1
2972,Branch_3550,6173,6732,25.660764690787786,1
2973,Branch_3551,6138,6433,4.845195988177722,1
2974,Branch_3552,6127,6433,10.734220695577502,1
2975,Branch_3554,5957,6126,49.52947003467063,1
2976,Branch_3555,5957,6336,38.38771593090211,1
2977,Branch_3556,5957,6139,12.238404112103781,1
2978,Branch_3557,6127,6728,118.06375442739079,1
2979,Branch_3558,6126,6728,118.06375442739079,1
2980,Branch_3559,6732,6743,21.767522855899,1
2981,Branch_3560,6061,6433,10.171905197843556,1
2982,Branch_3561,5915,6061,7.106310403638431,1
2983,Branch_3562,6262,6776,80.25682182985554,1
2984,Branch_3563,1857,6432,24.61235540241201,1
2985,Branch_3564,4189,4300,73.69196757553426,1
2986,Branch_3565,3661,4300,123.76237623762377,1
2987,Branch_3566,3408,4300,17.1909919202338,1
2988,Branch_3567,1835,2287,20.20610224287735,1
2989,Branch_3568,3047,5269,8.587376556462,1
2990,Branch_3571,3417,5263,25.201612903225808,1
2991,Branch_3572,8200,8712,364.963503649635,1
2992,Branch_3573,4057,9528,13.653741125068269,1
2993,Branch_3574,4057,5263,2.6959264551263042,1
2994,Branch_3575,3561,3661,11.974613818704347,1
2995,Branch_3576,8375,8540,29.4811320754717,1
2996,Branch_3577,9253,9528,10.236462278636504,1
2997,Branch_3578,9226,9253,21.635655560363478,1
2998,Branch_3583,9220,9274,2000.0,1
2999,Branch_3585,9274,9468,4.4929685042907845,1
3000,Branch_3586,9463,9468,8.480325644504749,1
3001,Branch_3587,9274,9491,107.18113612004288,1
3002,Branch_3588,9199,9468,0.7105704459540119,1
3003,Branch_3589,9315,9492,14.43209698369173,1
3004,Branch_3590,7753,7761,47.93863854266539,1
3005,Branch_3591,7912,8290,5.549697541483989,1
3006,Branch_3592,7912,8336,9.859988168014198,1
3007,Branch_3593,8054,8336,25.647601949217748,1
3008,Branch_3594,8054,8198,78.18608287724786,1
3009,Branch_3595,7907,8336,53.304904051172706,1
3010,Branch_3596,1827,2454,23.326335432703523,1
3011,Branch_3604,4338,4698,22.527596305474205,1
3012,Branch_3605,3026,3068,25.3613999492772,1
3013,Branch_3606,3026,4698,6.476683937823834,1
3014,Branch_3607,3068,4017,5.417118093174431,1
3015,Branch_3608,6347,6432,25.76655501159495,1
3016,Branch_3609,9226,9727,9.848335631278314,1
3017,Branch_3610,6338,6649,25.374270489723422,1
3018,Branch_3611,5473,5672,39.354584809130266,1
3019,Branch_3612,5546,5672,50.94243504839531,1
3020,Branch_3613,5521,5545,49.67709885742673,1
3021,Branch_3614,5400,5546,35.08771929824562,1
3022,Branch_3615,5439,5687,367.6470588235294,1
3023,Branch_3616,5400,5439,28.20078962210942,1
3024,Branch_3617,5546,5625,23.792529145848203,1
3025,Branch_3618,5372,5625,124.53300124533001,1
3026,Branch_3619,5545,5687,58.61664712778429,1
3027,Branch_3620,4487,5372,102.98661174047373,1
3028,Branch_3621,4487,4834,85.47008547008546,1
3029,Branch_3622,3224,4487,64.59948320413437,1
3030,Branch_3623,4489,4834,34.36426116838488,1
3031,Branch_3624,4834,4860,2000.0,1
3032,Branch_3626,7930,8844,16.038492381716118,1
3033,Branch_3627,8247,8844,8.46955196070128,1
3034,Branch_3628,7928,8258,115.2073732718894,1
3035,Branch_3629,7930,8549,12.763241863433311,1
3036,Branch_3631,9215,9330,78.74015748031496,1
3037,Branch_3632,9330,9411,14.669209329617134,1
3038,Branch_3633,9330,9704,29.922202274087372,1
3039,Branch_3634,9370,9385,3.84571011037188,1
3040,Branch_3635,9277,9370,156.49452269170578,1
3041,Branch_3636,9277,9388,1000.0,1
3042,Branch_3637,9215,9362,185.5287569573284,1
3043,Branch_3638,9205,9362,12.201073694485114,1
3044,Branch_3639,9362,9386,112.99435028248588,1
3045,Branch_3640,9370,9386,22.558087074216107,1
3046,Branch_3641,9386,9704,24.06159769008662,1
3047,Branch_3642,6139,6639,11.24353496739375,1
3048,Branch_3643,6395,6639,2.973181899268597,1
3049,Branch_3646,5443,5715,52.742616033755276,1
3050,Branch_3647,5393,5443,2000.0,1
3051,Branch_3650,1809,2438,41.1522633744856,1
3052,Branch_3653,7185,7644,11.767474699929394,1
3053,Branch_3654,2549,2742,24.968789013732835,1
3054,Branch_3655,2046,2073,40.48582995951417,1
3055,Branch_3656,2134,2249,19.712201852946976,1
3056,Branch_3659,4878,4928,1886.7924528301887,1
3057,Branch_3660,176,1218,362.3188405797101,1
3058,Branch_3661,208,1371,58.47953216374269,1
3059,Branch_3662,208,209,151.05740181268882,1
3060,Branch_3663,208,1641,140.64697609001408,1
3061,Branch_3664,2842,3732,5.229578495973224,1
3062,Branch_3669,3277,4878,6.269199423233653,1
3063,Branch_3670,3277,3547,7.586677793794098,1
3064,Branch_3673,2828,5228,6.433764395547835,1
3065,Branch_3674,7896,8584,4.5987583352494825,1
3066,Branch_3675,3088,4878,24.154589371980677,1
3067,Branch_3677,288,1247,543.4782608695652,1
3068,Branch_3678,7883,8584,5.091649694501018,1
3069,Branch_3682,134,1228,826.4462809917355,1
3070,Branch_3685,8184,9101,5.902490851139181,1
3071,Branch_3686,2828,5289,185.1851851851852,1
3072,Branch_3687,7386,7545,94.42870632672333,1
3073,Branch_3688,2147,2666,775.1937984496124,1
3074,Branch_3689,9559,9753,35.7398141529664,1
3075,Branch_3693,9635,9753,42.24757076468103,1
3076,Branch_3694,9757,9790,2000.0,1
3077,Branch_3695,9757,9789,2000.0,1
3078,Branch_3696,9659,9753,800.0,1
3079,Branch_3697,9754,9775,2000.0,1
3080,Branch_3698,9754,9776,2000.0,1
3081,Branch_3700,9565,9933,200.80321285140562,1
3082,Branch_3702,9587,9933,56.85048322910745,1
3083,Branch_3703,8633,9755,51.440329218106996,1
3084,Branch_3705,9755,9785,2000.0,1
3085,Branch_3706,9559,9866,65.48788474132286,1
3086,Branch_3707,9866,9899,2000.0,1
3087,Branch_3708,9554,9866,147.49262536873155,1
3088,Branch_3709,2971,4387,4.756242568370987,1
3089,Branch_3710,2105,2645,92.5925925925926,1
3090,Branch_3711,5473,5751,23.651844843897823,1
3091,Branch_3713,5461,5751,12.567550584391102,1
3092,Branch_3714,4388,4820,7.164350193437455,1
3093,Branch_3715,3109,4820,118.90606420927467,1
3094,Branch_3716,3109,3237,8.233841086867024,1
3095,Branch_3717,3927,4388,16.71402306535183,1
3096,Branch_3718,3927,4612,4.585262964831033,1
3097,Branch_3719,3411,3927,4.585262964831033,1
3098,Branch_3720,3927,4465,59.27682276229994,1
3099,Branch_3722,3433,3928,16.71402306535183,1
3100,Branch_3723,9561,9902,116.68611435239207,1
3101,Branch_3724,9902,9905,2000.0,1
3102,Branch_3725,9554,9902,46.06172270842929,1
3103,Branch_3726,9559,9923,341.29692832764505,1
3104,Branch_3727,9554,9923,52.52100840336134,1
3105,Branch_3732,1834,1994,19.168104274487252,1
3106,Branch_3733,3236,4217,25.980774227071965,1
3107,Branch_3734,4217,5274,21.64970772894566,1
3108,Branch_3735,5276,5602,19.584802193497847,1
3109,Branch_3737,5616,5868,125.62814070351759,1
3110,Branch_3738,4536,5616,52.6592943654555,1
3111,Branch_3739,4536,5602,118.48341232227489,1
3112,Branch_3740,1978,2260,107.87486515641855,1
3113,Branch_3741,2584,2721,19.880715705765407,1
3114,Branch_3742,5449,5512,28.87669650591972,1
3115,Branch_3743,5512,5534,75.8150113722517,1
3116,Branch_3744,5535,5675,7.484469725319961,1
3117,Branch_3745,5555,5675,19.190174630589137,1
3118,Branch_3746,5555,5633,11.337868480725623,1
3119,Branch_3747,1808,2599,57.570523891767415,1
3120,Branch_3748,5438,5461,240.3846153846154,1
3121,Branch_3749,5438,5710,61.12469437652812,1
3122,Branch_3750,5449,5603,6.5915233010348695,1
3123,Branch_3751,5483,5603,11.890606420927467,1
3124,Branch_3752,5389,5484,37.90750568612585,1
3125,Branch_3753,5389,5686,99.60159362549801,1
3126,Branch_3754,5388,5686,88.49557522123894,1
3127,Branch_3755,5387,5388,41.63197335553705,1
3128,Branch_3756,5387,5526,111.23470522803115,1
3129,Branch_3757,5387,5612,24.044241404183698,1
3130,Branch_3759,5553,5686,43.97537379067722,1
3131,Branch_3760,5527,5553,103.62694300518135,1
3132,Branch_3761,5553,5734,74.01924500370096,1
3133,Branch_3762,5526,5622,33.692722371967655,1
3134,Branch_3763,5621,5682,8.663259118080221,1
3135,Branch_3764,5682,5706,10.018032458425166,1
3136,Branch_3765,6613,6686,101.11223458038423,1
3137,Branch_3766,3738,4129,103.51966873706004,1
3138,Branch_3767,5682,5705,8.918219923303308,1
3139,Branch_3768,2766,6686,48.61448711716091,1
3140,Branch_3769,3664,4128,57.077625570776256,1
3141,Branch_3771,2133,2158,22.43158366980709,1
3142,Branch_3772,1855,2436,40.93327875562833,1
3143,Branch_3773,6125,6408,79.93605115907275,1
3144,Branch_3774,2220,2511,25.720164609053498,1
3145,Branch_3775,2220,2721,704.2253521126761,1
3146,Branch_3776,3896,4128,70.17543859649123,1
3147,Branch_3777,2933,3896,112.10762331838565,1
3148,Branch_3778,2933,2983,177.61989342806393,1
3149,Branch_3779,8014,8855,32.38341968911917,1
3150,Branch_3780,2158,6408,24.551927326295115,1
3151,Branch_3781,8375,8540,29.542097488921712,1
3152,Branch_3782,7897,8922,194.1747572815534,1
3153,Branch_3783,2076,2758,67.70480704129993,1
3154,Branch_3784,2830,9236,73.74631268436578,1
3155,Branch_3785,8619,8887,26.56042496679947,1
3156,Branch_3786,2958,5322,175.43859649122808,1
3157,Branch_3787,2958,3474,108.57763300760044,1
3158,Branch_3788,3474,4291,66.75567423230974,1
3159,Branch_3789,3750,5308,81.43322475570032,1
3160,Branch_3790,4128,5322,92.93680297397769,1
3161,Branch_3791,3750,4291,235.2941176470588,1
3162,Branch_3792,6048,6116,45.146726862302486,1
3163,Branch_3793,2693,2698,106.15711252653928,1
3164,Branch_3794,8530,8854,1162.7906976744187,1
3165,Branch_3795,8530,8572,18.695083193120208,1
3166,Branch_3796,2073,2286,276.24309392265195,1
3167,Branch_3797,3633,5308,165.01650165016503,1
3168,Branch_3798,3633,4257,56.14823133071308,1
3169,Branch_3801,2010,6506,12.345679012345679,1
3170,Branch_3802,3516,4142,239.8081534772182,1
3171,Branch_3803,4142,5308,79.93605115907275,1
3172,Branch_3804,3516,3992,126.42225031605562,1
3173,Branch_3805,3516,4255,138.88888888888889,1
3174,Branch_3806,4128,5321,92.93680297397769,1
3175,Branch_3807,2959,5321,68.87052341597796,1
3176,Branch_3808,3473,3624,531.9148936170212,1
3177,Branch_3809,3624,3812,502.51256281407035,1
3178,Branch_3810,3624,4292,76.33587786259542,1
3179,Branch_3811,3749,4292,235.2941176470588,1
3180,Branch_3812,3749,5308,81.43322475570032,1
3181,Branch_3813,2959,3473,104.60251046025104,1
3182,Branch_3814,1920,2252,100.70493454179255,1
3183,Branch_3815,2278,2744,145.5604075691412,1
3184,Branch_3816,2312,2509,29.533372711163615,1
3185,Branch_3817,6263,6506,497.5124378109453,1
3186,Branch_3818,3664,4128,56.78591709256104,1
3187,Branch_3820,5953,6776,2000.0,1
3188,Branch_3821,3091,3570,104.60251046025104,1
3189,Branch_3822,3570,3593,84.31703204047217,1
3190,Branch_3823,3593,4742,124.06947890818859,1
3191,Branch_3824,6066,6743,2000.0,1
3192,Branch_3825,3091,3571,104.60251046025104,1
3193,Branch_3826,3571,3594,87.64241893076249,1
3194,Branch_3827,3594,4742,124.06947890818859,1
3195,Branch_3828,6067,6743,2000.0,1
3196,Branch_3830,3634,4416,40.290088638195,1
3197,Branch_3831,3090,3257,1818.1818181818182,1
3198,Branch_3832,3257,3601,2000.0,1
3199,Branch_3833,3209,3601,1428.5714285714287,1
3200,Branch_3834,3209,3634,126.42225031605562,1
3201,Branch_3835,3090,4606,552.4861878453039,1
3202,Branch_3836,4606,4742,684.931506849315,1
3203,Branch_3837,2021,2311,22.537750732476898,1
3204,Branch_3839,2301,2302,5.508427894678858,1
3205,Branch_3840,2112,2301,31.595576619273302,1
3206,Branch_3841,1824,2450,19.264110961279137,1
3207,Branch_3843,2933,3937,662.2516556291391,1
3208,Branch_3844,3937,5162,83.05647840531562,1
3209,Branch_3845,4158,5162,151.5151515151515,1
3210,Branch_3846,2920,4158,68.54009595613434,1
3211,Branch_3847,2933,2982,177.61989342806393,1
3212,Branch_3848,2933,3938,662.2516556291391,1
3213,Branch_3849,3938,4159,97.84735812133073,1
3214,Branch_3850,2920,4159,71.58196134574088,1
3215,Branch_3851,1829,2316,37.20238095238095,1
3216,Branch_3852,6424,6778,1785.7142857142858,1
3217,Branch_3853,2010,2450,337.8378378378378,1
3218,Branch_3854,2830,3738,156.98587127158555,1
3219,Branch_3855,1950,2329,90.74410163339383,1
3220,Branch_3856,3040,5164,63.371356147021544,1
3221,Branch_3857,3889,5164,126.26262626262626,1
3222,Branch_3858,3490,3889,72.20216606498195,1
3223,Branch_3859,3800,4818,96.89922480620154,1
3224,Branch_3860,3490,4818,98.03921568627452,1
3225,Branch_3862,2235,2355,36.127167630057805,1
3226,Branch_3863,2933,3664,30.581039755351682,1
3227,Branch_3864,2934,4128,42.51700680272109,1
3228,Branch_3868,3051,3836,107.41138560687433,1
3229,Branch_3869,2278,2360,62.814070351758794,1
3230,Branch_3870,3050,3835,106.95187165775401,1
3231,Branch_3871,3838,4738,751.8796992481203,1
3232,Branch_3872,1975,2450,163.66612111292963,1
3233,Branch_3873,3222,3495,35.99712023038157,1
3234,Branch_3874,3495,5281,42.40882103477524,1
3235,Branch_3875,3222,5307,109.17030567685589,1
3236,Branch_3876,3837,4623,44.72271914132379,1
3237,Branch_3878,3837,4738,943.3962264150944,1
3238,Branch_3880,2383,2698,497.5124378109453,1
3239,Branch_3882,4738,4739,1298.7012987012988,1
3240,Branch_3883,4738,4740,1298.7012987012988,1
3241,Branch_3884,6209,6257,813.0081300813008,1
3242,Branch_3886,3505,5048,63.69426751592356,1
3243,Branch_3887,4309,4440,42.918454935622314,1
3244,Branch_3888,3505,4309,120.48192771084338,1
3245,Branch_3889,4777,5048,47.7326968973747,1
3246,Branch_3891,2788,3278,35.77817531305904,1
3247,Branch_3892,3278,4777,2000.0,1
3248,Branch_3894,3174,5307,34.258307639602606,1
3249,Branch_3895,2809,4777,48.49660523763337,1
3250,Branch_3896,2809,3174,83.5421888053467,1
3251,Branch_3899,2709,2732,746.2686567164179,1
3252,Branch_3900,2326,2327,11.074197120708748,1
3253,Branch_3901,2326,2328,11.074197120708748,1
3254,Branch_3902,2312,2326,2000.0,1
3255,Branch_3903,2124,2666,89.84725965858041,1
3256,Branch_3904,8261,8530,2000.0,1
3257,Branch_3905,1850,2100,2000.0,1
3258,Branch_3906,3244,5307,87.56567425569177,1
3259,Branch_3907,3244,4428,934.5794392523364,1
3260,Branch_3908,3025,4428,113.89521640091117,1
3261,Branch_3909,3025,4760,17.17622810030917,1
3262,Branch_3910,8261,8530,2000.0,1
3263,Branch_3912,2198,2610,11.824524062906468,1
3264,Branch_3913,2199,2696,109.40919037199124,1
3265,Branch_3914,7247,7562,140.8450704225352,1
3266,Branch_3915,7043,7247,122.39902080783354,1
3267,Branch_3916,2200,2459,122.39902080783354,1
3268,Branch_3917,1807,2201,27.307482250136538,1
3269,Branch_3918,2197,2559,165.8374792703151,1
3270,Branch_3919,3146,4760,317.46031746031747,1
3271,Branch_3920,3146,4760,342.4657534246575,1
3272,Branch_3921,1795,2516,15.44878727019929,1
3273,Branch_3922,2553,2709,621.1180124223603,1
3274,Branch_3923,3343,4062,344.82758620689657,1
3275,Branch_3924,2516,2610,11.791062374719962,1
3276,Branch_3925,3721,4451,17.6056338028169,1
3277,Branch_3926,3131,4137,71.68458781362007,1
3278,Branch_3927,3960,5307,510.2040816326531,1
3279,Branch_3928,3241,3960,43.459365493263796,1
3280,Branch_3929,3241,4137,25.374270489723422,1
3281,Branch_3930,3131,4451,61.804697156983934,1
3282,Branch_3932,2552,2610,69.97900629811056,1
3283,Branch_3933,3532,5235,196.07843137254903,1
3284,Branch_3934,4016,4116,124.37810945273633,1
3285,Branch_3935,4116,4693,1136.3636363636363,1
3286,Branch_3936,3532,4693,99.10802775024777,1
3287,Branch_3937,4333,5235,144.50867052023122,1
3288,Branch_3938,4128,4333,543.4782608695652,1
3289,Branch_3940,2902,4016,162.07455429497568,1
3290,Branch_3941,2782,4734,2000.0,1
3291,Branch_3942,4165,4734,50.0,1
3292,Branch_3944,2241,2733,151.285930408472,1
3293,Branch_3945,2241,2255,467.2897196261682,1
3294,Branch_3948,47,2552,2.49925022493252,1
3295,Branch_3949,4955,4965,2000.0,1
3296,Branch_3950,4955,4965,2000.0,1
3297,Branch_3951,4955,4965,2000.0,1
3298,Branch_3952,6900,7385,64.85084306095979,1
3299,Branch_3953,1804,2142,2000.0,1
3300,Branch_3954,1804,2143,2000.0,1
3301,Branch_3955,1804,2141,2000.0,1
3302,Branch_3956,4016,4653,900.9009009009009,1
3303,Branch_3957,9706,9934,36.54970760233918,1
3304,Branch_3959,3748,4722,204.08163265306123,1
3305,Branch_3960,2960,3748,2000.0,1
3306,Branch_3961,3527,9433,101.9367991845056,1
3307,Branch_3962,4653,5147,268.81720430107526,1
3308,Branch_3964,4783,5147,184.50184501845018,1
3309,Branch_3965,4722,4741,2000.0,1
3310,Branch_3966,4723,4741,2000.0,1
3311,Branch_3967,4722,4783,83.82229673093043,1
3312,Branch_3968,9433,9934,34.62603878116344,1
3313,Branch_3969,2960,5084,476.1904761904762,1
3314,Branch_3971,5000,5084,1886.7924528301887,1
3315,Branch_3972,3527,5084,56.33802816901409,1
3316,Branch_3975,8133,8733,2000.0,1
3317,Branch_3977,3949,4129,231.4814814814815,1
3318,Branch_3978,4128,4332,340.13605442176873,1
3319,Branch_3979,3720,4332,52.54860746190226,1
3320,Branch_3980,3720,4473,248.75621890547265,1
3321,Branch_3981,3342,4473,373.13432835820896,1
3322,Branch_3982,4473,4541,645.1612903225806,1
3323,Branch_3983,3342,4474,375.9398496240602,1
3324,Branch_3984,3533,3719,58.47953216374269,1
3325,Branch_3985,3254,3533,148.14814814814815,1
3326,Branch_3986,4115,4694,1136.3636363636363,1
3327,Branch_3987,4016,4115,124.37810945273633,1
3328,Branch_3988,3719,4474,328.94736842105266,1
3329,Branch_3989,4475,4541,2000.0,1
3330,Branch_3990,3254,4656,546.448087431694,1
3331,Branch_3991,4656,4694,201.61290322580646,1
3332,Branch_3992,3198,4485,518.1347150259068,1
3333,Branch_3993,2920,4485,129.70168612191958,1
3334,Branch_3994,3198,3754,157.23270440251574,1
3335,Branch_3995,3754,4537,2000.0,1
3336,Branch_3996,3754,4538,2000.0,1
3337,Branch_3997,3342,4590,146.41288433382138,1
3338,Branch_3998,3019,3359,92.42144177449168,1
3339,Branch_3999,3019,4375,142.45014245014244,1
3340,Branch_4000,4016,4375,78.24726134585289,1
3341,Branch_4001,3359,4590,88.73114463176574,1
3342,Branch_4003,4016,4374,78.24726134585289,1
3343,Branch_4004,3399,4064,128.7001287001287,1
3344,Branch_4005,3129,4589,91.49130832570906,1
3345,Branch_4006,3020,4374,142.45014245014244,1
3346,Branch_4007,3020,3129,191.93857965451056,1
3347,Branch_4008,3399,4589,81.76614881439085,1
3348,Branch_4009,3342,3545,132.1003963011889,1
3349,Branch_4010,2920,3545,147.05882352941177,1
3350,Branch_4012,3401,3544,81.43322475570032,1
3351,Branch_4013,2920,3544,147.71048744460856,1
3352,Branch_4014,3754,4486,104.38413361169103,1
3353,Branch_4015,2920,4486,163.3986928104575,1
3354,Branch_4016,2647,2754,20.07226013649137,1
3355,Branch_4017,4062,5644,20.449897750511248,1
3356,Branch_4019,3742,4016,2000.0,1
3357,Branch_4020,3746,4016,2000.0,1
3358,Branch_4021,1870,2045,34.78260869565217,1
3359,Branch_4022,3584,4160,129.19896640826875,1
3360,Branch_4023,4160,5715,36.96857670979667,1
3361,Branch_4024,5533,5715,88.65248226950355,1
3362,Branch_4025,5390,5521,91.49130832570906,1
3363,Branch_4026,5390,5533,29.086678301337987,1
3364,Branch_4027,5532,5533,21.2630236019562,1
3365,Branch_4028,3261,3584,302.11480362537765,1
3366,Branch_4029,3261,5803,17.917935853789643,1
3367,Branch_4030,5375,5803,48.05382027871216,1
3368,Branch_4031,5356,5375,2000.0,1
3369,Branch_4032,5375,9231,18.889308651303363,1
3370,Branch_4035,4871,4897,2000.0,1
3371,Branch_4036,3584,4871,12.948336138806164,1
3372,Branch_4037,4871,9531,666.6666666666666,1
3373,Branch_4038,9177,9231,9.701202949165696,1
3374,Branch_4039,9177,9531,220.7505518763797,1
3375,Branch_4040,1871,2073,38.62495171881035,1
3376,Branch_4041,3665,4128,70.4225352112676,1
3377,Branch_4043,9735,9750,84.7457627118644,1
3378,Branch_4044,9735,9748,51.89413596263622,1
3379,Branch_4045,9735,9740,2000.0,1
3380,Branch_4046,1871,2045,34.78260869565217,1
3381,Branch_4048,9291,9449,60.45949214026602,1
3382,Branch_4049,9291,9480,114.15525114155251,1
3383,Branch_4050,9144,9237,26.32964718272775,1
3384,Branch_4051,9233,9291,134.2281879194631,1
3385,Branch_4052,9144,9233,228.83295194508008,1
3386,Branch_4053,9480,9750,42.3728813559322,1
3387,Branch_4054,9750,9814,471.6981132075472,1
3388,Branch_4055,3645,5239,206.18556701030928,1
3389,Branch_4056,3584,3645,20.74688796680498,1
3390,Branch_4057,5239,9748,211.864406779661,1
3391,Branch_4058,9748,9808,2000.0,1
3392,Branch_4059,1870,2665,39.308176100628934,1
3393,Branch_4060,1802,2124,181.15942028985506,1
3394,Branch_4061,3904,4714,2000.0,1
3395,Branch_4062,3904,4715,2000.0,1
3396,Branch_4063,3242,4523,234.192037470726,1
3397,Branch_4064,3243,4524,69.1085003455425,1
3398,Branch_4065,2804,4923,2000.0,1
3399,Branch_4066,2804,4924,2000.0,1
3400,Branch_4067,8183,8246,199.20318725099602,1
3401,Branch_4068,7297,7590,59.844404548174744,1
3402,Branch_4069,7179,7519,7.96241738991958,1
3403,Branch_4070,1870,2071,76.04562737642586,1
3404,Branch_4071,2918,4129,136.05442176870747,1
3405,Branch_4072,4021,4248,19.120458891013385,1
3406,Branch_4073,3605,4124,66.8002672010688,1
3407,Branch_4074,3022,4021,215.9827213822894,1
3408,Branch_4075,4021,4477,215.9827213822894,1
3409,Branch_4076,4124,4248,27.389756231169542,1
3410,Branch_4078,4125,4760,128.2051282051282,1
3411,Branch_4079,2045,2072,131.06159895150722,1
3412,Branch_4080,3849,4310,118.48341232227489,1
3413,Branch_4081,3849,4813,246.30541871921181,1
3414,Branch_4082,3684,4310,61.84291898577613,1
3415,Branch_4084,1941,2733,95.14747859181732,1
3416,Branch_4085,3013,4792,53.475935828877006,1
3417,Branch_4086,4792,4813,50.45408678102926,1
3418,Branch_4087,3013,4815,64.85084306095979,1
3419,Branch_4088,1961,2021,94.07337723424271,1
3420,Branch_4089,3038,3170,120.62726176115802,1
3421,Branch_4090,3170,4815,606.060606060606,1
3422,Branch_4091,6262,6438,6.700616456714018,1
3423,Branch_4092,4144,5426,19.282684149633628,1
3424,Branch_4096,2518,2562,380.22813688212926,1
3425,Branch_4097,3038,4212,141.44271570014143,1
3426,Branch_4098,3040,4212,63.653723742838956,1
3427,Branch_4099,3040,3136,189.75332068311195,1
3428,Branch_4100,3136,4307,151.9756838905775,1
3429,Branch_4101,3040,4195,75.47169811320755,1
3430,Branch_4102,3865,4307,192.30769230769232,1
3431,Branch_4103,3165,3865,247.52475247524754,1
3432,Branch_4104,8014,8173,2000.0,1
3433,Branch_4105,3038,4211,141.44271570014143,1
3434,Branch_4106,3040,4211,63.653723742838956,1
3435,Branch_4107,1785,2599,58.17335660267597,1
3436,Branch_4108,2887,4963,36.231884057971016,1
3437,Branch_4109,3123,4963,41.82350480970305,1
3438,Branch_4111,2999,3685,431.0344827586207,1
3439,Branch_4112,3072,3377,172.41379310344828,1
3440,Branch_4113,3072,3123,46.23208506703652,1
3441,Branch_4114,2999,3377,1000.0,1
3442,Branch_4115,3484,3685,324.6753246753247,1
3443,Branch_4117,2887,3538,53.219797764768494,1
3444,Branch_4118,3215,3538,113.63636363636364,1
3445,Branch_4120,3638,4813,31.220730565095224,1
3446,Branch_4121,2887,3374,2000.0,1
3447,Branch_4122,534,2144,5.858574023082782,1
3448,Branch_4123,2887,4813,21.729682746631898,1
3449,Branch_4124,3038,4462,134.40860215053763,1
3450,Branch_4125,3685,4462,45.558086560364465,1
3451,Branch_4126,2025,2599,75.47169811320755,1
3452,Branch_4127,5167,5175,49.75124378109453,1
3453,Branch_4128,4467,5167,133.15579227696404,1
3454,Branch_4129,3685,4467,124.06947890818859,1
3455,Branch_4130,2546,5920,3.6358347876672483,1
3456,Branch_4131,2153,2546,3.8504485772592507,1
3457,Branch_4132,4815,4948,209.20502092050208,1
3458,Branch_4133,1808,2599,57.50431282346176,1
3459,Branch_4134,2918,4061,282.4858757062147,1
3460,Branch_4135,5710,5716,28.818443804034583,1
3461,Branch_4136,5485,5685,27.159152634437806,1
3462,Branch_4137,5485,5506,40.502227622519236,1
3463,Branch_4138,5685,5788,57.43825387708214,1
3464,Branch_4139,5716,5788,79.36507936507937,1
3465,Branch_4141,4815,4948,209.20502092050208,1
3466,Branch_4143,2008,2733,123.00123001230013,1
3467,Branch_4144,3076,4061,95.32888465204957,1
3468,Branch_4145,5548,5684,87.7963125548727,1
3469,Branch_4147,5710,5796,13.62954886193267,1
3470,Branch_4148,5665,5684,30.111412225233362,1
3471,Branch_4149,5548,5796,28.768699654775602,1
3472,Branch_4150,5473,5547,30.33060357901122,1
3473,Branch_4151,5547,5669,19.138755980861244,1
3474,Branch_4152,5557,5798,79.11392405063292,1
3475,Branch_4153,5557,5669,23.90057361376673,1
3476,Branch_4154,5410,5798,70.77140835102618,1
3477,Branch_4155,5410,5815,107.64262648008611,1
3478,Branch_4156,2073,2665,30.959752321981423,1
3479,Branch_4157,5665,5815,51.733057423693744,1
3480,Branch_4158,7189,7445,274.72527472527474,1
3481,Branch_4159,7103,7297,18.52537977028529,1
3482,Branch_4162,5391,5710,120.1923076923077,1
3483,Branch_4163,5500,5638,66.62225183211193,1
3484,Branch_4164,5391,5638,925.925925925926,1
3485,Branch_4165,7185,7435,15.997440409534475,1
3486,Branch_4166,3666,6116,103.62694300518135,1
3487,Branch_4167,5499,5637,66.62225183211193,1
3488,Branch_4168,7070,7308,21.872265966754156,1
3489,Branch_4170,2157,2665,97.75171065493646,1
3490,Branch_4171,1931,2468,248.75621890547265,1
3491,Branch_4172,1799,1842,154.5595054095827,1
3492,Branch_4173,1842,1883,50.9683995922528,1
3493,Branch_4174,2654,2739,39.936102236421725,1
3494,Branch_4175,1897,2654,123.45679012345678,1
3495,Branch_4176,1897,2654,123.45679012345678,1
3496,Branch_4177,1815,2654,1010.10101010101,1
3497,Branch_4178,2567,2654,25.95380223202699,1
3498,Branch_4179,2190,2292,107.87486515641855,1
3499,Branch_4180,2219,2292,240.96385542168676,1
3500,Branch_4181,1992,2583,168.63406408094434,1
3501,Branch_4182,1793,2583,90.41591320072332,1
3502,Branch_4183,2098,2190,125.62814070351759,1
3503,Branch_4184,6280,6530,2000.0,1
3504,Branch_4185,6027,6530,41.78854993731718,1
3505,Branch_4186,6530,6531,32.25806451612903,1
3506,Branch_4187,6391,6390,9.975062344139651,1
3507,Branch_4188,6392,6390,8.053475074494644,1
3508,Branch_4189,6170,6391,56.36978579481398,1
3509,Branch_4190,6202,6392,47.80114722753346,1
3510,Branch_4191,6171,6391,20.868113522537563,1
3511,Branch_4192,6030,6390,132.27513227513228,1
3512,Branch_4193,6021,6390,56.94760820045558,1
3513,Branch_4194,3177,6390,8.682062858135092,1
3514,Branch_4195,6008,6391,18.51851851851852,1
3515,Branch_4197,5998,6028,165.28925619834712,1
3516,Branch_4198,6028,6283,63.33122229259025,1
3517,Branch_4199,4488,4508,2000.0,1
3518,Branch_4200,4488,4508,2000.0,1
3519,Branch_4201,6322,6324,11.771630370806356,1
3520,Branch_4202,6324,6323,10.770059235325794,1
3521,Branch_4203,6267,6323,12.60239445494644,1
3522,Branch_4204,6324,6618,8.442380751371887,1
3523,Branch_4205,5998,6322,83.89261744966443,1
3524,Branch_4206,5997,6324,22.22716159146477,1
3525,Branch_4207,6323,9661,6.93000693000693,1
3526,Branch_4208,6281,6323,102.45901639344262,1
3527,Branch_4209,5993,6324,18.674136321195146,1
3528,Branch_4210,6007,6322,66.8002672010688,1
3529,Branch_4211,6322,6323,2000.0,1
3530,Branch_4212,6324,6375,42.80821917808219,1
3531,Branch_4213,6105,6170,23.798191337458352,1
3532,Branch_4214,6170,6203,346.02076124567475,1
3533,Branch_4215,5921,6202,13.960631020522127,1
3534,Branch_4216,6096,6202,57.04506560182544,1
3535,Branch_4217,6202,6389,13.368983957219251,1
3536,Branch_4218,4089,4165,131.92612137203167,1
3537,Branch_4219,4088,4154,22.81021897810219,1
3538,Branch_4220,6024,6172,30.75030750307503,1
3539,Branch_4221,8320,8361,28.28854314002829,1
3540,Branch_4222,8361,8362,0.7584376185058779,1
3541,Branch_4223,427,434,2000.0,1
3542,Branch_4224,427,1598,18.864365214110546,1
3543,Branch_4225,427,1099,273.972602739726,1
3544,Branch_4228,9733,9742,2000.0,1
3545,Branch_4229,8468,8470,46.57661853749418,1
3546,Branch_4230,8471,8470,-456.62100456621005,1
3547,Branch_4231,8469,8470,8.92379082634303,1
3548,Branch_4232,8472,8473,46.8384074941452,1
3549,Branch_4233,8471,8473,-564.9717514124294,1
3550,Branch_4234,8474,8473,8.949346697691068,1
3551,Branch_4235,4079,4519,709.2198581560284,1
3552,Branch_4236,7007,7359,23.13208420078649,1
3553,Branch_4237,7359,7723,34.85535029627048,1
3554,Branch_4238,80,525,168.35016835016836,1
3555,Branch_4239,83,525,184.84288354898337,1
3556,Branch_4240,80,911,101.9367991845056,1
3557,Branch_4241,80,908,102.56410256410257,1
3558,Branch_4242,82,977,115.74074074074075,1
3559,Branch_4243,83,192,178.57142857142858,1
3560,Branch_4244,80,193,172.41379310344828,1
3561,Branch_4245,81,83,1149.4252873563219,1
3562,Branch_4246,82,1697,186.9158878504673,1
3563,Branch_4247,82,1000,209.64360587002096,1
3564,Branch_4248,80,84,118.90606420927467,1
3565,Branch_4249,82,84,95.96928982725528,1
3566,Branch_4250,86,84,9.517464547444561,1
3567,Branch_4251,80,85,-500.0,1
3568,Branch_4252,82,85,58.13953488372093,1
3569,Branch_4253,87,85,9.912767644726408,1
3570,Branch_4254,493,1752,2000.0,1
3571,Branch_4255,493,492,9.560229445506693,1
3572,Branch_4256,825,1524,62.5,1
3573,Branch_4257,1294,1524,134.58950201884252,1
3574,Branch_4258,9659,9660,29.07822041291073,1
3575,Branch_4259,9659,9655,16.67778519012675,1
3576,Branch_4260,9659,9656,16.67778519012675,1
3577,Branch_4261,9659,9657,16.67778519012675,1
3578,Branch_4262,9658,9652,6.166368625516434,1
3579,Branch_4263,9658,9653,6.166368625516434,1
3580,Branch_4264,9658,9654,6.166368625516434,1
3581,Branch_4265,6834,7175,111.35857461024499,1
3582,Branch_4266,9661,9667,970.8737864077669,1
3583,Branch_4267,392,1154,1851.851851851852,1
3584,Branch_4268,395,1154,33.80662609871535,1
3585,Branch_4269,419,1154,2000.0,1
3586,Branch_4270,1154,1432,18.311664530305805,1
3587,Branch_4271,1154,1622,18.825301204819276,1
3588,Branch_4272,907,1154,22.256843979523705,1
3589,Branch_4273,262,1154,193.05019305019306,1
3590,Branch_4274,9203,9312,4.751045229950589,1
3591,Branch_4275,9288,9312,5.530361685654242,1
3592,Branch_4276,1242,1669,96.61835748792271,1
3593,Branch_4277,1242,1306,77.33952049497293,1
3594,Branch_4278,3311,4015,45.45454545454545,1
3595,Branch_4279,3311,3673,396.8253968253968,1
3596,Branch_4280,3311,5182,2000.0,1
3597,Branch_4281,4887,4888,12.439358129120537,1
3598,Branch_4282,6023,6030,36.14022406938923,1
3599,Branch_4283,7014,7411,27.034333603676668,1
3600,Branch_4284,7012,7411,58.309037900874635,1
3601,Branch_4285,7251,7411,158.9825119236884,1
3602,Branch_4286,7180,7411,101.83299389002036,1
3603,Branch_4287,7411,7413,2000.0,1
3604,Branch_4288,7412,7413,2000.0,1
3605,Branch_4289,7411,7412,2000.0,1
3606,Branch_4290,7152,7411,162.60162601626016,1
3607,Branch_4291,7296,7295,6.715916722632639,1
3608,Branch_4292,8034,8450,53.61930294906166,1
3609,Branch_4293,7419,7669,87.48906386701663,1
3610,Branch_4294,7376,7419,409.8360655737705,1
3611,Branch_4295,4104,4658,157.9778830963665,1
3612,Branch_4296,651,1263,534.75935828877,1
3613,Branch_4297,799,1264,90.09009009009009,1
3614,Branch_4298,695,1263,454.54545454545456,1
3615,Branch_4299,695,1264,444.44444444444446,1
3616,Branch_4300,1262,1263,2000.0,1
3617,Branch_4301,1264,1265,2000.0,1
3618,Branch_4302,9851,9852,16.423057973394645,1
3619,Branch_4303,9851,9853,10.11326860841424,1
3620,Branch_4304,9825,9851,111.48272017837235,1
3621,Branch_4305,6884,7384,42.99226139294927,1
3622,Branch_4306,7279,7384,55.248618784530386,1
3623,Branch_4309,6868,7384,277.0083102493075,1
3624,Branch_4310,7216,7384,144.50867052023122,1
3625,Branch_4311,9561,9587,45.51661356395084,1
3626,Branch_4312,9561,9587,45.51661356395084,1
3627,Branch_4313,9587,9719,103.30578512396694,1
3628,Branch_4315,1665,1666,14.10238330277817,1
3629,Branch_4316,7014,7151,29.07822041291073,1
3630,Branch_4317,7151,7278,34.602076124567475,1
3631,Branch_4318,3873,3940,2.4731049833065413,1
3632,Branch_4319,3873,4663,120.91898428053204,1
3633,Branch_4320,3873,4663,149.7005988023952,1
3634,Branch_4326,3671,4861,26.52519893899204,1
3635,Branch_4327,3671,4666,7.261636772928618,1
3636,Branch_4328,7182,7394,81.10300081103001,1
3637,Branch_4329,7394,7474,128.04097311139566,1
3638,Branch_4330,7394,7507,66.48936170212765,1
3639,Branch_4331,797,1223,241.54589371980677,1
3640,Branch_4332,796,1223,240.96385542168676,1
3641,Branch_4333,3313,4714,68.07351940095303,1
3642,Branch_4335,7817,7820,2000.0,1
3643,Branch_4336,7820,7819,14.355440712029859,1
3644,Branch_4337,3527,5116,2000.0,1
3645,Branch_4338,9563,9564,2.375014843842774,1
3646,Branch_4339,9562,9564,-826.4462809917355,1
3647,Branch_4340,9561,9564,22.246941045606228,1
3648,Branch_4341,9561,9571,52.35602094240838,1
3649,Branch_4342,9561,9589,102.35414534288638,1
3650,Branch_4343,9554,9561,31.79650238473768,1
3651,Branch_4345,7290,7289,7.7226040620897365,1
3652,Branch_4346,7289,7537,10.955302366345311,1
3653,Branch_4347,7290,7451,4.9147294441441,1
3654,Branch_4348,7290,7468,6.141751627564181,1
3655,Branch_4349,7237,7290,18.365472910927455,1
3656,Branch_4350,7098,7440,80.77544426494346,1
3657,Branch_4351,7380,7440,1587.3015873015872,1
3658,Branch_4352,174,1226,199.20318725099602,1
3659,Branch_4353,174,213,531.9148936170212,1
3660,Branch_4354,8450,8451,210.9704641350211,1
3661,Branch_4355,7915,8450,28.5143997718848,1
3662,Branch_4356,8310,8311,5.478851632697786,1
3663,Branch_4357,8159,8310,2.9409169779137136,1
3664,Branch_4358,8311,8750,3.725643604932752,1
3665,Branch_4359,8104,8310,105.48523206751055,1
3666,Branch_4360,8065,8310,4.190939189472361,1
3667,Branch_4361,8310,8311,5.154107823935677,1
3668,Branch_4362,8225,8310,6.800408024481469,1
3669,Branch_4363,4061,4063,70.4225352112676,1
3670,Branch_4364,4065,4063,72.25433526011561,1
3671,Branch_4365,4060,4063,5.22384161312229,1
3672,Branch_4366,4062,4068,92.42144177449168,1
3673,Branch_4367,4067,4068,207.4688796680498,1
3674,Branch_4368,4069,4068,12.420817289777668,1
3675,Branch_4369,4064,4065,63.492063492063494,1
3676,Branch_4370,4064,4067,95.23809523809524,1
3677,Branch_4371,1256,1614,4.595588235294118,1
3678,Branch_4372,7661,7667,292.39766081871346,1
3679,Branch_4373,7661,7668,292.39766081871346,1
3680,Branch_4374,8059,8197,7.666360012266176,1
3681,Branch_4375,8197,8542,3.8370040672243113,1
3682,Branch_4376,8104,8197,2.6962899050905955,1
3683,Branch_4377,8065,8197,6.952169076751947,1
3684,Branch_4378,8059,8206,1.614595947364172,1
3685,Branch_4379,9093,9092,8.902341315766046,1
3686,Branch_4380,2695,2694,4.130183380142078,1
3687,Branch_4381,2695,2694,4.130183380142078,1
3688,Branch_4382,6952,7110,105.04201680672269,1
3689,Branch_4384,3496,3495,5.230946278181723,1
3690,Branch_4385,1563,1739,56.33802816901409,1
3691,Branch_4386,841,1563,15.629884338855893,1
3692,Branch_4387,6693,6692,5.00175061271445,1
3693,Branch_4388,6695,6694,12.003360941063498,1
3694,Branch_4389,6682,6693,2000.0,1
3695,Branch_4391,6056,6254,10.862480990658266,1
3696,Branch_4392,6107,6254,12.81722635221738,1
3697,Branch_4395,6693,6695,168.9189189189189,1
3698,Branch_4396,5922,6135,35.19887363604364,1
3699,Branch_4398,6326,6327,3.6084148233680944,1
3700,Branch_4399,6135,6326,134.2281879194631,1
3701,Branch_4400,1117,1125,13.315579227696405,1
3702,Branch_4401,1117,1127,13.422818791946309,1
3703,Branch_4402,1117,1126,13.315579227696405,1
3704,Branch_4403,1117,1123,13.717421124828531,1
3705,Branch_4404,1118,1121,13.315579227696405,1
3706,Branch_4405,1118,1128,13.315579227696405,1
3707,Branch_4406,1118,1124,13.717421124828531,1
3708,Branch_4407,1117,1122,19.611688566385567,1
3709,Branch_4408,1207,1208,14.326647564469914,1
3710,Branch_4409,1207,1208,14.326647564469914,1
3711,Branch_4410,1116,1117,2000.0,1
3712,Branch_4411,1116,1117,2000.0,1
3713,Branch_4412,1118,1129,2000.0,1
3714,Branch_4413,1118,1129,2000.0,1
3715,Branch_4414,855,856,95.60229445506693,1
3716,Branch_4415,857,1260,81.9672131147541,1
3717,Branch_4416,856,1258,85.1063829787234,1
3718,Branch_4417,855,1100,199.20318725099602,1
3719,Branch_4418,855,1068,178.89087656529517,1
3720,Branch_4419,856,858,2000.0,1
3721,Branch_4420,6533,6534,8.791208791208792,1
3722,Branch_4421,2830,2832,46.27487274409995,1
3723,Branch_4422,2834,2832,-460.8294930875576,1
3724,Branch_4423,2833,2832,8.986340762041696,1
3725,Branch_4424,2830,2829,46.59832246039143,1
3726,Branch_4425,2834,2829,-476.1904761904762,1
3727,Branch_4426,2831,2829,8.991997122560921,1
3728,Branch_4427,6526,6533,39.23107100823852,1
3729,Branch_4428,4802,4803,12.661433274246646,1
3730,Branch_4429,4802,4804,14.001680201624195,1
3731,Branch_4430,4795,4802,205.76131687242798,1
3732,Branch_4431,6756,6757,10.74922068150059,1
3733,Branch_4432,6756,6758,10.902747492368077,1
3734,Branch_4433,6738,6756,1369.86301369863,1
3735,Branch_4435,6951,7702,1351.3513513513512,1
3736,Branch_4436,6951,6950,13.689253935660506,1
3737,Branch_4439,5996,6055,10.676916506512919,1
3738,Branch_4440,5996,6473,2000.0,1
3739,Branch_4441,5996,6340,8.555783709787816,1
3740,Branch_4442,6903,7772,122.24938875305624,1
3741,Branch_4445,6903,7809,2000.0,1
3742,Branch_4447,62,6903,16.002560409665545,1
3743,Branch_4448,6903,7139,109.40919037199124,1
3744,Branch_4449,6778,6777,14.110342881332016,1
3745,Branch_4450,6778,6779,10.529640939243972,1
3746,Branch_4451,3240,4377,2000.0,1
3747,Branch_4452,7039,7522,138.69625520110958,1
3748,Branch_4453,7459,7522,79.23930269413628,1
3749,Branch_4454,7457,7523,15.535187199005748,1
3750,Branch_4455,7288,7523,45.62043795620438,1
3751,Branch_4458,6341,6430,29.735355337496284,1
3752,Branch_4459,6129,6430,7.85299198994817,1
3753,Branch_4460,6091,6430,4.391936404760859,1
3754,Branch_4461,6719,6720,13.831258644536653,1
3755,Branch_4462,6708,6719,2000.0,1
3756,Branch_4466,6341,6648,8.548469823901522,1
3757,Branch_4467,9658,9660,2000.0,1
3758,Branch_4470,5819,5821,19.79414093428345,1
3759,Branch_4471,5821,5822,92.85051067780873,1
3760,Branch_4472,731,1038,162.60162601626016,1
3761,Branch_4473,731,1001,116.82242990654206,1
3762,Branch_4474,790,1253,2000.0,1
3763,Branch_4475,790,1253,2000.0,1
3764,Branch_4476,4826,4827,8.89125989152663,1
3765,Branch_4477,4826,4829,8.89125989152663,1
3766,Branch_4478,4826,4830,8.89125989152663,1
3767,Branch_4479,4826,4828,8.89125989152663,1
3768,Branch_4480,4826,9857,369.00369003690037,1
3769,Branch_4481,8981,8982,16.54807214959457,1
3770,Branch_4482,8978,8981,2000.0,1
3771,Branch_4486,7295,7427,96.24639076034649,1
3772,Branch_4487,4786,4907,2000.0,1
3773,Branch_4488,4786,4787,20.084354288009642,1
3774,Branch_4489,4786,4788,20.084354288009642,1
3775,Branch_4490,8911,8912,12.691965985531159,1
3776,Branch_4491,8887,8911,216.45021645021646,1
3777,Branch_4492,7155,7157,22.109219544550076,1
3778,Branch_4493,7156,7492,7.495689978262499,1
3779,Branch_4494,7157,7300,53.219797764768494,1
3780,Branch_4495,7157,7425,60.93845216331505,1
3781,Branch_4496,7093,7154,20.189783969311527,1
3782,Branch_4497,7189,7570,47.596382674916704,1
3783,Branch_4498,7047,7570,94.42870632672333,1
3784,Branch_4499,7032,7570,98.32841691248771,1
3785,Branch_4503,638,809,148.14814814814815,1
3786,Branch_4504,626,638,226.75736961451247,1
3787,Branch_4505,7275,7447,9.7380465478625,1
3788,Branch_4506,7275,7560,12.802458071949815,1
3789,Branch_4507,5986,6005,25.374270489723422,1
3790,Branch_4508,5997,6005,31.357792411414238,1
3791,Branch_4509,5771,5837,375.9398496240602,1
3792,Branch_4510,5765,5771,2000.0,1
3793,Branch_4511,5951,6154,6.128201985537443,1
3794,Branch_4512,5951,5962,9.066183136899365,1
3795,Branch_4515,418,473,1315.7894736842106,1
3796,Branch_4516,48,418,30.693677102516883,1
3797,Branch_4517,418,881,30.835646006783843,1
3798,Branch_4519,1221,1597,156.25,1
3799,Branch_4520,748,1221,48.99559039686428,1
3800,Branch_4521,5071,5069,15.082956259426847,1
3801,Branch_4522,5071,5070,15.082956259426847,1
3802,Branch_4523,7235,7234,13.914011409489357,1
3803,Branch_4524,7163,7234,15.878056525881233,1
3804,Branch_4525,7235,7429,8.253549026081215,1
3805,Branch_4526,6831,7234,28.727377190462512,1
3806,Branch_4527,6874,7234,7.830240388379924,1
3807,Branch_4528,7234,7236,2000.0,1
3808,Branch_4529,4544,5071,2000.0,1
3809,Branch_4530,4772,4795,82.98755186721992,1
3810,Branch_4532,9260,9261,15.010507355148604,1
3811,Branch_4533,9249,9261,13.599891200870394,1
3812,Branch_4534,9260,9324,6.169031462060457,1
3813,Branch_4535,9261,9355,2.9324653235975484,1
3814,Branch_4536,9260,9332,5.435668859053107,1
3815,Branch_4537,9261,9415,10.15434606011373,1
3816,Branch_4538,9159,9261,19.18649270913277,1
3817,Branch_4539,9565,9694,140.4494382022472,1
3818,Branch_4540,9694,9695,10.427528675703858,1
3819,Branch_4541,6041,6056,14.511681903932665,1
3820,Branch_4542,6041,6051,3.8668264954951472,1
3821,Branch_4543,8932,8943,55.83472920156337,1
3822,Branch_4544,8043,8943,29.682398337785692,1
3823,Branch_4545,5549,5548,6.218905472636816,1
3824,Branch_4546,5817,5861,32.637075718015666,1
3825,Branch_4547,5599,5601,20.36659877800407,1
3826,Branch_4548,5599,5600,2.7404017428955085,1
3827,Branch_4549,5525,5599,72.15007215007215,1
3828,Branch_4550,5536,5599,30.3951367781155,1
3829,Branch_4551,5599,5709,19.496977968414896,1
3830,Branch_4552,7903,7999,18.01801801801802,1
3831,Branch_4553,7999,8080,15.873015873015873,1
3832,Branch_4554,7913,8287,3.45447008428907,1
3833,Branch_4555,6238,7913,5.684402000909504,1
3834,Branch_4557,1577,1752,85.17887563884156,1
3835,Branch_4558,283,1577,91.6590284142988,1
3836,Branch_4559,3107,3239,25.926886180969664,1
3837,Branch_4560,2352,2351,14.78415138971023,1
3838,Branch_4561,3537,3921,50.55611729019211,1
3839,Branch_4562,2392,2391,1.4442310191938301,1
3840,Branch_4563,1859,1861,30.111412225233362,1
3841,Branch_4564,1860,1861,-233.6448598130841,1
3842,Branch_4565,1863,1861,9.004141905276427,1
3843,Branch_4566,1859,1862,25.806451612903224,1
3844,Branch_4567,1860,1862,-108.34236186348862,1
3845,Branch_4568,1864,1862,5.991611743559018,1
3846,Branch_4569,1999,2392,2000.0,1
3847,Branch_4570,520,1584,980.3921568627451,1
3848,Branch_4571,1584,1629,193.7984496124031,1
3849,Branch_4572,7710,7854,43.51610095735422,1
3850,Branch_4574,2797,2872,6.889424733034792,1
3851,Branch_4575,2797,3517,6.660893891960301,1
3852,Branch_4576,6195,6334,35.49875754348598,1
3853,Branch_4577,6163,6195,12.891581797086502,1
3854,Branch_4580,6702,6701,10.183299389002038,1
3855,Branch_4581,6702,6700,11.516756881262237,1
3856,Branch_4583,4481,4852,68.82312456985547,1
3857,Branch_4585,9569,9822,182.4817518248175,1
3858,Branch_4586,9822,9854,2000.0,1
3859,Branch_4587,9822,9890,123.76237623762377,1
3860,Branch_4588,5984,6702,404.8582995951417,1
3861,Branch_4589,1331,1370,46.57661853749418,1
3862,Branch_4590,1330,1597,67.79661016949153,1
3863,Branch_4591,284,1331,40.51863857374392,1
3864,Branch_4592,1330,1598,819.672131147541,1
3865,Branch_4593,1331,1332,132.1003963011889,1
3866,Branch_4594,1330,1333,41.06776180698152,1
3867,Branch_4597,6883,7613,200.0,1
3868,Branch_4598,7613,7723,135.50135501355012,1
3869,Branch_4599,9544,9826,2000.0,1
3870,Branch_4600,9847,9850,141.44271570014143,1
3871,Branch_4601,9848,9850,17.953321364452425,1
3872,Branch_4602,9849,9850,17.83484929552345,1
3873,Branch_4603,9826,9847,2000.0,1
3874,Branch_4604,304,1162,65.06180871828236,1
3875,Branch_4605,1162,1512,151.285930408472,1
3876,Branch_4607,1162,1159,14.374011786689666,1
3877,Branch_4608,1162,1161,14.378145219266715,1
3878,Branch_4609,1162,1158,14.371945961483185,1
3879,Branch_4610,1162,1160,14.230823964707557,1
3880,Branch_4611,2047,2681,33.88681802778719,1
3881,Branch_4612,2047,2418,201.61290322580646,1
3882,Branch_4613,2047,2702,91.24087591240875,1
3883,Branch_4614,1797,2727,26.52519893899204,1
3884,Branch_4615,2727,2749,130.89005235602093,1
3885,Branch_4616,2473,2727,113.12217194570135,1
3886,Branch_4617,1949,2020,57.142857142857146,1
3887,Branch_4618,2020,2226,74.90636704119851,1
3888,Branch_4619,183,841,877.1929824561404,1
3889,Branch_4620,183,186,390.625,1
3890,Branch_4621,177,186,9.514747859181732,1
3891,Branch_4622,178,186,9.48676596148373,1
3892,Branch_4623,183,184,353.35689045936397,1
3893,Branch_4624,179,184,9.908838684106223,1
3894,Branch_4625,180,184,9.813542688910697,1
3895,Branch_4626,183,185,314.4654088050315,1
3896,Branch_4627,181,185,10.068465565847765,1
3897,Branch_4628,182,185,10.024057738572575,1
3898,Branch_4629,1934,2596,24.563989191844755,1
3899,Branch_4630,1934,2595,6.695232994108195,1
3900,Branch_4631,6930,7466,9.399379640943698,1
3901,Branch_4632,6930,7213,14.755791648221926,1
3902,Branch_4633,6930,7307,3.872216844143272,1
3903,Branch_4634,6925,6930,9.821253191907287,1
3904,Branch_4635,7647,7646,6.818491749624983,1
3905,Branch_4636,7647,7646,6.818491749624983,1
3906,Branch_4637,4789,4790,12.306177701206005,1
3907,Branch_4638,4789,4791,8.880994671403197,1
3908,Branch_4639,4772,4789,283.28611898017,1
3909,Branch_4640,3291,3892,9.736150326161036,1
3910,Branch_4641,3179,3892,5.590339892665474,1
3911,Branch_4642,9914,9916,37.18854592785422,1
3912,Branch_4643,9915,9917,37.18854592785422,1
3913,Branch_4644,8375,8676,520.8333333333334,1
3914,Branch_4645,9918,9916,16.68613382279326,1
3915,Branch_4646,9918,9917,16.929067208396816,1
3916,Branch_4647,8375,8796,102.77492291880782,1
3917,Branch_4648,8375,8796,102.77492291880782,1
3918,Branch_4649,6181,6180,8.274036074797285,1
3919,Branch_4650,6047,6181,22.893772893772894,1
3920,Branch_4654,6181,6714,13.238019592268996,1
3921,Branch_4655,6037,6180,12.414649286157665,1
3922,Branch_4656,6161,6180,8.218952905399853,1
3923,Branch_4657,6180,6241,3.6391426179991995,1
3924,Branch_4658,6036,6180,7.15922107674685,1
3925,Branch_4659,6181,6617,12.871669455528382,1
3926,Branch_4660,1856,1857,4.370629370629371,1
3927,Branch_4661,1856,1857,4.80884828083674,1
3928,Branch_4663,2804,3003,111.48272017837235,1
3929,Branch_4664,2804,3049,197.23865877712032,1
3930,Branch_4665,7444,7724,17.205781142463866,1
3931,Branch_4666,547,737,123.45679012345678,1
3932,Branch_4667,546,737,61.12469437652812,1
3933,Branch_4668,8206,8207,7.987220447284345,1
3934,Branch_4670,8207,8538,2000.0,1
3935,Branch_4671,6052,6481,4.685376938574708,1
3936,Branch_4672,6052,6054,54.585152838427945,1
3937,Branch_4673,6052,6628,10.049241282283187,1
3938,Branch_4674,6054,8148,3.428414701042238,1
3939,Branch_4675,8822,8824,8.623663332183511,1
3940,Branch_4676,8822,8823,8.686587908269631,1
3941,Branch_4677,8751,8822,92.50693802035153,1
3942,Branch_4678,545,547,156.25,1
3943,Branch_4679,54,547,208.33333333333334,1
3944,Branch_4681,2515,5136,11.032656663724625,1
3945,Branch_4682,2931,3093,6.3742988271290155,1
3946,Branch_4683,7728,7855,67.15916722632639,1
3947,Branch_4684,7703,7855,38.19709702062643,1
3948,Branch_4685,8519,8607,159.4896331738437,1
3949,Branch_4686,8543,8607,367.6470588235294,1
3950,Branch_4687,2106,2109,12.232415902140673,1
3951,Branch_4688,2106,2108,12.232415902140673,1
3952,Branch_4689,2106,2107,18.25150574922431,1
3953,Branch_4690,6726,6725,8.982304859426929,1
3954,Branch_4691,6438,6726,1428.5714285714287,1
3955,Branch_4692,7282,7283,5.396654074473826,1
3956,Branch_4693,7283,7402,27.107617240444565,1
3957,Branch_4694,7256,7590,1428.5714285714287,1
3958,Branch_4695,6839,7256,11.462631820265933,1
3959,Branch_4696,7256,7448,95.69377990430623,1
3960,Branch_4697,7170,7399,3.1017369727047144,1
3961,Branch_4698,7059,7282,3.286230693394676,1
3962,Branch_4699,479,1451,8.648274669203493,1
3963,Branch_4700,9195,9315,19.01863826550019,1
3964,Branch_4701,9195,9439,6.776445076912651,1
3965,Branch_4702,5494,5770,26.504108136761197,1
3966,Branch_4703,292,867,103.09278350515464,1
3967,Branch_4704,172,867,142.04545454545453,1
3968,Branch_4705,1425,1451,3.2372936225315634,1
3969,Branch_4707,692,1235,242.13075060532688,1
3970,Branch_4708,693,1235,245.09803921568627,1
3971,Branch_4710,870,989,297.6190476190476,1
3972,Branch_4711,870,873,2.7979071654402508,1
3973,Branch_4716,9443,9543,62.93266205160478,1
3974,Branch_4717,4552,4876,265.9574468085106,1
3975,Branch_4719,3121,4552,225.22522522522522,1
3976,Branch_4720,9543,9542,14.255167498218103,1
3977,Branch_4721,392,386,4.738887309259786,1
3978,Branch_4722,392,387,4.738887309259786,1
3979,Branch_4723,392,388,4.738887309259786,1
3980,Branch_4724,392,389,4.738887309259786,1
3981,Branch_4725,392,390,4.738887309259786,1
3982,Branch_4726,392,391,4.738887309259786,1
3983,Branch_4727,392,393,4.739111890431733,1
3984,Branch_4728,392,394,4.739111890431733,1
3985,Branch_4729,340,342,2000.0,1
3986,Branch_4730,342,343,16.423057973394645,1
3987,Branch_4731,342,344,16.423057973394645,1
3988,Branch_4733,1084,1278,297.6190476190476,1
3989,Branch_4734,1136,1278,427.35042735042737,1
3990,Branch_4736,1528,1551,33.3000333000333,1
3991,Branch_4737,1528,1768,119.9040767386091,1
3992,Branch_4738,374,1214,54.70459518599562,1
3993,Branch_4739,374,1587,666.6666666666666,1
3994,Branch_4740,374,382,900.9009009009009,1
3995,Branch_4744,8438,8888,2000.0,1
3996,Branch_4745,7121,7632,4.198681613973212,1
3997,Branch_4746,7104,7105,2.392458969328676,1
3998,Branch_4749,6925,7104,21.677866897897246,1
3999,Branch_4750,6925,7104,34.34065934065934,1
4000,Branch_4752,4193,4194,9.054690329590729,1
4001,Branch_4753,8098,8542,2.2073593360263115,1
4002,Branch_4754,8098,8274,210.08403361344537,1
4003,Branch_4756,6501,6669,5.679559266200942,1
4004,Branch_4757,6232,6669,24.66091245376079,1
4005,Branch_4758,6507,6669,35.06311360448808,1
4006,Branch_4760,9626,9627,2000.0,1
4007,Branch_4761,2741,2742,4.883527860526445,1
4008,Branch_4762,4995,4994,13.908205841446453,1
4009,Branch_4763,4193,5136,4.546281142025823,1
4010,Branch_4764,9157,9208,7.939658594680429,1
4011,Branch_4765,544,1742,284.9002849002849,1
4012,Branch_4766,6109,6319,16.283992835043154,1
4013,Branch_4767,6162,6319,69.58942240779402,1
4014,Branch_4769,9287,9713,37.0919881305638,1
4015,Branch_4770,140,544,349.65034965034965,1
4016,Branch_4771,9439,9529,5.223023085762039,1
4017,Branch_4772,9316,9529,6.19463544570402,1
4018,Branch_4773,7061,7161,88.88888888888889,1
4019,Branch_4774,7161,7346,99.10802775024777,1
4020,Branch_4775,7271,7590,67.34006734006734,1
4021,Branch_4776,7271,7346,80.12820512820512,1
4022,Branch_4777,3459,3898,38.80481179666278,1
4023,Branch_4778,7121,7122,10.0,1
4024,Branch_4779,7029,7466,3.0700273232431767,1
4025,Branch_4780,2650,2652,38.58024691358025,1
4026,Branch_4781,2649,2652,56.91519635742743,1
4027,Branch_4782,2651,2652,12.73074474856779,1
4028,Branch_4783,341,1619,1886.7924528301887,1
4029,Branch_4784,341,764,298.5074626865672,1
4030,Branch_4785,7070,7650,14.186409419775854,1
4031,Branch_4786,7521,7650,25.387154100025388,1
4032,Branch_4787,514,1570,33.05785123966942,1
4033,Branch_4788,514,1631,330.03300330033005,1
4034,Branch_4789,4153,4641,8.780402142418122,1
4035,Branch_4790,7639,7640,17.55001755001755,1
4036,Branch_4791,7354,7639,9.214891264283082,1
4037,Branch_4793,1130,1668,85.39709649871904,1
4038,Branch_4794,1038,1668,70.92198581560284,1
4039,Branch_4795,653,890,73.20644216691069,1
4040,Branch_4796,211,890,480.7692307692308,1
4041,Branch_4797,890,891,5.01002004008016,1
4042,Branch_4798,1164,1268,78.61635220125787,1
4043,Branch_4799,234,1268,126.10340479192938,1
4044,Branch_4800,647,1074,219.2982456140351,1
4045,Branch_4801,1074,1594,122.54901960784314,1
4046,Branch_4802,3045,3262,4.593477262287552,1
4047,Branch_4803,3045,3555,5.588777734309507,1
4048,Branch_4804,1443,1565,27.59381898454746,1
4049,Branch_4807,8147,8149,2000.0,1
4050,Branch_4808,8148,8147,5.805515239477503,1
4051,Branch_4809,8148,8147,6.053635207942369,1
4052,Branch_4810,8148,8351,9.820288716488264,1
4053,Branch_4811,8149,8667,48.03073967339097,1
4054,Branch_4812,8124,8148,8.719916288803628,1
4055,Branch_4813,6593,8147,2000.0,1
4056,Branch_4814,8147,8452,37.03703703703704,1
4057,Branch_4815,7270,7632,1.8501387604070305,1
4058,Branch_4819,625,1310,255.10204081632654,1
4059,Branch_4820,1309,1310,2000.0,1
4060,Branch_4821,936,1309,55.005500550055004,1
4061,Branch_4822,7062,7354,5.884776084269993,1
4062,Branch_4823,7062,7572,2.9292012068308972,1
4063,Branch_4824,7054,7055,10.259567046270647,1
4064,Branch_4826,2760,7054,11.28158844765343,1
4065,Branch_4827,7055,7298,44.9034575662326,1
4066,Branch_4828,7054,7246,3.858917959404183,1
4067,Branch_4829,7055,7165,7.932730445819451,1
4068,Branch_4830,7097,7483,3.8476337052712584,1
4069,Branch_4831,2296,2294,14.355440712029859,1
4070,Branch_4832,2296,2295,5.370280865689275,1
4071,Branch_4833,7163,7367,11.640088464672331,1
4072,Branch_4834,1204,1441,344.82758620689657,1
4073,Branch_4835,140,1204,318.47133757961785,1
4074,Branch_4837,7081,7520,14.092446448703495,1
4075,Branch_4838,8209,8724,7.00770847932726,1
4076,Branch_4839,8276,8724,9.512937595129376,1
4077,Branch_4840,8118,8724,24.06159769008662,1
4078,Branch_4841,9159,9336,5.007511266900351,1
4079,Branch_4842,5914,6242,2000.0,1
4080,Branch_4843,5894,6242,2000.0,1
4081,Branch_4844,1531,1540,100.20040080160321,1
4082,Branch_4845,1532,1540,218.34061135371178,1
4083,Branch_4846,1541,1540,11.990407673860911,1
4084,Branch_4847,1531,1537,98.71668311944718,1
4085,Branch_4848,1532,1537,198.80715705765408,1
4086,Branch_4849,1535,1537,12.202562538133009,1
4087,Branch_4850,1531,1538,54.31830526887561,1
4088,Branch_4851,1532,1538,-243.90243902439025,1
4089,Branch_4852,1534,1538,10.554089709762533,1
4090,Branch_4853,1531,1539,86.13264427217915,1
4091,Branch_4854,1533,1539,134.40860215053763,1
4092,Branch_4855,1536,1539,9.489466691971911,1
4093,Branch_4857,1532,1586,112.4859392575928,1
4094,Branch_4858,1415,1531,378.7878787878788,1
4095,Branch_4859,640,1533,189.0359168241966,1
4096,Branch_4860,1532,1693,173.61111111111111,1
4097,Branch_4861,1532,1692,166.9449081803005,1
4098,Branch_4862,947,1531,78.61635220125787,1
4099,Branch_4863,927,1533,138.88888888888889,1
4100,Branch_4865,703,1532,151.05740181268882,1
4101,Branch_4866,702,1532,83.05647840531562,1
4102,Branch_4867,30,1531,79.93605115907275,1
4103,Branch_4868,6909,7774,2000.0,1
4104,Branch_4869,285,338,47.57373929590866,1
4105,Branch_4870,285,1511,99.00990099009901,1
4106,Branch_4872,285,1746,2000.0,1
4107,Branch_4873,9936,9935,7.202535292422933,1
4108,Branch_4874,9936,9937,2000.0,1
4109,Branch_4875,4277,4673,41.71881518564873,1
4110,Branch_4876,292,1447,14.662756598240469,1
4111,Branch_4877,6909,6908,9.160025648071814,1
4112,Branch_4878,6909,6910,8.624407072013799,1
4113,Branch_4880,4718,4735,37.664783427495294,1
4114,Branch_4881,5824,5826,26.52519893899204,1
4115,Branch_4882,518,625,25.581990278843694,1
4116,Branch_4883,2828,2827,17.032873445750297,1
4117,Branch_4884,4277,4688,2000.0,1
4118,Branch_4885,62,1439,147.71048744460856,1
4119,Branch_4886,1438,1439,30.339805825242717,1
4120,Branch_4887,1437,1438,7.432181345224824,1
4121,Branch_4888,627,1438,11.282861333634209,1
4122,Branch_4889,963,1437,6.846501437765302,1
4123,Branch_4890,69,1437,5.553087516659263,1
4124,Branch_4891,1087,1437,6.8756875687568755,1
4125,Branch_4892,281,1438,24.044241404183698,1
4126,Branch_4893,961,1438,45.06534474988734,1
4127,Branch_4894,4512,4515,29.472443265546715,1
4128,Branch_4895,4511,4512,24.65483234714004,1
4129,Branch_4896,36,139,275.4820936639118,1
4130,Branch_4898,9539,9729,177.61989342806393,1
4131,Branch_4899,9729,9728,15.441630636195182,1
4132,Branch_4900,9539,9540,19.48178453146308,1
4133,Branch_4901,9539,9541,15.441630636195182,1
4134,Branch_4902,9539,9560,260.4166666666667,1
4135,Branch_4903,3853,4446,46.554934823091244,1
4136,Branch_4904,196,1750,224.2152466367713,1
4137,Branch_4906,5849,5847,6.916107614634484,1
4138,Branch_4907,5849,5848,15.124016938898972,1
4139,Branch_4908,5402,5849,108.45986984815619,1
4140,Branch_4909,5928,6040,44.38526409232135,1
4141,Branch_4910,5928,6333,350.87719298245617,1
4142,Branch_4911,6225,6231,69.15629322268326,1
4143,Branch_4912,6223,6231,719.4244604316547,1
4144,Branch_4913,6230,6231,10.684902233144566,1
4145,Branch_4914,6225,6224,68.58710562414267,1
4146,Branch_4915,6226,6224,662.2516556291391,1
4147,Branch_4916,6228,6224,10.481081647626034,1
4148,Branch_4917,6150,6226,23.713540431586434,1
4149,Branch_4918,6225,6287,73.85524372230428,1
4150,Branch_4919,5958,6227,20.124773596297043,1
4151,Branch_4921,6110,6225,39.77724741447892,1
4152,Branch_4922,5990,6227,13.614703880190605,1
4153,Branch_4923,5918,6223,934.5794392523364,1
4154,Branch_4925,515,1750,195.3125,1
4155,Branch_4926,3797,4341,8.410428931875526,1
4156,Branch_4930,5110,5113,2000.0,1
4157,Branch_4931,196,340,131.75230566534916,1
4158,Branch_4932,196,214,41.77109440267335,1
4159,Branch_4934,196,1751,1204.8192771084337,1
4160,Branch_4936,1102,1392,81.43322475570032,1
4161,Branch_4937,1100,1391,83.2639467110741,1
4162,Branch_4938,1392,1521,152.67175572519085,1
4163,Branch_4939,1391,1519,153.84615384615384,1
4164,Branch_4941,1389,1392,2000.0,1
4165,Branch_4942,1390,1391,2000.0,1
4166,Branch_4943,4277,5224,2000.0,1
4167,Branch_4944,4277,5225,2000.0,1
4168,Branch_4945,525,527,2000.0,1
4169,Branch_4946,525,1669,107.29613733905579,1
4170,Branch_4947,525,1671,78.80220646178093,1
4171,Branch_4948,525,781,214.13276231263384,1
4172,Branch_4949,527,780,217.8649237472767,1
4173,Branch_4950,526,527,2000.0,1
4174,Branch_4951,525,531,107.87486515641855,1
4175,Branch_4952,525,533,79.05138339920948,1
4176,Branch_4953,3761,3768,44.54342984409799,1
4177,Branch_4954,3764,3768,-2000.0,1
4178,Branch_4955,3766,3768,7.99744081893794,1
4179,Branch_4956,3761,3769,46.27487274409995,1
4180,Branch_4957,3765,3769,-460.8294930875576,1
4181,Branch_4958,3767,3769,9.042408897730356,1
4182,Branch_4959,3899,3902,25.44529262086514,1
4183,Branch_4960,3898,3902,-112.35955056179775,1
4184,Branch_4961,3903,3902,5.813953488372093,1
4185,Branch_4962,3899,3901,30.67484662576687,1
4186,Branch_4963,3898,3901,-370.3703703703704,1
4187,Branch_4964,3900,3901,10.893246187363834,1
4188,Branch_4965,4192,5151,57.24098454493417,1
4189,Branch_4966,5152,5151,9.374707040404987,1
4190,Branch_4967,4525,5151,512.8205128205128,1
4191,Branch_4968,4926,5151,7.6464291176020796,1
4192,Branch_4969,3972,5151,50.505050505050505,1
4193,Branch_4970,212,752,284.09090909090907,1
4194,Branch_4971,212,1675,641.025641025641,1
4195,Branch_4972,9290,9291,5.541701302299806,1
4196,Branch_4973,129,131,757.5757575757576,1
4197,Branch_4974,129,1431,91.74311926605505,1
4198,Branch_4975,169,1166,2000.0,1
4199,Branch_4976,169,1636,34.83106931382793,1
4200,Branch_4977,4478,4477,5.589714924538849,1
4201,Branch_4978,168,169,2000.0,1
4202,Branch_4979,5819,5820,23.110700254217704,1
4203,Branch_4980,5347,5350,7.423904974016333,1
4204,Branch_4981,5347,5349,12.858428700012858,1
4205,Branch_4982,5348,5347,42.19409282700422,1
4206,Branch_4983,4849,5348,208.33333333333334,1
4207,Branch_4984,8032,8349,300.3003003003003,1
4208,Branch_4985,8349,8350,237.52969121140143,1
4209,Branch_4986,8348,8349,9.103322712790169,1
4210,Branch_4987,9145,9572,7.599939200486396,1
4211,Branch_4988,9572,9573,2000.0,1
4212,Branch_4989,9293,9572,22.639800769753226,1
4213,Branch_4990,9076,9075,10.670081092616304,1
4214,Branch_4991,256,304,129.5336787564767,1
4215,Branch_4992,304,868,120.91898428053204,1
4216,Branch_4993,304,1561,326.797385620915,1
4217,Branch_4995,304,305,6.315523556902868,1
4218,Branch_4996,305,1356,2000.0,1
4219,Branch_4997,304,311,101.01010101010101,1
4220,Branch_4998,307,311,3.951007506914263,1
4221,Branch_4999,307,1350,2000.0,1
4222,Branch_5000,308,311,3.951007506914263,1
4223,Branch_5001,308,1351,2000.0,1
4224,Branch_5002,304,306,6.315523556902868,1
4225,Branch_5003,306,1358,2000.0,1
4226,Branch_5004,304,312,101.01010101010101,1
4227,Branch_5005,309,312,3.951007506914263,1
4228,Branch_5006,309,1350,2000.0,1
4229,Branch_5007,310,312,3.951007506914263,1
4230,Branch_5008,310,1349,2000.0,1
4231,Branch_5009,304,313,101.01010101010101,1
4232,Branch_5010,315,313,3.951007506914263,1
4233,Branch_5011,315,1347,2000.0,1
4234,Branch_5012,316,313,3.951007506914263,1
4235,Branch_5013,316,1348,2000.0,1
4236,Branch_5014,304,314,101.01010101010101,1
4237,Branch_5015,317,314,3.951007506914263,1
4238,Branch_5016,317,1347,2000.0,1
4239,Branch_5017,318,314,3.951007506914263,1
4240,Branch_5018,318,1348,2000.0,1
4241,Branch_5019,9507,9510,46.27487274409995,1
4242,Branch_5020,9506,9510,-460.8294930875576,1
4243,Branch_5021,9505,9510,9.00657479960371,1
4244,Branch_5022,9507,9508,45.187528242205154,1
4245,Branch_5023,9504,9508,-467.2897196261682,1
4246,Branch_5024,9509,9508,7.662248103593594,1
4247,Branch_5025,6108,6577,5.533728072602512,1
4248,Branch_5026,6238,6577,8.037939072421832,1
4249,Branch_5027,6577,6655,1250.0,1
4250,Branch_5028,5009,5010,2.8612303290414878,1
4251,Branch_5030,7329,7765,71.68458781362007,1
4252,Branch_5031,7584,7765,175.7469244288225,1
4253,Branch_5032,7765,7766,2000.0,1
4254,Branch_5033,7765,7767,2000.0,1
4255,Branch_5034,7392,7438,5.601299501484345,1
4256,Branch_5035,7438,7498,11.870845204178538,1
4257,Branch_5036,9357,9470,2000.0,1
4258,Branch_5037,3567,4390,38.55050115651503,1
4259,Branch_5038,7215,7228,4.466279589102278,1
4260,Branch_5039,8375,8537,1449.2753623188405,1
4261,Branch_5040,8536,8537,10.175010175010176,1
4262,Branch_5041,116,663,487.8048780487805,1
4263,Branch_5042,6844,7720,187.26591760299627,1
4264,Branch_5043,6844,7692,73.96449704142012,1
4265,Branch_5044,7720,7719,15.441630636195182,1
4266,Branch_5045,6844,6843,19.48178453146308,1
4267,Branch_5046,663,755,1724.1379310344828,1
4268,Branch_5047,3996,4327,109.89010989010988,1
4269,Branch_5048,3202,3996,2000.0,1
4270,Branch_5049,3996,3995,13.655605626109518,1
4271,Branch_5050,3996,3999,13.73437714599643,1
4272,Branch_5051,3994,3998,14.206563432305725,1
4273,Branch_5052,3994,4000,7.106310403638431,1
4274,Branch_5053,3996,3997,16.803898504453034,1
4275,Branch_5054,3581,5273,27.716186252771617,1
4276,Branch_5055,3201,3994,526.3157894736842,1
4277,Branch_5056,6813,7540,421.9409282700422,1
4278,Branch_5057,3265,9424,17.117425539198905,1
4279,Branch_5058,9416,9424,24.142926122646063,1
4280,Branch_5059,9425,9424,1.5109391998065997,1
4281,Branch_5060,9421,9425,19.42124684404739,1
4282,Branch_5061,3426,5323,73.47538574577517,1
4283,Branch_5062,3097,3426,138.50415512465375,1
4284,Branch_5063,3486,4753,41.58004158004158,1
4285,Branch_5064,3001,4753,72.67441860465117,1
4286,Branch_5066,6338,6994,6.024822267743102,1
4287,Branch_5067,6338,6581,2000.0,1
4288,Branch_5068,6338,6339,2000.0,1
4289,Branch_5069,6337,6338,2000.0,1
4290,Branch_5070,5923,5982,33.61344537815126,1
4291,Branch_5071,6119,6435,2000.0,1
4292,Branch_5072,1900,1901,22.988505747126435,1
4293,Branch_5073,1900,1913,29.585798816568047,1
4294,Branch_5074,1898,1905,25.77319587628866,1
4295,Branch_5075,1898,1903,28.41716396703609,1
4296,Branch_5076,1899,1906,44.662795891022775,1
4297,Branch_5077,1904,1913,11.750881316098708,1
4298,Branch_5078,1898,1911,133.6898395721925,1
4299,Branch_5079,1907,1911,9.355412105903264,1
4300,Branch_5080,1908,1911,9.267840593141798,1
4301,Branch_5081,1898,1912,130.3780964797914,1
4302,Branch_5082,1909,1912,9.42151874882231,1
4303,Branch_5083,1910,1912,9.270418095856122,1
4304,Branch_5084,1902,1913,10.29230135858378,1
4305,Branch_5085,1070,1072,7.604562737642586,1
4306,Branch_5086,6384,6387,26.068821689259646,1
4307,Branch_5087,6388,6383,6.984215672579969,1
4308,Branch_5088,6385,6386,4.19621501405732,1
4309,Branch_5089,3898,3965,144.50867052023122,1
4310,Branch_5090,2024,2099,6.475006475006475,1
4311,Branch_5091,2948,3107,58.13953488372093,1
4312,Branch_5092,9769,9838,826.4462809917355,1
4313,Branch_5093,5463,5752,2000.0,1
4314,Branch_5094,5463,5752,2000.0,1
4315,Branch_5095,3444,4281,34.746351633078525,1
4316,Branch_5096,6916,6917,3.955539733396622,1
4317,Branch_5097,6916,7811,354.6099290780142,1
4318,Branch_5098,5790,5791,2000.0,1
4319,Branch_5100,9554,9643,325.7328990228013,1
4320,Branch_5104,3617,3618,7.121999857560003,1
4321,Branch_5105,5822,5825,338.9830508474576,1
4322,Branch_5106,265,685,440.52863436123346,1
4323,Branch_5107,685,998,127.38853503184713,1
4324,Branch_5108,2992,2991,2.881014116969173,1
4325,Branch_5109,1146,1147,4.459507670353193,1
4326,Branch_5110,1145,1147,10.464629552113855,1
4327,Branch_5111,1148,1147,0.8509841631847231,1
4328,Branch_5112,445,1146,2000.0,1
4329,Branch_5113,516,1149,11.595547309833025,1
4330,Branch_5114,959,1149,27.480076944215444,1
4331,Branch_5115,445,1223,34.78260869565217,1
4332,Branch_5116,320,445,163.3986928104575,1
4333,Branch_5117,7276,7388,32.6797385620915,1
4334,Branch_5118,7388,7503,2.829494652255107,1
4335,Branch_5120,7276,7788,3.4236023143551644,1
4336,Branch_5121,7436,7803,2000.0,1
4337,Branch_5122,7437,7804,2000.0,1
4338,Branch_5123,7107,7802,2000.0,1
4339,Branch_5124,7108,7805,2000.0,1
4340,Branch_5125,5578,5747,2000.0,1
4341,Branch_5126,5819,5861,30.599755201958384,1
4342,Branch_5127,4423,4424,10.596587898696619,1
4343,Branch_5128,4055,4578,143.0615164520744,1
4344,Branch_5129,7031,7508,18.01801801801802,1
4345,Branch_5130,7508,7615,19.98800719568259,1
4346,Branch_5131,7495,7496,3.4904013961605584,1
4347,Branch_5132,7496,7508,549.4505494505495,1
4348,Branch_5133,5006,5198,6.98616738857063,1
4349,Branch_5135,8096,8159,1298.7012987012988,1
4350,Branch_5136,5436,5698,112.4859392575928,1
4351,Branch_5137,5436,5474,18.248175182481752,1
4352,Branch_5138,5865,5866,14.287755393627661,1
4353,Branch_5139,5865,5867,12.671059300557527,1
4354,Branch_5140,1102,1586,133.33333333333334,1
4355,Branch_5141,1089,1690,128.53470437017995,1
4356,Branch_5142,898,1690,127.06480304955528,1
4357,Branch_5143,1690,1691,9.777082518576456,1
4358,Branch_5144,8241,8242,10.05126143330988,1
4359,Branch_5148,992,1658,2000.0,1
4360,Branch_5149,992,1654,2000.0,1
4361,Branch_5150,1658,1653,49.333991119881595,1
4362,Branch_5151,1654,1653,49.333991119881595,1
4363,Branch_5152,1653,1656,17.58087201125176,1
4364,Branch_5153,1653,1655,14.795088030773783,1
4365,Branch_5154,1653,1657,14.721036360959811,1
4366,Branch_5155,1653,1659,14.795088030773783,1
4367,Branch_5156,434,428,4.739336492890995,1
4368,Branch_5157,434,429,4.739336492890995,1
4369,Branch_5158,434,430,4.7395611166405995,1
4370,Branch_5159,434,431,4.7395611166405995,1
4371,Branch_5160,434,432,4.739336492890995,1
4372,Branch_5161,434,433,4.739336492890995,1
4373,Branch_5162,434,435,4.739336492890995,1
4374,Branch_5163,434,436,4.739336492890995,1
4375,Branch_5164,7685,7698,1470.5882352941176,1
4376,Branch_5165,7685,7699,1851.851851851852,1
4377,Branch_5166,6242,6246,109.89010989010988,1
4378,Branch_5167,6246,6718,694.4444444444445,1
4379,Branch_5168,5972,6242,2000.0,1
4380,Branch_5169,9703,9704,12.627857052658165,1
4381,Branch_5170,9703,9704,10.76426264800861,1
4382,Branch_5171,1650,1651,2000.0,1
4383,Branch_5172,1019,1650,44.58314757021846,1
4384,Branch_5173,1413,1650,141.24293785310735,1
4385,Branch_5174,273,1650,84.17508417508418,1
4386,Branch_5175,860,1651,35.486160397445,1
4387,Branch_5176,131,1650,85.47008547008546,1
4388,Branch_5177,1651,1652,2000.0,1
4389,Branch_5178,6207,6259,5.450779461462989,1
4390,Branch_5179,6206,6256,4.559547692868867,1
4391,Branch_5180,6208,6255,5.450779461462989,1
4392,Branch_5181,4632,4652,2000.0,1
4393,Branch_5182,4652,4651,6.4712353588300005,1
4394,Branch_5183,2705,2706,4.710759374411155,1
4395,Branch_5184,6101,6103,2000.0,1
4396,Branch_5186,5922,6101,88.261253309797,1
4397,Branch_5188,8337,8406,76.86395080707149,1
4398,Branch_5189,6150,6153,11.689070718877849,1
4399,Branch_5190,6149,6151,7.8982702788089405,1
4400,Branch_5191,6149,6151,7.8982702788089405,1
4401,Branch_5192,6150,6152,9.887284951552303,1
4402,Branch_5193,6149,6150,50.0,1
4403,Branch_5194,7983,8272,13.35113484646195,1
4404,Branch_5195,8272,8271,8.257638315441783,1
4405,Branch_5196,8272,8271,8.257638315441783,1
4406,Branch_5197,6875,7827,10.400416016640666,1
4407,Branch_5198,7721,7827,79.74481658692186,1
4408,Branch_5199,5788,5789,2000.0,1
4409,Branch_5200,207,1102,139.66480446927375,1
4410,Branch_5201,207,758,248.75621890547265,1
4411,Branch_5202,7660,7763,343.64261168384877,1
4412,Branch_5203,7660,7764,343.64261168384877,1
4413,Branch_5204,7070,7660,99.30486593843098,1
4414,Branch_5205,7660,7716,20.120724346076457,1
4415,Branch_5206,7660,7683,581.3953488372093,1
4416,Branch_5207,7660,7684,680.2721088435375,1
4417,Branch_5208,6512,6678,14.338973329509606,1
4418,Branch_5210,6678,6762,7.287567409998543,1
4419,Branch_5211,6334,6678,6.612444620776301,1
4420,Branch_5212,7204,7575,25.523226135783563,1
4421,Branch_5215,3427,4109,2000.0,1
4422,Branch_5216,5279,5296,101.31712259371834,1
4423,Branch_5218,2835,3940,13.469827586206897,1
4424,Branch_5219,5379,5394,22.48201438848921,1
4425,Branch_5223,520,1444,158.9825119236884,1
4426,Branch_5224,947,1376,2000.0,1
4427,Branch_5225,947,1378,2000.0,1
4428,Branch_5226,947,1373,2000.0,1
4429,Branch_5227,1376,1377,19.23076923076923,1
4430,Branch_5228,1373,1374,14.388489208633093,1
4431,Branch_5229,1378,1375,14.41545336600836,1
4432,Branch_5230,541,1205,62.266500622665006,1
4433,Branch_5231,541,639,51.282051282051285,1
4434,Branch_5232,7647,7656,458.7155963302752,1
4435,Branch_5233,2766,2769,17.322016282695305,1
4436,Branch_5234,2766,2770,17.283097131005878,1
4437,Branch_5236,788,1599,195.3125,1
4438,Branch_5237,266,1599,170.35775127768312,1
4439,Branch_5238,5820,5835,2000.0,1
4440,Branch_5239,263,1599,117.50881316098707,1
4441,Branch_5240,736,1599,166.11295681063123,1
4442,Branch_5241,739,1470,153.84615384615384,1
4443,Branch_5245,411,410,3.4748766418792134,1
4444,Branch_5246,675,809,66.57789613848202,1
4445,Branch_5247,675,1623,438.5964912280702,1
4446,Branch_5248,1315,1743,230.94688221709006,1
4447,Branch_5249,1315,1526,1538.4615384615386,1
4448,Branch_5251,486,1315,106.04453870625663,1
4449,Branch_5252,1315,1314,8.066467693796886,1
4450,Branch_5253,1315,1312,7.769404086706549,1
4451,Branch_5254,1315,1311,7.980209081477935,1
4452,Branch_5255,1315,1313,8.166598611678236,1
4453,Branch_5256,1038,1365,202.42914979757086,1
4454,Branch_5258,205,1089,193.42359767891682,1
4455,Branch_5259,7021,7016,15.358623867301489,1
4456,Branch_5260,7020,7013,15.344483658124904,1
4457,Branch_5261,7019,7017,33.523298692591354,1
4458,Branch_5262,7018,7015,33.50083752093802,1
4459,Branch_5263,7014,7018,2000.0,1
4460,Branch_5264,7014,7019,2000.0,1
4461,Branch_5265,7014,7021,1428.5714285714287,1
4462,Branch_5266,7014,7020,1250.0,1
4463,Branch_5267,7014,7761,42.680324370465215,1
4464,Branch_5268,7014,7180,25.87991718426501,1
4465,Branch_5269,7014,7450,39.18495297805643,1
4466,Branch_5270,7014,7741,40.08016032064128,1
4467,Branch_5271,1882,2049,78.80220646178093,1
4468,Branch_5272,2049,2059,57.50431282346176,1
4469,Branch_5274,2574,2575,361.01083032490976,1
4470,Branch_5275,2639,2656,155.03875968992247,1
4471,Branch_5276,1772,2639,29.753049687592977,1
4472,Branch_5277,1897,2739,61.804697156983934,1
4473,Branch_5278,1973,2739,95.41984732824427,1
4474,Branch_5279,2402,2739,22.512381809995496,1
4475,Branch_5280,1919,2739,36.88675765400221,1
4476,Branch_5281,2565,2739,63.05170239596469,1
4477,Branch_5282,2179,2739,108.34236186348862,1
4478,Branch_5283,1778,2739,32.98153034300792,1
4479,Branch_5284,2257,2401,37.257824143070046,1
4480,Branch_5285,1883,2257,32.927230819888045,1
4481,Branch_5286,7012,7032,163.66612111292963,1
4482,Branch_5287,6865,7747,1219.5121951219512,1
4483,Branch_5289,6865,7846,2000.0,1
4484,Branch_5291,7747,7748,9.112447603426281,1
4485,Branch_5292,7747,7749,9.112447603426281,1
4486,Branch_5293,664,667,195.69471624266146,1
4487,Branch_5294,667,770,94.9667616334283,1
4488,Branch_5295,372,666,42.158516020236085,1
4489,Branch_5298,665,666,320.5128205128205,1
4490,Branch_5299,8153,8329,5.5589526933125795,1
4491,Branch_5300,8329,8330,81.36696501220504,1
4492,Branch_5301,7932,8329,15.246226558926665,1
4493,Branch_5302,666,1672,632.9113924050633,1
4494,Branch_5303,686,812,2000.0,1
4495,Branch_5304,2686,2687,32.341526520051744,1
4496,Branch_5305,2681,2687,-378.7878787878788,1
4497,Branch_5306,2688,2687,6.811061163329247,1
4498,Branch_5307,2686,2681,36.77822728944465,1
4499,Branch_5308,2686,2683,-2000.0,1
4500,Branch_5309,2680,2683,46.04051565377532,1
4501,Branch_5310,2682,2683,4.929751047572098,1
4502,Branch_5311,2686,2685,-2000.0,1
4503,Branch_5312,2680,2685,46.125461254612546,1
4504,Branch_5313,2684,2685,4.870208931963181,1
4505,Branch_5314,7022,7073,33.47840642785403,1
4506,Branch_5315,2402,2399,43.17789291882556,1
4507,Branch_5316,2402,2396,65.359477124183,1
4508,Branch_5319,2400,2395,74.6268656716418,1
4509,Branch_5320,2400,2406,56.78591709256104,1
4510,Branch_5321,9234,9535,2000.0,1
4511,Branch_5322,6022,9234,6.749460043196544,1
4512,Branch_5323,9234,9324,86.20689655172414,1
4513,Branch_5324,2166,2174,19.4325689856199,1
4514,Branch_5325,231,232,4.784688995215311,1
4515,Branch_5326,231,233,4.784688995215311,1
4516,Branch_5328,6267,6672,17.83484929552345,1
4517,Branch_5329,6875,7070,961.5384615384615,1
4518,Branch_5331,2040,2265,2000.0,1
4519,Branch_5332,2040,2643,9.05961224859576,1
4520,Branch_5334,67,66,7.693491306354824,1
4521,Branch_5335,7238,7467,5.750100626760968,1
4522,Branch_5336,2643,3066,8.161266628580755,1
4523,Branch_5337,1619,1620,112.2334455667789,1
4524,Branch_5338,67,1619,1030.9278350515465,1
4525,Branch_5339,1620,1621,862.0689655172414,1
4526,Branch_5340,67,1621,1030.9278350515465,1
4527,Branch_5341,7022,7439,9.276437847866418,1
4528,Branch_5342,7022,7406,12.244398187829068,1
4529,Branch_5344,7117,7467,40.14452027298274,1
4530,Branch_5345,6996,7404,8.676036786395974,1
4531,Branch_5346,6996,7624,47.37091425864519,1
4532,Branch_5347,67,68,6.325510784995888,1
4533,Branch_5348,6304,6567,934.5794392523364,1
4534,Branch_5349,6032,6496,3.5655708478927477,1
4535,Branch_5350,6033,6532,7.027900766041183,1
4536,Branch_5352,2783,4701,552.4861878453039,1
4537,Branch_5353,2790,4701,2000.0,1
4538,Branch_5354,2791,4701,2000.0,1
4539,Branch_5355,5950,6422,34.48275862068966,1
4540,Branch_5356,194,967,393.7007874015748,1
4541,Branch_5357,194,1459,401.60642570281124,1
4542,Branch_5358,6837,7664,2000.0,1
4543,Branch_5359,6837,6838,11.234692731153803,1
4544,Branch_5361,5473,5809,2000.0,1
4545,Branch_5362,5809,5810,21.27659574468085,1
4546,Branch_5363,5812,5813,49.14004914004914,1
4547,Branch_5365,6773,6770,12.003360941063498,1
4548,Branch_5366,6773,6771,11.14951499609767,1
4549,Branch_5367,6773,6772,11.161960040183056,1
4550,Branch_5368,6076,6397,200.80321285140562,1
4551,Branch_5369,5990,6076,131.57894736842104,1
4552,Branch_5370,6485,6773,65.14657980456026,1
4553,Branch_5371,6471,6618,31.959092361776925,1
4554,Branch_5372,6175,6618,15.441630636195182,1
4555,Branch_5373,5903,5905,43.55400696864111,1
4556,Branch_5374,5903,5906,40.58441558441559,1
4557,Branch_5375,5901,5902,21.128248468201985,1
4558,Branch_5376,5909,5910,38.46153846153846,1
4559,Branch_5377,5905,5908,15.4273372415921,1
4560,Branch_5378,5903,5907,10.25220422390814,1
4561,Branch_5379,5906,5904,15.176809834572772,1
4562,Branch_5380,9258,9513,6.2000124000248,1
4563,Branch_5381,1087,1318,4.224221687154142,1
4564,Branch_5382,516,1318,5.556481635828193,1
4565,Branch_5383,6265,6266,2.9269720474169474,1
4566,Branch_5387,8352,8629,2000.0,1
4567,Branch_5388,7987,8629,137.5515818431912,1
4568,Branch_5389,7420,7639,20.292207792207794,1
4569,Branch_5390,6595,6599,65.359477124183,1
4570,Branch_5391,6306,6512,591.7159763313609,1
4571,Branch_5392,5939,6512,147.71048744460856,1
4572,Branch_5393,5698,5717,26.72367717797969,1
4573,Branch_5396,7232,7429,4.428697962798937,1
4574,Branch_5398,6653,8266,7.687576875768758,1
4575,Branch_5399,6200,6653,10.990218705352236,1
4576,Branch_5400,6238,6654,272.47956403269757,1
4577,Branch_5401,6654,6653,9.601536245799329,1
4578,Branch_5402,6653,6665,204.91803278688525,1
4579,Branch_5403,5420,5717,43.308791684712,1
4580,Branch_5404,580,1559,6.8728522336769755,1
4581,Branch_5409,8611,8612,14.06271972999578,1
4582,Branch_5410,6628,6627,10.165700925078784,1
4583,Branch_5411,6147,6628,3.693716987404425,1
4584,Branch_5412,6551,6627,22.716946842344388,1
4585,Branch_5414,8324,8332,1010.10101010101,1
4586,Branch_5417,1952,2596,37.0919881305638,1
4587,Branch_5418,6831,7641,46.08294930875576,1
4588,Branch_5425,7494,7546,35.701535166012135,1
4589,Branch_5426,7494,7605,79.6812749003984,1
4590,Branch_5427,1164,1432,123.91573729863693,1
4591,Branch_5428,118,396,43.956043956043956,1
4592,Branch_5429,396,1203,7.8064012490242,1
4593,Branch_5430,1553,1572,53.56186395286556,1
4594,Branch_5431,687,1572,186.56716417910448,1
4595,Branch_5432,200,197,27.75464890369137,1
4596,Branch_5433,200,198,31.695721077654518,1
4597,Branch_5434,200,199,39.77724741447892,1
4598,Branch_5435,565,572,3.257328990228013,1
4599,Branch_5436,565,573,3.257328990228013,1
4600,Branch_5437,565,570,11.109876680368847,1
4601,Branch_5438,565,571,11.109876680368847,1
4602,Branch_5439,565,566,11.109876680368847,1
4603,Branch_5440,565,567,11.109876680368847,1
4604,Branch_5441,565,569,12.49843769528809,1
4605,Branch_5442,565,568,12.49843769528809,1
4606,Branch_5443,565,770,2000.0,1
4607,Branch_5444,6497,6499,46.57661853749418,1
4608,Branch_5445,6500,6499,-480.7692307692308,1
4609,Branch_5446,6498,6499,8.85112409275978,1
4610,Branch_5447,1016,1472,781.25,1
4611,Branch_5448,1472,1475,16.854879487611665,1
4612,Branch_5449,1472,1473,16.89189189189189,1
4613,Branch_5450,1472,1474,16.854879487611665,1
4614,Branch_5451,1015,1019,19.043991620643688,1
4615,Branch_5452,1019,1272,157.48031496062993,1
4616,Branch_5453,1019,1271,147.92899408284023,1
4617,Branch_5454,992,1016,662.2516556291391,1
4618,Branch_5455,578,1016,117.23329425556858,1
4619,Branch_5456,1019,1674,42.69854824935952,1
4620,Branch_5457,840,1017,45.8295142071494,1
4621,Branch_5458,1018,1019,2000.0,1
4622,Branch_5459,1017,1021,2000.0,1
4623,Branch_5460,143,1016,217.3913043478261,1
4624,Branch_5461,859,1019,50.787201625190455,1
4625,Branch_5462,1017,1440,38.03727653100038,1
4626,Branch_5463,1017,1279,81.03727714748784,1
4627,Branch_5464,158,1017,31.545741324921135,1
4628,Branch_5465,1015,1023,-186.21973929236498,1
4629,Branch_5466,1029,1023,16.16553507921112,1
4630,Branch_5467,1015,1024,-735.2941176470588,1
4631,Branch_5468,1027,1024,7.389890629618682,1
4632,Branch_5469,1017,1020,134.40860215053763,1
4633,Branch_5470,1016,1020,86.13264427217915,1
4634,Branch_5471,1028,1020,9.475080538184574,1
4635,Branch_5472,1016,1023,31.142946122703208,1
4636,Branch_5473,1016,1024,36.61662394727206,1
4637,Branch_5474,1019,1025,-401.60642570281124,1
4638,Branch_5475,1016,1025,55.005500550055004,1
4639,Branch_5477,1026,1025,9.838646202282566,1
4640,Branch_5478,1018,1014,84.67400508044031,1
4641,Branch_5479,1021,1022,79.11392405063292,1
4642,Branch_5480,909,911,2000.0,1
4643,Branch_5481,908,910,2000.0,1
4644,Branch_5482,911,1096,96.61835748792271,1
4645,Branch_5483,908,1098,95.87727708533077,1
4646,Branch_5484,7115,7113,14.768867227883621,1
4647,Branch_5485,7115,7116,19.31620629708325,1
4648,Branch_5486,7112,7114,19.31620629708325,1
4649,Branch_5487,8949,8948,9.017132551848512,1
4650,Branch_5488,340,379,290.69767441860466,1
4651,Branch_5489,5512,5767,2000.0,1
4652,Branch_5490,1259,1260,179.85611510791367,1
4653,Branch_5491,1259,1321,30.931023816888338,1
4654,Branch_5492,931,1259,140.8450704225352,1
4655,Branch_5493,1257,1260,2000.0,1
4656,Branch_5494,5194,5195,9.182736455463727,1
4657,Branch_5496,3164,3166,46.23208506703652,1
4658,Branch_5497,3165,3166,-462.962962962963,1
4659,Branch_5498,3167,3166,8.935751943526048,1
4660,Branch_5499,3079,3870,23.82654276864427,1
4661,Branch_5500,3870,3914,27.277686852154936,1
4662,Branch_5501,278,1272,57.142857142857146,1
4663,Branch_5502,1269,1272,2000.0,1
4664,Branch_5503,1270,1271,2000.0,1
4665,Branch_5504,1271,1637,74.29420505200595,1
4666,Branch_5506,6884,7585,75.642965204236,1
4667,Branch_5508,6884,6888,2000.0,1
4668,Branch_5509,5926,6099,68.02721088435374,1
4669,Branch_5510,5989,6099,18.542555164101614,1
4670,Branch_5511,4231,4479,92.5925925925926,1
4671,Branch_5512,8691,8796,135.50135501355012,1
4672,Branch_5513,8691,8796,135.50135501355012,1
4673,Branch_5516,5814,5815,136.23978201634878,1
4674,Branch_5517,6182,6183,9.601536245799329,1
4675,Branch_5518,6169,6182,5.318017443097213,1
4676,Branch_5519,6183,6193,8.285690612312536,1
4677,Branch_5520,6025,6182,192.30769230769232,1
4678,Branch_5521,6089,6182,13.88888888888889,1
4679,Branch_5522,5814,5828,16.672224074691563,1
4680,Branch_5523,7620,7619,13.415615776764154,1
4681,Branch_5524,7615,7620,32.467532467532465,1
4682,Branch_5525,2888,4231,35.22367030644593,1
4683,Branch_5526,7267,7264,5.555246930726071,1
4684,Branch_5527,282,730,312.5,1
4685,Branch_5528,7263,7400,43.61098996947231,1
4686,Branch_5529,7265,7280,24.437927663734115,1
4687,Branch_5530,7265,7266,2000.0,1
4688,Branch_5531,7263,7266,2000.0,1
4689,Branch_5532,729,730,2000.0,1
4690,Branch_5533,729,754,24.467824810374356,1
4691,Branch_5534,7690,7693,24.515812699190977,1
4692,Branch_5535,7478,7692,75.9301442672741,1
4693,Branch_5536,7478,7692,75.8150113722517,1
4694,Branch_5538,7691,7692,2000.0,1
4695,Branch_5539,6944,7692,135.68521031207598,1
4696,Branch_5540,7690,7691,-49.75124378109453,1
4697,Branch_5542,4987,5318,2000.0,1
4698,Branch_5543,4987,6571,56.306306306306304,1
4699,Branch_5544,7265,7267,303.030303030303,1
4700,Branch_5545,737,982,62.18905472636816,1
4701,Branch_5546,737,981,62.11180124223603,1
4702,Branch_5547,737,773,93.45794392523365,1
4703,Branch_5548,1493,1494,67.70480704129993,1
4704,Branch_5549,1493,1494,67.70480704129993,1
4705,Branch_5550,6645,6646,10.877841836179702,1
4706,Branch_5551,6647,6646,6.356874960269532,1
4707,Branch_5552,6644,6646,-117.6470588235294,1
4708,Branch_5553,6642,6645,148.3679525222552,1
4709,Branch_5554,3029,4367,321.54340836012864,1
4710,Branch_5555,1092,1134,390.625,1
4711,Branch_5556,1094,1134,442.4778761061947,1
4712,Branch_5558,6072,6071,7.979572294924992,1
4713,Branch_5559,893,1274,1960.7843137254902,1
4714,Branch_5560,1303,1304,120.1923076923077,1
4715,Branch_5561,522,1302,164.74464579901152,1
4716,Branch_5562,1304,1613,70.52186177715092,1
4717,Branch_5563,1304,1424,2000.0,1
4718,Branch_5564,905,1303,100.70493454179255,1
4719,Branch_5565,1300,1303,227.27272727272728,1
4720,Branch_5566,1301,1302,118.48341232227489,1
4721,Branch_5567,699,1302,78.06401249024199,1
4722,Branch_5568,9152,9408,490.19607843137254,1
4723,Branch_5569,9408,9476,60.64281382656155,1
4724,Branch_5570,9409,9519,114.5475372279496,1
4725,Branch_5571,442,1297,34.89183531053733,1
4726,Branch_5572,172,442,39.32363350373574,1
4727,Branch_5573,7790,7789,18.005041411595247,1
4728,Branch_5574,6894,7790,23.512814483893724,1
4729,Branch_5575,9058,9059,2.6250853152727465,1
4730,Branch_5576,9057,9059,2.6250853152727465,1
4731,Branch_5577,3453,3791,2000.0,1
4732,Branch_5578,237,235,4.784688995215311,1
4733,Branch_5579,237,236,4.784688995215311,1
4734,Branch_5580,6457,6458,9.06947215672048,1
4735,Branch_5581,7199,7233,90.99181073703366,1
4736,Branch_5582,7233,7377,168.35016835016836,1
4737,Branch_5583,7086,7233,207.4688796680498,1
4738,Branch_5584,7714,7740,9.231053263177328,1
4739,Branch_5585,7456,7740,9.46521533364884,1
4740,Branch_5586,7136,7172,2.0071857248951246,1
4741,Branch_5587,7136,7407,6.6862797539449055,1
4742,Branch_5588,6926,7811,15.8052789631737,1
4743,Branch_5589,7088,7811,26.867275658248253,1
4744,Branch_5590,7006,7621,3.5123458958238207,1
4745,Branch_5591,7212,7549,14.602803738317757,1
4746,Branch_5592,7212,7214,2000.0,1
4747,Branch_5593,7006,7483,4.750593824228028,1
4748,Branch_5594,7421,7547,3.6845983787767134,1
4749,Branch_5595,143,992,317.46031746031747,1
4750,Branch_5596,800,1339,2000.0,1
4751,Branch_5597,1336,1361,2000.0,1
4752,Branch_5598,1337,1361,2000.0,1
4753,Branch_5599,6855,7661,211.864406779661,1
4754,Branch_5600,6855,7661,211.864406779661,1
4755,Branch_5601,8027,8224,14.259232853272493,1
4756,Branch_5602,8002,8224,11.705489874751258,1
4757,Branch_5603,8086,8224,21.308331557639036,1
4758,Branch_5604,8027,8028,53.763440860215056,1
4759,Branch_5605,8028,8935,2000.0,1
4760,Branch_5606,9167,9217,500.0,1
4761,Branch_5607,1336,1334,16.764459346186086,1
4762,Branch_5608,1339,1338,14.398848092152628,1
4763,Branch_5609,1339,1340,16.669444907484582,1
4764,Branch_5610,1337,1335,17.540782318891424,1
4765,Branch_5611,9223,9339,5.1652892561983474,1
4766,Branch_5612,9294,9339,5.808887598024978,1
4767,Branch_5613,9152,9156,7.389890629618682,1
4768,Branch_5617,8096,8156,6.92952671332548,1
4769,Branch_5618,7970,8156,9.119095385737735,1
4770,Branch_5619,2798,4569,2000.0,1
4771,Branch_5620,2798,2799,8.11886011204027,1
4772,Branch_5621,4188,4852,67.02412868632707,1
4773,Branch_5622,2943,5273,47.641734159123395,1
4774,Branch_5623,9160,9223,82.71298593879239,1
4775,Branch_5624,9184,9223,14.9902563333833,1
4776,Branch_5625,9872,9896,2000.0,1
4777,Branch_5626,752,802,119.33174224343675,1
4778,Branch_5627,9476,9519,78.67820613690007,1
4779,Branch_5628,9197,9477,7.820442637053257,1
4780,Branch_5629,9477,9479,8.114248620577735,1
4781,Branch_5630,9476,9479,-53.908355795148246,1
4782,Branch_5631,9478,9479,0.6642355645005945,1
4783,Branch_5632,2213,7421,7.0298769771529,1
4784,Branch_5633,2213,2212,17.117425539198905,1
4785,Branch_5634,1525,2212,7.036802476954472,1
4786,Branch_5635,581,1234,21.891418563922944,1
4787,Branch_5636,936,1234,95.32888465204957,1
4788,Branch_5637,6457,6467,152.67175572519085,1
4789,Branch_5638,6133,6467,2000.0,1
4790,Branch_5639,237,1550,33.818058843422385,1
4791,Branch_5640,2943,3907,2000.0,1
4792,Branch_5641,237,373,1282.051282051282,1
4793,Branch_5642,7762,7778,2000.0,1
4794,Branch_5643,6310,6595,65.359477124183,1
4795,Branch_5644,6157,6595,9.904912836767037,1
4796,Branch_5645,3177,4470,21.14611968703743,1
4797,Branch_5646,7112,7445,1000.0,1
4798,Branch_5647,7115,7445,1000.0,1
4799,Branch_5648,7005,7079,52.21932114882507,1
4800,Branch_5649,7005,7135,69.39625260235947,1
4801,Branch_5650,270,271,4.784688995215311,1
4802,Branch_5651,270,272,4.784688995215311,1
4803,Branch_5652,270,279,2000.0,1
4804,Branch_5653,279,668,2000.0,1
4805,Branch_5654,839,1455,90.57971014492753,1
4806,Branch_5655,326,839,116.55011655011656,1
4807,Branch_5659,2538,2738,220.26431718061673,1
4808,Branch_5660,1783,2658,1960.7843137254902,1
4809,Branch_5661,1783,2658,1754.3859649122808,1
4810,Branch_5662,2445,2658,52.35602094240838,1
4811,Branch_5663,1926,2005,175.13134851138355,1
4812,Branch_5664,1858,2677,199.6007984031936,1
4813,Branch_5665,2044,2561,152.20700152207002,1
4814,Branch_5666,2445,2640,38.255547054322875,1
4815,Branch_5667,1774,2310,389.10505836575874,1
4816,Branch_5668,1993,2189,127.8772378516624,1
4817,Branch_5669,1774,2077,88.41732979664015,1
4818,Branch_5670,1896,1977,113.63636363636364,1
4819,Branch_5671,1836,2026,91.99632014719411,1
4820,Branch_5672,1843,2724,628.930817610063,1
4821,Branch_5673,2310,2628,446.42857142857144,1
4822,Branch_5674,1783,2207,66.13756613756614,1
4823,Branch_5675,2216,2445,64.59948320413437,1
4824,Branch_5676,2597,2677,84.60236886632826,1
4825,Branch_5677,2261,2538,57.24098454493417,1
4826,Branch_5678,2299,2503,105.70824524312897,1
4827,Branch_5679,2264,2538,128.2051282051282,1
4828,Branch_5683,1859,2626,122.39902080783354,1
4829,Branch_5684,2124,2293,80.0640512409928,1
4830,Branch_5685,1979,2432,194.9317738791423,1
4831,Branch_5686,515,1979,28.58776443682104,1
4832,Branch_5687,62,515,99.10802775024777,1
4833,Branch_5688,2215,2626,101.7293997965412,1
4834,Branch_5689,1931,2626,53.36179295624333,1
4835,Branch_5690,1931,2269,106.60980810234541,1
4836,Branch_5691,1859,2215,568.1818181818181,1
4837,Branch_5692,2269,2626,102.24948875255623,1
4838,Branch_5693,1979,2293,78.43137254901961,1
4839,Branch_5694,2293,2296,2000.0,1
4840,Branch_5695,1798,2484,38.24091778202677,1
4841,Branch_5696,2152,2641,17.765144785930005,1
4842,Branch_5697,1798,2152,50.89058524173028,1
4843,Branch_5698,1940,2644,48.07692307692308,1
4844,Branch_5699,1837,1878,36.3901018922853,1
4845,Branch_5700,1878,1940,30.91190108191654,1
4846,Branch_5701,1798,2644,59.665871121718375,1
4847,Branch_5702,1773,2477,28.71912693854107,1
4848,Branch_5703,2477,2616,33.266799733865604,1
4849,Branch_5704,1878,2616,18.744142455482663,1
4850,Branch_5705,1773,1878,294.11764705882354,1
4851,Branch_5706,2445,2677,81.03727714748784,1
4852,Branch_5707,1858,2640,97.5609756097561,1
4853,Branch_5708,1858,2677,206.61157024793388,1
4854,Branch_5709,1830,2640,178.89087656529517,1
4855,Branch_5710,1830,1851,171.52658662092625,1
4856,Branch_5711,1858,2640,97.27626459143968,1
4857,Branch_5712,1826,2445,88.41732979664015,1
4858,Branch_5713,1826,1836,157.23270440251574,1
4859,Branch_5714,1836,2041,147.05882352941177,1
4860,Branch_5715,2000,2740,243.30900243309003,1
4861,Branch_5716,2132,2482,169.20473773265653,1
4862,Branch_5718,1984,2482,63.73486297004462,1
4863,Branch_5719,2041,2445,106.49627263045794,1
4864,Branch_5720,2043,2720,76.21951219512195,1
4865,Branch_5721,2043,2503,132.4503311258278,1
4866,Branch_5722,1860,2216,96.52509652509653,1
4867,Branch_5723,1860,2193,225.22522522522522,1
4868,Branch_5724,1896,2531,127.8772378516624,1
4869,Branch_5725,1783,2445,52.32862375719519,1
4870,Branch_5726,2100,2458,60.16847172081829,1
4871,Branch_5727,2100,2712,149.92503748125938,1
4872,Branch_5728,2100,2712,150.15015015015015,1
4873,Branch_5729,1843,2512,71.99424046076314,1
4874,Branch_5730,2512,2712,92.33610341643583,1
4875,Branch_5731,2496,2530,90.82652134423252,1
4876,Branch_5732,2512,2614,89.92805755395683,1
4877,Branch_5733,1953,2614,63.69426751592356,1
4878,Branch_5734,1849,2640,121.50668286755771,1
4879,Branch_5735,2530,2740,130.54830287206266,1
4880,Branch_5736,1849,2442,162.33766233766235,1
4881,Branch_5737,1993,2442,149.7005988023952,1
4882,Branch_5738,1836,2189,158.73015873015873,1
4883,Branch_5739,1830,2740,303.951367781155,1
4884,Branch_5740,2504,2740,63.73486297004462,1
4885,Branch_5741,1830,2504,68.7757909215956,1
4886,Branch_5742,2000,2132,218.34061135371178,1
4887,Branch_5743,2127,2458,33.00330033003301,1
4888,Branch_5744,1977,2458,128.8659793814433,1
4889,Branch_5745,2005,2077,423.728813559322,1
4890,Branch_5746,1836,2005,82.50825082508251,1
4891,Branch_5747,1783,2458,66.18133686300463,1
4892,Branch_5748,1896,2100,82.57638315441784,1
4893,Branch_5749,2044,2504,106.49627263045794,1
4894,Branch_5750,2264,2561,61.72839506172839,1
4895,Branch_5751,2207,2490,70.62146892655367,1
4896,Branch_5752,2100,2490,27.677830058123444,1
4897,Branch_5753,1953,2627,96.61835748792271,1
4898,Branch_5754,2720,2724,427.35042735042737,1
4899,Branch_5755,2531,2628,159.4896331738437,1
4900,Branch_5756,2640,2738,131.4060446780552,1
4901,Branch_5757,1860,2597,39.65107057890563,1
4902,Branch_5761,1851,2640,115.74074074074075,1
4903,Branch_5762,1945,2628,94.42870632672333,1
4904,Branch_5763,1851,2482,67.24949562878278,1
4905,Branch_5765,1999,2628,95.32888465204957,1
4906,Branch_5766,1926,2026,233.1002331002331,1
4907,Branch_5767,2627,2740,52.493438320209975,1
4908,Branch_5768,1999,2734,840.3361344537815,1
4909,Branch_5769,2496,2627,48.97159647404506,1
4910,Branch_5770,2100,2503,116.95906432748538,1
4911,Branch_5771,2127,2299,27.716186252771617,1
4912,Branch_5772,1783,2026,97.5609756097561,1
4913,Branch_5773,1032,1034,214.13276231263384,1
4914,Branch_5774,1030,1035,214.13276231263384,1
4915,Branch_5775,809,1032,186.56716417910448,1
4916,Branch_5776,810,1030,135.68521031207598,1
4917,Branch_5777,1034,1233,374.53183520599254,1
4918,Branch_5778,1035,1232,374.53183520599254,1
4919,Branch_5779,633,1032,111.60714285714286,1
4920,Branch_5780,636,1030,83.33333333333333,1
4921,Branch_5781,1031,1034,404.8582995951417,1
4922,Branch_5782,1033,1035,404.8582995951417,1
4923,Branch_5784,7070,7199,42.05214465937763,1
4924,Branch_5785,9219,9347,4.994007191370356,1
4925,Branch_5786,9166,9219,6.303183107469272,1
4926,Branch_5787,9219,9534,9.42684766214178,1
4927,Branch_5788,6606,6610,16.611295681063122,1
4928,Branch_5789,6607,6610,-172.1170395869191,1
4929,Branch_5790,6609,6610,8.981498113885396,1
4930,Branch_5791,6606,6612,16.611295681063122,1
4931,Branch_5792,6608,6612,-172.1170395869191,1
4932,Branch_5793,6611,6612,8.981498113885396,1
4933,Branch_5795,6606,6708,45.433893684688776,1
4934,Branch_5796,6484,6606,106.04453870625663,1
4935,Branch_5797,6484,6606,106.04453870625663,1
4936,Branch_5798,4559,6606,26.79528403001072,1
4937,Branch_5799,9544,9568,54.43658138268917,1
4938,Branch_5802,6535,9545,52.46589716684155,1
4939,Branch_5803,6538,9545,52.35602094240838,1
4940,Branch_5804,9544,9868,149.2537313432836,1
4941,Branch_5806,9544,9545,2000.0,1
4942,Branch_5807,4559,9545,61.27450980392157,1
4943,Branch_5808,4559,9545,61.27450980392157,1
4944,Branch_5809,2091,2094,26.041666666666668,1
4945,Branch_5810,2090,2094,-301.2048192771084,1
4946,Branch_5811,2095,2094,6.614194060453734,1
4947,Branch_5812,2091,2092,316.45569620253167,1
4948,Branch_5813,2090,2092,36.46973012399708,1
4949,Branch_5814,2093,2092,4.188306248952923,1
4950,Branch_5815,2091,2544,373.13432835820896,1
4951,Branch_5816,2091,2544,374.53183520599254,1
4952,Branch_5817,9544,9545,2000.0,1
4953,Branch_5818,119,543,17.88908765652952,1
4954,Branch_5820,6136,6232,21.81500872600349,1
4955,Branch_5821,6136,6643,2.1577766269635767,1
4956,Branch_5822,3451,4072,60.56935190793458,1
4957,Branch_5823,4072,5228,5.675368898978434,1
4958,Branch_5824,3398,3797,9.619084263178145,1
4959,Branch_5825,3798,3796,7.336757153338224,1
4960,Branch_5826,3797,3796,7.704160246533128,1
4961,Branch_5827,4072,5135,49.26108374384236,1
4962,Branch_5828,3199,4409,2000.0,1
4963,Branch_5829,47,119,3.9556962025316458,1
4964,Branch_5830,69,119,40.74979625101874,1
4965,Branch_5831,1102,1767,2000.0,1
4966,Branch_5832,6883,7484,88.02816901408451,1
4967,Branch_5833,1767,1765,7.831466833737959,1
4968,Branch_5834,1767,1766,7.831466833737959,1
4969,Branch_5835,4836,4839,43.2152117545376,1
4970,Branch_5836,1135,1144,19.047619047619047,1
4971,Branch_5837,1135,1136,19.047619047619047,1
4972,Branch_5838,1135,1136,19.047619047619047,1
4973,Branch_5839,5000,5001,2000.0,1
4974,Branch_5840,5001,5002,2000.0,1
4975,Branch_5841,4507,5315,746.2686567164179,1
4976,Branch_5842,2856,3291,13.365410318096766,1
4977,Branch_5843,4299,4507,6.188501763723003,1
4978,Branch_5844,2856,5921,22.007042253521128,1
4979,Branch_5845,2856,4507,13.5080372821829,1
4980,Branch_5846,1443,1445,-166.11295681063123,1
4981,Branch_5847,1444,1445,23.250406882120437,1
4982,Branch_5848,1446,1445,5.9315499139925265,1
4983,Branch_5850,1230,1443,14.19244961680386,1
4984,Branch_5851,1444,1585,613.4969325153374,1
4985,Branch_5852,865,1444,98.13542688910697,1
4986,Branch_5853,1133,1443,30.175015087507543,1
4987,Branch_5854,4759,4762,46.08294930875576,1
4988,Branch_5855,4760,4762,-432.9004329004329,1
4989,Branch_5856,4761,4762,8.977466558937069,1
4990,Branch_5858,6948,7828,2000.0,1
4991,Branch_5860,3384,3387,74.12898443291327,1
4992,Branch_5861,3385,3387,66.3129973474801,1
4993,Branch_5862,3386,3387,5.213492518638236,1
4994,Branch_5863,5046,5044,14.920919128618323,1
4995,Branch_5864,5046,5045,14.841199168892846,1
4996,Branch_5865,8408,8478,53.27650506126798,1
4997,Branch_5866,2859,2860,11.682242990654206,1
4998,Branch_5870,2859,2862,11.961722488038278,1
4999,Branch_5871,3738,3739,46.554934823091244,1
5000,Branch_5872,3740,3739,-471.6981132075472,1
5001,Branch_5873,3741,3739,9.306654257794323,1
5002,Branch_5874,3738,3743,45.97701149425287,1
5003,Branch_5875,3745,3743,-444.44444444444446,1
5004,Branch_5876,3744,3743,8.981498113885396,1
5005,Branch_5877,3745,3746,95.23809523809524,1
5006,Branch_5878,5035,5034,9.023641941887746,1
5007,Branch_5879,277,1742,2000.0,1
5008,Branch_5880,4003,4007,92.16589861751152,1
5009,Branch_5881,4005,4007,252.5252525252525,1
5010,Branch_5882,4011,4007,13.424620754463687,1
5011,Branch_5883,4003,4008,92.16589861751152,1
5012,Branch_5884,4004,4008,252.5252525252525,1
5013,Branch_5885,4010,4008,13.424620754463687,1
5014,Branch_5886,4004,4012,95.23809523809524,1
5015,Branch_5887,4005,4013,95.23809523809524,1
5016,Branch_5888,4006,4013,95.23809523809524,1
5017,Branch_5889,4009,4012,95.23809523809524,1
5018,Branch_5890,4908,4937,584.7953216374269,1
5019,Branch_5891,3529,4494,555.5555555555555,1
5020,Branch_5892,4493,5203,122.54901960784314,1
5021,Branch_5893,6993,7231,6.323110970597534,1
5022,Branch_5894,4077,5323,81.9000819000819,1
5023,Branch_5895,2924,4022,97.0873786407767,1
5024,Branch_5896,4022,5257,133.6898395721925,1
5025,Branch_5897,9720,9721,14.84560570071259,1
5026,Branch_5898,9719,9720,413.22314049586777,1
5027,Branch_5899,626,788,120.33694344163658,1
5028,Branch_5900,8179,8274,4.665920119447555,1
5029,Branch_5901,5823,5824,25.926886180969664,1
5030,Branch_5902,1167,1168,50.200803212851405,1
5031,Branch_5903,6043,6109,32.24766204450177,1
5032,Branch_5904,6043,6589,704.2253521126761,1
5033,Branch_5905,6047,6239,11.016855789357717,1
5034,Branch_5906,6239,6521,82.16926869350863,1
5035,Branch_5907,6239,6376,45.08566275924256,1
5036,Branch_5908,7220,7223,82.78145695364239,1
5037,Branch_5909,7217,7223,109.40919037199124,1
5038,Branch_5910,7218,7223,5.81767409389726,1
5039,Branch_5911,7220,7221,41.78854993731718,1
5040,Branch_5912,7217,7221,-552.4861878453039,1
5041,Branch_5913,7219,7221,6.17093489663684,1
5042,Branch_5914,7217,7728,7.247952453431905,1
5043,Branch_5915,7224,7222,78.43137254901961,1
5044,Branch_5917,6937,7220,60.06006006006006,1
5045,Branch_5918,7217,7725,16.49620587264929,1
5046,Branch_5919,668,7217,16.545334215751158,1
5047,Branch_5920,668,7217,17.424638438752396,1
5048,Branch_5921,6047,6504,19.569471624266146,1
5049,Branch_5922,6047,6505,35.637918745545264,1
5050,Branch_5923,6104,6190,18.99335232668566,1
5051,Branch_5924,6190,6377,9.390553103577801,1
5052,Branch_5925,3912,4348,95.51098376313276,1
5053,Branch_5926,4016,4709,43.40277777777778,1
5054,Branch_5927,3965,4348,64.55777921239509,1
5055,Branch_5928,7217,7224,71.42857142857143,1
5056,Branch_5929,9613,9617,2000.0,1
5057,Branch_5930,3486,4502,2000.0,1
5058,Branch_5932,5955,8483,4.901720503896867,1
5059,Branch_5933,5952,5955,12.706480304955527,1
5060,Branch_5934,2872,4785,48.16955684007707,1
5061,Branch_5935,4370,4785,2.5058888387711122,1
5062,Branch_5936,6330,9249,7.183908045977011,1
5063,Branch_5937,6155,6315,3.673499375505106,1
5064,Branch_5939,6049,6315,20.267531414673694,1
5065,Branch_5940,6315,6786,10.163634515702816,1
5066,Branch_5941,6316,6589,2000.0,1
5067,Branch_5942,6315,6588,396.8253968253968,1
5068,Branch_5943,6315,6334,9.659036028204385,1
5069,Branch_5944,5956,6315,69.58942240779402,1
5070,Branch_5946,6315,6410,17.304031839418585,1
5071,Branch_5947,9808,9809,9.104151493080845,1
5072,Branch_5948,754,1447,2000.0,1
5073,Branch_5949,9000,9001,46.27487274409995,1
5074,Branch_5950,9002,9001,-460.8294930875576,1
5075,Branch_5951,9003,9001,9.042408897730356,1
5076,Branch_5952,9000,9004,46.57661853749418,1
5077,Branch_5953,9002,9004,-478.4688995215311,1
5078,Branch_5954,9005,9004,8.995232526760816,1
5079,Branch_5955,3541,4141,144.3001443001443,1
5080,Branch_5956,2792,3541,26.427061310782243,1
5081,Branch_5957,2782,4586,203.66598778004072,1
5082,Branch_5958,2796,4586,115.2073732718894,1
5083,Branch_5959,2780,4586,185.5287569573284,1
5084,Branch_5960,4586,4604,254.4529262086514,1
5085,Branch_5961,3024,4058,2000.0,1
5086,Branch_5962,4921,4922,12.023566189731875,1
5087,Branch_5963,4921,4922,9.017945711966814,1
5088,Branch_5965,2801,4921,2000.0,1
5089,Branch_5966,7806,7807,14.070634585619812,1
5090,Branch_5968,7478,7806,512.8205128205128,1
5091,Branch_5971,1395,1741,21.677866897897246,1
5092,Branch_5972,48,268,18.649757553151808,1
5093,Branch_5973,268,948,36.8052999631947,1
5094,Branch_5974,6209,6205,4.971908715755979,1
5095,Branch_5975,6205,6207,2.2485047443450106,1
5096,Branch_5976,6205,6206,2.2365360529611737,1
5097,Branch_5977,6205,6208,2.2355860588853367,1
5098,Branch_5978,8073,8483,36.98224852071006,1
5099,Branch_5979,8483,8506,2000.0,1
5100,Branch_5980,7153,7408,5.476151360823613,1
5101,Branch_5981,7153,7322,4.798464491362764,1
5102,Branch_5983,4267,5186,24.648755237860488,1
5103,Branch_5984,3822,5186,9.276437847866418,1
5104,Branch_5985,4147,4278,27.63957987838585,1
5105,Branch_5986,9635,9675,2000.0,1
5106,Branch_5987,9675,9676,11.755025273304337,1
5107,Branch_5988,9553,9558,23.430178069353328,1
5108,Branch_5989,9553,9558,23.430178069353328,1
5109,Branch_5990,7617,7618,9.336196433572962,1
5110,Branch_5991,7617,7618,9.063717937097797,1
5111,Branch_5992,7572,7573,17.31301939058172,1
5112,Branch_5993,7065,7573,57.903879559930516,1
5113,Branch_5994,7573,7638,57.903879559930516,1
5114,Branch_5995,7065,7637,102.88065843621399,1
5115,Branch_5996,3330,9528,11.971746677840297,1
5116,Branch_5997,7111,7572,3.497726477789437,1
5117,Branch_5998,7610,7617,2000.0,1
5118,Branch_5999,9553,9731,103.41261633919338,1
5119,Branch_6000,9567,9731,98.23182711198429,1
5120,Branch_6001,9731,9732,2000.0,1
5121,Branch_6002,9731,9739,526.3157894736842,1
5122,Branch_6003,6397,6579,27.159152634437806,1
5123,Branch_6005,7210,7500,30.51571559353067,1
5124,Branch_6006,7165,7210,14.673514306676449,1
5125,Branch_6010,6816,7210,16.501650165016503,1
5126,Branch_6011,8397,8398,20.955574182732608,1
5127,Branch_6012,8398,8431,37.96507213363705,1
5128,Branch_6013,6624,6699,253.80710659898477,1
5129,Branch_6014,6699,6697,10.422094841063053,1
5130,Branch_6015,6699,6698,10.469011725293132,1
5131,Branch_6016,7244,7532,6.541933795629988,1
5132,Branch_6017,1428,1619,363.6363636363636,1
5133,Branch_6018,950,1428,43.956043956043956,1
5134,Branch_6019,3104,4058,43.7636761487965,1
5135,Branch_6020,5207,5205,55.83472920156337,1
5136,Branch_6021,5207,5205,56.21135469364812,1
5137,Branch_6022,5207,5204,55.83472920156337,1
5138,Branch_6023,5207,5204,55.83472920156337,1
5139,Branch_6024,7273,7482,112.10762331838565,1
5140,Branch_6025,4025,5118,2000.0,1
5141,Branch_6026,7773,7781,293.2551319648094,1
5142,Branch_6027,7781,7780,14.355440712029859,1
5143,Branch_6028,8173,8172,9.389671361502348,1
5144,Branch_6029,8319,8352,819.672131147541,1
5145,Branch_6030,8014,8215,2000.0,1
5146,Branch_6031,8214,8215,16.118633139909736,1
5147,Branch_6032,8214,8640,63.13131313131313,1
5148,Branch_6033,8123,8214,29.154518950437318,1
5149,Branch_6034,473,472,11.263798152737102,1
5150,Branch_6035,5273,5297,24.354603019970774,1
5151,Branch_6036,1557,1678,66.40106241699867,1
5152,Branch_6037,864,1676,96.71179883945841,1
5153,Branch_6038,38,1676,39.8247710075667,1
5154,Branch_6039,38,1678,40.38772213247173,1
5155,Branch_6040,1677,1678,1960.7843137254902,1
5156,Branch_6041,3568,3567,27.693159789531986,1
5157,Branch_6042,3568,3567,28.1214848143982,1
5158,Branch_6043,3567,3681,32.25806451612903,1
5159,Branch_6044,3567,4366,51.150895140664964,1
5160,Branch_6045,8543,8969,304.8780487804878,1
5161,Branch_6046,8342,8969,119.18951132300357,1
5162,Branch_6047,6990,7031,8.982304859426929,1
5163,Branch_6048,5856,5855,9.991008092716555,1
5164,Branch_6049,5854,5855,11.914690813773383,1
5165,Branch_6050,5857,5855,8.975854950184004,1
5166,Branch_6051,4504,4514,301.2048192771084,1
5167,Branch_6052,4503,4513,301.2048192771084,1
5168,Branch_6053,5488,5487,2.024701356549909,1
5169,Branch_6054,5490,5487,10.0,1
5170,Branch_6055,5489,5487,-97.0873786407767,1
5171,Branch_6056,4129,4130,46.27487274409995,1
5172,Branch_6057,4128,4130,-460.8294930875576,1
5173,Branch_6058,4127,4130,8.97021887334051,1
5174,Branch_6059,6237,6666,4.900519455062237,1
5175,Branch_6060,6079,6617,2000.0,1
5176,Branch_6061,5939,6310,11.354604292040422,1
5177,Branch_6065,6186,6237,4.261303106489964,1
5178,Branch_6066,6057,6237,17.571604287471445,1
5179,Branch_6067,6518,6762,19.19754271453254,1
5180,Branch_6068,6305,6742,3.957888070925354,1
5181,Branch_6069,8352,8628,2000.0,1
5182,Branch_6070,1562,1613,169.20473773265653,1
5183,Branch_6071,136,1562,113.25028312570781,1
5184,Branch_6072,8923,8924,7.767593599502874,1
5185,Branch_6073,8923,8925,7.767593599502874,1
5186,Branch_6074,8922,8923,1098.901098901099,1
5187,Branch_6075,7991,8734,95.69377990430623,1
5188,Branch_6076,8734,8978,10.476689366160294,1
5189,Branch_6077,2872,2995,5.089058524173028,1
5190,Branch_6080,9574,9575,-51.04645227156713,1
5191,Branch_6081,9576,9577,-51.04645227156713,1
5192,Branch_6082,9547,9575,42.211903756859435,1
5193,Branch_6083,9547,9577,42.319085907744395,1
5194,Branch_6084,9207,9252,3.911138923654568,1
5195,Branch_6085,9207,9631,3.7982376177453663,1
5196,Branch_6086,9207,9536,4.189183528130368,1
5197,Branch_6088,4886,4901,2000.0,1
5198,Branch_6089,3448,3449,9.492168960607499,1
5199,Branch_6090,3447,3449,-46.728971962616825,1
5200,Branch_6091,3450,3449,2.566339886054509,1
5201,Branch_6092,5822,5823,31.377470975839348,1
5202,Branch_6093,116,695,89.28571428571429,1
5203,Branch_6094,3898,5270,129.70168612191958,1
5204,Branch_6096,8993,9059,1111.111111111111,1
5205,Branch_6097,7059,7109,18.248175182481752,1
5206,Branch_6098,3065,3874,33.42245989304813,1
5207,Branch_6099,5402,5777,46.62004662004662,1
5208,Branch_6100,8479,8523,23.557126030624264,1
5209,Branch_6101,4901,4900,6.68851581833991,1
5210,Branch_6102,8778,8842,245.09803921568627,1
5211,Branch_6103,8001,8778,58.10575246949448,1
5212,Branch_6104,7232,7456,20.275750202757504,1
5213,Branch_6105,17,577,157.72870662460568,1
5214,Branch_6106,577,1261,193.05019305019306,1
5215,Branch_6107,577,681,160.51364365971108,1
5216,Branch_6108,7184,7534,9.790483649892305,1
5217,Branch_6109,7274,7534,18.284878405558604,1
5218,Branch_6110,6422,6423,8.758101243650376,1
5219,Branch_6111,6422,6421,8.89125989152663,1
5220,Branch_6112,5444,5698,56.49717514124294,1
5221,Branch_6113,5570,5698,181.8181818181818,1
5222,Branch_6114,2963,4375,217.8649237472767,1
5223,Branch_6115,2964,4374,217.8649237472767,1
5224,Branch_6116,471,964,217.3913043478261,1
5225,Branch_6117,964,1752,34.940600978336825,1
5226,Branch_6118,491,964,2000.0,1
5227,Branch_6120,964,1460,90.74410163339383,1
5228,Branch_6121,923,964,41.11842105263158,1
5229,Branch_6122,339,964,77.33952049497293,1
5230,Branch_6123,964,965,6.4238453138048435,1
5231,Branch_6125,6044,6650,8.387854386847843,1
5232,Branch_6126,6044,6665,14.509576320371446,1
5233,Branch_6127,578,1287,2000.0,1
5234,Branch_6128,578,1282,2000.0,1
5235,Branch_6129,578,1288,2000.0,1
5236,Branch_6130,578,1289,2000.0,1
5237,Branch_6131,578,1281,2000.0,1
5238,Branch_6132,578,1290,2000.0,1
5239,Branch_6134,474,1764,2000.0,1
5240,Branch_6135,1764,1762,13.698630136986301,1
5241,Branch_6136,1764,1763,13.702384214853385,1
5242,Branch_6138,50,265,869.5652173913044,1
5243,Branch_6139,50,140,561.7977528089888,1
5244,Branch_6140,224,238,64.51612903225806,1
5245,Branch_6141,188,238,124.06947890818859,1
5246,Branch_6142,1959,2590,22.93577981651376,1
5247,Branch_6143,1958,1959,119.33174224343675,1
5248,Branch_6144,5393,5560,114.5475372279496,1
5249,Branch_6145,962,1685,2000.0,1
5250,Branch_6146,962,1687,2000.0,1
5251,Branch_6147,962,1686,2000.0,1
5252,Branch_6148,1685,1688,293.2551319648094,1
5253,Branch_6149,1683,1688,15.08523155830442,1
5254,Branch_6150,1684,1688,15.08523155830442,1
5255,Branch_6151,1687,1681,17.755681818181817,1
5256,Branch_6152,1686,1682,17.755681818181817,1
5257,Branch_6153,151,1674,122.85012285012284,1
5258,Branch_6154,1639,1640,2000.0,1
5259,Branch_6155,629,1640,76.10350076103501,1
5260,Branch_6156,1084,1639,92.50693802035153,1
5261,Branch_6157,269,1640,145.98540145985402,1
5262,Branch_6158,171,1640,134.58950201884252,1
5263,Branch_6159,266,553,302.11480362537765,1
5264,Branch_6162,558,1455,77.1604938271605,1
5265,Branch_6164,1453,1455,2000.0,1
5266,Branch_6166,2443,2572,159.4896331738437,1
5267,Branch_6167,2443,2565,53.70569280343717,1
5268,Branch_6168,1893,2256,29.231218941829873,1
5269,Branch_6169,1820,1893,40.04805766920305,1
5270,Branch_6170,1893,2253,58.0046403712297,1
5271,Branch_6171,1897,2181,81.10300081103001,1
5272,Branch_6172,1897,2181,82.03445447087776,1
5273,Branch_6173,1772,2612,51.65289256198347,1
5274,Branch_6174,1898,2612,47.48338081671415,1
5275,Branch_6175,1833,2700,47.43833017077799,1
5276,Branch_6176,1833,2680,51.255766273705795,1
5277,Branch_6177,1992,2528,94.42870632672333,1
5278,Branch_6179,1992,2110,55.46311702717693,1
5279,Branch_6181,1992,2226,73.1528895391368,1
5280,Branch_6182,384,395,2000.0,1
5281,Branch_6183,395,1649,892.8571428571429,1
5282,Branch_6184,358,407,2000.0,1
5283,Branch_6185,407,408,9.845426799251747,1
5284,Branch_6186,407,409,9.845426799251747,1
5285,Branch_6187,1438,1679,17.54385964912281,1
5286,Branch_6188,1680,1679,5.688282138794084,1
5287,Branch_6189,7725,7730,2000.0,1
5288,Branch_6190,437,515,2000.0,1
5289,Branch_6191,5379,5378,19.157088122605366,1
5290,Branch_6192,5378,5601,30.422878004259204,1
5291,Branch_6193,5379,5377,9.70873786407767,1
5292,Branch_6194,5379,5376,13.157894736842104,1
5293,Branch_6195,5379,5380,5.497526113249038,1
5294,Branch_6196,5378,5761,23.97506593143131,1
5295,Branch_6197,5378,5778,217.3913043478261,1
5296,Branch_6198,746,823,10.355182768975872,1
5297,Branch_6200,746,1680,29.832935560859188,1
5298,Branch_6201,437,438,19.50458357714063,1
5299,Branch_6202,437,439,14.353380221042055,1
5300,Branch_6203,437,440,14.34102968593145,1
5301,Branch_6204,1388,1679,10.02004008016032,1
5302,Branch_6205,70,1513,206.61157024793388,1
5303,Branch_6206,697,1513,403.2258064516129,1
5304,Branch_6207,2886,5198,29.13752913752914,1
5305,Branch_6208,863,1551,26.136957658128594,1
5306,Branch_6209,863,907,25.73340195573855,1
5307,Branch_6210,3396,4192,26.212319790301443,1
5308,Branch_6211,3021,3331,67.29475100942126,1
5309,Branch_6212,3146,3148,9.77230528681716,1
5310,Branch_6213,3146,3150,9.810654370646523,1
5311,Branch_6214,3146,3151,9.650646593321753,1
5312,Branch_6215,3146,3149,9.77230528681716,1
5313,Branch_6219,3146,3155,19.451468585878235,1
5314,Branch_6220,9302,9485,2000.0,1
5315,Branch_6221,5594,5644,89.52551477170994,1
5316,Branch_6222,7347,7591,2000.0,1
5317,Branch_6223,1281,1285,19.719976336028395,1
5318,Branch_6224,1287,1280,15.096618357487923,1
5319,Branch_6225,1282,1286,15.11030522816561,1
5320,Branch_6226,1288,1283,15.600624024960998,1
5321,Branch_6227,1289,1284,15.096618357487923,1
5322,Branch_6228,1290,1291,14.999250037498125,1
5323,Branch_6229,9565,9719,82.64462809917356,1
5324,Branch_6230,4658,5338,2000.0,1
5325,Branch_6231,4658,5339,2000.0,1
5326,Branch_6232,4658,5340,2000.0,1
5327,Branch_6233,2445,2446,5.523031039434442,1
5328,Branch_6234,2445,2447,5.523031039434442,1
5329,Branch_6235,2948,5253,225.22522522522522,1
5330,Branch_6236,3021,5253,112.61261261261261,1
5331,Branch_6237,5338,5341,-526.3157894736842,1
5332,Branch_6238,5336,5341,6.919457514530861,1
5333,Branch_6239,5337,5341,7.0467197519554645,1
5334,Branch_6240,5339,5342,495.0495049504951,1
5335,Branch_6241,5332,5342,7.160759040458289,1
5336,Branch_6242,5333,5342,7.336218912772357,1
5337,Branch_6243,5340,5343,763.3587786259542,1
5338,Branch_6244,5334,5343,7.124536905101168,1
5339,Branch_6245,5335,5343,7.2727272727272725,1
5340,Branch_6246,2236,2235,4.140615295432902,1
5341,Branch_6247,9863,9861,12.558081125204069,1
5342,Branch_6248,9863,9862,12.558081125204069,1
5343,Branch_6249,5838,9863,87.41258741258741,1
5344,Branch_6250,9932,9929,8.14265939255761,1
5345,Branch_6251,9932,9930,8.225037012666556,1
5346,Branch_6252,9932,9931,8.167265599477295,1
5347,Branch_6253,9863,9932,970.8737864077669,1
5348,Branch_6255,7695,7762,187.26591760299627,1
5349,Branch_6256,7695,7702,102.35414534288638,1
5350,Branch_6257,6947,7695,253.16455696202533,1
5351,Branch_6258,7695,7846,77.39938080495357,1
5352,Branch_6259,7694,7695,2000.0,1
5353,Branch_6260,7693,7694,-49.75124378109453,1
5354,Branch_6261,6194,6643,65.01950585175553,1
5355,Branch_6262,6194,6469,35.62522265764161,1
5356,Branch_6263,4029,4401,2000.0,1
5357,Branch_6264,7409,7459,98.32841691248771,1
5358,Branch_6265,7183,7409,109.17030567685589,1
5359,Branch_6266,6064,6274,70.8215297450425,1
5360,Branch_6267,4469,4705,2000.0,1
5361,Branch_6268,4096,4095,11.402508551881414,1
5362,Branch_6269,4704,4707,9.719117504130624,1
5363,Branch_6270,4705,4707,-75.8150113722517,1
5364,Branch_6271,4706,4707,4.1017227235438884,1
5365,Branch_6272,2794,4704,32.32062055591467,1
5366,Branch_6273,3621,4704,63.29113924050633,1
5367,Branch_6274,3253,4095,1111.111111111111,1
5368,Branch_6275,6624,6626,8.395600705230459,1
5369,Branch_6276,6624,6625,8.395600705230459,1
5370,Branch_6277,6490,6624,2000.0,1
5371,Branch_6278,8555,8668,16.220600162206,1
5372,Branch_6279,8276,8555,9.954210631096954,1
5373,Branch_6280,8181,8555,63.492063492063494,1
5374,Branch_6281,256,764,483.09178743961354,1
5375,Branch_6282,7041,7162,8.320852055250457,1
5376,Branch_6284,3036,3039,53.53319057815846,1
5377,Branch_6285,3038,3039,-2000.0,1
5378,Branch_6286,3037,3039,8.792754770069463,1
5379,Branch_6287,2755,2754,4.88328938372888,1
5380,Branch_6288,2637,2760,9.830908375933936,1
5381,Branch_6290,1845,2760,28.481913984619766,1
5382,Branch_6291,1844,2154,9.68054211035818,1
5383,Branch_6292,1844,2635,7.423904974016333,1
5384,Branch_6293,2155,2520,12.690355329949238,1
5385,Branch_6294,6702,6704,184.1620626151013,1
5386,Branch_6295,6704,6703,7.352941176470588,1
5387,Branch_6296,1226,1553,91.24087591240875,1
5388,Branch_6297,70,1555,109.2896174863388,1
5389,Branch_6298,1554,1555,2000.0,1
5390,Branch_6299,1552,1553,202.42914979757086,1
5391,Branch_6300,922,1555,141.84397163120568,1
5392,Branch_6302,6414,6417,5.107252298263534,1
5393,Branch_6303,1328,1571,76.51109410864575,1
5394,Branch_6304,1001,1571,66.35700066357,1
5395,Branch_6305,5682,5683,5.423875901719368,1
5396,Branch_6306,678,1462,546.448087431694,1
5397,Branch_6307,695,1462,154.320987654321,1
5398,Branch_6308,1462,1461,11.013215859030836,1
5399,Branch_6309,1462,1465,11.230907457322552,1
5400,Branch_6310,1462,1463,11.013215859030836,1
5401,Branch_6311,1462,1464,11.013215859030836,1
5402,Branch_6312,3589,5177,29.985007496251875,1
5403,Branch_6313,4315,4314,1.763668430335097,1
5404,Branch_6314,3519,4314,52.38344683080147,1
5405,Branch_6315,3941,4314,21.39952921035737,1
5406,Branch_6316,3625,4314,53.61930294906166,1
5407,Branch_6319,9525,9692,840.3361344537815,1
5408,Branch_6320,4928,4929,5.356473297980609,1
5409,Branch_6322,7366,7367,5.537098560354374,1
5410,Branch_6323,7367,7369,6.218132073125234,1
5411,Branch_6324,7368,7369,26.295030239284774,1
5412,Branch_6325,7370,7369,1.275949625508785,1
5413,Branch_6326,7172,7368,33.3889816360601,1
5414,Branch_6327,7367,7662,13.32267519317879,1
5415,Branch_6328,7367,7638,23.245002324500234,1
5416,Branch_6329,7172,7246,3.224454261116306,1
5417,Branch_6330,7366,7368,2000.0,1
5418,Branch_6331,7366,7572,4.290924694271616,1
5419,Branch_6332,7041,7366,76.33587786259542,1
5420,Branch_6333,8280,8444,27.8473962684489,1
5421,Branch_6334,8152,8444,34.19972640218878,1
5422,Branch_6335,8444,8451,154.5595054095827,1
5423,Branch_6336,5901,5984,595.2380952380952,1
5424,Branch_6337,5903,5910,47.48338081671415,1
5425,Branch_6338,5909,5984,2000.0,1
5426,Branch_6341,9364,9500,7.702973347712217,1
5427,Branch_6342,9166,9364,15.076134479119554,1
5428,Branch_6343,9913,9912,15.394088669950738,1
5429,Branch_6344,840,1413,297.6190476190476,1
5430,Branch_6345,912,1521,155.27950310559007,1
5431,Branch_6346,903,912,120.33694344163658,1
5432,Branch_6347,912,1239,1219.5121951219512,1
5433,Branch_6348,475,495,2000.0,1
5434,Branch_6349,495,494,12.147716229348882,1
5435,Branch_6350,6490,6492,46.51162790697674,1
5436,Branch_6351,6491,6492,-485.43689320388347,1
5437,Branch_6352,6495,6492,8.880994671403197,1
5438,Branch_6353,6490,6493,46.27487274409995,1
5439,Branch_6354,6491,6493,-460.8294930875576,1
5440,Branch_6355,6494,6493,8.881783462119193,1
5441,Branch_6356,6490,6537,40.766408479412966,1
5442,Branch_6357,6490,6738,120.77294685990339,1
5443,Branch_6358,9493,9495,5.197505197505198,1
5444,Branch_6359,9493,9494,5.197505197505198,1
5445,Branch_6360,471,792,159.23566878980893,1
5446,Branch_6361,471,1761,2000.0,1
5447,Branch_6364,862,1215,40.17677782241864,1
5448,Branch_6365,1101,1215,10.675776662752215,1
5449,Branch_6366,1215,1326,64.64124111182934,1
5450,Branch_6371,155,215,77.9423226812159,1
5451,Branch_6373,155,1229,1960.7843137254902,1
5452,Branch_6375,152,155,2000.0,1
5453,Branch_6377,7182,7614,43.63001745200698,1
5454,Branch_6378,6650,6668,17.247326664367023,1
5455,Branch_6379,6585,6650,28.6286859433152,1
5456,Branch_6380,267,651,507.61421319796955,1
5457,Branch_6381,4079,4484,73.74631268436578,1
5458,Branch_6384,613,621,84.10428931875526,1
5459,Branch_6385,603,604,130.3780964797914,1
5460,Branch_6386,603,621,460.8294930875576,1
5461,Branch_6387,601,604,207.0393374741201,1
5462,Branch_6388,601,608,101.21457489878543,1
5463,Branch_6389,608,613,93.02325581395348,1
5464,Branch_6390,586,599,8.009611533840609,1
5465,Branch_6391,600,621,205.3388090349076,1
5466,Branch_6392,600,621,163.3986928104575,1
5467,Branch_6393,602,605,2000.0,1
5468,Branch_6394,602,606,2000.0,1
5469,Branch_6395,604,613,236.4066193853428,1
5470,Branch_6396,608,613,94.6969696969697,1
5471,Branch_6397,604,621,117.096018735363,1
5472,Branch_6398,609,613,1149.4252873563219,1
5473,Branch_6399,610,613,1075.268817204301,1
5474,Branch_6400,611,613,990.0990099009902,1
5475,Branch_6401,612,613,1298.7012987012988,1
5476,Branch_6402,602,622,990.0990099009902,1
5477,Branch_6403,602,607,787.4015748031496,1
5478,Branch_6404,602,620,990.0990099009902,1
5479,Branch_6405,607,624,4.915454187966968,1
5480,Branch_6406,597,624,2.4986257558342913,1
5481,Branch_6407,623,624,4.959087527894868,1
5482,Branch_6409,608,599,5.612302166348636,1
5483,Branch_6410,605,598,5.7231156641675724,1
5484,Branch_6411,606,595,5.76435323956652,1
5485,Branch_6412,609,582,5.14668039114771,1
5486,Branch_6413,610,583,5.14668039114771,1
5487,Branch_6414,611,585,5.137690094533498,1
5488,Branch_6415,612,615,23.668639053254438,1
5489,Branch_6416,600,584,5.515111405250386,1
5490,Branch_6417,600,616,10.799136069114471,1
5491,Branch_6418,614,616,140.64697609001408,1
5492,Branch_6419,617,616,15.59332605644784,1
5493,Branch_6420,214,706,581.3953488372093,1
5494,Branch_6421,214,706,581.3953488372093,1
5495,Branch_6422,5753,5801,106.60980810234541,1
5496,Branch_6423,6123,6122,4.580852038479157,1
5497,Branch_6424,6122,6598,2000.0,1
5498,Branch_6425,6122,6656,85.32423208191126,1
5499,Branch_6426,1493,1501,32.278889606197545,1
5500,Branch_6427,3961,5185,18.311664530305805,1
5501,Branch_6428,706,1090,55.46311702717693,1
5502,Branch_6429,706,1090,55.46311702717693,1
5503,Branch_6431,720,1459,684.931506849315,1
5504,Branch_6432,708,1459,751.8796992481203,1
5505,Branch_6433,596,597,1492.5373134328358,1
5506,Branch_6434,593,623,900.9009009009009,1
5507,Branch_6435,706,721,47.82400765184122,1
5508,Branch_6436,723,721,78.98894154818325,1
5509,Branch_6437,722,721,4.982064567556796,1
5510,Branch_6438,706,713,48.5201358563804,1
5511,Branch_6439,707,713,77.9423226812159,1
5512,Branch_6440,712,713,4.988277547762758,1
5513,Branch_6441,706,714,69.97900629811056,1
5514,Branch_6442,705,714,56.274620146314014,1
5515,Branch_6443,711,714,4.858142246404975,1
5516,Branch_6444,706,716,53.908355795148246,1
5517,Branch_6445,715,716,66.57789613848202,1
5518,Branch_6446,717,716,5.104645227156713,1
5519,Branch_6447,708,709,-390.625,1
5520,Branch_6448,706,709,54.824561403508774,1
5521,Branch_6450,710,709,9.828009828009828,1
5522,Branch_6451,720,718,-243.30900243309003,1
5523,Branch_6452,706,718,54.34782608695652,1
5524,Branch_6453,719,718,10.53518752633797,1
5525,Branch_6454,604,723,2000.0,1
5526,Branch_6455,604,715,2000.0,1
5527,Branch_6456,604,705,2000.0,1
5528,Branch_6457,604,707,2000.0,1
5529,Branch_6459,621,622,66.00660066006601,1
5530,Branch_6460,620,621,2000.0,1
5531,Branch_6461,590,596,7.267441860465116,1
5532,Branch_6462,594,598,40.32258064516129,1
5533,Branch_6463,587,594,9.48316737790422,1
5534,Branch_6464,588,594,9.48316737790422,1
5535,Branch_6465,589,594,9.48316737790422,1
5536,Branch_6466,590,594,9.48316737790422,1
5537,Branch_6467,591,595,10.51967178624027,1
5538,Branch_6468,592,595,11.89767995240928,1
5539,Branch_6469,593,595,11.89767995240928,1
5540,Branch_6470,3266,3961,11.494252873563218,1
5541,Branch_6472,123,1449,1612.9032258064517,1
5542,Branch_6473,123,171,1886.7924528301887,1
5543,Branch_6474,800,1044,303.030303030303,1
5544,Branch_6475,802,1361,564.9717514124294,1
5545,Branch_6476,801,1636,27.53303964757709,1
5546,Branch_6477,88,801,25.46473134708429,1
5547,Branch_6478,765,801,18.37897445322551,1
5548,Branch_6479,800,962,153.1393568147014,1
5549,Branch_6480,802,803,-331.12582781456956,1
5550,Branch_6481,800,803,57.870370370370374,1
5551,Branch_6482,804,803,10.449320794148381,1
5552,Branch_6483,71,906,285.7142857142857,1
5553,Branch_6484,906,938,133.5113484646195,1
5554,Branch_6487,4521,4785,17.768301350390903,1
5555,Branch_6488,4521,4724,1470.5882352941176,1
5556,Branch_6491,6993,7322,5.515719801434087,1
5557,Branch_6492,7000,7322,3.7509377344336086,1
5558,Branch_6493,2243,6759,15.223017202009439,1
5559,Branch_6494,5937,6759,15.812776723592663,1
5560,Branch_6495,521,931,162.07455429497568,1
5561,Branch_6496,522,931,164.74464579901152,1
5562,Branch_6497,521,1424,58.10575246949448,1
5563,Branch_6499,8967,8968,110.74197120708749,1
5564,Branch_6501,8964,8965,46.92632566870014,1
5565,Branch_6502,8967,8966,5.787037037037037,1
5566,Branch_6503,8964,8963,5.793742757821553,1
5567,Branch_6504,59,1638,55.09641873278237,1
5568,Branch_6505,59,1550,126.10340479192938,1
5569,Branch_6506,5063,5062,10.50309841403214,1
5570,Branch_6507,5063,5064,2000.0,1
5571,Branch_6508,16,18,-122.85012285012284,1
5572,Branch_6509,17,18,22.281639928698752,1
5573,Branch_6510,21,18,7.783918424534911,1
5574,Branch_6511,16,19,-129.5336787564767,1
5575,Branch_6512,17,19,16.79261125104954,1
5576,Branch_6513,20,19,6.628222973420826,1
5577,Branch_6514,16,952,24.752475247524753,1
5578,Branch_6515,16,1326,57.8368999421631,1
5579,Branch_6516,17,528,862.0689655172414,1
5580,Branch_6517,4093,4092,2.1114864864864864,1
5581,Branch_6518,7365,7723,2000.0,1
5582,Branch_6519,7362,7723,2000.0,1
5583,Branch_6520,7360,7723,2000.0,1
5584,Branch_6521,7365,7363,15.105740181268882,1
5585,Branch_6522,7362,7361,15.024038461538462,1
5586,Branch_6523,7360,7364,15.042117930204572,1
5587,Branch_6524,8045,8047,43.89815627743635,1
5588,Branch_6526,8045,8573,5.964451866873434,1
5589,Branch_6527,117,574,793.6507936507936,1
5590,Branch_6528,117,140,363.6363636363636,1
5591,Branch_6529,2216,2215,50.68423720223011,1
5592,Branch_6530,2216,2215,50.68423720223011,1
5593,Branch_6531,79,202,1851.851851851852,1
5594,Branch_6532,1514,1517,2000.0,1
5595,Branch_6533,1514,1516,2000.0,1
5596,Branch_6534,204,936,490.19607843137254,1
5597,Branch_6535,202,204,393.7007874015748,1
5598,Branch_6536,202,1516,341.29692832764505,1
5599,Branch_6537,203,936,425.531914893617,1
5600,Branch_6538,202,203,518.1347150259068,1
5601,Branch_6539,202,1517,381.6793893129771,1
5602,Branch_6540,203,1627,1369.86301369863,1
5603,Branch_6541,204,1628,1298.7012987012988,1
5604,Branch_6542,78,202,1851.851851851852,1
5605,Branch_6543,1514,1515,10.208248264597795,1
5606,Branch_6544,7038,7801,88.65248226950355,1
5607,Branch_6545,7476,7801,34.940600978336825,1
5608,Branch_6548,785,1645,277.0083102493075,1
5609,Branch_6549,784,1644,346.02076124567475,1
5610,Branch_6550,1416,1645,377.35849056603774,1
5611,Branch_6551,1643,1645,313.47962382445144,1
5612,Branch_6552,1642,1644,242.13075060532688,1
5613,Branch_6553,761,1644,131.06159895150722,1
5614,Branch_6554,5986,6026,31.34796238244514,1
5615,Branch_6555,770,1694,42.337002540220155,1
5616,Branch_6556,1840,2594,17.035775127768314,1
5617,Branch_6557,1820,2594,35.51136363636363,1
5618,Branch_6558,1797,2700,66.44518272425249,1
5619,Branch_6559,2465,2700,64.14368184733804,1
5620,Branch_6560,2080,2110,35.00175008750438,1
5621,Branch_6561,1820,2080,28.192839018889202,1
5622,Branch_6562,2233,7165,12.884937508053087,1
5623,Branch_6564,1969,2324,2000.0,1
5624,Branch_6565,1881,1969,69.39625260235947,1
5625,Branch_6566,1881,1969,69.39625260235947,1
5626,Branch_6567,764,868,256.4102564102564,1
5627,Branch_6568,1436,1648,273.224043715847,1
5628,Branch_6569,695,1648,128.8659793814433,1
5629,Branch_6570,6994,7390,155.76323987538942,1
5630,Branch_6571,6994,7390,173.3102253032929,1
5631,Branch_6572,7132,7131,20.408163265306122,1
5632,Branch_6573,7132,7731,497.5124378109453,1
5633,Branch_6574,7389,7390,2000.0,1
5634,Branch_6575,998,1624,1315.7894736842106,1
5635,Branch_6576,1624,1740,116.95906432748538,1
5636,Branch_6578,9146,9145,9.601536245799329,1
5637,Branch_6579,9146,9439,57.37234652897303,1
5638,Branch_6580,9145,9324,9.370314842578711,1
5639,Branch_6581,9145,9323,9.186954524575103,1
5640,Branch_6582,9145,9713,16.716817118020728,1
5641,Branch_6583,5437,5436,19.157088122605366,1
5642,Branch_6584,6281,6282,19.043991620643688,1
5643,Branch_6585,2359,2358,13.003901170351105,1
5644,Branch_6586,2318,2319,13.176966662274344,1
5645,Branch_6588,2317,2318,2000.0,1
5646,Branch_6589,2349,2348,13.689253935660506,1
5647,Branch_6590,2349,2350,2000.0,1
5648,Branch_6591,2948,3272,33.82949932341001,1
5649,Branch_6592,372,1214,71.27583749109051,1
5650,Branch_6593,1214,2501,46.468401486988846,1
5651,Branch_6594,7989,8460,704.2253521126761,1
5652,Branch_6595,8460,8458,17.577781683951486,1
5653,Branch_6596,8460,8459,15.482272797646694,1
5654,Branch_6597,6580,6581,2.6688017080330932,1
5655,Branch_6598,9144,9373,2000.0,1
5656,Branch_6599,576,781,227.27272727272728,1
5657,Branch_6600,575,780,220.7505518763797,1
5658,Branch_6601,576,1185,198.80715705765408,1
5659,Branch_6602,575,1186,202.83975659229208,1
5660,Branch_6603,6187,6271,15.271838729383017,1
5661,Branch_6605,5976,6187,3.2618977721238216,1
5662,Branch_6606,5672,5671,2.087246921310791,1
5663,Branch_6607,5673,5671,-55.248618784530386,1
5664,Branch_6608,5674,5671,2.189141856392294,1
5665,Branch_6611,9553,9716,729.92700729927,1
5666,Branch_6612,9553,9890,159.4896331738437,1
5667,Branch_6613,9525,9553,49.97501249375313,1
5668,Branch_6614,9525,9553,49.75124378109453,1
5669,Branch_6615,9547,9553,37.79289493575208,1
5670,Branch_6616,9547,9553,37.79289493575208,1
5671,Branch_6617,6169,6204,1315.7894736842106,1
5672,Branch_6618,637,1741,7.988496564946477,1
5673,Branch_6619,948,1040,26.096033402922757,1
5674,Branch_6620,668,1040,9.683354313934347,1
5675,Branch_6621,7159,7569,4.521613311629589,1
5676,Branch_6623,7158,7257,7.250580046403712,1
5677,Branch_6624,7158,7159,3.186743148502231,1
5678,Branch_6627,58,1322,121.65450121654501,1
5679,Branch_6628,58,325,104.9317943336831,1
5680,Branch_6629,57,122,72.3589001447178,1
5681,Branch_6630,56,58,359.71223021582733,1
5682,Branch_6631,55,57,364.963503649635,1
5683,Branch_6632,57,889,92.85051067780873,1
5684,Branch_6633,2792,4337,104.4932079414838,1
5685,Branch_6634,338,907,122.24938875305624,1
5686,Branch_6636,338,1747,2000.0,1
5687,Branch_6637,4336,5296,90.57971014492753,1
5688,Branch_6638,3263,4336,28.176951253874332,1
5689,Branch_6639,8947,8946,14.326647564469914,1
5690,Branch_6640,8712,8947,2000.0,1
5691,Branch_6641,9886,9885,16.65278934221482,1
5692,Branch_6642,8401,8479,33.818058843422385,1
5693,Branch_6643,8401,8402,19.398642095053347,1
5694,Branch_6644,8401,8410,2000.0,1
5695,Branch_6645,8523,8524,41.16920543433512,1
5696,Branch_6646,8389,8524,2000.0,1
5697,Branch_6647,8400,8523,56.882821387940844,1
5698,Branch_6648,7808,7812,2000.0,1
5699,Branch_6649,7812,7813,8.671522719389525,1
5700,Branch_6650,8397,8402,14.423770373575653,1
5701,Branch_6652,8186,8187,11.856770215793217,1
5702,Branch_6653,3046,3859,9.48676596148373,1
5703,Branch_6654,8005,8186,495.0495049504951,1
5704,Branch_6655,3046,3330,7.651694850409366,1
5705,Branch_6656,3046,9467,5.393743257820928,1
5706,Branch_6657,787,1241,25.393600812595228,1
5707,Branch_6658,6140,6199,28.677946659019213,1
5708,Branch_6659,6017,6140,5.593779716954747,1
5709,Branch_6661,6829,7614,50.505050505050505,1
5710,Branch_6662,5711,5713,69.44444444444444,1
5711,Branch_6663,5710,5713,74.01924500370096,1
5712,Branch_6664,5712,5713,4.8016901949486215,1
5713,Branch_6665,8236,8932,54.229934924078094,1
5714,Branch_6666,4848,4847,6.333924499619965,1
5715,Branch_6667,4848,4859,277.0083102493075,1
5716,Branch_6668,5997,5998,10.641694157709907,1
5717,Branch_6669,5997,6105,26.232948583420775,1
5718,Branch_6670,5998,6159,55.21811154058531,1
5719,Branch_6671,3459,4869,2000.0,1
5720,Branch_6672,3459,4869,2000.0,1
5721,Branch_6673,4323,4322,9.182736455463727,1
5722,Branch_6674,4327,4325,35.0754121360926,1
5723,Branch_6675,4322,4325,316.45569620253167,1
5724,Branch_6676,4326,4325,9.606147934678194,1
5725,Branch_6677,9514,9521,63.775510204081634,1
5726,Branch_6678,3921,4219,59.80861244019139,1
5727,Branch_6679,3331,4219,53.56186395286556,1
5728,Branch_6680,6888,6931,478.4688995215311,1
5729,Branch_6681,6931,6932,7.403568520026653,1
5730,Branch_6682,6931,6933,6.993006993006993,1
5731,Branch_6683,7007,7303,60.60606060606061,1
5732,Branch_6684,957,1618,76.51109410864575,1
5733,Branch_6685,637,957,12.042389210019268,1
5734,Branch_6686,694,957,89.28571428571429,1
5735,Branch_6687,5373,5723,8.071025020177563,1
5736,Branch_6688,1397,1618,4.799155348658636,1
5737,Branch_6689,5020,5019,170.64846416382252,1
5738,Branch_6690,5018,5019,8.408307407718826,1
5739,Branch_6691,5021,5019,8.408307407718826,1
5740,Branch_6692,47,48,7.432181345224824,1
5741,Branch_6694,1322,1323,2000.0,1
5742,Branch_6695,1197,1325,91.99632014719411,1
5743,Branch_6696,900,1325,182.14936247723134,1
5744,Branch_6697,902,1321,175.7469244288225,1
5745,Branch_6698,6890,7766,425.531914893617,1
5746,Branch_6699,6890,6891,9.152480322167307,1
5747,Branch_6700,6890,6892,9.063717937097797,1
5748,Branch_6701,1323,1543,63.371356147021544,1
5749,Branch_6702,1320,1325,2000.0,1
5750,Branch_6703,1321,1324,2000.0,1
5751,Branch_6704,1319,1323,2000.0,1
5752,Branch_6705,995,1322,50.0751126690035,1
5753,Branch_6706,3367,5006,26.35740643120717,1
5754,Branch_6707,5439,5567,2000.0,1
5755,Branch_6708,3607,3609,46.57661853749418,1
5756,Branch_6709,3605,3609,-478.4688995215311,1
5757,Branch_6710,3610,3609,8.92379082634303,1
5758,Branch_6711,3607,3608,826.4462809917355,1
5759,Branch_6712,3605,3608,45.47521600727603,1
5760,Branch_6713,3606,3608,23.51834430856068,1
5761,Branch_6714,5583,5769,19.18281220026856,1
5762,Branch_6715,7564,7657,210.9704641350211,1
5763,Branch_6716,7564,7752,11.144544745347153,1
5764,Branch_6717,325,841,39.52569169960474,1
5765,Branch_6718,6731,6730,4.231550440081246,1
5766,Branch_6719,6491,6731,302.11480362537765,1
5767,Branch_6720,4164,5134,60.024009603841534,1
5768,Branch_6721,4445,5134,11.75226231049477,1
5769,Branch_6722,4164,4591,680.2721088435375,1
5770,Branch_6723,6527,6666,200.80321285140562,1
5771,Branch_6724,6664,6666,70.92198581560284,1
5772,Branch_6726,4556,9531,2000.0,1
5773,Branch_6727,4556,4557,33.95585738539898,1
5774,Branch_6728,3864,4310,104.16666666666667,1
5775,Branch_6729,5625,5707,2000.0,1
5776,Branch_6730,6057,6241,16.276041666666668,1
5777,Branch_6732,6057,6525,4.8718698236383124,1
5778,Branch_6734,140,574,473.93364928909955,1
5779,Branch_6735,7070,7548,74.07407407407408,1
5780,Branch_6736,7548,7568,198.80715705765408,1
5781,Branch_6737,6925,7549,27.48763056624519,1
5782,Branch_6738,7269,7549,7.456009543692216,1
5783,Branch_6739,7042,7664,40.93327875562833,1
5784,Branch_6740,7042,7751,41.999160016799664,1
5785,Branch_6741,6994,7731,23.337222870478413,1
5786,Branch_6742,6434,6433,6.5359477124183005,1
5787,Branch_6743,6433,6434,9.950248756218906,1
5788,Branch_6744,6272,6434,87.03220191470844,1
5789,Branch_6745,5961,6433,6.014675808973896,1
5790,Branch_6746,8266,8563,12.007684918347742,1
5791,Branch_6747,8452,8563,22.099447513812155,1
5792,Branch_6748,6551,8563,26.281208935611037,1
5793,Branch_6749,282,961,40.98360655737705,1
5794,Branch_6750,9203,9334,9.902951079421667,1
5795,Branch_6751,8030,8120,9.91768322919766,1
5796,Branch_6752,8120,8308,13.317352510320948,1
5797,Branch_6753,9149,9203,22.36636099306643,1
5798,Branch_6755,4599,4613,2000.0,1
5799,Branch_6756,4295,4599,2000.0,1
5800,Branch_6757,4599,4751,15.105740181268882,1
5801,Branch_6758,4897,4898,6.104633416763323,1
5802,Branch_6759,4897,4899,14.70155836518671,1
5803,Branch_6760,951,1667,245.09803921568627,1
5804,Branch_6761,528,1667,1562.5,1
5805,Branch_6762,896,1667,125.15644555694618,1
5806,Branch_6763,3374,3376,33.32222592469177,1
5807,Branch_6764,3374,3375,33.32222592469177,1
5808,Branch_6765,755,1449,1694.915254237288,1
5809,Branch_6767,159,412,657.8947368421053,1
5810,Branch_6768,765,1379,24.73410833539451,1
5811,Branch_6769,765,1379,22.593764121102577,1
5812,Branch_6770,7703,7728,25.201612903225808,1
5813,Branch_6771,8889,8890,16.4257555847569,1
5814,Branch_6772,8889,8891,16.4257555847569,1
5815,Branch_6773,8877,8889,2000.0,1
5816,Branch_6774,5815,5861,23.980815347721823,1
5817,Branch_6775,1600,1693,100.10010010010011,1
5818,Branch_6778,999,1600,226.2443438914027,1
5819,Branch_6781,5122,9273,500.0,1
5820,Branch_6783,4439,4441,46.62004662004662,1
5821,Branch_6784,4440,4441,-473.93364928909955,1
5822,Branch_6785,4442,4441,8.992805755395684,1
5823,Branch_6786,4439,4443,46.59832246039143,1
5824,Branch_6787,4440,4443,-476.1904761904762,1
5825,Branch_6788,4444,4443,8.958165367732688,1
5826,Branch_6793,2817,2818,46.27487274409995,1
5827,Branch_6794,2819,2818,-460.8294930875576,1
5828,Branch_6795,2820,2818,9.00657479960371,1
5829,Branch_6796,2817,2822,46.27487274409995,1
5830,Branch_6797,2819,2822,-460.8294930875576,1
5831,Branch_6798,2821,2822,9.00657479960371,1
5832,Branch_6799,6842,6841,5.55926173004225,1
5833,Branch_6800,7629,7628,6.802721088435374,1
5834,Branch_6801,7997,8351,735.2941176470588,1
5835,Branch_6802,629,1413,73.20644216691069,1
5836,Branch_6803,1413,1409,12.373174956693887,1
5837,Branch_6804,1413,1409,8.788118463836893,1
5838,Branch_6805,1413,1409,9.479571523367143,1
5839,Branch_6806,1411,1401,4.563917666925288,1
5840,Branch_6807,1411,1402,4.563917666925288,1
5841,Branch_6808,1411,1403,4.558716265499635,1
5842,Branch_6809,1408,1406,12.379301807378065,1
5843,Branch_6810,1412,1410,13.672409078479628,1
5844,Branch_6811,1407,1404,2.39652982481367,1
5845,Branch_6812,1408,1404,3.150896430034345,1
5846,Branch_6813,1408,1404,3.108486167236556,1
5847,Branch_6814,1407,1405,1.9764017629503725,1
5848,Branch_6815,1407,1405,1.9764017629503725,1
5849,Branch_6816,1407,1405,2.0027638140634076,1
5850,Branch_6817,1407,1405,2.0298386278290876,1
5851,Branch_6818,5810,5811,26.63115845539281,1
5852,Branch_6819,5811,5812,43.10344827586207,1
5853,Branch_6820,5811,5828,41.16920543433512,1
5854,Branch_6821,5517,5669,2000.0,1
5855,Branch_6823,9026,9030,46.2962962962963,1
5856,Branch_6824,9025,9030,-458.7155963302752,1
5857,Branch_6825,9028,9030,8.933357155619081,1
5858,Branch_6826,9027,9031,46.2962962962963,1
5859,Branch_6827,9025,9031,-458.7155963302752,1
5860,Branch_6828,9029,9031,8.933357155619081,1
5861,Branch_6829,1080,1442,215.9827213822894,1
5862,Branch_6830,1152,1442,571.4285714285714,1
5863,Branch_6831,751,1442,2000.0,1
5864,Branch_6832,2318,2359,714.2857142857143,1
5865,Branch_6833,2283,2282,10.018032458425166,1
5866,Branch_6834,2276,2283,2000.0,1
5867,Branch_6835,7260,7503,16.142050040355127,1
5868,Branch_6836,7260,7627,63.05170239596469,1
5869,Branch_6837,2350,2429,2000.0,1
5870,Branch_6838,2227,2429,50.607287449392715,1
5871,Branch_6839,1782,2429,112.99435028248588,1
5872,Branch_6840,2429,2580,53.821313240043054,1
5873,Branch_6841,2247,2429,19.029495718363464,1
5874,Branch_6842,1954,2656,19.654088050314467,1
5875,Branch_6843,2656,2757,20.554984583761563,1
5876,Branch_6844,1928,1954,15.693659761456372,1
5877,Branch_6845,2555,2592,145.5604075691412,1
5878,Branch_6846,2521,2592,1694.915254237288,1
5879,Branch_6847,2521,2592,1449.2753623188405,1
5880,Branch_6848,1923,2592,294.11764705882354,1
5881,Branch_6849,1882,2227,24.919013207077,1
5882,Branch_6853,3124,4348,2000.0,1
5883,Branch_6854,3124,4344,232.0185614849188,1
5884,Branch_6855,7094,7796,26.469031233456857,1
5885,Branch_6856,7063,7094,54.34782608695652,1
5886,Branch_6857,7317,7320,1.2196311835301006,1
5887,Branch_6858,7317,7319,1.2225536701061177,1
5888,Branch_6859,7317,7318,1.2226284065483977,1
5889,Branch_6860,7094,7317,48.33252779120348,1
5890,Branch_6861,7094,7317,48.33252779120348,1
5891,Branch_6862,6989,6990,9.165902841429881,1
5892,Branch_6863,6990,7245,12.399256044637323,1
5893,Branch_6864,6989,7037,5.347307630607989,1
5894,Branch_6865,6990,7181,10.855405992184108,1
5895,Branch_6866,6989,6991,662.2516556291391,1
5896,Branch_6867,6991,6992,168.35016835016836,1
5897,Branch_6868,2911,4484,73.52941176470588,1
5898,Branch_6869,2911,4351,30.303030303030305,1
5899,Branch_6870,1182,1632,166.66666666666666,1
5900,Branch_6871,7029,7268,6.701065469409636,1
5901,Branch_6872,671,7268,4.5551860793513415,1
5902,Branch_6873,1240,1632,421.9409282700422,1
5903,Branch_6874,8374,8633,87.48906386701663,1
5904,Branch_6878,5804,5833,2000.0,1
5905,Branch_6879,639,1205,26.75943270002676,1
5906,Branch_6880,1205,1768,83.82229673093043,1
5907,Branch_6881,459,1205,2000.0,1
5908,Branch_6882,864,1205,145.1378809869376,1
5909,Branch_6883,798,1205,625.0,1
5910,Branch_6884,3502,3503,6.079027355623101,1
5911,Branch_6887,697,1610,46.18937644341801,1
5912,Branch_6888,8265,8287,37.5234521575985,1
5913,Branch_6889,72,926,216.91973969631238,1
5914,Branch_6890,72,1575,106.83760683760684,1
5915,Branch_6892,228,229,2000.0,1
5916,Branch_6893,228,227,13.106159895150721,1
5917,Branch_6897,4891,4892,10.60220525869381,1
5918,Branch_6898,4891,4893,10.501995379122032,1
5919,Branch_6899,6557,6560,18.315018315018314,1
5920,Branch_6900,6555,6558,15.28117359413203,1
5921,Branch_6901,6556,6559,15.377518068583731,1
5922,Branch_6902,6623,6622,10.002000400080016,1
5923,Branch_6903,5942,6123,216.45021645021646,1
5924,Branch_6904,5942,6196,5.443658138268916,1
5925,Branch_6905,5942,6314,3.5486160397444997,1
5926,Branch_6906,5667,5668,72.41129616220131,1
5927,Branch_6907,5665,5668,72.41129616220131,1
5928,Branch_6908,5666,5668,-72.41129616220131,1
5929,Branch_6909,3410,3408,12.363996043521267,1
5930,Branch_6910,6536,6682,94.5179584120983,1
5931,Branch_6911,6682,6738,174.52006980802793,1
5932,Branch_6912,4889,4890,12.009126936471718,1
5933,Branch_6914,4868,4889,321.54340836012864,1
5934,Branch_6917,6454,6455,2000.0,1
5935,Branch_6918,4370,6456,847.457627118644,1
5936,Branch_6919,4944,4942,15.420200462606013,1
5937,Branch_6920,4944,4943,8.862105636299185,1
5938,Branch_6921,4944,4945,16.803898504453034,1
5939,Branch_6922,2509,2508,3.486750348675035,1
5940,Branch_6923,3543,3589,66.75567423230974,1
5941,Branch_6924,7888,7885,17.24435247456458,1
5942,Branch_6925,7886,7885,17.24435247456458,1
5943,Branch_6926,7885,7890,7.754943776657619,1
5944,Branch_6927,7885,7891,7.814942169427947,1
5945,Branch_6928,7885,7887,7.754943776657619,1
5946,Branch_6933,8934,8933,7.767593599502874,1
5947,Branch_6934,4075,4076,4.492362982929021,1
5948,Branch_6936,6619,6620,8.031483414986749,1
5949,Branch_6937,6619,6621,8.065817067268915,1
5950,Branch_6938,6491,6619,45.78754578754579,1
5951,Branch_6939,52,639,196.8503937007874,1
5952,Branch_6940,639,743,54.525627044711015,1
5953,Branch_6941,639,744,55.46311702717693,1
5954,Branch_6942,639,1394,30.816640986132512,1
5955,Branch_6943,639,979,54.17118093174431,1
5956,Branch_6944,176,175,14.291839359725596,1
5957,Branch_6945,5959,5985,19.297568506368197,1
5958,Branch_6946,744,1570,57.93742757821553,1
5959,Branch_6947,9108,9122,1176.4705882352941,1
5960,Branch_6948,9716,9717,13.368983957219251,1
5961,Branch_6949,9716,9718,13.502565487442615,1
5962,Branch_6950,1494,1499,12.95001295001295,1
5963,Branch_6952,1494,1497,5.313496280552604,1
5964,Branch_6955,1488,1481,10.81665765278529,1
5965,Branch_6956,1488,1480,10.616838305552607,1
5966,Branch_6957,1488,1482,10.763104079216445,1
5967,Branch_6958,1488,1484,10.626992561105208,1
5968,Branch_6960,1488,1487,9.230201218386561,1
5969,Branch_6961,1488,1486,7.763372408974458,1
5970,Branch_6962,1488,1478,12.936610608020699,1
5971,Branch_6963,1490,1485,9.685230024213075,1
5972,Branch_6964,1489,1485,9.933445912387008,1
5973,Branch_6965,1485,1509,26.31578947368421,1
5974,Branch_6966,1476,1509,3.067484662576687,1
5975,Branch_6967,1477,1509,3.058103975535168,1
5976,Branch_6968,1503,1504,10.001000100010002,1
5977,Branch_6969,1502,1504,10.001000100010002,1
5978,Branch_6970,1504,1505,5.000250012500625,1
5979,Branch_6971,1504,1506,12.048192771084338,1
5980,Branch_6972,1504,1507,12.048192771084338,1
5981,Branch_6973,1485,1508,11.574074074074074,1
5982,Branch_6974,1477,1508,5.87820362097343,1
5983,Branch_6975,1476,1508,5.906325674797708,1
5984,Branch_6976,1223,1485,102.56410256410257,1
5985,Branch_6977,627,1485,21.427040925648168,1
5986,Branch_6978,8260,8263,50.25125628140704,1
5987,Branch_6979,3294,3296,46.57661853749418,1
5988,Branch_6980,3293,3296,-480.7692307692308,1
5989,Branch_6981,3295,3296,9.01144453455889,1
5990,Branch_6982,6216,6438,1818.1818181818182,1
5991,Branch_6983,5975,6438,6.421782686873876,1
5992,Branch_6984,3124,3919,333.3333333333333,1
5993,Branch_6985,77,534,4.84027105517909,1
5994,Branch_6986,3919,4413,384.61538461538464,1
5995,Branch_6987,52,470,55.80357142857143,1
5996,Branch_6988,124,1231,60.93845216331505,1
5997,Branch_6989,8236,9014,2000.0,1
5998,Branch_6991,7712,7711,16.005121638924457,1
5999,Branch_6992,7709,7711,384.61538461538464,1
6000,Branch_6993,7710,7711,39.43217665615142,1
6001,Branch_6994,7124,7710,54.7645125958379,1
6002,Branch_6995,7124,7710,54.7645125958379,1
6003,Branch_6996,9485,9662,58.78894767783657,1
6004,Branch_6997,9662,9857,74.46016381236039,1
6005,Branch_6998,7823,7821,10.529640939243972,1
6006,Branch_6999,7823,7822,10.529640939243972,1
6007,Branch_7000,6919,7823,454.54545454545456,1
6008,Branch_7001,3966,4268,68.72852233676976,1
6009,Branch_7002,4271,4268,6.031363088057901,1
6010,Branch_7003,4270,4268,5.0208364713561275,1
6011,Branch_7004,4270,5172,17.7999288002848,1
6012,Branch_7005,2882,4268,25.131942699170647,1
6013,Branch_7006,2022,2697,61.95786864931846,1
6014,Branch_7007,1931,1933,59.523809523809526,1
6015,Branch_7008,1931,1932,43.89815627743635,1
6016,Branch_7009,2432,2433,40.600893219650835,1
6017,Branch_7010,7001,7295,90.33423667570008,1
6018,Branch_7011,225,739,134.77088948787062,1
6019,Branch_7013,739,1673,165.8374792703151,1
6020,Branch_7014,1363,1364,5.720823798627002,1
6021,Branch_7015,1919,1995,66.35700066357,1
6022,Branch_7016,5363,5361,14.57301078402798,1
6023,Branch_7017,5363,5364,14.57301078402798,1
6024,Branch_7018,5363,5362,15.6128024980484,1
6025,Branch_7019,5358,5357,14.330753797649756,1
6026,Branch_7020,5358,5359,14.3000143000143,1
6027,Branch_7021,5358,5360,15.5448468832582,1
6028,Branch_7022,6264,6263,3.5855145213338115,1
6029,Branch_7023,6078,6106,7.548309178743962,1
6030,Branch_7024,7171,7174,7.224389539083948,1
6031,Branch_7025,7174,7477,1.1098163253981466,1
6032,Branch_7026,7174,7468,2.355601620653915,1
6033,Branch_7027,7056,7495,1.6270745200130166,1
6034,Branch_7028,5617,5679,124.84394506866417,1
6035,Branch_7029,8082,8265,18.618506795754982,1
6036,Branch_7030,8265,8266,7.110858280594468,1
6037,Branch_7031,7162,7713,5.151187348683871,1
6038,Branch_7032,5934,6108,1.6984272563606102,1
6039,Branch_7033,7097,7170,3.250975292587776,1
6040,Branch_7034,951,1261,141.44271570014143,1
6041,Branch_7035,3317,3323,12.169891687963977,1
6042,Branch_7036,3317,3322,12.192148256522799,1
6043,Branch_7037,3317,3318,12.169891687963977,1
6044,Branch_7038,3320,3326,12.112403100775193,1
6045,Branch_7039,3320,3325,12.19958521410272,1
6046,Branch_7040,3320,3321,12.135922330097088,1
6047,Branch_7041,3317,3319,27.878449958182326,1
6048,Branch_7042,3320,3324,27.808676307007786,1
6049,Branch_7043,3210,5174,2000.0,1
6050,Branch_7044,9173,9279,125.31328320802005,1
6051,Branch_7045,9187,9279,48.59086491739553,1
6052,Branch_7046,7590,7645,47.37091425864519,1
6053,Branch_7047,7003,7590,40.22526146419952,1
6054,Branch_7048,6943,7590,251.88916876574308,1
6055,Branch_7049,6941,7590,251.88916876574308,1
6056,Branch_7050,6942,7590,251.88916876574308,1
6057,Branch_7051,6940,6943,14.36988072998994,1
6058,Branch_7052,6939,6941,13.904338153503893,1
6059,Branch_7053,6938,6942,13.827433628318584,1
6060,Branch_7054,6106,6261,5.406282099799967,1
6061,Branch_7055,6106,6214,1.9062869343093523,1
6062,Branch_7056,8340,8341,2000.0,1
6063,Branch_7057,3978,4641,31.240237425804438,1
6064,Branch_7058,2902,3737,82.57638315441784,1
6065,Branch_7059,3454,3630,31.055900621118013,1
6066,Branch_7060,3465,4553,13.35291761249833,1
6067,Branch_7061,9899,9897,16.655562958027982,1
6068,Branch_7062,9899,9898,16.655562958027982,1
6069,Branch_7064,162,1607,225.22522522522522,1
6070,Branch_7069,162,165,2000.0,1
6071,Branch_7071,107,162,110.13215859030836,1
6072,Branch_7072,1328,1733,103.62694300518135,1
6073,Branch_7073,9307,9308,54.112554112554115,1
6074,Branch_7074,9306,9308,101.9367991845056,1
6075,Branch_7075,9309,9308,6.914194842010648,1
6076,Branch_7076,6418,6520,2000.0,1
6077,Branch_7077,6418,6714,25.4000508001016,1
6078,Branch_7078,6191,6418,88.41732979664015,1
6079,Branch_7081,8062,8061,5.887894488930758,1
6080,Branch_7082,8061,8073,9.92950054612253,1
6081,Branch_7083,7932,8062,14.351320321469576,1
6082,Branch_7084,6348,6507,69.25207756232687,1
6083,Branch_7085,6022,6579,73.04601899196494,1
6084,Branch_7086,6007,6023,53.648068669527895,1
6085,Branch_7087,6022,6023,2000.0,1
6086,Branch_7088,5403,5722,2000.0,1
6087,Branch_7089,5722,5720,42.24757076468103,1
6088,Branch_7090,5722,5721,42.24757076468103,1
6089,Branch_7091,5722,5719,42.24757076468103,1
6090,Branch_7092,5722,5718,75.7002271006813,1
6091,Branch_7093,8179,8178,7.523888345496953,1
6092,Branch_7094,8178,8539,9.609840476648088,1
6093,Branch_7095,8178,8323,12.493753123438282,1
6094,Branch_7096,8236,8538,17.01258931609391,1
6095,Branch_7097,4662,4661,12.750223128904755,1
6096,Branch_7098,4662,4667,183.4862385321101,1
6097,Branch_7099,4104,5325,122.85012285012284,1
6098,Branch_7100,809,830,50.70993914807302,1
6099,Branch_7101,687,810,51.94805194805195,1
6100,Branch_7102,810,811,2000.0,1
6101,Branch_7103,809,921,96.15384615384616,1
6102,Branch_7104,699,809,35.1000351000351,1
6103,Branch_7105,7261,7453,27.51031636863824,1
6104,Branch_7107,449,470,88.49557522123894,1
6105,Branch_7109,502,1398,10.902747492368077,1
6106,Branch_7110,229,1100,1818.1818181818182,1
6107,Branch_7111,7636,7709,12.49843769528809,1
6108,Branch_7112,8847,8846,9.901970492127933,1
6109,Branch_7113,8847,8855,2000.0,1
6110,Branch_7114,1369,1530,28.256569652444192,1
6111,Branch_7115,1367,1369,117.37089201877934,1
6112,Branch_7116,1368,1370,118.48341232227489,1
6113,Branch_7117,883,1369,144.92753623188406,1
6114,Branch_7118,883,1370,144.3001443001443,1
6115,Branch_7119,743,1064,47.68717215069147,1
6116,Branch_7120,242,1064,86.20689655172414,1
6117,Branch_7121,1973,2555,61.652281134401974,1
6118,Branch_7122,2281,2555,43.196544276457885,1
6119,Branch_7123,1069,1616,102.6694045174538,1
6120,Branch_7124,166,727,175.43859649122808,1
6121,Branch_7126,768,1327,89.04719501335708,1
6122,Branch_7127,1132,1327,35.373187124159884,1
6123,Branch_7128,866,1069,59.523809523809526,1
6124,Branch_7129,632,1296,17.88908765652952,1
6125,Branch_7130,1072,1202,25.374270489723422,1
6126,Branch_7132,1202,1296,285.7142857142857,1
6127,Branch_7133,686,1180,366.3003663003663,1
6128,Branch_7134,643,1393,507.61421319796955,1
6129,Branch_7135,53,1393,77.88161993769471,1
6130,Branch_7136,643,1529,352.11267605633805,1
6131,Branch_7137,1208,1529,352.11267605633805,1
6132,Branch_7138,686,1393,568.1818181818181,1
6133,Branch_7139,1119,1393,93.02325581395348,1
6134,Branch_7140,1120,1393,93.98496240601504,1
6135,Branch_7141,290,841,14.757969303423849,1
6136,Branch_7142,290,1180,92.42144177449168,1
6137,Branch_7143,686,1180,185.1851851851852,1
6138,Branch_7144,686,790,1562.5,1
6139,Branch_7145,790,1208,86.35578583765113,1
6140,Branch_7146,290,841,14.723203769140165,1
6141,Branch_7147,290,866,228.83295194508008,1
6142,Branch_7148,866,1180,108.69565217391305,1
6143,Branch_7149,252,841,86.80555555555556,1
6144,Branch_7152,1202,1246,35.62522265764161,1
6145,Branch_7153,1791,2598,263.1578947368421,1
6146,Branch_7154,2598,2749,144.0922190201729,1
6147,Branch_7155,1898,2325,99.2063492063492,1
6148,Branch_7156,2268,2325,133.86880856760374,1
6149,Branch_7157,741,1252,49.26108374384236,1
6150,Branch_7158,1252,1641,54.34782608695652,1
6151,Branch_7159,51,1252,925.925925925926,1
6152,Branch_7160,1277,1630,279.3296089385475,1
6153,Branch_7161,1228,1630,246.30541871921181,1
6154,Branch_7162,1207,1641,67.47638326585695,1
6155,Branch_7163,126,1641,192.67822736030828,1
6156,Branch_7164,125,126,454.54545454545456,1
6157,Branch_7165,125,1184,454.54545454545456,1
6158,Branch_7166,125,1689,2000.0,1
6159,Branch_7167,1207,1228,67.56756756756756,1
6160,Branch_7168,1228,1564,58.51375073142189,1
6161,Branch_7169,1110,1564,60.31363088057901,1
6162,Branch_7173,1216,1277,257.7319587628866,1
6163,Branch_7174,1179,1216,18.115942028985508,1
6164,Branch_7175,1110,1216,143.47202295552367,1
6165,Branch_7176,724,1179,16.31055292774425,1
6166,Branch_7177,44,1179,110.49723756906077,1
6167,Branch_7178,44,1329,93.45794392523365,1
6168,Branch_7179,741,1471,56.78591709256104,1
6169,Branch_7180,1448,1471,510.2040816326531,1
6170,Branch_7181,741,1329,42.42681374628766,1
6171,Branch_7183,1070,1560,78.36990595611286,1
6172,Branch_7184,1560,1609,11.771630370806356,1
6173,Branch_7185,167,1609,137.7410468319559,1
6174,Branch_7186,1110,1527,105.9322033898305,1
6175,Branch_7187,1247,1362,454.54545454545456,1
6176,Branch_7188,1362,1626,704.2253521126761,1
6177,Branch_7189,1218,1626,95.60229445506693,1
6178,Branch_7192,1110,1527,90.00900090009002,1
6179,Branch_7193,2550,2551,3.5855145213338115,1
6180,Branch_7194,53,841,76.4525993883792,1
6181,Branch_7195,9142,9150,13.119916032537391,1
6182,Branch_7196,9142,9325,9.980039920159681,1
6183,Branch_7197,6721,6722,15.832805573147562,1
6184,Branch_7198,6721,6723,6.892748828232699,1
6185,Branch_7199,6686,6721,2000.0,1
6186,Branch_7200,412,414,2000.0,1
6187,Branch_7201,127,412,11.67269756040621,1
6188,Branch_7202,324,323,6.70510929328148,1
6189,Branch_7203,7262,7731,114.41647597254004,1
6190,Branch_7204,960,1395,18.214936247723134,1
6191,Branch_7205,1037,1395,25.012506253126563,1
6192,Branch_7206,2490,2491,32.32062055591467,1
6193,Branch_7207,2490,2491,32.701111837802486,1
6194,Branch_7208,273,794,213.21961620469082,1
6195,Branch_7209,7197,7198,9.090909090909092,1
6196,Branch_7210,6839,7198,23.860653781913623,1
6197,Branch_7211,7197,7286,10.629251700680273,1
6198,Branch_7212,7063,7198,14.766686355581808,1
6199,Branch_7216,1802,2491,2000.0,1
6200,Branch_7217,1802,2491,2000.0,1
6201,Branch_7218,7529,7533,104.82180293501048,1
6202,Branch_7219,6998,7533,41.339396444811904,1
6203,Branch_7220,7183,7533,40.11231448054553,1
6204,Branch_7221,7397,7530,105.26315789473684,1
6205,Branch_7222,6864,7397,17.6056338028169,1
6206,Branch_7223,7168,7397,79.23930269413628,1
6207,Branch_7224,7529,7531,2000.0,1
6208,Branch_7225,3454,4385,8.547008547008547,1
6209,Branch_7227,9567,9568,-49.6031746031746,1
6210,Branch_7229,9569,9674,178.57142857142858,1
6211,Branch_7230,645,1427,135.13513513513513,1
6212,Branch_7231,644,1427,113.37868480725623,1
6213,Branch_7232,644,828,23.82654276864427,1
6214,Branch_7233,644,791,72.67441860465117,1
6215,Branch_7234,645,646,2000.0,1
6216,Branch_7235,645,883,9.686168151879116,1
6217,Branch_7236,1045,1048,23.803856224708404,1
6218,Branch_7237,1048,1050,2000.0,1
6219,Branch_7240,753,1047,8.690362388111584,1
6220,Branch_7241,1044,1546,263.85224274406335,1
6221,Branch_7242,1044,1546,263.85224274406335,1
6222,Branch_7243,538,1048,70.0280112044818,1
6223,Branch_7244,536,1045,70.17543859649123,1
6224,Branch_7245,1051,1361,45.02476361999099,1
6225,Branch_7246,1051,1092,56.40157924421884,1
6226,Branch_7247,1048,1629,77.51937984496124,1
6227,Branch_7248,1048,1580,390.625,1
6228,Branch_7249,1048,1581,398.40637450199205,1
6229,Branch_7250,962,1044,304.8780487804878,1
6230,Branch_7252,865,1048,74.57121551081282,1
6231,Branch_7253,1051,1152,105.3740779768177,1
6232,Branch_7254,1045,1153,107.87486515641855,1
6233,Branch_7255,1047,1133,10.978153474585575,1
6234,Branch_7257,1045,1057,211.41649048625794,1
6235,Branch_7258,1044,1057,101.7293997965412,1
6236,Branch_7260,1060,1057,12.026458208057727,1
6237,Branch_7261,1051,1058,-248.75621890547265,1
6238,Branch_7262,1044,1058,54.614964500273075,1
6239,Branch_7264,1061,1058,10.580890911014707,1
6240,Branch_7265,1047,1059,13.252054068380598,1
6241,Branch_7266,1051,1059,-25.284450063211125,1
6242,Branch_7267,1062,1059,3.372795035245708,1
6243,Branch_7268,1049,1041,6.527415143603133,1
6244,Branch_7269,1055,1041,6.559958016268696,1
6245,Branch_7270,1050,1041,136.986301369863,1
6246,Branch_7271,1054,1042,5.02411575562701,1
6247,Branch_7272,1043,1042,5.094762584063583,1
6248,Branch_7273,1050,1042,-27.070925825663238,1
6249,Branch_7274,1052,1046,5.024368185700648,1
6250,Branch_7275,1053,1046,5.111690436027194,1
6251,Branch_7276,1050,1046,-29.086678301337987,1
6252,Branch_7277,7010,7177,56.40157924421884,1
6253,Branch_7282,5475,5575,102.35414534288638,1
6254,Branch_7284,3194,3619,99.60159362549801,1
6255,Branch_7285,9295,9320,40.783034257748774,1
6256,Branch_7286,3282,4141,47.66444232602478,1
6257,Branch_7287,2070,2251,152.9051987767584,1
6258,Branch_7288,2251,2501,39.714058776806986,1
6259,Branch_7289,7193,7648,16.142050040355127,1
6260,Branch_7290,7193,7192,17.31301939058172,1
6261,Branch_7291,7192,7528,39.21568627450981,1
6262,Branch_7292,4218,4222,8.021819348628268,1
6263,Branch_7293,7175,7192,49.382716049382715,1
6264,Branch_7294,7193,7524,61.34969325153374,1
6265,Branch_7295,7051,7528,8.361204013377927,1
6266,Branch_7297,1605,1607,84.10428931875526,1
6267,Branch_7298,328,1607,68.58710562414267,1
6268,Branch_7300,75,756,48.99559039686428,1
6269,Branch_7301,75,377,105.04201680672269,1
6270,Branch_7303,73,75,56.49717514124294,1
6271,Branch_7305,7715,7771,89.76660682226212,1
6272,Branch_7306,7053,7771,106.38297872340425,1
6273,Branch_7307,5475,5479,28.735632183908045,1
6274,Branch_7308,5474,5479,-120.48192771084338,1
6275,Branch_7309,5476,5479,4.477077363896848,1
6276,Branch_7310,5475,5480,31.436655139893116,1
6277,Branch_7311,5474,5480,-546.448087431694,1
6278,Branch_7312,5481,5480,9.991008092716555,1
6279,Branch_7313,5475,5478,30.693677102516883,1
6280,Branch_7314,5474,5478,-381.6793893129771,1
6281,Branch_7315,5477,5478,10.903936321011885,1
6282,Branch_7316,5474,5554,173.61111111111111,1
6283,Branch_7317,3183,5475,30.656039239730227,1
6284,Branch_7318,3183,5475,30.571690614490983,1
6285,Branch_7319,2570,2568,12.504689258471927,1
6286,Branch_7320,2570,2569,12.408487405385284,1
6287,Branch_7321,2570,2571,34.02517863218782,1
6288,Branch_7322,2345,2344,9.032607713846987,1
6289,Branch_7323,2278,2345,2000.0,1
6290,Branch_7324,7189,7607,110.13215859030836,1
6291,Branch_7325,7189,7607,110.01100110011001,1
6292,Branch_7326,6832,7607,41.49377593360996,1
6293,Branch_7327,7314,7607,57.37234652897303,1
6294,Branch_7328,7315,7607,38.328861632809506,1
6295,Branch_7329,7607,7608,2000.0,1
6296,Branch_7330,7607,7609,2000.0,1
6297,Branch_7331,6840,7607,67.24949562878278,1
6298,Branch_7332,2261,2743,2000.0,1
6299,Branch_7333,2261,2743,2000.0,1
6300,Branch_7334,2744,2745,57.77007510109763,1
6301,Branch_7335,2743,2745,-746.2686567164179,1
6302,Branch_7336,2748,2745,6.9993700566948975,1
6303,Branch_7337,2744,2746,56.433408577878104,1
6304,Branch_7338,2743,2746,-584.7953216374269,1
6305,Branch_7339,2747,2746,6.675567423230975,1
6306,Branch_7340,6260,6262,4.84824978182876,1
6307,Branch_7341,7237,7724,4.988775255674732,1
6308,Branch_7342,9256,9630,1587.3015873015872,1
6309,Branch_7343,9314,9500,51.41388174807198,1
6310,Branch_7344,9333,9500,3.8797284190106693,1
6311,Branch_7345,8885,9038,2000.0,1
6312,Branch_7346,8839,9038,211.41649048625794,1
6313,Branch_7347,8840,9038,1785.7142857142858,1
6314,Branch_7348,8840,9090,2000.0,1
6315,Branch_7349,6960,6959,7.046223224351747,1
6316,Branch_7350,6960,7593,2000.0,1
6317,Branch_7351,3064,3089,3.3261267254282387,1
6318,Branch_7352,417,806,94.07337723424271,1
6319,Branch_7353,417,1569,30.665440049064703,1
6320,Branch_7355,417,425,2000.0,1
6321,Branch_7356,2722,2721,8.055421298533913,1
6322,Branch_7357,5265,5289,5.06482982171799,1
6323,Branch_7358,234,261,135.31799729364005,1
6324,Branch_7359,261,1459,120.33694344163658,1
6325,Branch_7361,6104,6477,3.9184952978056424,1
6326,Branch_7362,5941,6104,14.667057788207686,1
6327,Branch_7364,822,1427,448.4304932735426,1
6328,Branch_7365,821,1427,448.4304932735426,1
6329,Branch_7366,3522,3621,45.537340619307834,1
6330,Branch_7367,9437,9438,6.761325219743069,1
6331,Branch_7369,3522,3520,9.017132551848512,1
6332,Branch_7370,3521,3520,-109.89010989010988,1
6333,Branch_7371,3523,3520,3.0609121518212428,1
6334,Branch_7372,3522,3518,9.68054211035818,1
6335,Branch_7373,3519,3518,178.57142857142858,1
6336,Branch_7374,3524,3518,3.248862897985705,1
6337,Branch_7375,1182,1594,2000.0,1
6338,Branch_7376,5892,5897,2000.0,1
6339,Branch_7377,5897,5898,10.584250635055039,1
6340,Branch_7378,7754,7816,202.83975659229208,1
6341,Branch_7379,7754,7755,2000.0,1
6342,Branch_7380,7754,7756,2000.0,1
6343,Branch_7381,6918,7754,58.89281507656066,1
6344,Branch_7382,581,1223,13.877324451845684,1
6345,Branch_7383,4903,4902,6.68851581833991,1
6346,Branch_7385,4886,4903,2000.0,1
6347,Branch_7386,6742,6762,3.3348896151537386,1
6348,Branch_7387,1828,1829,4.13992962119644,1
6349,Branch_7388,7970,8320,3.585385966799326,1
6350,Branch_7389,9156,9821,5.395489370885939,1
6351,Branch_7390,9905,9903,9.46880030300161,1
6352,Branch_7391,9905,9904,6.601531555320834,1
6353,Branch_7392,5378,5844,14.515894904920888,1
6354,Branch_7393,6663,6661,8.014104824491104,1
6355,Branch_7394,6663,6662,8.084074373484237,1
6356,Branch_7395,6619,6663,36.50967506389193,1
6357,Branch_7396,9320,9371,2000.0,1
6358,Branch_7397,1117,1120,1000.0,1
6359,Branch_7398,1117,1119,1000.0,1
6360,Branch_7399,9622,9662,2000.0,1
6361,Branch_7400,9622,9621,11.363636363636363,1
6362,Branch_7403,1094,1382,328.94736842105266,1
6363,Branch_7407,136,1383,261.0966057441253,1
6364,Branch_7408,1382,1383,2000.0,1
6365,Branch_7409,1382,1384,2000.0,1
6366,Branch_7411,9617,9615,10.50089257586895,1
6367,Branch_7412,9617,9616,10.50089257586895,1
6368,Branch_7413,9613,9612,10.498687664041995,1
6369,Branch_7414,9613,9614,10.498687664041995,1
6370,Branch_7415,2356,2387,2000.0,1
6371,Branch_7416,2387,2386,4.669406051550243,1
6372,Branch_7417,9141,9533,14.273479874393377,1
6373,Branch_7418,9141,9191,12.307692307692308,1
6374,Branch_7419,9141,9161,5.050249987374375,1
6375,Branch_7420,9571,9673,84.38818565400844,1
6376,Branch_7421,9547,9571,19.86491855383393,1
6377,Branch_7422,9547,9571,19.9203187250996,1
6378,Branch_7423,3676,3757,5.161823155938677,1
6379,Branch_7424,3417,3757,512.8205128205128,1
6380,Branch_7425,2858,3874,151.9756838905775,1
6381,Branch_7426,2858,4742,42.918454935622314,1
6382,Branch_7427,4515,4525,98.61932938856016,1
6383,Branch_7428,4708,5151,115.47344110854503,1
6384,Branch_7429,5152,5311,240.96385542168676,1
6385,Branch_7430,3286,5311,7.549448890231013,1
6386,Branch_7431,8885,8883,9.79431929480901,1
6387,Branch_7432,8885,8884,9.782821365681862,1
6388,Branch_7433,5036,5038,6.741724533135576,1
6389,Branch_7434,5036,5037,6.741724533135576,1
6390,Branch_7435,2878,5036,59.630292188431724,1
6391,Branch_7436,2,988,27.3224043715847,1
6392,Branch_7438,726,988,3.5998416069692936,1
6393,Branch_7439,3915,5037,4.425170369059209,1
6394,Branch_7440,7392,7492,10.396091069757771,1
6395,Branch_7441,5036,5185,26.73082063619353,1
6396,Branch_7442,7509,7566,7.817997029161129,1
6397,Branch_7443,5463,5474,20.55076037813399,1
6398,Branch_7444,5463,5808,97.75171065493646,1
6399,Branch_7445,3458,4560,56.85048322910745,1
6400,Branch_7446,3458,4561,38.095238095238095,1
6401,Branch_7447,5463,5776,133.86880856760374,1
6402,Branch_7449,4663,4861,37.764350453172206,1
6403,Branch_7450,9854,9855,6.636580833554553,1
6404,Branch_7451,9854,9856,7.8277886497064575,1
6405,Branch_7455,7069,7772,63.57279084551812,1
6406,Branch_7456,6937,7772,127.2264631043257,1
6407,Branch_7457,7772,7773,2000.0,1
6408,Branch_7458,4853,4854,8.203445447087777,1
6409,Branch_7459,4850,4853,2000.0,1
6410,Branch_7460,3416,3418,21.159542953872197,1
6411,Branch_7461,3416,3417,10.882576994232235,1
6412,Branch_7462,5444,5752,107.52688172043011,1
6413,Branch_7463,3237,3236,4.911591355599214,1
6414,Branch_7464,4354,4359,23.540489642184557,1
6415,Branch_7465,4355,4360,41.736227045075125,1
6416,Branch_7466,4355,4356,78.06401249024199,1
6417,Branch_7467,4354,4356,63.25110689437065,1
6418,Branch_7468,4357,4356,5.185377236193933,1
6419,Branch_7469,3107,4560,62.53908692933083,1
6420,Branch_7472,441,825,93.10986964618249,1
6421,Branch_7473,441,827,116.82242990654206,1
6422,Branch_7475,827,938,161.29032258064515,1
6423,Branch_7476,824,825,326.797385620915,1
6424,Branch_7477,826,827,326.797385620915,1
6425,Branch_7478,668,673,1785.7142857142858,1
6426,Branch_7479,668,674,1408.4507042253522,1
6427,Branch_7480,951,953,24.740227610094013,1
6428,Branch_7481,952,953,-284.9002849002849,1
6429,Branch_7482,954,953,7.089181908407769,1
6430,Branch_7483,951,955,23.435669088352473,1
6431,Branch_7484,952,955,-173.61111111111111,1
6432,Branch_7485,956,955,5.942829975634397,1
6433,Branch_7486,682,951,175.7469244288225,1
6434,Branch_7487,647,648,2000.0,1
6435,Branch_7488,640,647,157.23270440251574,1
6436,Branch_7489,641,647,159.4896331738437,1
6437,Branch_7490,648,880,621.1180124223603,1
6438,Branch_7491,2030,2031,12.60239445494644,1
6439,Branch_7492,2030,2033,12.60239445494644,1
6440,Branch_7493,2030,2034,12.60239445494644,1
6441,Branch_7494,2030,2035,12.60239445494644,1
6442,Branch_7495,2030,2032,16.002560409665545,1
6443,Branch_7496,2030,2029,16.002560409665545,1
6444,Branch_7498,8048,8721,4.8508367693427115,1
6445,Branch_7501,9177,9522,2000.0,1
6446,Branch_7502,8494,8503,2000.0,1
6447,Branch_7503,8503,8504,10.152284263959391,1
6448,Branch_7504,4445,4850,5.823433496389471,1
6449,Branch_7505,4305,4445,4.753981459472308,1
6450,Branch_7506,9561,9613,212.31422505307856,1
6451,Branch_7507,932,934,-174.52006980802793,1
6452,Branch_7508,931,934,23.452157598499063,1
6453,Branch_7509,935,934,5.941770647653001,1
6454,Branch_7510,931,1198,34.61405330564209,1
6455,Branch_7511,931,1450,62.97229219143577,1
6456,Branch_7512,932,1101,7.949757532395262,1
6457,Branch_7513,5670,5756,2000.0,1
6458,Branch_7514,4581,5269,60.71645415907711,1
6459,Branch_7515,4581,4580,11.276499774470004,1
6460,Branch_7516,1130,1581,53.70569280343717,1
6461,Branch_7517,9287,9824,13.724951962668131,1
6462,Branch_7518,9824,9823,31.756113051762465,1
6463,Branch_7519,9305,9823,16.733601070950467,1
6464,Branch_7520,9185,9823,6.988120195667365,1
6465,Branch_7521,49,1675,70.47216349541931,1
6466,Branch_7522,1468,1604,854.7008547008547,1
6467,Branch_7523,1466,1601,854.7008547008547,1
6468,Branch_7524,692,1468,43.85964912280702,1
6469,Branch_7525,1467,1468,137.7410468319559,1
6470,Branch_7526,1466,1469,138.50415512465375,1
6471,Branch_7527,1466,1712,63.775510204081634,1
6472,Branch_7528,2690,2692,724.6376811594203,1
6473,Branch_7529,2689,2691,724.6376811594203,1
6474,Branch_7530,1775,1799,142.2475106685633,1
6475,Branch_7531,1799,2234,78.98894154818325,1
6476,Branch_7532,2707,2765,102.56410256410257,1
6477,Branch_7533,2749,2765,51.59958720330237,1
6478,Branch_7534,2231,2707,55.09641873278237,1
6479,Branch_7535,2676,2707,64.93506493506493,1
6480,Branch_7536,2578,2707,80.0,1
6481,Branch_7537,2579,2707,79.36507936507937,1
6482,Branch_7539,2681,2707,36.65689149560117,1
6483,Branch_7540,2702,2707,36.114120621162876,1
6484,Branch_7541,2156,2246,103.19917440660474,1
6485,Branch_7542,1883,2246,88.10572687224669,1
6486,Branch_7543,786,1457,384.61538461538464,1
6487,Branch_7544,269,1457,273.224043715847,1
6488,Branch_7545,7004,7501,148.3679525222552,1
6489,Branch_7546,7004,7626,86.95652173913044,1
6490,Branch_7547,7535,7721,16.051364365971107,1
6491,Branch_7549,7173,7515,103.7344398340249,1
6492,Branch_7550,7061,7173,76.80491551459293,1
6493,Branch_7551,4990,4989,18.453589223103894,1
6494,Branch_7552,6274,6276,8.395600705230459,1
6495,Branch_7553,6274,6277,8.468834688346883,1
6496,Branch_7555,6274,6275,2000.0,1
6497,Branch_7556,6274,7262,5.775672865888876,1
6498,Branch_7557,6275,6614,8.386447500838646,1
6499,Branch_7558,5922,6274,28.70264064293915,1
6500,Branch_7559,5952,6274,22.286605749944282,1
6501,Branch_7561,6178,6398,44.11116012351125,1
6502,Branch_7562,6398,6503,10.0,1
6503,Branch_7563,6068,6398,9.306654257794323,1
6504,Branch_7565,6129,6178,4.225114078080108,1
6505,Branch_7567,6330,6503,366.3003663003663,1
6506,Branch_7568,5981,6503,12.489072061945798,1
6507,Branch_7569,3172,3885,58.71990604815032,1
6508,Branch_7570,523,1396,255.7544757033248,1
6509,Branch_7571,2878,4920,30.147723846849562,1
6510,Branch_7573,483,1396,581.3953488372093,1
6511,Branch_7574,8826,8825,12.426991425375917,1
6512,Branch_7575,9265,9416,91.57509157509158,1
6513,Branch_7576,6570,6578,10.641694157709907,1
6514,Branch_7577,6570,6584,41.050903119868636,1
6515,Branch_7578,6427,6570,8.089305937550558,1
6516,Branch_7579,5949,6050,11.678150181011327,1
6517,Branch_7580,5949,6410,7.780284758422158,1
6518,Branch_7581,7202,7514,32.99241174529858,1
6519,Branch_7582,7202,7627,22.456770716370986,1
6520,Branch_7583,7030,7202,21.39495079161318,1
6521,Branch_7584,7513,7514,16.299918500407497,1
6522,Branch_7585,7513,7626,78.86435331230284,1
6523,Branch_7586,6889,7513,69.25207756232687,1
6524,Branch_7587,7418,7513,13.906271728549576,1
6525,Branch_7588,9191,9445,7.1438776968138304,1
6526,Branch_7589,6005,6053,36.24501631025734,1
6527,Branch_7590,6053,6531,43.78283712784589,1
6528,Branch_7591,5989,6531,11.168192986374805,1
6529,Branch_7593,9265,9444,41.06776180698152,1
6530,Branch_7594,9202,9394,254.4529262086514,1
6531,Branch_7595,9394,9407,8.640055296353896,1
6532,Branch_7596,9355,9394,5.804841237592152,1
6533,Branch_7597,9202,9328,19.46282600233554,1
6534,Branch_7598,9329,9578,26.838432635534083,1
6535,Branch_7599,9225,9407,59.45303210463734,1
6536,Branch_7600,9225,9382,9.70591089973794,1
6537,Branch_7601,9168,9225,16.246953696181965,1
6538,Branch_7602,3961,4304,27.90957298353335,1
6539,Branch_7603,4305,4304,6.741724533135576,1
6540,Branch_7604,4305,4304,6.8455640744797375,1
6541,Branch_7605,5980,6037,6.153467478924374,1
6542,Branch_7606,130,1441,289.01734104046244,1
6543,Branch_7607,6515,6648,80.1924619085806,1
6544,Branch_7608,9392,9391,4.633920296570899,1
6545,Branch_7609,9393,9391,5.031446540880503,1
6546,Branch_7610,9175,9391,36.166365280289334,1
6547,Branch_7611,9391,9417,46.97040864255519,1
6548,Branch_7612,9213,9392,25.33569799847986,1
6549,Branch_7613,2147,2151,28.868360277136258,1
6550,Branch_7614,2147,2148,28.868360277136258,1
6551,Branch_7615,2147,2150,28.868360277136258,1
6552,Branch_7616,2147,2149,28.868360277136258,1
6553,Branch_7617,8538,8750,131.75230566534916,1
6554,Branch_7618,914,1195,73.69196757553426,1
6555,Branch_7619,913,1196,73.90983000739098,1
6556,Branch_7620,1198,1544,136.05442176870747,1
6557,Branch_7621,1195,1197,2000.0,1
6558,Branch_7622,1196,1198,2000.0,1
6559,Branch_7623,994,1197,107.29613733905579,1
6560,Branch_7624,1548,1638,53.937432578209275,1
6561,Branch_7625,524,1638,47.39336492890995,1
6562,Branch_7626,1225,1638,53.937432578209275,1
6563,Branch_7627,4568,4571,46.8384074941452,1
6564,Branch_7628,4569,4571,-502.51256281407035,1
6565,Branch_7629,4570,4571,8.949346697691068,1
6566,Branch_7630,4568,4572,47.778308647873864,1
6567,Branch_7631,4569,4572,-502.51256281407035,1
6568,Branch_7632,4573,4572,8.949346697691068,1
6569,Branch_7633,8391,8393,30.120481927710845,1
6570,Branch_7634,8744,8746,269.54177897574124,1
6571,Branch_7637,6743,6744,4.001760774740886,1
6572,Branch_7638,6824,7566,25.451768897938408,1
6573,Branch_7639,6824,7498,23.719165085388994,1
6574,Branch_7640,6824,7302,96.8054211035818,1
6575,Branch_7641,7517,7602,10.0999899000101,1
6576,Branch_7642,7073,7517,209.64360587002096,1
6577,Branch_7644,5999,6675,41.459369817578775,1
6578,Branch_7646,6529,6675,2000.0,1
6579,Branch_7647,5976,6675,1.796299622777079,1
6580,Branch_7648,5596,5692,15.335071308081583,1
6581,Branch_7649,5472,5692,11.20699316373417,1
6582,Branch_7651,7661,7715,121.65450121654501,1
6583,Branch_7652,7661,7828,97.27626459143968,1
6584,Branch_7653,7137,7661,46.948356807511736,1
6585,Branch_7654,7137,7661,46.92632566870014,1
6586,Branch_7655,7323,7723,362.3188405797101,1
6587,Branch_7656,7323,7723,99.60159362549801,1
6588,Branch_7657,1179,1180,14.326647564469914,1
6589,Branch_7658,1179,1180,14.326647564469914,1
6590,Branch_7659,7040,7460,19.98800719568259,1
6591,Branch_7660,7040,7288,25.819777949909632,1
6592,Branch_7661,7039,7481,143.47202295552367,1
6593,Branch_7662,9865,9867,2000.0,1
6594,Branch_7663,6597,6598,7.002801120448179,1
6595,Branch_7667,9323,9661,26.226068712300027,1
6596,Branch_7671,9565,9606,2000.0,1
6597,Branch_7676,6219,6243,6.373080109616978,1
6598,Branch_7677,5976,6219,3.3324446814182886,1
6599,Branch_7679,862,1101,5.527915975677169,1
6600,Branch_7681,862,1013,21.81976871045167,1
6601,Branch_7682,88,1230,64.14368184733804,1
6602,Branch_7683,2167,2174,206.18556701030928,1
6603,Branch_7684,6223,6441,934.5794392523364,1
6604,Branch_7685,2174,6446,416.6666666666667,1
6605,Branch_7687,6080,6441,17.14089818306479,1
6606,Branch_7688,6223,6444,1041.6666666666667,1
6607,Branch_7689,2174,6443,300.3003003003003,1
6608,Branch_7690,2165,6443,18.76172607879925,1
6609,Branch_7692,2168,2174,202.42914979757086,1
6610,Branch_7693,2173,2177,11.295606009262396,1
6611,Branch_7694,2172,2173,-21.367521367521366,1
6612,Branch_7695,2172,2175,41.35649296939619,1
6613,Branch_7696,2174,2175,41.35649296939619,1
6614,Branch_7697,2170,2175,5.226298735235706,1
6615,Branch_7698,2172,2176,41.459369817578775,1
6616,Branch_7699,2174,2176,41.459369817578775,1
6617,Branch_7700,2171,2176,5.220024012110455,1
6618,Branch_7701,2168,2164,10.39176971838304,1
6619,Branch_7703,2165,2160,8.171269815329302,1
6620,Branch_7704,2165,2160,8.126777732629012,1
6621,Branch_7705,2166,2161,8.101758081503686,1
6622,Branch_7706,2167,2162,15.396458814472672,1
6623,Branch_7707,6080,6081,15.20450053215752,1
6624,Branch_7711,6638,6636,10.26167265264238,1
6625,Branch_7712,6638,6637,10.26167265264238,1
6626,Branch_7713,6638,8586,102.04081632653062,1
6627,Branch_7716,3732,5289,5.923117929277972,1
6628,Branch_7717,7034,7035,2000.0,1
6629,Branch_7718,7034,7061,74.8502994011976,1
6630,Branch_7719,3485,4969,18.443378827001105,1
6631,Branch_7720,6325,6589,2000.0,1
6632,Branch_7721,6221,6325,97.27626459143968,1
6633,Branch_7722,2055,2069,32.48862897985705,1
6634,Branch_7723,2067,2069,-359.71223021582733,1
6635,Branch_7724,2068,2069,6.763611768684478,1
6636,Branch_7725,2055,2063,32.84072249589491,1
6637,Branch_7726,2059,2063,-374.53183520599254,1
6638,Branch_7727,2062,2063,6.768647624204684,1
6639,Branch_7728,2055,2064,51.02040816326531,1
6640,Branch_7729,2054,2064,-574.7126436781609,1
6641,Branch_7730,2058,2064,7.112375533428165,1
6642,Branch_7731,2055,2061,57.636887608069166,1
6643,Branch_7732,2054,2061,2000.0,1
6644,Branch_7733,2066,2061,9.633911368015415,1
6645,Branch_7735,2055,2600,76.10350076103501,1
6646,Branch_7736,3770,5177,34.746351633078525,1
6647,Branch_7737,3064,3286,9.815469179426776,1
6648,Branch_7738,3673,3770,31.055900621118013,1
6649,Branch_7739,3770,4622,1587.3015873015872,1
6650,Branch_7740,3771,3770,8.450942280064227,1
6651,Branch_7741,2771,3770,22.872827081427264,1
6652,Branch_7742,553,1623,564.9717514124294,1
6653,Branch_7743,7511,7662,9.293680297397769,1
6654,Branch_7744,7188,7189,24.65483234714004,1
6655,Branch_7745,7188,7292,53.36179295624333,1
6656,Branch_7746,7083,7189,136.986301369863,1
6657,Branch_7747,7188,7669,26.954177897574123,1
6658,Branch_7748,7189,7194,72.3589001447178,1
6659,Branch_7749,8951,8950,6.112095837662735,1
6660,Branch_7750,8796,8951,2000.0,1
6661,Branch_7751,8793,8795,163.9344262295082,1
6662,Branch_7752,8789,8795,8.631851532153647,1
6663,Branch_7753,8790,8795,8.631851532153647,1
6664,Branch_7754,8793,8794,163.9344262295082,1
6665,Branch_7755,8791,8794,8.631851532153647,1
6666,Branch_7756,8792,8794,8.631851532153647,1
6667,Branch_7757,8793,8796,302.11480362537765,1
6668,Branch_7758,4415,4419,-89.68609865470852,1
6669,Branch_7759,4416,4419,24.807740014884644,1
6670,Branch_7760,4418,4419,5.05382321726386,1
6671,Branch_7763,413,1631,35.536602700781806,1
6672,Branch_7764,1115,1631,59.73715651135006,1
6673,Branch_7765,1113,1631,38.669760247486465,1
6674,Branch_7766,3047,3096,12.941633234114144,1
6675,Branch_7767,62,515,102.98661174047373,1
6676,Branch_7768,362,515,53.61930294906166,1
6677,Branch_7769,5691,5690,7.060650992021464,1
6678,Branch_7770,3855,5203,53.53319057815846,1
6679,Branch_7771,3855,3948,84.53085376162299,1
6680,Branch_7772,3721,3722,9.071940488070398,1
6681,Branch_7773,3724,3722,-82.78145695364239,1
6682,Branch_7774,3723,3722,2.1292451825827743,1
6683,Branch_7775,3558,3557,40.06410256410256,1
6684,Branch_7776,3558,3559,45.59963520291838,1
6685,Branch_7777,3558,3562,46.49000464900047,1
6686,Branch_7778,3558,3560,14.285714285714286,1
6687,Branch_7779,3563,3560,100.30090270812437,1
6688,Branch_7780,3556,3560,1.5094339622641508,1
6689,Branch_7781,5505,5723,102.98661174047373,1
6690,Branch_7782,5505,5691,3.65884892612784,1
6691,Branch_7783,5505,5611,7.7417356971433,1
6692,Branch_7784,491,489,8.785030308354564,1
6693,Branch_7785,491,490,8.785030308354564,1
6694,Branch_7786,794,1460,299.4011976047904,1
6695,Branch_7787,792,1135,84.38818565400844,1
6696,Branch_7788,792,793,63.89776357827476,1
6697,Branch_7789,794,795,92.85051067780873,1
6698,Branch_7790,5774,5775,512.8205128205128,1
6699,Branch_7791,5406,5775,65.31678641410842,1
6700,Branch_7792,4993,4992,7.909515146721506,1
6701,Branch_7794,4510,4993,2000.0,1
6702,Branch_7795,8998,9024,2000.0,1
6703,Branch_7796,1266,1450,119.33174224343675,1
6704,Branch_7797,4073,4246,337.8378378378378,1
6705,Branch_7798,3032,4246,7.009673349221926,1
6706,Branch_7799,805,898,95.69377990430623,1
6707,Branch_7800,1100,1102,38.095238095238095,1
6708,Branch_7801,1102,1108,1234.567901234568,1
6709,Branch_7802,1100,1107,952.3809523809524,1
6710,Branch_7803,1066,1100,98.81422924901186,1
6711,Branch_7804,641,1107,52.493438320209975,1
6712,Branch_7805,371,1100,2000.0,1
6713,Branch_7807,926,1108,113.37868480725623,1
6714,Branch_7808,1106,1108,2000.0,1
6715,Branch_7809,1105,1107,2000.0,1
6716,Branch_7810,1102,1103,21.533161068044787,1
6717,Branch_7811,1101,1103,-177.93594306049823,1
6718,Branch_7812,1104,1103,13.48254011055683,1
6719,Branch_7813,3044,5148,52.32862375719519,1
6720,Branch_7814,3044,4520,68.63417982155113,1
6721,Branch_7815,8436,8438,11.786892975011787,1
6722,Branch_7818,8086,8436,5.046681806712087,1
6723,Branch_7822,9200,9199,14.08649105507818,1
6724,Branch_7824,7251,7450,52.43838489774515,1
6725,Branch_7825,7250,7251,2000.0,1
6726,Branch_7826,7046,7250,149.2537313432836,1
6727,Branch_7827,7032,7250,69.06077348066299,1
6728,Branch_7828,6497,6685,1639.344262295082,1
6729,Branch_7829,6685,6683,6.516356053694774,1
6730,Branch_7830,6685,6684,6.516356053694774,1
6731,Branch_7831,7056,7111,1.952362358453729,1
6732,Branch_7832,448,446,11.743981209630064,1
6733,Branch_7833,448,447,11.743981209630064,1
6734,Branch_7834,448,1750,440.52863436123346,1
6735,Branch_7835,7300,7475,74.23904974016332,1
6736,Branch_7836,2426,2425,8.517887563884157,1
6737,Branch_7837,2426,2596,3.3604408898447478,1
6738,Branch_7838,2155,2426,6.293266205160478,1
6739,Branch_7839,2426,6417,17.793594306049823,1
6740,Branch_7840,1840,2425,27.739251040221912,1
6741,Branch_7841,3044,4125,105.26315789473684,1
6742,Branch_7842,9278,9878,4.161984434178216,1
6743,Branch_7843,5873,5871,15.513496742165684,1
6744,Branch_7844,5873,5872,8.797395970792646,1
6745,Branch_7845,278,817,272.47956403269757,1
6746,Branch_7846,6935,7841,2000.0,1
6747,Branch_7847,6307,6554,26.267402153926977,1
6748,Branch_7848,9680,9681,8.381527114240214,1
6749,Branch_7849,9680,9682,8.027614995584813,1
6750,Branch_7850,9674,9680,2000.0,1
6751,Branch_7851,8542,9015,826.4462809917355,1
6752,Branch_7852,9015,9016,12.764871074802144,1
6753,Branch_7853,8421,8538,401.60642570281124,1
6754,Branch_7854,8420,8421,4.672897196261682,1
6755,Branch_7857,9606,9607,8.336112037345782,1
6756,Branch_7858,9606,9608,8.336112037345782,1
6757,Branch_7859,9611,9610,12.990387113535983,1
6758,Branch_7860,9611,9609,12.990387113535983,1
6759,Branch_7861,9927,9924,14.271442842871414,1
6760,Branch_7862,9927,9925,14.275517487508923,1
6761,Branch_7863,9927,9926,14.275517487508923,1
6762,Branch_7864,9923,9927,2000.0,1
6763,Branch_7865,2024,5596,6.7123103772318435,1
6764,Branch_7866,5373,5596,11.14951499609767,1
6765,Branch_7867,5595,5844,2000.0,1
6766,Branch_7868,5596,5595,7.939658594680429,1
6767,Branch_7869,6936,6935,14.222727919214906,1
6768,Branch_7870,681,1038,121.95121951219512,1
6769,Branch_7871,1038,1294,99.50248756218906,1
6770,Branch_7872,9202,9462,5.662834815108443,1
6771,Branch_7873,9322,9578,4.986536351850005,1
6772,Branch_7874,6091,9578,5.56885894080303,1
6773,Branch_7875,785,927,537.6344086021505,1
6774,Branch_7876,783,785,2000.0,1
6775,Branch_7877,782,784,2000.0,1
6776,Branch_7878,703,784,480.7692307692308,1
6777,Branch_7879,4861,6062,20.837674515524068,1
6778,Branch_7882,5963,6501,21.45002145002145,1
6779,Branch_7884,244,1173,90.41591320072332,1
6780,Branch_7885,247,1530,37.764350453172206,1
6781,Branch_7886,244,1664,273.224043715847,1
6782,Branch_7887,244,1664,273.224043715847,1
6783,Branch_7888,244,248,303.951367781155,1
6784,Branch_7889,244,249,303.951367781155,1
6785,Branch_7890,244,250,319.4888178913738,1
6786,Branch_7891,244,251,260.4166666666667,1
6787,Branch_7892,248,245,3.7037037037037037,1
6788,Branch_7893,249,246,3.745318352059925,1
6789,Branch_7894,372,375,2000.0,1
6790,Branch_7895,5962,6199,7.245851749873197,1
6791,Branch_7896,3002,4666,2000.0,1
6792,Branch_7897,3179,4666,5.274818018778352,1
6793,Branch_7898,5936,6161,5.653870074065698,1
6794,Branch_7899,7903,8351,170.64846416382252,1
6795,Branch_7900,13,523,854.7008547008547,1
6796,Branch_7901,2619,2621,46.2962962962963,1
6797,Branch_7902,2617,2621,-458.7155963302752,1
6798,Branch_7903,2622,2621,8.987148377819718,1
6799,Branch_7904,2619,2624,46.8384074941452,1
6800,Branch_7905,2617,2624,-564.9717514124294,1
6801,Branch_7906,2623,2624,8.949346697691068,1
6802,Branch_7908,8377,9065,2000.0,1
6803,Branch_7909,938,1604,93.37068160597572,1
6804,Branch_7910,938,1601,93.37068160597572,1
6805,Branch_7911,1602,1604,101.41987829614604,1
6806,Branch_7912,1601,1603,101.01010101010101,1
6807,Branch_7913,3029,3028,11.876484560570072,1
6808,Branch_7914,1941,2738,2000.0,1
6809,Branch_7915,6999,7273,241.54589371980677,1
6810,Branch_7916,6999,7410,59.594755661501786,1
6811,Branch_7917,828,1739,77.10100231303007,1
6812,Branch_7918,9056,9055,15.394088669950738,1
6813,Branch_7919,8375,9056,2000.0,1
6814,Branch_7920,1670,1671,2000.0,1
6815,Branch_7921,761,1671,89.20606601248885,1
6816,Branch_7923,3486,5327,22.22222222222222,1
6817,Branch_7927,7253,7381,793.6507936507936,1
6818,Branch_7928,7253,7380,787.4015748031496,1
6819,Branch_7929,7229,7253,2000.0,1
6820,Branch_7930,8226,8228,13.575889220743958,1
6821,Branch_7932,8072,8073,9.548362455838824,1
6822,Branch_7933,8074,8360,2.8333427778092592,1
6823,Branch_7934,9745,9746,13.16309069369488,1
6824,Branch_7935,1522,1558,247.52475247524754,1
6825,Branch_7936,1556,1558,185.5287569573284,1
6826,Branch_7937,36,1558,42.3728813559322,1
6827,Branch_7938,6083,6084,9.09338910611985,1
6828,Branch_7939,6083,6085,9.134922809902257,1
6829,Branch_7940,8133,8132,8.87154009936125,1
6830,Branch_7941,786,1273,2000.0,1
6831,Branch_7942,2796,3253,1818.1818181818182,1
6832,Branch_7943,7291,7311,41.254125412541256,1
6833,Branch_7944,7291,7292,2000.0,1
6834,Branch_7945,3595,5134,8.95094880057286,1
6835,Branch_7946,6083,6465,316.45569620253167,1
6836,Branch_7947,3620,4381,31.017369727047146,1
6837,Branch_7948,4343,4438,6.6956812855708066,1
6838,Branch_7949,6133,6465,2000.0,1
6839,Branch_7950,77,1618,10.060362173038229,1
6840,Branch_7951,7253,7252,10.70663811563169,1
6841,Branch_7952,7253,7254,10.70663811563169,1
6842,Branch_7953,7253,7255,10.70663811563169,1
6843,Branch_7954,7099,7300,84.45945945945945,1
6844,Branch_7955,5900,5899,1.953125,1
6845,Branch_7956,9868,9877,2000.0,1
6846,Branch_7957,9877,9876,7.766387076731904,1
6847,Branch_7958,9876,9874,8.132726089785296,1
6848,Branch_7959,9877,9875,16.5371258475277,1
6849,Branch_7960,71,1593,222.71714922048997,1
6850,Branch_7961,5402,5554,42.034468263976464,1
6851,Branch_7962,5402,5451,35.56187766714083,1
6852,Branch_7963,3223,3224,3.9889903865331684,1
6853,Branch_7964,1066,1341,49.6031746031746,1
6854,Branch_7965,1065,1066,2000.0,1
6855,Branch_7966,1067,1068,2000.0,1
6856,Branch_7967,1068,1244,151.5151515151515,1
6857,Branch_7968,3860,3978,4.00416433090414,1
6858,Branch_7969,3302,3860,4.05104314360948,1
6859,Branch_7970,1593,1625,71.58196134574088,1
6860,Branch_7971,7098,7230,170.35775127768312,1
6861,Branch_7972,7098,7229,185.1851851851852,1
6862,Branch_7973,7101,7552,289.01734104046244,1
6863,Branch_7974,7098,7552,289.01734104046244,1
6864,Branch_7976,7098,7715,145.34883720930233,1
6865,Branch_7978,7101,7828,319.4888178913738,1
6866,Branch_7980,7098,7391,24.49779519843214,1
6867,Branch_7981,7098,7393,24.33682161109759,1
6868,Branch_7983,2528,2736,125.0,1
6869,Branch_7984,1806,2528,226.75736961451247,1
6870,Branch_7985,2575,2657,97.65625,1
6871,Branch_7986,2593,2657,72.72727272727273,1
6872,Branch_7987,2156,2657,165.8374792703151,1
6873,Branch_7988,1944,2593,35.61253561253561,1
6874,Branch_7989,1877,2593,83.33333333333333,1
6875,Branch_7990,2054,2156,47.05882352941177,1
6876,Branch_7991,4497,5326,2000.0,1
6877,Branch_7992,4497,5326,2000.0,1
6878,Branch_7993,2969,4278,47.03668861712136,1
6879,Branch_7994,2969,2967,15.067048365225252,1
6880,Branch_7995,2969,2966,15.14004542013626,1
6881,Branch_7996,2969,2968,21.867483052700635,1
6882,Branch_7997,2969,4410,84.60236886632826,1
6883,Branch_7998,6031,6049,36.27130939426913,1
6884,Branch_7999,6049,6120,305.8103975535168,1
6885,Branch_8000,5995,6031,51.4668039114771,1
6886,Branch_8001,2969,4281,20.238818053025703,1
6887,Branch_8002,6752,6753,10.827197921178,1
6888,Branch_8003,6752,6754,10.902747492368077,1
6889,Branch_8004,1761,1753,4.7395611166405995,1
6890,Branch_8005,1761,1754,4.7395611166405995,1
6891,Branch_8006,1761,1755,4.7395611166405995,1
6892,Branch_8007,1761,1756,4.7395611166405995,1
6893,Branch_8008,1761,1757,4.7395611166405995,1
6894,Branch_8009,1761,1758,4.7395611166405995,1
6895,Branch_8010,1761,1759,4.7395611166405995,1
6896,Branch_8011,1761,1760,4.7395611166405995,1
6897,Branch_8018,498,1090,2000.0,1
6898,Branch_8019,498,496,10.902747492368077,1
6899,Branch_8020,498,497,10.902747492368077,1
6900,Branch_8021,9140,9166,5.3558995233249425,1
6901,Branch_8022,7083,7084,2000.0,1
6902,Branch_8023,7084,7187,101.11223458038423,1
6903,Branch_8024,360,362,2000.0,1
6904,Branch_8025,9186,9364,64.1025641025641,1
6905,Branch_8026,360,359,11.741223435481977,1
6906,Branch_8027,360,361,11.741223435481977,1
6907,Branch_8028,4497,4500,26.406126221283337,1
6908,Branch_8029,4497,4498,15.114873035066505,1
6909,Branch_8030,4497,4499,15.062509414068384,1
6910,Branch_8031,2969,4969,62.53908692933083,1
6911,Branch_8032,215,224,1408.4507042253522,1
6912,Branch_8033,215,225,1470.5882352941176,1
6913,Branch_8034,214,274,46.08294930875576,1
6914,Branch_8035,62,214,36.2844702467344,1
6915,Branch_8036,223,224,2000.0,1
6916,Branch_8037,222,225,2000.0,1
6917,Branch_8038,215,1459,136.05442176870747,1
6918,Branch_8039,215,1459,136.23978201634878,1
6919,Branch_8040,214,1751,43.196544276457885,1
6920,Branch_8041,215,216,-877.1929824561404,1
6921,Branch_8042,214,216,67.70480704129993,1
6922,Branch_8043,218,216,10.060362173038229,1
6923,Branch_8044,215,217,-724.6376811594203,1
6924,Branch_8045,214,217,66.53359946773121,1
6925,Branch_8046,219,217,10.006003602161297,1
6926,Branch_8047,215,220,-465.1162790697674,1
6927,Branch_8048,214,220,58.47953216374269,1
6928,Branch_8049,221,220,9.893153937475267,1
6929,Branch_8050,4658,4659,2000.0,1
6930,Branch_8051,4658,4660,2000.0,1
6931,Branch_8052,4658,4713,156.00624024961,1
6932,Branch_8053,2938,3421,6.145148405333988,1
6933,Branch_8054,5805,5831,2000.0,1
6934,Branch_8055,6569,6584,13.886960144424386,1
6935,Branch_8056,6569,6574,10.641694157709907,1
6936,Branch_8057,6569,6593,24.551927326295115,1
6937,Branch_8058,691,692,523.5602094240837,1
6938,Branch_8059,689,693,523.5602094240837,1
6939,Branch_8060,688,691,113.89521640091117,1
6940,Branch_8061,689,690,113.89521640091117,1
6941,Branch_8062,693,1728,104.4932079414838,1
6942,Branch_8063,65,691,2000.0,1
6943,Branch_8064,64,689,2000.0,1
6944,Branch_8065,5653,5654,4.098360655737705,1
6945,Branch_8066,5658,5659,30.67484662576687,1
6946,Branch_8067,5654,5659,-75.87253414264036,1
6947,Branch_8068,5660,5659,8.148631029986962,1
6948,Branch_8069,5657,5656,42.955326460481096,1
6949,Branch_8070,5654,5656,252.5252525252525,1
6950,Branch_8071,5655,5656,10.350895352447987,1
6951,Branch_8072,970,1613,2000.0,1
6952,Branch_8073,972,1613,2000.0,1
6953,Branch_8074,973,1613,2000.0,1
6954,Branch_8075,975,1613,2000.0,1
6955,Branch_8076,764,1613,369.00369003690037,1
6956,Branch_8077,9525,9560,91.57509157509158,1
6957,Branch_8078,9560,9872,51.255766273705795,1
6958,Branch_8079,6964,7771,2000.0,1
6959,Branch_8080,6965,7771,2000.0,1
6960,Branch_8081,6966,7771,2000.0,1
6961,Branch_8082,6967,7771,2000.0,1
6962,Branch_8083,6963,6961,9.023641941887746,1
6963,Branch_8084,6963,6962,8.858180529719196,1
6964,Branch_8085,6963,7771,25.31645569620253,1
6965,Branch_8086,5686,5685,5.037022112527074,1
6966,Branch_8087,5574,5701,43.365134431916736,1
6967,Branch_8088,5574,5697,27.99552071668533,1
6968,Branch_8089,5575,5577,30.67484662576687,1
6969,Branch_8090,5574,5577,-384.61538461538464,1
6970,Branch_8091,5576,5577,10.905125408942203,1
6971,Branch_8092,5530,5575,81.9000819000819,1
6972,Branch_8093,3172,4452,4.095674967234601,1
6973,Branch_8094,1415,1420,89.12655971479501,1
6974,Branch_8096,1416,1420,132.4503311258278,1
6975,Branch_8097,1421,1420,9.92358836955443,1
6976,Branch_8102,30,1415,104.16666666666667,1
6977,Branch_8103,28,1415,104.16666666666667,1
6978,Branch_8104,1000,1415,173.91304347826087,1
6979,Branch_8105,1416,1575,160.25641025641025,1
6980,Branch_8107,6174,6555,2000.0,1
6981,Branch_8108,6174,6556,2000.0,1
6982,Branch_8109,6174,6557,2000.0,1
6983,Branch_8110,3568,4197,2000.0,1
6984,Branch_8111,9421,9878,8.324315325064513,1
6985,Branch_8112,9384,9421,9.317059536010435,1
6986,Branch_8114,441,561,2000.0,1
6987,Branch_8115,441,562,2000.0,1
6988,Branch_8116,441,923,21.150592216582066,1
6989,Branch_8117,140,150,2000.0,1
6990,Branch_8118,143,1546,103.30578512396694,1
6991,Branch_8119,143,939,70.8215297450425,1
6992,Branch_8120,135,140,179.53321364452424,1
6993,Branch_8121,140,142,2000.0,1
6994,Branch_8122,141,150,2000.0,1
6995,Branch_8123,150,1740,363.6363636363636,1
6996,Branch_8124,140,144,-354.6099290780142,1
6997,Branch_8125,143,144,58.17335660267597,1
6998,Branch_8126,145,144,10.439503079653408,1
6999,Branch_8127,140,147,-241.54589371980677,1
7000,Branch_8128,143,147,54.43658138268917,1
7001,Branch_8129,146,147,10.700909577314071,1
7002,Branch_8130,140,148,-480.7692307692308,1
7003,Branch_8131,143,148,58.07200929152149,1
7004,Branch_8132,149,148,10.449320794148381,1
7005,Branch_8133,231,1223,2000.0,1
7006,Branch_8135,3719,4782,1851.851851851852,1
7007,Branch_8136,3720,4781,1851.851851851852,1
7008,Branch_8137,3263,3681,87.18395815170008,1
7009,Branch_8138,6856,7407,13.837000138370001,1
7010,Branch_8139,9154,9278,12.518778167250876,1
7011,Branch_8140,8415,8602,42.73504273504273,1
7012,Branch_8141,8379,8380,32.1853878339234,1
7013,Branch_8142,8379,8415,56.2429696287964,1
7014,Branch_8143,9606,9611,383.1417624521073,1
7015,Branch_8144,6840,7686,1075.268817204301,1
7016,Branch_8145,6840,7687,1075.268817204301,1
7017,Branch_8149,6086,6148,38.98635477582846,1
7018,Branch_8150,6086,6307,4.872581981191834,1
7019,Branch_8151,2384,2385,3.5031177748195894,1
7020,Branch_8152,8895,8896,10.406910188365075,1
7021,Branch_8153,8895,8897,10.295480284155255,1
7022,Branch_8154,3912,5168,134.9527665317139,1
7023,Branch_8155,4632,4920,52.882072977260705,1
7024,Branch_8156,4632,5160,12.097749818533753,1
7025,Branch_8157,2231,2560,28.07411566535654,1
7026,Branch_8160,1815,1882,68.11989100817439,1
7027,Branch_8161,1797,2037,166.9449081803005,1
7028,Branch_8162,2037,2401,24.43195699975568,1
7029,Branch_8164,2277,2680,37.11952487008166,1
7030,Branch_8165,2110,2277,22.281639928698752,1
7031,Branch_8166,1206,1583,9.276437847866418,1
7032,Branch_8167,6877,6879,7.336757153338224,1
7033,Branch_8168,6877,6878,7.336757153338224,1
7034,Branch_8169,6880,6881,7.336757153338224,1
7035,Branch_8170,1928,2223,79.1765637371338,1
7036,Branch_8171,2202,2223,15.424957581366652,1
7037,Branch_8172,6214,6567,3.9067078173223426,1
7038,Branch_8173,7069,7816,143.67816091954023,1
7039,Branch_8174,8626,8627,518.1347150259068,1
7040,Branch_8176,641,642,2000.0,1
7041,Branch_8177,557,5403,48.355899419729205,1
7042,Branch_8178,92,556,787.4015748031496,1
7043,Branch_8179,92,557,787.4015748031496,1
7044,Branch_8180,555,556,2000.0,1
7045,Branch_8181,554,557,2000.0,1
7046,Branch_8182,556,656,278.55153203342616,1
7047,Branch_8183,4410,4601,20.631318341242004,1
7048,Branch_8184,4601,4600,10.124531740407006,1
7049,Branch_8185,3790,4147,71.63323782234957,1
7050,Branch_8186,5554,5627,22.53267237494367,1
7051,Branch_8187,5642,5717,63.13131313131313,1
7052,Branch_8188,5554,5642,326.797385620915,1
7053,Branch_8189,5836,5835,3.881686204487229,1
7054,Branch_8190,8628,8640,32.754667540124466,1
7055,Branch_8191,6893,7501,66.48936170212765,1
7056,Branch_8192,6893,7582,65.87615283267458,1
7057,Branch_8193,6893,6894,2000.0,1
7058,Branch_8194,2013,2015,57.47126436781609,1
7059,Branch_8195,2012,2015,-714.2857142857143,1
7060,Branch_8196,2016,2015,7.02543206407194,1
7061,Branch_8197,2013,2014,49.62779156327544,1
7062,Branch_8198,2010,2014,-552.4861878453039,1
7063,Branch_8199,2017,2014,6.63129973474801,1
7064,Branch_8200,2013,2018,49.52947003467063,1
7065,Branch_8201,2010,2018,-555.5555555555555,1
7066,Branch_8202,2019,2018,6.609822195782933,1
7067,Branch_8203,1927,1928,14.473874656245476,1
7068,Branch_8204,1927,2009,33.18951211417192,1
7069,Branch_8206,1928,7703,14.9678191887442,1
7070,Branch_8207,2213,7532,8.60141063134354,1
7071,Branch_8208,2009,7307,4.486920626374119,1
7072,Branch_8209,3574,5313,57.17552887364208,1
7073,Branch_8210,7947,7946,14.492753623188406,1
7074,Branch_8211,7602,7685,43.15925766076823,1
7075,Branch_8212,7066,7685,46.16805170821792,1
7076,Branch_8213,7110,7423,294.11764705882354,1
7077,Branch_8214,7009,7423,67.02412868632707,1
7078,Branch_8215,7003,7423,108.34236186348862,1
7079,Branch_8216,1547,1550,1030.9278350515465,1
7080,Branch_8217,1548,1549,787.4015748031496,1
7081,Branch_8219,939,1546,224.2152466367713,1
7082,Branch_8221,1548,1580,57.01254275940707,1
7083,Branch_8222,92,1546,81.43322475570032,1
7084,Branch_8223,92,1546,81.43322475570032,1
7085,Branch_8225,5934,6252,131.06159895150722,1
7086,Branch_8226,5934,6253,543.4782608695652,1
7087,Branch_8227,6212,6253,3.905639743790033,1
7088,Branch_8228,2955,4085,2000.0,1
7089,Branch_8229,8223,8237,48.05382027871216,1
7090,Branch_8230,7962,8869,70.72135785007072,1
7091,Branch_8231,7245,7521,16.097875080489377,1
7092,Branch_8232,1836,1837,18.18512456810329,1
7093,Branch_8233,8056,8237,42.57130693912303,1
7094,Branch_8234,7401,7537,47.25897920604915,1
7095,Branch_8237,7537,7716,11.064394777605665,1
7096,Branch_8238,8137,8869,1020.4081632653061,1
7097,Branch_8239,8761,8784,2000.0,1
7098,Branch_8240,8759,8761,416.6666666666667,1
7099,Branch_8241,7992,8759,183.8235294117647,1
7100,Branch_8242,8223,8222,8.516436722875149,1
7101,Branch_8243,7962,7963,5.546927002440648,1
7102,Branch_8244,7955,8759,46.21072088724584,1
7103,Branch_8246,8056,8057,5.61104253170239,1
7104,Branch_8247,8137,8136,9.417969485778865,1
7105,Branch_8254,8573,8640,689.6551724137931,1
7106,Branch_8255,5467,5700,50.89058524173028,1
7107,Branch_8256,6535,6536,-49.6031746031746,1
7108,Branch_8257,6537,6538,-49.6031746031746,1
7109,Branch_8258,558,869,88.33922261484099,1
7110,Branch_8259,869,968,148.3679525222552,1
7111,Branch_8260,7400,7447,20.63983488132095,1
7112,Branch_8261,7400,7401,2000.0,1
7113,Branch_8262,3436,3440,48.56726566294318,1
7114,Branch_8263,3435,3440,-1020.4081632653061,1
7115,Branch_8264,3437,3440,7.702380035430949,1
7116,Branch_8265,3436,3439,46.49000464900047,1
7117,Branch_8266,3435,3439,-478.4688995215311,1
7118,Branch_8267,3438,3439,8.92299455697332,1
7119,Branch_8268,558,738,22.857142857142858,1
7120,Branch_8269,9280,9283,12.121212121212121,1
7121,Branch_8270,9280,9284,12.121212121212121,1
7122,Branch_8271,9280,9286,22.172949002217294,1
7123,Branch_8272,9280,9282,12.121212121212121,1
7124,Branch_8273,9280,9281,12.121212121212121,1
7125,Branch_8274,9280,9285,22.172949002217294,1
7126,Branch_8275,9280,9414,24.563989191844755,1
7127,Branch_8276,9280,9414,24.563989191844755,1
7128,Branch_8277,6148,6220,21.381227282446012,1
7129,Branch_8278,842,1172,76.10350076103501,1
7130,Branch_8279,842,1170,75.41478129713424,1
7131,Branch_8280,636,1170,39.29273084479372,1
7132,Branch_8281,1171,1172,2000.0,1
7133,Branch_8282,1169,1170,2000.0,1
7134,Branch_8283,889,1172,57.971014492753625,1
7135,Branch_8284,2780,3672,138.50415512465375,1
7136,Branch_8285,8193,8869,125.47051442910916,1
7137,Branch_8286,9185,9336,4.704996706502305,1
7138,Branch_8288,5938,6117,5.480052608505042,1
7139,Branch_8289,9305,9337,7.926442612555485,1
7140,Branch_8290,9337,9581,17.46419839329375,1
7141,Branch_8291,9335,9630,16.661112962345886,1
7142,Branch_8292,9335,9581,40.88307440719542,1
7143,Branch_8293,860,861,2000.0,1
7144,Branch_8294,860,1279,155.52099533437013,1
7145,Branch_8295,756,1266,124.22360248447205,1
7146,Branch_8296,758,1240,175.13134851138355,1
7147,Branch_8297,756,759,2000.0,1
7148,Branch_8298,757,758,2000.0,1
7149,Branch_8299,7441,7603,322.5806451612903,1
7150,Branch_8300,7070,7442,41.85851820845542,1
7151,Branch_8301,7441,7442,2000.0,1
7152,Branch_8302,7604,7602,5.820044232336166,1
7153,Branch_8303,7602,7603,8.045699573577922,1
7154,Branch_8304,6840,7603,88.49557522123894,1
7155,Branch_8305,2776,2777,-39.354584809130266,1
7156,Branch_8306,2778,2779,-46.948356807511736,1
7157,Branch_8307,5773,5776,42.122999157540015,1
7158,Branch_8308,3045,4002,4.754885645000238,1
7159,Branch_8309,3667,4002,11.328877308258752,1
7160,Branch_8310,4002,5611,6.339948012426298,1
7161,Branch_8311,3854,4165,2000.0,1
7162,Branch_8312,1343,1597,46.425255338904364,1
7163,Branch_8313,747,1597,37.93626707132018,1
7164,Branch_8314,7095,7648,9.416195856873824,1
7165,Branch_8315,742,744,2000.0,1
7166,Branch_8317,6877,7755,2000.0,1
7167,Branch_8318,6880,7756,2000.0,1
7168,Branch_8319,283,524,71.78750897343862,1
7169,Branch_8320,2676,2680,80.1924619085806,1
7170,Branch_8321,2418,2676,200.40080160320642,1
7171,Branch_8322,1882,1944,120.77294685990339,1
7172,Branch_8325,8994,8995,11.764705882352942,1
7173,Branch_8326,8994,8996,11.764705882352942,1
7174,Branch_8327,8984,8994,148.8095238095238,1
7175,Branch_8328,6040,6156,127.7139208173691,1
7176,Branch_8329,6222,6786,17.056114617090227,1
7177,Branch_8330,6431,6786,2000.0,1
7178,Branch_8331,3574,4141,71.42857142857143,1
7179,Branch_8332,4122,5213,53.96654074473826,1
7180,Branch_8333,4122,5214,53.96654074473826,1
7181,Branch_8334,1297,1298,12.746972594008923,1
7182,Branch_8335,881,1297,184.50184501845018,1
7183,Branch_8336,151,998,337.8378378378378,1
7184,Branch_8338,280,1297,14.695077149155033,1
7185,Branch_8339,1297,1299,2000.0,1
7186,Branch_8340,9354,9499,22.722108611679165,1
7187,Branch_8342,8800,8801,7.465472191116088,1
7188,Branch_8343,5938,7714,3.1885721573879215,1
7189,Branch_8344,7476,7615,14.156285390713476,1
7190,Branch_8348,6822,6821,10.111223458038422,1
7191,Branch_8349,6823,6820,10.141987829614605,1
7192,Branch_8350,7433,7431,55.865921787709496,1
7193,Branch_8351,7558,7556,8.130081300813009,1
7194,Branch_8352,7557,7556,8.855827134254339,1
7195,Branch_8353,7559,7558,9.366804046459348,1
7196,Branch_8354,7038,7557,1515.1515151515152,1
7197,Branch_8355,7431,7559,2000.0,1
7198,Branch_8356,7038,7459,813.0081300813008,1
7199,Branch_8357,7038,7459,869.5652173913044,1
7200,Branch_8358,7038,7727,540.5405405405405,1
7201,Branch_8359,7038,7476,24.826216484607745,1
7202,Branch_8361,7459,7464,8.136034496786266,1
7203,Branch_8362,7460,7464,-51.282051282051285,1
7204,Branch_8363,7458,7464,0.8480972937215357,1
7205,Branch_8364,7459,7463,8.233841086867024,1
7206,Branch_8365,7457,7463,-54.55537370430987,1
7207,Branch_8366,7465,7463,0.8535409144837358,1
7208,Branch_8367,7457,7460,2000.0,1
7209,Branch_8370,7459,7481,98.23182711198429,1
7210,Branch_8371,7134,7727,110.13215859030836,1
7211,Branch_8372,6825,7299,169.7792869269949,1
7212,Branch_8373,6825,7582,12.322858903265558,1
7213,Branch_8374,8562,8561,5.916109566349169,1
7214,Branch_8375,8542,8562,34.19972640218878,1
7215,Branch_8376,5832,5833,18.587360594795538,1
7216,Branch_8378,4559,4772,146.84287812041117,1
7217,Branch_8379,7186,7501,28.563267637817766,1
7218,Branch_8380,7186,7688,31.90810465858328,1
7219,Branch_8381,4858,4895,2000.0,1
7220,Branch_8382,4858,4894,2000.0,1
7221,Branch_8383,562,1591,137.93103448275863,1
7222,Branch_8385,7503,7501,12.717792191275594,1
7223,Branch_8386,7503,7501,12.403870007442322,1
7224,Branch_8387,7504,7505,207.4688796680498,1
7225,Branch_8388,7501,7505,64.55777921239509,1
7226,Branch_8389,7502,7505,7.908264136022143,1
7227,Branch_8390,7395,7501,25.075225677031092,1
7228,Branch_8391,7353,7501,47.86979415988511,1
7229,Branch_8392,6871,7501,1886.7924528301887,1
7230,Branch_8393,6872,7501,1886.7924528301887,1
7231,Branch_8394,7455,7503,5.299417064122946,1
7232,Branch_8395,7503,7788,16.934801016088063,1
7233,Branch_8396,7504,7584,199.20318725099602,1
7234,Branch_8397,7358,7503,352.11267605633805,1
7235,Branch_8398,7430,7501,20.828993959591752,1
7236,Branch_8400,649,1591,143.26647564469914,1
7237,Branch_8401,1590,1591,165.01650165016503,1
7238,Branch_8403,9742,9743,43.15925766076823,1
7239,Branch_8404,322,1144,163.1321370309951,1
7240,Branch_8405,322,1135,163.1321370309951,1
7241,Branch_8406,2322,2323,32.39390994493035,1
7242,Branch_8407,2324,2323,12.187690432663011,1
7243,Branch_8408,4467,4479,108.69565217391305,1
7244,Branch_8409,536,682,50.27652086475616,1
7245,Branch_8410,537,538,2000.0,1
7246,Branch_8411,535,536,2000.0,1
7247,Branch_8412,538,1001,37.579857196542655,1
7248,Branch_8413,1953,2240,2000.0,1
7249,Branch_8414,8014,8200,10.612331529236974,1
7250,Branch_8415,2972,2976,-39.43217665615142,1
7251,Branch_8416,2970,2976,17.822135091783995,1
7252,Branch_8417,2974,2976,9.971083856815236,1
7253,Branch_8418,2972,2975,45.80852038479157,1
7254,Branch_8419,2970,2975,-418.41004184100416,1
7255,Branch_8420,2978,2975,9.040773890245005,1
7256,Branch_8421,2970,2977,10.88139281828074,1
7257,Branch_8422,2971,2977,20.491803278688526,1
7258,Branch_8423,2979,2977,8.00640512409928,1
7259,Branch_8424,2970,2973,10.893246187363834,1
7260,Branch_8425,2971,2973,20.449897750511248,1
7261,Branch_8426,2980,2973,8.012820512820513,1
7262,Branch_8427,806,1694,54.46623093681917,1
7263,Branch_8428,1298,1694,2000.0,1
7264,Branch_8429,8374,8433,181.48820326678765,1
7265,Branch_8430,124,1227,18.191740949608878,1
7266,Branch_8431,1227,1433,26.082420448617633,1
7267,Branch_8433,4542,4966,2000.0,1
7268,Branch_8434,4691,4694,2000.0,1
7269,Branch_8435,4692,4693,2000.0,1
7270,Branch_8436,3183,3185,2000.0,1
7271,Branch_8437,3183,3186,2000.0,1
7272,Branch_8438,3183,3191,87.87346221441125,1
7273,Branch_8439,3188,3191,32.48862897985705,1
7274,Branch_8440,3192,3191,17.806267806267805,1
7275,Branch_8441,3188,3184,33.200531208499335,1
7276,Branch_8442,3183,3184,89.92805755395683,1
7277,Branch_8443,3187,3184,17.5377060680463,1
7278,Branch_8444,3185,3189,106.72358591248666,1
7279,Branch_8445,3186,3190,105.59662090813094,1
7280,Branch_8446,1771,1770,4.289084280506112,1
7281,Branch_8447,7637,7752,137.5515818431912,1
7282,Branch_8449,4339,4338,9.558401835213152,1
7283,Branch_8450,4339,4338,8.124796880077998,1
7284,Branch_8452,5601,5870,133.15579227696404,1
7285,Branch_8453,1992,1986,-31.026993484331367,1
7286,Branch_8454,1988,1986,4.010427110487267,1
7287,Branch_8455,1987,1986,3.980257920713262,1
7288,Branch_8456,1992,1989,57.43825387708214,1
7289,Branch_8457,1990,1989,4.220655889925294,1
7290,Branch_8458,1991,1989,4.218697266284171,1
7291,Branch_8460,1992,2233,20.36659877800407,1
7292,Branch_8461,7164,7527,5.482456140350878,1
7293,Branch_8462,4561,9313,18.907165815844206,1
7294,Branch_8463,6197,7527,9.363295880149813,1
7295,Branch_8464,4698,4699,2000.0,1
7296,Branch_8465,239,241,9.216589861751151,1
7297,Branch_8466,234,239,2000.0,1
7298,Branch_8467,234,240,2000.0,1
7299,Branch_8468,5469,5470,46.53327128897161,1
7300,Branch_8469,5468,5470,-483.09178743961354,1
7301,Branch_8470,5471,5470,8.960573476702509,1
7302,Branch_8471,9338,9599,649.3506493506494,1
7303,Branch_8472,9528,9599,4.602144599383313,1
7304,Branch_8473,4690,4691,150.37593984962405,1
7305,Branch_8474,4689,4692,150.37593984962405,1
7306,Branch_8475,8868,8867,18.358729575913348,1
7307,Branch_8476,6447,6449,35.38570417551309,1
7308,Branch_8477,6449,6450,10.797969981643451,1
7309,Branch_8478,7552,7554,8.94454382826476,1
7310,Branch_8479,7552,7555,13.206550449022716,1
7311,Branch_8480,7552,7553,13.319126265316996,1
7312,Branch_8481,4524,4714,52.35602094240838,1
7313,Branch_8482,4524,5177,246.30541871921181,1
7314,Branch_8483,3003,4523,192.67822736030828,1
7315,Branch_8484,3770,4523,320.5128205128205,1
7316,Branch_8485,4611,4610,8.810572687224669,1
7317,Branch_8486,4611,4609,8.810572687224669,1
7318,Branch_8487,929,1081,248.13895781637717,1
7319,Branch_8488,929,1135,218.8183807439825,1
7320,Branch_8489,929,930,17.765144785930005,1
7321,Branch_8490,9625,9623,8.336807002917883,1
7322,Branch_8491,9625,9624,8.336807002917883,1
7323,Branch_8492,9554,9625,138.88888888888889,1
7324,Branch_8493,4351,4366,833.3333333333334,1
7325,Branch_8494,4112,4114,75.01875468867217,1
7326,Branch_8495,4112,4113,68.11989100817439,1
7327,Branch_8497,4879,4907,719.4244604316547,1
7328,Branch_8498,4544,4907,136.23978201634878,1
7329,Branch_8499,9252,9294,6.91323885240235,1
7330,Branch_8500,5492,5545,2000.0,1
7331,Branch_8501,402,403,2000.0,1
7332,Branch_8502,373,402,2000.0,1
7333,Branch_8503,4258,4262,46.53327128897161,1
7334,Branch_8504,4257,4262,-483.09178743961354,1
7335,Branch_8505,4261,4262,8.92299455697332,1
7336,Branch_8506,4258,4263,39.69829297340215,1
7337,Branch_8507,4255,4263,-467.2897196261682,1
7338,Branch_8508,4264,4263,7.14694110920526,1
7339,Branch_8509,403,400,4.740235115661736,1
7340,Branch_8510,403,401,4.740235115661736,1
7341,Branch_8511,4770,4771,12.611930886618742,1
7342,Branch_8512,4753,4770,2000.0,1
7343,Branch_8513,2792,4140,38.729666924864446,1
7344,Branch_8514,4140,4301,37.993920972644375,1
7345,Branch_8515,3030,4140,72.20216606498195,1
7346,Branch_8516,284,1341,71.58196134574088,1
7347,Branch_8517,7615,7629,2000.0,1
7348,Branch_8518,9571,9598,86.65511265164645,1
7349,Branch_8520,833,838,21.01281781886951,1
7350,Branch_8521,8505,8538,61.19951040391677,1
7351,Branch_8522,3588,4678,105.59662090813094,1
7352,Branch_8523,6874,7402,40.08016032064128,1
7353,Branch_8527,7261,7424,12.88161793121216,1
7354,Branch_8528,3058,4083,1000.0,1
7355,Branch_8529,776,805,112.10762331838565,1
7356,Branch_8530,3542,4446,54.49591280653951,1
7357,Branch_8531,9169,9460,3.9328273095528377,1
7358,Branch_8532,9460,9467,7.209805335255948,1
7359,Branch_8533,5423,5495,2000.0,1
7360,Branch_8534,5423,5558,73.26007326007326,1
7361,Branch_8537,3277,3275,9.45179584120983,1
7362,Branch_8538,4026,4247,116.55011655011656,1
7363,Branch_8541,808,1712,44.84304932735426,1
7364,Branch_8542,808,999,94.07337723424271,1
7365,Branch_8543,7794,7793,11.62925921618793,1
7366,Branch_8544,7794,7792,11.603620329542817,1
7367,Branch_8545,8218,8565,2000.0,1
7368,Branch_8546,8565,8564,7.8945290913397015,1
7369,Branch_8547,8565,8566,3.780289570181076,1
7370,Branch_8548,8218,8217,8.405480373203329,1
7371,Branch_8549,8218,8217,7.049203440011278,1
7372,Branch_8550,5731,5877,2000.0,1
7373,Branch_8551,5877,5876,7.909515146721506,1
7374,Branch_8552,6563,6566,2000.0,1
7375,Branch_8553,9342,9343,13.071895424836601,1
7376,Branch_8555,828,1567,47.48338081671415,1
7377,Branch_8556,7473,7551,44.563279857397504,1
7378,Branch_8557,828,883,16.246953696181965,1
7379,Branch_8558,132,1135,72.41129616220131,1
7380,Branch_8559,133,1135,81.03727714748784,1
7381,Branch_8560,5125,5124,7.425007425007425,1
7382,Branch_8561,5125,5124,7.425007425007425,1
7383,Branch_8562,4361,4362,11.901928112354202,1
7384,Branch_8563,4363,4364,18.953752843062926,1
7385,Branch_8564,3390,5243,2000.0,1
7386,Branch_8565,5414,5467,94.07337723424271,1
7387,Branch_8566,9740,9741,19.89258006763477,1
7388,Branch_8567,1408,1409,185.1851851851852,1
7389,Branch_8568,1407,1409,39.8406374501992,1
7390,Branch_8569,1408,1409,714.2857142857143,1
7391,Branch_8570,1407,1408,208.33333333333334,1
7392,Branch_8571,1413,1414,142.85714285714286,1
7393,Branch_8572,1412,1413,370.3703703703704,1
7394,Branch_8573,1407,1408,68.4931506849315,1
7395,Branch_8574,1411,1414,80.0,1
7396,Branch_8575,1411,1412,107.52688172043011,1
7397,Branch_8576,7478,7476,63.09148264984227,1
7398,Branch_8577,7478,7476,62.421972534332085,1
7399,Branch_8578,7477,7476,9.709680551509855,1
7400,Branch_8579,7478,7710,29.7000297000297,1
7401,Branch_8580,7478,7710,29.62962962962963,1
7402,Branch_8582,7478,7479,2000.0,1
7403,Branch_8585,1915,1917,5.149860953754248,1
7404,Branch_8586,1916,1917,-48.923679060665364,1
7405,Branch_8587,1918,1917,2.0663291662361813,1
7406,Branch_8588,3954,4669,160.25641025641025,1
7407,Branch_8589,3954,4876,174.52006980802793,1
7408,Branch_8591,627,668,8.874689385871495,1
7409,Branch_8592,7551,7550,6.715916722632639,1
7410,Branch_8593,124,671,10.374520178441747,1
7411,Branch_8594,6453,6451,10.835410120273052,1
7412,Branch_8595,6453,6452,10.744600838078865,1
7413,Branch_8596,6440,6453,400.0,1
7414,Branch_8597,5991,6138,8.445232666159953,1
7415,Branch_8598,5467,5560,21.743857360295717,1
7416,Branch_8599,7069,7077,-18.684603886397607,1
7417,Branch_8600,7076,7077,13.431833445265278,1
7418,Branch_8601,7075,7077,13.726835964310226,1
7419,Branch_8602,7069,7071,-18.684603886397607,1
7420,Branch_8603,7074,7071,13.431833445265278,1
7421,Branch_8604,7072,7071,13.726835964310226,1
7422,Branch_8605,7073,7070,24.342745861733203,1
7423,Branch_8606,7073,7070,24.49179524859172,1
7424,Branch_8607,7069,7336,16.105653084232564,1
7425,Branch_8608,7069,7279,94.87666034155598,1
7426,Branch_8609,7051,7070,10.095911155981828,1
7427,Branch_8610,7070,7610,24.77086945751796,1
7428,Branch_8612,7073,7469,17.618040873854827,1
7429,Branch_8613,7070,7076,2000.0,1
7430,Branch_8614,7070,7076,2000.0,1
7431,Branch_8615,7070,7074,2000.0,1
7432,Branch_8616,7070,7074,2000.0,1
7433,Branch_8617,7073,7257,23.137436372049976,1
7434,Branch_8618,7069,7139,97.84735812133073,1
7435,Branch_8619,7073,7624,35.637918745545264,1
7436,Branch_8620,384,383,5.159426271798576,1
7437,Branch_8621,384,385,14.116318464144552,1
7438,Branch_8622,15,928,9.157509157509157,1
7439,Branch_8623,2783,2786,-72.46376811594203,1
7440,Branch_8624,2784,2786,9.633911368015415,1
7441,Branch_8625,2785,2786,5.572582892170521,1
7442,Branch_8626,2783,5168,87.26003490401396,1
7443,Branch_8627,668,1155,48.49660523763337,1
7444,Branch_8628,7060,7796,264.55026455026456,1
7445,Branch_8629,7060,7106,13.017443374121322,1
7446,Branch_8630,2081,2083,16.578249336870027,1
7447,Branch_8631,2081,2082,16.396130513198884,1
7448,Branch_8632,2081,2084,16.43115346697338,1
7449,Branch_8633,2081,2626,2000.0,1
7450,Branch_8634,2081,2626,2000.0,1
7451,Branch_8637,882,1037,7.686395080707149,1
7452,Branch_8639,7446,7447,14.85663348685188,1
7453,Branch_8640,9453,9456,16.54807214959457,1
7454,Branch_8641,9453,9459,16.531658125309967,1
7455,Branch_8642,9452,9455,12.21001221001221,1
7456,Branch_8643,9453,9458,12.175818823815902,1
7457,Branch_8644,9452,9454,12.858428700012858,1
7458,Branch_8645,9452,9457,12.781186094069529,1
7459,Branch_8646,9768,9769,2.7567955009097425,1
7460,Branch_8647,9768,9770,2.759838825412596,1
7461,Branch_8648,9758,9795,53.022269353128316,1
7462,Branch_8649,9758,9762,39.01677721420211,1
7463,Branch_8650,9771,9816,64.43298969072166,1
7464,Branch_8651,9765,9816,85.76329331046313,1
7465,Branch_8652,9816,9818,7.947230390209012,1
7466,Branch_8653,9817,9818,-70.57163020465772,1
7467,Branch_8654,9819,9818,5.911563017261764,1
7468,Branch_8655,9776,9773,22.639800769753226,1
7469,Branch_8656,9772,9773,-191.57088122605364,1
7470,Branch_8657,9778,9773,6.434592368573451,1
7471,Branch_8658,9775,9774,22.49212775528565,1
7472,Branch_8659,9772,9774,-192.30769230769232,1
7473,Branch_8660,9777,9774,6.463706289186219,1
7474,Branch_8661,9764,9768,34.85535029627048,1
7475,Branch_8662,9764,9811,28.042624789680314,1
7476,Branch_8663,9772,9796,86.13264427217915,1
7477,Branch_8667,9766,9817,18.726591760299627,1
7478,Branch_8668,9760,9804,46.554934823091244,1
7479,Branch_8669,9811,9817,22.3563603845294,1
7480,Branch_8670,9761,9810,56.49717514124294,1
7481,Branch_8671,9788,9810,115.87485515643105,1
7482,Branch_8672,9810,9812,7.886435331230284,1
7483,Branch_8673,9811,9812,-62.61740763932373,1
7484,Branch_8674,9813,9812,5.9262771127177905,1
7485,Branch_8675,9761,9772,39.88831272437176,1
7486,Branch_8676,9760,9767,33.72681281618887,1
7487,Branch_8677,9767,9788,110.98779134295228,1
7488,Branch_8678,9779,9795,16.084928422068522,1
7489,Branch_8679,9785,9781,22.634676324128566,1
7490,Branch_8680,9779,9781,-197.23865877712032,1
7491,Branch_8681,9783,9781,6.463288521199586,1
7492,Branch_8685,9763,9768,19.364833462432223,1
7493,Branch_8686,9762,9796,51.3347022587269,1
7494,Branch_8687,9762,9795,54.25935973955507,1
7495,Branch_8688,9762,9779,20.742584526031944,1
7496,Branch_8689,9771,9796,58.51375073142189,1
7497,Branch_8690,9762,9771,79.4912559618442,1
7498,Branch_8691,9758,9759,85.25149190110827,1
7499,Branch_8692,9766,9805,23.025558369790467,1
7500,Branch_8693,9763,9805,25.641025641025642,1
7501,Branch_8694,9759,9804,81.43322475570032,1
7502,Branch_8695,9804,9806,7.847445656438829,1
7503,Branch_8696,9805,9806,-60.790273556231,1
7504,Branch_8697,9807,9806,5.813953488372093,1
7505,Branch_8698,9765,9772,139.66480446927375,1
7506,Branch_8699,9789,9791,22.680880018144705,1
7507,Branch_8700,9788,9791,-193.7984496124031,1
7508,Branch_8701,9792,9791,6.459531038046638,1
7509,Branch_8702,9790,9793,22.568269013766646,1
7510,Branch_8703,9788,9793,-192.30769230769232,1
7511,Branch_8704,9794,9793,6.463706289186219,1
7512,Branch_8705,4949,4950,45.187528242205154,1
7513,Branch_8706,4948,4950,-467.2897196261682,1
7514,Branch_8707,4951,4950,7.662248103593594,1
7515,Branch_8708,4949,4952,45.187528242205154,1
7516,Branch_8709,4948,4952,-467.2897196261682,1
7517,Branch_8710,4953,4952,7.662248103593594,1
7518,Branch_8711,654,1226,157.9778830963665,1
7519,Branch_8712,213,653,537.6344086021505,1
7520,Branch_8713,654,1156,537.6344086021505,1
7521,Branch_8714,652,654,160.0,1
7522,Branch_8715,653,655,476.1904761904762,1
7523,Branch_8716,878,879,952.3809523809524,1
7524,Branch_8717,876,880,555.5555555555555,1
7525,Branch_8718,7708,7709,15.85288522511097,1
7526,Branch_8719,6825,7383,90.33423667570008,1
7527,Branch_8721,3918,4469,48.97159647404506,1
7528,Branch_8722,2941,3918,27.412280701754387,1
7529,Branch_8724,1854,1855,4.795013186286262,1
7530,Branch_8725,6863,7785,206.18556701030928,1
7531,Branch_8726,7353,7785,42.51700680272109,1
7532,Branch_8727,7785,7786,2000.0,1
7533,Branch_8728,8413,8431,27.816411682892905,1
7534,Branch_8729,93,917,75.87253414264036,1
7535,Branch_8730,915,917,2000.0,1
7536,Branch_8731,916,918,2000.0,1
7537,Branch_8732,657,918,43.802014892685065,1
7538,Branch_8733,917,1625,85.39709649871904,1
7539,Branch_8734,918,1625,85.32423208191126,1
7540,Branch_8735,7582,7633,112.73957158962796,1
7541,Branch_8736,7633,7634,934.5794392523364,1
7542,Branch_8737,7634,7635,14.275517487508923,1
7543,Branch_8738,7633,7783,49.28536224741252,1
7544,Branch_8739,7783,7784,14.84560570071259,1
7545,Branch_8740,7653,7654,13.273161667109106,1
7546,Branch_8741,7697,7762,2000.0,1
7547,Branch_8742,7696,7697,14.148273910582908,1
7548,Branch_8743,6839,6846,2000.0,1
7549,Branch_8744,6846,6845,7.756748371082842,1
7550,Branch_8745,6200,6447,14.490653528474134,1
7551,Branch_8746,6199,6200,5.7405281285878305,1
7552,Branch_8747,6199,6200,7.4649148999701405,1
7553,Branch_8749,474,1649,132.9787234042553,1
7554,Branch_8750,3949,3947,48.54368932038835,1
7555,Branch_8751,3946,3948,48.54368932038835,1
7556,Branch_8752,3913,3947,2000.0,1
7557,Branch_8753,4175,4176,2000.0,1
7558,Branch_8754,561,564,2000.0,1
7559,Branch_8755,564,650,70.27406886858749,1
7560,Branch_8756,563,564,2000.0,1
7561,Branch_8757,560,562,2000.0,1
7562,Branch_8758,1080,1083,2000.0,1
7563,Branch_8759,1084,1085,2000.0,1
7564,Branch_8760,8200,8685,195.3125,1
7565,Branch_8761,8323,8685,13.865779256794232,1
7566,Branch_8762,3360,5257,64.89292667099286,1
7567,Branch_8763,2202,7165,9.813542688910697,1
7568,Branch_8764,2637,2638,10.123506782749544,1
7569,Branch_8765,2124,2125,32.78688524590164,1
7570,Branch_8766,2127,2125,-395.25691699604744,1
7571,Branch_8767,2128,2125,6.980802792321117,1
7572,Branch_8768,2124,2126,29.71768202080238,1
7573,Branch_8769,2127,2126,-369.00369003690037,1
7574,Branch_8770,2129,2126,4.919323101141283,1
7575,Branch_8771,2124,2130,30.111412225233362,1
7576,Branch_8772,2127,2130,-398.40637450199205,1
7577,Branch_8773,2131,2130,6.587615283267457,1
7578,Branch_8774,187,1081,206.18556701030928,1
7579,Branch_8775,1080,1136,245.09803921568627,1
7580,Branch_8776,1081,1082,2000.0,1
7581,Branch_8778,7472,7593,97.27626459143968,1
7582,Branch_8779,7472,7779,57.537399309551205,1
7583,Branch_8780,5971,5973,19.569471624266146,1
7584,Branch_8781,8212,8585,12.007684918347742,1
7585,Branch_8783,1898,2572,15.730690577316345,1
7586,Branch_8784,2179,2572,89.92805755395683,1
7587,Branch_8785,1791,2575,602.4096385542168,1
7588,Branch_8786,1791,2692,471.6981132075472,1
7589,Branch_8787,2577,2578,118.48341232227489,1
7590,Branch_8788,2577,2579,118.48341232227489,1
7591,Branch_8789,9460,9712,27.609055770292656,1
7592,Branch_8790,6447,6727,14.492753623188406,1
7593,Branch_8791,6162,6727,50.42864346949067,1
7594,Branch_8792,6162,6727,53.648068669527895,1
7595,Branch_8793,6642,6727,8.14265939255761,1
7596,Branch_8794,6913,6914,8.216926869350862,1
7597,Branch_8795,6913,6915,8.145312372729494,1
7598,Branch_8796,6913,7346,2000.0,1
7599,Branch_8797,172,173,57.6036866359447,1
7600,Branch_8798,6340,6742,45.59963520291838,1
7601,Branch_8800,1433,1434,23.293733985557886,1
7602,Branch_8801,993,1433,18.618506795754982,1
7603,Branch_8802,1434,2589,18.355359765051396,1
7604,Branch_8803,671,1433,14.85001485001485,1
7605,Branch_8804,668,1434,60.790273556231,1
7606,Branch_8812,2354,2353,18.453589223103894,1
7607,Branch_8814,5990,6021,55.55555555555556,1
7608,Branch_8815,6819,7656,2000.0,1
7609,Branch_8816,7561,7656,2000.0,1
7610,Branch_8817,8346,8451,297.6190476190476,1
7611,Branch_8818,1786,1789,2.1872265966754156,1
7612,Branch_8819,1786,1790,2.1872265966754156,1
7613,Branch_8820,7546,7688,41.1522633744856,1
7614,Branch_8821,7688,7700,404.8582995951417,1
7615,Branch_8822,9630,9663,9.541074324968992,1
7616,Branch_8823,9679,9677,7.8982702788089405,1
7617,Branch_8824,9679,9678,7.8982702788089405,1
7618,Branch_8825,9565,9679,78.125,1
7619,Branch_8826,2600,2602,25.980774227071965,1
7620,Branch_8827,2599,2602,-296.7359050445104,1
7621,Branch_8828,2603,2602,18.17190623296384,1
7622,Branch_8829,2600,2605,25.094102885821833,1
7623,Branch_8830,2599,2605,-259.7402597402597,1
7624,Branch_8831,2604,2605,18.17190623296384,1
7625,Branch_8832,118,963,42.06983592763988,1
7626,Branch_8833,1969,2600,146.84287812041117,1
7627,Branch_8834,1969,2600,146.84287812041117,1
7628,Branch_8835,979,1394,67.11409395973155,1
7629,Branch_8836,4413,4412,9.297136481963555,1
7630,Branch_8837,2118,2119,-39.032006245120996,1
7631,Branch_8838,2117,2121,-38.85003885003885,1
7632,Branch_8839,2114,2119,3.391785096496286,1
7633,Branch_8840,2120,2121,3.3846674564224064,1
7634,Branch_8841,2115,2113,3.108003108003108,1
7635,Branch_8842,2115,2119,6.840413160954922,1
7636,Branch_8843,2115,2121,6.868131868131868,1
7637,Branch_8844,6713,6718,2000.0,1
7638,Branch_8845,6713,6712,14.068655036578503,1
7639,Branch_8846,3182,4412,1162.7906976744187,1
7640,Branch_8847,6211,6214,251.25628140703517,1
7641,Branch_8848,6211,6243,6.520605112154408,1
7642,Branch_8849,6211,6552,4.1128567903265605,1
7643,Branch_8852,6373,6372,4.765308553728854,1
7644,Branch_8853,6373,6374,4.765308553728854,1
7645,Branch_8854,6528,6552,40.91653027823241,1
7646,Branch_8856,6243,6317,15.098897780462027,1
7647,Branch_8857,9833,9836,2.700658960786432,1
7648,Branch_8858,9834,9837,2.725686873092019,1
7649,Branch_8859,9832,9835,6.476683937823834,1
7650,Branch_8860,9518,9928,7.371369600471768,1
7651,Branch_8861,9353,9928,2.361330846064842,1
7652,Branch_8862,9288,9928,8.04634695848085,1
7653,Branch_8866,9247,9928,3.4047189404514655,1
7654,Branch_8867,7569,7649,8.880206020779681,1
7655,Branch_8868,7095,7544,3.546853940554728,1
7656,Branch_8869,7544,7569,12.24889759921607,1
7657,Branch_8870,7272,7544,7.987220447284345,1
7658,Branch_8871,9439,9663,29.129041654529566,1
7659,Branch_8872,9257,9663,2000.0,1
7660,Branch_8873,6710,6709,11.054609772275038,1
7661,Branch_8874,6710,6711,5.369992482010526,1
7662,Branch_8875,6707,6710,436.68122270742356,1
7663,Branch_8876,6686,6707,140.4494382022472,1
7664,Branch_8877,6707,6705,15.160703456640388,1
7665,Branch_8878,6707,6706,5.369992482010526,1
7666,Branch_8879,6614,6615,2000.0,1
7667,Branch_8880,6585,6614,62.30529595015577,1
7668,Branch_8881,7321,7645,59.844404548174744,1
7669,Branch_8882,6832,7143,42.19409282700422,1
7670,Branch_8883,817,998,943.3962264150944,1
7671,Branch_8884,1519,1520,2000.0,1
7672,Branch_8885,9332,9351,9.746588693957115,1
7673,Branch_8886,9446,9631,4.125072188763303,1
7674,Branch_8887,9372,9631,2000.0,1
7675,Branch_8888,8089,8180,3.143764343424817,1
7676,Branch_8889,8089,8348,454.54545454545456,1
7677,Branch_8890,7991,8106,1369.86301369863,1
7678,Branch_8891,211,1743,323.62459546925567,1
7679,Branch_8892,7715,7828,398.40637450199205,1
7680,Branch_8894,7630,7715,2000.0,1
7681,Branch_8895,7631,7715,2000.0,1
7682,Branch_8896,2925,4003,1587.3015873015872,1
7683,Branch_8897,7571,7791,5.985873338920149,1
7684,Branch_8898,7643,7791,7.947230390209012,1
7685,Branch_8899,2925,2926,30.76923076923077,1
7686,Branch_8900,2924,2926,-357.14285714285717,1
7687,Branch_8901,2928,2926,8.176614881439084,1
7688,Branch_8902,2925,2929,30.76923076923077,1
7689,Branch_8903,2924,2929,-357.14285714285717,1
7690,Branch_8904,2930,2929,8.176614881439084,1
7691,Branch_8905,2927,2924,15.928639694170117,1
7692,Branch_8906,2925,3899,312.5,1
7693,Branch_8907,2924,5270,48.44961240310077,1
7694,Branch_8909,8249,8253,6.355662895640015,1
7695,Branch_8910,5923,5999,37.064492216456635,1
7696,Branch_8912,5999,6011,125.0,1
7697,Branch_8913,8123,8574,34.674063800277395,1
7698,Branch_8916,1187,1614,19.960079840319363,1
7699,Branch_8917,1187,7242,2.6062027625749282,1
7700,Branch_8918,4170,4171,5.920663114268798,1
7701,Branch_8919,2849,4996,69.63788300835654,1
7702,Branch_8920,2849,4436,59.38242280285036,1
7703,Branch_8921,6955,6958,2000.0,1
7704,Branch_8923,7032,7568,21.533161068044787,1
7705,Branch_8924,2796,4604,413.22314049586777,1
7706,Branch_8925,291,1587,98.32841691248771,1
7707,Branch_8926,291,798,43.066322136089575,1
7708,Branch_8927,6271,6308,6.052536012589275,1
7709,Branch_8928,6271,6436,152.4390243902439,1
7710,Branch_8929,7834,7833,15.264845061822623,1
7711,Branch_8930,7236,7834,16.276041666666668,1
7712,Branch_8931,6160,6389,52.19206680584551,1
7713,Branch_8932,6105,6160,43.2338953739732,1
7714,Branch_8933,2641,2640,24.277737314882252,1
7715,Branch_8934,8461,8464,46.21072088724584,1
7716,Branch_8935,8462,8464,-454.54545454545456,1
7717,Branch_8936,8463,8464,8.94854586129754,1
7718,Branch_8937,2640,2733,2000.0,1
7719,Branch_8938,7323,7449,105.9322033898305,1
7720,Branch_8939,7426,7449,38.16793893129771,1
7721,Branch_8940,7417,7452,5.380972879896685,1
7722,Branch_8941,7417,7815,5.629362756136006,1
7723,Branch_8942,5126,5130,12.737230925996688,1
7724,Branch_8943,5126,5131,13.75515818431912,1
7725,Branch_8944,5126,5129,86.80555555555556,1
7726,Branch_8945,5126,5128,5.420054200542006,1
7727,Branch_8946,5127,5128,-27.3224043715847,1
7728,Branch_8947,5132,5128,8.401243384020836,1
7729,Branch_8948,733,1519,37.67897513187641,1
7730,Branch_8949,1307,1522,162.07455429497568,1
7731,Branch_8950,1521,1523,2000.0,1
7732,Branch_8951,1518,1522,66.40106241699867,1
7733,Branch_8952,4032,4039,21.81976871045167,1
7734,Branch_8953,4032,4035,21.436227224008576,1
7735,Branch_8954,4033,4034,21.715526601520086,1
7736,Branch_8955,4033,4038,21.715526601520086,1
7737,Branch_8956,4032,4037,21.468441391155004,1
7738,Branch_8957,4032,4036,21.4638334406525,1
7739,Branch_8959,8297,8301,46.51162790697674,1
7740,Branch_8960,8300,8301,-485.43689320388347,1
7741,Branch_8961,8302,8301,8.997660608241857,1
7742,Branch_8962,8297,8298,46.57661853749418,1
7743,Branch_8963,8300,8298,-478.4688995215311,1
7744,Branch_8964,8299,8298,6.815238874122538,1
7745,Branch_8965,98,1090,1136.3636363636363,1
7746,Branch_8966,98,843,113.76564277588169,1
7747,Branch_8967,98,100,38.639876352395675,1
7748,Branch_8968,99,100,2000.0,1
7749,Branch_8969,101,100,7.411250277921885,1
7750,Branch_8970,102,103,136.986301369863,1
7751,Branch_8971,98,103,87.18395815170008,1
7752,Branch_8972,104,103,9.899029895070283,1
7753,Branch_8973,8499,8500,71.4796283059328,1
7754,Branch_8974,8498,8500,69.7350069735007,1
7755,Branch_8975,8501,8500,5.13294322964788,1
7756,Branch_8976,791,1661,2000.0,1
7757,Branch_8977,6131,6132,23.391812865497077,1
7758,Branch_8978,6132,6439,2000.0,1
7759,Branch_8979,1615,7535,7.263746640517179,1
7760,Branch_8980,6873,6911,33.7609723160027,1
7761,Branch_8981,6873,7393,7.946598855689765,1
7762,Branch_8982,1075,6873,10.785159620362382,1
7763,Branch_8983,6873,7150,28.546959748786755,1
7764,Branch_8984,5923,6308,4.3029259896729775,1
7765,Branch_8985,5976,6307,3.658313517468447,1
7766,Branch_8986,4879,4880,16.056518946692357,1
7767,Branch_8987,4879,4881,16.046213093709884,1
7768,Branch_8988,7474,7539,118.48341232227489,1
7769,Branch_8989,7434,7539,62.97229219143577,1
7770,Branch_8990,6175,6188,17.307026652821044,1
7771,Branch_8991,6147,6248,56.72149744753261,1
7772,Branch_8992,6147,6474,77.33952049497293,1
7773,Branch_8993,6100,6248,4.936077792586011,1
7774,Branch_8994,3089,3270,4.423995752964077,1
7775,Branch_8995,3979,5228,61.576354679802954,1
7776,Branch_8996,3089,3132,6.601531555320834,1
7777,Branch_8998,8443,8441,8.874689385871495,1
7778,Branch_8999,8443,8442,8.874689385871495,1
7779,Branch_9000,6863,7351,25.119316754584275,1
7780,Branch_9001,7776,7778,386.1003861003861,1
7781,Branch_9002,7776,7777,14.234875444839858,1
7782,Branch_9003,5275,5274,1.8456995201181248,1
7783,Branch_9004,548,550,2000.0,1
7784,Branch_9005,531,550,250.6265664160401,1
7785,Branch_9006,533,549,174.52006980802793,1
7786,Branch_9007,54,550,146.84287812041117,1
7787,Branch_9008,4672,5017,50.45408678102926,1
7788,Branch_9009,4676,5017,219.2982456140351,1
7789,Branch_9010,4605,4611,250.0,1
7790,Branch_9011,6349,6351,9.932459276916964,1
7791,Branch_9012,6349,6359,9.921619208254787,1
7792,Branch_9013,6349,6362,9.94431185361973,1
7793,Branch_9014,6349,6357,9.852216748768473,1
7794,Branch_9015,6349,6360,9.875567845151096,1
7795,Branch_9016,6349,6358,9.818360333824252,1
7796,Branch_9017,6352,6364,33.277870216306155,1
7797,Branch_9018,6349,6364,168.0672268907563,1
7798,Branch_9019,6356,6364,6.378364587319811,1
7799,Branch_9020,6355,6366,-25.438819638768763,1
7800,Branch_9021,6349,6366,12.971851083149565,1
7801,Branch_9022,6354,6366,2.628259041211102,1
7802,Branch_9023,6349,6365,10.827197921178,1
7803,Branch_9024,6353,6365,-72.83321194464676,1
7804,Branch_9025,6367,6365,2.8348688873139616,1
7805,Branch_9026,6355,6363,33.523298692591354,1
7806,Branch_9027,6349,6363,153.84615384615384,1
7807,Branch_9028,6361,6363,6.968641114982578,1
7808,Branch_9029,2425,7298,17.36111111111111,1
7809,Branch_9031,9596,9598,10.196798205363516,1
7810,Branch_9032,9597,9598,10.144045445323595,1
7811,Branch_9033,648,876,413.22314049586777,1
7812,Branch_9034,876,877,2000.0,1
7813,Branch_9035,877,878,2000.0,1
7814,Branch_9036,529,879,877.1929824561404,1
7815,Branch_9038,7650,7651,432.9004329004329,1
7816,Branch_9039,7650,7652,432.9004329004329,1
7817,Branch_9040,5959,6017,6.334325711028061,1
7818,Branch_9042,7137,7739,2000.0,1
7819,Branch_9043,7739,7738,11.234692731153803,1
7820,Branch_9045,8082,8209,3.1623553222440073,1
7821,Branch_9046,69,789,12.805736970162632,1
7822,Branch_9049,6036,6051,8.101101749837978,1
7823,Branch_9050,7293,7487,2000.0,1
7824,Branch_9051,7293,7486,2000.0,1
7825,Branch_9052,7293,7488,2000.0,1
7826,Branch_9054,7090,7486,48.804294777940456,1
7827,Branch_9055,7487,7489,2000.0,1
7828,Branch_9056,7486,7489,2000.0,1
7829,Branch_9057,7430,7487,25.588536335721596,1
7830,Branch_9058,4927,5160,2000.0,1
7831,Branch_9059,4926,5160,2000.0,1
7832,Branch_9060,5783,5784,2.031281738777168,1
7833,Branch_9061,5782,5783,62.18905472636816,1
7834,Branch_9062,5518,5784,78.80220646178093,1
7835,Branch_9063,5776,5783,129.70168612191958,1
7836,Branch_9064,3459,4858,33.67003367003367,1
7837,Branch_9065,4616,4858,884.9557522123894,1
7838,Branch_9066,4022,4483,115.2073732718894,1
7839,Branch_9067,4483,5133,120.1923076923077,1
7840,Branch_9068,7134,7287,89.84725965858041,1
7841,Branch_9069,5160,5156,6.249609399412536,1
7842,Branch_9070,5160,5157,9.80872976949485,1
7843,Branch_9071,5160,5159,30.816640986132512,1
7844,Branch_9072,5160,5158,11.109876680368847,1
7845,Branch_9073,5160,5155,11.109876680368847,1
7846,Branch_9074,3588,4927,16.406890894175554,1
7847,Branch_9075,3815,5160,21.27659574468085,1
7848,Branch_9076,7287,7540,45.33091568449683,1
7849,Branch_9077,1166,1168,1.4760583338253528,1
7850,Branch_9078,211,210,1.7828807787623242,1
7851,Branch_9079,7702,7707,352.11267605633805,1
7852,Branch_9080,7707,7706,11.350737797956867,1
7853,Branch_9081,7705,7707,8.56898029134533,1
7854,Branch_9082,9724,9725,9.286775631500744,1
7855,Branch_9083,9724,9726,9.286775631500744,1
7856,Branch_9084,9547,9724,2000.0,1
7857,Branch_9085,765,1636,59.20663114268798,1
7858,Branch_9086,6188,6470,21.58894645941278,1
7859,Branch_9087,5961,6188,22.951572182694516,1
7860,Branch_9090,4153,4621,408.16326530612247,1
7861,Branch_9091,4152,4621,408.16326530612247,1
7862,Branch_9092,5591,5586,54.88474204171241,1
7863,Branch_9093,5591,5590,75.41478129713424,1
7864,Branch_9094,5591,5589,62.53908692933083,1
7865,Branch_9095,5591,5593,11.983223487118035,1
7866,Branch_9096,5585,5593,-520.8333333333334,1
7867,Branch_9097,5587,5593,8.802042073761113,1
7868,Branch_9098,5591,5592,21.1864406779661,1
7869,Branch_9099,5584,5592,100.0,1
7870,Branch_9100,5588,5592,3.4904013961605584,1
7871,Branch_9101,4136,4232,2000.0,1
7872,Branch_9102,3530,4058,161.55088852988692,1
7873,Branch_9103,3530,3913,92.08103130755065,1
7874,Branch_9104,2003,2002,5.234779877506151,1
7875,Branch_9105,5644,5646,69.7350069735007,1
7876,Branch_9106,5643,5646,72.41129616220131,1
7877,Branch_9107,5645,5646,5.212677231025855,1
7878,Branch_9108,9135,9423,40.32258064516129,1
7879,Branch_9109,5795,5797,2000.0,1
7880,Branch_9110,678,745,806.4516129032259,1
7881,Branch_9111,7497,7663,177.61989342806393,1
7882,Branch_9112,7203,7663,26.70940170940171,1
7883,Branch_9115,5938,6496,3.248862897985705,1
7884,Branch_9117,9890,9921,2000.0,1
7885,Branch_9118,9921,9919,8.6617583369424,1
7886,Branch_9119,9921,9920,8.625894936599671,1
7887,Branch_9120,3162,4996,26.12330198537095,1
7888,Branch_9121,7079,7323,34.036759700476516,1
7889,Branch_9123,3162,3542,39.032006245120996,1
7890,Branch_9124,2635,7097,4.653327128897161,1
7891,Branch_9125,7195,7308,66.00660066006601,1
7892,Branch_9126,7194,7195,2000.0,1
7893,Branch_9128,187,1153,53.13496280552604,1
7894,Branch_9129,7976,7977,64.14368184733804,1
7895,Branch_9130,7975,7977,152.20700152207002,1
7896,Branch_9131,7978,7977,8.450942280064227,1
7897,Branch_9132,7976,7979,46.99248120300752,1
7898,Branch_9133,7975,7979,-543.4782608695652,1
7899,Branch_9134,7980,7979,8.943743851176102,1
7900,Branch_9135,2245,2244,5.139274334463973,1
7901,Branch_9136,2135,2134,4.88328938372888,1
7902,Branch_9138,9537,9538,2.7524703421320633,1
7903,Branch_9139,49,1585,235.8490566037736,1
7904,Branch_9140,49,895,145.98540145985402,1
7905,Branch_9141,6830,7689,16.409583196586805,1
7906,Branch_9142,188,1459,68.1663258350375,1
7907,Branch_9143,5029,5028,13.646288209606986,1
7908,Branch_9144,5029,5273,2000.0,1
7909,Branch_9148,267,1226,124.53300124533001,1
7910,Branch_9149,1077,1226,2000.0,1
7911,Branch_9150,1076,1226,2000.0,1
7912,Branch_9151,7858,7857,14.222727919214906,1
7913,Branch_9152,7856,7858,2000.0,1
7914,Branch_9153,9811,9833,2000.0,1
7915,Branch_9154,9811,9834,2000.0,1
7916,Branch_9155,9810,9832,2000.0,1
7917,Branch_9156,3672,4713,115.07479861910241,1
7918,Branch_9157,991,1173,387.5968992248062,1
7919,Branch_9159,1176,1173,3.299894403379092,1
7920,Branch_9160,1177,1173,3.4441191665231616,1
7921,Branch_9161,1176,1175,4.026089057089942,1
7922,Branch_9162,3725,5298,3.0134096730450506,1
7923,Branch_9163,2938,3725,3.1729914963827897,1
7924,Branch_9167,5832,5834,19.34984520123839,1
7925,Branch_9168,683,1458,119.76047904191617,1
7926,Branch_9169,9151,9270,27.464982147761603,1
7927,Branch_9170,1135,1458,73.52941176470588,1
7928,Branch_9171,373,1458,854.7008547008547,1
7929,Branch_9172,7293,7562,81.30081300813008,1
7930,Branch_9173,6287,6289,-138.88888888888889,1
7931,Branch_9174,6282,6289,18.939393939393938,1
7932,Branch_9175,6292,6289,2.4103936172777014,1
7933,Branch_9185,6287,9857,36.19254433586681,1
7934,Branch_9187,9168,9439,6.387327542156362,1
7935,Branch_9188,3868,9439,1.8868992584485913,1
7936,Branch_9189,8342,8571,37.0919881305638,1
7937,Branch_9190,8342,8345,1000.0,1
7938,Branch_9191,414,415,10.52853232259423,1
7939,Branch_9192,414,416,10.930156301235108,1
7940,Branch_9193,6825,6826,55.77244841048522,1
7941,Branch_9194,7035,7470,93.28358208955224,1
7942,Branch_9195,7470,7593,50.53057099545225,1
7943,Branch_9196,7299,7560,20.846362309776943,1
7944,Branch_9197,9351,9350,11.05094485578517,1
7945,Branch_9198,6614,6623,114.15525114155251,1
7946,Branch_9199,377,1210,684.931506849315,1
7947,Branch_9200,377,1213,684.931506849315,1
7948,Branch_9201,9423,9671,1562.5,1
7949,Branch_9203,419,420,12.893243940175347,1
7950,Branch_9204,419,421,12.893243940175347,1
7951,Branch_9205,419,423,24.88181139586962,1
7952,Branch_9207,8009,8170,21.427040925648168,1
7953,Branch_9208,8116,8184,7.103786318107551,1
7954,Branch_9209,8116,8830,108.22510822510823,1
7955,Branch_9210,8116,8170,72.46376811594203,1
7956,Branch_9211,8184,8293,30.637254901960784,1
7957,Branch_9212,8127,8293,7.605719501064801,1
7958,Branch_9213,8127,8268,9.798157946306095,1
7959,Branch_9215,8038,8314,3.4199726402188784,1
7960,Branch_9217,7900,8203,53.022269353128316,1
7961,Branch_9218,7883,8203,3.1938677738741617,1
7962,Branch_9219,7896,8357,9.325748391308403,1
7963,Branch_9220,8357,8358,8.583690987124463,1
7964,Branch_9221,8358,8359,9.099181073703367,1
7965,Branch_9222,8024,8359,7.593014426727411,1
7966,Branch_9223,2402,2736,23.685457129322597,1
7967,Branch_9225,2402,2465,17.044486108743822,1
7968,Branch_9226,1898,2402,66.84491978609626,1
7969,Branch_9227,1778,2402,71.63323782234957,1
7970,Branch_9228,1874,2401,22.696323195642307,1
7971,Branch_9229,2210,2401,35.637918745545264,1
7972,Branch_9231,1881,2400,98.4251968503937,1
7973,Branch_9232,1881,2400,98.4251968503937,1
7974,Branch_9233,2400,2686,54.28881650380022,1
7975,Branch_9235,1900,2400,120.48192771084338,1
7976,Branch_9236,2936,5168,45.93477262287551,1
7977,Branch_9237,2936,5268,98.52216748768473,1
7978,Branch_9238,5762,5763,10.002000400080016,1
7979,Branch_9239,5760,5762,854.7008547008547,1
7980,Branch_9240,2434,2435,4.130183380142078,1
7981,Branch_9241,1241,2434,3.9984006397441023,1
7982,Branch_9250,2807,4934,2000.0,1
7983,Branch_9251,4519,4520,73.31378299120234,1
7984,Branch_9253,2520,2595,14.444604940054889,1
7985,Branch_9254,7761,7760,23.228803716608596,1
7986,Branch_9258,7565,7760,7.133176403452457,1
7987,Branch_9259,3120,4719,63.89776357827476,1
7988,Branch_9260,3119,4718,63.89776357827476,1
7989,Branch_9261,2776,4542,22.256843979523705,1
7990,Branch_9262,2775,2777,37.778617302606726,1
7991,Branch_9263,2774,4795,95.32888465204957,1
7992,Branch_9264,2886,3446,66.09385327164574,1
7993,Branch_9265,835,830,2.5021894157387714,1
7994,Branch_9266,836,830,2.5021894157387714,1
7995,Branch_9268,838,830,2.6228132294699296,1
7996,Branch_9269,833,834,0.15270695992511252,1
7997,Branch_9270,830,883,64.02048655569783,1
7998,Branch_9271,7164,7399,17.421602787456447,1
7999,Branch_9272,1276,1372,1851.851851851852,1
8000,Branch_9273,922,1372,230.94688221709006,1
8001,Branch_9274,8389,8601,925.925925925926,1
8002,Branch_9275,8601,8826,341.29692832764505,1
8003,Branch_9276,8601,8600,12.40694789081886,1
8004,Branch_9277,7310,7311,3.1985670419651995,1
8005,Branch_9278,938,941,88.88888888888889,1
8006,Branch_9279,939,941,134.9527665317139,1
8007,Branch_9280,942,941,9.926543577526305,1
8008,Branch_9281,938,945,50.377833753148614,1
8009,Branch_9282,939,945,-757.5757575757576,1
8010,Branch_9283,943,945,6.736728644570197,1
8011,Branch_9284,938,946,-315.45741324921136,1
8012,Branch_9285,939,946,43.802014892685065,1
8013,Branch_9286,944,946,11.997600479904019,1
8014,Branch_9287,939,1697,223.71364653243847,1
8015,Branch_9288,2,4,5.424758598242378,1
8016,Branch_9289,2,7,5.424758598242378,1
8017,Branch_9290,2,3,11.81753722524226,1
8018,Branch_9292,2,89,5.410377103284099,1
8019,Branch_9293,2,8,5.392289026691831,1
8020,Branch_9294,7,10,0.8576329331046312,1
8021,Branch_9295,2,9,2.1456925222615597,1
8022,Branch_9296,2,9,2.1456925222615597,1
8023,Branch_9297,2,14,6.5333856004181365,1
8024,Branch_9298,12,320,17.45810055865922,1
8025,Branch_9299,3,1075,170.06802721088437,1
8026,Branch_9301,3,517,39.87240829346093,1
8027,Branch_9302,7238,7623,3.711676935639522,1
8028,Branch_9303,5540,5542,46.27487274409995,1
8029,Branch_9304,5539,5542,-460.8294930875576,1
8030,Branch_9305,5541,5542,8.986340762041696,1
8031,Branch_9306,333,907,1041.6666666666667,1
8032,Branch_9307,333,334,4.1363335539377895,1
8033,Branch_9308,6579,6586,73.96449704142012,1
8034,Branch_9309,6924,6923,9.69274013763691,1
8035,Branch_9310,6924,7786,1408.4507042253522,1
8036,Branch_9311,7329,7338,48.33252779120348,1
8037,Branch_9312,7329,7330,235.2941176470588,1
8038,Branch_9313,7340,7330,61.53846153846154,1
8039,Branch_9314,7327,7330,7.928327915642591,1
8040,Branch_9315,7325,7323,7.52049334436339,1
8041,Branch_9317,7332,7335,34.940600978336825,1
8042,Branch_9318,7324,7334,34.940600978336825,1
8043,Branch_9319,7326,7333,34.940600978336825,1
8044,Branch_9320,7036,7323,58.445353594389246,1
8045,Branch_9321,7009,7323,29.507229271171436,1
8046,Branch_9322,7329,7671,21.34927412467976,1
8047,Branch_9323,7329,7702,75.8150113722517,1
8048,Branch_9324,7329,7702,76.10350076103501,1
8049,Branch_9325,7323,7665,36.46973012399708,1
8050,Branch_9327,7323,7339,2000.0,1
8051,Branch_9328,7323,7341,2000.0,1
8052,Branch_9329,7338,7339,9.385265133740027,1
8053,Branch_9330,7323,7332,1538.4615384615386,1
8054,Branch_9331,7323,7326,1538.4615384615386,1
8055,Branch_9332,7340,7341,9.385265133740027,1
8056,Branch_9333,7323,7324,1538.4615384615386,1
8057,Branch_9334,7329,7597,57.37234652897303,1
8058,Branch_9335,7336,7337,-49.6031746031746,1
8059,Branch_9336,7329,7337,2000.0,1
8060,Branch_9337,7036,7323,58.445353594389246,1
8061,Branch_9339,4567,5033,2000.0,1
8062,Branch_9341,8375,8839,564.9717514124294,1
8063,Branch_9343,7992,8839,174.21602787456445,1
8064,Branch_9344,4567,4587,2000.0,1
8065,Branch_9345,4567,4588,2000.0,1
8066,Branch_9346,5934,6532,2.7873010563871006,1
8067,Branch_9347,6010,6148,2000.0,1
8068,Branch_9348,5133,5268,485.43689320388347,1
8069,Branch_9349,2285,2284,8.908685968819599,1
8070,Branch_9350,2285,2606,793.6507936507936,1
8071,Branch_9351,4997,4998,2000.0,1
8072,Branch_9352,5958,6191,168.0672268907563,1
8073,Branch_9353,5958,6632,11.75226231049477,1
8074,Branch_9354,5958,5978,18.198362147406733,1
8075,Branch_9355,3096,3365,8.670770831526923,1
8076,Branch_9358,2050,2051,3.5855145213338115,1
8077,Branch_9360,7541,7641,5.164755707055057,1
8078,Branch_9361,7540,7541,2000.0,1
8079,Branch_9362,6864,7540,61.53846153846154,1
8080,Branch_9363,7061,7177,80.25682182985554,1
8081,Branch_9364,1091,1092,141.84397163120568,1
8082,Branch_9365,1093,1094,140.4494382022472,1
8083,Branch_9366,4821,4824,14.729709824716453,1
8084,Branch_9367,4821,4825,14.3348623853211,1
8085,Branch_9368,4510,4821,2000.0,1
8086,Branch_9369,9134,9513,15.45833977430824,1
8087,Branch_9371,8691,9046,261.0966057441253,1
8088,Branch_9372,8691,9046,261.0966057441253,1
8089,Branch_9374,130,135,404.8582995951417,1
8090,Branch_9375,3692,5308,2000.0,1
8091,Branch_9376,3690,3689,46.53327128897161,1
8092,Branch_9377,3691,3689,-458.7155963302752,1
8093,Branch_9378,3695,3689,8.960573476702509,1
8094,Branch_9379,3690,3694,46.403712296983755,1
8095,Branch_9380,3692,3694,-450.45045045045043,1
8096,Branch_9381,3693,3694,9.000090000900009,1
8097,Branch_9382,5453,5780,2000.0,1
8098,Branch_9383,5453,5781,2000.0,1
8099,Branch_9384,2482,2483,22.055580061755624,1
8100,Branch_9385,2484,2483,-154.79876160990713,1
8101,Branch_9386,2485,2483,7.4766355140186915,1
8102,Branch_9387,3121,3672,198.80715705765408,1
8103,Branch_9388,7992,7994,49.75124378109453,1
8104,Branch_9389,7991,7994,-555.5555555555555,1
8105,Branch_9390,7995,7994,6.784260515603799,1
8106,Branch_9391,7992,7993,49.75124378109453,1
8107,Branch_9392,7991,7993,-555.5555555555555,1
8108,Branch_9393,7996,7993,6.784260515603799,1
8109,Branch_9394,5394,5619,20.669698222405952,1
8110,Branch_9395,5536,5619,19.98800719568259,1
8111,Branch_9396,5619,5696,23.963575365444523,1
8112,Branch_9397,4509,4511,98.61932938856016,1
8113,Branch_9398,9891,9892,9.1000091000091,1
8114,Branch_9399,9891,9893,9.1000091000091,1
8115,Branch_9400,9894,9895,14.070634585619812,1
8116,Branch_9401,5936,6478,3.9619651347068148,1
8117,Branch_9402,5936,6590,16.611295681063122,1
8118,Branch_9405,3140,9313,32.1853878339234,1
8119,Branch_9406,36,1511,15.288182235132243,1
8120,Branch_9407,680,682,2000.0,1
8121,Branch_9408,679,681,2000.0,1
8122,Branch_9409,7314,7312,15.358623867301489,1
8123,Branch_9410,7315,7313,15.358623867301489,1
8124,Branch_9411,7316,7309,36.85956505713233,1
8125,Branch_9412,7310,7308,13.535462912831619,1
8126,Branch_9413,7308,7316,2000.0,1
8127,Branch_9417,7140,7308,24.521824423737126,1
8128,Branch_9418,6232,6480,10.658708164570454,1
8129,Branch_9419,534,1426,9.25925925925926,1
8130,Branch_9420,9879,9880,56.21135469364812,1
8131,Branch_9421,4097,4100,5.717552887364208,1
8132,Branch_9422,4098,4100,-100.0,1
8133,Branch_9423,4099,4100,3.2562683165092805,1
8134,Branch_9424,9227,9226,7.162810686913545,1
8135,Branch_9425,6511,6660,621.1180124223603,1
8136,Branch_9426,6342,6511,98.61932938856016,1
8137,Branch_9427,8037,8060,273.224043715847,1
8138,Branch_9428,8037,8036,4.780114722753346,1
8139,Branch_9429,8037,8036,4.780114722753346,1
8140,Branch_9430,3644,3789,2000.0,1
8141,Branch_9431,2882,3333,36.67033370003667,1
8142,Branch_9432,3333,4622,49.97501249375313,1
8143,Branch_9433,3193,3464,2000.0,1
8144,Branch_9434,5597,5690,16.283992835043154,1
8145,Branch_9435,7037,7451,6.622955162593549,1
8146,Branch_9436,7008,7426,64.9772579597141,1
8147,Branch_9437,7008,7010,2000.0,1
8148,Branch_9438,7009,7010,2000.0,1
8149,Branch_9439,7278,7280,2000.0,1
8150,Branch_9440,7279,7278,43.49717268377555,1
8151,Branch_9441,6851,7278,54.94505494505494,1
8152,Branch_9443,7279,7281,2000.0,1
8153,Branch_9444,671,993,21.468441391155004,1
8154,Branch_9445,2702,2749,79.11392405063292,1
8155,Branch_9446,1874,1882,45.64125969876768,1
8156,Branch_9447,2613,2757,23.391812865497077,1
8157,Branch_9449,6191,6193,2000.0,1
8158,Branch_9450,3018,4135,26.462026991267532,1
8159,Branch_9451,3001,3018,66.53359946773121,1
8160,Branch_9454,2782,4735,2000.0,1
8161,Branch_9455,7057,7058,5.720823798627002,1
8162,Branch_9458,28,1090,102.24948875255623,1
8163,Branch_9459,28,1090,101.5228426395939,1
8164,Branch_9460,8803,8802,13.22576378785875,1
8165,Branch_9461,979,984,-354.6099290780142,1
8166,Branch_9462,977,984,58.17335660267597,1
8167,Branch_9463,987,984,10.439503079653408,1
8168,Branch_9464,979,983,-847.457627118644,1
8169,Branch_9465,977,983,65.27415143603133,1
8170,Branch_9466,976,983,9.789525208027412,1
8171,Branch_9467,979,985,-250.6265664160401,1
8172,Branch_9468,977,985,55.005500550055004,1
8173,Branch_9469,986,985,10.640561821664184,1
8174,Branch_9470,979,982,2000.0,1
8175,Branch_9471,979,981,2000.0,1
8176,Branch_9472,978,982,1886.7924528301887,1
8177,Branch_9473,980,981,2000.0,1
8178,Branch_9474,28,977,122.69938650306749,1
8179,Branch_9475,28,977,122.69938650306749,1
8180,Branch_9476,105,977,123.45679012345678,1
8181,Branch_9477,105,977,123.45679012345678,1
8182,Branch_9478,7133,7389,2000.0,1
8183,Branch_9480,2222,2221,2.66865926558497,1
8184,Branch_9481,7955,7956,44.96402877697842,1
8185,Branch_9482,7951,7956,440.52863436123346,1
8186,Branch_9483,7952,7956,6.0960741282613995,1
8187,Branch_9484,7955,7957,90.00900090009002,1
8188,Branch_9485,7951,7957,265.2519893899204,1
8189,Branch_9486,7953,7957,13.35826876836762,1
8190,Branch_9487,7955,7958,69.97900629811056,1
8191,Branch_9488,7951,7958,69.01311249137336,1
8192,Branch_9489,7959,7958,5.138482092389908,1
8193,Branch_9491,7301,7404,8.180628272251308,1
8194,Branch_9493,8290,8289,12.007684918347742,1
8195,Branch_9495,7917,7920,12.727504136438844,1
8196,Branch_9496,7917,7924,12.727504136438844,1
8197,Branch_9497,7917,7921,17.711654268508678,1
8198,Branch_9498,7918,7919,12.727504136438844,1
8199,Branch_9499,7918,7922,12.727504136438844,1
8200,Branch_9500,7918,7923,17.711654268508678,1
8201,Branch_9501,9559,9565,79.93605115907275,1
8202,Branch_9504,9559,9565,80.45052292839904,1
8203,Branch_9505,5743,5745,7.519927808693036,1
8204,Branch_9506,5743,5746,71.42857142857143,1
8205,Branch_9507,5743,5744,70.87172218284904,1
8206,Branch_9509,6096,6517,176.3668430335097,1
8207,Branch_9510,6096,6629,12.600806451612904,1
8208,Branch_9511,3018,4449,2000.0,1
8209,Branch_9512,9482,9483,18.740629685157423,1
8210,Branch_9513,9482,9485,21.77226213803614,1
8211,Branch_9514,9484,9483,2.606678309829784,1
8212,Branch_9515,9485,9483,-130.89005235602093,1
8213,Branch_9516,9485,9525,628.930817610063,1
8214,Branch_9517,9485,9525,847.457627118644,1
8215,Branch_9518,9162,9482,27.88622420524261,1
8216,Branch_9519,9165,9482,34.094783498124784,1
8217,Branch_9520,4165,4719,171.82130584192439,1
8218,Branch_9521,4719,4729,33.32222592469177,1
8219,Branch_9522,4718,4730,33.32222592469177,1
8220,Branch_9523,7627,7626,13.914011409489357,1
8221,Branch_9525,5215,5216,8.333333333333334,1
8222,Branch_9526,5215,5221,9.261831990367694,1
8223,Branch_9527,5215,5218,13.640703860319192,1
8224,Branch_9528,5215,5219,9.602458229306702,1
8225,Branch_9529,5215,5222,1.1577692102856216,1
8226,Branch_9530,3898,5215,14.9678191887442,1
8227,Branch_9531,9909,9910,10.646225912913872,1
8228,Branch_9532,9908,9910,-71.07320540156361,1
8229,Branch_9533,9911,9910,2.3710166919575113,1
8230,Branch_9534,3275,3994,353.35689045936397,1
8231,Branch_9535,7987,8741,162.86644951140065,1
8232,Branch_9536,8721,8741,194.55252918287937,1
8233,Branch_9538,7090,7415,684.931506849315,1
8234,Branch_9539,2145,2146,5.203996669442132,1
8235,Branch_9540,7122,7272,8.554319931565441,1
8236,Branch_9541,3330,3329,7.017543859649122,1
8237,Branch_9542,3330,3329,7.661074082586379,1
8238,Branch_9543,3330,3421,4.705882352941177,1
8239,Branch_9544,4057,5246,2000.0,1
8240,Branch_9545,3329,4087,14.992503748125937,1
8241,Branch_9546,3088,3087,13.648150675583459,1
8242,Branch_9547,3087,3994,17.84439685938615,1
8243,Branch_9548,3088,5135,91.74311926605505,1
8244,Branch_9549,3088,4246,15.620118712902219,1
8245,Branch_9550,3088,4452,2.513004799839168,1
8246,Branch_9551,3088,3887,2.6062027625749282,1
8247,Branch_9552,2013,2177,2000.0,1
8248,Branch_9553,9753,9754,62.814070351758794,1
8249,Branch_9554,9753,9757,88.96797153024912,1
8250,Branch_9555,9754,9755,230.4147465437788,1
8251,Branch_9556,3620,3941,64.47453255963894,1
8252,Branch_9557,5993,6643,42.78990158322636,1
8253,Branch_9558,5284,5285,11.381743683132257,1
8254,Branch_9559,5283,5285,5.899705014749262,1
8255,Branch_9560,5287,5285,-11.381743683132257,1
8256,Branch_9561,5284,5286,4.209994527007115,1
8257,Branch_9562,5283,5286,-22.537750732476898,1
8258,Branch_9563,5288,5286,1.0840460936399017,1
8259,Branch_9564,7049,7184,313.47962382445144,1
8260,Branch_9567,7049,7051,8.710801393728223,1
8261,Branch_9568,1156,1526,165.56291390728478,1
8262,Branch_9569,5925,6109,23.1000231000231,1
8263,Branch_9570,5925,6632,50.505050505050505,1
8264,Branch_9573,1587,1588,2000.0,1
8265,Branch_9577,6638,6659,132.27513227513228,1
8266,Branch_9578,6659,6657,11.669973159061735,1
8267,Branch_9579,6659,6658,11.556685542586386,1
8268,Branch_9580,5989,6389,12.751849018107626,1
8269,Branch_9581,580,772,12.853470437017995,1
8270,Branch_9582,580,1647,4.515692029803567,1
8271,Branch_9583,5633,5634,5.807200929152149,1
8272,Branch_9584,8263,8264,4.752851711026616,1
8273,Branch_9585,8475,8667,26.737967914438503,1
8274,Branch_9586,8668,8667,9.601536245799329,1
8275,Branch_9587,6836,7548,232.5581395348837,1
8276,Branch_9588,8773,8772,2.3245542667193564,1
8277,Branch_9589,8143,8773,2000.0,1
8278,Branch_9590,6836,6835,3.7158145065398336,1
8279,Branch_9591,7230,7253,1785.7142857142858,1
8280,Branch_9592,7925,8082,18.37897445322551,1
8281,Branch_9593,7925,8360,151.5151515151515,1
8282,Branch_9594,1781,1782,225.22522522522522,1
8283,Branch_9595,1898,2281,25.906735751295336,1
8284,Branch_9596,1782,1883,85.17887563884156,1
8285,Branch_9597,1883,1930,65.91957811470007,1
8286,Branch_9598,1881,2055,185.5287569573284,1
8287,Branch_9599,1881,2055,184.50184501845018,1
8288,Branch_9600,2178,2680,113.25028312570781,1
8289,Branch_9601,1793,2178,71.12375533428165,1
8290,Branch_9602,450,1157,363.6363636363636,1
8291,Branch_9603,450,1362,606.060606060606,1
8292,Branch_9604,288,1157,1587.3015873015872,1
8293,Branch_9609,9196,9446,101.21457489878543,1
8294,Branch_9610,9196,9353,33.921302578018995,1
8295,Branch_9611,9353,9471,43.84042086804033,1
8296,Branch_9612,9196,9197,10.673497705197994,1
8297,Branch_9613,9197,9713,4.985293384515678,1
8298,Branch_9615,9324,9322,10.621348911311737,1
8299,Branch_9619,9323,9324,2000.0,1
8300,Branch_9620,9322,9462,645.1612903225806,1
8301,Branch_9621,6128,9324,7.548878991469767,1
8302,Branch_9622,1087,1088,2000.0,1
8303,Branch_9623,7283,7616,9.7551458394303,1
8304,Branch_9624,7367,7616,19.801980198019802,1
8305,Branch_9625,7616,7808,96.06147934678194,1
8306,Branch_9626,7096,7616,23.364485981308412,1
8307,Branch_9627,9907,9906,15.394088669950738,1
8308,Branch_9629,9753,9907,2000.0,1
8309,Branch_9630,6871,6869,22.90950744558992,1
8310,Branch_9631,6872,6870,22.81021897810219,1
8311,Branch_9632,7003,7305,2000.0,1
8312,Branch_9633,7135,7306,161.81229773462783,1
8313,Branch_9634,7304,7305,2000.0,1
8314,Branch_9636,7674,7671,23.4246896228625,1
8315,Branch_9637,7597,7671,27.979854504756574,1
8316,Branch_9638,6866,7672,510.2040816326531,1
8317,Branch_9639,6866,7674,529.1005291005291,1
8318,Branch_9640,7751,7770,2000.0,1
8319,Branch_9641,7135,7448,126.74271229404309,1
8320,Branch_9642,7770,7769,13.297872340425531,1
8321,Branch_9643,7415,7518,104.27528675703859,1
8322,Branch_9644,8901,8978,751.8796992481203,1
8323,Branch_9645,820,1086,229.3577981651376,1
8324,Branch_9646,3056,4385,16.105653084232564,1
8325,Branch_9647,2901,3056,2.928000468480075,1
8326,Branch_9648,3822,4452,7.752538956508256,1
8327,Branch_9649,5916,6055,45.16711833785005,1
8328,Branch_9650,4579,4585,2000.0,1
8329,Branch_9651,4579,4596,2000.0,1
8330,Branch_9652,9586,9585,32.74394237066143,1
8331,Branch_9653,9586,9584,20.50020500205002,1
8332,Branch_9654,9586,9583,20.597322348094746,1
8333,Branch_9655,4585,4584,29.940119760479043,1
8334,Branch_9656,4585,4582,18.231540565177756,1
8335,Branch_9657,4585,4583,18.20167455405897,1
8336,Branch_9658,4596,4595,29.559562518474728,1
8337,Branch_9659,4596,4594,17.99208348326736,1
8338,Branch_9660,4596,4597,17.879492222420883,1
8339,Branch_9661,7102,7810,76.62835249042145,1
8340,Branch_9662,7351,7810,120.62726176115802,1
8341,Branch_9663,3056,3822,2000.0,1
8342,Branch_9664,7610,7611,2000.0,1
8343,Branch_9665,7611,7612,6.306363120388472,1
8344,Branch_9666,7611,7612,6.306363120388472,1
8345,Branch_9667,7482,7664,12.575452716297786,1
8346,Branch_9670,1995,2227,102.45901639344262,1
8347,Branch_9671,4376,5176,2000.0,1
8348,Branch_9672,264,1646,452.4886877828054,1
8349,Branch_9673,264,771,144.50867052023122,1
8350,Branch_9674,7281,7745,561.7977528089888,1
8351,Branch_9675,9268,9424,74.4047619047619,1
8352,Branch_9676,6060,6109,40.16064257028113,1
8353,Branch_9677,6060,6156,79.30214115781126,1
8354,Branch_9678,9294,9293,9.380863039399625,1
8355,Branch_9679,9294,9360,9.539254030334828,1
8356,Branch_9680,9162,9293,10.058338362502514,1
8357,Branch_9681,280,281,2000.0,1
8358,Branch_9682,9067,9066,13.28374070138151,1
8359,Branch_9683,8315,9067,2000.0,1
8360,Branch_9684,2212,2394,13.659336156262805,1
8361,Branch_9685,2394,7127,9.40999341300461,1
8362,Branch_9686,2393,2400,44.18912947414936,1
8363,Branch_9687,2393,6918,164.74464579901152,1
8364,Branch_9688,2393,2394,20.716801325875284,1
8365,Branch_9689,2393,7124,69.54102920723227,1
8366,Branch_9690,8163,8167,9.94431185361973,1
8367,Branch_9691,8162,8164,9.875567845151096,1
8368,Branch_9692,8163,8168,9.909820632246557,1
8369,Branch_9693,8162,8166,9.791442279447763,1
8370,Branch_9694,8162,8165,9.754194303550527,1
8371,Branch_9695,8092,8162,2000.0,1
8372,Branch_9696,7881,8005,2000.0,1
8373,Branch_9697,7878,8331,126.10340479192938,1
8374,Branch_9698,8005,8331,2000.0,1
8375,Branch_9699,7876,7878,208.33333333333334,1
8376,Branch_9700,507,506,16.57550140891762,1
8377,Branch_9701,7881,7882,10.54407423028258,1
8378,Branch_9702,7878,7879,10.513036164844408,1
8379,Branch_9703,7876,7877,10.513036164844408,1
8380,Branch_9704,7876,7880,10.513036164844408,1
8381,Branch_9705,9139,9415,14.025245441795231,1
8382,Branch_9706,7371,7372,4.277891854893908,1
8383,Branch_9707,7371,7373,4.277891854893908,1
8384,Branch_9708,7371,7374,4.277891854893908,1
8385,Branch_9709,7371,7375,4.277891854893908,1
8386,Branch_9710,7097,7096,23.752969121140143,1
8387,Branch_9711,7096,7371,719.4244604316547,1
8388,Branch_9712,7096,7841,632.9113924050633,1
8389,Branch_9713,7096,7298,22.670596236681025,1
8390,Branch_9714,7096,7856,141.84397163120568,1
8391,Branch_9715,2595,2594,8.402655239055541,1
8392,Branch_9717,8356,8403,35.486160397445,1
8393,Branch_9718,8356,8430,35.1741118536757,1
8394,Branch_9719,8043,8064,16.94628029147602,1
8395,Branch_9720,1774,1773,19.443904335990666,1
8396,Branch_9721,7137,7610,77.39938080495357,1
8397,Branch_9723,6819,6818,6.242976651267324,1
8398,Branch_9724,7344,7345,9.178522257916475,1
8399,Branch_9725,7344,7345,9.178522257916475,1
8400,Branch_9726,6819,7344,2000.0,1
8401,Branch_9727,9674,9868,149.03129657228018,1
8402,Branch_9728,6937,7851,2000.0,1
8403,Branch_9729,7851,7849,11.503508570113885,1
8404,Branch_9730,7851,7850,11.503508570113885,1
8405,Branch_9731,6025,6213,39.69829297340215,1
8406,Branch_9732,5916,6213,17.6056338028169,1
8407,Branch_9733,7097,7713,46.36068613815485,1
8408,Branch_9734,6672,6674,259.7402597402597,1
8409,Branch_9735,474,991,141.84397163120568,1
8410,Branch_9736,274,507,564.9717514124294,1
8411,Branch_9737,275,276,8.655011251514628,1
8412,Branch_9738,274,275,729.92700729927,1
8413,Branch_9739,1210,1211,95.14747859181732,1
8414,Branch_9740,1212,1213,95.14747859181732,1
8415,Branch_9741,994,1210,156.98587127158555,1
8416,Branch_9742,995,1213,156.98587127158555,1
8417,Branch_9743,3788,3891,2.630402188494621,1
8418,Branch_9744,358,1569,41.597337770382694,1
8419,Branch_9746,9602,9600,8.878629139660836,1
8420,Branch_9747,9602,9601,8.878629139660836,1
8421,Branch_9748,9620,9618,7.501875468867217,1
8422,Branch_9749,9620,9619,7.501875468867217,1
8423,Branch_9750,6088,6507,29.061319383900027,1
8424,Branch_9751,7474,7484,163.9344262295082,1
8425,Branch_9752,7732,7734,22.716946842344388,1
8426,Branch_9753,7733,7735,22.716946842344388,1
8427,Branch_9754,7426,7474,75.7002271006813,1
8428,Branch_9755,7426,7732,2000.0,1
8429,Branch_9756,7426,7733,2000.0,1
8430,Branch_9757,6882,7426,104.0582726326743,1
8431,Branch_9758,8078,8124,180.18018018018017,1
8432,Branch_9759,8118,8124,23.228803716608596,1
8433,Branch_9760,4756,4757,10.594342621040365,1
8434,Branch_9761,4756,4758,10.583130489998942,1
8435,Branch_9762,4559,6708,65.31678641410842,1
8436,Branch_9763,8714,8713,10.658708164570454,1
8437,Branch_9764,8715,8713,10.984182776801406,1
8438,Branch_9765,9814,9815,7.5392038600723765,1
8439,Branch_9766,466,1751,2000.0,1
8440,Branch_9767,466,467,77.82101167315174,1
8441,Branch_9768,466,468,77.82101167315174,1
8442,Branch_9769,466,469,-148.3679525222552,1
8443,Branch_9770,460,467,9.424182452172275,1
8444,Branch_9771,461,467,9.406452826639075,1
8445,Branch_9772,462,468,9.424182452172275,1
8446,Branch_9773,463,468,9.406452826639075,1
8447,Branch_9774,465,469,9.54653937947494,1
8448,Branch_9775,464,469,9.287638153617536,1
8449,Branch_9776,841,900,27.034333603676668,1
8450,Branch_9777,483,842,45.41326067211626,1
8451,Branch_9778,486,842,45.558086560364465,1
8452,Branch_9779,842,845,2000.0,1
8453,Branch_9780,842,844,2000.0,1
8454,Branch_9781,842,884,32.98153034300792,1
8455,Branch_9782,841,888,33.222591362126245,1
8456,Branch_9783,842,847,-231.4814814814815,1
8457,Branch_9784,843,847,53.50454788657036,1
8458,Branch_9785,848,847,10.278548668927947,1
8459,Branch_9786,841,851,-331.12582781456956,1
8460,Branch_9787,843,851,57.8368999421631,1
8461,Branch_9789,849,851,10.472300764477955,1
8462,Branch_9790,841,853,-781.25,1
8463,Branch_9791,843,853,65.23157208088715,1
8464,Branch_9793,854,853,9.848335631278314,1
8465,Branch_9794,842,852,-492.61083743842363,1
8466,Branch_9795,843,852,58.20721769499418,1
8467,Branch_9797,850,852,9.891196834817013,1
8468,Branch_9798,8538,8571,28.555111364934323,1
8469,Branch_9799,7641,7655,2000.0,1
8470,Branch_9808,9064,9065,24.685262898049864,1
8471,Branch_9809,9064,9063,9.937394415184338,1
8472,Branch_9810,7301,7782,96.99321047526674,1
8473,Branch_9811,7269,7782,3.7505156959081876,1
8474,Branch_9812,1431,1561,746.2686567164179,1
8475,Branch_9813,4855,4856,14.801657785671996,1
8476,Branch_9814,4855,4857,4.802151363810987,1
8477,Branch_9815,6004,6003,4.622353702505316,1
8478,Branch_9816,4931,4932,3.827751196172249,1
8479,Branch_9817,657,738,47.14757190004715,1
8480,Branch_9818,900,901,215.05376344086022,1
8481,Branch_9819,899,902,293.2551319648094,1
8482,Branch_9820,883,902,71.89072609633357,1
8483,Branch_9821,4526,4531,2000.0,1
8484,Branch_9822,4526,4530,2000.0,1
8485,Branch_9823,4526,4532,2000.0,1
8486,Branch_9824,3974,3976,19.71608832807571,1
8487,Branch_9825,3974,3975,19.569471624266146,1
8488,Branch_9826,529,878,581.3953488372093,1
8489,Branch_9827,528,529,2000.0,1
8490,Branch_9828,542,959,4.479483963447411,1
8491,Branch_9829,542,671,4.1995632454224765,1
8492,Branch_9830,277,339,657.8947368421053,1
8493,Branch_9833,892,1680,13.345789403443213,1
8494,Branch_9834,787,892,11.571395510298542,1
8495,Branch_9835,628,820,71.94244604316546,1
8496,Branch_9836,684,1206,8.976660682226212,1
8497,Branch_9837,684,928,9.182736455463727,1
8498,Branch_9838,7166,7165,9.63948332369385,1
8499,Branch_9839,6856,7166,847.457627118644,1
8500,Branch_9840,332,330,16.5892501658925,1
8501,Branch_9841,332,331,16.5892501658925,1
8502,Branch_9842,332,515,367.6470588235294,1
8503,Branch_9843,5755,5766,20.060180541624874,1
8504,Branch_9844,5441,5442,5.2854122621564485,1
8505,Branch_9845,6068,6516,12.790995139421847,1
8506,Branch_9846,3066,3433,5.14827018121911,1
8507,Branch_9847,9411,9412,10.650761529449355,1
8508,Branch_9849,9155,9222,2000.0,1
8509,Branch_9850,139,138,9.42951438000943,1
8510,Branch_9851,5570,5747,90.9090909090909,1
8511,Branch_9852,3027,4095,239.8081534772182,1
8512,Branch_9853,3000,3027,132.80212483399734,1
8513,Branch_9854,6926,6928,9.469696969696969,1
8514,Branch_9855,6927,6928,0.7369957106849638,1
8515,Branch_9856,6925,6928,-27.389756231169542,1
8516,Branch_9857,6926,7703,15.008254539996999,1
8517,Branch_9858,6925,7649,3.9813672014969943,1
8518,Branch_9859,9250,9581,12.16397031991242,1
8519,Branch_9860,7515,7516,2000.0,1
8520,Branch_9861,6882,7516,289.8550724637681,1
8521,Branch_9862,6947,7702,175.43859649122808,1
8522,Branch_9863,8225,8308,13.014055179593962,1
8523,Branch_9864,7053,7137,69.7350069735007,1
8524,Branch_9865,7093,7179,8.15594160345812,1
8525,Branch_9866,4947,4946,23.245002324500234,1
8526,Branch_9867,9154,9435,7.245326764237067,1
8527,Branch_9868,9154,9473,10.937329104232747,1
8528,Branch_9869,4364,5125,37.299515106303616,1
8529,Branch_9871,4518,5318,117.096018735363,1
8530,Branch_9872,2901,4850,8.426729586247577,1
8531,Branch_9873,7057,7422,8.32639467110741,1
8532,Branch_9874,7097,7422,1.8742034635280005,1
8533,Branch_9875,7422,7571,5.170630816959669,1
8534,Branch_9876,6600,6604,1315.7894736842106,1
8535,Branch_9877,633,635,2000.0,1
8536,Branch_9878,634,636,2000.0,1
8537,Branch_9879,633,884,118.2033096926714,1
8538,Branch_9882,6898,7023,429.18454935622316,1
8539,Branch_9883,4756,5344,250.6265664160401,1
8540,Branch_9884,1380,1381,3.069085105729982,1
8541,Branch_9885,3446,3555,3.0365601846228594,1
8542,Branch_9886,3445,5202,68.4931506849315,1
8543,Branch_9887,3265,3444,25.588536335721596,1
8544,Branch_9888,4796,4798,12.802458071949815,1
8545,Branch_9889,4796,4799,8.156606851549755,1
8546,Branch_9890,4797,4796,42.3728813559322,1
8547,Branch_9891,4778,4797,182.14936247723134,1
8548,Branch_9894,6889,7085,49.82561036372696,1
8549,Branch_9907,7130,7818,16.9061707523246,1
8550,Branch_9908,7594,7818,3.006795357507968,1
8551,Branch_9910,6947,7654,416.6666666666667,1
8552,Branch_9911,8859,8857,11.559357299734135,1
8553,Branch_9912,8859,8858,11.469205184080744,1
8554,Branch_9913,8820,8859,990.0990099009902,1
8555,Branch_9914,371,363,4.738887309259786,1
8556,Branch_9915,371,364,4.738887309259786,1
8557,Branch_9916,371,365,4.738887309259786,1
8558,Branch_9917,371,366,4.738887309259786,1
8559,Branch_9918,371,367,4.738887309259786,1
8560,Branch_9919,371,368,4.738887309259786,1
8561,Branch_9920,371,369,4.738887309259786,1
8562,Branch_9921,371,370,4.738887309259786,1
8563,Branch_9922,7096,7689,9.636696540425943,1
8564,Branch_9923,8915,8913,9.723842862699339,1
8565,Branch_9924,8915,8914,11.469205184080744,1
8566,Branch_9925,8820,8915,869.5652173913044,1
8567,Branch_9926,9229,9232,46.81647940074907,1
8568,Branch_9927,9231,9232,-507.61421319796955,1
8569,Branch_9928,9230,9232,5.130573085013596,1
8570,Branch_9929,1063,1273,495.0495049504951,1
8571,Branch_9930,1578,1583,3.1187624750499,1
8572,Branch_9931,4027,4184,187.6172607879925,1
8573,Branch_9932,14,1583,149.03129657228018,1
8574,Branch_9933,3182,4027,111.48272017837235,1
8575,Branch_9934,3522,3799,85.32423208191126,1
8576,Branch_9935,3799,4750,2000.0,1
8577,Branch_9936,3119,4709,238.6634844868735,1
8578,Branch_9937,3120,4710,238.6634844868735,1
8579,Branch_9938,3737,4710,140.8450704225352,1
8580,Branch_9939,4710,4712,85.6898029134533,1
8581,Branch_9940,4709,4711,85.6898029134533,1
8582,Branch_9941,3045,3708,5.297732570459843,1
8583,Branch_9942,2970,3709,30.864197530864196,1
8584,Branch_9943,3433,3708,5.169027189083015,1
8585,Branch_9944,3708,3709,11.538017768547364,1
8586,Branch_9945,7001,7043,172.1170395869191,1
8587,Branch_9946,7043,7550,31.017369727047146,1
8588,Branch_9947,7023,7043,58.03830528148578,1
8589,Branch_9948,88,1633,129.19896640826875,1
8590,Branch_9949,1633,1634,2.8827582230678312,1
8591,Branch_9950,1633,1635,2.7092194738695783,1
8592,Branch_9951,1135,1143,15.89825119236884,1
8593,Branch_9952,1136,1140,21.41327623126338,1
8594,Branch_9953,1136,1138,21.41327623126338,1
8595,Branch_9954,1136,1137,21.41327623126338,1
8596,Branch_9955,1136,1142,21.41327623126338,1
8597,Branch_9956,1135,1141,21.41327623126338,1
8598,Branch_9957,1135,1139,26.939655172413794,1
8599,Branch_9958,970,969,16.452780519907865,1
8600,Branch_9959,972,971,16.469038208168644,1
8601,Branch_9960,973,974,16.488046166529266,1
8602,Branch_9961,8380,9094,118.76484560570071,1
8603,Branch_9962,3343,3341,46.21072088724584,1
8604,Branch_9963,3342,3341,-467.2897196261682,1
8605,Branch_9964,3344,3341,8.97102359379205,1
8606,Branch_9965,3044,3972,68.54009595613434,1
8607,Branch_9966,2070,2510,74.96251874062969,1
8608,Branch_9968,449,2510,23.266635644485806,1
8609,Branch_9970,1115,2510,10.82485386447283,1
8610,Branch_9971,8038,8212,11.927480916030534,1
8611,Branch_9972,7435,7436,1.6171286264109448,1
8612,Branch_9973,7435,7437,2.3214244260278107,1
8613,Branch_9974,6584,6587,41.084634346754314,1
8614,Branch_9976,4101,5198,5.359056806002144,1
8615,Branch_9978,3179,3517,63.57279084551812,1
8616,Branch_9979,3179,3177,10.620220900594733,1
8617,Branch_9980,3177,3176,2000.0,1
8618,Branch_9981,3176,4751,24.131274131274132,1
8619,Branch_9982,14,959,28.058361391694724,1
8620,Branch_9983,45,989,675.6756756756756,1
8621,Branch_9984,1579,1580,2000.0,1
8622,Branch_9985,1581,1582,2000.0,1
8623,Branch_9986,5929,6466,432.9004329004329,1
8624,Branch_9987,5929,5930,10.498687664041995,1
8625,Branch_9988,5929,5931,10.50089257586895,1
8626,Branch_9989,6133,6466,2000.0,1
8627,Branch_9990,358,475,306.7484662576687,1
8628,Branch_9991,475,907,67.11409395973155,1
8629,Branch_9992,7410,7546,19.406171162429654,1
8630,Branch_9993,7355,7546,81.36696501220504,1
8631,Branch_9994,1821,2110,33.61344537815126,1
8632,Branch_9996,1821,1899,67.11409395973155,1
8633,Branch_9997,1769,2719,2000.0,1
8634,Branch_9998,1769,2104,75.75757575757575,1
8635,Branch_9999,1923,2210,125.62814070351759,1
8636,Branch_10000,695,1222,246.91358024691357,1
8637,Branch_10001,921,1222,153.60983102918587,1
8638,Branch_10002,7935,7942,49.504950495049506,1
8639,Branch_10003,7941,7942,5.700929251467989,1
8640,Branch_10004,7940,7942,5.651313930488839,1
8641,Branch_10005,7935,7943,46.860356138706656,1
8642,Branch_10006,7938,7943,5.728689275893675,1
8643,Branch_10007,7939,7943,5.6840788950150625,1
8644,Branch_10008,7935,7944,44.28697962798937,1
8645,Branch_10009,7936,7944,5.626828719333783,1
8646,Branch_10010,7936,7944,5.566998830930245,1
8647,Branch_10011,7935,7945,135.13513513513513,1
8648,Branch_10012,7937,7945,6.120700208103807,1
8649,Branch_10013,7937,7945,6.1109753116597405,1
8650,Branch_10014,3936,4672,69.88120195667365,1
8651,Branch_10016,2913,2914,6.406149903907751,1
8652,Branch_10017,2912,2914,42.19409282700422,1
8653,Branch_10018,2915,2914,3.9401103230890464,1
8654,Branch_10019,158,1512,2000.0,1
8655,Branch_10020,8808,8809,46.04051565377532,1
8656,Branch_10021,8807,8809,-438.5964912280702,1
8657,Branch_10022,8811,8809,9.06947215672048,1
8658,Branch_10023,8808,8810,46.27487274409995,1
8659,Branch_10024,8807,8810,-460.8294930875576,1
8660,Branch_10025,8812,8810,8.916629514043692,1
8661,Branch_10026,6643,6648,16.35590448151783,1
8662,Branch_10028,8784,8785,105.70824524312897,1
8663,Branch_10029,8781,8785,8.203445447087777,1
8664,Branch_10030,8780,8785,8.203445447087777,1
8665,Branch_10031,8784,8786,105.70824524312897,1
8666,Branch_10032,8782,8786,8.203445447087777,1
8667,Branch_10033,8783,8786,8.203445447087777,1
8668,Branch_10034,2243,2256,23.277467411545622,1
8669,Branch_10035,6911,7567,49.23682914820286,1
8670,Branch_10036,1238,1239,79.55449482895784,1
8671,Branch_10037,734,1239,53.61930294906166,1
8672,Branch_10038,1236,1238,2000.0,1
8673,Branch_10039,1238,1243,87.18395815170008,1
8674,Branch_10040,1237,1245,87.7963125548727,1
8675,Branch_10041,2456,2715,57.077625570776256,1
8676,Branch_10042,4822,4824,27.731558513588464,1
8677,Branch_10043,1793,1806,38.55050115651503,1
8678,Branch_10044,4823,4825,27.731558513588464,1
8679,Branch_10045,2214,2465,86.88097306689835,1
8680,Branch_10047,2110,2680,24.92522432701894,1
8681,Branch_10048,2254,2680,53.022269353128316,1
8682,Branch_10049,2079,2681,58.61664712778429,1
8683,Branch_10050,2253,2681,44.24778761061947,1
8684,Branch_10051,2013,2686,41.52823920265781,1
8685,Branch_10054,2055,2686,107.29613733905579,1
8686,Branch_10055,1900,2686,75.35795026375283,1
8687,Branch_10056,9561,9633,227.27272727272728,1
8688,Branch_10057,357,947,2000.0,1
8689,Branch_10058,357,353,97.37098344693281,1
8690,Branch_10059,345,353,5.7224606580829755,1
8691,Branch_10060,346,353,5.657708628005658,1
8692,Branch_10061,357,354,97.37098344693281,1
8693,Branch_10062,347,354,5.7224606580829755,1
8694,Branch_10063,348,354,5.657708628005658,1
8695,Branch_10064,357,355,97.37098344693281,1
8696,Branch_10065,349,355,5.7224606580829755,1
8697,Branch_10066,350,355,5.657708628005658,1
8698,Branch_10067,357,356,97.37098344693281,1
8699,Branch_10068,351,356,5.7224606580829755,1
8700,Branch_10069,352,356,5.657708628005658,1
8701,Branch_10070,7181,7665,8.424599831508003,1
8702,Branch_10071,6129,6128,7.199424046076314,1
8703,Branch_10072,4845,4842,12.094823415578132,1
8704,Branch_10073,4845,4843,12.094823415578132,1
8705,Branch_10074,4844,4845,2000.0,1
8706,Branch_10075,9571,9589,104.71204188481676,1
8707,Branch_10076,9589,9602,282.4858757062147,1
8708,Branch_10077,9589,9620,137.7410468319559,1
8709,Branch_10078,7346,7348,301.2048192771084,1
8710,Branch_10079,7347,7348,301.2048192771084,1
8711,Branch_10080,7346,7349,301.2048192771084,1
8712,Branch_10081,7347,7349,301.2048192771084,1
8713,Branch_10082,6008,6088,16.363933889707084,1
8714,Branch_10083,6008,6024,40.04805766920305,1
8715,Branch_10084,6424,6688,2000.0,1
8716,Branch_10085,6688,6687,11.37397634212921,1
8717,Branch_10086,8726,8727,11.579434923575729,1
8718,Branch_10087,8726,8728,11.486331265793705,1
8719,Branch_10088,8691,8726,2000.0,1
8720,Branch_10089,6833,7082,2000.0,1
8721,Branch_10090,7082,7106,9.799118079372857,1
8722,Branch_10091,7130,7455,7.609191903819815,1
8723,Branch_10092,8180,8354,500.0,1
8724,Branch_10093,8080,8353,3.366096674296486,1
8725,Branch_10094,6944,7846,49.800796812749006,1
8726,Branch_10095,6727,6737,141.04372355430183,1
8727,Branch_10096,6737,6736,13.338668800853675,1
8728,Branch_10097,5759,5830,213.67521367521368,1
8729,Branch_10098,1190,1188,5.688282138794084,1
8730,Branch_10099,1189,1191,3.1746031746031744,1
8731,Branch_10100,1189,1193,4.8076923076923075,1
8732,Branch_10101,1189,1192,4.8076923076923075,1
8733,Branch_10102,1189,1191,4.8076923076923075,1
8734,Branch_10103,503,1188,23.28288707799767,1
8735,Branch_10104,1188,1189,2000.0,1
8736,Branch_10105,7299,7418,58.13953488372093,1
8737,Branch_10106,6825,7091,500.0,1
8738,Branch_10107,7048,7092,40.816326530612244,1
8739,Branch_10108,1190,1256,6.25,1
8740,Branch_10109,1188,1525,97.18172983479106,1
8741,Branch_10110,875,1190,5.602240896358543,1
8742,Branch_10111,1155,1188,36.36363636363637,1
8743,Branch_10112,7092,7299,143.0615164520744,1
8744,Branch_10113,1190,1426,19.940179461615156,1
8745,Branch_10114,1190,7270,7.6923076923076925,1
8746,Branch_10116,1190,7547,3.9215686274509802,1
8747,Branch_10117,93,937,80.45052292839904,1
8748,Branch_10118,157,937,51.440329218106996,1
8749,Branch_10119,459,458,8.598452278589853,1
8750,Branch_10120,5729,5775,25.01876407305479,1
8751,Branch_10121,5595,5729,41.40786749482402,1
8752,Branch_10122,5695,5729,13.054830287206267,1
8753,Branch_10123,7406,7536,9.643201542912246,1
8754,Branch_10124,8375,8903,775.1937984496124,1
8755,Branch_10125,9381,9481,2000.0,1
8756,Branch_10126,9112,9118,46.27487274409995,1
8757,Branch_10127,9114,9118,-460.8294930875576,1
8758,Branch_10128,9119,9118,9.00657479960371,1
8759,Branch_10132,9403,9404,5.935070330583417,1
8760,Branch_10133,9405,9404,-125.78616352201257,1
8761,Branch_10134,9406,9404,3.0825190345550384,1
8762,Branch_10135,9235,9321,1000.0,1
8763,Branch_10136,5896,5895,6.527415143603133,1
8764,Branch_10137,8814,8816,269.54177897574124,1
8765,Branch_10139,4382,4383,11.402508551881414,1
8766,Branch_10140,4384,4876,176.99115044247787,1
8767,Branch_10142,7137,7143,10.053282396702523,1
8768,Branch_10143,7137,7140,10.05631536604988,1
8769,Branch_10144,5937,6656,37.34129947722181,1
8770,Branch_10146,2773,4908,73.85524372230428,1
8771,Branch_10147,4908,4940,2000.0,1
8772,Branch_10148,4559,4908,59.630292188431724,1
8773,Branch_10150,6046,6184,123.30456226880395,1
8774,Branch_10151,8903,8904,17.105713308244955,1
8775,Branch_10155,6110,6114,37.72161448509996,1
8776,Branch_10156,6109,6114,-309.59752321981426,1
8777,Branch_10157,6112,6114,6.968155529231413,1
8778,Branch_10158,6110,6113,37.93626707132018,1
8779,Branch_10159,6109,6113,-319.4888178913738,1
8780,Branch_10160,6111,6113,6.3516260162601625,1
8781,Branch_10162,6109,6617,18.30831197363603,1
8782,Branch_10163,6826,6827,8.583690987124463,1
8783,Branch_10164,6826,6828,8.583690987124463,1
8784,Branch_10165,6934,7814,40.27386226339106,1
8785,Branch_10166,7675,7680,96.89922480620154,1
8786,Branch_10167,7677,7680,5.668291576918716,1
8787,Branch_10168,7676,7680,5.635390250774866,1
8788,Branch_10169,7675,7681,87.10801393728222,1
8789,Branch_10170,7679,7681,5.693463903438852,1
8790,Branch_10171,7678,7681,5.627778715740897,1
8791,Branch_10172,7666,7682,917.4311926605504,1
8792,Branch_10173,7682,7814,2000.0,1
8793,Branch_10174,7323,7814,29.472443265546715,1
8794,Branch_10175,7814,7815,271.00271002710025,1
8795,Branch_10176,5841,5842,45.187528242205154,1
8796,Branch_10177,5839,5842,-467.2897196261682,1
8797,Branch_10178,5843,5842,7.662248103593594,1
8798,Branch_10179,13,263,240.96385542168676,1
8799,Branch_10180,62,274,158.22784810126583,1
8800,Branch_10181,7566,7567,9.56846234810066,1
8801,Branch_10185,6899,6944,2000.0,1
8802,Branch_10186,6901,6902,24.479804161566708,1
8803,Branch_10187,6899,6901,2000.0,1
8804,Branch_10188,2918,2921,46.51162790697674,1
8805,Branch_10189,2917,2921,-485.43689320388347,1
8806,Branch_10190,2919,2921,8.907892392659896,1
8807,Branch_10191,2918,2923,43.85964912280702,1
8808,Branch_10192,2920,2923,218.8183807439825,1
8809,Branch_10193,2922,2923,9.94431185361973,1
8810,Branch_10194,3537,3897,29.197080291970803,1
8811,Branch_10195,3897,4077,36.114120621162876,1
8812,Branch_10196,3790,3897,39.09304143862393,1
8813,Branch_10197,8511,8512,6.238303181534623,1
8814,Branch_10198,8511,8513,6.238303181534623,1
8815,Branch_10199,8505,8511,217.8649237472767,1
8816,Branch_10200,5252,5279,118.62396204033215,1
8817,Branch_10201,3030,5252,139.27576601671308,1
8818,Branch_10202,7637,7708,11.68360789811894,1
8819,Branch_10203,7795,7796,2000.0,1
8820,Branch_10205,7063,7485,35.27336860670194,1
8821,Branch_10213,6898,7545,135.8695652173913,1
8822,Branch_10214,7675,7682,2000.0,1
8823,Branch_10215,3921,4188,223.21428571428572,1
8824,Branch_10216,3097,3921,28.481913984619766,1
8825,Branch_10217,128,127,17.969451931716083,1
8826,Branch_10218,128,1241,78.06401249024199,1
8827,Branch_10219,6098,6179,3.8061888630913865,1
8828,Branch_10220,7000,7120,10.504201680672269,1
8829,Branch_10221,5641,5695,128.2051282051282,1
8830,Branch_10222,8610,8609,11.524720525527256,1
8831,Branch_10223,8178,8610,21.682567215958368,1
8832,Branch_10224,9525,9547,31.665611146295124,1
8833,Branch_10225,7392,7391,7.891414141414141,1
8834,Branch_10226,7391,7393,2000.0,1
8835,Branch_10227,7138,7392,16.663889351774703,1
8836,Branch_10228,7137,7391,34.129692832764505,1
8837,Branch_10230,799,1440,1282.051282051282,1
8838,Branch_10231,481,1451,7.974481658692185,1
8839,Branch_10232,478,481,42.7715996578272,1
8840,Branch_10234,6847,7197,746.2686567164179,1
8841,Branch_10235,7042,7582,31.416902293433868,1
8842,Branch_10236,7584,7581,87.41258741258741,1
8843,Branch_10237,7582,7581,107.41138560687433,1
8844,Branch_10238,7578,7581,5.73394495412844,1
8845,Branch_10239,7584,7580,46.468401486988846,1
8846,Branch_10240,7582,7580,-456.62100456621005,1
8847,Branch_10241,7579,7580,11.734334663224596,1
8848,Branch_10242,7585,7586,2000.0,1
8849,Branch_10243,7085,7582,11.634671320535196,1
8850,Branch_10244,7584,7585,-49.75124378109453,1
8851,Branch_10245,7584,7794,217.8649237472767,1
8852,Branch_10246,2544,2543,12.939958592132506,1
8853,Branch_10247,2544,2541,13.039509714434738,1
8854,Branch_10248,2544,2540,13.03780964797914,1
8855,Branch_10249,2544,2542,25.06265664160401,1
8856,Branch_10250,8200,8201,9.810654370646523,1
8857,Branch_10251,8200,8201,8.32639467110741,1
8858,Branch_10252,8201,8350,12.470382840753212,1
8859,Branch_10253,8064,8200,28.70264064293915,1
8860,Branch_10254,7118,7497,15.410695022345507,1
8861,Branch_10255,7286,7285,10.574177857671566,1
8862,Branch_10256,9751,9752,3.913894324853229,1
8863,Branch_10259,3266,3365,17.280110592707793,1
8864,Branch_10261,3100,3101,46.36068613815485,1
8865,Branch_10262,3099,3101,-452.4886877828054,1
8866,Branch_10263,3098,3101,9.317927692881103,1
8867,Branch_10264,8399,8477,37.878787878787875,1
8868,Branch_10265,8396,8477,41.928721174004195,1
8869,Branch_10266,740,882,32.84072249589491,1
8870,Branch_10267,740,1452,8.952551477170994,1
8871,Branch_10268,128,740,15.54243083618278,1
8872,Branch_10269,3068,4162,4.294425835265825,1
8873,Branch_10270,4202,4206,45.72473708276178,1
8874,Branch_10271,4200,4206,-425.531914893617,1
8875,Branch_10272,4203,4206,9.02608538676776,1
8876,Branch_10276,3065,4200,35.7653791130186,1
8877,Branch_10277,3585,4200,104.82180293501048,1
8878,Branch_10278,5403,5731,357.14285714285717,1
8879,Branch_10279,3585,4481,48.732943469785575,1
8880,Branch_10280,8237,8382,2000.0,1
8881,Branch_10281,6088,6513,26.70940170940171,1
8882,Branch_10282,6107,6204,6.47542575924367,1
8883,Branch_10283,7167,7469,75.13148009015778,1
8884,Branch_10284,5926,6312,10.918222513374822,1
8885,Branch_10285,5991,6516,5.519068381257243,1
8886,Branch_10286,5948,5991,7.062146892655367,1
8887,Branch_10287,7153,7439,15.015015015015015,1
8888,Branch_10288,7469,7536,83.12551953449709,1
8889,Branch_10289,9250,9355,7.044734061289186,1
8890,Branch_10290,7424,7425,9.565716472163766,1
8891,Branch_10291,7424,7425,9.565716472163766,1
8892,Branch_10292,5934,6634,131.06159895150722,1
8893,Branch_10293,3232,4343,6.364967220418815,1
8894,Branch_10294,9148,9250,2000.0,1
8895,Branch_10295,3232,3850,9.69274013763691,1
8896,Branch_10296,3014,3850,18.58045336306206,1
8897,Branch_10297,5525,5830,46.57661853749418,1
8898,Branch_10298,5437,5830,21.602937999567942,1
8899,Branch_10299,771,1436,591.7159763313609,1
8900,Branch_10300,7063,7064,40.38772213247173,1
8901,Branch_10302,2774,2775,-39.354584809130266,1
8902,Branch_10303,2772,2773,-46.948356807511736,1
8903,Branch_10304,5933,6516,21.63097555699762,1
8904,Branch_10305,3361,3469,226.2443438914027,1
8905,Branch_10306,4840,4839,16.44195988161789,1
8906,Branch_10307,4840,4837,11.916110581506196,1
8907,Branch_10308,4840,4838,11.856770215793217,1
8908,Branch_10309,3301,5176,2000.0,1
8909,Branch_10310,7058,7443,25.70694087403599,1
8910,Branch_10311,5889,6468,480.7692307692308,1
8911,Branch_10312,6133,6468,2000.0,1
8912,Branch_10313,5948,9534,5.749108888122341,1
8913,Branch_10314,9633,9632,10.00300090027008,1
8914,Branch_10315,379,405,2000.0,1
8915,Branch_10316,405,404,11.429877700308607,1
8916,Branch_10317,405,406,16.02820964898221,1
8917,Branch_10318,773,1576,111.23470522803115,1
8918,Branch_10319,5474,5569,21.710811984368217,1
8919,Branch_10320,5845,5846,4.1363335539377895,1
8920,Branch_10321,5844,5845,2000.0,1
8921,Branch_10322,9043,9041,10.811979673478215,1
8922,Branch_10323,9043,9042,10.811979673478215,1
8923,Branch_10324,4940,4938,12.003360941063498,1
8924,Branch_10325,4940,4939,12.003360941063498,1
8925,Branch_10326,7347,7350,2000.0,1
8926,Branch_10327,4386,5176,56.21135469364812,1
8927,Branch_10328,8389,8455,340.13605442176873,1
8928,Branch_10329,8453,8455,8.298755186721992,1
8929,Branch_10330,8454,8455,8.298755186721992,1
8930,Branch_10331,3139,4101,4.2673039173849965,1
8931,Branch_10332,3139,4152,18.85014137606032,1
8932,Branch_10333,3139,3232,10.647359454855195,1
8933,Branch_10334,6641,6691,247.52475247524754,1
8934,Branch_10335,6691,6689,11.123470522803114,1
8935,Branch_10336,6691,6690,11.123470522803114,1
8936,Branch_10337,6613,6641,132.9787234042553,1
8937,Branch_10338,6641,6640,13.080444735120993,1
8938,Branch_10339,93,157,113.89521640091117,1
8939,Branch_10340,93,657,41.911148365465216,1
8940,Branch_10341,93,95,-333.3333333333333,1
8941,Branch_10342,92,95,55.5247084952804,1
8942,Branch_10343,94,95,9.498480243161094,1
8943,Branch_10344,93,96,203.2520325203252,1
8944,Branch_10345,92,96,105.04201680672269,1
8945,Branch_10346,97,96,11.88212927756654,1
8946,Branch_10347,777,778,2000.0,1
8947,Branch_10348,776,778,2000.0,1
8948,Branch_10349,774,777,2000.0,1
8949,Branch_10350,775,776,2000.0,1
8950,Branch_10351,777,907,48.97159647404506,1
8951,Branch_10352,2525,2526,1.0945349868108534,1
8952,Branch_10353,257,936,2000.0,1
8953,Branch_10354,6588,6589,13.468013468013469,1
8954,Branch_10355,1293,1294,258.3979328165375,1
8955,Branch_10357,7120,7446,28.169014084507044,1
8956,Branch_10358,6781,6784,2000.0,1
8957,Branch_10359,8645,8647,31.230480949406623,1
8958,Branch_10360,8644,8647,-78.98894154818325,1
8959,Branch_10361,8648,8647,8.14000814000814,1
8960,Branch_10362,8645,8646,47.48338081671415,1
8961,Branch_10363,8644,8646,-621.1180124223603,1
8962,Branch_10364,8649,8646,8.925383791503034,1
8963,Branch_10365,2303,2306,4.080133828389571,1
8964,Branch_10366,2304,2307,4.095339503644852,1
8965,Branch_10367,2303,2305,2000.0,1
8966,Branch_10368,2304,2305,2000.0,1
8967,Branch_10369,2297,2305,2000.0,1
8968,Branch_10370,3498,4137,2000.0,1
8969,Branch_10371,3076,3077,45.662100456621005,1
8970,Branch_10373,3076,3077,45.433893684688776,1
8971,Branch_10374,262,1099,34.317089910775564,1
8972,Branch_10375,2098,2110,142.65335235378032,1
8973,Branch_10377,2580,2710,42.6075841499787,1
8974,Branch_10378,2247,2710,50.27652086475616,1
8975,Branch_10380,4567,4954,83.5421888053467,1
8976,Branch_10381,3621,4954,16.70843776106934,1
8977,Branch_10382,6314,6414,4.701457451810061,1
8978,Branch_10383,6167,6314,43.936731107205624,1
8979,Branch_10384,6333,6334,7.582075972401244,1
8980,Branch_10385,6029,6334,20.63983488132095,1
8981,Branch_10386,6124,6333,117.50881316098707,1
8982,Branch_10387,5956,6157,27.210884353741495,1
8983,Branch_10389,8806,8804,12.454851164528584,1
8984,Branch_10390,8806,8805,12.454851164528584,1
8985,Branch_10391,8671,8806,133.5113484646195,1
8986,Branch_10392,9188,9216,3.86458494357706,1
8987,Branch_10393,9175,9270,115.34025374855824,1
8988,Branch_10394,1810,1812,56.14823133071308,1
8989,Branch_10395,1809,1812,-653.59477124183,1
8990,Branch_10396,1813,1812,6.70196367535688,1
8991,Branch_10397,1810,1811,57.80346820809248,1
8992,Branch_10398,1809,1811,-769.2307692307693,1
8993,Branch_10399,1814,1811,6.997900629811057,1
8994,Branch_10400,90,1131,58.309037900874635,1
8995,Branch_10401,8366,8395,268.81720430107526,1
8996,Branch_10402,9687,9685,8.668515950069349,1
8997,Branch_10403,9687,9686,8.668515950069349,1
8998,Branch_10404,9673,9687,2000.0,1
8999,Branch_10405,6561,6564,125.0,1
9000,Branch_10406,6565,8397,9.871668311944719,1
9001,Branch_10407,9547,9872,793.6507936507936,1
9002,Branch_10408,9702,9700,8.395600705230459,1
9003,Branch_10409,9702,9701,12.504689258471927,1
9004,Branch_10410,9674,9702,653.59477124183,1
9005,Branch_10412,6100,6222,5.990176111177669,1
9006,Branch_10413,9839,9840,11.114816049794376,1
9007,Branch_10414,9839,9841,11.114816049794376,1
9008,Branch_10415,9839,9842,8.19000819000819,1
9009,Branch_10416,9839,9843,8.210180623973727,1
9010,Branch_10417,5838,9839,108.93246187363835,1
9011,Branch_10418,9844,9846,11.114816049794376,1
9012,Branch_10419,9844,9845,11.114816049794376,1
9013,Branch_10420,9839,9844,591.7159763313609,1
9014,Branch_10421,2779,4544,34.376074252320386,1
9015,Branch_10422,2772,2778,37.735849056603776,1
9016,Branch_10423,6376,6377,6.827802813054759,1
9017,Branch_10424,4370,6377,51.20327700972862,1
9018,Branch_10425,6415,6416,1.4390766883967248,1
9019,Branch_10426,2658,2660,6.788405403570701,1
9020,Branch_10427,2658,2659,6.745817593092283,1
9021,Branch_10428,2658,2662,8.084727948904519,1
9022,Branch_10429,2658,2661,41.00041000410004,1
9023,Branch_10430,9245,9590,28.910089621277827,1
9024,Branch_10431,9164,9245,36.58982802780827,1
9025,Branch_10432,9161,9590,118.62396204033215,1
9026,Branch_10433,9183,9590,83.75209380234506,1
9027,Branch_10434,6404,6472,2000.0,1
9028,Branch_10436,7512,7511,8.710801393728223,1
9029,Branch_10437,6830,7127,61.387354205033766,1
9030,Branch_10438,7124,7125,41.35649296939619,1
9031,Branch_10439,7127,7125,-704.2253521126761,1
9032,Branch_10440,7129,7125,16.49348507339601,1
9033,Branch_10441,7124,7126,39.37007874015748,1
9034,Branch_10442,7127,7126,-387.5968992248062,1
9035,Branch_10443,7123,7126,15.96678907871627,1
9036,Branch_10444,7124,7128,58.41121495327103,1
9037,Branch_10445,7127,7642,11.479738261967627,1
9038,Branch_10446,7512,7621,15.723270440251572,1
9039,Branch_10447,7512,7623,17.649135192375574,1
9040,Branch_10448,6156,6157,8.161266628580755,1
9041,Branch_10449,6029,6157,20.70393374741201,1
9042,Branch_10450,7700,7701,10.650761529449355,1
9043,Branch_10451,6098,6413,156.73981191222572,1
9044,Branch_10452,6851,6854,70.47216349541931,1
9045,Branch_10453,6854,6852,11.862396204033214,1
9046,Branch_10454,6854,6853,11.310937676733401,1
9047,Branch_10455,8475,8901,19.790223629527013,1
9048,Branch_10457,3672,4154,37.53753753753754,1
9049,Branch_10458,3454,5316,16.31055292774425,1
9050,Branch_10459,2793,3760,421.9409282700422,1
9051,Branch_10460,7274,7569,8.242664029014177,1
9052,Branch_10461,3140,4154,79.42811755361397,1
9053,Branch_10462,3760,5316,12.655024044545685,1
9054,Branch_10464,6162,6164,12.656625743576763,1
9055,Branch_10465,6163,6164,-99.40357852882704,1
9056,Branch_10466,6165,6164,0.7161836008279082,1
9057,Branch_10467,6120,6163,21.317416329140908,1
9058,Branch_10468,6162,6221,66.13756613756614,1
9059,Branch_10469,6124,6162,440.52863436123346,1
9060,Branch_10470,3139,4468,4.101386268558773,1
9061,Branch_10471,4468,4467,4.633276189593662,1
9062,Branch_10472,7216,7561,254.4529262086514,1
9063,Branch_10473,2904,2907,46.57661853749418,1
9064,Branch_10474,2905,2907,-480.7692307692308,1
9065,Branch_10475,2906,2907,8.957362952346829,1
9066,Branch_10476,2904,2908,45.8295142071494,1
9067,Branch_10477,2905,2908,-414.9377593360996,1
9068,Branch_10478,2909,2908,8.987148377819718,1
9069,Branch_10479,1363,1425,7.4460163812360385,1
9070,Branch_10480,6413,6412,3.5045910142286396,1
9071,Branch_10481,6121,6221,223.71364653243847,1
9072,Branch_10482,5994,6029,45.87155963302752,1
9073,Branch_10483,5989,6629,31.51591553734636,1
9074,Branch_10485,192,1199,163.9344262295082,1
9075,Branch_10486,193,1200,167.50418760469012,1
9076,Branch_10487,1200,1201,2000.0,1
9077,Branch_10488,1199,1721,53.333333333333336,1
9078,Branch_10489,328,1200,58.37711617046118,1
9079,Branch_10490,375,376,16.564518800728838,1
9080,Branch_10493,3966,3983,56.46527385657821,1
9081,Branch_10494,3983,4456,65.96306068601584,1
9082,Branch_10495,3396,3983,60.75334143377886,1
9083,Branch_10496,7971,7973,2.98971537909591,1
9084,Branch_10500,6866,7410,192.67822736030828,1
9085,Branch_10501,7410,7518,35.0754121360926,1
9086,Branch_10502,4517,4516,61.08735491753207,1
9087,Branch_10503,6509,8586,36.67033370003667,1
9088,Branch_10504,6509,8586,36.67033370003667,1
9089,Branch_10505,1662,1663,813.0081300813008,1
9090,Branch_10507,6815,7757,12.750223128904755,1
9091,Branch_10509,7729,7757,28.60411899313501,1
9092,Branch_10511,1661,1662,1351.3513513513512,1
9093,Branch_10512,46,1662,101.41987829614604,1
9094,Branch_10514,2515,2550,5.111429155591903,1
9095,Branch_10515,9520,9734,2000.0,1
9096,Branch_10516,9332,9520,14.983518130056938,1
9097,Branch_10517,6405,9734,9.767532721234616,1
9098,Branch_10518,9512,9734,502.51256281407035,1
9099,Branch_10519,9511,9734,502.51256281407035,1
9100,Branch_10520,1246,1249,6.4935064935064934,1
9101,Branch_10521,1246,1248,6.4935064935064934,1
9102,Branch_10522,1247,1250,6.802721088435374,1
9103,Branch_10523,1246,1251,11.904761904761905,1
9104,Branch_10524,1246,1247,7.575757575757576,1
9105,Branch_10525,1246,1247,7.575757575757576,1
9106,Branch_10526,6484,6486,46.33920296570899,1
9107,Branch_10527,6485,6486,-454.54545454545456,1
9108,Branch_10528,6489,6486,8.932559178204556,1
9109,Branch_10529,6484,6487,45.93477262287551,1
9110,Branch_10530,6485,6487,-446.42857142857144,1
9111,Branch_10531,6488,6487,8.946944618412813,1
9112,Branch_10532,6312,6724,102.35414534288638,1
9113,Branch_10533,6724,6735,1219.5121951219512,1
9114,Branch_10534,6448,6724,7.489514679448772,1
9115,Branch_10535,9395,9461,169.4915254237288,1
9116,Branch_10536,8035,8350,14.622020763269484,1
9117,Branch_10537,122,1544,315.45741324921136,1
9118,Branch_10538,5896,6405,18.057060310581438,1
9119,Branch_10539,5506,5511,18.885741265344667,1
9120,Branch_10540,5506,5508,59.523809523809526,1
9121,Branch_10541,5507,5510,69.01311249137336,1
9122,Branch_10542,5506,5510,70.97232079489,1
9123,Branch_10543,5509,5510,4.768717215069146,1
9124,Branch_10544,765,766,-125.31328320802005,1
9125,Branch_10545,764,766,22.406453058480842,1
9126,Branch_10547,767,766,7.743534148985597,1
9127,Branch_10548,764,1165,166.9449081803005,1
9128,Branch_10551,7816,7817,2000.0,1
9129,Branch_10552,89,1578,5.5263885051119095,1
9130,Branch_10553,7772,7774,2000.0,1
9131,Branch_10554,3093,3094,11.555350127108852,1
9132,Branch_10556,2232,2243,27.824151363383418,1
9133,Branch_10557,6220,6409,5.814629608093965,1
9134,Branch_10559,5329,5328,9.775171065493646,1
9135,Branch_10560,4555,5329,2000.0,1
9136,Branch_10561,45,736,414.9377593360996,1
9137,Branch_10562,3740,3742,95.23809523809524,1
9138,Branch_10563,7785,7787,2000.0,1
9139,Branch_10564,6752,6755,2000.0,1
9140,Branch_10565,6071,6073,19.043991620643688,1
9141,Branch_10566,6071,6074,19.043991620643688,1
9142,Branch_10569,5485,5573,500.0,1
9143,Branch_10570,9054,9053,7.776049766718507,1
9144,Branch_10572,7961,7960,3.4120376688958647,1
9145,Branch_10573,8002,8001,9.601536245799329,1
9146,Branch_10574,8001,8538,14.75143826523086,1
9147,Branch_10575,3404,3407,46.04051565377532,1
9148,Branch_10576,3405,3407,-438.5964912280702,1
9149,Branch_10577,3406,3407,9.031791907514451,1
9150,Branch_10578,2935,3267,5.431830526887561,1
9151,Branch_10579,7745,7746,14.088475626937166,1
9152,Branch_10580,9060,9062,1666.6666666666667,1
9153,Branch_10581,9046,9060,2000.0,1
9154,Branch_10582,9640,9641,12.934937265554263,1
9155,Branch_10583,9637,9640,1010.10101010101,1
9156,Branch_10584,5990,6404,1388.888888888889,1
9157,Branch_10585,6046,6404,176.99115044247787,1
9158,Branch_10586,7321,7606,133.6898395721925,1
9159,Branch_10589,9338,9473,7.580926389204761,1
9160,Branch_10590,5437,5709,19.447685725398678,1
9161,Branch_10591,6058,6406,446.42857142857144,1
9162,Branch_10592,5630,5631,51.38746145940391,1
9163,Branch_10593,6235,6406,3.231539828728389,1
9164,Branch_10594,5757,5758,2000.0,1
9165,Branch_10595,4937,4935,12.186205215695832,1
9166,Branch_10596,4937,4936,12.16397031991242,1
9167,Branch_10597,3621,3623,9.718172983479105,1
9168,Branch_10598,3620,3623,-75.75757575757575,1
9169,Branch_10599,3622,3623,4.1017227235438884,1
9170,Branch_10600,6409,6522,37.9794910748196,1
9171,Branch_10601,6317,6409,4.632417658776116,1
9172,Branch_10604,9586,9706,123.15270935960591,1
9173,Branch_10605,9218,9376,2000.0,1
9174,Branch_10606,4540,4539,9.414422895876482,1
9175,Branch_10607,4413,4539,699.3006993006993,1
9176,Branch_10608,2924,4539,142.45014245014244,1
9177,Branch_10609,4344,4539,257.7319587628866,1
9178,Branch_10610,8044,8348,48.732943469785575,1
9179,Branch_10611,9524,9527,2000.0,1
9180,Branch_10612,201,396,34.770514603616135,1
9181,Branch_10613,3929,3933,55.49389567147614,1
9182,Branch_10614,3931,3933,398.40637450199205,1
9183,Branch_10615,3932,3933,8.553588230262596,1
9184,Branch_10616,3929,3935,47.84688995215311,1
9185,Branch_10617,3930,3935,-613.4969325153374,1
9186,Branch_10618,3934,3935,9.39584703561026,1
9187,Branch_10620,4027,4139,191.93857965451056,1
9188,Branch_10621,4139,4540,137.17421124828533,1
9189,Branch_10622,904,1543,66.84491978609626,1
9190,Branch_10623,1543,1545,2000.0,1
9191,Branch_10624,1542,1544,90.41591320072332,1
9192,Branch_10625,734,735,102.88065843621399,1
9193,Branch_10626,732,733,102.04081632653062,1
9194,Branch_10627,7168,7203,92.7643784786642,1
9195,Branch_10628,38,734,89.60573476702508,1
9196,Branch_10629,36,733,79.30214115781126,1
9197,Branch_10630,7088,7175,71.73601147776183,1
9198,Branch_10631,2826,2825,4.501462975467027,1
9199,Branch_10632,2826,5017,2000.0,1
9200,Branch_10633,7023,7027,3.780718336483932,1
9201,Branch_10634,7024,7026,2.3507287259050305,1
9202,Branch_10635,7024,7025,6.112469437652812,1
9203,Branch_10636,7024,7023,5.98014591556034,1
9204,Branch_10637,7024,7023,5.98014591556034,1
9205,Branch_10638,5974,6025,10.780508840017248,1
9206,Branch_10639,5974,6090,1818.1818181818182,1
9207,Branch_10640,5974,6476,40.86636697997548,1
9208,Branch_10641,7467,7524,16.716817118020728,1
9209,Branch_10642,7176,7301,7.028888732691361,1
9210,Branch_10643,9325,9340,53.36179295624333,1
9211,Branch_10644,9325,9447,260.4166666666667,1
9212,Branch_10645,7403,7614,68.30601092896175,1
9213,Branch_10647,8514,8515,7.733952049497293,1
9214,Branch_10648,8516,8515,3.665689149560117,1
9215,Branch_10650,1229,1364,31.201248049921997,1
9216,Branch_10651,9258,9501,6.780120686148213,1
9217,Branch_10652,9265,9502,42.24757076468103,1
9218,Branch_10653,9503,9502,5.301102629346905,1
9219,Branch_10654,9501,9502,5.301102629346905,1
9220,Branch_10655,9135,9502,85.47008547008546,1
9221,Branch_10656,1077,1079,10.137875101378752,1
9222,Branch_10657,1076,1078,9.742790335151987,1
9223,Branch_10658,5654,5829,68.96551724137932,1
9224,Branch_10659,2239,2237,3.4239539820584812,1
9225,Branch_10660,2239,2238,3.450893781489406,1
9226,Branch_10661,2239,2730,2000.0,1
9227,Branch_10662,1881,1883,35.36067892503536,1
9228,Branch_10663,1881,1887,32.425421530479895,1
9229,Branch_10664,1883,1887,-366.3003663003663,1
9230,Branch_10665,1880,1887,6.806888571234089,1
9231,Branch_10669,1881,1890,32.1853878339234,1
9232,Branch_10670,1882,1890,-369.00369003690037,1
9233,Branch_10671,1888,1890,6.746272684341901,1
9234,Branch_10672,2288,2289,4.1363335539377895,1
9235,Branch_10673,2288,2290,4.1363335539377895,1
9236,Branch_10674,2288,2743,2000.0,1
9237,Branch_10675,8736,8737,47.14757190004715,1
9238,Branch_10676,8735,8737,-595.2380952380952,1
9239,Branch_10677,8738,8737,8.93814801573114,1
9240,Branch_10678,8736,8740,46.27487274409995,1
9241,Branch_10679,8735,8740,-460.8294930875576,1
9242,Branch_10680,8739,8740,9.02445627650934,1
9243,Branch_10681,8540,8736,47.48338081671415,1
9244,Branch_10682,8540,8736,47.66444232602478,1
9245,Branch_10685,8448,8478,111.11111111111111,1
9246,Branch_10687,9410,9734,114.15525114155251,1
9247,Branch_10688,90,201,8.16259897151253,1
9248,Branch_10689,1355,1359,10.137875101378752,1
9249,Branch_10690,1357,1360,10.137875101378752,1
9250,Branch_10691,1346,1354,168.63406408094434,1
9251,Branch_10692,1352,1353,182.14936247723134,1
9252,Branch_10693,1357,1358,60.64281382656155,1
9253,Branch_10694,1355,1356,59.31198102016607,1
9254,Branch_10695,1349,1351,125.15644555694618,1
9255,Branch_10696,1346,1352,125.15644555694618,1
9256,Branch_10697,1349,1354,11.575413821044103,1
9257,Branch_10698,1351,1353,11.575413821044103,1
9258,Branch_10699,5858,5870,58.07200929152149,1
9259,Branch_10701,1969,7124,32.1853878339234,1
9260,Branch_10702,1969,7124,32.1853878339234,1
9261,Branch_10703,2714,2713,3.5855145213338115,1
9262,Branch_10705,30,947,2000.0,1
9263,Branch_10706,9220,9712,14.26126640045636,1
9264,Branch_10707,7622,7623,41.18616144975288,1
9265,Branch_10708,9241,9276,4.493978069387022,1
9266,Branch_10709,9241,9327,5.846927439630474,1
9267,Branch_10710,9241,9333,11.143302874972141,1
9268,Branch_10712,7231,7249,4.85649069982031,1
9269,Branch_10713,6842,7082,43.10344827586207,1
9270,Branch_10714,2412,2413,49.6031746031746,1
9271,Branch_10715,2415,2413,-943.3962264150944,1
9272,Branch_10716,2414,2413,9.00657479960371,1
9273,Branch_10717,2412,2410,48.804294777940456,1
9274,Branch_10718,2416,2410,-934.5794392523364,1
9275,Branch_10719,2411,2410,9.0049527239982,1
9276,Branch_10720,2409,2415,95.23809523809524,1
9277,Branch_10721,2409,2416,95.23809523809524,1
9278,Branch_10722,5777,5786,77.7000777000777,1
9279,Branch_10723,5569,5786,67.11409395973155,1
9280,Branch_10724,5785,5786,15.080681646810437,1
9281,Branch_10725,3282,5293,59.630292188431724,1
9282,Branch_10727,7249,7468,222.71714922048997,1
9283,Branch_10728,3125,3282,395.25691699604744,1
9284,Branch_10729,656,5731,46.10419548178884,1
9285,Branch_10730,8586,9046,290.69767441860466,1
9286,Branch_10731,8586,9046,290.69767441860466,1
9287,Branch_10732,5475,5731,228.31050228310502,1
9288,Branch_10733,5475,5731,227.79043280182233,1
9289,Branch_10734,105,5731,39.01677721420211,1
9290,Branch_10735,105,5731,39.01677721420211,1
9291,Branch_10736,6834,7127,9.683354313934347,1
9292,Branch_10737,7127,7511,625.0,1
9293,Branch_10738,5704,5703,2.1108179419525066,1
9294,Branch_10739,5704,5773,20.48760499897562,1
9295,Branch_10740,5609,5704,53.61930294906166,1
9296,Branch_10741,6131,6382,31.79650238473768,1
9297,Branch_10742,5945,6382,18.726591760299627,1
9298,Branch_10743,9216,9441,21.01723413198823,1
9299,Branch_10744,9441,9501,416.6666666666667,1
9300,Branch_10745,5945,5947,10.111223458038422,1
9301,Branch_10746,967,1622,40.53506282934739,1
9302,Branch_10747,7080,7405,5.3276505061267985,1
9303,Branch_10748,9666,9667,7.733952049497293,1
9304,Branch_10749,4751,4752,381.6793893129771,1
9305,Branch_10750,695,745,212.7659574468085,1
9306,Branch_10751,8538,8539,2000.0,1
9307,Branch_10752,8540,8538,45.00450045004501,1
9308,Branch_10753,8540,8538,45.08566275924256,1
9309,Branch_10754,2080,7443,30.50640634533252,1
9310,Branch_10755,6235,6238,63.85696040868455,1
9311,Branch_10756,5578,5753,257.0694087403599,1
9312,Branch_10757,5989,5990,9.858044164037855,1
9313,Branch_10758,5989,5990,9.858044164037855,1
9314,Branch_10759,5990,6571,72.09805335255948,1
9315,Branch_10760,7045,7046,2000.0,1
9316,Branch_10761,7044,7045,2000.0,1
9317,Branch_10762,7044,7047,2000.0,1
9318,Branch_10763,5608,5808,180.50541516245488,1
9319,Branch_10764,5578,5608,1818.1818181818182,1
9320,Branch_10765,1342,1343,115.47344110854503,1
9321,Branch_10766,1244,1343,218.34061135371178,1
9322,Branch_10767,9635,9647,195.3125,1
9323,Branch_10768,9635,9651,91.32420091324201,1
9324,Branch_10769,5916,6524,10.922992900054615,1
9325,Branch_10770,7824,7825,10.195758564437194,1
9326,Branch_10771,7824,7826,10.646225912913872,1
9327,Branch_10772,6920,7824,2000.0,1
9328,Branch_10773,6204,6523,31.17206982543641,1
9329,Branch_10775,3861,4096,333.3333333333333,1
9330,Branch_10776,4095,4669,826.4462809917355,1
9331,Branch_10777,9647,9645,6.9046468273147825,1
9332,Branch_10778,9647,9646,6.903693476009665,1
9333,Branch_10779,9651,9649,10.29230135858378,1
9334,Branch_10780,9651,9650,10.301844030081385,1
9335,Branch_10781,3861,3863,6.666222251849876,1
9336,Branch_10782,3861,3862,6.666222251849876,1
9337,Branch_10783,6600,6601,4.245743641998896,1
9338,Branch_10784,6600,6602,4.254957024934048,1
9339,Branch_10785,6600,6603,3.01504507492387,1
9340,Branch_10786,3589,4420,61.05006105006105,1
9341,Branch_10787,9151,9313,17.488632388947185,1
9342,Branch_10788,3897,4420,261.78010471204186,1
9343,Branch_10789,9211,9313,89.68609865470852,1
9344,Branch_10790,8144,8145,2000.0,1
9345,Branch_10791,7930,7931,2000.0,1
9346,Branch_10792,3986,3988,2000.0,1
9347,Branch_10793,3646,3649,2000.0,1
9348,Branch_10794,3647,3648,2000.0,1
9349,Branch_10795,5499,5500,2000.0,1
9350,Branch_10796,5499,5500,2000.0,1
9351,Branch_10797,5499,5500,1000.0,1
9352,Branch_10798,8576,8575,14.005602240896359,1
9353,Branch_10799,2997,2996,4.733727810650888,1
9354,Branch_10800,2998,2996,5.106469897359955,1
9355,Branch_10801,9333,9332,6.053635207942369,1
9356,Branch_10802,2996,5148,67.98096532970769,1
9357,Branch_10803,2996,4390,48.1000481000481,1
9358,Branch_10804,2997,4218,40.83299305839118,1
9359,Branch_10805,2997,4221,7.496251874062969,1
9360,Branch_10806,3211,3792,68.96551724137932,1
9361,Branch_10807,7295,7386,88.49557522123894,1
9362,Branch_10809,4255,4259,38.095238095238095,1
9363,Branch_10810,4256,4257,38.095238095238095,1
9364,Branch_10811,695,1276,181.48820326678765,1
9365,Branch_10812,695,1637,54.7645125958379,1
9366,Branch_10813,1459,1673,146.84287812041117,1
9367,Branch_10814,3763,3764,95.23809523809524,1
9368,Branch_10815,3762,3765,95.23809523809524,1
9369,Branch_10816,8433,8432,12.871669455528382,1
9370,Branch_10817,8435,8434,13.403029084573113,1
9371,Branch_10818,8433,8435,359.71223021582733,1
9372,Branch_10819,9061,9062,38.446751249519416,1
9373,Branch_10820,9592,9595,265.9574468085106,1
9374,Branch_10821,4074,4075,56.657223796033996,1
9375,Branch_10822,5519,5523,39.51007506914263,1
9376,Branch_10823,5521,5523,346.02076124567475,1
9377,Branch_10824,5522,5523,6.797634423220719,1
9378,Branch_10825,9595,9593,8.372404554588078,1
9379,Branch_10826,9595,9594,8.428860418071476,1
9380,Branch_10827,9592,9591,10.860121633362294,1
9381,Branch_10828,5862,5863,12.00192030724916,1
9382,Branch_10829,5862,5864,12.607160867372668,1
9383,Branch_10830,8066,8070,41.61464835622139,1
9384,Branch_10831,6981,6980,7.975753708725475,1
9385,Branch_10832,6981,6980,7.975753708725475,1
9386,Branch_10833,6981,7064,2000.0,1
9387,Branch_10834,8067,8066,6.324710644488015,1
9388,Branch_10836,6340,6381,36.52300949598247,1
9389,Branch_10837,6381,6479,5.849663644340451,1
9390,Branch_10839,3625,3626,3.538069629210303,1
9391,Branch_10840,3625,3629,4.888541259288228,1
9392,Branch_10841,6868,7737,219.2982456140351,1
9393,Branch_10842,7737,7736,11.588828369451848,1
9394,Branch_10843,3686,3685,5.824111822947001,1
9395,Branch_10844,7588,7624,259.0673575129534,1
9396,Branch_10845,7594,7593,5.049229992426155,1
9397,Branch_10846,7597,7600,39.920159680638726,1
9398,Branch_10847,7597,7601,41.00041000410004,1
9399,Branch_10848,7596,7600,-354.6099290780142,1
9400,Branch_10849,7595,7601,-467.2897196261682,1
9401,Branch_10850,7598,7600,6.684491978609626,1
9402,Branch_10851,7599,7601,6.744452687664396,1
9403,Branch_10852,6912,7593,35.51136363636363,1
9404,Branch_10853,7593,7596,2000.0,1
9405,Branch_10854,7593,7595,2000.0,1
9406,Branch_10855,4315,4482,2.0,1
9407,Branch_10856,3521,3625,588.2352941176471,1
9408,Branch_10857,3625,4381,11.899095668729176,1
9409,Branch_10858,2941,3625,7.859163784973279,1
9410,Branch_10859,1305,1307,2000.0,1
9411,Branch_10860,1306,1308,2000.0,1
9412,Branch_10861,38,1306,30.778701138811943,1
9413,Branch_10862,760,1307,46.707146193367585,1
9414,Branch_10863,2927,4438,8.363301831563101,1
9415,Branch_10864,2938,5234,13.424620754463687,1
9416,Branch_10865,9442,9501,21.01723413198823,1
9417,Branch_10867,6866,7550,943.3962264150944,1
9418,Branch_10868,413,658,30.73140749846343,1
9419,Branch_10869,5980,6448,6.941552131056504,1
9420,Branch_10870,6210,6448,4.1426736815941005,1
9421,Branch_10871,3776,3945,2000.0,1
9422,Branch_10872,9706,9709,9.379103357719002,1
9423,Branch_10873,9707,9709,13.65001365001365,1
9424,Branch_10874,9710,9709,11.037527593818984,1
9425,Branch_10875,62,1969,14.757969303423849,1
9426,Branch_10876,62,1969,14.757969303423849,1
9427,Branch_10877,1220,1660,52.00208008320333,1
9428,Branch_10878,961,1660,40.899795501022496,1
9429,Branch_10879,28,62,29.18855808523059,1
9430,Branch_10880,2888,4301,41.01722723543888,1
9431,Branch_10881,62,61,79.55449482895784,1
9432,Branch_10882,62,61,79.30214115781126,1
9433,Branch_10883,62,60,78.49293563579278,1
9434,Branch_10884,62,60,78.92659826361484,1
9435,Branch_10885,4775,4774,9.586808551433228,1
9436,Branch_10886,7520,7521,7.697636825494573,1
9437,Branch_10888,820,1559,9.337068160597573,1
9438,Branch_10891,2878,4509,85.17887563884156,1
9439,Branch_10892,6272,6273,12.345679012345679,1
9440,Branch_10893,46,1567,71.58196134574088,1
9441,Branch_10894,46,631,17.885888034340905,1
9442,Branch_10895,46,630,17.873100983020553,1
9443,Branch_10896,6998,7168,86.4304235090752,1
9444,Branch_10897,924,927,169.4915254237288,1
9445,Branch_10898,925,926,99.30486593843098,1
9446,Branch_10899,5792,5793,2000.0,1
9447,Branch_10900,7356,7605,60.790273556231,1
9448,Branch_10901,5548,5794,2000.0,1
9449,Branch_10902,6759,6783,2000.0,1
9450,Branch_10903,6343,6604,1315.7894736842106,1
9451,Branch_10904,6343,6405,27.540622418066647,1
9452,Branch_10905,5351,5352,15.792798483891346,1
9453,Branch_10906,5351,5353,8.843296781039971,1
9454,Branch_10907,6343,6387,86.05851979345955,1
9455,Branch_10908,6383,6384,41.23711340206186,1
9456,Branch_10909,6384,6386,16.633399866932802,1
9457,Branch_10910,6782,6783,14.427932477276006,1
9458,Branch_10911,5472,5696,5.128205128205129,1
9459,Branch_10912,2099,2931,3.8327392587482274,1
9460,Branch_10913,1818,2099,3.424188467333242,1
9461,Branch_10914,2099,2643,8.791981712678037,1
9462,Branch_10915,9172,9402,2000.0,1
9463,Branch_10916,9150,9172,8.733624454148472,1
9464,Branch_10917,9172,9248,8.481044864727334,1
9465,Branch_10918,8070,8071,8.960573476702509,1
9466,Branch_10919,5972,5973,13.605442176870747,1
9467,Branch_10920,5970,5971,10.54407423028258,1
9468,Branch_10921,5914,5911,10.454783063251437,1
9469,Branch_10922,5912,5913,9.851246182642104,1
9470,Branch_10923,6246,6247,8.39630562552477,1
9471,Branch_10924,6246,6247,7.680491551459293,1
9472,Branch_10925,6718,6717,5.5432372505543235,1
9473,Branch_10926,5893,5894,7.0821529745042495,1
9474,Branch_10927,9131,9132,2000.0,1
9475,Branch_10928,9131,9130,10.358400662937642,1
9476,Branch_10929,9077,9131,2000.0,1
9477,Branch_10930,4764,4765,2000.0,1
9478,Branch_10931,4763,4765,2000.0,1
9479,Branch_10932,2771,4765,85.91065292096219,1
9480,Branch_10933,4639,4643,2000.0,1
9481,Branch_10934,3799,4639,61.72839506172839,1
9482,Branch_10935,4639,5215,17.761989342806395,1
9483,Branch_10936,8930,8931,7.767593599502874,1
9484,Branch_10937,5911,5913,26.99055330634278,1
9485,Branch_10938,8158,8157,5.72967398155045,1
9486,Branch_10945,3887,5186,34.447123665173955,1
9487,Branch_10946,4747,4749,1162.7906976744187,1
9488,Branch_10947,4747,4749,1162.7906976744187,1
9489,Branch_10948,7282,7399,13.550135501355014,1
9490,Branch_10949,7117,7414,20.77706212341575,1
9491,Branch_10950,9714,9715,7.334604664808567,1
9492,Branch_10951,9712,9714,2000.0,1
9493,Branch_10952,7061,7606,106.04453870625663,1
9494,Branch_10953,7061,7779,309.59752321981426,1
9495,Branch_10954,7355,7357,2000.0,1
9496,Branch_10955,7106,7118,19.466614755693985,1
9497,Branch_10956,8868,8871,138.88888888888889,1
9498,Branch_10957,8871,8895,42.955326460481096,1
9499,Branch_10958,9880,9881,2000.0,1
9500,Branch_10959,9881,9891,552.4861878453039,1
9501,Branch_10960,9881,9894,395.25691699604744,1
9502,Branch_10961,8871,9076,980.3921568627451,1
9503,Branch_10962,6490,6745,636.9426751592357,1
9504,Branch_10963,6490,6745,636.9426751592357,1
9505,Branch_10964,6484,8390,60.132291040288635,1
9506,Branch_10965,8374,8390,125.47051442910916,1
9507,Branch_10966,6484,8374,40.65040650406504,1
9508,Branch_10968,8374,9069,48.61448711716091,1
9509,Branch_10969,7955,8376,36.83241252302026,1
9510,Branch_10970,8374,8388,24.108003857280618,1
9511,Branch_10971,5984,8388,50.42864346949067,1
9512,Branch_10972,8389,8984,386.1003861003861,1
9513,Branch_10973,8374,8872,2000.0,1
9514,Branch_10974,8376,9069,109.64912280701755,1
9515,Branch_10975,9558,9879,52.43838489774515,1
9516,Branch_10976,9558,9913,2000.0,1
9517,Branch_10977,6745,6755,1470.5882352941176,1
9518,Branch_10978,6745,9879,64.14368184733804,1
9519,Branch_10979,8388,8984,82.78145695364239,1
9520,Branch_10980,9558,9865,2000.0,1
9521,Branch_10981,6745,9879,64.14368184733804,1
9522,Branch_10982,9558,9879,52.43838489774515,1
9523,Branch_10983,9558,9937,2000.0,1
9524,Branch_10984,1775,1877,134.04825737265415,1
9525,Branch_10985,2473,2691,90.09009009009009,1
9526,Branch_10986,1775,2473,147.05882352941177,1
9527,Branch_10990,2054,2692,49.40711462450593,1
9528,Branch_10991,2065,2578,87.33624454148472,1
9529,Branch_10992,2054,2701,161.0305958132045,1
9530,Branch_10994,2057,2218,45.146726862302486,1
9531,Branch_10995,2048,2057,95.14747859181732,1
9532,Branch_10996,1930,2054,32.372936225315634,1
9533,Branch_10999,5697,5698,23.80952380952381,1
9534,Branch_11000,5696,5697,15.037593984962406,1
9535,Branch_11001,5627,5697,32.97065611605671,1
9536,Branch_11002,5379,5696,10.006003602161297,1
9537,Branch_11003,5696,5759,15.89825119236884,1
9538,Branch_11004,7215,7405,6.142506142506143,1
9539,Branch_11005,8671,8672,10.529640939243972,1
9540,Branch_11006,8671,8673,10.529640939243972,1
9541,Branch_11007,8633,8671,257.7319587628866,1
9542,Branch_11008,8386,8430,22.411474675033617,1
9543,Branch_11009,5941,6590,8.000640051204096,1
9544,Branch_11010,4386,5327,73.80073800738008,1
9545,Branch_11011,5513,5732,137.17421124828533,1
9546,Branch_11012,5453,5601,83.19467554076539,1
9547,Branch_11013,5453,5801,230.94688221709006,1
9548,Branch_11014,5458,5453,1.444627430585652,1
9549,Branch_11015,5457,5453,1.4308403325272934,1
9550,Branch_11016,5456,5453,1.4359769669294504,1
9551,Branch_11017,5454,5453,1.427429484983442,1
9552,Branch_11018,5454,5453,1.5013662432813861,1
9553,Branch_11019,5455,5453,1.768972227136034,1
9554,Branch_11020,5459,5453,1.7155601303825698,1
9555,Branch_11021,6918,6919,2000.0,1
9556,Branch_11022,6918,6920,2000.0,1
9557,Branch_11023,190,192,259.7402597402597,1
9558,Branch_11024,191,193,384.61538461538464,1
9559,Branch_11027,382,380,11.50483202945237,1
9560,Branch_11028,382,381,10.486577181208053,1
9561,Branch_11029,5372,5568,2000.0,1
9562,Branch_11030,5568,5620,2000.0,1
9563,Branch_11031,8917,8918,8.430992327796982,1
9564,Branch_11032,8917,8919,8.429570934839417,1
9565,Branch_11033,8571,8917,39.29273084479372,1
9566,Branch_11034,8852,8851,8.3236224404861,1
9567,Branch_11035,8852,8853,8.3236224404861,1
9568,Branch_11036,8571,8852,32.62642740619902,1
9569,Branch_11037,2089,2088,6.013229104028864,1
9570,Branch_11038,9036,9037,12.50312578144536,1
9571,Branch_11039,8193,9036,2000.0,1
9572,Branch_11040,657,659,-366.3003663003663,1
9573,Branch_11041,656,659,56.59309564233163,1
9574,Branch_11042,662,659,9.476876421531463,1
9575,Branch_11043,657,660,-335.5704697986577,1
9576,Branch_11044,656,660,55.80357142857143,1
9577,Branch_11045,661,660,9.383503800319039,1
9578,Branch_11046,657,658,2000.0,1
9579,Branch_11047,9697,9699,5.818012566907145,1
9580,Branch_11048,9696,9699,-558.659217877095,1
9581,Branch_11049,9698,9699,1.945449593401035,1
9582,Branch_11050,1594,1596,7.899518129394107,1
9583,Branch_11051,1595,1594,4.066363044892648,1
9584,Branch_11052,1595,1594,4.162504162504162,1
9585,Branch_11053,5704,5761,43.38394793926247,1
9586,Branch_11062,5528,5738,500.0,1
9587,Branch_11063,8387,8461,2000.0,1
9588,Branch_11064,8387,8461,2000.0,1
9589,Branch_11065,8386,8387,41.16920543433512,1
9590,Branch_11066,8386,8462,574.7126436781609,1
9591,Branch_11067,6632,6635,245.7002457002457,1
9592,Branch_11068,6635,6716,225.73363431151242,1
9593,Branch_11069,3575,3576,14.41545336600836,1
9594,Branch_11070,3575,3577,8.781173164734808,1
9595,Branch_11071,3567,3575,39.69829297340215,1
9596,Branch_11072,3567,3575,48.355899419729205,1
9597,Branch_11073,3575,5313,25.056376847907792,1
9598,Branch_11074,7716,7718,483.09178743961354,1
9599,Branch_11075,4118,4469,18.298261665141812,1
9600,Branch_11076,3620,4118,56.91519635742743,1
9601,Branch_11077,9547,9550,20.69108214359611,1
9602,Branch_11078,9547,9551,20.69108214359611,1
9603,Branch_11080,9048,9051,45.187528242205154,1
9604,Branch_11081,9047,9051,-467.2897196261682,1
9605,Branch_11082,9050,9051,7.662248103593594,1
9606,Branch_11083,9048,9052,46.2962962962963,1
9607,Branch_11084,9047,9052,-458.7155963302752,1
9608,Branch_11085,9049,9052,8.933357155619081,1
9609,Branch_11086,5448,5766,2000.0,1
9610,Branch_11087,5687,5769,2000.0,1
9611,Branch_11088,5693,5768,2000.0,1
9612,Branch_11089,994,996,2000.0,1
9613,Branch_11090,995,997,2000.0,1
9614,Branch_11091,5563,5565,42.24757076468103,1
9615,Branch_11092,5563,5562,42.24757076468103,1
9616,Branch_11093,5563,5564,42.24757076468103,1
9617,Branch_11094,5563,5566,75.7002271006813,1
9618,Branch_11096,425,426,11.668611435239207,1
9619,Branch_11097,7239,7241,11.560693641618498,1
9620,Branch_11098,7239,7240,11.55802126675913,1
9621,Branch_11099,7216,7239,2000.0,1
9622,Branch_11100,4546,9530,588.2352941176471,1
9623,Branch_11101,2589,2590,2000.0,1
9624,Branch_11102,7087,7729,2000.0,1
9625,Branch_11103,7087,7088,13.468013468013469,1
9626,Branch_11104,2835,3868,12.405408758218583,1
9627,Branch_11105,4472,4708,65.57377049180327,1
9628,Branch_11106,4247,4472,128.2051282051282,1
9629,Branch_11107,1704,1738,324.6753246753247,1
9630,Branch_11108,1716,1721,1333.3333333333333,1
9631,Branch_11109,1721,1722,1492.5373134328358,1
9632,Branch_11110,1697,1703,2000.0,1
9633,Branch_11111,1723,1733,2000.0,1
9634,Branch_11112,1721,1733,2000.0,1
9635,Branch_11113,1712,1728,2000.0,1
9636,Branch_11114,1710,1728,2000.0,1
9637,Branch_11115,968,1712,60.132291040288635,1
9638,Branch_11116,326,1721,70.2247191011236,1
9639,Branch_11118,105,1697,131.06159895150722,1
9640,Branch_11119,1707,1735,55.0357732526142,1
9641,Branch_11120,1712,1735,-427.35042735042737,1
9642,Branch_11121,1708,1735,9.869719699960521,1
9643,Branch_11122,1731,1736,-67.38544474393531,1
9644,Branch_11123,1712,1736,7.540909433677702,1
9645,Branch_11124,1738,1736,1.928491533922166,1
9646,Branch_11125,1697,1737,58.0046403712297,1
9647,Branch_11126,1721,1737,-336.7003367003367,1
9648,Branch_11127,1734,1737,10.466820180029307,1
9649,Branch_11128,1716,1732,10.22390348635109,1
9650,Branch_11129,1722,1730,10.282776349614396,1
9651,Branch_11130,1716,1698,-27.647221454243848,1
9652,Branch_11131,1714,1698,4.63907960660605,1
9653,Branch_11132,1725,1698,4.733279689496852,1
9654,Branch_11133,1717,1706,4.814636494944632,1
9655,Branch_11134,1729,1706,4.8954814706026335,1
9656,Branch_11135,1716,1706,-28.433323855558715,1
9657,Branch_11136,1722,1699,-28.441410693970422,1
9658,Branch_11137,1727,1699,4.569548528605374,1
9659,Branch_11138,1711,1699,4.710981297404249,1
9660,Branch_11139,1722,1696,82.44023083264634,1
9661,Branch_11140,1718,1696,5.9680114585820006,1
9662,Branch_11141,1724,1696,5.9680114585820006,1
9663,Branch_11142,1703,1702,40.06410256410256,1
9664,Branch_11143,1720,1702,5.681495369581274,1
9665,Branch_11144,1713,1702,5.631899076368551,1
9666,Branch_11145,1703,1705,44.150110375275936,1
9667,Branch_11146,1726,1705,5.636343140570398,1
9668,Branch_11147,1715,1705,5.5735146583435515,1
9669,Branch_11148,1703,1701,40.43671653861706,1
9670,Branch_11149,1709,1701,5.674080798910577,1
9671,Branch_11150,1719,1701,5.624613307835086,1
9672,Branch_11151,1165,1646,80.77544426494346,1
9673,Branch_11152,9534,9537,91.91176470588235,1
9674,Branch_11153,1488,1490,92.67840593141798,1
9675,Branch_11154,1488,1489,90.57971014492753,1
9676,Branch_11155,1493,1503,127.06480304955528,1
9677,Branch_11156,1493,1502,127.06480304955528,1
9678,Branch_11157,1485,1493,1562.5,1
9679,Branch_11158,1485,1493,2000.0,1
9680,Branch_11159,1567,1568,2000.0,1
9681,Branch_11160,7192,7636,12.108003390240949,1
9682,Branch_11167,628,1429,10.438413361169102,1
9683,Branch_11168,8892,8893,8.987956138774043,1
9684,Branch_11169,8892,8894,8.922198429693076,1
9685,Branch_11170,8887,8892,57.43825387708214,1
9686,Branch_11171,5889,5890,10.513036164844408,1
9687,Branch_11172,5889,5891,10.513036164844408,1
9688,Branch_11173,9587,9592,53.99568034557235,1
9689,Branch_11174,4302,4515,2000.0,1
9690,Branch_11175,950,1063,193.7984496124031,1
9691,Branch_11177,8249,8250,64.14368184733804,1
9692,Branch_11178,3824,3826,46.04051565377532,1
9693,Branch_11179,3825,3826,-438.5964912280702,1
9694,Branch_11180,3827,3826,9.013881377321075,1
9695,Branch_11181,3824,3828,46.27487274409995,1
9696,Branch_11182,3825,3828,-460.8294930875576,1
9697,Branch_11183,3829,3828,9.013881377321075,1
9698,Branch_11184,2895,2894,5.244663554832957,1
9699,Branch_11185,2896,2898,46.2962962962963,1
9700,Branch_11186,2897,2898,-458.7155963302752,1
9701,Branch_11187,2899,2898,8.951750067138125,1
9702,Branch_11188,2894,2897,95.23809523809524,1
9703,Branch_11189,747,749,2000.0,1
9704,Branch_11190,748,750,2000.0,1
9705,Branch_11191,36,747,120.48192771084338,1
9706,Branch_11192,36,748,119.76047904191617,1
9707,Branch_11195,5382,5383,15.581177937052042,1
9708,Branch_11196,5382,5384,15.790304752881731,1
9709,Branch_11197,9182,9180,9.149967975112087,1
9710,Branch_11198,9182,9181,9.067005168192946,1
9711,Branch_11199,9182,9179,9.094216078574027,1
9712,Branch_11200,5024,5022,9.487666034155598,1
9713,Branch_11201,5024,5023,9.428625306430323,1
9714,Branch_11202,8314,8315,7.81983109164842,1
9715,Branch_11203,4371,4965,72.09805335255948,1
9716,Branch_11204,294,293,4.738887309259786,1
9717,Branch_11205,294,303,4.738887309259786,1
9718,Branch_11206,294,295,4.738887309259786,1
9719,Branch_11207,294,296,4.738887309259786,1
9720,Branch_11208,294,297,4.738887309259786,1
9721,Branch_11209,294,298,4.738887309259786,1
9722,Branch_11210,294,299,4.738887309259786,1
9723,Branch_11211,294,300,4.738887309259786,1
9724,Branch_11212,294,301,4.738887309259786,1
9725,Branch_11213,294,302,4.738887309259786,1
9726,Branch_11214,7643,7642,17.31301939058172,1
9727,Branch_11215,7244,7643,5.396654074473826,1
9728,Branch_11216,7211,7643,324.6753246753247,1
9729,Branch_11217,7479,7742,65.359477124183,1
9730,Branch_11218,7742,7743,15.441630636195182,1
9731,Branch_11219,7742,7744,15.441630636195182,1
9732,Branch_11220,452,949,2000.0,1
9733,Branch_11221,452,451,3.863987635239567,1
9734,Branch_11222,1095,1096,2000.0,1
9735,Branch_11223,1097,1098,2000.0,1
9736,Branch_11224,1001,1096,116.68611435239207,1
9737,Branch_11225,1001,1098,116.68611435239207,1
9738,Branch_11226,5582,5754,56.433408577878104,1
9739,Branch_11227,9086,9089,47.68717215069147,1
9740,Branch_11228,9087,9088,47.68717215069147,1
9741,Branch_11229,9090,9089,17.33102253032929,1
9742,Branch_11230,9090,9088,17.23246596587972,1
9743,Branch_11231,5977,6642,12.067093037287318,1
9744,Branch_11232,443,444,13.145786775338504,1
9745,Branch_11233,443,1223,51.733057423693744,1
9746,Branch_11234,6143,6144,5.05050505050505,1
9747,Branch_11235,6143,6145,5.067653169817057,1
9748,Branch_11236,6143,6146,5.033472592741733,1
9749,Branch_11237,6952,7036,62.11180124223603,1
9750,Branch_11238,120,823,82.3045267489712,1
9751,Branch_11239,90,120,104.9317943336831,1
9752,Branch_11240,9187,9374,7.378440197742197,1
9753,Branch_11242,3435,3914,64.93506493506493,1
9754,Branch_11243,4546,4547,8.962982880702699,1
9755,Branch_11244,4546,4548,8.962982880702699,1
9756,Branch_11246,3246,3249,383.1417624521073,1
9757,Branch_11247,3247,3248,383.1417624521073,1
9758,Branch_11248,4617,4636,2000.0,1
9759,Branch_11249,5449,5450,5.558643690939411,1
9760,Branch_11250,9316,9536,81.23476848090984,1
9761,Branch_11251,9147,9536,3.772873042822109,1
9762,Branch_11252,5432,5425,46.44681839294008,1
9763,Branch_11253,5426,5425,21.312872975277067,1
9764,Branch_11254,5427,5425,87.33624454148472,1
9765,Branch_11255,5429,5435,46.59832246039143,1
9766,Branch_11256,5426,5435,-476.1904761904762,1
9767,Branch_11257,5434,5435,8.975854950184004,1
9768,Branch_11258,6897,7767,228.31050228310502,1
9769,Branch_11259,6897,6895,8.599191675982457,1
9770,Branch_11260,6897,6896,9.120758847136083,1
9771,Branch_11261,9858,9860,8.336112037345782,1
9772,Branch_11262,9858,9859,14.084507042253522,1
9773,Branch_11263,9732,9858,2000.0,1
9774,Branch_11264,3015,3013,19.876764062810576,1
9775,Branch_11269,3000,5325,127.8772378516624,1
9776,Branch_11271,5978,5979,11.266336187471834,1
9777,Branch_11273,3540,3891,19.249278152069298,1
9778,Branch_11274,3540,5316,87.7963125548727,1
9779,Branch_11275,9554,9574,62.30529595015577,1
9780,Branch_11276,9554,9576,62.5,1
9781,Branch_11277,9556,9557,2.375014843842774,1
9782,Branch_11278,9555,9557,-826.4462809917355,1
9783,Branch_11279,9554,9557,22.246941045606228,1
9784,Branch_11280,9554,9635,65.96306068601584,1
9785,Branch_11281,9554,9635,66.05019815059445,1
9786,Branch_11282,7855,7864,2000.0,1
9787,Branch_11283,7864,7862,9.903931860948797,1
9788,Branch_11284,7864,7863,9.963136395337251,1
9789,Branch_11286,8481,8515,2000.0,1
9790,Branch_11289,5345,5346,17.857142857142858,1
9791,Branch_11290,2794,5345,2000.0,1
9792,Branch_11291,7059,7456,12.823800974608874,1
9793,Branch_11292,7284,7456,5.437146585471944,1
9794,Branch_11293,1244,1245,103.84215991692628,1
9795,Branch_11294,1225,1625,52.79831045406547,1
9796,Branch_11295,6424,6425,56.49717514124294,1
9797,Branch_11296,6427,6425,-609.7560975609756,1
9798,Branch_11297,6426,6425,6.6970265202250205,1
9799,Branch_11298,6424,6428,56.59309564233163,1
9800,Branch_11299,6427,6428,-598.8023952095808,1
9801,Branch_11300,6429,6428,6.68493883280968,1
9802,Branch_11304,15,875,18.832391713747647,1
9803,Branch_11305,15,1039,106.38297872340425,1
9804,Branch_11306,1110,1112,17.167381974248926,1
9805,Branch_11307,812,814,16.307893020221787,1
9806,Branch_11308,812,816,16.307893020221787,1
9807,Branch_11309,812,815,16.307893020221787,1
9808,Branch_11310,812,813,18.11922449719152,1
9809,Branch_11311,686,812,2000.0,1
9810,Branch_11312,9378,9432,90.41591320072332,1
9811,Branch_11313,5498,5501,45.578851412944395,1
9812,Branch_11314,5499,5501,-400.0,1
9813,Branch_11315,5502,5501,8.92379082634303,1
9814,Branch_11316,9684,9683,8.810572687224669,1
9815,Branch_11317,9671,9684,45.22840343735866,1
9816,Branch_11318,5462,5461,12.007684918347742,1
9817,Branch_11323,2579,2701,170.94017094017093,1
9818,Branch_11324,1899,2427,259.7402597402597,1
9819,Branch_11325,1899,2219,65.01950585175553,1
9820,Branch_11327,1793,2214,30.61849357011635,1
9821,Branch_11329,2254,2321,229.88505747126436,1
9822,Branch_11330,1253,1254,4.60426354804549,1
9823,Branch_11331,701,703,216.45021645021646,1
9824,Branch_11332,894,895,2000.0,1
9825,Branch_11333,896,897,2000.0,1
9826,Branch_11334,893,895,2000.0,1
9827,Branch_11335,893,896,2000.0,1
9828,Branch_11336,4672,4673,29.061319383900027,1
9829,Branch_11337,5938,5937,9.480470231323473,1
9830,Branch_11338,5937,7402,11.52073732718894,1
9831,Branch_11339,6038,6197,7.002801120448179,1
9832,Branch_11340,6092,6123,24.05002405002405,1
9833,Branch_11341,6092,6197,9.416195856873824,1
9834,Branch_11342,1151,1152,2000.0,1
9835,Branch_11343,1150,1153,2000.0,1
9836,Branch_11344,919,921,2000.0,1
9837,Branch_11345,920,922,2000.0,1
9838,Branch_11346,2218,2710,68.02721088435374,1
9839,Branch_11347,1949,2268,99.60159362549801,1
9840,Branch_11348,2079,2187,30.959752321981423,1
9841,Branch_11349,2079,2253,204.08163265306123,1
9842,Branch_11351,7152,7741,158.9825119236884,1
9843,Branch_11352,7068,7066,5.356186395286556,1
9844,Branch_11353,7067,7066,5.356186395286556,1
9845,Branch_11354,7379,7378,3.3478406427854033,1
9846,Branch_11355,7377,7378,20.798668885191347,1
9847,Branch_11356,7376,7378,-154.5595054095827,1
9848,Branch_11357,7066,7376,296.7359050445104,1
9849,Branch_11358,7303,7507,56.2429696287964,1
9850,Branch_11359,1397,1398,12.189176011701608,1
9851,Branch_11360,195,1388,26.695141484249866,1
9852,Branch_11361,6922,6921,3.34817691766833,1
9853,Branch_11362,6922,7787,1408.4507042253522,1
9854,Branch_11363,159,1398,8.629616845012082,1
9855,Branch_11364,195,1398,2000.0,1
9856,Branch_11365,189,1647,746.2686567164179,1
9857,Branch_11366,1209,1397,1428.5714285714287,1
9858,Branch_11367,107,242,101.9367991845056,1
9859,Branch_11368,107,243,100.30090270812437,1
9860,Branch_11369,8413,8414,33.211557622052474,1
9861,Branch_11370,8413,8414,41.16920543433512,1
9862,Branch_11371,8374,8414,172.1170395869191,1
9863,Branch_11372,7799,7797,7.422802850356295,1
9864,Branch_11373,7799,7798,7.422802850356295,1
9865,Branch_11374,7800,7799,33.333333333333336,1
9866,Branch_11375,7795,7800,57.17552887364208,1
9867,Branch_11376,3831,3839,11.827321111768185,1
9868,Branch_11377,3836,3839,-113.76564277588169,1
9869,Branch_11378,3840,3839,5.889628364450203,1
9870,Branch_11379,3830,3842,10.703200256876807,1
9871,Branch_11380,3835,3842,-75.58578987150416,1
9872,Branch_11381,3841,3842,8.31739166597355,1
9873,Branch_11382,3831,3832,46.51162790697674,1
9874,Branch_11383,3838,3832,-485.43689320388347,1
9875,Branch_11384,3834,3832,8.959770629871874,1
9876,Branch_11385,9739,9737,9.668374746205163,1
9877,Branch_11386,9739,9738,9.668374746205163,1
9878,Branch_11387,6410,6475,5.140066820868672,1
9879,Branch_11388,9161,9162,8.160600620205647,1
9880,Branch_11389,9164,9165,13.468013468013469,1
9881,Branch_11390,9662,9664,2000.0,1
9882,Branch_11391,9664,9665,11.363636363636363,1
9883,Branch_11392,6912,7102,40.79967360261118,1
9884,Branch_11393,6822,7038,662.2516556291391,1
9885,Branch_11394,6823,7038,645.1612903225806,1
9886,Branch_11395,668,671,13.548299688389108,1
9887,Branch_11396,668,671,13.71553970648745,1
9888,Branch_11397,673,670,18.914318138831096,1
9889,Branch_11398,674,669,16.998130205677377,1
9890,Branch_11399,668,936,34.23485107839781,1
9891,Branch_11400,668,936,34.23485107839781,1
9892,Branch_11401,671,726,8.900756564307967,1
9893,Branch_11402,668,1615,16.215339711366955,1
9894,Branch_11403,258,259,4.784688995215311,1
9895,Branch_11404,258,260,4.784688995215311,1
9896,Branch_11405,257,258,2000.0,1
9897,Branch_11406,335,336,4.740235115661736,1
9898,Branch_11407,335,337,4.740235115661736,1
9899,Branch_11408,258,335,2000.0,1
9900,Branch_11409,6571,6575,47.80114722753346,1
9901,Branch_11410,4058,4742,60.20469596628537,1
9902,Branch_11411,4779,4780,10.025062656641603,1
9903,Branch_11412,518,519,2.886752691896885,1
9904,Branch_11413,517,519,2.880101379568561,1
9905,Branch_11414,517,518,2000.0,1
9906,Branch_11415,9236,9238,46.27487274409995,1
9907,Branch_11416,9237,9238,-460.8294930875576,1
9908,Branch_11417,9239,9238,8.932559178204556,1
9909,Branch_11418,684,1209,4.5024763619991,1
9910,Branch_11419,1397,1647,67.02412868632707,1
9911,Branch_11420,1203,1451,32.010243277848915,1
9912,Branch_11421,1203,1510,33.333333333333336,1
9913,Branch_11422,6015,6375,34.04834865509023,1
9914,Branch_11423,6024,6375,35.12469265893923,1
9915,Branch_11427,4801,4809,438.5964912280702,1
9916,Branch_11429,2048,2691,102.6694045174538,1
9917,Branch_11430,9558,9668,151.5151515151515,1
9918,Branch_11431,9668,9669,10.26167265264238,1
9919,Branch_11432,9668,9670,10.24485196188915,1
9920,Branch_11433,2794,3308,561.7977528089888,1
9921,Branch_11434,2794,4676,1298.7012987012988,1
9922,Branch_11435,3124,5268,152.67175572519085,1
9923,Branch_11437,36,38,38.095238095238095,1
9924,Branch_11438,36,38,38.095238095238095,1
9925,Branch_11439,36,40,2000.0,1
9926,Branch_11440,36,41,2000.0,1
9927,Branch_11441,38,42,2000.0,1
9928,Branch_11442,37,38,2000.0,1
9929,Branch_11443,36,43,2000.0,1
9930,Branch_11444,28,31,2000.0,1
9931,Branch_11445,28,34,2000.0,1
9932,Branch_11446,30,33,2000.0,1
9933,Branch_11447,36,39,2000.0,1
9934,Branch_11448,28,362,161.55088852988692,1
9935,Branch_11449,30,379,218.8183807439825,1
9936,Branch_11450,40,22,23.391812865497077,1
9937,Branch_11451,41,25,23.386342376052387,1
9938,Branch_11452,42,32,39.65107057890563,1
9939,Branch_11453,37,29,60.56935190793458,1
9940,Branch_11454,43,24,85.1063829787234,1
9941,Branch_11455,31,27,88.18342151675485,1
9942,Branch_11456,34,26,44.923629829290206,1
9943,Branch_11457,33,23,45.49590536851683,1
9944,Branch_11458,39,35,2.450980392156863,1
9945,Branch_11459,1614,1615,6.103515625,1
9946,Branch_11460,5641,5829,15.283509093687911,1
9947,Branch_11462,5641,5690,54.141851651326476,1
9948,Branch_11463,8676,8677,11.827321111768185,1
9949,Branch_11464,7185,7526,45.31037607612143,1
9950,Branch_11465,3081,3086,24.993751562109473,1
9951,Branch_11466,3084,3082,24.993751562109473,1
9952,Branch_11467,3085,3083,19.996000799840033,1
9953,Branch_11468,3081,3382,2000.0,1
9954,Branch_11469,3084,3382,2000.0,1
9955,Branch_11470,3085,3382,2000.0,1
9956,Branch_11479,7284,7420,4.127115146512588,1
9957,Branch_11480,3382,3727,2000.0,1
9958,Branch_11481,3382,3727,2000.0,1
9959,Branch_11483,4104,4382,57.70340450086555,1
9960,Branch_11484,530,531,1086.9565217391305,1
9961,Branch_11485,532,533,1041.6666666666667,1
9962,Branch_11489,2193,2194,2.632271650434325,1
9963,Branch_11490,884,885,2000.0,1
9964,Branch_11491,886,889,2000.0,1
9965,Branch_11492,887,888,2000.0,1
9966,Branch_11493,883,888,353.35689045936397,1
9967,Branch_11494,9247,9246,5.590027391134217,1
9968,Branch_11495,7036,7434,78.92659826361484,1
9969,Branch_11496,2448,2567,48.426150121065376,1
9970,Branch_11497,2227,2448,341.29692832764505,1
9971,Branch_11498,7032,7086,53.41880341880342,1
9972,Branch_11499,7493,7575,42.73504273504273,1
9973,Branch_11500,7032,7187,112.4859392575928,1
9974,Branch_11501,7914,7915,6.25,1
9975,Branch_11503,1747,1748,9.67305088024763,1
9976,Branch_11504,1747,1749,9.673986649898422,1
9977,Branch_11505,7303,7403,92.85051067780873,1
9978,Branch_11506,7303,7493,98.81422924901186,1
9979,Branch_11507,696,697,2000.0,1
9980,Branch_11508,698,699,2000.0,1
9981,Branch_11509,9275,9429,2000.0,1
9982,Branch_11510,9275,9430,2000.0,1
9983,Branch_11511,9429,9428,3.7815761609438816,1
9984,Branch_11512,9430,9431,3.7688915689895603,1
9985,Branch_11513,7835,7836,10.66894270777766,1
9986,Branch_11514,7476,7835,2000.0,1
9987,Branch_11515,3673,3897,42.46284501061571,1
9988,Branch_11516,1746,1745,9.004141905276427,1
9989,Branch_11517,7471,7648,7.311544929443591,1
9990,Branch_11518,7416,7471,13.30671989354624,1
9991,Branch_11519,4629,4625,27.277686852154936,1
9992,Branch_11520,4628,4626,27.700831024930746,1
9993,Branch_11521,4628,4627,39.635354736424894,1
9994,Branch_11522,3782,3783,-80.51529790660226,1
9995,Branch_11523,3781,3783,14.718869590815425,1
9996,Branch_11524,3779,3783,19.043991620643688,1
9997,Branch_11525,3778,3780,18.37897445322551,1
9998,Branch_11526,4620,4628,2000.0,1
9999,Branch_11527,4620,4629,2000.0,1
10000,Branch_11528,3782,4283,2000.0,1
10001,Branch_11529,3778,4283,2000.0,1
10002,Branch_11531,7139,7146,41.084634346754314,1
10003,Branch_11532,7137,7146,-454.54545454545456,1
10004,Branch_11533,7147,7146,6.72449734382355,1
10005,Branch_11534,7137,7149,9.469696969696969,1
10006,Branch_11535,7138,7149,-27.389756231169542,1
10007,Branch_11536,7148,7149,0.9746778689643073,1
10008,Branch_11543,7138,7176,17.33402669440111,1
10009,Branch_11544,2892,3267,10.507512871703268,1
10010,Branch_11545,9558,9635,62.46096189881324,1
10011,Branch_11546,9558,9635,62.53908692933083,1
10012,Branch_11547,6585,6594,2000.0,1
10013,Branch_11548,9157,9279,10.066438494060801,1
10014,Branch_11549,2892,5298,8.54627809588924,1
10015,Branch_11550,9345,9417,125.31328320802005,1
10016,Branch_11551,8586,8906,144.0922190201729,1
10017,Branch_11552,8906,8907,8.699434536755112,1
10018,Branch_11553,8906,8908,15.441630636195182,1
10019,Branch_11554,8906,8909,12.118274357731458,1
10020,Branch_11555,5121,9171,2000.0,1
10021,Branch_11556,3203,3201,12.470382840753212,1
10022,Branch_11557,3203,3201,12.470382840753212,1
10023,Branch_11558,3202,3206,77.51937984496124,1
10024,Branch_11559,3201,3206,65.359477124183,1
10025,Branch_11560,3207,3206,5.13083632632119,1
10026,Branch_11561,3202,3208,77.51937984496124,1
10027,Branch_11562,3201,3208,65.359477124183,1
10028,Branch_11563,3205,3208,5.13083632632119,1
10029,Branch_11564,9427,9436,2000.0,1
10030,Branch_11565,9242,9243,9.390553103577801,1
10031,Branch_11566,3203,3302,5.877858108505261,1
10032,Branch_11567,6681,6679,17.898693395382136,1
10033,Branch_11568,6681,6680,17.898693395382136,1
10034,Branch_11569,6606,6681,847.457627118644,1
10035,Branch_11570,8268,8269,14.413375612568464,1
10036,Branch_11571,7929,7928,7.012622720897616,1
10037,Branch_11572,5033,5032,8.594018563080096,1
10038,Branch_11573,4754,4755,24.224806201550386,1
10039,Branch_11574,2795,4754,234.192037470726,1
10040,Branch_11575,5271,5272,5.241090146750524,1
10041,Branch_11576,3095,4765,34.65003465003465,1
10042,Branch_11577,2269,2271,50.505050505050505,1
10043,Branch_11578,2270,2271,-326.797385620915,1
10044,Branch_11579,2272,2271,6.66000666000666,1
10045,Branch_11580,2269,2273,51.49330587023687,1
10046,Branch_11581,2270,2273,-344.82758620689657,1
10047,Branch_11582,2274,2273,6.607638430025109,1
10048,Branch_11583,9204,9366,2000.0,1
10049,Branch_11584,7740,7750,2000.0,1
10050,Branch_11585,8246,8247,5.767012687427912,1
10051,Branch_11586,8184,8183,14.30615164520744,1
10052,Branch_11587,8184,8183,8.435970980259828,1
10053,Branch_11588,4436,5297,90.17132551848512,1
10054,Branch_11589,4143,4436,33.9328130302002,1
10055,Branch_11590,2422,2424,6.802258349772124,1
10056,Branch_11591,2423,2421,6.802258349772124,1
10057,Branch_11592,1867,1869,4.597701149425287,1
10058,Branch_11593,1867,1868,2.0504408447816282,1
10059,Branch_11595,3748,5117,2000.0,1
10060,Branch_11596,4366,4965,78.67820613690007,1
10061,Branch_11597,9135,9242,59.701492537313435,1
10062,Branch_11598,8590,8591,46.08294930875576,1
10063,Branch_11599,8588,8591,-460.8294930875576,1
10064,Branch_11600,8593,8591,8.94854586129754,1
10065,Branch_11601,8590,8592,46.06172270842929,1
10066,Branch_11602,8588,8592,-462.962962962963,1
10067,Branch_11603,8594,8592,8.992805755395684,1
10068,Branch_11604,8588,8589,12.696800406297614,1
10069,Branch_11605,4353,5239,2000.0,1
10070,Branch_11606,4676,4674,36.062026685899745,1
10071,Branch_11607,4676,4675,36.062026685899745,1
10072,Branch_11608,5816,5861,2000.0,1
10073,Branch_11609,4236,4242,93.10986964618249,1
10074,Branch_11610,4237,4242,211.41649048625794,1
10075,Branch_11611,4243,4242,12.514078338130396,1
10076,Branch_11612,4236,4239,90.09009009009009,1
10077,Branch_11613,4235,4239,265.9574468085106,1
10078,Branch_11614,4241,4239,13.238019592268996,1
10079,Branch_11615,7984,7985,46.33920296570899,1
10080,Branch_11616,7983,7985,-454.54545454545456,1
10081,Branch_11617,7986,7985,8.94854586129754,1
10082,Branch_11618,6651,6652,12.035142616440005,1
10083,Branch_11619,1114,1115,109.64912280701755,1
10084,Branch_11620,4642,4677,2000.0,1
10085,Branch_11621,4642,4700,59.06674542232723,1
10086,Branch_11622,9599,9603,1190.4761904761904,1
10087,Branch_11623,9603,9604,5.29436679373147,1
10088,Branch_11624,5170,5171,5.555246930726071,1
10089,Branch_11625,3132,5170,5.974072525240456,1
10090,Branch_11626,3201,4122,28.49002849002849,1
10091,Branch_11628,4227,5289,2000.0,1
10092,Branch_11629,8901,8902,2000.0,1
10093,Branch_11630,2796,3499,714.2857142857143,1
10094,Branch_11631,3499,4669,2000.0,1
10095,Branch_11632,8129,8128,7.089181908407769,1
10096,Branch_11633,8139,8140,5.668934240362812,1
10097,Branch_11634,9142,9213,8.869179600886918,1
10098,Branch_11635,326,327,2000.0,1
10099,Branch_11636,328,329,2000.0,1
10100,Branch_11637,8232,8233,2.152389151958674,1
10101,Branch_11638,8233,8938,161.29032258064515,1
10102,Branch_11639,1001,1007,-529.1005291005291,1
10103,Branch_11640,1000,1007,51.440329218106996,1
10104,Branch_11641,1009,1007,10.165700925078784,1
10105,Branch_11645,999,1010,133.33333333333334,1
10106,Branch_11646,1000,1010,88.261253309797,1
10107,Branch_11647,1008,1010,9.885330170027679,1
10108,Branch_11648,1005,1011,-174.52006980802793,1
10109,Branch_11649,999,1011,23.452157598499063,1
10110,Branch_11650,1012,1011,5.977286312014345,1
10111,Branch_11651,999,1185,58.07200929152149,1
10112,Branch_11652,999,1186,56.98005698005698,1
10113,Branch_11653,3465,4079,45.662100456621005,1
10114,Branch_11654,4026,4079,155.52099533437013,1
10115,Branch_11655,1117,1129,2000.0,1
10116,Branch_11656,1117,1129,2000.0,1
10117,Branch_11657,7226,7550,60.09615384615385,1
10118,Branch_11658,7226,7427,41.98152812762385,1
10119,Branch_11659,6509,6651,408.16326530612247,1
10120,Branch_11660,817,818,5.430355688297584,1
10121,Branch_11661,667,1672,2000.0,1
10122,Branch_11662,7022,7080,5.561735261401557,1
10123,Branch_11663,7080,7352,30.211480362537763,1
10124,Branch_11664,4043,4042,10.554089709762533,1
10125,Branch_11665,4041,4042,-165.28925619834712,1
10126,Branch_11666,4044,4042,2.401998462720984,1
10127,Branch_11667,4726,4737,2000.0,1
10128,Branch_11668,2969,4564,34.27004797806717,1
10129,Branch_11669,3095,4564,261.78010471204186,1
10130,Branch_11670,3966,4635,114.94252873563218,1
10131,Branch_11671,3058,4635,111.98208286674132,1
10132,Branch_11672,3049,4083,94.9667616334283,1
10133,Branch_11673,2883,2882,6.231306081754735,1
10134,Branch_11674,2883,2935,27.3224043715847,1
10135,Branch_11678,3805,3809,45.187528242205154,1
10136,Branch_11679,3800,3809,467.2897196261682,1
10137,Branch_11683,1574,1575,2000.0,1
10138,Branch_11684,1573,1576,2000.0,1
10139,Branch_11685,4287,4286,7.610350076103501,1
10140,Branch_11686,4285,4286,100.0,1
10141,Branch_11687,4289,4286,3.0712530712530715,1
10142,Branch_11688,8129,8685,37.105751391465674,1
10143,Branch_11689,8139,8685,23.266635644485806,1
10144,Branch_11690,1416,1576,166.9449081803005,1
10145,Branch_11691,3677,4045,2000.0,1
10146,Branch_11692,3303,4616,16.466326362588507,1
10147,Branch_11693,4567,4616,68.3526999316473,1
10148,Branch_11694,4616,5215,50.403225806451616,1
10149,Branch_11695,4616,5215,51.36106831022085,1
10150,Branch_11696,4616,5215,50.68423720223011,1
10151,Branch_11697,3898,4598,35.29827038475115,1
10152,Branch_11698,4483,4598,97.0873786407767,1
10153,Branch_11699,3469,4598,201.61290322580646,1
10154,Branch_11701,761,762,2000.0,1
10155,Branch_11702,4107,4103,30.959752321981423,1
10156,Branch_11703,4104,4103,-384.61538461538464,1
10157,Branch_11704,4106,4103,8.176614881439084,1
10158,Branch_11705,4107,4102,30.959752321981423,1
10159,Branch_11706,4104,4102,-384.61538461538464,1
10160,Branch_11707,4105,4102,10.81081081081081,1
10161,Branch_11708,8872,8871,56.21135469364812,1
10162,Branch_11709,8374,8443,193.05019305019306,1
10163,Branch_11710,8777,8776,10.498687664041995,1
10164,Branch_11711,1820,2638,53.05039787798408,1
10165,Branch_11712,2104,2700,51.3347022587269,1
10166,Branch_11713,2219,2221,2000.0,1
10167,Branch_11715,2321,2719,1666.6666666666667,1
10168,Branch_11716,105,5475,39.635354736424894,1
10169,Branch_11717,105,5475,39.666798889329634,1
10170,Branch_11719,1923,2234,147.92899408284023,1
10171,Branch_11720,4566,5293,15.126304643775526,1
10172,Branch_11721,4122,4566,120.91898428053204,1
10173,Branch_11722,5976,5975,10.612331529236974,1
10174,Branch_11723,5976,5975,10.574177857671566,1
10175,Branch_11724,5975,5977,2000.0,1
10176,Branch_11725,4882,4883,14.677821811243211,1
10177,Branch_11726,4882,4884,10.529640939243972,1
10178,Branch_11727,4882,4885,15.812776723592663,1
10179,Branch_11729,4870,4882,1960.7843137254902,1
10180,Branch_11730,8548,8550,10.702054794520548,1
10181,Branch_11731,8549,8550,-71.83908045977012,1
10182,Branch_11732,8551,8550,2.6010508245331114,1
10183,Branch_11733,8548,8552,10.40582726326743,1
10184,Branch_11734,8549,8552,-63.775510204081634,1
10185,Branch_11735,8553,8552,2.467003823855927,1
10186,Branch_11736,8548,8554,19.043991620643688,1
10187,Branch_11737,7106,7107,1.6337199803953601,1
10188,Branch_11738,7106,7108,1.7723268879712173,1
10189,Branch_11739,873,1317,68.02721088435374,1
10190,Branch_11740,107,109,-248.75621890547265,1
10191,Branch_11741,105,109,54.614964500273075,1
10192,Branch_11742,110,109,10.619093129446744,1
10193,Branch_11743,107,111,-248.75621890547265,1
10194,Branch_11744,105,111,55.09641873278237,1
10195,Branch_11745,112,111,10.771219302024988,1
10196,Branch_11746,107,113,-243.90243902439025,1
10197,Branch_11747,105,113,54.31830526887561,1
10198,Branch_11748,114,113,10.573059843518715,1
10199,Branch_11749,6775,6774,15.28117359413203,1
10200,Branch_11750,6649,6775,2000.0,1
10201,Branch_11751,2666,2671,27.100271002710027,1
10202,Branch_11752,2665,2671,-476.1904761904762,1
10203,Branch_11753,2673,2671,19.29384526336099,1
10204,Branch_11754,2666,2672,27.233115468409586,1
10205,Branch_11755,2665,2672,-375.9398496240602,1
10206,Branch_11756,2674,2672,6.572461386789352,1
10207,Branch_11757,2666,2669,26.595744680851062,1
10208,Branch_11758,2665,2669,-270.27027027027026,1
10209,Branch_11759,2670,2669,6.574621959237344,1
10210,Branch_11760,907,1202,2000.0,1
10211,Branch_11761,907,1202,2000.0,1
