l,branch_name,from_bus,to_bus,suscept,available
1,Branch_1,5775,5873,143.67816091954023,1
2,Branch_2,5694,6838,2000.0,1
3,Branch_3,6569,6584,2000.0,1
4,Branch_4,5098,5376,51.4668039114771,1
5,Branch_5,6457,6992,127.2264631043257,1
6,Branch_6,6676,6875,89.28571428571429,1
7,Branch_7,9567,10151,2000.0,1
8,Branch_8,3842,4261,67.24949562878278,1
9,Branch_9,3910,4261,72.67441860465117,1
10,Branch_10,4261,4290,129.5336787564767,1
11,Branch_11,4489,5112,2000.0,1
12,Branch_12,2667,2695,28.153153153153152,1
13,Branch_13,4463,5164,1123.5955056179776,1
14,Branch_14,5164,5354,182.4817518248175,1
15,Branch_15,4809,5303,159.4896331738437,1
16,Branch_18,6534,7076,138.69625520110958,1
17,Branch_19,6534,6883,87.71929824561404,1
18,Branch_20,5303,6883,107.29613733905579,1
19,Branch_22,5017,6291,107.75862068965517,1
20,Branch_23,6291,7076,375.9398496240602,1
21,Branch_24,5985,7078,57.93742757821553,1
22,Branch_25,5017,7078,74.96251874062969,1
23,Branch_26,2214,2443,11.723329425556859,1
24,Branch_27,4463,5800,289.8550724637681,1
25,Branch_28,4639,5985,36.205648081100655,1
26,Branch_29,5239,6631,112.73957158962796,1
27,Branch_30,5077,5239,75.24454477050413,1
28,Branch_31,6631,6751,58.75440658049354,1
29,Branch_32,4639,5239,50.53057099545225,1
30,Branch_33,4847,5985,28.951939779965258,1
31,Branch_34,4847,4848,342.4657534246575,1
32,Branch_35,5140,5985,46.403712296983755,1
33,Branch_36,5140,5664,18.96453631708705,1
34,Branch_37,4848,5136,58.9622641509434,1
35,Branch_38,2018,2741,342.4657534246575,1
36,Branch_39,5438,6873,160.0,1
37,Branch_40,4426,5918,256.4102564102564,1
38,Branch_41,5438,6949,649.3506493506494,1
39,Branch_42,5056,6949,1639.344262295082,1
40,Branch_43,4426,5056,156.49452269170578,1
41,Branch_46,4848,7076,96.15384615384616,1
42,Branch_47,2219,2846,117.78563015312132,1
43,Branch_49,5055,5920,97.18172983479106,1
44,Branch_50,5055,5417,826.4462809917355,1
45,Branch_51,5417,5439,793.6507936507936,1
46,Branch_52,6318,6873,150.37593984962405,1
47,Branch_53,5439,6318,1075.268817204301,1
48,Branch_56,6288,6297,157.48031496062993,1
49,Branch_57,6297,7068,1282.051282051282,1
50,Branch_58,5018,6297,268.81720430107526,1
51,Branch_60,5391,6835,78.98894154818325,1
52,Branch_63,5133,6835,115.2073732718894,1
53,Branch_64,5133,6887,346.02076124567475,1
54,Branch_65,6595,6887,134.2281879194631,1
55,Branch_66,5351,5857,166.9449081803005,1
56,Branch_70,5351,5391,200.40080160320642,1
57,Branch_71,5391,6855,165.56291390728478,1
58,Branch_73,4693,6887,50.25125628140704,1
59,Branch_74,5857,6288,126.90355329949239,1
60,Branch_75,6288,6296,157.48031496062993,1
61,Branch_76,6296,7067,1562.5,1
62,Branch_77,2314,2582,76.21951219512195,1
63,Branch_78,5612,5800,283.28611898017,1
64,Branch_80,5214,6007,980.3921568627451,1
65,Branch_85,4990,6007,222.22222222222223,1
66,Branch_87,6007,6956,166.11295681063123,1
67,Branch_93,4682,4990,2000.0,1
68,Branch_94,4682,6117,163.3986928104575,1
69,Branch_95,5872,6117,434.7826086956522,1
70,Branch_97,6288,6956,2000.0,1
71,Branch_98,4692,6803,59.73715651135006,1
72,Branch_99,4692,6009,55.40166204986149,1
73,Branch_100,5829,5872,98.91196834817013,1
74,Branch_101,5456,5829,59.171597633136095,1
75,Branch_102,5456,5750,58.445353594389246,1
76,Branch_103,6009,6884,163.3986928104575,1
77,Branch_104,4692,5750,37.764350453172206,1
78,Branch_105,6051,6058,276.24309392265195,1
79,Branch_106,6050,6058,276.24309392265195,1
80,Branch_107,1866,2741,142.65335235378032,1
81,Branch_110,4910,6076,344.82758620689657,1
82,Branch_112,5589,6873,201.61290322580646,1
83,Branch_113,5560,6834,116.95906432748538,1
84,Branch_114,5121,6886,145.5604075691412,1
85,Branch_115,5132,6834,115.2073732718894,1
86,Branch_116,5132,6886,346.02076124567475,1
87,Branch_117,5560,5589,173.91304347826087,1
88,Branch_118,4693,5121,76.74597083653109,1
89,Branch_119,6594,6886,134.2281879194631,1
90,Branch_120,5589,6441,248.75621890547265,1
91,Branch_121,5872,6116,434.7826086956522,1
92,Branch_122,6008,6116,107.9913606911447,1
93,Branch_123,5213,6008,980.3921568627451,1
94,Branch_124,6008,6957,166.11295681063123,1
95,Branch_125,6288,6957,2000.0,1
96,Branch_130,4910,6076,346.02076124567475,1
97,Branch_131,3879,4054,32.102728731942214,1
98,Branch_133,5352,6288,70.77140835102618,1
99,Branch_134,5352,5392,200.40080160320642,1
100,Branch_135,5392,5561,80.84074373484236,1
101,Branch_136,5590,6873,201.61290322580646,1
102,Branch_137,5561,5590,177.3049645390071,1
103,Branch_138,5392,6854,165.56291390728478,1
104,Branch_139,5590,6442,248.75621890547265,1
105,Branch_141,4910,5873,574.7126436781609,1
106,Branch_142,6998,7079,188.32391713747646,1
107,Branch_143,5347,5685,68.87052341597796,1
108,Branch_144,5685,6857,51.84033177812338,1
109,Branch_145,5347,6137,65.7030223390276,1
110,Branch_146,6137,6998,134.40860215053763,1
111,Branch_147,2281,2551,75.52870090634441,1
112,Branch_148,4910,5873,571.4285714285714,1
113,Branch_149,2583,2710,73.31378299120234,1
114,Branch_150,4096,4575,68.1663258350375,1
115,Branch_151,5093,5421,148.5884101040119,1
116,Branch_152,4502,7079,52.43838489774515,1
117,Branch_153,4557,5093,85.98452278589853,1
118,Branch_154,4502,4557,138.50415512465375,1
119,Branch_155,3893,4137,29.585798816568047,1
120,Branch_156,5674,7080,139.08205841446454,1
121,Branch_157,5725,7079,66.09385327164574,1
122,Branch_158,4512,5725,202.83975659229208,1
123,Branch_159,4502,5725,253.80710659898477,1
124,Branch_160,4510,6108,2000.0,1
125,Branch_161,4512,6108,2000.0,1
126,Branch_162,2897,3497,212.7659574468085,1
127,Branch_163,6742,6839,209.20502092050208,1
128,Branch_164,6742,7079,58.37711617046118,1
129,Branch_165,6603,6742,571.4285714285714,1
130,Branch_167,3159,3535,24.81389578163772,1
131,Branch_168,9517,10020,63.45177664974619,1
132,Branch_169,10020,10112,63.73486297004462,1
133,Branch_170,10020,10185,21.734405564007826,1
134,Branch_171,9568,9601,258.3979328165375,1
135,Branch_172,10185,10261,123.60939431396787,1
136,Branch_173,9568,10261,2000.0,1
137,Branch_174,9601,9602,31.12356053532524,1
138,Branch_175,9601,10206,27.151778441487917,1
139,Branch_176,9602,10009,2000.0,1
140,Branch_177,9733,10009,61.61429451632779,1
141,Branch_178,2335,2831,81.03727714748784,1
142,Branch_179,4683,5919,104.9317943336831,1
143,Branch_180,6732,7018,1538.4615384615386,1
144,Branch_181,5575,6732,149.7005988023952,1
145,Branch_182,5575,5917,1960.7843137254902,1
146,Branch_183,4462,5917,353.35689045936397,1
147,Branch_184,4683,7018,751.8796992481203,1
148,Branch_185,4909,5917,2000.0,1
149,Branch_186,2354,2472,21.408691928923144,1
150,Branch_187,4462,5916,353.35689045936397,1
151,Branch_188,5663,6663,117.9245283018868,1
152,Branch_189,6733,7085,124.06947890818859,1
153,Branch_190,5922,6663,119.47431302270012,1
154,Branch_191,6663,7017,621.1180124223603,1
155,Branch_192,5574,5916,199.20318725099602,1
156,Branch_193,5778,7085,126.26262626262626,1
157,Branch_194,5574,5778,1754.3859649122808,1
158,Branch_195,6733,7017,1538.4615384615386,1
159,Branch_196,4908,5916,2000.0,1
160,Branch_198,2790,3059,15.299877600979192,1
161,Branch_199,4985,5873,291.5451895043732,1
162,Branch_200,4462,5163,116.95906432748538,1
163,Branch_203,1842,2621,20.837674515524068,1
164,Branch_204,4173,4388,19.04036557501904,1
165,Branch_205,3860,4045,34.73428273706148,1
166,Branch_206,4045,4388,31.201248049921997,1
167,Branch_207,2621,2819,46.2962962962963,1
168,Branch_210,4043,4099,97.46588693957115,1
169,Branch_212,4388,4407,39.666798889329634,1
170,Branch_213,4043,4407,70.52186177715092,1
171,Branch_215,4028,4145,64.06149903907752,1
172,Branch_216,4028,4256,126.26262626262626,1
173,Branch_217,4028,4350,45.20795660036166,1
174,Branch_218,4046,4145,73.96449704142012,1
175,Branch_219,4040,4350,45.20795660036166,1
176,Branch_220,4046,4388,35.4735721887194,1
177,Branch_223,1936,1958,59.701492537313435,1
178,Branch_225,1978,3691,17.911517105498834,1
179,Branch_226,8528,8593,223.71364653243847,1
180,Branch_227,5381,6990,15.559358954411078,1
181,Branch_228,4947,6468,9.462528387585163,1
182,Branch_229,4947,6357,2000.0,1
183,Branch_230,4947,4948,2000.0,1
184,Branch_231,4471,4948,18.050541516245488,1
185,Branch_232,4947,6570,2000.0,1
186,Branch_236,2592,2691,7.957981855801369,1
187,Branch_237,3952,4282,96.06147934678194,1
188,Branch_238,5195,5854,11.64551065564225,1
189,Branch_239,5195,5764,17.37921445950643,1
190,Branch_241,5855,6231,46.62004662004662,1
191,Branch_242,4827,6231,2000.0,1
192,Branch_243,5381,6467,35.98416696653472,1
193,Branch_244,6231,6467,19.952114924181963,1
194,Branch_245,3991,4122,165.8374792703151,1
195,Branch_246,3840,3991,72.04610951008645,1
196,Branch_247,3991,4292,333.3333333333333,1
197,Branch_248,3995,4122,763.3587786259542,1
198,Branch_249,3840,3989,47.57373929590866,1
199,Branch_250,3989,4485,29.394473838918284,1
200,Branch_251,4812,7023,23.507287259050305,1
201,Branch_252,4485,7023,16.863406408094434,1
202,Branch_253,4812,6751,32.733224222585925,1
203,Branch_255,2227,3350,20.755500207555002,1
204,Branch_256,3913,4410,10.050251256281406,1
205,Branch_257,3912,4119,85.5431993156544,1
206,Branch_258,4194,4292,34.18803418803419,1
207,Branch_259,4079,4194,34.18803418803419,1
208,Branch_260,4035,4119,28.240609997175937,1
209,Branch_261,4035,4270,28.87669650591972,1
210,Branch_262,4035,4079,15.688735487919674,1
211,Branch_263,3912,3913,43.440486533449175,1
212,Branch_266,4070,4270,65.57377049180327,1
213,Branch_267,4025,4270,2000.0,1
214,Branch_268,3886,4410,313.47962382445144,1
215,Branch_269,3886,4099,45.08566275924256,1
216,Branch_270,1914,2336,43.802014892685065,1
217,Branch_271,3952,4419,2000.0,1
218,Branch_272,4190,4211,56.882821387940844,1
219,Branch_273,4135,4171,82.98755186721992,1
220,Branch_277,4190,4400,42.62574595055413,1
221,Branch_278,3949,4211,892.8571428571429,1
222,Branch_279,3864,4054,14.84560570071259,1
223,Branch_280,3864,4400,20.990764063811923,1
224,Branch_281,2503,2691,7.737542556484061,1
225,Branch_282,3874,4117,24.33682161109759,1
226,Branch_283,4128,4377,143.88489208633092,1
227,Branch_284,4024,4128,77.33952049497293,1
228,Branch_285,3874,4292,12.12856276531231,1
229,Branch_286,4220,4318,62.93266205160478,1
230,Branch_287,4024,4246,50.70993914807302,1
231,Branch_288,4126,4220,42.5531914893617,1
232,Branch_289,4128,4134,23.872045834328002,1
233,Branch_290,3874,4220,42.99226139294927,1
234,Branch_291,4126,4147,30.497102775236353,1
235,Branch_292,4246,4318,27.01242571582928,1
236,Branch_293,4155,4377,38.02281368821293,1
237,Branch_294,4134,4400,81.76614881439085,1
238,Branch_295,4095,4134,847.457627118644,1
239,Branch_296,3861,4320,16.331863465621428,1
240,Branch_297,4137,4288,273.972602739726,1
241,Branch_298,3861,4147,26.72367717797969,1
242,Branch_299,4288,4320,20.124773596297043,1
243,Branch_300,2628,2692,15.121729925903523,1
244,Branch_301,4985,5612,162.07455429497568,1
245,Branch_302,3936,3949,33.244680851063826,1
246,Branch_303,3936,4135,48.2392667631452,1
247,Branch_304,4135,4292,23.674242424242426,1
248,Branch_305,2556,3865,11.665888940737284,1
249,Branch_306,2556,2782,37.85011355034065,1
250,Branch_309,5888,6837,32.6797385620915,1
251,Branch_310,5059,5696,41.63197335553705,1
252,Branch_311,5696,6837,216.91973969631238,1
253,Branch_312,5087,6842,90.66183136899366,1
254,Branch_313,5170,6929,68.4931506849315,1
255,Branch_314,5170,5830,526.3157894736842,1
256,Branch_316,5830,6453,189.3939393939394,1
257,Branch_317,6453,6523,117.37089201877934,1
258,Branch_318,5330,6073,173.61111111111111,1
259,Branch_319,6073,6930,113.25028312570781,1
260,Branch_320,4905,6453,229.3577981651376,1
261,Branch_321,4905,6842,110.01100110011001,1
262,Branch_322,5330,6860,16.142050040355127,1
263,Branch_323,5821,6751,37.93626707132018,1
264,Branch_324,5718,5821,87.26003490401396,1
265,Branch_327,2367,2627,13.498920086393088,1
266,Branch_328,5246,6751,35.842293906810035,1
267,Branch_329,5900,5962,116.14401858304298,1
268,Branch_330,5033,6901,2000.0,1
269,Branch_332,5900,6901,105.3740779768177,1
270,Branch_333,5246,5962,98.13542688910697,1
271,Branch_334,5900,6176,222.71714922048997,1
272,Branch_335,4809,6176,869.5652173913044,1
273,Branch_336,5488,6676,57.3394495412844,1
274,Branch_337,2217,2627,6.699718611818303,1
275,Branch_338,8632,9021,134.04825737265415,1
276,Branch_339,4783,5488,14.940983116689079,1
277,Branch_340,7182,8262,59.45303210463734,1
278,Branch_341,7931,8262,81.9000819000819,1
279,Branch_343,7503,8283,30.48780487804878,1
280,Branch_344,7182,7503,2000.0,1
281,Branch_345,4783,6751,27.616680475006905,1
282,Branch_346,1842,1938,93.10986964618249,1
283,Branch_347,7026,7057,343.64261168384877,1
284,Branch_348,5920,7057,140.0560224089636,1
285,Branch_349,4452,7057,217.3913043478261,1
286,Branch_350,5332,6953,43.936731107205624,1
287,Branch_351,4452,5026,108.57763300760044,1
288,Branch_352,4441,7026,174.21602787456445,1
289,Branch_353,5332,5386,227.79043280182233,1
290,Branch_354,5064,5332,160.25641025641025,1
291,Branch_355,5064,7038,103.41261633919338,1
292,Branch_356,5026,5386,282.4858757062147,1
293,Branch_357,2050,2628,19.440124416796266,1
294,Branch_358,5046,5319,68.68131868131869,1
295,Branch_359,5308,5319,226.75736961451247,1
296,Branch_360,4558,5242,129.5336787564767,1
297,Branch_361,5219,6730,92.08103130755065,1
298,Branch_362,4454,5308,60.09615384615385,1
299,Branch_363,5242,5918,103.95010395010395,1
300,Branch_364,5757,6730,129.87012987012986,1
301,Branch_365,4454,5317,153.60983102918587,1
302,Branch_366,5308,6636,787.4015748031496,1
303,Branch_367,4558,5319,103.30578512396694,1
304,Branch_368,5317,6730,2000.0,1
305,Branch_369,7522,7869,30.084235860409144,1
306,Branch_370,2232,2690,133.5113484646195,1
307,Branch_371,5437,5657,869.5652173913044,1
308,Branch_372,5437,6770,264.55026455026456,1
309,Branch_373,5437,7091,215.05376344086022,1
310,Branch_376,5095,6770,729.92700729927,1
311,Branch_377,4630,5095,534.75935828877,1
312,Branch_378,4630,5597,153.60983102918587,1
313,Branch_379,3043,3645,17.23543605653223,1
314,Branch_380,4125,4267,23.91772303276728,1
315,Branch_381,4125,4287,43.2338953739732,1
316,Branch_382,4137,4287,11.560693641618498,1
317,Branch_383,4099,4267,37.453183520599254,1
318,Branch_384,3203,3276,139.66480446927375,1
319,Branch_385,3850,4173,114.41647597254004,1
320,Branch_386,4212,4253,558.659217877095,1
321,Branch_387,3850,4212,114.41647597254004,1
322,Branch_388,4099,4253,16.046213093709884,1
323,Branch_389,2034,2217,15.733165512901195,1
324,Branch_390,2755,2887,12.196609342602756,1
325,Branch_391,3863,4039,578.0346820809249,1
326,Branch_392,3863,4034,32.1646831778707,1
327,Branch_393,4031,4034,80.64516129032258,1
328,Branch_394,4022,4034,151.9756838905775,1
329,Branch_395,4019,4031,134.9527665317139,1
330,Branch_396,4022,4026,95.51098376313276,1
331,Branch_397,4019,4099,353.35689045936397,1
332,Branch_398,3897,4019,144.50867052023122,1
333,Branch_399,4022,4256,183.8235294117647,1
334,Branch_400,4038,4039,2000.0,1
335,Branch_401,7418,8251,2000.0,1
336,Branch_402,4502,6476,102.56410256410257,1
337,Branch_403,6476,6666,186.9158878504673,1
338,Branch_404,6607,6666,215.9827213822894,1
339,Branch_405,2284,2307,34.36426116838488,1
340,Branch_406,278,1637,1515.1515151515152,1
341,Branch_407,278,1637,1515.1515151515152,1
342,Branch_408,910,1637,178.57142857142858,1
343,Branch_409,910,1637,178.57142857142858,1
344,Branch_410,910,919,1030.9278350515465,1
345,Branch_411,910,919,1030.9278350515465,1
346,Branch_412,919,1814,448.4304932735426,1
347,Branch_413,919,1814,448.4304932735426,1
348,Branch_414,7623,8028,1315.7894736842106,1
349,Branch_415,7333,7623,258.3979328165375,1
350,Branch_416,7502,7810,1234.567901234568,1
351,Branch_417,7810,8193,90.00900090009002,1
352,Branch_419,7418,7810,100.50251256281408,1
353,Branch_421,7487,8193,149.92503748125938,1
354,Branch_422,1118,1594,2000.0,1
355,Branch_423,61,1594,19.036740909956215,1
356,Branch_424,15,1594,132.4503311258278,1
357,Branch_425,8028,8029,390.625,1
358,Branch_426,235,728,485.43689320388347,1
359,Branch_427,77,235,184.1620626151013,1
360,Branch_428,998,1262,645.1612903225806,1
361,Branch_429,7244,7246,75.18796992481202,1
362,Branch_430,7244,7245,75.18796992481202,1
363,Branch_431,90,993,374.53183520599254,1
364,Branch_432,4919,6322,2000.0,1
365,Branch_433,9640,9641,2000.0,1
366,Branch_434,8059,8061,235.2941176470588,1
367,Branch_435,8059,8060,724.6376811594203,1
368,Branch_436,7852,8060,28.555111364934323,1
369,Branch_437,7400,7873,62.93266205160478,1
370,Branch_438,7956,7957,806.4516129032259,1
371,Branch_439,7955,7956,2000.0,1
372,Branch_440,1682,1716,45.433893684688776,1
373,Branch_441,7566,7885,50.403225806451616,1
374,Branch_442,7332,7885,2000.0,1
375,Branch_443,7331,7885,2000.0,1
376,Branch_444,7885,8068,42.99226139294927,1
377,Branch_445,7873,7874,2000.0,1
378,Branch_446,7874,8211,31.575623618566468,1
379,Branch_447,648,915,116.95906432748538,1
380,Branch_448,7974,7976,75.18796992481202,1
381,Branch_449,7974,7975,75.18796992481202,1
382,Branch_450,7367,7974,71.78750897343862,1
383,Branch_451,7404,7874,71.32667617689016,1
384,Branch_452,7314,7404,253.16455696202533,1
385,Branch_453,7314,7404,263.85224274406335,1
386,Branch_454,7404,8190,2000.0,1
387,Branch_455,7393,8211,1818.1818181818182,1
388,Branch_456,7393,8211,1639.344262295082,1
389,Branch_457,552,728,526.3157894736842,1
390,Branch_458,728,1041,239.8081534772182,1
391,Branch_459,7393,7772,49.14004914004914,1
392,Branch_460,4737,5458,2000.0,1
393,Branch_461,7149,7326,2000.0,1
394,Branch_462,7149,7232,81.23476848090984,1
395,Branch_463,7150,7955,129.87012987012986,1
396,Branch_464,7150,7326,2000.0,1
397,Branch_465,1041,1073,2000.0,1
398,Branch_466,1041,1075,2000.0,1
399,Branch_467,8063,8195,183.8235294117647,1
400,Branch_469,7497,8063,1123.5955056179776,1
401,Branch_470,7497,8063,1123.5955056179776,1
402,Branch_471,7404,7721,33.467202141900934,1
403,Branch_472,7404,7721,36.48303538854433,1
404,Branch_474,7434,8145,292.39766081871346,1
405,Branch_477,7326,7327,2000.0,1
406,Branch_478,7940,7941,450.45045045045043,1
407,Branch_479,7939,8399,1111.111111111111,1
408,Branch_480,7939,8145,1315.7894736842106,1
409,Branch_481,7939,7940,2000.0,1
410,Branch_482,7235,7236,241.54589371980677,1
411,Branch_483,7233,7235,2000.0,1
412,Branch_484,7233,8060,65.1890482398957,1
413,Branch_486,7721,8112,2000.0,1
414,Branch_487,7566,8199,32.22687721559781,1
415,Branch_488,7417,7566,1851.851851851852,1
416,Branch_490,924,991,431.0344827586207,1
417,Branch_491,7476,8211,72.46376811594203,1
418,Branch_492,7418,7723,2000.0,1
419,Branch_493,4615,4623,2000.0,1
420,Branch_494,61,1509,64.35006435006434,1
421,Branch_495,8199,8200,221.72949002217294,1
422,Branch_496,7237,8199,1470.5882352941176,1
423,Branch_497,7237,8199,1470.5882352941176,1
424,Branch_498,8051,8053,191.57088122605364,1
425,Branch_499,8051,8191,2000.0,1
426,Branch_500,8051,8052,191.57088122605364,1
427,Branch_501,8034,8051,2000.0,1
428,Branch_502,420,1041,161.81229773462783,1
429,Branch_503,7415,7818,2000.0,1
430,Branch_504,7965,7974,2000.0,1
431,Branch_505,7247,7249,2000.0,1
432,Branch_506,7261,8064,2000.0,1
433,Branch_507,7247,7261,2000.0,1
434,Branch_508,76,1110,1612.9032258064517,1
435,Branch_509,76,1467,147.49262536873155,1
436,Branch_510,76,1467,143.88489208633092,1
437,Branch_511,7147,8194,8.88651915044877,1
438,Branch_512,7487,8194,23.245002324500234,1
439,Branch_513,7955,8046,81.9000819000819,1
440,Branch_514,8045,8046,2000.0,1
441,Branch_515,7150,7764,99.10802775024777,1
442,Branch_516,7764,8111,1369.86301369863,1
443,Branch_517,7764,8112,132.6259946949602,1
444,Branch_518,7721,7764,125.62814070351759,1
445,Branch_519,7764,8006,66.66666666666667,1
446,Branch_520,648,1124,2000.0,1
447,Branch_521,8227,8420,341.29692832764505,1
448,Branch_522,8419,8420,27.586206896551722,1
449,Branch_524,4737,5974,62.38303181534623,1
450,Branch_525,991,992,2000.0,1
451,Branch_526,278,991,286.5329512893983,1
452,Branch_528,7772,8192,1190.4761904761904,1
453,Branch_529,7244,7991,2000.0,1
454,Branch_530,7991,8376,1000.0,1
455,Branch_531,7333,8211,26.116479498563592,1
456,Branch_532,7333,7334,1449.2753623188405,1
457,Branch_533,7404,7936,1851.851851851852,1
458,Branch_534,7476,7936,27.53303964757709,1
459,Branch_536,7334,7335,2000.0,1
460,Branch_537,7157,7287,2000.0,1
461,Branch_538,15,866,2000.0,1
462,Branch_539,15,869,2000.0,1
463,Branch_540,15,1775,109.64912280701755,1
464,Branch_541,7462,7721,63.13131313131313,1
465,Branch_542,7413,7683,1369.86301369863,1
466,Branch_543,7382,7683,67.34006734006734,1
467,Branch_544,7441,7683,307.6923076923077,1
468,Branch_545,7341,8058,2000.0,1
469,Branch_546,7233,8058,110.86474501108647,1
470,Branch_547,7462,8058,50.8646998982706,1
471,Branch_548,7443,7740,334.44816053511704,1
472,Branch_549,7443,7740,316.45569620253167,1
473,Branch_551,1262,1412,37.174721189591075,1
474,Branch_552,7275,7276,2000.0,1
475,Branch_553,7273,7275,2000.0,1
476,Branch_554,8056,8057,61.576354679802954,1
477,Branch_555,8055,8056,2000.0,1
478,Branch_556,7382,8055,37.5234521575985,1
479,Branch_557,7368,8047,172.1170395869191,1
480,Branch_558,8047,8049,2000.0,1
481,Branch_559,8047,8048,172.41379310344828,1
482,Branch_560,278,924,377.35849056603774,1
483,Branch_561,8033,8047,2000.0,1
484,Branch_562,7369,8068,1369.86301369863,1
485,Branch_563,8068,8069,2000.0,1
486,Branch_564,8007,8008,303.030303030303,1
487,Branch_565,8006,8068,584.7953216374269,1
488,Branch_566,8006,8008,1449.2753623188405,1
489,Branch_567,7302,7303,50.70993914807302,1
490,Branch_568,7302,7304,2000.0,1
491,Branch_569,8164,8193,8.631851532153647,1
492,Branch_570,7443,8164,127.7139208173691,1
493,Branch_571,8164,8194,14.74491300501327,1
494,Branch_572,8044,8164,308.641975308642,1
495,Branch_573,8044,8164,349.65034965034965,1
496,Branch_575,7487,7499,2000.0,1
497,Branch_576,7487,8325,2000.0,1
498,Branch_577,150,1682,2000.0,1
499,Branch_578,924,1682,75.18796992481202,1
500,Branch_579,8193,8372,2000.0,1
501,Branch_580,1041,1755,2000.0,1
502,Branch_581,4737,6225,2000.0,1
503,Branch_582,4737,6225,2000.0,1
504,Branch_583,7978,7980,134.9527665317139,1
505,Branch_584,7978,7979,305.8103975535168,1
506,Branch_585,7978,7981,112.4859392575928,1
507,Branch_586,7434,7979,537.6344086021505,1
508,Branch_587,7979,8145,819.672131147541,1
509,Branch_588,7301,8199,125.94458438287154,1
510,Branch_589,7301,7418,13.877324451845684,1
511,Branch_590,7443,7849,17.094017094017094,1
512,Branch_591,7146,7849,11.862396204033214,1
513,Branch_592,7849,8420,65.359477124183,1
514,Branch_593,7287,7288,71.94244604316546,1
515,Branch_594,7159,7160,76.92307692307692,1
516,Branch_596,229,924,41.80602006688963,1
517,Branch_598,7255,7804,44.1306266548985,1
518,Branch_599,7255,7804,50.8130081300813,1
519,Branch_600,7441,7804,24.28363283147159,1
520,Branch_601,6111,7119,2000.0,1
521,Branch_602,7118,7119,72.46376811594203,1
522,Branch_603,7623,7728,389.10505836575874,1
523,Branch_604,7728,8211,17.68972227136034,1
524,Branch_605,7728,7782,220.26431718061673,1
525,Branch_606,8046,8388,149.92503748125938,1
526,Branch_607,8103,8388,564.9717514124294,1
527,Branch_608,7954,8388,91.74311926605505,1
528,Branch_609,8241,8388,2000.0,1
529,Branch_610,8055,8388,89.92805755395683,1
530,Branch_612,5959,6607,282.4858757062147,1
531,Branch_619,6542,6578,239.8081534772182,1
532,Branch_620,4694,5229,50.327126321087064,1
533,Branch_621,4652,5229,269.54177897574124,1
534,Branch_622,4652,5642,239.8081534772182,1
535,Branch_623,4694,6857,113.50737797956867,1
536,Branch_624,5642,6578,87.7963125548727,1
537,Branch_625,6578,7004,263.85224274406335,1
538,Branch_626,4502,6544,23.239600278875205,1
539,Branch_627,2278,2649,25.753283543651815,1
540,Branch_628,2482,2703,15.686274509803921,1
541,Branch_629,6986,7111,147.49262536873155,1
542,Branch_630,5828,7111,296.7359050445104,1
543,Branch_631,5059,5342,1408.4507042253522,1
544,Branch_632,4513,5367,109.64912280701755,1
545,Branch_633,5367,5828,952.3809523809524,1
546,Branch_634,4501,5367,473.93364928909955,1
547,Branch_636,4513,6109,2000.0,1
548,Branch_637,4511,6109,2000.0,1
549,Branch_638,5342,5747,122.85012285012284,1
550,Branch_639,6292,7111,91.24087591240875,1
551,Branch_640,5747,6292,291.5451895043732,1
552,Branch_641,7238,7470,2000.0,1
553,Branch_642,7538,8378,34.80682213713888,1
554,Branch_643,7158,8378,74.57121551081282,1
555,Branch_644,7646,8378,2000.0,1
556,Branch_645,7158,7824,16.949152542372882,1
557,Branch_646,7538,7843,20.89427496865859,1
558,Branch_647,7824,7843,21.03491796381994,1
559,Branch_650,3631,3785,1351.3513513513512,1
560,Branch_651,2981,3785,72.3589001447178,1
561,Branch_653,2981,3631,72.3589001447178,1
562,Branch_655,7522,7792,133.6898395721925,1
563,Branch_656,7657,7792,225.73363431151242,1
564,Branch_657,8224,8238,65.57377049180327,1
565,Branch_660,7792,8238,49.97501249375313,1
566,Branch_663,8224,8263,52.91005291005291,1
567,Branch_666,8242,8263,471.6981132075472,1
568,Branch_667,7186,8242,18.99335232668566,1
569,Branch_668,7910,8263,1333.3333333333333,1
570,Branch_672,7182,7708,51.124744376278116,1
571,Branch_673,7614,7708,99.2063492063492,1
572,Branch_674,7220,7972,1282.051282051282,1
573,Branch_675,7909,8077,1724.1379310344828,1
574,Branch_677,8077,8079,285.7142857142857,1
575,Branch_678,8077,8313,29.922202274087372,1
576,Branch_679,7923,8313,237.52969121140143,1
577,Branch_680,7909,8078,1298.7012987012988,1
578,Branch_682,8078,8080,273.224043715847,1
579,Branch_683,8078,8314,29.922202274087372,1
580,Branch_684,7922,8314,237.52969121140143,1
581,Branch_685,7388,8165,2000.0,1
582,Branch_686,7162,8014,21.24946876328092,1
583,Branch_687,7525,8014,31.877590054191902,1
584,Branch_689,7758,8212,21.326508850501174,1
585,Branch_690,7929,8212,28.129395218002813,1
586,Branch_691,7758,8277,2000.0,1
587,Branch_693,7153,7964,51.22950819672131,1
588,Branch_695,7964,8283,274.72527472527474,1
589,Branch_696,7153,7504,101.9367991845056,1
590,Branch_697,7182,7504,2000.0,1
591,Branch_698,7935,7982,1351.3513513513512,1
592,Branch_699,7181,7982,45.578851412944395,1
593,Branch_700,7181,8283,51.124744376278116,1
594,Branch_701,2231,2738,18.338529249954153,1
595,Branch_702,5869,6493,96.89922480620154,1
596,Branch_703,7522,8279,28.885037550548816,1
597,Branch_704,2274,2782,56.36978579481398,1
598,Branch_705,2209,2274,79.23930269413628,1
599,Branch_706,2183,2209,26.42007926023778,1
600,Branch_707,7522,8279,29.10360884749709,1
601,Branch_708,7814,8279,70.0770847932726,1
602,Branch_709,7814,7880,51.3083632632119,1
603,Branch_711,5495,5869,86.05851979345955,1
604,Branch_712,5488,6912,49.77600796416127,1
605,Branch_714,5488,6912,49.77600796416127,1
606,Branch_715,1913,2600,16.257519102584947,1
607,Branch_716,5100,6034,60.86427267194157,1
608,Branch_717,5818,6483,54.734537493158186,1
609,Branch_718,5576,6628,2000.0,1
610,Branch_719,5576,5886,288.1844380403458,1
611,Branch_720,5886,6650,328.94736842105266,1
612,Branch_721,5751,5886,66.97923643670462,1
613,Branch_722,6628,6846,169.7792869269949,1
614,Branch_723,5142,6628,158.47860538827257,1
615,Branch_724,5142,6910,183.8235294117647,1
616,Branch_725,5142,5764,46.04051565377532,1
617,Branch_726,5751,6034,144.3001443001443,1
618,Branch_727,5100,6483,29.248318221702252,1
619,Branch_728,4054,6328,35.00175008750438,1
620,Branch_729,5100,6088,51.440329218106996,1
621,Branch_730,6088,6889,39.33910306845004,1
622,Branch_731,5984,6889,70.87172218284904,1
623,Branch_733,5984,6328,73.26007326007326,1
624,Branch_734,5344,5764,96.24639076034649,1
625,Branch_736,1923,2435,46.08294930875576,1
626,Branch_737,3878,4173,14.068655036578503,1
627,Branch_738,2284,2716,12.701638511367966,1
628,Branch_739,4165,4274,96.71179883945841,1
629,Branch_740,4173,4274,64.02048655569783,1
630,Branch_741,3908,4165,67.0690811535882,1
631,Branch_742,3908,4221,22.56317689530686,1
632,Branch_743,3877,4221,40.849673202614376,1
633,Branch_744,3877,3893,76.86395080707149,1
634,Branch_746,2045,2300,22.8675966155957,1
635,Branch_747,2534,2701,41.35649296939619,1
636,Branch_748,6232,6983,884.9557522123894,1
637,Branch_749,5764,6525,41.911148365465216,1
638,Branch_750,6525,6983,68.68131868131869,1
639,Branch_751,4788,6232,2000.0,1
640,Branch_752,4054,6232,41.63197335553705,1
641,Branch_753,2365,2701,35.16174402250352,1
642,Branch_755,4993,6717,66.00660066006601,1
643,Branch_756,4993,5327,59.347181008902076,1
644,Branch_757,4993,7095,1265.8227848101267,1
645,Branch_758,5980,7095,1098.901098901099,1
646,Branch_761,6132,6727,104.4932079414838,1
647,Branch_762,5116,6895,403.2258064516129,1
648,Branch_763,5311,6895,353.35689045936397,1
649,Branch_764,5311,6132,386.1003861003861,1
650,Branch_765,5983,6727,176.3668430335097,1
651,Branch_766,5983,6698,65.65988181221273,1
652,Branch_767,5983,6791,173.91304347826087,1
653,Branch_768,5116,6717,217.3913043478261,1
654,Branch_769,7176,8150,2000.0,1
655,Branch_770,7175,8150,20.69108214359611,1
656,Branch_771,7458,7935,48.03073967339097,1
657,Branch_772,7931,8237,81.30081300813008,1
658,Branch_774,7500,8237,17.5530981218185,1
659,Branch_775,7500,8439,2000.0,1
660,Branch_778,7899,7966,36.350418029807344,1
661,Branch_779,7196,8203,149.47683109118086,1
662,Branch_780,7931,8203,50.9683995922528,1
663,Branch_781,7183,8229,35.85514521333811,1
664,Branch_782,7471,8230,2000.0,1
665,Branch_783,7471,8231,2000.0,1
666,Branch_785,7411,8144,1282.051282051282,1
667,Branch_786,7395,7396,312.5,1
668,Branch_787,7184,7396,72.46376811594203,1
669,Branch_788,7395,7477,32.40440699935191,1
670,Branch_789,8144,8229,450.45045045045043,1
671,Branch_790,7411,7477,877.1929824561404,1
672,Branch_791,7477,7478,103.62694300518135,1
673,Branch_792,7184,7929,37.878787878787875,1
674,Branch_793,7224,7929,1265.8227848101267,1
675,Branch_794,7188,7224,29.7441998810232,1
676,Branch_795,7187,7224,166.11295681063123,1
677,Branch_798,7458,8216,92.42144177449168,1
678,Branch_799,7899,8168,96.06147934678194,1
679,Branch_800,7437,8168,96.06147934678194,1
680,Branch_802,7180,8163,249.37655860349128,1
681,Branch_803,7458,8163,263.85224274406335,1
682,Branch_804,7966,8216,37.778617302606726,1
683,Branch_806,7458,7488,23.969319271332694,1
684,Branch_807,7410,7488,31.887755102040817,1
685,Branch_808,7410,8283,75.07507507507508,1
686,Branch_812,1867,2281,26.130128037627383,1
687,Branch_813,5426,6191,81.9672131147541,1
688,Branch_815,4947,7075,36.88675765400221,1
689,Branch_816,5478,5486,50.0751126690035,1
690,Branch_817,5478,7075,302.11480362537765,1
691,Branch_820,7869,7880,17.041581458759374,1
692,Branch_822,7196,8268,2000.0,1
693,Branch_823,7911,8268,19.770660340055358,1
694,Branch_825,7759,8278,47.214353163361665,1
695,Branch_826,7309,8278,70.92198581560284,1
696,Branch_827,7473,7942,41.75365344467641,1
697,Branch_828,2500,2750,5.643022402798939,1
698,Branch_829,5946,6493,272.47956403269757,1
699,Branch_830,3876,4172,96.43201542912247,1
700,Branch_831,3842,4172,25.113008538422903,1
701,Branch_832,3876,3933,51.78663904712584,1
702,Branch_833,3933,4264,14.386419220256078,1
703,Branch_834,4072,4264,19.37233630375823,1
704,Branch_835,4072,4147,144.0922190201729,1
705,Branch_836,6120,6881,64.02048655569783,1
706,Branch_837,9551,10065,380.22813688212926,1
707,Branch_838,9551,10214,40.48582995951417,1
708,Branch_839,9549,9758,9.810654370646523,1
709,Branch_840,9549,10072,19.565642731363724,1
710,Branch_841,9758,10214,18.102824040550328,1
711,Branch_842,9725,10013,35.62522265764161,1
712,Branch_844,9725,9950,699.3006993006993,1
713,Branch_845,2753,2888,30.13863773357444,1
714,Branch_846,4743,6881,159.23566878980893,1
715,Branch_847,10065,10184,207.9002079002079,1
716,Branch_848,9725,10184,75.07507507507508,1
717,Branch_849,9950,10065,80.1924619085806,1
718,Branch_850,2244,2287,25.419420437214033,1
719,Branch_851,2286,2518,29.18855808523059,1
720,Branch_853,9967,10266,29.01915264074289,1
721,Branch_854,9770,10266,925.925925925926,1
722,Branch_855,9770,9883,186.9158878504673,1
723,Branch_856,9967,10204,43.2338953739732,1
724,Branch_857,10013,10204,704.2253521126761,1
725,Branch_858,9640,10183,109.64912280701755,1
726,Branch_859,9640,9770,123.76237623762377,1
727,Branch_861,10105,10236,18.248175182481752,1
728,Branch_863,9883,10105,186.9158878504673,1
729,Branch_864,9883,10065,57.971014492753625,1
730,Branch_865,9883,10351,2000.0,1
731,Branch_866,2517,2750,3.2375032375032373,1
732,Branch_867,9883,10065,57.971014492753625,1
733,Branch_868,9733,10098,1449.2753623188405,1
734,Branch_869,2569,2751,32.26847370119393,1
735,Branch_871,10056,10098,26.737967914438503,1
736,Branch_874,2569,2590,117.50881316098707,1
737,Branch_875,9988,9997,25.207965717166626,1
738,Branch_876,9997,10072,34.87966515521451,1
739,Branch_877,9988,10229,34.72222222222222,1
740,Branch_878,9733,10229,53.61930294906166,1
741,Branch_879,2489,2751,37.878787878787875,1
742,Branch_880,3169,3527,32.010243277848915,1
743,Branch_881,5495,5703,1000.0,1
744,Branch_882,9972,10181,74.57121551081282,1
745,Branch_883,9982,10181,352.11267605633805,1
746,Branch_884,9868,9982,123.76237623762377,1
747,Branch_885,10077,10108,33.97893306150187,1
748,Branch_886,10103,10108,943.3962264150944,1
749,Branch_887,10108,10167,113.76564277588169,1
750,Branch_888,10054,10181,31.47623544224111,1
751,Branch_889,9868,10167,185.87360594795538,1
752,Branch_890,9569,10167,81.43322475570032,1
753,Branch_891,9569,9733,48.47309743092583,1
754,Branch_894,7732,8290,1538.4615384615386,1
755,Branch_896,9572,9972,1000.0,1
756,Branch_897,7880,7895,35.77817531305904,1
757,Branch_898,7895,8266,1351.3513513513512,1
758,Branch_900,8266,8323,29.325513196480937,1
759,Branch_901,7896,8323,2000.0,1
760,Branch_902,9528,9972,123.76237623762377,1
761,Branch_903,9528,10072,11.883541295306001,1
762,Branch_905,7370,7969,28.868360277136258,1
763,Branch_906,7482,7969,2000.0,1
764,Branch_907,7370,8290,110.86474501108647,1
765,Branch_908,7492,8290,1538.4615384615386,1
766,Branch_909,7901,7968,28.37684449489217,1
767,Branch_910,7483,7968,2000.0,1
768,Branch_911,7896,8290,64.51612903225806,1
769,Branch_912,7177,8322,31.938677738741617,1
770,Branch_913,7221,8322,1612.9032258064517,1
771,Branch_915,7505,7901,1388.888888888889,1
772,Branch_916,7219,7505,43.2338953739732,1
773,Branch_919,5790,5971,200.80321285140562,1
774,Branch_920,5595,5790,719.4244604316547,1
775,Branch_921,4743,5971,1204.8192771084337,1
776,Branch_922,5418,5871,145.5604075691412,1
777,Branch_923,5871,6567,263.85224274406335,1
778,Branch_924,6853,6918,141.643059490085,1
779,Branch_925,6567,6853,67.93478260869566,1
780,Branch_926,426,2518,15.725743041358704,1
781,Branch_927,4743,6191,60.27727546714888,1
782,Branch_928,5125,5419,74.8502994011976,1
783,Branch_929,5125,6918,118.90606420927467,1
784,Branch_930,2046,2048,2000.0,1
785,Branch_932,6455,6918,121.8026796589525,1
786,Branch_933,2331,2876,20.30869212022746,1
787,Branch_934,5859,6536,122.85012285012284,1
788,Branch_935,6526,6633,212.31422505307856,1
789,Branch_936,5290,5586,62.893081761006286,1
790,Branch_937,6599,6918,181.8181818181818,1
791,Branch_938,5859,6526,117.096018735363,1
792,Branch_939,5586,6857,53.07855626326964,1
793,Branch_940,5290,6633,71.5307582260372,1
794,Branch_942,5859,6655,500.0,1
795,Branch_943,6599,6655,273.224043715847,1
796,Branch_944,5109,6655,147.71048744460856,1
797,Branch_946,426,2830,15.926102882624622,1
798,Branch_947,4491,4743,2000.0,1
799,Branch_948,5333,5730,47.84688995215311,1
800,Branch_949,5632,6918,61.01281269066504,1
801,Branch_950,5333,5632,151.9756838905775,1
802,Branch_951,5564,5885,64.06149903907752,1
803,Branch_952,5341,6857,28.5143997718848,1
804,Branch_953,5776,6684,136.79890560875512,1
805,Branch_954,5117,5885,172.71157167530225,1
806,Branch_955,5608,5776,2000.0,1
807,Branch_956,5797,6684,909.0909090909091,1
808,Branch_957,5117,5797,26.666666666666668,1
809,Branch_958,5341,5608,195.69471624266146,1
810,Branch_959,4556,5564,19.07304978065993,1
811,Branch_960,4556,5731,49.504950495049506,1
812,Branch_961,408,426,38.61003861003861,1
813,Branch_962,4006,4281,17.755681818181817,1
814,Branch_963,4006,4201,18.747656542932134,1
815,Branch_966,3888,4266,96.52509652509653,1
816,Branch_967,3888,4152,84.7457627118644,1
817,Branch_968,3870,10236,48.44961240310077,1
818,Branch_969,3906,4369,24.324981756263682,1
819,Branch_970,4245,4266,71.22507122507122,1
820,Branch_971,3906,4266,97.27626459143968,1
821,Branch_972,4301,4369,2000.0,1
822,Branch_973,4625,6130,2000.0,1
823,Branch_974,4625,6129,2000.0,1
824,Branch_975,2244,2876,57.971014492753625,1
825,Branch_976,1850,2527,74.6268656716418,1
826,Branch_977,2396,2527,51.62622612287042,1
827,Branch_978,1849,2528,74.6268656716418,1
828,Branch_979,2396,2528,50.9683995922528,1
829,Branch_981,1994,2519,224.2152466367713,1
830,Branch_982,1994,2394,30.646644192460926,1
831,Branch_983,2075,2396,77.39938080495357,1
832,Branch_984,2054,2394,540.5405405405405,1
833,Branch_985,2054,2075,40.502227622519236,1
834,Branch_987,2046,2408,121.21212121212122,1
835,Branch_988,2066,2408,99.2063492063492,1
836,Branch_989,2076,2241,56.72149744753261,1
837,Branch_990,1995,2519,224.2152466367713,1
838,Branch_991,1995,2241,76.86395080707149,1
839,Branch_992,2076,2396,77.39938080495357,1
840,Branch_994,2300,2427,45.49590536851683,1
841,Branch_995,2030,2033,67.65899864682002,1
842,Branch_996,2033,2860,35.486160397445,1
843,Branch_997,7430,7857,1190.4761904761904,1
844,Branch_998,2330,2456,110.13215859030836,1
845,Branch_999,2003,2297,167.78523489932886,1
846,Branch_1001,2665,2778,116.41443538998836,1
847,Branch_1002,1850,2666,92.50693802035153,1
848,Branch_1003,2208,2333,68.39945280437756,1
849,Branch_1004,2023,2778,107.87486515641855,1
850,Branch_1005,2023,2208,161.81229773462783,1
851,Branch_1006,2048,2860,41.18616144975288,1
852,Branch_1007,7433,8090,2000.0,1
853,Branch_1008,1849,2252,83.75209380234506,1
854,Branch_1009,2801,2879,32.195750160978754,1
855,Branch_1010,3217,3527,24.636610002463662,1
856,Branch_1011,8371,8372,17.050298380221655,1
857,Branch_1012,4658,6152,30.571690614490983,1
858,Branch_1013,5452,6139,149.7005988023952,1
859,Branch_1014,5141,5969,70.0280112044818,1
860,Branch_1015,5141,5452,39.37007874015748,1
861,Branch_1016,6139,6234,510.2040816326531,1
862,Branch_1017,6139,6911,243.30900243309003,1
863,Branch_1018,4658,6234,70.12622720897616,1
864,Branch_1019,6152,6857,72.20216606498195,1
865,Branch_1020,5969,6857,14.499057561258518,1
866,Branch_1021,5969,6047,28.24858757062147,1
867,Branch_1022,6045,6047,43.15925766076823,1
868,Branch_1023,6694,6857,43.066322136089575,1
869,Branch_1024,6047,6694,45.20795660036166,1
870,Branch_1025,3843,5147,27.159152634437806,1
871,Branch_1027,5811,6198,22.33638597274961,1
872,Branch_1028,5811,5930,518.1347150259068,1
873,Branch_1029,5023,5866,30.59039461609055,1
874,Branch_1030,2333,5930,22.7842333105491,1
875,Branch_1031,5023,6198,83.75209380234506,1
876,Branch_1033,6344,6676,53.73455131649651,1
877,Branch_1034,5866,6344,72.46376811594203,1
878,Branch_1035,2244,2801,37.993920972644375,1
879,Branch_1037,2030,2183,11.879306248515087,1
880,Branch_1038,2183,2781,483.09178743961354,1
881,Branch_1040,2182,2183,409.8360655737705,1
882,Branch_1042,2183,2805,11.00957833314984,1
883,Branch_1043,2805,4766,24.015369836695484,1
884,Branch_1044,4766,6676,145.34883720930233,1
885,Branch_1046,2030,2096,2000.0,1
886,Branch_1047,2244,2301,31.220730565095224,1
887,Branch_1049,2183,2289,75.98784194528875,1
888,Branch_1051,2295,2860,23.618327822390174,1
889,Branch_1052,2085,2295,68.63417982155113,1
890,Branch_1053,5777,6857,51.78663904712584,1
891,Branch_1054,4782,5777,60.82725060827251,1
892,Branch_1055,4782,5557,1282.051282051282,1
893,Branch_1056,4700,5557,14.806040864672786,1
894,Branch_1057,4700,5244,36.85956505713233,1
895,Branch_1058,5557,6449,2000.0,1
896,Branch_1059,2244,2582,12.027904738994467,1
897,Branch_1060,5368,6831,116.14401858304298,1
898,Branch_1061,5343,6832,92.5925925925926,1
899,Branch_1062,4507,6831,52.826201796090864,1
900,Branch_1063,5062,5343,1587.3015873015872,1
901,Branch_1064,4507,5448,89.28571428571429,1
902,Branch_1065,4507,6558,75.47169811320755,1
903,Branch_1067,5059,5343,2000.0,1
904,Branch_1068,5343,6831,126.58227848101266,1
905,Branch_1069,2066,2396,86.73026886383347,1
906,Branch_1070,2244,2759,28.885037550548816,1
907,Branch_1071,5147,7080,137.93103448275863,1
908,Branch_1072,2030,2048,15.820281601012498,1
909,Branch_1073,2066,2133,884.9557522123894,1
910,Branch_1074,2066,2134,952.3809523809524,1
911,Branch_1075,2066,2409,99.2063492063492,1
912,Branch_1076,2046,2409,121.21212121212122,1
913,Branch_1077,2003,2244,14.066676044450697,1
914,Branch_1078,4243,4333,87.87346221441125,1
915,Branch_1079,4131,4160,259.7402597402597,1
916,Branch_1080,4148,4160,111.11111111111111,1
917,Branch_1081,4148,4243,467.2897196261682,1
918,Branch_1082,4243,4328,164.74464579901152,1
919,Branch_1083,3910,4289,69.97900629811056,1
920,Branch_1084,4269,4277,126.42225031605562,1
921,Branch_1085,4244,4333,1492.5373134328358,1
922,Branch_1086,4244,4277,75.24454477050413,1
923,Branch_1087,4244,4327,606.060606060606,1
924,Branch_1088,6468,6473,42.122999157540015,1
925,Branch_1089,8576,9310,68.1663258350375,1
926,Branch_1090,5861,6660,170.64846416382252,1
927,Branch_1091,2271,2335,1162.7906976744187,1
928,Branch_1092,5861,6233,95.87727708533077,1
929,Branch_1093,5457,6541,19.61553550411926,1
930,Branch_1095,6233,6541,143.88489208633092,1
931,Branch_1096,5457,6322,20.79434393844874,1
932,Branch_1101,4641,6322,20.79434393844874,1
933,Branch_1102,4640,6990,12.840267077555213,1
934,Branch_1103,4636,4641,1190.4761904761904,1
935,Branch_1104,4636,4640,1190.4761904761904,1
936,Branch_1105,2085,2289,129.5336787564767,1
937,Branch_1106,5897,6322,2000.0,1
938,Branch_1107,2582,2603,13.40662287169862,1
939,Branch_1108,9130,9281,67.93478260869566,1
940,Branch_1109,4624,5336,70.6713780918728,1
941,Branch_1111,5739,6528,2000.0,1
942,Branch_1112,5861,6528,18.145527127563057,1
943,Branch_1113,2326,2582,105.15247108307045,1
944,Branch_1115,3843,3966,59.347181008902076,1
945,Branch_1116,6841,7069,361.01083032490976,1
946,Branch_1117,5113,7069,869.5652173913044,1
947,Branch_1118,4836,5113,680.2721088435375,1
948,Branch_1119,6178,7069,110.86474501108647,1
949,Branch_1120,4836,6462,128.7001287001287,1
950,Branch_1121,4081,4137,17.319016279875303,1
951,Branch_1122,4081,4332,38.417210910487896,1
952,Branch_1123,4131,4252,96.06147934678194,1
953,Branch_1124,4252,4332,74.73841554559043,1
954,Branch_1125,1971,2495,79.42811755361397,1
955,Branch_1126,5843,6963,41.98152812762385,1
956,Branch_1127,5455,6963,106.15711252653928,1
957,Branch_1128,6214,6912,160.0,1
958,Branch_1129,6214,6963,16.88048615800135,1
959,Branch_1130,5455,5647,101.01010101010101,1
960,Branch_1131,4473,5647,46.2962962962963,1
961,Branch_1133,4473,5275,106.26992561105207,1
962,Branch_1134,4801,6963,199.20318725099602,1
963,Branch_1136,4826,6963,41.98152812762385,1
964,Branch_1137,4826,4829,158.22784810126583,1
965,Branch_1138,5275,5304,152.67175572519085,1
966,Branch_1139,4809,5304,188.32391713747646,1
967,Branch_1140,4829,6286,520.8333333333334,1
968,Branch_1143,2228,2496,27.578599007170435,1
969,Branch_1144,3966,4413,2000.0,1
970,Branch_1145,6546,6676,158.47860538827257,1
971,Branch_1146,6546,6912,62.93266205160478,1
972,Branch_1147,6344,6547,68.44626967830253,1
973,Branch_1148,5837,6456,699.3006993006993,1
974,Branch_1149,6984,7133,84.03361344537815,1
975,Branch_1150,5837,7133,77.04160246533128,1
976,Branch_1151,5672,6984,42.158516020236085,1
977,Branch_1152,5672,6219,25.031289111389235,1
978,Branch_1153,5837,6173,56.08524957936063,1
979,Branch_1154,4399,7133,2000.0,1
980,Branch_1155,6172,6173,346.02076124567475,1
981,Branch_1156,4054,6466,129.03225806451613,1
982,Branch_1157,6173,6466,164.74464579901152,1
983,Branch_1158,5300,6466,164.74464579901152,1
984,Branch_1159,5717,5888,76.4525993883792,1
985,Branch_1160,5717,6219,238.6634844868735,1
986,Branch_1161,4500,6219,970.8737864077669,1
987,Branch_1162,5888,7086,53.05039787798408,1
988,Branch_1163,5084,7086,50.22601707684581,1
989,Branch_1164,5084,5969,87.41258741258741,1
990,Branch_1165,2216,2301,27.027027027027028,1
991,Branch_1166,3966,4230,179.53321364452424,1
992,Branch_1167,4273,4278,69.44444444444444,1
993,Branch_1168,3910,4078,48.19277108433735,1
994,Branch_1169,3873,4078,155.52099533437013,1
995,Branch_1170,4078,4273,50.35246727089628,1
996,Branch_1171,4269,4376,76.62835249042145,1
997,Branch_1172,3871,4273,289.01734104046244,1
998,Branch_1173,4278,4376,15.432098765432098,1
999,Branch_1174,3862,3910,900.9009009009009,1
1000,Branch_1175,3862,4269,41.911148365465216,1
1001,Branch_1176,5868,6819,76.4525993883792,1
1002,Branch_1177,5819,6250,344.82758620689657,1
1003,Branch_1178,5114,6217,166.11295681063123,1
1004,Branch_1179,5819,6959,144.3001443001443,1
1005,Branch_1180,5868,6959,51.975051975051976,1
1006,Branch_1181,5114,6250,45.91368227731864,1
1007,Branch_1182,4763,6217,2000.0,1
1008,Branch_1183,6178,6217,119.47431302270012,1
1009,Branch_1184,5659,6953,82.16926869350863,1
1010,Branch_1185,5659,7039,77.1604938271605,1
1011,Branch_1186,5529,6953,247.52475247524754,1
1012,Branch_1190,6259,7063,213.67521367521368,1
1013,Branch_1191,4809,7063,59.916117435590174,1
1014,Branch_1192,5136,6259,182.81535648994515,1
1015,Branch_1193,4809,5953,1351.3513513513512,1
1016,Branch_1194,1979,2774,22.055580061755624,1
1017,Branch_1195,5718,6434,233.6448598130841,1
1018,Branch_1196,5032,6902,2000.0,1
1019,Branch_1198,5291,6902,107.52688172043011,1
1020,Branch_1199,5291,6434,28.20078962210942,1
1021,Branch_1200,5736,6434,1041.6666666666667,1
1022,Branch_1201,4809,5291,363.6363636363636,1
1023,Branch_1203,4844,6913,38.15337657382678,1
1024,Branch_1204,4844,6659,41.459369817578775,1
1025,Branch_1205,5009,6659,50.505050505050505,1
1026,Branch_1206,5009,6276,170.94017094017093,1
1027,Branch_1207,4851,6276,54.85463521667581,1
1028,Branch_1209,4851,6324,98.4251968503937,1
1029,Branch_1210,6324,6325,2000.0,1
1030,Branch_1211,5241,6990,61.19951040391677,1
1031,Branch_1212,2003,2349,12.204051745179399,1
1032,Branch_1213,5076,5989,132.6259946949602,1
1033,Branch_1214,4023,4187,2.44552591034702,1
1034,Branch_1215,4012,4324,3.7993920972644375,1
1035,Branch_1216,4013,4023,7.759155803848541,1
1036,Branch_1217,3938,4061,724.6376811594203,1
1037,Branch_1218,2003,2278,66.00660066006601,1
1038,Branch_1220,3909,4187,5.918210333195241,1
1039,Branch_1221,3909,3938,653.59477124183,1
1040,Branch_1222,3940,4054,645.1612903225806,1
1041,Branch_1223,2003,2492,17.568517217146873,1
1042,Branch_1225,3903,4219,9.207255317189945,1
1043,Branch_1227,3903,4092,13.10272536687631,1
1044,Branch_1228,4187,4409,9.92950054612253,1
1045,Branch_1229,4219,4409,7.4710496824803885,1
1046,Branch_1230,4809,6324,85.1063829787234,1
1047,Branch_1231,2349,2609,26.518164942985944,1
1048,Branch_1234,10094,10129,69.3000693000693,1
1049,Branch_1235,2349,2743,61.387354205033766,1
1050,Branch_1237,10047,10213,5.09061290979434,1
1051,Branch_1238,10031,10213,11.309658448314861,1
1052,Branch_1239,9724,10047,14.992503748125937,1
1053,Branch_1240,1990,2690,183.8235294117647,1
1054,Branch_1241,4057,4305,142.45014245014244,1
1055,Branch_1242,3875,4291,5.3873505010235965,1
1056,Branch_1243,2041,2349,20.012007204322593,1
1057,Branch_1244,5758,6775,1.206301720186253,1
1058,Branch_1246,2041,2633,87.7963125548727,1
1059,Branch_1247,6775,7083,5.651952749675012,1
1060,Branch_1249,2899,7084,4.015902975784105,1
1061,Branch_1250,7080,7101,2000.0,1
1062,Branch_1251,10051,10141,15.487068297971193,1
1063,Branch_1252,10070,10238,108.34236186348862,1
1064,Branch_1253,10051,10070,4.570383912248629,1
1065,Branch_1255,2582,2704,79.74481658692186,1
1066,Branch_1256,7080,7104,2000.0,1
1067,Branch_1257,3499,6555,10.843634786380395,1
1068,Branch_1258,2444,2632,47.326076668244205,1
1069,Branch_1259,10021,10140,11.132138483802738,1
1070,Branch_1260,10021,10182,5.240540823813017,1
1071,Branch_1261,2492,2849,43.917435221783045,1
1072,Branch_1262,6856,7080,120.62726176115802,1
1073,Branch_1263,2443,2889,173.3102253032929,1
1074,Branch_1277,2864,2890,115.74074074074075,1
1075,Branch_1278,2120,2240,90.82652134423252,1
1076,Branch_1279,1855,2819,30.084235860409144,1
1077,Branch_1280,4151,4411,2000.0,1
1078,Branch_1281,2456,2626,86.4304235090752,1
1079,Branch_1282,4151,4282,60.16847172081829,1
1080,Branch_1283,8721,9484,245.7002457002457,1
1081,Branch_1284,4032,4121,6.7114093959731544,1
1082,Branch_1285,3867,4286,11.285407967498026,1
1083,Branch_1286,4032,4286,8.682816705739342,1
1084,Branch_1287,4124,4286,16.43115346697338,1
1085,Branch_1288,4076,4124,23.3590282644242,1
1086,Branch_1289,3867,4071,35.34817956875221,1
1087,Branch_1290,8721,8739,53.85029617662897,1
1088,Branch_1291,3971,4411,2000.0,1
1089,Branch_1293,1885,2690,24.84472049689441,1
1090,Branch_1294,1924,2263,57.17552887364208,1
1091,Branch_1295,4096,4177,259.0673575129534,1
1092,Branch_1296,6856,7080,120.62726176115802,1
1093,Branch_1297,5186,6521,8.442380751371887,1
1094,Branch_1298,9879,9884,10.895619960775768,1
1095,Branch_1299,4530,9884,1.852469341632396,1
1096,Branch_1300,2510,2519,34.51846738004833,1
1097,Branch_1301,4530,5186,3.6500346753294157,1
1098,Branch_1302,1842,2510,17.975912277548087,1
1099,Branch_1303,4662,6856,121.35922330097087,1
1100,Branch_1304,1849,2877,72.93946024799416,1
1101,Branch_1308,2362,2510,29.325513196480937,1
1102,Branch_1310,4411,4662,75.98784194528875,1
1103,Branch_1311,6720,7053,31.09452736318408,1
1104,Branch_1312,4447,7053,12.656625743576763,1
1105,Branch_1313,5758,7053,8.365400702693659,1
1106,Branch_1314,4448,5312,21.03491796381994,1
1107,Branch_1315,5312,5960,16.869095816464238,1
1108,Branch_1316,5744,6278,19.387359441644048,1
1109,Branch_1317,5744,6000,4.476676515355001,1
1110,Branch_1318,5312,6278,13.176966662274344,1
1111,Branch_1319,4867,6279,1315.7894736842106,1
1112,Branch_1320,4867,6278,2000.0,1
1113,Branch_1321,2228,2314,27.74694783573807,1
1114,Branch_1323,4302,4312,6.86436024162548,1
1115,Branch_1324,4197,4303,6.846970215679562,1
1116,Branch_1325,5937,6013,12.4750499001996,1
1117,Branch_1326,4197,6013,11.224604332697272,1
1118,Branch_1327,6013,7010,77.76049766718506,1
1119,Branch_1328,2009,2519,37.299515106303616,1
1120,Branch_1329,5467,6685,168.35016835016836,1
1121,Branch_1330,5274,5986,18.889308651303363,1
1122,Branch_1331,5844,5901,62.421972534332085,1
1123,Branch_1332,5844,6040,18.52537977028529,1
1124,Branch_1333,4457,6039,9.10166560480568,1
1125,Branch_1334,5274,5844,62.421972534332085,1
1126,Branch_1335,4457,5384,5.715592135345222,1
1127,Branch_1336,1842,1969,523.5602094240837,1
1128,Branch_1337,5903,6685,396.8253968253968,1
1129,Branch_1338,5274,5986,18.889308651303363,1
1130,Branch_1339,5274,6675,37.59398496240601,1
1131,Branch_1340,5844,6040,15.743073047858942,1
1132,Branch_1341,4457,6039,9.10166560480568,1
1133,Branch_1342,5274,5844,104.71204188481676,1
1134,Branch_1343,4457,5384,5.715592135345222,1
1135,Branch_1344,1973,2307,85.25149190110827,1
1136,Branch_1345,5467,5903,118.34319526627219,1
1137,Branch_1349,2703,3243,65.27415143603133,1
1138,Branch_1350,4528,5903,2000.0,1
1139,Branch_1351,4528,5354,377.35849056603774,1
1140,Branch_1354,3770,3795,12.156576707999028,1
1141,Branch_1355,5058,7080,264.55026455026456,1
1142,Branch_1356,5058,5147,221.72949002217294,1
1143,Branch_1357,4518,6557,21.963540522732263,1
1144,Branch_1358,4518,6099,5.689576695493855,1
1145,Branch_1359,5211,6099,16.68613382279326,1
1146,Branch_1360,5211,5350,31.25,1
1147,Branch_1361,2251,2877,124.68827930174564,1
1148,Branch_1363,5200,5252,8.278145695364238,1
1149,Branch_1364,3280,3666,218.8183807439825,1
1150,Branch_1365,9518,10202,59.701492537313435,1
1151,Branch_1366,10202,10234,7.416747014759326,1
1152,Branch_1370,9518,10144,4.936808846761453,1
1153,Branch_1371,9521,10143,7.555723460521345,1
1154,Branch_1372,3616,3618,39.96802557953637,1
1155,Branch_1373,4764,4770,2000.0,1
1156,Branch_1374,4450,6569,7.762167197081425,1
1157,Branch_1375,2913,3614,60.56935190793458,1
1158,Branch_1376,4295,6970,204.91803278688525,1
1159,Branch_1377,4633,5037,64.93506493506493,1
1160,Branch_1378,5037,6509,11.599582415033058,1
1161,Branch_1379,3198,3380,17.22949689869056,1
1162,Branch_1380,4296,6970,204.91803278688525,1
1163,Branch_1381,5384,6810,4.4929685042907845,1
1164,Branch_1382,6509,6810,11.403808872163303,1
1165,Branch_1383,5171,6810,12.330456226880395,1
1166,Branch_1384,4633,6906,8.2223318533136,1
1167,Branch_1385,1842,2725,48.94762604013705,1
1168,Branch_1386,5152,5375,6.959910913140312,1
1169,Branch_1387,5316,5375,30.826140567200987,1
1170,Branch_1388,5316,5588,26.961445133459154,1
1171,Branch_1389,5316,5374,12.20703125,1
1172,Branch_1390,5588,5786,7.851758793969849,1
1173,Branch_1391,5786,6746,38.417210910487896,1
1174,Branch_1392,5374,5384,6.826404532732609,1
1175,Branch_1393,5835,6746,9.998000399920016,1
1176,Branch_1395,4575,6970,51.4668039114771,1
1177,Branch_1396,4575,4764,432.9004329004329,1
1178,Branch_1397,5099,6667,5.054334091483447,1
1179,Branch_1398,5384,6622,3.665286075578199,1
1180,Branch_1399,6667,7098,11.406410402646287,1
1181,Branch_1400,5210,6623,28.011204481792717,1
1182,Branch_1401,5210,7098,6.520179956966812,1
1183,Branch_1402,1842,2578,40.19292604501608,1
1184,Branch_1403,4764,6970,58.13953488372093,1
1185,Branch_1404,1978,2762,12.175818823815902,1
1186,Branch_1405,3979,4177,259.0673575129534,1
1187,Branch_1406,5853,6521,7.265857734505558,1
1188,Branch_1410,5640,5853,7.440476190476191,1
1189,Branch_1415,1866,2197,215.51724137931035,1
1190,Branch_1416,6033,6216,229.3577981651376,1
1191,Branch_1417,4291,4316,3.667571334262451,1
1192,Branch_1418,4509,5765,8.509189925119129,1
1193,Branch_1419,3998,4509,10.336985734959686,1
1194,Branch_1420,3992,3998,8.756567425569177,1
1195,Branch_1421,3990,3992,31.665611146295124,1
1196,Branch_1422,3998,4077,8.755800717975658,1
1197,Branch_1423,3993,4316,2.5872551809785,1
1198,Branch_1424,5263,6561,38.40245775729647,1
1199,Branch_1425,5624,6527,9.08595311648192,1
1200,Branch_1426,5263,6527,23.623907394283016,1
1201,Branch_1427,4077,5263,11.163206072784103,1
1202,Branch_1429,6033,6754,1639.344262295082,1
1203,Branch_1430,1842,2566,90.74410163339383,1
1204,Branch_1431,4474,5842,4.2596694496507075,1
1205,Branch_1434,4474,5215,147.27540500736376,1
1206,Branch_1437,1842,2362,31.665611146295124,1
1207,Branch_1438,6216,6224,2000.0,1
1208,Branch_1439,2783,2786,6.509145349215648,1
1209,Branch_1441,2669,2787,11.99472232217824,1
1210,Branch_1442,2086,2669,112.10762331838565,1
1211,Branch_1443,2086,2113,2000.0,1
1212,Branch_1445,2086,6346,0.9532434107049235,1
1213,Branch_1447,3424,3500,28.129395218002813,1
1214,Branch_1448,4296,6348,63.9386189258312,1
1215,Branch_1451,3938,5765,2.824778961046298,1
1216,Branch_1452,5636,5765,8.210180623973727,1
1217,Branch_1453,6664,6737,27.070925825663238,1
1218,Branch_1454,5486,6737,138.88888888888889,1
1219,Branch_1456,3122,3198,14.712373105781962,1
1220,Branch_1457,5238,5746,11.71234481143125,1
1221,Branch_1458,5746,6665,7.081651441116068,1
1222,Branch_1459,5238,5436,22.119000221190003,1
1223,Branch_1461,5014,5711,136.05442176870747,1
1224,Branch_1462,5436,6183,8.91503967192654,1
1225,Branch_1463,5451,6874,5.733616191732126,1
1226,Branch_1464,5451,7022,24.307243558580456,1
1227,Branch_1465,5865,7022,27.22570106180234,1
1228,Branch_1466,3898,4272,52.38344683080147,1
1229,Branch_1467,4130,4309,67.65899864682002,1
1230,Branch_1468,4036,4309,40.12841091492777,1
1231,Branch_1469,3898,4036,104.27528675703859,1
1232,Branch_1470,3868,4296,40.46944556859571,1
1233,Branch_1471,4315,4373,4.922713399625874,1
1234,Branch_1472,4042,4315,4.924895345973898,1
1235,Branch_1475,3938,4042,5.214036185411127,1
1236,Branch_1476,3965,4373,33.63605785401951,1
1237,Branch_1477,3965,4071,5.12715340442986,1
1238,Branch_1478,2629,2886,4.924167815639157,1
1239,Branch_1479,2596,2745,30.637254901960784,1
1240,Branch_1480,4876,6284,2000.0,1
1241,Branch_1481,5474,6693,4.564125969876769,1
1242,Branch_1484,4632,6121,151.05740181268882,1
1243,Branch_1485,1881,2629,5.382710733125202,1
1244,Branch_1486,5211,6906,8.539709649871904,1
1245,Branch_1487,4632,6121,162.33766233766235,1
1246,Branch_1488,2558,2845,74.01924500370096,1
1247,Branch_1489,6216,6284,862.0689655172414,1
1248,Branch_1490,4655,4662,2000.0,1
1249,Branch_1491,4656,4662,2000.0,1
1250,Branch_1492,2776,2803,45.289855072463766,1
1251,Branch_1493,6346,7058,17.57469244288225,1
1252,Branch_1496,6150,7058,7.691716021844473,1
1253,Branch_1498,6089,6150,10.06947940791461,1
1254,Branch_1500,4897,6089,18.67762420620097,1
1255,Branch_1503,2344,2847,19.35733643050716,1
1256,Branch_1504,3617,3619,39.936102236421725,1
1257,Branch_1505,6545,6677,39.635354736424894,1
1258,Branch_1506,3318,3440,14.238929232521714,1
1259,Branch_1515,3994,4295,826.4462809917355,1
1260,Branch_1518,1862,2414,55.18763796909492,1
1261,Branch_1519,2312,2564,116.27906976744185,1
1262,Branch_1520,2312,2739,57.17552887364208,1
1263,Branch_1521,4955,6348,2000.0,1
1264,Branch_1522,2226,2564,33.222591362126245,1
1265,Branch_1523,2617,2747,32.829940906106366,1
1266,Branch_1524,6284,6348,240.3846153846154,1
1267,Branch_1525,2226,2529,25.342118601115054,1
1268,Branch_1527,4107,4161,45.248868778280546,1
1269,Branch_1528,2354,2513,67.29475100942126,1
1270,Branch_1529,4161,6970,91.6590284142988,1
1271,Branch_1530,3240,9479,5.754071005236205,1
1272,Branch_1531,2485,2819,118.06375442739079,1
1273,Branch_1532,4161,6970,91.6590284142988,1
1274,Branch_1533,2485,2619,63.171193935565384,1
1275,Branch_1534,3318,3527,16.433853738701725,1
1276,Branch_1535,2390,2485,28.61230329041488,1
1277,Branch_1536,3868,4295,41.562759767248544,1
1278,Branch_1537,2008,2819,69.63788300835654,1
1279,Branch_1542,3881,4161,2000.0,1
1280,Branch_1543,2296,2890,123.15270935960591,1
1281,Branch_1544,3881,4161,2000.0,1
1282,Branch_1545,2213,2734,13.795006207752794,1
1283,Branch_1546,4161,4295,60.38647342995169,1
1284,Branch_1547,1982,2386,43.89815627743635,1
1285,Branch_1548,3454,3494,19.73164956590371,1
1286,Branch_1549,2548,2806,162.60162601626016,1
1287,Branch_1550,1861,3322,45.146726862302486,1
1288,Branch_1551,2282,2548,175.7469244288225,1
1289,Branch_1552,4606,6678,1298.7012987012988,1
1290,Branch_1553,2230,2753,61.576354679802954,1
1291,Branch_1554,5024,5088,132.1003963011889,1
1292,Branch_1555,2326,2368,25.03755633450175,1
1293,Branch_1556,5024,5088,135.13513513513513,1
1294,Branch_1557,2243,2605,16.86056314280897,1
1295,Branch_1558,2388,2496,26.65955745134631,1
1296,Branch_1559,2243,2388,22.040996253030638,1
1297,Branch_1560,1956,1974,4.701457451810061,1
1298,Branch_1561,1887,3322,49.6031746031746,1
1299,Branch_1562,1956,2238,4.440891731059597,1
1300,Branch_1563,5075,6754,217.8649237472767,1
1301,Branch_1564,2238,2742,8.236553825879252,1
1302,Branch_1565,5076,7132,689.6551724137931,1
1303,Branch_1566,2238,2599,68.44626967830253,1
1304,Branch_1567,6754,7132,334.44816053511704,1
1305,Branch_1568,2639,2742,3.1939697850458333,1
1306,Branch_1569,1965,2639,28.6697247706422,1
1307,Branch_1571,2740,2800,190.83969465648855,1
1308,Branch_1572,2913,3615,60.49606775559589,1
1309,Branch_1573,2341,2596,75.18796992481202,1
1310,Branch_1574,2424,3322,19.960079840319363,1
1311,Branch_1575,2044,2581,43.327556325823224,1
1312,Branch_1576,1874,2229,35.536602700781806,1
1313,Branch_1577,2581,2715,77.76049766718506,1
1314,Branch_1578,2581,2715,77.76049766718506,1
1315,Branch_1579,2229,2800,31.436655139893116,1
1316,Branch_1580,3053,3280,19.047619047619047,1
1317,Branch_1581,1874,2392,30.8546744831842,1
1318,Branch_1582,8659,9397,4.334445841099216,1
1319,Branch_1583,2329,2602,552.4861878453039,1
1320,Branch_1584,3015,3377,27.75464890369137,1
1321,Branch_1585,2575,2632,247.52475247524754,1
1322,Branch_1586,2455,2828,10.695187165775401,1
1323,Branch_1587,5487,6678,469.4835680751174,1
1324,Branch_1589,2581,2800,24.783147459727385,1
1325,Branch_1590,7606,7666,6.680026720106881,1
1326,Branch_1591,8591,9218,5.420935653493793,1
1327,Branch_1592,2407,2455,17.885888034340905,1
1328,Branch_1593,2455,2761,5.599104143337066,1
1329,Branch_1595,6267,6952,145.98540145985402,1
1330,Branch_1596,6815,6952,199.20318725099602,1
1331,Branch_1598,6267,6815,555.5555555555555,1
1332,Branch_1599,5467,6267,537.6344086021505,1
1333,Branch_1600,8504,9225,8.605851979345955,1
1334,Branch_1601,5354,6952,173.61111111111111,1
1335,Branch_1602,2329,2761,16.501650165016503,1
1336,Branch_1603,5467,6267,537.6344086021505,1
1337,Branch_1604,9194,9387,6.190034045187248,1
1338,Branch_1605,2329,2599,17.57469244288225,1
1339,Branch_1607,4916,6247,420.16806722689074,1
1340,Branch_1612,1909,2357,337.8378378378378,1
1341,Branch_1613,4916,6754,97.75171065493646,1
1342,Branch_1614,6497,6985,2000.0,1
1343,Branch_1615,6822,6985,1000.0,1
1344,Branch_1616,6552,7014,775.1937984496124,1
1345,Branch_1617,6985,7000,1063.8297872340424,1
1346,Branch_1618,4460,7014,84.60236886632826,1
1347,Branch_1619,6552,6822,2000.0,1
1348,Branch_1620,2574,2734,66.2251655629139,1
1349,Branch_1621,4916,4940,2000.0,1
1350,Branch_1622,5870,7021,189.75332068311195,1
1351,Branch_1623,5870,6892,96.89922480620154,1
1352,Branch_1624,6734,7021,115.47344110854503,1
1353,Branch_1627,6281,6587,154.5595054095827,1
1354,Branch_1628,6281,6734,154.5595054095827,1
1355,Branch_1629,4902,6587,87.33624454148472,1
1356,Branch_1630,4902,5465,131.06159895150722,1
1357,Branch_1631,2507,2574,30.039050765995796,1
1358,Branch_1632,1952,2269,31.585596967782692,1
1359,Branch_1634,9130,9265,86.65511265164645,1
1360,Branch_1636,7666,7817,2.0661157024793386,1
1361,Branch_1637,5354,5921,203.2520325203252,1
1362,Branch_1639,5904,6469,228.31050228310502,1
1363,Branch_1640,5483,6481,152.9051987767584,1
1364,Branch_1641,5483,5981,173.3102253032929,1
1365,Branch_1642,2517,2655,15.356265356265355,1
1366,Branch_1643,4859,6247,2000.0,1
1367,Branch_1645,4995,5975,1515.1515151515152,1
1368,Branch_1646,5022,5477,248.13895781637717,1
1369,Branch_1647,5022,6833,248.13895781637717,1
1370,Branch_1648,4995,5022,104.9317943336831,1
1371,Branch_1649,5007,6686,66.53359946773121,1
1372,Branch_1650,5424,6833,467.2897196261682,1
1373,Branch_1651,5007,5390,518.1347150259068,1
1374,Branch_1652,5390,6833,150.15015015015015,1
1375,Branch_1653,5321,6481,99.00990099009901,1
1376,Branch_1654,5007,5321,56.78591709256104,1
1377,Branch_1655,2497,2655,37.95066413662239,1
1378,Branch_1656,6481,7089,94.42870632672333,1
1379,Branch_1657,5043,6486,132.9787234042553,1
1380,Branch_1658,6415,6486,82.91873963515755,1
1381,Branch_1659,5043,5806,242.71844660194174,1
1382,Branch_1660,5609,5806,312.5,1
1383,Branch_1661,5806,7089,288.1844380403458,1
1384,Branch_1662,1171,2655,5.459111256687411,1
1385,Branch_1663,5487,6678,469.4835680751174,1
1386,Branch_1664,6481,7090,94.42870632672333,1
1387,Branch_1665,4484,6485,2000.0,1
1388,Branch_1666,6415,6485,82.91873963515755,1
1389,Branch_1667,5261,5610,328.94736842105266,1
1390,Branch_1668,4484,5042,140.0560224089636,1
1391,Branch_1669,5042,5807,242.71844660194174,1
1392,Branch_1670,4484,5034,120.62726176115802,1
1393,Branch_1671,5610,5807,312.5,1
1394,Branch_1672,5807,7090,288.1844380403458,1
1395,Branch_1673,408,1442,37.397157816005986,1
1396,Branch_1674,4793,6481,97.37098344693281,1
1397,Branch_1675,5320,6735,70.2247191011236,1
1398,Branch_1676,4793,5320,2000.0,1
1399,Branch_1679,6282,6588,170.64846416382252,1
1400,Branch_1680,6282,6735,143.47202295552367,1
1401,Branch_1681,4901,6588,91.32420091324201,1
1402,Branch_1682,4901,5465,136.986301369863,1
1403,Branch_1683,663,1457,19.10219675262655,1
1404,Branch_1684,5159,6953,39.603960396039604,1
1405,Branch_1685,2414,2640,19.227071716977505,1
1406,Branch_1687,3368,3377,21.24946876328092,1
1407,Branch_1689,6415,6953,44.72271914132379,1
1408,Branch_1690,5789,6494,396.8253968253968,1
1409,Branch_1691,5595,5789,714.2857142857143,1
1410,Branch_1692,5535,6494,552.4861878453039,1
1411,Branch_1693,5495,5535,277.77777777777777,1
1412,Branch_1694,6415,6953,44.72271914132379,1
1413,Branch_1695,5080,6415,72.20216606498195,1
1414,Branch_1696,2603,2760,105.26315789473684,1
1415,Branch_1697,5532,6953,75.47169811320755,1
1416,Branch_1698,5532,5822,144.3001443001443,1
1417,Branch_1699,5035,5822,243.30900243309003,1
1418,Branch_1700,5822,6892,219.2982456140351,1
1419,Branch_1701,1866,2722,58.0046403712297,1
1420,Branch_1702,4451,10267,2000.0,1
1421,Branch_1703,4470,5677,277.77777777777777,1
1422,Branch_1704,6776,6923,202.83975659229208,1
1423,Branch_1705,5942,6923,318.47133757961785,1
1424,Branch_1706,4470,6529,160.25641025641025,1
1425,Branch_1707,5942,6529,400.0,1
1426,Branch_1708,5232,5942,374.53183520599254,1
1427,Branch_1709,2261,2530,5.150126178091363,1
1428,Branch_1710,4469,5680,289.8550724637681,1
1429,Branch_1711,5858,6922,934.5794392523364,1
1430,Branch_1712,6776,6922,202.83975659229208,1
1431,Branch_1713,5858,6535,374.53183520599254,1
1432,Branch_1714,5540,6535,119.61722488038278,1
1433,Branch_1715,5858,5943,480.7692307692308,1
1434,Branch_1716,4469,6530,160.25641025641025,1
1435,Branch_1717,5943,6530,400.0,1
1436,Branch_1718,5233,5943,122.85012285012284,1
1437,Branch_1719,5487,6247,862.0689655172414,1
1438,Branch_1720,5675,7100,840.3361344537815,1
1439,Branch_1721,5779,7100,39.98400639744102,1
1440,Branch_1722,2256,2315,116.27906976744185,1
1441,Branch_1723,5676,7099,840.3361344537815,1
1442,Branch_1724,5779,7099,40.04805766920305,1
1443,Branch_1725,2063,2256,115.34025374855824,1
1444,Branch_1726,5134,5509,69.25207756232687,1
1445,Branch_1727,5509,5545,119.47431302270012,1
1446,Branch_1728,5134,6698,235.8490566037736,1
1447,Branch_1729,5520,5605,636.9426751592357,1
1448,Branch_1730,5605,6776,224.7191011235955,1
1449,Branch_1731,5520,5545,1428.5714285714287,1
1450,Branch_1732,2452,2482,29.01915264074289,1
1451,Branch_1734,5225,6652,148.5884101040119,1
1452,Branch_1735,5145,5939,602.4096385542168,1
1453,Branch_1736,5225,5355,141.24293785310735,1
1454,Branch_1737,5145,5690,448.4304932735426,1
1455,Branch_1738,4673,6652,2000.0,1
1456,Branch_1739,4673,5939,403.2258064516129,1
1457,Branch_1740,4100,4138,42.75331338178709,1
1458,Branch_1741,7820,8093,70.47216349541931,1
1459,Branch_1743,5441,6011,418.41004184100416,1
1460,Branch_1744,5441,6480,84.24599831508003,1
1461,Branch_1745,5157,5441,314.4654088050315,1
1462,Branch_1746,5157,6487,314.4654088050315,1
1463,Branch_1747,5146,6011,74.23904974016332,1
1464,Branch_1748,5146,5691,448.4304932735426,1
1465,Branch_1749,4506,6479,84.24599831508003,1
1466,Branch_1750,4506,5158,314.4654088050315,1
1467,Branch_1751,5158,6487,314.4654088050315,1
1468,Branch_1752,4506,5257,151.9756838905775,1
1469,Branch_1753,5355,5935,165.28925619834712,1
1470,Branch_1754,5257,5935,2000.0,1
1471,Branch_1755,5625,5935,170.06802721088437,1
1472,Branch_1756,6277,6856,136.986301369863,1
1473,Branch_1757,5130,6011,769.2307692307693,1
1474,Branch_1758,5130,5626,137.93103448275863,1
1475,Branch_1759,5130,5256,347.22222222222223,1
1476,Branch_1760,5256,5355,156.73981191222572,1
1477,Branch_1761,2210,2710,2000.0,1
1478,Branch_1762,5990,6415,76.5696784073507,1
1479,Branch_1763,5262,5627,189.3939393939394,1
1480,Branch_1764,5411,5627,2000.0,1
1481,Branch_1765,5627,6532,152.4390243902439,1
1482,Branch_1766,5990,6840,130.03901170351105,1
1483,Branch_1767,5411,6840,362.3188405797101,1
1484,Branch_1768,5905,6532,86.13264427217915,1
1485,Branch_1769,5991,6951,126.42225031605562,1
1486,Branch_1770,6415,6951,204.49897750511246,1
1487,Branch_1771,6951,7036,113.63636363636364,1
1488,Branch_1772,5997,7036,121.50668286755771,1
1489,Branch_1773,5997,6533,85.61643835616438,1
1490,Branch_1774,2482,2640,15.74555188159345,1
1491,Branch_1776,5355,6920,38.729666924864446,1
1492,Branch_1777,5355,5849,133.33333333333334,1
1493,Branch_1778,5849,7034,115.60693641618496,1
1494,Branch_1780,4440,5849,50.30181086519115,1
1495,Branch_1781,6415,7143,189.0359168241966,1
1496,Branch_1782,7034,7143,104.9317943336831,1
1497,Branch_1783,3198,3384,257.7319587628866,1
1498,Branch_1784,4129,4230,50.787201625190455,1
1499,Branch_1785,6475,6919,139.86013986013987,1
1500,Branch_1786,6475,6586,72.99270072992701,1
1501,Branch_1787,2064,2083,2000.0,1
1502,Branch_1789,4564,4855,245.7002457002457,1
1503,Branch_1790,4854,4855,2000.0,1
1504,Branch_1792,2064,4855,151.74506828528072,1
1505,Branch_1793,4701,5938,93.28358208955224,1
1506,Branch_1794,6498,6651,303.951367781155,1
1507,Branch_1795,6474,6919,188.32391713747646,1
1508,Branch_1796,4672,6651,2000.0,1
1509,Branch_1797,4672,5938,403.2258064516129,1
1510,Branch_1798,4701,6474,164.20361247947454,1
1511,Branch_1799,5226,5355,141.24293785310735,1
1512,Branch_1800,5226,6498,165.28925619834712,1
1513,Branch_1801,2064,4007,126.26262626262626,1
1514,Branch_1802,7740,8181,45.64125969876768,1
1515,Branch_1803,4129,5147,25.641025641025642,1
1516,Branch_1804,6672,6920,149.2537313432836,1
1517,Branch_1805,2065,2081,2000.0,1
1518,Branch_1807,2051,4007,176.05633802816902,1
1519,Branch_1808,6320,6355,2000.0,1
1520,Branch_1811,2051,2065,221.72949002217294,1
1521,Branch_1812,4564,6320,271.00271002710025,1
1522,Branch_1814,4564,4892,2000.0,1
1523,Branch_1815,2065,6320,218.8183807439825,1
1524,Branch_1816,4564,6262,2000.0,1
1525,Branch_1817,2363,2559,61.881188118811885,1
1526,Branch_1818,6820,7013,769.2307692307693,1
1527,Branch_1819,6787,7013,97.46588693957115,1
1528,Branch_1820,4460,6786,75.75757575757575,1
1529,Branch_1821,6686,6787,103.95010395010395,1
1530,Branch_1823,7208,7354,190.47619047619048,1
1531,Branch_1824,6919,6946,729.92700729927,1
1532,Branch_1825,6946,7001,649.3506493506494,1
1533,Branch_1826,7208,7213,2000.0,1
1534,Branch_1827,7208,7209,2000.0,1
1535,Branch_1828,7394,7891,120.77294685990339,1
1536,Branch_1829,7208,7394,144.3001443001443,1
1537,Branch_1830,2218,2493,4.531037607612143,1
1538,Branch_1831,3969,4414,2000.0,1
1539,Branch_1832,3251,3592,67.79661016949153,1
1540,Branch_1833,6920,6947,729.92700729927,1
1541,Branch_1834,6947,7002,649.3506493506494,1
1542,Branch_1835,3251,3592,67.79661016949153,1
1543,Branch_1836,3251,3593,142.65335235378032,1
1544,Branch_1837,3251,3593,142.65335235378032,1
1545,Branch_1838,3593,3599,66.2251655629139,1
1546,Branch_1839,7532,7894,2000.0,1
1547,Branch_1840,3593,3599,66.2251655629139,1
1548,Branch_1841,9585,9841,111.23470522803115,1
1549,Branch_1842,9603,9841,93.28358208955224,1
1550,Branch_1843,9585,9603,50.9683995922528,1
1551,Branch_1844,2901,3342,228.83295194508008,1
1552,Branch_1845,2901,3592,57.17552887364208,1
1553,Branch_1846,2901,3592,57.17552887364208,1
1554,Branch_1847,6024,6026,2000.0,1
1555,Branch_1848,4547,6033,2000.0,1
1556,Branch_1849,4007,4414,1010.10101010101,1
1557,Branch_1851,7526,8428,132.9787234042553,1
1558,Branch_1852,7290,7315,54.97526113249038,1
1559,Branch_1853,7290,8131,156.73981191222572,1
1560,Branch_1854,7290,8131,156.73981191222572,1
1561,Branch_1856,7526,8292,177.61989342806393,1
1562,Branch_1857,8292,8328,2000.0,1
1563,Branch_1858,7256,8292,77.82101167315174,1
1564,Branch_1859,7256,8428,45.682960255824575,1
1565,Branch_1860,7256,8131,41.37360364087712,1
1566,Branch_1861,7256,8131,41.37360364087712,1
1567,Branch_1862,8584,8724,49.333991119881595,1
1568,Branch_1863,6661,6813,293.2551319648094,1
1569,Branch_1864,6517,7045,138.88888888888889,1
1570,Branch_1865,5315,6813,319.4888178913738,1
1571,Branch_1866,6517,6661,293.2551319648094,1
1572,Branch_1867,6662,6812,293.2551319648094,1
1573,Branch_1868,6518,7044,138.88888888888889,1
1574,Branch_1869,5313,6812,319.4888178913738,1
1575,Branch_1870,6518,6662,293.2551319648094,1
1576,Branch_1871,3335,3364,6.236357966947303,1
1577,Branch_1873,4998,5416,411.52263374485597,1
1578,Branch_1874,5416,6776,377.35849056603774,1
1579,Branch_1875,4831,7044,2000.0,1
1580,Branch_1876,4831,4997,201.61290322580646,1
1581,Branch_1877,2508,2573,12.769761205465457,1
1582,Branch_1878,3165,3369,6.741270055278415,1
1583,Branch_1880,4997,5415,411.52263374485597,1
1584,Branch_1881,5415,6776,377.35849056603774,1
1585,Branch_1882,4830,7045,2000.0,1
1586,Branch_1883,4830,4998,199.6007984031936,1
1587,Branch_1885,4538,4985,78.92659826361484,1
1588,Branch_1886,4985,5616,162.33766233766235,1
1589,Branch_1887,6018,9609,121.21212121212122,1
1590,Branch_1888,4575,5494,43.78283712784589,1
1591,Branch_1889,4575,5495,43.78283712784589,1
1592,Branch_1890,4577,6293,120.48192771084338,1
1593,Branch_1893,4896,6293,2000.0,1
1594,Branch_1895,2901,4590,22.763487366264513,1
1595,Branch_1896,6227,6293,602.4096385542168,1
1596,Branch_1897,3342,4590,24.968789013732835,1
1597,Branch_1898,4651,5038,267.379679144385,1
1598,Branch_1899,4590,4651,48.355899419729205,1
1599,Branch_1900,4590,4759,2000.0,1
1600,Branch_1901,4784,6236,2000.0,1
1601,Branch_1903,4590,6236,38.03727653100038,1
1602,Branch_1904,5088,6236,32.552083333333336,1
1603,Branch_1905,4710,5088,28.538812785388128,1
1604,Branch_1906,4590,4710,45.78754578754579,1
1605,Branch_1908,4268,6277,31.51591553734636,1
1606,Branch_1909,5643,6076,94.07337723424271,1
1607,Branch_1910,6585,7045,78.125,1
1608,Branch_1911,5267,6076,429.18454935622316,1
1609,Branch_1912,5388,6076,54.02485143165856,1
1610,Branch_1913,4984,5387,68.7757909215956,1
1611,Branch_1915,5387,6076,54.02485143165856,1
1612,Branch_1918,6215,10279,100.80645161290323,1
1613,Branch_1919,5387,6215,24.277737314882252,1
1614,Branch_1920,6229,10280,47.551117451260104,1
1615,Branch_1921,5387,6229,33.67003367003367,1
1616,Branch_1922,4981,4985,104.60251046025104,1
1617,Branch_1924,1920,2435,112.61261261261261,1
1618,Branch_1925,6564,7044,364.963503649635,1
1619,Branch_1926,2310,2670,36.496350364963504,1
1620,Branch_1927,6565,7045,364.963503649635,1
1621,Branch_1928,4637,7045,1010.10101010101,1
1622,Branch_1929,4638,7044,1098.901098901099,1
1623,Branch_1930,2256,2700,74.73841554559043,1
1624,Branch_1931,4871,6277,2000.0,1
1625,Branch_1932,5364,7044,411.52263374485597,1
1626,Branch_1933,5364,6789,168.35016835016836,1
1627,Branch_1934,5073,5699,236.4066193853428,1
1628,Branch_1935,5699,6789,132.27513227513228,1
1629,Branch_1936,4460,5699,617.283950617284,1
1630,Branch_1937,1912,2310,194.1747572815534,1
1631,Branch_1938,5365,7045,370.3703703703704,1
1632,Branch_1939,5365,6790,168.35016835016836,1
1633,Branch_1940,4460,6790,108.93246187363835,1
1634,Branch_1941,1851,2210,33.200531208499335,1
1635,Branch_1942,4230,4268,49.9001996007984,1
1636,Branch_1943,4460,5072,138.12154696132598,1
1637,Branch_1944,2302,2707,25.220680958385877,1
1638,Branch_1945,6671,6919,157.9778830963665,1
1639,Branch_1946,5981,6671,201.61290322580646,1
1640,Branch_1947,5981,6673,190.11406844106463,1
1641,Branch_1948,2475,2757,38.299502106472616,1
1642,Branch_1949,4460,5936,106.04453870625663,1
1643,Branch_1950,5936,6686,106.04453870625663,1
1644,Branch_1951,5981,6432,112.86681715575621,1
1645,Branch_1952,6432,6686,467.2897196261682,1
1646,Branch_1953,2340,2627,1.4900242873958847,1
1647,Branch_1954,4174,4317,68.1663258350375,1
1648,Branch_1955,3368,3500,13.892747985551543,1
1649,Branch_1956,5981,7071,649.3506493506494,1
1650,Branch_1957,5484,7071,150.6024096385542,1
1651,Branch_1958,5484,6481,154.5595054095827,1
1652,Branch_1959,5467,6199,85.03401360544218,1
1653,Branch_1960,6199,6206,2000.0,1
1654,Branch_1961,4575,6199,98.61932938856016,1
1655,Branch_1962,5467,6204,55.49389567147614,1
1656,Branch_1963,4711,6204,2000.0,1
1657,Branch_1964,4575,6204,279.3296089385475,1
1658,Branch_1965,4588,6018,118.90606420927467,1
1659,Branch_1966,6018,6331,114.41647597254004,1
1660,Branch_1967,4606,5024,150.6024096385542,1
1661,Branch_1968,2291,2390,59.523809523809526,1
1662,Branch_1969,4230,4317,117.50881316098707,1
1663,Branch_1970,5020,5361,103.30578512396694,1
1664,Branch_1971,5020,6691,152.9051987767584,1
1665,Branch_1972,4552,4820,86.58008658008659,1
1666,Branch_1973,5361,5476,49.9001996007984,1
1667,Branch_1974,5105,5361,47.05882352941177,1
1668,Branch_1975,5105,5423,147.49262536873155,1
1669,Branch_1976,4460,5105,67.38544474393531,1
1670,Branch_1977,5449,6691,57.50431282346176,1
1671,Branch_1978,4552,6691,2000.0,1
1672,Branch_1979,5981,6433,111.48272017837235,1
1673,Branch_1980,6433,6686,467.2897196261682,1
1674,Branch_1981,2715,2775,91.82736455463728,1
1675,Branch_1982,4057,4317,22.56317689530686,1
1676,Branch_1983,5823,6722,303.951367781155,1
1677,Branch_1984,5048,6722,246.91358024691357,1
1678,Branch_1985,6451,6722,336.7003367003367,1
1679,Branch_1986,5048,6776,617.283950617284,1
1680,Branch_1988,5824,6723,303.030303030303,1
1681,Branch_1989,5047,6723,246.91358024691357,1
1682,Branch_1990,6451,6723,336.7003367003367,1
1683,Branch_1991,5047,6776,617.283950617284,1
1684,Branch_1992,2291,2625,87.41258741258741,1
1685,Branch_1993,5209,5541,156.25,1
1686,Branch_1994,5209,6776,347.22222222222223,1
1687,Branch_1995,5209,5521,478.4688995215311,1
1688,Branch_1996,5521,5546,2000.0,1
1689,Branch_1997,5110,6716,278.55153203342616,1
1690,Branch_1998,5546,6716,581.3953488372093,1
1691,Branch_1999,5135,5508,69.25207756232687,1
1692,Branch_2000,5360,5547,284.9002849002849,1
1693,Branch_2001,5135,6698,235.8490566037736,1
1694,Branch_2002,5360,5508,194.55252918287937,1
1695,Branch_2003,5780,6793,30.275507114744173,1
1696,Branch_2004,4996,5976,1515.1515151515152,1
1697,Branch_2005,6607,6793,2000.0,1
1698,Branch_2006,4996,6793,93.10986964618249,1
1699,Branch_2007,4460,6429,44.38526409232135,1
1700,Branch_2008,6429,6607,2000.0,1
1701,Branch_2010,4203,4317,2000.0,1
1702,Branch_2011,5779,6607,29.895366218236173,1
1703,Branch_2012,4460,4486,80.58017727639,1
1704,Branch_2013,6428,6607,2000.0,1
1705,Branch_2014,4486,6428,98.81422924901186,1
1706,Branch_2016,4174,4390,157.9778830963665,1
1707,Branch_2017,5298,5675,89.44543828264759,1
1708,Branch_2018,5298,5482,138.12154696132598,1
1709,Branch_2019,4460,5482,83.75209380234506,1
1710,Branch_2020,5675,5779,38.74467260751646,1
1711,Branch_2021,2368,2388,26.143790849673202,1
1712,Branch_2022,5299,5676,89.44543828264759,1
1713,Branch_2023,5299,5481,138.12154696132598,1
1714,Branch_2024,4460,5481,83.75209380234506,1
1715,Branch_2025,5676,5779,38.74467260751646,1
1716,Branch_2026,2619,2625,55.61735261401557,1
1717,Branch_2027,3051,3368,8.429570934839417,1
1718,Branch_2028,696,698,1190.4761904761904,1
1719,Branch_2029,6728,6926,128.36970474967907,1
1720,Branch_2030,6451,6926,119.33174224343675,1
1721,Branch_2031,5982,6728,176.3668430335097,1
1722,Branch_2032,5982,6698,69.25207756232687,1
1723,Branch_2033,5982,6792,502.51256281407035,1
1724,Branch_2034,6249,6629,42.716787697565145,1
1725,Branch_2035,6249,6265,2000.0,1
1726,Branch_2036,4539,6249,617.283950617284,1
1727,Branch_2037,4539,9603,13.458950201884253,1
1728,Branch_2038,4539,9603,13.458950201884253,1
1729,Branch_2039,2558,2859,1282.051282051282,1
1730,Branch_2040,4138,4230,53.10674455655868,1
1731,Branch_2041,2558,2858,1265.8227848101267,1
1732,Branch_2042,2333,2595,40.08016032064128,1
1733,Branch_2043,5081,6415,43.38394793926247,1
1734,Branch_2044,2343,2822,144.7178002894356,1
1735,Branch_2045,6487,6658,91.15770282588879,1
1736,Branch_2046,4444,6658,179.85611510791367,1
1737,Branch_2047,4444,6451,206.61157024793388,1
1738,Branch_2048,2233,2428,78.98894154818325,1
1739,Branch_2049,6487,6657,84.31703204047217,1
1740,Branch_2050,4445,6657,188.32391713747646,1
1741,Branch_2051,4445,6451,201.61290322580646,1
1742,Branch_2052,2552,2824,66.711140760507,1
1743,Branch_2054,6052,6487,123.76237623762377,1
1744,Branch_2056,6052,6897,123.76237623762377,1
1745,Branch_2058,409,1170,5.1020408163265305,1
1746,Branch_2059,6053,6487,123.76237623762377,1
1747,Branch_2060,5166,6896,126.58227848101266,1
1748,Branch_2062,6053,6896,123.76237623762377,1
1749,Branch_2064,2275,2510,44.20866489832007,1
1750,Branch_2065,2720,2788,403.2258064516129,1
1751,Branch_2067,5979,7094,1098.901098901099,1
1752,Branch_2068,4992,7094,1265.8227848101267,1
1753,Branch_2069,4992,6717,66.00660066006601,1
1754,Branch_2070,4992,6477,110.74197120708749,1
1755,Branch_2071,5325,6477,127.7139208173691,1
1756,Branch_2072,5577,6477,584.7953216374269,1
1757,Branch_2073,6133,6927,380.22813688212926,1
1758,Branch_2074,6451,6927,119.61722488038278,1
1759,Branch_2075,5115,6717,201.61290322580646,1
1760,Branch_2076,5115,6894,403.2258064516129,1
1761,Branch_2077,6133,6894,201.61290322580646,1
1762,Branch_2078,2236,2456,36.023054755043226,1
1763,Branch_2079,2196,3289,27.662517289073307,1
1764,Branch_2080,4539,6611,31.036623215394165,1
1765,Branch_2081,4539,4699,189.0359168241966,1
1766,Branch_2082,4699,6611,37.65060240963855,1
1767,Branch_2083,4401,5788,35.27336860670194,1
1768,Branch_2084,2547,2643,87.64241893076249,1
1769,Branch_2085,5788,6856,135.13513513513513,1
1770,Branch_2086,3043,3107,46.51162790697674,1
1771,Branch_2087,3943,4401,2000.0,1
1772,Branch_2088,4446,5966,254.4529262086514,1
1773,Branch_2089,4446,5175,180.18018018018017,1
1774,Branch_2090,4460,5966,160.77170418006432,1
1775,Branch_2091,4487,5966,362.3188405797101,1
1776,Branch_2092,5175,5650,325.7328990228013,1
1777,Branch_2093,4387,4401,617.283950617284,1
1778,Branch_2094,3035,3151,3.8137370809656383,1
1779,Branch_2095,2304,2814,24.752475247524753,1
1780,Branch_2096,4282,4387,119.04761904761905,1
1781,Branch_2098,1875,2444,769.2307692307693,1
1782,Branch_2099,9755,9768,2000.0,1
1783,Branch_2102,4282,9755,57.4052812858783,1
1784,Branch_2104,2608,2640,40.19292604501608,1
1785,Branch_2105,9755,10063,121.21212121212122,1
1786,Branch_2107,9895,10071,58.47953216374269,1
1787,Branch_2108,5314,6919,847.457627118644,1
1788,Branch_2109,2526,2746,29.682398337785692,1
1789,Branch_2110,9533,10063,826.4462809917355,1
1790,Branch_2111,4629,5160,125.0,1
1791,Branch_2112,9532,10063,826.4462809917355,1
1792,Branch_2113,9895,10063,253.80710659898477,1
1793,Branch_2114,5160,6416,7.861635220125787,1
1794,Branch_2115,2381,2808,2000.0,1
1795,Branch_2117,5565,6856,136.6120218579235,1
1796,Branch_2118,2381,2808,2000.0,1
1797,Branch_2119,2577,2667,27.785495971103085,1
1798,Branch_2120,1875,2430,59.73715651135006,1
1799,Branch_2121,9895,9916,2000.0,1
1800,Branch_2122,2640,3289,66.40106241699867,1
1801,Branch_2123,5788,6856,135.13513513513513,1
1802,Branch_2124,9966,10071,2000.0,1
1803,Branch_2126,6611,9966,48.5201358563804,1
1804,Branch_2127,3307,3493,5.233136218535768,1
1805,Branch_2128,9966,10063,45.80852038479157,1
1806,Branch_2129,5788,9966,70.97232079489,1
1807,Branch_2130,8674,8962,88.02816901408451,1
1808,Branch_2131,9943,9966,2000.0,1
1809,Branch_2132,2411,2690,47.82400765184122,1
1810,Branch_2133,5904,6920,595.2380952380952,1
1811,Branch_2134,5902,6919,595.2380952380952,1
1812,Branch_2135,2640,3289,65.57377049180327,1
1813,Branch_2136,4094,4296,63.13131313131313,1
1814,Branch_2137,5904,6071,401.60642570281124,1
1815,Branch_2138,5315,7073,2000.0,1
1816,Branch_2139,6071,7073,2000.0,1
1817,Branch_2140,2349,2718,38.2262996941896,1
1818,Branch_2141,3937,5788,59.95203836930455,1
1819,Branch_2142,5902,6070,401.60642570281124,1
1820,Branch_2143,5313,7072,2000.0,1
1821,Branch_2144,6070,7072,2000.0,1
1822,Branch_2145,5788,6611,85.1063829787234,1
1823,Branch_2146,2575,2880,2000.0,1
1824,Branch_2147,3937,3950,143.67816091954023,1
1825,Branch_2148,2102,2595,53.27650506126798,1
1826,Branch_2149,3937,3946,2000.0,1
1827,Branch_2150,2424,2725,12.292562999385371,1
1828,Branch_2151,2532,2733,26.99055330634278,1
1829,Branch_2152,4282,4387,123.30456226880395,1
1830,Branch_2153,2390,2647,31.289111389236545,1
1831,Branch_2154,2381,2865,236.96682464454977,1
1832,Branch_2155,933,937,228.83295194508008,1
1833,Branch_2156,1933,2263,72.62164124909224,1
1834,Branch_2157,3950,4387,176.3668430335097,1
1835,Branch_2158,7388,7567,22.49718785151856,1
1836,Branch_2159,2186,4564,65.91957811470007,1
1837,Branch_2160,3100,3544,66.53359946773121,1
1838,Branch_2161,3229,3544,115.47344110854503,1
1839,Branch_2162,3950,4405,2000.0,1
1840,Branch_2163,3229,3736,71.78750897343862,1
1841,Branch_2164,2433,2777,3.258390355164549,1
1842,Branch_2165,4564,6678,366.3003663003663,1
1843,Branch_2166,1862,2532,53.85029617662897,1
1844,Branch_2167,2386,2452,33.9097999321804,1
1845,Branch_2168,2357,2690,103.51966873706004,1
1846,Branch_2169,3203,3547,26.86005909213,1
1847,Branch_2170,2777,2828,28.653295128939828,1
1848,Branch_2171,3007,3475,72.46376811594203,1
1849,Branch_2172,3007,3100,347.22222222222223,1
1850,Branch_2173,2186,4564,65.91957811470007,1
1851,Branch_2175,2172,9407,40.27386226339106,1
1852,Branch_2178,2235,2580,77.57951900698215,1
1853,Branch_2179,4564,6678,366.3003663003663,1
1854,Branch_2180,2476,2580,115.34025374855824,1
1855,Branch_2181,2239,2476,16.781339150864238,1
1856,Branch_2182,7609,7801,8.721437292865865,1
1857,Branch_2183,1910,2608,45.97701149425287,1
1858,Branch_2184,933,937,228.83295194508008,1
1859,Branch_2186,2094,2186,934.5794392523364,1
1860,Branch_2188,7567,7759,46.21072088724584,1
1861,Branch_2189,7540,7639,180.83182640144665,1
1862,Branch_2190,2094,2101,2000.0,1
1863,Branch_2191,7517,7609,19.098548510313215,1
1864,Branch_2192,2197,2552,327.8688524590164,1
1865,Branch_2193,2094,2632,64.93506493506493,1
1866,Branch_2194,7222,8386,85.25149190110827,1
1867,Branch_2195,1442,1457,31.565656565656564,1
1868,Branch_2196,3382,3430,7.008199593524424,1
1869,Branch_2197,7223,7740,42.229729729729726,1
1870,Branch_2198,3123,3454,14.83459427384661,1
1871,Branch_2199,2647,2733,53.39028296849973,1
1872,Branch_2200,2186,2632,61.05006105006105,1
1873,Branch_2202,7389,8368,184.84288354898337,1
1874,Branch_2203,7540,7967,36.04902667627974,1
1875,Branch_2204,7540,7740,38.80481179666278,1
1876,Branch_2205,7540,7733,41.597337770382694,1
1877,Branch_2207,7540,7886,71.27583749109051,1
1878,Branch_2208,2333,2366,147.92899408284023,1
1879,Branch_2209,2344,2611,30.202355783751134,1
1880,Branch_2210,3124,3165,13.335111348179757,1
1881,Branch_2211,1915,2617,21.50537634408602,1
1882,Branch_2213,3440,3532,73.96449704142012,1
1883,Branch_2214,8811,8815,106.83760683760684,1
1884,Branch_2215,2946,3394,14.200511218403863,1
1885,Branch_2216,8533,9467,34.904013961605585,1
1886,Branch_2217,2338,2541,37.03703703703704,1
1887,Branch_2218,2276,2314,19.331142470520007,1
1888,Branch_2219,2314,2704,111.48272017837235,1
1889,Branch_2220,2315,2806,164.20361247947454,1
1890,Branch_2221,3289,3536,28.37684449489217,1
1891,Branch_2222,3292,3645,62.893081761006286,1
1892,Branch_2223,10071,10248,1492.5373134328358,1
1893,Branch_2224,8541,8575,17.135023989033584,1
1894,Branch_2225,8574,8602,8.909479686386314,1
1895,Branch_2226,8560,8674,41.511000415110004,1
1896,Branch_2227,8560,8955,105.9322033898305,1
1897,Branch_2228,8668,8712,6.246486351427322,1
1898,Branch_2229,9310,9484,40.46944556859571,1
1899,Branch_2230,3104,3109,93.72071227741331,1
1900,Branch_2231,8662,8739,18.942981625307823,1
1901,Branch_2232,4056,4138,30.23888720895071,1
1902,Branch_2233,7740,7854,79.80845969672785,1
1903,Branch_2234,2215,2342,310.55900621118013,1
1904,Branch_2235,7540,7854,74.34944237918215,1
1905,Branch_2236,9296,9467,19.968051118210862,1
1906,Branch_2237,3350,3636,59.844404548174744,1
1907,Branch_2238,3104,3380,4.130183380142078,1
1908,Branch_2239,2111,2717,61.08735491753207,1
1909,Branch_2240,5076,5487,59.31198102016607,1
1910,Branch_2241,2428,2652,44.603033006244424,1
1911,Branch_2242,7809,7937,5.353319057815845,1
1912,Branch_2243,2626,2857,30.931023816888338,1
1913,Branch_2244,4743,5494,122.54901960784314,1
1914,Branch_2245,2254,2559,11.114816049794376,1
1915,Branch_2246,2776,2800,46.68534080298786,1
1916,Branch_2247,1990,2412,183.8235294117647,1
1917,Branch_2248,3289,3430,93.37068160597572,1
1918,Branch_2249,2444,2865,211.41649048625794,1
1919,Branch_2250,2042,2748,84.45945945945945,1
1920,Branch_2252,4577,6295,93.89671361502347,1
1921,Branch_2255,2042,2743,21.83406113537118,1
1922,Branch_2258,1991,2494,27.925160569673274,1
1923,Branch_2259,4730,7140,2000.0,1
1924,Branch_2260,2354,2739,41.61464835622139,1
1925,Branch_2261,5075,6295,1162.7906976744187,1
1926,Branch_2262,2412,2864,70.97232079489,1
1927,Branch_2263,4730,5076,101.01010101010101,1
1928,Branch_2264,4577,4730,892.8571428571429,1
1929,Branch_2265,3350,3552,196.46365422396858,1
1930,Branch_2266,3099,3771,4.05926527298559,1
1931,Branch_2267,4934,6295,2000.0,1
1932,Branch_2268,8528,9281,119.18951132300357,1
1933,Branch_2269,3289,3382,6.519754857217369,1
1934,Branch_2270,4096,4295,63.13131313131313,1
1935,Branch_2271,2126,2444,28.41716396703609,1
1936,Branch_2273,4056,5147,51.65289256198347,1
1937,Branch_2275,2126,2520,181.8181818181818,1
1938,Branch_2276,2283,2755,4.7447333459859555,1
1939,Branch_2277,5147,6300,2000.0,1
1940,Branch_2278,7489,8143,1265.8227848101267,1
1941,Branch_2279,8143,8225,172.41379310344828,1
1942,Branch_2280,7782,8225,42.42681374628766,1
1943,Branch_2281,7489,8226,636.9426751592357,1
1944,Branch_2282,7270,8226,268.81720430107526,1
1945,Branch_2283,7270,7782,40.22526146419952,1
1946,Branch_2284,7269,7270,103.62694300518135,1
1947,Branch_2285,7489,8315,613.4969325153374,1
1948,Branch_2286,8315,8316,613.4969325153374,1
1949,Branch_2287,3123,3536,13.498920086393088,1
1950,Branch_2289,2589,2718,41.82350480970305,1
1951,Branch_2290,2547,2721,36.99593044765076,1
1952,Branch_2291,1950,2551,10.895619960775768,1
1953,Branch_2292,2363,3289,27.210884353741495,1
1954,Branch_2293,4057,5147,51.20327700972862,1
1955,Branch_2294,3501,3557,80.32128514056225,1
1956,Branch_2296,2540,2722,67.56756756756756,1
1957,Branch_2297,4882,6304,2000.0,1
1958,Branch_2300,4677,4868,383.1417624521073,1
1959,Branch_2301,2252,2788,189.0359168241966,1
1960,Branch_2302,1849,2788,72.5689404934688,1
1961,Branch_2303,4882,5494,2000.0,1
1962,Branch_2304,5495,5921,84.60236886632826,1
1963,Branch_2305,2269,2411,31.27932436659368,1
1964,Branch_2307,4882,5921,79.74481658692186,1
1965,Branch_2308,2071,2126,2000.0,1
1966,Branch_2309,6495,6952,209.64360587002096,1
1967,Branch_2310,5534,6495,561.7977528089888,1
1968,Branch_2311,5494,5534,278.55153203342616,1
1969,Branch_2312,1957,2219,30.111412225233362,1
1970,Branch_2313,2215,2735,226.75736961451247,1
1971,Branch_2314,1873,2433,10.339123242349048,1
1972,Branch_2315,4861,4868,2000.0,1
1973,Branch_2316,1855,2667,613.4969325153374,1
1974,Branch_2317,2297,2300,45.578851412944395,1
1975,Branch_2318,5730,6649,128.2051282051282,1
1976,Branch_2319,5840,6649,127.8772378516624,1
1977,Branch_2320,6135,6608,342.4657534246575,1
1978,Branch_2321,5638,6430,268.81720430107526,1
1979,Branch_2322,5173,6430,253.16455696202533,1
1980,Branch_2323,5173,6049,381.6793893129771,1
1981,Branch_2324,5620,6430,287.35632183908046,1
1982,Branch_2325,6049,6060,381.6793893129771,1
1983,Branch_2327,4676,6135,103.30578512396694,1
1984,Branch_2328,4676,5638,125.31328320802005,1
1985,Branch_2329,6060,6289,495.0495049504951,1
1986,Branch_2330,5840,6289,793.6507936507936,1
1987,Branch_2331,2199,2297,2000.0,1
1988,Branch_2332,5730,6648,128.2051282051282,1
1989,Branch_2333,5841,6648,127.8772378516624,1
1990,Branch_2335,5172,6431,253.16455696202533,1
1991,Branch_2336,5454,6608,77.82101167315174,1
1992,Branch_2337,4677,5454,270.27027027027026,1
1993,Branch_2338,5637,6431,268.81720430107526,1
1994,Branch_2339,5619,6431,287.35632183908046,1
1995,Branch_2340,5172,6048,381.6793893129771,1
1996,Branch_2341,6048,6061,381.6793893129771,1
1997,Branch_2343,4868,5637,204.49897750511246,1
1998,Branch_2344,5841,6290,793.6507936507936,1
1999,Branch_2345,6061,6290,793.6507936507936,1
2000,Branch_2346,2200,2297,2000.0,1
2001,Branch_2347,2508,2627,7.746533426291735,1
2002,Branch_2348,2495,2829,120.77294685990339,1
2003,Branch_2350,2067,2126,2000.0,1
2004,Branch_2351,1919,2707,37.50937734433609,1
2005,Branch_2352,5174,5730,123.00123001230013,1
2006,Branch_2353,5174,6460,98.81422924901186,1
2007,Branch_2354,5418,6460,108.22510822510823,1
2008,Branch_2355,1931,1958,44.36557231588287,1
2009,Branch_2356,2340,2737,4.491354143274197,1
2010,Branch_2357,1992,2501,78.92659826361484,1
2011,Branch_2358,2213,2475,17.953321364452425,1
2012,Branch_2359,9531,10352,628.930817610063,1
2013,Branch_2360,9530,10352,602.4096385542168,1
2014,Branch_2361,2474,2751,21.968365553602812,1
2015,Branch_2362,2235,2474,12.934937265554263,1
2016,Branch_2363,2239,2568,36.1794500723589,1
2017,Branch_2364,3135,3382,82.98755186721992,1
2018,Branch_2365,3100,3544,66.44518272425249,1
2019,Branch_2366,5730,6738,80.25682182985554,1
2020,Branch_2367,5418,6738,140.0560224089636,1
2021,Branch_2368,3544,3736,44.20866489832007,1
2022,Branch_2369,7639,7857,34.48275862068966,1
2023,Branch_2370,7540,7856,72.25433526011561,1
2024,Branch_2371,10232,10352,2000.0,1
2025,Branch_2374,10233,10352,2000.0,1
2026,Branch_2375,2791,3618,41.1522633744856,1
2027,Branch_2376,2791,3619,41.11842105263158,1
2028,Branch_2377,3357,3382,15.211439002129602,1
2029,Branch_2378,5138,5212,2000.0,1
2030,Branch_2379,5212,5910,99.10802775024777,1
2031,Branch_2380,4529,5910,21.934634788330776,1
2032,Branch_2382,5138,6488,85.03401360544218,1
2033,Branch_2383,5695,6488,346.02076124567475,1
2034,Branch_2384,5398,5695,43.63001745200698,1
2035,Branch_2385,5187,5695,192.30769230769232,1
2036,Branch_2386,4716,6608,140.4494382022472,1
2037,Branch_2389,4716,9594,72.7802037845706,1
2038,Branch_2390,9594,10246,2000.0,1
2039,Branch_2392,4716,6207,2000.0,1
2040,Branch_2393,10246,10352,33.244680851063826,1
2041,Branch_2394,4841,4842,2000.0,1
2042,Branch_2395,4841,4843,2000.0,1
2043,Branch_2397,2913,3544,55.92841163310962,1
2044,Branch_2398,4529,6437,2000.0,1
2045,Branch_2402,6408,9934,1428.5714285714287,1
2046,Branch_2403,9934,10352,438.5964912280702,1
2047,Branch_2404,6408,6409,57.6036866359447,1
2048,Branch_2405,6409,6410,38.08073115003808,1
2049,Branch_2406,9675,10072,88.96797153024912,1
2050,Branch_2407,4661,6608,57.077625570776256,1
2051,Branch_2408,4661,6111,184.50184501845018,1
2052,Branch_2409,4832,6410,2000.0,1
2053,Branch_2410,4615,6225,60.97560975609756,1
2054,Branch_2413,4615,6857,19.37608990505716,1
2055,Branch_2414,6225,6988,2000.0,1
2056,Branch_2415,5440,6988,37.65060240963855,1
2057,Branch_2416,5440,7028,87.87346221441125,1
2058,Branch_2417,4660,7028,1162.7906976744187,1
2059,Branch_2418,4660,5809,96.24639076034649,1
2060,Branch_2419,5809,6608,140.0560224089636,1
2061,Branch_2420,6075,6857,62.77463904582549,1
2062,Branch_2421,3383,3795,401.60642570281124,1
2063,Branch_2422,2929,3666,24.177949709864603,1
2064,Branch_2423,6806,6851,283.28611898017,1
2065,Branch_2424,5192,6851,116.0092807424594,1
2066,Branch_2425,2012,2232,80.71025020177562,1
2067,Branch_2426,1909,2740,121.8026796589525,1
2068,Branch_2427,2275,2816,85.32423208191126,1
2069,Branch_2428,1938,2282,89.68609865470852,1
2070,Branch_2430,9675,9935,24.172105390379503,1
2071,Branch_2431,9935,10352,126.26262626262626,1
2072,Branch_2432,1914,2589,104.38413361169103,1
2073,Branch_2433,9935,9937,2000.0,1
2074,Branch_2434,1932,2302,47.39336492890995,1
2075,Branch_2435,4866,5974,103.09278350515464,1
2076,Branch_2436,2230,2692,15.349194167306216,1
2077,Branch_2437,9935,9936,2000.0,1
2078,Branch_2438,1913,1936,24.248302618816684,1
2079,Branch_2439,9772,10339,2000.0,1
2080,Branch_2440,3059,3357,40.88307440719542,1
2081,Branch_2441,1920,1971,19.282684149633628,1
2082,Branch_2442,9517,10139,146.19883040935673,1
2083,Branch_2444,9772,10139,28.530670470756064,1
2084,Branch_2445,1935,2775,32.552083333333336,1
2085,Branch_2446,9567,9772,57.77007510109763,1
2086,Branch_2447,1916,2336,66.00660066006601,1
2087,Branch_2448,6301,6944,76.21951219512195,1
2088,Branch_2449,6301,9567,15.728216420257942,1
2089,Branch_2450,2526,2630,40.899795501022496,1
2090,Branch_2453,6788,7049,27.51031636863824,1
2091,Branch_2454,6285,6788,342.4657534246575,1
2092,Branch_2455,6944,7049,81.69934640522875,1
2093,Branch_2456,2790,2814,22.639800769753226,1
2094,Branch_2458,9733,10352,60.38647342995169,1
2095,Branch_2459,1935,2558,102.04081632653062,1
2096,Branch_2461,5192,5633,55.80357142857143,1
2097,Branch_2462,30,2213,19.519812609798947,1
2098,Branch_2463,5473,5892,52.11047420531527,1
2099,Branch_2464,5473,5633,162.07455429497568,1
2100,Branch_2465,30,829,57.01254275940707,1
2101,Branch_2466,5799,6893,169.4915254237288,1
2102,Branch_2467,5892,6893,97.27626459143968,1
2103,Branch_2468,3059,3639,177.3049645390071,1
2104,Branch_2469,1912,1931,30.637254901960784,1
2105,Branch_2470,5614,5847,500.0,1
2106,Branch_2471,5805,5847,50.505050505050505,1
2107,Branch_2472,1932,2670,104.0582726326743,1
2108,Branch_2473,5805,5892,93.28358208955224,1
2109,Branch_2474,5799,5805,216.45021645021646,1
2110,Branch_2475,1933,2716,110.25358324145535,1
2111,Branch_2476,5614,5633,172.71157167530225,1
2112,Branch_2477,7732,7869,15.90836780146357,1
2113,Branch_2478,4529,6438,2000.0,1
2114,Branch_2479,6285,6438,26.26050420168067,1
2115,Branch_2480,2251,2366,199.20318725099602,1
2116,Branch_2481,4886,6285,2000.0,1
2117,Branch_2482,3636,3639,67.38544474393531,1
2118,Branch_2483,1952,2229,38.38771593090211,1
2119,Branch_2484,3059,3531,238.6634844868735,1
2120,Branch_2485,2381,2444,112.86681715575621,1
2121,Branch_2486,5426,6697,108.22510822510823,1
2122,Branch_2487,4743,6697,213.21961620469082,1
2123,Branch_2488,5387,5643,97.65625,1
2124,Branch_2489,6629,7113,143.67816091954023,1
2125,Branch_2490,5387,7113,529.1005291005291,1
2126,Branch_2491,5426,5643,112.2334455667789,1
2127,Branch_2492,5387,5643,97.65625,1
2128,Branch_2493,6629,9685,94.9667616334283,1
2129,Branch_2494,9585,10147,139.08205841446454,1
2130,Branch_2495,9603,10147,35.75259206292456,1
2131,Branch_2496,9585,9685,91.24087591240875,1
2132,Branch_2497,5387,6629,113.76564277588169,1
2133,Branch_2500,5643,6493,52.19206680584551,1
2134,Branch_2501,6120,6191,381.6793893129771,1
2135,Branch_2502,1950,2691,31.25,1
2136,Branch_2503,6952,7033,185.1851851851852,1
2137,Branch_2504,4743,7033,214.59227467811158,1
2138,Branch_2505,4539,5775,126.90355329949239,1
2139,Branch_2506,3412,3806,2000.0,1
2140,Branch_2507,3412,3806,2000.0,1
2141,Branch_2508,6018,6024,34.35245620061834,1
2142,Branch_2510,3806,6024,112.2334455667789,1
2143,Branch_2512,3592,3806,88.261253309797,1
2144,Branch_2513,3361,3475,64.26735218508998,1
2145,Branch_2514,6018,6029,41.597337770382694,1
2146,Branch_2515,6024,6029,142.04545454545453,1
2147,Branch_2516,3475,3561,185.87360594795538,1
2148,Branch_2517,6120,6493,274.72527472527474,1
2149,Branch_2518,5946,6120,2000.0,1
2150,Branch_2519,3251,6018,14.486455164421265,1
2151,Branch_2520,3251,3475,98.71668311944718,1
2152,Branch_2521,8811,9419,33.3667000333667,1
2153,Branch_2522,5643,6018,34.45899379738112,1
2154,Branch_2524,5643,6331,52.826201796090864,1
2155,Branch_2525,5426,5643,112.2334455667789,1
2156,Branch_2526,2980,3475,1333.3333333333333,1
2157,Branch_2527,8282,8357,52.54860746190226,1
2158,Branch_2530,7833,8282,178.25311942959001,1
2159,Branch_2532,2980,8357,53.1632110579479,1
2160,Branch_2535,7202,7833,121.95121951219512,1
2161,Branch_2536,7202,7526,84.60236886632826,1
2162,Branch_2537,8389,8428,2000.0,1
2163,Branch_2538,8390,8428,2000.0,1
2164,Branch_2539,8407,8428,2000.0,1
2165,Branch_2541,8245,8407,787.4015748031496,1
2166,Branch_2542,3475,8214,29.197080291970803,1
2167,Branch_2547,8245,8428,552.4861878453039,1
2168,Branch_2550,3475,7555,57.6036866359447,1
2169,Branch_2554,3592,6024,45.12635379061372,1
2170,Branch_2555,3561,3592,68.63417982155113,1
2171,Branch_2556,7943,8214,157.9778830963665,1
2172,Branch_2557,2084,2829,22.763487366264513,1
2173,Branch_2558,5517,6773,72.04610951008645,1
2174,Branch_2559,6773,7144,94.87666034155598,1
2175,Branch_2560,5267,5643,91.49130832570906,1
2176,Branch_2561,5643,6493,52.19206680584551,1
2177,Branch_2562,4743,6493,47.192071731949035,1
2178,Branch_2563,3258,3554,79.23930269413628,1
2179,Branch_2564,7555,7893,69.39625260235947,1
2180,Branch_2565,1964,2690,22.29157378510923,1
2181,Branch_2566,2397,5024,59.13660555884092,1
2182,Branch_2567,2397,5024,59.13660555884092,1
2183,Branch_2571,5108,10109,30.48780487804878,1
2184,Branch_2572,5398,6989,1408.4507042253522,1
2185,Branch_2573,10111,10216,120.91898428053204,1
2186,Branch_2574,5108,10253,66.711140760507,1
2187,Branch_2575,9544,10216,46.66355576294914,1
2188,Branch_2576,5025,6802,22.670596236681025,1
2189,Branch_2577,5025,5108,25.12562814070352,1
2190,Branch_2578,10081,10111,7.316359379572725,1
2191,Branch_2579,5025,6989,151.05740181268882,1
2192,Branch_2580,10081,10253,54.054054054054056,1
2193,Branch_2581,7336,8123,2000.0,1
2194,Branch_2583,7595,7750,70.57163020465772,1
2195,Branch_2584,7640,7794,53.27650506126798,1
2196,Branch_2585,7595,7640,68.68131868131869,1
2197,Branch_2586,7595,7716,87.10801393728222,1
2198,Branch_2587,7391,8027,2000.0,1
2199,Branch_2588,7336,7391,36.87315634218289,1
2200,Branch_2589,7206,7750,16.149870801033593,1
2201,Branch_2590,7206,7336,361.01083032490976,1
2202,Branch_2591,7805,7823,78.74015748031496,1
2203,Branch_2592,7626,7823,1851.851851851852,1
2204,Branch_2593,7805,8355,53.908355795148246,1
2205,Branch_2594,7794,7805,27.35229759299781,1
2206,Branch_2595,7538,7626,21.64970772894566,1
2207,Branch_2596,7254,8001,2000.0,1
2208,Branch_2597,7750,7776,21.496130696474633,1
2209,Branch_2598,7409,8001,51.733057423693744,1
2210,Branch_2599,7409,7776,22.22716159146477,1
2211,Branch_2600,7758,7876,34.08316291751875,1
2212,Branch_2601,7876,8000,11.603620329542817,1
2213,Branch_2602,7876,7883,2000.0,1
2214,Branch_2603,7254,8000,2000.0,1
2215,Branch_2604,7699,8027,96.24639076034649,1
2216,Branch_2605,7699,7750,14.353380221042055,1
2217,Branch_2606,7392,8027,2000.0,1
2218,Branch_2607,7392,7702,17.5530981218185,1
2219,Branch_2608,7420,7750,39.96802557953637,1
2220,Branch_2609,7420,7702,144.3001443001443,1
2221,Branch_2610,7420,7839,2000.0,1
2222,Branch_2611,1958,2738,90.09009009009009,1
2223,Branch_2612,3059,3552,18.08972503617945,1
2224,Branch_2613,4094,4575,68.1663258350375,1
2225,Branch_2614,7850,8381,19.63093835885355,1
2226,Branch_2615,7212,7727,116.95906432748538,1
2227,Branch_2616,7676,8445,1492.5373134328358,1
2228,Branch_2617,7850,8445,87.48906386701663,1
2229,Branch_2618,7850,8121,22.045855379188712,1
2230,Branch_2619,7727,8381,48.899755501222494,1
2231,Branch_2620,7659,8381,22.060445621001545,1
2232,Branch_2621,7694,7727,917.4311926605504,1
2233,Branch_2622,7212,7855,34.9283967865875,1
2234,Branch_2623,7750,7855,14.442518775274408,1
2235,Branch_2624,7989,8038,23.408239700374533,1
2236,Branch_2625,7602,8038,564.9717514124294,1
2237,Branch_2626,7286,8038,46.468401486988846,1
2238,Branch_2627,7286,8027,2000.0,1
2239,Branch_2628,7329,7989,41.22011541632317,1
2240,Branch_2629,5428,6638,56.14823133071308,1
2241,Branch_2630,7212,7973,48.85197850512946,1
2242,Branch_2631,7329,7973,25.157232704402517,1
2243,Branch_2632,7212,7538,10.860121633362294,1
2244,Branch_2633,7630,7750,17.238407171177382,1
2245,Branch_2634,7538,7630,43.78283712784589,1
2246,Branch_2635,2652,2721,30.740854595757764,1
2247,Branch_2636,5517,5591,50.53057099545225,1
2248,Branch_2637,5652,6676,76.68711656441718,1
2249,Branch_2638,5591,6814,892.8571428571429,1
2250,Branch_2639,5652,6814,1265.8227848101267,1
2251,Branch_2640,5427,6638,56.14823133071308,1
2252,Branch_2641,7749,7750,37.835792659856224,1
2253,Branch_2642,7749,7930,33.9097999321804,1
2254,Branch_2643,7930,8027,38.955979742890534,1
2255,Branch_2644,7212,7607,31.645569620253166,1
2256,Branch_2647,5251,5427,2000.0,1
2257,Branch_2648,6540,6768,188.32391713747646,1
2258,Branch_2649,5251,6540,62.814070351758794,1
2259,Branch_2650,5397,6768,74.23904974016332,1
2260,Branch_2651,5005,5397,129.19896640826875,1
2261,Branch_2652,5005,6515,606.060606060606,1
2262,Branch_2653,5895,6515,387.5968992248062,1
2263,Branch_2654,4663,6515,259.7402597402597,1
2264,Branch_2655,5516,6768,128.53470437017995,1
2265,Branch_2656,5516,6880,118.48341232227489,1
2266,Branch_2657,6617,6768,220.7505518763797,1
2267,Branch_2659,5655,6617,220.7505518763797,1
2268,Branch_2660,4781,6617,111.85682326621924,1
2269,Branch_2661,7732,7909,64.18485237483954,1
2270,Branch_2662,5250,5428,2000.0,1
2271,Branch_2663,6539,6768,188.32391713747646,1
2272,Branch_2664,5250,6539,62.814070351758794,1
2273,Branch_2665,5396,6768,76.4525993883792,1
2274,Branch_2666,5006,5396,129.87012987012986,1
2275,Branch_2667,5006,6516,432.9004329004329,1
2276,Branch_2668,5896,6516,387.5968992248062,1
2277,Branch_2669,4663,6516,259.7402597402597,1
2278,Branch_2670,5515,6768,128.53470437017995,1
2279,Branch_2671,5515,6880,118.48341232227489,1
2280,Branch_2672,6618,6768,220.7505518763797,1
2281,Branch_2674,5654,6618,220.7505518763797,1
2282,Branch_2675,4780,6618,111.73184357541899,1
2283,Branch_2676,5082,5427,45.31037607612143,1
2284,Branch_2677,5011,5082,139.4700139470014,1
2285,Branch_2678,5206,6581,192.30769230769232,1
2286,Branch_2679,5082,6581,76.74597083653109,1
2287,Branch_2680,8297,8375,131.23359580052494,1
2288,Branch_2681,3361,3592,259.7402597402597,1
2289,Branch_2683,7151,8423,35.91954022988506,1
2290,Branch_2684,5083,5428,44.24778761061947,1
2291,Branch_2685,5010,5083,139.4700139470014,1
2292,Branch_2686,5083,6580,75.7002271006813,1
2293,Branch_2687,7306,8443,92.42144177449168,1
2294,Branch_2688,7289,7306,33.5345405767941,1
2295,Branch_2689,8130,8443,90.25270758122744,1
2296,Branch_2690,7289,8180,21.226915729144554,1
2297,Branch_2691,7376,8130,24.342745861733203,1
2298,Branch_2693,8130,8307,26.910656620021527,1
2299,Branch_2694,8305,8307,53.676865271068166,1
2300,Branch_2695,8307,8308,32.66906239790918,1
2301,Branch_2696,8308,8309,1098.901098901099,1
2302,Branch_2697,8180,8305,70.92198581560284,1
2303,Branch_2698,8305,8306,173.91304347826087,1
2304,Branch_2699,8308,8310,2000.0,1
2305,Branch_2701,8130,8137,1492.5373134328358,1
2306,Branch_2702,7516,7929,33.87533875338753,1
2307,Branch_2703,7516,7779,19.286403085824492,1
2308,Branch_2707,7436,7571,56.46527385657821,1
2309,Branch_2708,7445,7938,30.807147258163894,1
2310,Branch_2709,7445,7571,1190.4761904761904,1
2311,Branch_2710,7445,8236,1351.3513513513512,1
2312,Branch_2711,7435,8236,65.96306068601584,1
2313,Branch_2712,8269,8297,1388.888888888889,1
2314,Branch_2713,7779,8269,42.716787697565145,1
2315,Branch_2715,7929,8076,2000.0,1
2316,Branch_2716,7353,8076,28.92681515765114,1
2317,Branch_2717,7353,7938,56.46527385657821,1
2318,Branch_2718,7350,7472,2000.0,1
2319,Branch_2719,7289,8101,289.01734104046244,1
2320,Branch_2720,6319,7144,2000.0,1
2321,Branch_2723,7908,8442,31.826861871419478,1
2322,Branch_2725,7574,7908,65.74621959237344,1
2323,Branch_2726,8130,8442,207.0393374741201,1
2324,Branch_2727,7489,7574,34.57814661134163,1
2325,Branch_2728,7289,7742,95.69377990430623,1
2326,Branch_2729,7307,7742,51.62622612287042,1
2327,Branch_2730,7307,8130,45.97701149425287,1
2328,Branch_2733,8122,8444,173.61111111111111,1
2329,Branch_2734,7586,8444,27.731558513588464,1
2330,Branch_2736,7489,8122,28.74389192296637,1
2331,Branch_2738,7624,8016,2000.0,1
2332,Branch_2739,7586,8130,175.7469244288225,1
2333,Branch_2740,7289,8017,105.04201680672269,1
2334,Branch_2742,7305,7698,81.43322475570032,1
2335,Branch_2745,7698,7779,102.24948875255623,1
2336,Branch_2748,7305,7614,15.377518068583731,1
2337,Branch_2749,7262,7836,99.50248756218906,1
2338,Branch_2750,7182,7262,26.448029621793175,1
2339,Branch_2752,7351,7422,67.24949562878278,1
2340,Branch_2753,7289,7490,16.49620587264929,1
2341,Branch_2754,7422,7472,19.256691700365877,1
2342,Branch_2755,7352,7490,32.59452411994785,1
2343,Branch_2758,7289,8440,227.79043280182233,1
2344,Branch_2760,8066,8188,349.65034965034965,1
2345,Branch_2761,8002,8188,27.114967462039047,1
2346,Branch_2762,7494,8440,230.4147465437788,1
2347,Branch_2763,7494,8002,32.927230819888045,1
2348,Branch_2764,7494,7495,2000.0,1
2349,Branch_2765,7289,8039,74.73841554559043,1
2350,Branch_2766,7397,8039,266.6666666666667,1
2351,Branch_2767,7351,8041,14.539110206455366,1
2352,Branch_2768,7352,7421,67.24949562878278,1
2353,Branch_2771,7397,8041,349.65034965034965,1
2354,Branch_2773,7421,7472,19.256691700365877,1
2355,Branch_2774,1924,2231,32.81916639317361,1
2356,Branch_2775,7686,7902,316.45569620253167,1
2357,Branch_2776,7677,8207,140.64697609001408,1
2358,Branch_2778,7677,8140,71.17437722419929,1
2359,Branch_2779,7677,7902,448.4304932735426,1
2360,Branch_2780,7866,8017,171.82130584192439,1
2361,Branch_2781,7866,7867,2000.0,1
2362,Branch_2782,7686,7902,892.8571428571429,1
2363,Branch_2783,7866,7868,2000.0,1
2364,Branch_2784,7866,8140,88.73114463176574,1
2365,Branch_2785,8066,8095,1785.7142857142858,1
2366,Branch_2786,7802,8016,51.51983513652756,1
2367,Branch_2787,7802,8043,75.35795026375283,1
2368,Branch_2788,8043,8066,1587.3015873015872,1
2369,Branch_2789,8042,8066,1587.3015873015872,1
2370,Branch_2790,8016,8042,30.03003003003003,1
2371,Branch_2791,8130,8141,324.6753246753247,1
2372,Branch_2792,6015,10345,7.468817686160281,1
2373,Branch_2794,8130,8142,324.6753246753247,1
2374,Branch_2795,7779,8280,17.975912277548087,1
2375,Branch_2796,8037,8066,30.98853424233034,1
2376,Branch_2797,8037,8207,534.75935828877,1
2377,Branch_2798,7289,8089,26.089225150013046,1
2378,Branch_2799,7314,8089,26.35740643120717,1
2379,Branch_2800,2003,2609,22.660321776569226,1
2380,Branch_2801,5517,6772,72.04610951008645,1
2381,Branch_2802,6772,7144,95.60229445506693,1
2382,Branch_2803,9584,10059,45.87155963302752,1
2383,Branch_2804,3192,8280,10.463534581981794,1
2384,Branch_2805,9582,10059,46.403712296983755,1
2385,Branch_2806,9582,9874,53.44735435595938,1
2386,Branch_2807,9874,10028,2000.0,1
2387,Branch_2808,8280,8281,2000.0,1
2388,Branch_2809,7435,8281,39.87240829346093,1
2389,Branch_2810,9584,10230,70.4225352112676,1
2390,Branch_2811,10230,10245,44.20866489832007,1
2391,Branch_2812,1999,2256,138.50415512465375,1
2392,Branch_2813,9582,10231,70.4225352112676,1
2393,Branch_2814,10115,10231,243.90243902439025,1
2394,Branch_2815,10115,10245,43.421623968736434,1
2395,Branch_2816,9544,9584,35.574528637495554,1
2396,Branch_2817,1957,2564,64.85084306095979,1
2397,Branch_2818,5277,6654,28.1135788585887,1
2398,Branch_2819,4532,6654,214.59227467811158,1
2399,Branch_2820,6015,7060,13.539128080151638,1
2400,Branch_2821,5119,7060,282.4858757062147,1
2401,Branch_2822,4532,7060,18.66019779809666,1
2402,Branch_2823,4740,5277,1176.4705882352941,1
2403,Branch_2824,6513,6638,101.5228426395939,1
2404,Branch_2826,6147,6513,200.0,1
2405,Branch_2827,4581,6849,38.49114703618168,1
2406,Branch_2828,6147,6849,28.555111364934323,1
2407,Branch_2829,5714,6147,200.0,1
2408,Branch_2831,2412,2740,45.80852038479157,1
2409,Branch_2832,6512,6638,101.5228426395939,1
2410,Branch_2836,6144,6512,60.42296072507553,1
2411,Branch_2837,4436,6915,156.98587127158555,1
2412,Branch_2838,4436,6900,109.40919037199124,1
2413,Branch_2839,6638,6915,78.125,1
2414,Branch_2840,5371,5530,2000.0,1
2415,Branch_2841,5530,6900,192.67822736030828,1
2416,Branch_2842,2501,2507,18.24484583105273,1
2417,Branch_2843,3464,3557,42.973785990545764,1
2418,Branch_2844,4491,5495,122.54901960784314,1
2419,Branch_2845,5159,6184,2000.0,1
2420,Branch_2846,5542,6184,95.51098376313276,1
2421,Branch_2847,5510,5542,167.78523489932886,1
2422,Branch_2848,5510,5596,181.8181818181818,1
2423,Branch_2849,7782,8121,109.2896174863388,1
2424,Branch_2850,7607,7782,9.523809523809524,1
2425,Branch_2851,7223,7820,1250.0,1
2426,Branch_2854,5363,6912,546.448087431694,1
2427,Branch_2855,5363,7144,112.86681715575621,1
2428,Branch_2856,7412,7782,19.774569903104606,1
2429,Branch_2859,3133,3539,45.289855072463766,1
2430,Branch_2860,3539,7531,17.301038062283737,1
2431,Branch_2861,7531,7745,64.06149903907752,1
2432,Branch_2862,7745,7851,12.84191601386927,1
2433,Branch_2863,7758,7851,27.862914460852604,1
2434,Branch_2864,7222,7622,1000.0,1
2435,Branch_2865,3194,3631,26.852846401718583,1
2436,Branch_2866,3195,3631,26.852846401718583,1
2437,Branch_2867,7222,7517,67.93478260869566,1
2438,Branch_2868,3722,3800,6.019020103527146,1
2439,Branch_2869,3246,3800,18.6046511627907,1
2440,Branch_2870,3192,3722,81.03727714748784,1
2441,Branch_2871,3063,3192,17.1909919202338,1
2442,Branch_2872,2505,2578,60.45949214026602,1
2443,Branch_2873,3063,3689,2000.0,1
2444,Branch_2874,3291,3462,186.21973929236498,1
2445,Branch_2875,3291,3689,26.364355391510678,1
2446,Branch_2877,7348,7472,63.13131313131313,1
2447,Branch_2878,7472,8066,21.547080370609784,1
2448,Branch_2879,2929,3457,21.321961620469082,1
2449,Branch_2880,7680,7779,219.78021978021977,1
2450,Branch_2881,7365,7680,35.61253561253561,1
2451,Branch_2883,2981,7365,7.980209081477935,1
2452,Branch_2885,6192,6492,19.557989438685702,1
2453,Branch_2886,7309,7769,793.6507936507936,1
2454,Branch_2887,7449,7736,471.6981132075472,1
2455,Branch_2888,7450,7464,28.793550244745177,1
2456,Branch_2889,7151,7578,68.7757909215956,1
2457,Branch_2890,7449,7578,53.648068669527895,1
2458,Branch_2891,7576,7578,118.76484560570071,1
2459,Branch_2893,7308,7309,272.47956403269757,1
2460,Branch_2894,7449,7464,709.2198581560284,1
2461,Branch_2896,7437,7450,30.91190108191654,1
2462,Branch_2897,2381,2444,100.0,1
2463,Branch_2900,5362,6912,546.448087431694,1
2464,Branch_2901,5362,7144,117.78563015312132,1
2465,Branch_2902,4499,7016,153.84615384615384,1
2466,Branch_2905,4499,5378,123.45679012345678,1
2467,Branch_2906,4693,7016,207.4688796680498,1
2468,Branch_2907,5264,6305,56.274620146314014,1
2469,Branch_2908,4499,6305,92.08103130755065,1
2470,Branch_2909,4912,6625,1111.111111111111,1
2471,Branch_2910,4912,6626,1111.111111111111,1
2472,Branch_2911,4582,5264,505.050505050505,1
2473,Branch_2912,5377,5450,123.45679012345678,1
2474,Branch_2913,5450,7015,153.37423312883436,1
2475,Branch_2915,4693,7015,207.4688796680498,1
2476,Branch_2916,4582,6306,62.5,1
2477,Branch_2917,5450,6306,92.16589861751152,1
2478,Branch_2918,1969,1970,33.3000333000333,1
2479,Branch_2919,4693,5480,38.051750380517504,1
2480,Branch_2920,5480,6077,273.224043715847,1
2481,Branch_2921,5479,6077,273.224043715847,1
2482,Branch_2922,5479,6245,99.10802775024777,1
2483,Branch_2923,6098,6245,122.85012285012284,1
2484,Branch_2924,5792,6098,2000.0,1
2485,Branch_2925,5792,6246,122.85012285012284,1
2486,Branch_2926,4693,6246,51.92107995846314,1
2487,Branch_2928,4645,7007,42.69854824935952,1
2488,Branch_2929,4645,6161,56.49717514124294,1
2489,Branch_2930,5872,7007,71.73601147776183,1
2490,Branch_2931,6148,6161,2000.0,1
2491,Branch_2935,6159,7006,24.993751562109473,1
2492,Branch_2936,5872,7006,71.73601147776183,1
2493,Branch_2937,6149,6159,2000.0,1
2494,Branch_2942,4999,5264,22.88329519450801,1
2495,Branch_2943,5086,6468,43.29004329004329,1
2496,Branch_2944,4999,5086,64.18485237483954,1
2497,Branch_2946,5264,6077,45.578851412944395,1
2498,Branch_2948,5153,5264,432.9004329004329,1
2499,Branch_2949,5153,6077,50.94243504839531,1
2500,Branch_2950,5153,5544,2000.0,1
2501,Branch_2952,8724,9160,1298.7012987012988,1
2502,Branch_2953,4803,5219,48.87585532746823,1
2503,Branch_2954,4803,5322,869.5652173913044,1
2504,Branch_2955,3554,3633,25.806451612903224,1
2505,Branch_2957,3126,3138,148.3679525222552,1
2506,Branch_2958,3126,3633,409.8360655737705,1
2507,Branch_2959,3126,3654,13.426423200859292,1
2508,Branch_2960,3646,3654,18.733608092918697,1
2509,Branch_2961,2981,3654,20.128824476650564,1
2510,Branch_2962,4492,7048,63.89776357827476,1
2511,Branch_2963,5259,7048,269.54177897574124,1
2512,Branch_2964,4663,7048,359.71223021582733,1
2513,Branch_2965,4663,6351,31.575623618566468,1
2514,Branch_2966,5322,6351,60.09615384615385,1
2515,Branch_2967,4492,4846,66.53359946773121,1
2516,Branch_2968,4663,4846,1612.9032258064517,1
2517,Branch_2969,3532,6555,17.36714136853074,1
2518,Branch_2970,3531,3557,55.67928730512249,1
2519,Branch_2971,5012,5945,65.83278472679395,1
2520,Branch_2972,4449,5219,478.4688995215311,1
2521,Branch_2973,4449,5583,191.20458891013385,1
2522,Branch_2974,5045,5945,84.88964346349745,1
2523,Branch_2975,4492,5628,110.98779134295228,1
2524,Branch_2976,5628,6426,144.3001443001443,1
2525,Branch_2977,5583,5628,131.75230566534916,1
2526,Branch_2978,5539,5583,151.74506828528072,1
2527,Branch_2979,4449,5012,89.20606601248885,1
2528,Branch_2980,4492,4663,123.76237623762377,1
2529,Branch_2981,4492,4663,125.94458438287154,1
2530,Branch_2983,1919,2435,38.71467286101432,1
2531,Branch_2984,5517,6861,175.7469244288225,1
2532,Branch_2985,5087,6634,52.11047420531527,1
2533,Branch_2986,6634,6861,27.495188342040144,1
2534,Branch_2987,4492,5887,114.5475372279496,1
2535,Branch_2988,5219,5582,131.75230566534916,1
2536,Branch_2989,5887,6427,144.3001443001443,1
2537,Branch_2990,5582,5887,123.15270935960591,1
2538,Branch_2991,5538,5582,151.74506828528072,1
2539,Branch_2992,5124,6151,25.980774227071965,1
2540,Branch_2993,4708,5124,18.040772145047807,1
2541,Branch_2994,7614,8439,40.27386226339106,1
2542,Branch_2996,8297,8451,64.22607578676943,1
2543,Branch_2997,8439,8451,33.97893306150187,1
2544,Branch_2998,7238,7909,89.20606601248885,1
2545,Branch_3001,5161,6953,39.61965134706814,1
2546,Branch_3002,5511,6725,144.7178002894356,1
2547,Branch_3003,5511,5597,181.8181818181818,1
2548,Branch_3004,5276,6725,103.09278350515464,1
2549,Branch_3005,5161,5276,507.61421319796955,1
2550,Branch_3006,4663,4845,1694.915254237288,1
2551,Branch_3007,4845,5543,296.7359050445104,1
2552,Branch_3008,5258,5543,485.43689320388347,1
2553,Branch_3010,7995,8175,21.50537634408602,1
2554,Branch_3011,7263,7264,862.0689655172414,1
2555,Branch_3012,7965,8175,101.9367991845056,1
2556,Branch_3013,5530,6948,649.3506493506494,1
2557,Branch_3014,4481,6948,877.1929824561404,1
2558,Branch_3015,7567,7967,29.533372711163615,1
2559,Branch_3017,8045,8054,1351.3513513513512,1
2560,Branch_3018,7572,7616,37.243947858473,1
2561,Branch_3020,7778,7828,32.44646333549643,1
2562,Branch_3021,7537,7572,2000.0,1
2563,Branch_3022,7778,8213,23.803856224708404,1
2564,Branch_3023,7565,8213,1492.5373134328358,1
2565,Branch_3026,7537,7828,63.09148264984227,1
2566,Branch_3028,7255,7778,19.004180919802355,1
2567,Branch_3029,7484,8423,454.54545454545456,1
2568,Branch_3030,7484,7572,17.86352268667381,1
2569,Branch_3031,7484,7658,2000.0,1
2570,Branch_3032,7537,8317,197.62845849802372,1
2571,Branch_3033,7840,8317,793.6507936507936,1
2572,Branch_3034,8317,8319,869.5652173913044,1
2573,Branch_3035,7616,7828,2000.0,1
2574,Branch_3036,7484,8318,17.86352268667381,1
2575,Branch_3037,7267,7967,434.7826086956522,1
2576,Branch_3039,8214,8245,125.31328320802005,1
2577,Branch_3040,8185,8457,19.63093835885355,1
2578,Branch_3041,7599,8185,23.946360153256705,1
2579,Branch_3042,7347,7599,22.114108801415302,1
2580,Branch_3043,7347,7995,45.16711833785005,1
2581,Branch_3044,1887,2196,36.79175864606328,1
2582,Branch_3045,5277,5660,19.849146486701073,1
2583,Branch_3046,4438,5660,389.10505836575874,1
2584,Branch_3047,4442,5660,13.563000135630002,1
2585,Branch_3050,4739,5277,1176.4705882352941,1
2586,Branch_3051,4438,4906,86.88097306689835,1
2587,Branch_3053,4442,6015,26.53927813163482,1
2588,Branch_3054,4522,4811,31.113876789047914,1
2589,Branch_3055,4811,6001,2000.0,1
2590,Branch_3056,1971,1977,24.582104228121928,1
2591,Branch_3057,7943,8245,584.7953216374269,1
2592,Branch_3058,6015,6465,47.34848484848485,1
2593,Branch_3059,5068,6465,141.84397163120568,1
2594,Branch_3060,4471,5070,15.453562046051616,1
2595,Branch_3062,4947,6572,2000.0,1
2596,Branch_3064,5323,10162,6.531252041016263,1
2597,Branch_3065,4906,5366,17.394329448599755,1
2598,Branch_3066,5366,6001,35.99712023038157,1
2599,Branch_3068,5219,5548,101.6260162601626,1
2600,Branch_3069,5206,5548,58.8235294117647,1
2601,Branch_3070,5027,5219,38.47633705271258,1
2602,Branch_3071,4483,5027,961.5384615384615,1
2603,Branch_3072,7243,7967,245.7002457002457,1
2604,Branch_3073,3287,3501,41.01722723543888,1
2605,Branch_3074,5120,5701,61.34969325153374,1
2606,Branch_3075,5219,5247,73.31378299120234,1
2607,Branch_3076,4516,5247,117.9245283018868,1
2608,Branch_3077,5247,5701,131.92612137203167,1
2609,Branch_3078,5067,5120,130.54830287206266,1
2610,Branch_3079,4693,5067,130.54830287206266,1
2611,Branch_3080,5372,6181,2000.0,1
2612,Branch_3081,4516,6182,29.04443799012489,1
2613,Branch_3082,5530,6182,2000.0,1
2614,Branch_3083,4693,5850,116.95906432748538,1
2615,Branch_3084,5373,5530,2000.0,1
2616,Branch_3085,5373,5850,74.1839762611276,1
2617,Branch_3086,5066,5700,41.98152812762385,1
2618,Branch_3087,5219,6597,75.41478129713424,1
2619,Branch_3088,4515,5206,44.563279857397504,1
2620,Branch_3089,4515,6597,117.9245283018868,1
2621,Branch_3090,5700,6597,132.80212483399734,1
2622,Branch_3091,4693,5066,180.50541516245488,1
2623,Branch_3092,5517,5851,52.52100840336134,1
2624,Branch_3093,5572,6968,131.75230566534916,1
2625,Branch_3095,4439,5128,176.05633802816902,1
2626,Branch_3096,5129,5571,136.4256480218281,1
2627,Branch_3097,4725,5087,374.53183520599254,1
2628,Branch_3098,4439,6928,221.23893805309734,1
2629,Branch_3099,5571,5622,125.62814070351759,1
2630,Branch_3100,4681,6928,185.5287569573284,1
2631,Branch_3101,4681,6523,89.44543828264759,1
2632,Branch_3102,4725,5622,115.47344110854503,1
2633,Branch_3103,4927,6968,77.51937984496124,1
2634,Branch_3104,4927,5851,67.15916722632639,1
2635,Branch_3105,5845,6647,111.73184357541899,1
2636,Branch_3106,5596,5845,104.0582726326743,1
2637,Branch_3107,5065,5219,133.33333333333334,1
2638,Branch_3108,5065,6647,153.84615384615384,1
2639,Branch_3109,5597,5846,103.95010395010395,1
2640,Branch_3110,5219,5846,43.55400696864111,1
2641,Branch_3111,1998,1999,92.67840593141798,1
2642,Branch_3112,4726,5087,374.53183520599254,1
2643,Branch_3113,5572,5621,125.62814070351759,1
2644,Branch_3114,4726,5621,115.47344110854503,1
2645,Branch_3115,7374,7538,36.96857670979667,1
2646,Branch_3116,7374,7688,1298.7012987012988,1
2647,Branch_3117,7881,8332,52.93806246691371,1
2648,Branch_3118,7197,7374,675.6756756756756,1
2649,Branch_3119,7197,8332,102.24948875255623,1
2650,Branch_3121,7300,7881,19.584802193497847,1
2651,Branch_3122,7300,7995,18.21161901293025,1
2652,Branch_3123,3060,3600,47.192071731949035,1
2653,Branch_3124,3739,10243,10.382059800664452,1
2654,Branch_3125,2968,3739,29.18855808523059,1
2655,Branch_3126,2968,3060,2000.0,1
2656,Branch_3127,3067,3555,259.7402597402597,1
2657,Branch_3128,3371,3555,92.7643784786642,1
2658,Branch_3129,3060,3371,173.61111111111111,1
2659,Branch_3130,1849,1998,45.97701149425287,1
2660,Branch_3131,7550,7756,103.30578512396694,1
2661,Branch_3132,7538,7550,49.62779156327544,1
2662,Branch_3133,7525,7550,20.0,1
2663,Branch_3137,5307,5852,122.85012285012284,1
2664,Branch_3138,5219,6729,92.08103130755065,1
2665,Branch_3139,4453,5307,60.09615384615385,1
2666,Branch_3140,4453,5318,153.60983102918587,1
2667,Branch_3141,5318,5756,129.87012987012986,1
2668,Branch_3142,4559,5852,172.1170395869191,1
2669,Branch_3143,5318,6729,2000.0,1
2670,Branch_3144,5094,6769,704.2253521126761,1
2671,Branch_3145,5094,5596,108.57763300760044,1
2672,Branch_3146,3133,3315,56.08524957936063,1
2673,Branch_3147,3208,3315,20.036064916850332,1
2674,Branch_3148,3208,3600,32.62642740619902,1
2675,Branch_3149,3067,3462,108.22510822510823,1
2676,Branch_3150,3674,4590,94.07337723424271,1
2677,Branch_3151,9566,9993,98.81422924901186,1
2678,Branch_3152,9546,9566,127.7139208173691,1
2679,Branch_3153,10059,10223,228.83295194508008,1
2680,Branch_3154,9993,10245,70.8215297450425,1
2681,Branch_3155,9546,10223,2000.0,1
2682,Branch_3156,9731,10059,40.600893219650835,1
2683,Branch_3157,9544,10059,103.19917440660474,1
2684,Branch_3158,7151,7759,14.925373134328359,1
2685,Branch_3159,7254,7888,14.332807797047442,1
2686,Branch_3160,7379,8070,99.60159362549801,1
2687,Branch_3164,7888,8070,427.35042735042737,1
2688,Branch_3165,7154,7379,268.81720430107526,1
2689,Branch_3166,7154,7456,56.49717514124294,1
2690,Branch_3167,7456,7836,35.98416696653472,1
2691,Branch_3168,7456,7569,123.45679012345678,1
2692,Branch_3169,7836,8196,268.81720430107526,1
2693,Branch_3170,7203,8201,68.07351940095303,1
2694,Branch_3172,8201,8380,265.9574468085106,1
2695,Branch_3173,8071,8321,39.18495297805643,1
2696,Branch_3174,8201,8321,59.73715651135006,1
2697,Branch_3175,7155,8071,85.1063829787234,1
2698,Branch_3176,7155,7218,1388.888888888889,1
2699,Branch_3177,7218,7813,387.5968992248062,1
2700,Branch_3178,7254,7813,27.151778441487917,1
2701,Branch_3180,7525,7628,21.805494984736153,1
2702,Branch_3181,7203,7297,925.925925925926,1
2703,Branch_3182,7297,7628,15.295197308045275,1
2704,Branch_3184,7836,8301,162.60162601626016,1
2705,Branch_3185,8301,8422,145.5604075691412,1
2706,Branch_3186,7203,8202,70.12622720897616,1
2707,Branch_3187,7457,8202,40.22526146419952,1
2708,Branch_3188,8202,8379,265.9574468085106,1
2709,Branch_3189,7457,8422,68.3526999316473,1
2710,Branch_3190,7457,7570,123.45679012345678,1
2711,Branch_3191,7203,7298,925.925925925926,1
2712,Branch_3192,7525,7720,9.693679720822024,1
2713,Branch_3193,7298,8092,22.9147571035747,1
2714,Branch_3194,7720,8092,71.94244604316546,1
2715,Branch_3195,7522,7942,16.96928559307653,1
2716,Branch_3196,7390,8196,215.05376344086022,1
2717,Branch_3197,7836,8405,74.8502994011976,1
2718,Branch_3198,8196,8406,103.84215991692628,1
2719,Branch_3199,7390,8153,448.4304932735426,1
2720,Branch_3200,8153,8216,43.271311120726956,1
2721,Branch_3201,7522,8216,52.2466039707419,1
2722,Branch_3202,1973,2598,37.67897513187641,1
2723,Branch_3203,7795,7797,144.3001443001443,1
2724,Branch_3204,7787,7903,442.4778761061947,1
2725,Branch_3205,7186,7797,121.95121951219512,1
2726,Branch_3206,7781,7795,144.3001443001443,1
2727,Branch_3207,7797,7903,56.306306306306304,1
2728,Branch_3209,7454,7787,35.97122302158273,1
2729,Branch_3210,3468,7454,13.515339910798756,1
2730,Branch_3212,2981,3462,7.576331540268202,1
2731,Branch_3214,7568,7824,58.75440658049354,1
2732,Branch_3215,7568,7770,386.1003861003861,1
2733,Branch_3216,7525,7770,74.12898443291327,1
2734,Branch_3217,7355,7779,51.733057423693744,1
2735,Branch_3218,7355,7787,21.128248468201985,1
2736,Branch_3219,1952,2012,73.63770250368188,1
2737,Branch_3220,7525,7703,122.24938875305624,1
2738,Branch_3221,7337,7703,22.794620469569182,1
2739,Branch_3222,7192,7672,2000.0,1
2740,Branch_3223,8015,8179,110.49723756906077,1
2741,Branch_3225,7439,8179,27.06359945872801,1
2742,Branch_3226,7672,8015,387.5968992248062,1
2743,Branch_3227,7439,7787,9.311853990129435,1
2744,Branch_3228,7192,8279,68.07351940095303,1
2745,Branch_3230,7440,7734,17.674089784376104,1
2746,Branch_3231,7440,8275,19.164430816404753,1
2747,Branch_3233,8275,8279,80.45052292839904,1
2748,Branch_3234,7787,7905,13.392259274139548,1
2749,Branch_3237,7346,8290,24.993751562109473,1
2750,Branch_3238,7255,7310,28.312570781426952,1
2751,Branch_3239,7310,7337,24.449877750611247,1
2752,Branch_3240,7337,8126,2000.0,1
2753,Branch_3241,2349,2888,51.124744376278116,1
2754,Branch_3242,7991,8005,182.81535648994515,1
2755,Branch_3243,7991,8004,182.81535648994515,1
2756,Branch_3244,7991,8018,1250.0,1
2757,Branch_3245,7423,8457,1075.268817204301,1
2758,Branch_3246,7382,7383,813.0081300813008,1
2759,Branch_3247,7382,7384,813.0081300813008,1
2760,Branch_3248,5530,6181,2000.0,1
2761,Branch_3249,5008,6181,35.486160397445,1
2762,Branch_3250,4693,5051,163.9344262295082,1
2763,Branch_3251,5051,5863,500.0,1
2764,Branch_3252,5051,7020,57.2737686139748,1
2765,Branch_3253,5008,7020,99.9000999000999,1
2766,Branch_3254,2816,2857,146.19883040935673,1
2767,Branch_3255,3464,3465,34.39972480220158,1
2768,Branch_3256,7819,8369,313.47962382445144,1
2769,Branch_3257,7819,8423,58.8235294117647,1
2770,Branch_3258,7687,7819,88.41732979664015,1
2771,Branch_3259,7525,7687,36.95491500369549,1
2772,Branch_3260,7548,8369,900.9009009009009,1
2773,Branch_3261,8062,8073,2000.0,1
2774,Branch_3262,7587,7782,34.746351633078525,1
2775,Branch_3263,7299,7587,37.105751391465674,1
2776,Branch_3264,7299,8062,47.596382674916704,1
2777,Branch_3265,7889,8085,60.27727546714888,1
2778,Branch_3266,8014,8085,58.99705014749262,1
2779,Branch_3267,7889,8062,30.175015087507543,1
2780,Branch_3268,7671,7782,10.539629005059021,1
2781,Branch_3269,7671,8014,28.57959416976279,1
2782,Branch_3270,7656,8370,199.6007984031936,1
2783,Branch_3271,7656,8423,66.62225183211193,1
2784,Branch_3272,7637,7656,371.74721189591077,1
2785,Branch_3273,7362,7689,149.47683109118086,1
2786,Branch_3275,7362,8244,94.07337723424271,1
2787,Branch_3276,4761,5039,14.596409283316305,1
2788,Branch_3277,4761,6774,19.175455417066154,1
2789,Branch_3278,7744,8421,56.433408577878104,1
2790,Branch_3279,7690,8421,63.89776357827476,1
2791,Branch_3280,7398,7827,58.927519151443725,1
2792,Branch_3281,7739,8421,2000.0,1
2793,Branch_3282,7744,7827,386.1003861003861,1
2794,Branch_3283,7744,7841,174.52006980802793,1
2795,Branch_3284,7398,7473,43.936731107205624,1
2796,Branch_3287,7598,7836,156.98587127158555,1
2797,Branch_3288,7561,7642,70.27406886858749,1
2798,Branch_3289,7598,7642,72.09805335255948,1
2799,Branch_3294,7473,7561,79.87220447284345,1
2800,Branch_3296,7693,7949,301.2048192771084,1
2801,Branch_3297,7949,8423,193.7984496124031,1
2802,Branch_3298,7632,7949,303.951367781155,1
2803,Branch_3299,7631,8423,495.0495049504951,1
2804,Branch_3300,7692,7824,35.1493848857645,1
2805,Branch_3301,7255,7995,235.8490566037736,1
2806,Branch_3303,7995,8099,29.282576866764277,1
2807,Branch_3304,8099,8261,20.43318348998774,1
2808,Branch_3307,7995,8009,751.8796992481203,1
2809,Branch_3308,3494,3558,80.84074373484236,1
2810,Branch_3309,5334,5749,307.6923076923077,1
2811,Branch_3310,5039,5334,60.56935190793458,1
2812,Branch_3311,5240,5334,156.73981191222572,1
2813,Branch_3312,4779,5967,89.52551477170994,1
2814,Branch_3314,5240,5967,53.937432578209275,1
2815,Branch_3315,4779,5759,22.716946842344388,1
2816,Branch_3316,5759,6333,37.735849056603776,1
2817,Branch_3317,7515,7846,154.5595054095827,1
2818,Branch_3318,7313,7515,33.62474781439139,1
2819,Branch_3319,7313,8204,47.86979415988511,1
2820,Branch_3320,8040,8204,507.61421319796955,1
2821,Branch_3321,8040,8423,8.82768361581921,1
2822,Branch_3322,7564,8204,33.62474781439139,1
2823,Branch_3323,7255,7515,142.2475106685633,1
2824,Branch_3324,7847,7995,53.937432578209275,1
2825,Branch_3325,7255,7995,204.49897750511246,1
2826,Branch_3328,7709,8009,2000.0,1
2827,Branch_3330,7710,8009,2000.0,1
2828,Branch_3331,7525,8261,21.299254526091588,1
2829,Branch_3332,2228,2830,51.75983436853002,1
2830,Branch_3333,7207,8244,151.9756838905775,1
2831,Branch_3334,7207,7363,268.81720430107526,1
2832,Branch_3335,7363,8423,141.643059490085,1
2833,Branch_3336,7250,7361,30.56234718826406,1
2834,Branch_3338,7250,7522,2000.0,1
2835,Branch_3340,7272,7361,62.53908692933083,1
2836,Branch_3342,7272,8244,48.732943469785575,1
2837,Branch_3343,2210,2710,2000.0,1
2838,Branch_3344,6333,6359,2000.0,1
2839,Branch_3346,7588,7872,49.115913555992144,1
2840,Branch_3347,7654,7871,236.96682464454977,1
2841,Branch_3348,7654,7782,16.220600162206,1
2842,Branch_3349,7539,8401,103.09278350515464,1
2843,Branch_3350,7539,7871,2000.0,1
2844,Branch_3351,7539,7872,2000.0,1
2845,Branch_3352,7255,7654,704.2253521126761,1
2846,Branch_3353,2270,2640,37.92188092529389,1
2847,Branch_3354,7942,8244,45.433893684688776,1
2848,Branch_3355,10211,10245,38.08073115003808,1
2849,Branch_3356,10200,10211,71.22507122507122,1
2850,Branch_3357,10211,10254,181.15942028985506,1
2851,Branch_3358,9604,10146,42.14075010535188,1
2852,Branch_3359,9545,10172,1000.0,1
2853,Branch_3360,10172,10254,82.64462809917356,1
2854,Branch_3361,9545,9604,75.13148009015778,1
2855,Branch_3362,9731,10133,1298.7012987012988,1
2856,Branch_3363,10133,10146,76.39419404125286,1
2857,Branch_3364,7238,7636,2000.0,1
2858,Branch_3365,5861,6333,49.23682914820286,1
2859,Branch_3367,5049,5752,33.433634236041456,1
2860,Branch_3368,5049,9523,30.111412225233362,1
2861,Branch_3369,9523,10062,25.523226135783563,1
2862,Branch_3370,9544,10228,26.014568158168576,1
2863,Branch_3371,9523,10228,66.66666666666667,1
2864,Branch_3372,9577,10146,24.372410431391664,1
2865,Branch_3373,9577,9920,65.06180871828236,1
2866,Branch_3374,9906,9920,38.565368299267256,1
2867,Branch_3375,2430,2791,75.8150113722517,1
2868,Branch_3376,7785,7995,82.03445447087776,1
2869,Branch_3377,8020,8034,78.86435331230284,1
2870,Branch_3378,7785,8020,30.3951367781155,1
2871,Branch_3379,7314,8034,14.007564084605686,1
2872,Branch_3380,7273,7314,17.812611328820804,1
2873,Branch_3381,7273,7995,12.434717731907485,1
2874,Branch_3383,7496,7782,40.27386226339106,1
2875,Branch_3384,7496,8009,24.77086945751796,1
2876,Branch_3385,8033,8189,134.40860215053763,1
2877,Branch_3386,7261,7304,22.716946842344388,1
2878,Branch_3388,7274,8016,18.112660749864155,1
2879,Branch_3389,7304,8189,68.96551724137932,1
2880,Branch_3390,7170,8033,94.07337723424271,1
2881,Branch_3391,7261,7497,892.8571428571429,1
2882,Branch_3392,7170,7314,892.8571428571429,1
2883,Branch_3393,7314,8019,12.224938875305623,1
2884,Branch_3395,7497,8019,534.75935828877,1
2885,Branch_3396,7274,7497,13.777900248002204,1
2886,Branch_3397,7497,8016,7.7724234416291,1
2887,Branch_3398,1991,2304,87.03220191470844,1
2888,Branch_3399,9544,10252,746.2686567164179,1
2889,Branch_3400,10005,10252,73.1528895391368,1
2890,Branch_3401,9731,10005,59.844404548174744,1
2891,Branch_3402,1916,2577,77.45933384972889,1
2892,Branch_3403,7553,7942,66.2251655629139,1
2893,Branch_3404,7473,7553,128.04097311139566,1
2894,Branch_3405,8090,8093,63.05170239596469,1
2895,Branch_3407,5494,5702,1000.0,1
2896,Branch_3408,7589,7780,13.065064018813692,1
2897,Branch_3409,7589,8433,41.511000415110004,1
2898,Branch_3410,7752,8433,7.2379849449913145,1
2899,Branch_3411,7517,8090,62.893081761006286,1
2900,Branch_3412,5131,6827,52.63157894736842,1
2901,Branch_3413,4613,5131,18.001800180018,1
2902,Branch_3414,7605,7611,10.206164523372117,1
2903,Branch_3415,7611,7644,29.958058717795087,1
2904,Branch_3416,7757,7870,21.77226213803614,1
2905,Branch_3417,7644,7870,9.33184023889511,1
2906,Branch_3418,7870,7875,2000.0,1
2907,Branch_3419,3385,7780,22.82583884957772,1
2908,Branch_3420,3103,3370,10.630381630700542,1
2909,Branch_3421,3103,3139,15.82528881152081,1
2910,Branch_3422,3103,3153,6.0949594685195345,1
2911,Branch_3424,3139,3540,787.4015748031496,1
2912,Branch_3425,3370,3385,12.564392511622064,1
2913,Branch_3426,2982,3153,8.410428931875526,1
2914,Branch_3427,2008,2717,81.03727714748784,1
2915,Branch_3428,5861,6492,17.65536723163842,1
2916,Branch_3429,7580,7615,23.1000231000231,1
2917,Branch_3430,7648,8398,44.44444444444444,1
2918,Branch_3431,7580,7648,3.785297902944962,1
2919,Branch_3432,7519,7648,4.316484654897052,1
2920,Branch_3435,9682,10348,9.406452826639075,1
2921,Branch_3436,9676,9686,50.27652086475616,1
2922,Branch_3437,9676,10007,2000.0,1
2923,Branch_3438,9690,9761,1333.3333333333333,1
2924,Branch_3439,9686,10023,4.625988805107092,1
2925,Branch_3440,9682,9905,17.114495978093444,1
2926,Branch_3441,9905,10023,2000.0,1
2927,Branch_3442,9686,9761,934.5794392523364,1
2928,Branch_3443,9879,10348,18.158707100054475,1
2929,Branch_3449,2754,3350,32.43593902043464,1
2930,Branch_3450,5038,6493,40.17677782241864,1
2931,Branch_3451,5278,5996,3.1986693535489237,1
2932,Branch_3452,5996,6548,2.9330674018888954,1
2933,Branch_3454,5278,6066,4.543389368468878,1
2934,Branch_3455,5689,6066,8.216926869350862,1
2935,Branch_3456,6000,6550,20.22653721682848,1
2936,Branch_3457,5689,6550,11.987532965715655,1
2937,Branch_3458,1965,2573,28.32058906825262,1
2938,Branch_3459,4613,5039,32.72251308900523,1
2939,Branch_3461,7567,7733,26.867275658248253,1
2940,Branch_3462,10048,10256,20.53388090349076,1
2941,Branch_3463,10244,10256,26.364355391510678,1
2942,Branch_3464,10043,10220,9.447331128956069,1
2943,Branch_3465,9520,10048,40.600893219650835,1
2944,Branch_3466,10092,10104,2000.0,1
2945,Branch_3467,9554,10244,10.58873358746294,1
2946,Branch_3468,9520,10042,5.322546306152863,1
2947,Branch_3469,9520,10034,34.566194262011756,1
2948,Branch_3470,9553,10092,41.928721174004195,1
2949,Branch_3471,9553,10220,20.04008016032064,1
2950,Branch_3472,10220,10244,7.347538574577516,1
2951,Branch_3473,7705,7886,94.16195856873823,1
2952,Branch_3474,6030,6774,24.43195699975568,1
2953,Branch_3475,2898,6030,50.76142131979695,1
2954,Branch_3476,5710,6641,22.857142857142858,1
2955,Branch_3477,5710,6136,140.25245441795232,1
2956,Branch_3478,5013,6136,2000.0,1
2957,Branch_3479,7857,8386,35.12469265893923,1
2958,Branch_3480,7752,8021,3.754599384245701,1
2959,Branch_3481,3502,8021,4.888063349301007,1
2960,Branch_3482,2278,2603,21.753317380900587,1
2961,Branch_3483,3084,3451,94.6969696969697,1
2962,Branch_3484,3084,3193,22.75830678197542,1
2963,Branch_3485,3193,3516,5.8809691837214775,1
2964,Branch_3486,2009,2120,43.49717268377555,1
2965,Branch_3487,3193,3514,7.107320540156361,1
2966,Branch_3488,3162,3514,9.30232558139535,1
2967,Branch_3489,3085,3162,6.6956812855708066,1
2968,Branch_3490,3162,3515,8.682816705739342,1
2969,Branch_3491,3061,3515,11.956001912960305,1
2970,Branch_3492,3048,3515,90.33423667570008,1
2971,Branch_3493,3071,3193,176.67844522968198,1
2972,Branch_3494,3061,3071,4.423995752964077,1
2973,Branch_3495,3071,3450,30.816640986132512,1
2974,Branch_3496,3292,3554,35.587188612099645,1
2975,Branch_3501,2982,3516,8.658758334054896,1
2976,Branch_3505,7821,8366,8.916629514043692,1
2977,Branch_3508,7821,8456,5.405405405405405,1
2978,Branch_3509,7665,8456,9.13575735428467,1
2979,Branch_3511,2240,2349,9.017945711966814,1
2980,Branch_3512,6653,6774,52.13764337851929,1
2981,Branch_3513,6794,6827,64.72491909385113,1
2982,Branch_3514,6653,6794,75.7002271006813,1
2983,Branch_3515,7719,7753,2000.0,1
2984,Branch_3516,7717,7771,39.55696202531646,1
2985,Branch_3517,7771,7887,23.11604253351826,1
2986,Branch_3520,7887,8206,15.820281601012498,1
2987,Branch_3521,2276,2518,85.25149190110827,1
2988,Branch_3522,7816,8373,14.596409283316305,1
2989,Branch_3524,7643,7777,18.412815319462347,1
2990,Branch_3525,7717,7777,12.719409819384381,1
2991,Branch_3526,7777,7816,10.884946119516709,1
2992,Branch_3527,7663,7816,9.811616954474097,1
2993,Branch_3531,3217,3499,16.147263038914904,1
2994,Branch_3532,7600,7808,11.016855789357717,1
2995,Branch_3533,7600,7757,27.862914460852604,1
2996,Branch_3534,7600,7722,3.6165057321615857,1
2997,Branch_3535,7707,7722,28.677946659019213,1
2998,Branch_3536,2633,2748,1282.051282051282,1
2999,Branch_3538,9576,10157,5.457919441109049,1
3000,Branch_3539,10027,10157,5.333617792948957,1
3001,Branch_3540,10157,10260,8.92379082634303,1
3002,Branch_3541,2762,2790,1298.7012987012988,1
3003,Branch_3542,4741,4943,193.7984496124031,1
3004,Branch_3543,9525,9575,26.63825253063399,1
3005,Branch_3545,3437,3553,2.887669650591972,1
3006,Branch_3546,3185,3659,769.2307692307693,1
3007,Branch_3547,3390,3461,66.62225183211193,1
3008,Branch_3548,3390,3437,9.417082587814296,1
3009,Branch_3549,3185,3390,233.6448598130841,1
3010,Branch_3550,3287,3765,25.660764690787786,1
3011,Branch_3551,3255,3553,4.845195988177722,1
3012,Branch_3552,3245,3553,10.734220695577502,1
3013,Branch_3554,3074,3244,49.52947003467063,1
3014,Branch_3555,3074,3455,38.38771593090211,1
3015,Branch_3556,3074,3256,12.238404112103781,1
3016,Branch_3557,2970,3245,118.06375442739079,1
3017,Branch_3558,2970,3244,118.06375442739079,1
3018,Branch_3559,3765,3770,21.767522855899,1
3019,Branch_3560,3183,3553,10.171905197843556,1
3020,Branch_3561,3030,3183,7.106310403638431,1
3021,Branch_3562,3382,3795,80.25682182985554,1
3022,Branch_3563,2118,3552,27.63957987838585,1
3023,Branch_3567,2019,2605,20.20610224287735,1
3024,Branch_3568,6555,6827,8.587376556462,1
3025,Branch_3572,7740,8072,364.963503649635,1
3026,Branch_3573,5723,9606,13.653741125068269,1
3027,Branch_3574,5723,6548,2.6959264551263042,1
3028,Branch_3576,7878,7988,29.524653085326246,1
3029,Branch_3577,9606,10091,10.236462278636504,1
3030,Branch_3578,10061,10091,21.635655560363478,1
3031,Branch_3579,10158,10188,4.733279689496852,1
3032,Branch_3580,10061,10158,7.793624814901411,1
3033,Branch_3583,10053,10114,2000.0,1
3034,Branch_3585,9548,10114,4.4929685042907845,1
3035,Branch_3586,9543,9548,8.480325644504749,1
3036,Branch_3587,9570,10114,107.18113612004288,1
3037,Branch_3588,9548,10027,0.7105704459540119,1
3038,Branch_3589,9571,10154,14.43209698369173,1
3039,Branch_3590,8955,8962,47.93863854266539,1
3040,Branch_3591,7825,8384,5.549697541483989,1
3041,Branch_3592,7152,8384,9.859988168014198,1
3042,Branch_3593,7152,7601,25.647601949217748,1
3043,Branch_3594,7601,7738,78.18608287724786,1
3044,Branch_3595,7152,8377,53.304904051172706,1
3045,Branch_3596,2231,2598,23.326335432703523,1
3046,Branch_3604,4664,6000,22.527596305474205,1
3047,Branch_3605,6805,6847,25.3613999492772,1
3048,Branch_3606,4664,6805,6.476683937823834,1
3049,Branch_3607,5688,6847,5.417118093174431,1
3050,Branch_3608,3465,3552,25.76655501159495,1
3051,Branch_3609,10061,10331,9.848335631278314,1
3052,Branch_3610,2946,3457,25.374270489723422,1
3053,Branch_3611,4105,4311,39.354584809130266,1
3054,Branch_3612,4184,4311,50.94243504839531,1
3055,Branch_3613,4152,4183,50.94243504839531,1
3056,Branch_3614,4027,4184,35.08771929824562,1
3057,Branch_3615,4069,4325,367.6470588235294,1
3058,Branch_3616,4027,4069,28.20078962210942,1
3059,Branch_3617,4184,4263,23.792529145848203,1
3060,Branch_3618,3996,4263,124.53300124533001,1
3061,Branch_3619,4183,4325,58.61664712778429,1
3062,Branch_3620,3996,6044,102.98661174047373,1
3063,Branch_3621,6044,6218,85.47008547008546,1
3064,Branch_3622,6044,7011,64.59948320413437,1
3065,Branch_3623,6046,6218,34.36426116838488,1
3066,Branch_3624,4775,6218,2000.0,1
3067,Branch_3625,4123,4326,1250.0,1
3068,Branch_3626,7378,8402,16.038492381716118,1
3069,Branch_3627,7378,7783,8.46955196070128,1
3070,Branch_3628,7793,8400,115.2073732718894,1
3071,Branch_3629,7996,8402,12.763241863433311,1
3072,Branch_3631,10048,10171,78.74015748031496,1
3073,Branch_3632,10171,10244,14.669209329617134,1
3074,Branch_3633,9732,10171,29.922202274087372,1
3075,Branch_3634,10205,10218,3.84571011037188,1
3076,Branch_3635,10117,10205,156.49452269170578,1
3077,Branch_3636,10117,10221,1000.0,1
3078,Branch_3637,10048,10198,185.5287569573284,1
3079,Branch_3638,10033,10198,12.201073694485114,1
3080,Branch_3639,10198,10219,112.99435028248588,1
3081,Branch_3640,10205,10219,22.558087074216107,1
3082,Branch_3641,9732,10219,24.06159769008662,1
3083,Branch_3642,3256,3694,11.24353496739375,1
3084,Branch_3643,3516,3694,2.973181899268597,1
3085,Branch_3646,3851,4074,52.742616033755276,1
3086,Branch_3647,4020,4074,2000.0,1
3087,Branch_3650,2216,2582,41.1522633744856,1
3088,Branch_3653,8815,9376,11.767474699929394,1
3089,Branch_3654,2331,2518,24.968789013732835,1
3090,Branch_3655,2824,2846,40.48582995951417,1
3091,Branch_3656,1862,1978,19.712201852946976,1
3092,Branch_3657,4971,6003,30.211480362537763,1
3093,Branch_3658,4971,5459,9.643201542912246,1
3094,Branch_3659,4824,6237,1886.7924528301887,1
3095,Branch_3660,250,925,362.3188405797101,1
3096,Branch_3661,399,944,58.47953216374269,1
3097,Branch_3662,944,945,151.05740181268882,1
3098,Branch_3663,673,944,140.64697609001408,1
3099,Branch_3664,5394,6621,5.229578495973224,1
3100,Branch_3668,7485,7563,20.833333333333332,1
3101,Branch_3669,6237,7065,6.269199423233653,1
3102,Branch_3670,5208,7065,7.586677793794098,1
3103,Branch_3673,4920,6514,6.433764395547835,1
3104,Branch_3674,7251,8367,4.5987583352494825,1
3105,Branch_3675,6237,6869,24.154589371980677,1
3106,Branch_3676,4957,6869,9.710623422023694,1
3107,Branch_3677,86,279,543.4782608695652,1
3108,Branch_3678,7251,8354,5.091649694501018,1
3109,Branch_3679,9761,9767,675.6756756756756,1
3110,Branch_3682,260,889,826.4462809917355,1
3111,Branch_3685,7485,7729,5.902490851139181,1
3112,Branch_3686,4920,6577,185.1851851851852,1
3113,Branch_3687,8534,8692,94.42870632672333,1
3114,Branch_3688,1875,2444,775.1937984496124,1
3115,Branch_3690,9773,10359,44.03346543372963,1
3116,Branch_3691,9955,10359,2000.0,1
3117,Branch_3692,10299,10359,188.32391713747646,1
3118,Branch_3693,9683,9773,42.24757076468103,1
3119,Branch_3694,9777,9813,2000.0,1
3120,Branch_3695,9777,9812,2000.0,1
3121,Branch_3696,9773,10324,800.0,1
3122,Branch_3697,9774,9797,2000.0,1
3123,Branch_3698,9774,9798,2000.0,1
3124,Branch_3702,9648,9931,56.85048322910745,1
3125,Branch_3703,7271,9775,51.440329218106996,1
3126,Branch_3705,9775,9808,2000.0,1
3127,Branch_3706,9870,10299,65.48788474132286,1
3128,Branch_3707,9870,9894,2000.0,1
3129,Branch_3708,9870,10292,147.49262536873155,1
3130,Branch_3709,4435,6752,4.756242568370987,1
3131,Branch_3710,2427,2879,92.5925925925926,1
3132,Branch_3711,3889,4105,23.651844843897823,1
3133,Branch_3713,3889,4091,12.567550584391102,1
3134,Branch_3714,4435,4744,118.62396204033215,1
3135,Branch_3715,4744,6891,7.142857142857143,1
3136,Branch_3717,4435,5592,16.71402306535183,1
3137,Branch_3718,4620,5592,4.5850527281063735,1
3138,Branch_3719,5063,5592,4.585262964831033,1
3139,Branch_3720,4517,5592,59.27682276229994,1
3140,Branch_3722,5085,5594,16.71402306535183,1
3141,Branch_3723,9620,9899,116.68611435239207,1
3142,Branch_3724,9899,9902,2000.0,1
3143,Branch_3725,9899,10292,46.06172270842929,1
3144,Branch_3726,9921,10299,341.29692832764505,1
3145,Branch_3727,9921,10292,52.52100840336134,1
3146,Branch_3728,9683,10358,68.30601092896175,1
3147,Branch_3729,10296,10358,645.1612903225806,1
3148,Branch_3731,2367,2503,21.079258010118043,1
3149,Branch_3732,2605,2774,19.168104274487252,1
3150,Branch_3733,5889,7023,25.980774227071965,1
3151,Branch_3734,5889,6562,21.64970772894566,1
3152,Branch_3735,4241,6563,19.584802193497847,1
3153,Branch_3737,3949,4254,125.62814070351759,1
3154,Branch_3738,4254,4567,52.6592943654555,1
3155,Branch_3739,4241,4567,118.48341232227489,1
3156,Branch_3740,1992,2757,107.87486515641855,1
3157,Branch_3741,2365,2501,19.880715705765407,1
3158,Branch_3742,4080,4143,28.87669650591972,1
3159,Branch_3743,4143,4168,75.8150113722517,1
3160,Branch_3744,4169,4314,7.484469725319961,1
3161,Branch_3745,4193,4314,19.190174630589137,1
3162,Branch_3746,4193,4271,11.337868480725623,1
3163,Branch_3747,2380,2581,57.570523891767415,1
3164,Branch_3748,4068,4091,240.3846153846154,1
3165,Branch_3749,3842,4068,61.12469437652812,1
3166,Branch_3750,4080,4242,6.5915233010348695,1
3167,Branch_3751,4114,4242,11.890606420927467,1
3168,Branch_3752,4016,4115,37.90750568612585,1
3169,Branch_3753,4016,4324,99.60159362549801,1
3170,Branch_3754,4015,4324,88.49557522123894,1
3171,Branch_3755,4014,4015,41.63197335553705,1
3172,Branch_3756,4014,4157,111.23470522803115,1
3173,Branch_3757,4014,4250,24.044241404183698,1
3174,Branch_3759,4191,4324,43.97537379067722,1
3175,Branch_3760,4158,4191,103.62694300518135,1
3176,Branch_3761,3872,4191,74.01924500370096,1
3177,Branch_3762,4157,4260,33.692722371967655,1
3178,Branch_3763,4259,4319,8.663259118080221,1
3179,Branch_3764,4319,4344,10.018032458425166,1
3180,Branch_3765,3674,3736,101.11223458038423,1
3181,Branch_3766,5400,5800,103.51966873706004,1
3182,Branch_3767,4319,4343,8.918219923303308,1
3183,Branch_3768,3736,4590,48.61448711716091,1
3184,Branch_3769,5327,5799,57.077625570776256,1
3185,Branch_3771,1861,1886,22.43158366980709,1
3186,Branch_3772,2214,2628,40.93327875562833,1
3187,Branch_3773,3243,3527,79.93605115907275,1
3188,Branch_3774,1946,2287,25.720164609053498,1
3189,Branch_3775,1946,2501,704.2253521126761,1
3190,Branch_3776,5562,5799,70.17543859649123,1
3191,Branch_3777,5562,6717,112.10762331838565,1
3192,Branch_3778,6717,6767,177.61989342806393,1
3193,Branch_3779,7389,7567,32.38341968911917,1
3194,Branch_3780,1886,3527,24.551927326295115,1
3195,Branch_3781,7878,7988,29.49852507374631,1
3196,Branch_3782,8181,8368,194.1747572815534,1
3197,Branch_3783,2532,2847,67.70480704129993,1
3198,Branch_3784,6611,10071,73.74631268436578,1
3199,Branch_3785,7405,8016,26.56042496679947,1
3200,Branch_3786,6605,6739,175.43859649122808,1
3201,Branch_3787,5127,6739,108.57763300760044,1
3202,Branch_3788,5127,5956,66.75567423230974,1
3203,Branch_3789,5414,6590,81.43322475570032,1
3204,Branch_3790,5799,6605,92.93680297397769,1
3205,Branch_3791,5414,5956,235.2941176470588,1
3206,Branch_3792,3169,3235,45.146726862302486,1
3207,Branch_3793,2472,2478,106.15711252653928,1
3208,Branch_3794,7388,7977,1162.7906976744187,1
3209,Branch_3795,7238,7977,18.695083193120208,1
3210,Branch_3796,2018,2846,276.24309392265195,1
3211,Branch_3798,5292,5920,56.14823133071308,1
3212,Branch_3801,2790,2911,12.345679012345679,1
3213,Branch_3802,5177,5816,239.8081534772182,1
3214,Branch_3804,5177,5662,126.42225031605562,1
3215,Branch_3805,5177,5918,138.88888888888889,1
3216,Branch_3806,5799,6604,92.93680297397769,1
3217,Branch_3807,6604,6740,68.87052341597796,1
3218,Branch_3808,5126,5284,531.9148936170212,1
3219,Branch_3809,5284,5475,502.51256281407035,1
3220,Branch_3810,5284,5957,76.33587786259542,1
3221,Branch_3811,5413,5957,235.2941176470588,1
3222,Branch_3812,5413,6590,81.43322475570032,1
3223,Branch_3813,5126,6740,104.60251046025104,1
3224,Branch_3814,1982,2700,100.70493454179255,1
3225,Branch_3815,2011,2520,145.5604075691412,1
3226,Branch_3816,2045,2284,29.533372711163615,1
3227,Branch_3817,2911,3383,497.5124378109453,1
3228,Branch_3818,5325,5799,56.78591709256104,1
3229,Branch_3820,3070,3795,2000.0,1
3230,Branch_3821,5230,6873,104.60251046025104,1
3231,Branch_3822,5230,5253,84.31703204047217,1
3232,Branch_3823,4692,5253,124.06947890818859,1
3233,Branch_3824,3187,3770,1612.9032258064517,1
3234,Branch_3825,5231,6873,104.60251046025104,1
3235,Branch_3826,5231,5254,87.64241893076249,1
3236,Branch_3827,4692,5254,124.06947890818859,1
3237,Branch_3828,3188,3770,2000.0,1
3238,Branch_3831,6872,7046,1818.1818181818182,1
3239,Branch_3832,5260,7046,2000.0,1
3240,Branch_3833,5260,6997,1428.5714285714287,1
3241,Branch_3834,5295,6997,126.42225031605562,1
3242,Branch_3835,4614,6872,552.4861878453039,1
3243,Branch_3836,4614,4692,684.931506849315,1
3244,Branch_3837,2044,2800,22.537750732476898,1
3245,Branch_3839,2034,2035,5.508427894678858,1
3246,Branch_3840,2034,2887,31.595576619273302,1
3247,Branch_3841,2227,2596,19.264110961279137,1
3248,Branch_3842,7507,8181,2000.0,1
3249,Branch_3843,5603,6717,662.2516556291391,1
3250,Branch_3844,5603,6450,83.05647840531562,1
3251,Branch_3845,5831,6450,151.5151515151515,1
3252,Branch_3846,5831,6701,68.54009595613434,1
3253,Branch_3847,6717,6766,177.61989342806393,1
3254,Branch_3848,5604,6717,662.2516556291391,1
3255,Branch_3849,5604,5833,97.84735812133073,1
3256,Branch_3851,2050,2600,37.20238095238095,1
3257,Branch_3852,3544,3797,1785.7142857142858,1
3258,Branch_3853,2227,2790,337.8378378378378,1
3259,Branch_3854,5400,6611,156.98587127158555,1
3260,Branch_3855,2063,2729,90.74410163339383,1
3261,Branch_3856,6452,6819,63.371356147021544,1
3262,Branch_3857,5556,6452,122.1001221001221,1
3263,Branch_3858,5143,5556,68.54009595613434,1
3264,Branch_3859,4741,5465,96.89922480620154,1
3265,Branch_3861,4943,5143,87.64241893076249,1
3266,Branch_3862,1964,2084,36.127167630057805,1
3267,Branch_3864,5799,6717,42.51700680272109,1
3268,Branch_3865,2096,2120,2000.0,1
3269,Branch_3866,2126,2397,675.6756756756756,1
3270,Branch_3867,2126,2397,675.6756756756756,1
3271,Branch_3868,5500,6830,107.41138560687433,1
3272,Branch_3869,2011,2089,62.814070351758794,1
3273,Branch_3870,5499,6829,106.95187165775401,1
3274,Branch_3871,5502,6178,751.8796992481203,1
3275,Branch_3872,2227,2754,163.66612111292963,1
3276,Branch_3873,5151,7009,35.99712023038157,1
3277,Branch_3874,5151,6568,42.40882103477524,1
3278,Branch_3875,6589,7009,109.17030567685589,1
3279,Branch_3876,5501,6123,44.72271914132379,1
3280,Branch_3877,6123,6568,819.672131147541,1
3281,Branch_3878,5501,6178,943.3962264150944,1
3282,Branch_3879,2102,2386,26.881720430107528,1
3283,Branch_3880,2111,2478,497.5124378109453,1
3284,Branch_3881,9160,9192,44.62293618920125,1
3285,Branch_3882,6178,6179,1298.7012987012988,1
3286,Branch_3883,6178,6180,1298.7012987012988,1
3287,Branch_3884,3326,3377,813.0081300813008,1
3288,Branch_3885,2118,2630,224.2152466367713,1
3289,Branch_3886,4900,5162,63.69426751592356,1
3290,Branch_3887,4492,5972,42.918454935622314,1
3291,Branch_3888,5162,5972,120.48192771084338,1
3292,Branch_3889,4708,4900,47.7326968973747,1
3293,Branch_3891,4663,7066,35.77817531305904,1
3294,Branch_3892,4708,7066,2000.0,1
3295,Branch_3894,6589,6962,34.258307639602606,1
3296,Branch_3895,4708,4834,48.49660523763337,1
3297,Branch_3896,4834,6962,83.5421888053467,1
3298,Branch_3899,2489,2509,746.2686567164179,1
3299,Branch_3900,2060,2061,11.074197120708748,1
3300,Branch_3901,2060,2062,11.074197120708748,1
3301,Branch_3902,2045,2060,2000.0,1
3302,Branch_3903,1851,2444,89.84725965858041,1
3303,Branch_3904,7796,7977,2000.0,1
3304,Branch_3905,2621,2875,2000.0,1
3305,Branch_3906,6589,7032,87.56567425569177,1
3306,Branch_3907,4480,7032,934.5794392523364,1
3307,Branch_3908,4480,6804,113.89521640091117,1
3308,Branch_3909,6192,6804,17.17622810030917,1
3309,Branch_3910,7796,7977,2000.0,1
3310,Branch_3912,1926,2389,11.824524062906468,1
3311,Branch_3913,1927,2476,109.40919037199124,1
3312,Branch_3914,8709,9431,140.8450704225352,1
3313,Branch_3915,9238,9431,122.39902080783354,1
3314,Branch_3916,1928,2235,122.39902080783354,1
3315,Branch_3917,1929,2580,27.307482250136538,1
3316,Branch_3918,1925,2340,165.8374792703151,1
3317,Branch_3919,6192,6931,317.46031746031747,1
3318,Branch_3920,6192,6931,342.4657534246575,1
3319,Branch_3921,2294,2568,15.44878727019929,1
3320,Branch_3922,2335,2489,621.1180124223603,1
3321,Branch_3923,5003,5728,344.82758620689657,1
3322,Branch_3924,2294,2389,11.791062374719962,1
3323,Branch_3926,5810,6916,71.68458781362007,1
3324,Branch_3927,5629,6589,510.2040816326531,1
3325,Branch_3928,5629,7029,43.459365493263796,1
3326,Branch_3929,5810,7029,25.374270489723422,1
3327,Branch_3931,4949,6916,78.92659826361484,1
3328,Branch_3932,2334,2389,69.97900629811056,1
3329,Branch_3933,5196,6520,196.07843137254903,1
3330,Branch_3934,5687,5785,124.37810945273633,1
3331,Branch_3935,5785,6157,1136.3636363636363,1
3332,Branch_3936,5196,6157,99.10802775024777,1
3333,Branch_3937,5995,6520,144.50867052023122,1
3334,Branch_3938,5799,5995,543.4782608695652,1
3335,Branch_3939,5003,5800,190.11406844106463,1
3336,Branch_3940,5687,6683,162.07455429497568,1
3337,Branch_3941,4624,6174,2000.0,1
3338,Branch_3942,5839,6174,50.0,1
3339,Branch_3943,4949,4969,2000.0,1
3340,Branch_3944,1970,2510,151.285930408472,1
3341,Branch_3945,1970,1987,467.2897196261682,1
3342,Branch_3946,4503,4949,181.15942028985506,1
3343,Branch_3947,4503,5381,17.6056338028169,1
3344,Branch_3948,827,2334,2.49925022493252,1
3345,Branch_3949,4837,6274,2000.0,1
3346,Branch_3950,4837,6273,2000.0,1
3347,Branch_3951,4837,6275,2000.0,1
3348,Branch_3952,8533,9021,64.85084306095979,1
3349,Branch_3953,1870,2578,2000.0,1
3350,Branch_3954,1871,2578,2000.0,1
3351,Branch_3955,1869,2578,2000.0,1
3352,Branch_3956,4644,5687,900.9009009009009,1
3353,Branch_3957,9733,10354,36.54970760233918,1
3354,Branch_3959,4678,5412,204.08163265306123,1
3355,Branch_3960,5412,6741,2000.0,1
3356,Branch_3962,4644,6435,268.81720430107526,1
3357,Branch_3964,4715,6435,184.50184501845018,1
3358,Branch_3965,4678,4691,2000.0,1
3359,Branch_3966,4679,4691,2000.0,1
3360,Branch_3967,4678,4715,83.82229673093043,1
3361,Branch_3968,10267,10354,34.62603878116344,1
3362,Branch_3969,6323,6741,476.1904761904762,1
3363,Branch_3971,4863,6323,1886.7924528301887,1
3364,Branch_3972,5189,6323,56.33802816901409,1
3365,Branch_3975,7679,8093,2000.0,1
3366,Branch_3976,2270,2344,20.329335230737954,1
3367,Branch_3977,5615,5800,231.4814814814815,1
3368,Branch_3978,5799,5994,340.13605442176873,1
3369,Branch_3979,5380,5994,52.54860746190226,1
3370,Branch_3980,4525,5380,248.75621890547265,1
3371,Branch_3981,4525,5002,373.13432835820896,1
3372,Branch_3982,4525,4573,645.1612903225806,1
3373,Branch_3983,4526,5002,375.9398496240602,1
3374,Branch_3984,5197,5379,58.47953216374269,1
3375,Branch_3985,5197,7043,148.14814814814815,1
3376,Branch_3986,5784,6158,1136.3636363636363,1
3377,Branch_3987,5687,5784,124.37810945273633,1
3378,Branch_3988,4526,5379,328.94736842105266,1
3379,Branch_3989,4527,4573,2000.0,1
3380,Branch_3990,6138,7043,546.448087431694,1
3381,Branch_3991,6138,6158,201.61290322580646,1
3382,Branch_3992,6041,6987,518.1347150259068,1
3383,Branch_3993,6041,6701,129.70168612191958,1
3384,Branch_3994,5418,6987,157.23270440251574,1
3385,Branch_3995,4568,5418,2000.0,1
3386,Branch_3996,4569,5418,2000.0,1
3387,Branch_3997,5002,6096,146.41288433382138,1
3388,Branch_3998,5015,6798,92.42144177449168,1
3389,Branch_3999,6036,6798,142.45014245014244,1
3390,Branch_4000,5687,6036,78.24726134585289,1
3391,Branch_4001,5015,6096,88.73114463176574,1
3392,Branch_4002,2846,2889,152.9051987767584,1
3393,Branch_4003,5687,6035,78.24726134585289,1
3394,Branch_4004,5053,5730,128.7001287001287,1
3395,Branch_4005,6095,6914,91.49130832570906,1
3396,Branch_4006,6035,6799,142.45014245014244,1
3397,Branch_4007,6799,6914,191.93857965451056,1
3398,Branch_4008,5053,6095,81.76614881439085,1
3399,Branch_4009,5002,5205,132.1003963011889,1
3400,Branch_4010,5205,6701,147.05882352941177,1
3401,Branch_4011,5054,5730,127.2264631043257,1
3402,Branch_4012,5054,5204,81.43322475570032,1
3403,Branch_4013,5204,6701,147.71048744460856,1
3404,Branch_4014,5418,6043,104.38413361169103,1
3405,Branch_4016,2429,2529,20.07226013649137,1
3406,Branch_4018,3952,5728,25.980774227071965,1
3407,Branch_4019,5404,5687,2000.0,1
3408,Branch_4020,5409,5687,2000.0,1
3409,Branch_4021,2643,2822,34.78260869565217,1
3410,Branch_4022,5244,5834,129.19896640826875,1
3411,Branch_4023,3851,5834,36.96857670979667,1
3412,Branch_4024,3851,4167,88.65248226950355,1
3413,Branch_4025,4017,4152,91.49130832570906,1
3414,Branch_4026,4017,4167,29.086678301337987,1
3415,Branch_4027,4166,4167,21.2630236019562,1
3416,Branch_4028,5244,7050,302.11480362537765,1
3417,Branch_4029,3911,7050,17.917935853789643,1
3418,Branch_4030,3911,3999,48.05382027871216,1
3419,Branch_4031,3977,3999,2000.0,1
3420,Branch_4033,3999,9951,56.33802816901409,1
3421,Branch_4034,9951,10065,28.20078962210942,1
3422,Branch_4035,4794,6230,2000.0,1
3423,Branch_4036,5244,6230,11.796626164916834,1
3424,Branch_4037,6230,9610,666.6666666666666,1
3425,Branch_4038,10008,10065,27.3224043715847,1
3426,Branch_4039,9610,10008,220.7505518763797,1
3427,Branch_4040,2646,2846,38.62495171881035,1
3428,Branch_4041,5327,5799,70.4225352112676,1
3429,Branch_4043,9760,10337,84.7457627118644,1
3430,Branch_4044,9760,9771,51.89413596263622,1
3431,Branch_4045,9760,9766,2000.0,1
3432,Branch_4049,9559,10130,114.15525114155251,1
3433,Branch_4050,9973,10072,26.32964718272775,1
3434,Branch_4051,10068,10130,134.2281879194631,1
3435,Branch_4052,9973,10068,228.83295194508008,1
3436,Branch_4054,9834,10337,471.6981132075472,1
3437,Branch_4055,5306,6524,206.18556701030928,1
3438,Branch_4056,5244,5306,20.74688796680498,1
3439,Branch_4057,6524,9771,211.864406779661,1
3440,Branch_4058,9771,9828,2000.0,1
3441,Branch_4059,2443,2644,39.308176100628934,1
3442,Branch_4060,1851,2575,181.15942028985506,1
3443,Branch_4061,4670,5570,2000.0,1
3444,Branch_4062,4671,5570,2000.0,1
3445,Branch_4063,4553,7030,234.192037470726,1
3446,Branch_4064,4554,7031,69.1085003455425,1
3447,Branch_4065,4815,4818,2000.0,1
3448,Branch_4066,4815,4819,2000.0,1
3449,Branch_4067,7728,7782,199.20318725099602,1
3450,Branch_4068,8737,9478,59.844404548174744,1
3451,Branch_4069,8668,9369,7.96241738991958,1
3452,Branch_4070,2646,2844,76.04562737642586,1
3453,Branch_4071,5800,6699,136.05442176870747,1
3454,Branch_4072,5692,5914,19.120458891013385,1
3455,Branch_4073,5264,5794,66.8002672010688,1
3456,Branch_4074,5692,6801,215.9827213822894,1
3457,Branch_4075,4529,5692,215.9827213822894,1
3458,Branch_4078,5796,6192,128.2051282051282,1
3459,Branch_4079,2822,2845,131.06159895150722,1
3460,Branch_4080,5513,5973,118.48341232227489,1
3461,Branch_4082,5348,5973,61.84291898577613,1
3462,Branch_4083,5348,5818,39.29273084479372,1
3463,Branch_4084,2510,2720,95.14747859181732,1
3464,Branch_4085,4724,6795,53.475935828877006,1
3465,Branch_4086,4724,4735,50.45408678102926,1
3466,Branch_4087,4738,6795,64.85084306095979,1
3467,Branch_4088,2740,2800,94.07337723424271,1
3468,Branch_4089,6817,6958,120.62726176115802,1
3469,Branch_4090,4738,6958,606.060606060606,1
3470,Branch_4091,3382,3558,6.700616456714018,1
3471,Branch_4093,4054,6328,60.132291040288635,1
3472,Branch_4095,5818,6328,25.201612903225808,1
3473,Branch_4096,2296,2343,380.22813688212926,1
3474,Branch_4097,5884,6817,141.44271570014143,1
3475,Branch_4098,5884,6819,63.653723742838956,1
3476,Branch_4099,6819,6921,189.75332068311195,1
3477,Branch_4100,5970,6921,151.9756838905775,1
3478,Branch_4101,5867,6819,75.47169811320755,1
3479,Branch_4102,5528,5970,192.30769230769232,1
3480,Branch_4103,5528,6953,247.52475247524754,1
3481,Branch_4104,7567,7718,2000.0,1
3482,Branch_4105,5883,6817,141.44271570014143,1
3483,Branch_4106,5883,6819,63.653723742838956,1
3484,Branch_4107,2380,2558,58.17335660267597,1
3485,Branch_4108,6280,6669,36.231884057971016,1
3486,Branch_4109,6280,6907,41.82350480970305,1
3487,Branch_4111,5349,6781,431.0344827586207,1
3488,Branch_4112,5031,6852,172.41379310344828,1
3489,Branch_4113,6852,6907,46.23208506703652,1
3490,Branch_4114,5031,6781,1000.0,1
3491,Branch_4115,5137,5349,324.6753246753247,1
3492,Branch_4116,5199,5301,140.8450704225352,1
3493,Branch_4117,5199,6669,53.219797764768494,1
3494,Branch_4118,5199,7003,113.63636363636364,1
3495,Branch_4119,5555,7003,38.92565200467108,1
3496,Branch_4120,4735,5301,31.220730565095224,1
3497,Branch_4121,5028,6669,2000.0,1
3498,Branch_4122,1165,1872,5.858574023082782,1
3499,Branch_4123,4735,6669,21.729682746631898,1
3500,Branch_4124,4514,6817,134.40860215053763,1
3501,Branch_4125,4514,5349,45.558086560364465,1
3502,Branch_4126,2380,2803,75.47169811320755,1
3503,Branch_4127,6454,6462,49.75124378109453,1
3504,Branch_4128,4519,6454,133.15579227696404,1
3505,Branch_4129,4519,5349,124.06947890818859,1
3506,Branch_4130,2328,3035,3.6358347876672483,1
3507,Branch_4131,1881,2327,3.8504485772592507,1
3508,Branch_4132,4738,6266,209.20502092050208,1
3509,Branch_4133,2380,2581,57.50431282346176,1
3510,Branch_4134,5727,6699,282.4858757062147,1
3511,Branch_4135,3842,3852,28.818443804034583,1
3512,Branch_4136,4116,4323,27.159152634437806,1
3513,Branch_4137,4116,4137,40.502227622519236,1
3514,Branch_4138,3904,4323,57.43825387708214,1
3515,Branch_4139,3852,3904,79.36507936507937,1
3516,Branch_4140,4942,6266,237.52969121140143,1
3517,Branch_4141,4738,6266,209.20502092050208,1
3518,Branch_4142,4941,6266,237.52969121140143,1
3519,Branch_4143,2510,2788,123.00123001230013,1
3520,Branch_4144,5727,6856,95.32888465204957,1
3521,Branch_4147,3842,4372,13.62954886193267,1
3522,Branch_4148,4304,4321,30.111412225233362,1
3523,Branch_4149,4186,4372,28.768699654775602,1
3524,Branch_4150,4105,4185,30.33060357901122,1
3525,Branch_4151,4185,4308,19.138755980861244,1
3526,Branch_4152,3907,4195,79.11392405063292,1
3527,Branch_4153,4195,4308,23.90057361376673,1
3528,Branch_4154,3907,4037,70.77140835102618,1
3529,Branch_4155,3922,4037,107.64262648008611,1
3530,Branch_4156,2443,2846,30.959752321981423,1
3531,Branch_4157,3922,4304,51.733057423693744,1
3532,Branch_4158,8593,9380,274.72527472527474,1
3533,Branch_4159,9296,9478,18.52537977028529,1
3534,Branch_4161,2443,2846,86.50519031141869,1
3535,Branch_4162,3842,4018,120.1923076923077,1
3536,Branch_4163,4131,4275,66.62225183211193,1
3537,Branch_4164,4018,4275,925.925925925926,1
3538,Branch_4165,8584,9376,15.997440409534475,1
3539,Branch_4166,3235,5330,103.62694300518135,1
3540,Branch_4167,4130,4276,66.62225183211193,1
3541,Branch_4168,9131,9265,82.98755186721992,1
3542,Branch_4169,9131,9488,29.7000297000297,1
3543,Branch_4170,1885,2443,97.75171065493646,1
3544,Branch_4171,2245,2710,248.75621890547265,1
3545,Branch_4172,2572,2613,154.5595054095827,1
3546,Branch_4173,2613,2660,50.9683995922528,1
3547,Branch_4174,2434,2515,39.936102236421725,1
3548,Branch_4175,2434,2672,123.45679012345678,1
3549,Branch_4176,2434,2672,123.45679012345678,1
3550,Branch_4177,2434,2588,1010.10101010101,1
3551,Branch_4178,2346,2434,25.95380223202699,1
3552,Branch_4179,1918,2024,107.87486515641855,1
3553,Branch_4180,1945,2024,240.96385542168676,1
3554,Branch_4181,2364,2770,168.63406408094434,1
3555,Branch_4182,2364,2565,90.41591320072332,1
3556,Branch_4183,1918,2873,125.62814070351759,1
3557,Branch_4184,2933,3401,2000.0,1
3558,Branch_4185,2933,3146,41.78854993731718,1
3559,Branch_4186,2933,2934,32.25806451612903,1
3560,Branch_4187,3512,3511,9.975062344139651,1
3561,Branch_4188,3513,3511,8.053475074494644,1
3562,Branch_4189,3284,3512,56.36978579481398,1
3563,Branch_4190,3319,3513,47.80114722753346,1
3564,Branch_4191,3285,3512,20.868113522537563,1
3565,Branch_4192,3149,3511,132.27513227513228,1
3566,Branch_4193,3140,3511,56.94760820045558,1
3567,Branch_4194,3511,6966,8.682062858135092,1
3568,Branch_4195,3128,3512,18.51851851851852,1
3569,Branch_4197,3116,3147,165.28925619834712,1
3570,Branch_4198,3147,3403,63.33122229259025,1
3571,Branch_4199,6045,6063,2000.0,1
3572,Branch_4200,6045,6063,2000.0,1
3573,Branch_4201,3441,3444,11.771630370806356,1
3574,Branch_4202,3443,3442,10.770059235325794,1
3575,Branch_4203,3387,3442,12.577034335303736,1
3576,Branch_4204,3443,3678,8.442380751371887,1
3577,Branch_4205,3115,3441,83.89261744966443,1
3578,Branch_4206,3114,3443,22.22716159146477,1
3579,Branch_4207,3442,10326,6.93000693000693,1
3580,Branch_4208,3402,3442,102.45901639344262,1
3581,Branch_4209,3110,3443,18.674136321195146,1
3582,Branch_4210,3127,3441,71.4796283059328,1
3583,Branch_4211,3441,3442,2000.0,1
3584,Branch_4212,3443,3496,42.80821917808219,1
3585,Branch_4213,3224,3284,23.798191337458352,1
3586,Branch_4214,3284,3320,346.02076124567475,1
3587,Branch_4215,3036,3319,13.960631020522127,1
3588,Branch_4216,3216,3319,57.04506560182544,1
3589,Branch_4217,3319,3510,13.368983957219251,1
3590,Branch_4218,5755,5839,131.92612137203167,1
3591,Branch_4219,5754,5827,22.81021897810219,1
3592,Branch_4220,3143,3286,30.75030750307503,1
3593,Branch_4221,7145,7864,28.28854314002829,1
3594,Branch_4222,7864,7865,0.7584376185058779,1
3595,Branch_4223,156,163,2000.0,1
3596,Branch_4224,156,628,18.864365214110546,1
3597,Branch_4225,156,1741,273.972602739726,1
3598,Branch_4226,9840,10196,57.04506560182544,1
3599,Branch_4227,10196,10197,11.316057485572026,1
3600,Branch_4228,9758,10335,2000.0,1
3601,Branch_4229,7209,7211,46.57661853749418,1
3602,Branch_4230,7212,7211,-478.4688995215311,1
3603,Branch_4231,7210,7211,8.92379082634303,1
3604,Branch_4232,7213,7214,46.8384074941452,1
3605,Branch_4233,7212,7214,-564.9717514124294,1
3606,Branch_4234,7215,7214,8.949346697691068,1
3607,Branch_4235,4549,5745,709.2198581560284,1
3608,Branch_4236,8505,9204,23.13208420078649,1
3609,Branch_4237,8505,8901,34.85535029627048,1
3610,Branch_4238,1,1156,168.35016835016836,1
3611,Branch_4239,6,1156,184.84288354898337,1
3612,Branch_4240,1,1554,101.9367991845056,1
3613,Branch_4241,1,1551,102.56410256410257,1
3614,Branch_4242,4,1623,115.74074074074075,1
3615,Branch_4243,6,929,178.57142857142858,1
3616,Branch_4245,2,6,1149.4252873563219,1
3617,Branch_4246,4,730,186.9158878504673,1
3618,Branch_4248,1,7,118.90606420927467,1
3619,Branch_4249,4,7,95.96928982725528,1
3620,Branch_4250,9,7,9.517464547444561,1
3621,Branch_4251,1,8,-500.0,1
3622,Branch_4252,4,8,58.13953488372093,1
3623,Branch_4253,10,8,9.912767644726408,1
3624,Branch_4254,1098,1821,2000.0,1
3625,Branch_4255,1098,1097,9.560229445506693,1
3626,Branch_4256,547,1463,62.5,1
3627,Branch_4257,324,547,134.58950201884252,1
3628,Branch_4258,10324,10325,29.07822041291073,1
3629,Branch_4259,10324,10320,16.67778519012675,1
3630,Branch_4260,10324,10321,16.67778519012675,1
3631,Branch_4261,10324,10322,16.67778519012675,1
3632,Branch_4262,10323,10317,6.166368625516434,1
3633,Branch_4263,10323,10318,6.166368625516434,1
3634,Branch_4264,10323,10319,6.166368625516434,1
3635,Branch_4265,8809,9366,111.35857461024499,1
3636,Branch_4266,9699,10326,970.8737864077669,1
3637,Branch_4267,1036,1804,1851.851851851852,1
3638,Branch_4268,1039,1804,33.80662609871535,1
3639,Branch_4269,1054,1804,2000.0,1
3640,Branch_4271,653,1804,18.825301204819276,1
3641,Branch_4272,1550,1804,22.256843979523705,1
3642,Branch_4273,973,1804,193.05019305019306,1
3643,Branch_4274,10030,10150,4.751045229950589,1
3644,Branch_4275,10128,10150,5.530361685654242,1
3645,Branch_4276,274,701,96.61835748792271,1
3646,Branch_4277,274,336,77.33952049497293,1
3647,Branch_4278,5686,7096,45.45454545454545,1
3648,Branch_4279,5337,7096,396.8253968253968,1
3649,Branch_4280,6468,7096,2000.0,1
3650,Branch_4281,4784,4785,12.439358129120537,1
3651,Branch_4282,3142,3149,36.14022406938923,1
3652,Branch_4283,8560,9210,26.80246582685607,1
3653,Branch_4284,8560,9208,60.790273556231,1
3654,Branch_4285,8560,9434,158.9825119236884,1
3655,Branch_4286,8560,9371,104.0582726326743,1
3656,Branch_4287,8560,8562,2000.0,1
3657,Branch_4288,8561,8562,2000.0,1
3658,Branch_4289,8560,8561,2000.0,1
3659,Branch_4290,8560,9344,162.60162601626016,1
3660,Branch_4291,9477,9476,6.715916722632639,1
3661,Branch_4292,7581,7932,53.61930294906166,1
3662,Branch_4293,8568,9515,87.48906386701663,1
3663,Branch_4294,8522,8568,409.8360655737705,1
3664,Branch_4295,5771,6140,157.9778830963665,1
3665,Branch_4296,295,1285,534.75935828877,1
3666,Branch_4297,296,1432,90.09009009009009,1
3667,Branch_4298,295,1332,454.54545454545456,1
3668,Branch_4299,296,1332,444.44444444444446,1
3669,Branch_4300,294,295,2000.0,1
3670,Branch_4301,296,297,2000.0,1
3671,Branch_4302,9855,9856,16.423057973394645,1
3672,Branch_4303,9855,9857,10.11326860841424,1
3673,Branch_4304,9841,9855,111.48272017837235,1
3674,Branch_4305,8530,8997,42.99226139294927,1
3675,Branch_4306,8530,9461,55.248618784530386,1
3676,Branch_4308,8531,9120,108.34236186348862,1
3677,Branch_4309,8530,8927,277.0083102493075,1
3678,Branch_4310,8530,9403,144.50867052023122,1
3679,Branch_4311,9620,9648,45.51661356395084,1
3680,Branch_4312,9620,9648,45.51661356395084,1
3681,Branch_4313,9648,9746,103.30578512396694,1
3682,Branch_4315,697,698,14.10238330277817,1
3683,Branch_4316,9210,9343,29.07822041291073,1
3684,Branch_4317,9343,9460,34.602076124567475,1
3685,Branch_4318,5536,5606,2.4731049833065413,1
3686,Branch_4319,4648,5536,120.91898428053204,1
3687,Branch_4320,4648,5536,149.7005988023952,1
3688,Branch_4321,3571,4648,30.807147258163894,1
3689,Branch_4322,3080,3571,9.748488984207448,1
3690,Branch_4324,3571,4778,26.455026455026456,1
3691,Branch_4326,4776,5335,26.52519893899204,1
3692,Branch_4327,4650,5335,7.261636772928618,1
3693,Branch_4328,8542,9373,81.10300081103001,1
3694,Branch_4329,8542,8622,128.04097311139566,1
3695,Branch_4330,8542,8657,66.48936170212765,1
3696,Branch_4331,255,1430,241.54589371980677,1
3697,Branch_4332,255,1429,240.96385542168676,1
3698,Branch_4333,4670,7097,68.07351940095303,1
3699,Branch_4334,4944,7097,40.83299305839118,1
3700,Branch_4335,9055,9058,2000.0,1
3701,Branch_4336,9058,9057,14.355440712029859,1
3702,Branch_4337,5189,6405,2000.0,1
3703,Branch_4338,9618,9619,2.375014843842774,1
3704,Branch_4339,9617,9619,-826.4462809917355,1
3705,Branch_4340,9620,9619,22.246941045606228,1
3706,Branch_4341,9620,9632,52.35602094240838,1
3707,Branch_4342,9620,9649,102.35414534288638,1
3708,Branch_4343,9620,10292,31.79650238473768,1
3709,Branch_4345,9472,9471,7.7226040620897365,1
3710,Branch_4346,8686,9471,10.955302366345311,1
3711,Branch_4347,8599,9472,4.9147294441441,1
3712,Branch_4348,8616,9472,6.141751627564181,1
3713,Branch_4349,9422,9472,18.365472910927455,1
3714,Branch_4350,8587,9294,144.0922190201729,1
3715,Branch_4351,8526,8587,1960.7843137254902,1
3716,Branch_4352,258,923,199.20318725099602,1
3717,Branch_4353,923,949,531.9148936170212,1
3718,Branch_4354,7932,7933,210.9704641350211,1
3719,Branch_4355,7932,8387,28.5143997718848,1
3720,Branch_4356,7844,7845,5.478851632697786,1
3721,Branch_4357,7706,7844,2.9409169779137136,1
3722,Branch_4358,7328,7845,3.725643604932752,1
3723,Branch_4359,7653,7844,105.48523206751055,1
3724,Branch_4360,7613,7844,4.190939189472361,1
3725,Branch_4361,7844,7845,5.154107823935677,1
3726,Branch_4362,7763,7844,6.800408024481469,1
3727,Branch_4363,5727,5729,70.4225352112676,1
3728,Branch_4364,5732,5729,72.25433526011561,1
3729,Branch_4365,5726,5729,5.22384161312229,1
3730,Branch_4366,5728,5734,92.42144177449168,1
3731,Branch_4367,5733,5734,207.4688796680498,1
3732,Branch_4368,5735,5734,12.420817289777668,1
3733,Branch_4369,5730,5732,63.492063492063494,1
3734,Branch_4370,5730,5733,95.23809523809524,1
3735,Branch_4371,288,646,4.595588235294118,1
3736,Branch_4372,8833,9513,292.39766081871346,1
3737,Branch_4373,8833,9514,292.39766081871346,1
3738,Branch_4374,7606,7737,7.666360012266176,1
3739,Branch_4375,7737,7990,3.8370040672243113,1
3740,Branch_4376,7653,7737,2.6962899050905955,1
3741,Branch_4377,7613,7737,6.952169076751947,1
3742,Branch_4378,7606,7746,1.614595947364172,1
3743,Branch_4379,8277,8276,8.902341315766046,1
3744,Branch_4380,2475,2474,4.130183380142078,1
3745,Branch_4381,2475,2474,4.130183380142078,1
3746,Branch_4382,9119,9301,105.04201680672269,1
3747,Branch_4384,5152,5151,1.3077365695454308,1
3748,Branch_4385,592,776,56.33802816901409,1
3749,Branch_4387,2954,2953,5.00175061271445,1
3750,Branch_4388,2956,2955,12.003360941063498,1
3751,Branch_4389,2954,3732,2000.0,1
3752,Branch_4391,3178,3374,10.862480990658266,1
3753,Branch_4392,3226,3374,12.81722635221738,1
3754,Branch_4395,2954,2956,168.9189189189189,1
3755,Branch_4396,3037,3252,35.19887363604364,1
3756,Branch_4397,3446,3448,3.6084148233680944,1
3757,Branch_4398,3446,3447,3.6084148233680944,1
3758,Branch_4399,3252,3446,134.2281879194631,1
3759,Branch_4400,1760,1768,13.315579227696405,1
3760,Branch_4401,1760,1770,13.422818791946309,1
3761,Branch_4402,1760,1769,13.315579227696405,1
3762,Branch_4403,1760,1766,13.717421124828531,1
3763,Branch_4404,1761,1764,13.315579227696405,1
3764,Branch_4405,1761,1771,13.315579227696405,1
3765,Branch_4406,1761,1767,13.717421124828531,1
3766,Branch_4407,1760,1765,19.611688566385567,1
3767,Branch_4408,234,235,14.326647564469914,1
3768,Branch_4409,234,235,14.326647564469914,1
3769,Branch_4410,1759,1760,2000.0,1
3770,Branch_4411,1759,1760,2000.0,1
3771,Branch_4412,1761,1772,2000.0,1
3772,Branch_4413,1761,1772,2000.0,1
3773,Branch_4414,1496,1497,95.60229445506693,1
3774,Branch_4415,292,1498,179.85611510791367,1
3775,Branch_4416,290,1497,85.1063829787234,1
3776,Branch_4417,1496,1742,199.20318725099602,1
3777,Branch_4418,1496,1713,178.89087656529517,1
3778,Branch_4419,1497,1499,2000.0,1
3779,Branch_4420,3606,3607,8.791208791208792,1
3780,Branch_4424,6611,6609,46.59832246039143,1
3781,Branch_4425,6608,6609,-476.1904761904762,1
3782,Branch_4426,6612,6609,8.994423457456376,1
3783,Branch_4427,2929,3606,39.23107100823852,1
3784,Branch_4428,4727,4728,12.661433274246646,1
3785,Branch_4429,4727,4729,14.001680201624195,1
3786,Branch_4430,4727,6208,205.76131687242798,1
3787,Branch_4431,3781,3782,10.74922068150059,1
3788,Branch_4432,3781,3783,10.902747492368077,1
3789,Branch_4433,2971,3781,1369.86301369863,1
3790,Branch_4434,2137,2332,13.083867591259976,1
3791,Branch_4435,8881,9118,1351.3513513513512,1
3792,Branch_4436,9118,9117,13.689253935660506,1
3793,Branch_4438,4587,4944,50.9683995922528,1
3794,Branch_4439,3113,3177,10.676916506512919,1
3795,Branch_4440,3113,3583,2000.0,1
3796,Branch_4441,3113,3459,8.555783709787816,1
3797,Branch_4442,8984,9031,122.24938875305624,1
3798,Branch_4445,9031,9039,2000.0,1
3799,Branch_4446,9031,9094,52.882072977260705,1
3800,Branch_4448,9031,9330,111.48272017837235,1
3801,Branch_4449,3797,3796,14.110342881332016,1
3802,Branch_4450,3797,3798,10.529640939243972,1
3803,Branch_4451,6038,7028,2000.0,1
3804,Branch_4452,8671,9234,138.69625520110958,1
3805,Branch_4453,8607,8671,79.23930269413628,1
3806,Branch_4454,8605,8672,15.535187199005748,1
3807,Branch_4455,8672,9470,45.62043795620438,1
3808,Branch_4456,6299,6298,12.924906294429366,1
3809,Branch_4457,6299,6300,2000.0,1
3810,Branch_4458,3460,3550,29.735355337496284,1
3811,Branch_4459,3247,3550,7.85299198994817,1
3812,Branch_4460,3211,3550,4.391936404760859,1
3813,Branch_4466,3460,3703,8.548469823901522,1
3814,Branch_4467,10323,10325,2000.0,1
3815,Branch_4468,3808,3807,8.05607024893257,1
3816,Branch_4469,3676,3808,2000.0,1
3817,Branch_4470,3926,3928,19.79414093428345,1
3818,Branch_4471,3928,3929,92.85051067780873,1
3819,Branch_4472,1367,1684,162.60162601626016,1
3820,Branch_4473,1367,1649,116.82242990654206,1
3821,Branch_4474,285,1423,2000.0,1
3822,Branch_4475,285,1423,2000.0,1
3823,Branch_4477,4751,4754,8.89125989152663,1
3824,Branch_4478,4751,4755,8.89125989152663,1
3825,Branch_4479,4751,4753,8.89125989152663,1
3826,Branch_4480,4751,9861,369.00369003690037,1
3827,Branch_4481,8458,8459,16.54807214959457,1
3828,Branch_4482,7442,8458,2000.0,1
3829,Branch_4483,1072,1074,4.168403501458942,1
3830,Branch_4484,1073,1072,10.529640939243972,1
3831,Branch_4485,1075,1071,10.529640939243972,1
3832,Branch_4486,8577,9476,96.24639076034649,1
3833,Branch_4487,4718,4804,2000.0,1
3834,Branch_4488,4718,4719,20.084354288009642,1
3835,Branch_4489,4718,4720,20.084354288009642,1
3836,Branch_4490,8170,8171,12.691965985531159,1
3837,Branch_4491,7405,8170,216.45021645021646,1
3838,Branch_4492,9346,9348,22.109219544550076,1
3839,Branch_4494,9348,9481,53.219797764768494,1
3840,Branch_4495,8575,9348,60.93845216331505,1
3841,Branch_4496,9288,9346,20.189783969311527,1
3842,Branch_4497,8717,9380,47.596382674916704,1
3843,Branch_4498,8717,9242,94.42870632672333,1
3844,Branch_4499,8717,9227,98.32841691248771,1
3845,Branch_4503,1268,1446,148.14814814814815,1
3846,Branch_4504,1255,1268,226.75736961451247,1
3847,Branch_4505,8595,9457,9.7380465478625,1
3848,Branch_4506,8707,9457,12.802458071949815,1
3849,Branch_4507,3102,3125,25.374270489723422,1
3850,Branch_4508,3114,3125,31.357792411414238,1
3851,Branch_4509,4355,4386,375.9398496240602,1
3852,Branch_4510,3898,4355,2000.0,1
3853,Branch_4511,3068,3269,6.128201985537443,1
3854,Branch_4512,3068,3079,9.066183136899365,1
3855,Branch_4515,177,1053,2000.0,1
3856,Branch_4516,829,1053,29.18855808523059,1
3857,Branch_4517,1053,1523,30.835646006783843,1
3858,Branch_4519,253,627,156.25,1
3859,Branch_4520,253,1384,48.99559039686428,1
3860,Branch_4521,6310,6308,15.082956259426847,1
3861,Branch_4522,6310,6309,15.082956259426847,1
3862,Branch_4523,9420,9419,13.914011409489357,1
3863,Branch_4524,9354,9419,15.878056525881233,1
3864,Branch_4525,8578,9420,8.253549026081215,1
3865,Branch_4526,8795,9419,28.498147620404673,1
3866,Branch_4527,8960,9419,7.830240388379924,1
3867,Branch_4528,9419,9421,2000.0,1
3868,Branch_4529,4577,6310,2000.0,1
3869,Branch_4530,6202,6208,82.98755186721992,1
3870,Branch_4532,10102,10101,15.010507355148604,1
3871,Branch_4533,10086,10101,13.599891200870394,1
3872,Branch_4534,10100,10163,6.169031462060457,1
3873,Branch_4535,10101,10193,2.9324653235975484,1
3874,Branch_4536,10099,10173,5.435668859053107,1
3875,Branch_4537,10101,10249,10.155377272265664,1
3876,Branch_4538,9989,10101,19.18649270913277,1
3877,Branch_4539,9622,9722,140.4494382022472,1
3878,Branch_4540,9722,9723,10.427528675703858,1
3879,Branch_4541,3161,3178,14.511681903932665,1
3880,Branch_4542,3161,3172,3.8668264954951472,1
3881,Branch_4543,7415,7423,55.83472920156337,1
3882,Branch_4544,7423,7590,29.682398337785692,1
3883,Branch_4545,4187,4186,6.218905472636816,1
3884,Branch_4546,3925,4402,32.637075718015666,1
3885,Branch_4547,4238,4240,20.36659877800407,1
3886,Branch_4548,4238,4239,2.7404017428955085,1
3887,Branch_4549,4156,4238,72.15007215007215,1
3888,Branch_4550,4170,4238,30.3951367781155,1
3889,Branch_4551,3841,4238,19.496977968414896,1
3890,Branch_4552,7549,8374,18.01801801801802,1
3891,Branch_4553,7549,7627,15.873015873015873,1
3892,Branch_4554,7822,8385,3.45447008428907,1
3893,Branch_4555,3355,8385,5.684402000909504,1
3894,Branch_4557,607,1821,85.17887563884156,1
3895,Branch_4558,82,607,91.6590284142988,1
3896,Branch_4559,6888,7027,25.926886180969664,1
3897,Branch_4560,2081,2080,14.78415138971023,1
3898,Branch_4561,5198,5587,50.55611729019211,1
3899,Branch_4562,2171,2170,1.4442310191938301,1
3900,Branch_4563,2632,2634,30.111412225233362,1
3901,Branch_4564,2633,2634,-233.6448598130841,1
3902,Branch_4565,2636,2634,9.004141905276427,1
3903,Branch_4566,2632,2635,25.806451612903224,1
3904,Branch_4567,2633,2635,-108.34236186348862,1
3905,Branch_4568,2637,2635,5.991611743559018,1
3906,Branch_4569,2171,2779,2000.0,1
3907,Branch_4570,614,1151,980.3921568627451,1
3908,Branch_4571,614,661,193.7984496124031,1
3909,Branch_4572,8889,9125,43.14063848144953,1
3910,Branch_4573,8626,9125,94.42870632672333,1
3911,Branch_4574,4705,6656,6.889424733034792,1
3912,Branch_4575,4705,5178,6.660893891960301,1
3913,Branch_4576,3312,3453,35.49875754348598,1
3914,Branch_4577,3277,3312,12.891581797086502,1
3915,Branch_4580,3745,3744,10.183299389002038,1
3916,Branch_4581,3745,3743,11.516756881262237,1
3917,Branch_4582,7502,7501,10.932546190007653,1
3918,Branch_4583,4533,4767,68.82312456985547,1
3919,Branch_4585,9629,10341,182.4817518248175,1
3920,Branch_4586,9858,10341,1538.4615384615386,1
3921,Branch_4587,9885,10341,123.76237623762377,1
3922,Branch_4588,3100,3745,404.8582995951417,1
3923,Branch_4589,360,398,46.57661853749418,1
3924,Branch_4590,359,627,67.79661016949153,1
3925,Branch_4591,83,360,40.51863857374392,1
3926,Branch_4592,359,628,819.672131147541,1
3927,Branch_4593,360,361,132.1003963011889,1
3928,Branch_4594,359,362,41.06776180698152,1
3929,Branch_4595,3960,3961,24.563989191844755,1
3930,Branch_4596,3961,4410,1010.10101010101,1
3931,Branch_4597,8762,8976,200.0,1
3932,Branch_4598,8762,8901,135.50135501355012,1
3933,Branch_4599,9842,10279,2000.0,1
3934,Branch_4600,9851,9854,141.44271570014143,1
3935,Branch_4601,9852,9854,17.953321364452425,1
3936,Branch_4602,9853,9854,17.83484929552345,1
3937,Branch_4603,9842,9851,2000.0,1
3938,Branch_4604,100,188,65.06180871828236,1
3939,Branch_4605,188,535,151.285930408472,1
3940,Branch_4607,188,191,14.374011786689666,1
3941,Branch_4608,188,193,14.378145219266715,1
3942,Branch_4609,188,190,14.371945961483185,1
3943,Branch_4610,188,192,14.230823964707557,1
3944,Branch_4611,2458,2825,33.88681802778719,1
3945,Branch_4612,2195,2825,201.61290322580646,1
3946,Branch_4613,2481,2825,91.24087591240875,1
3947,Branch_4614,2504,2570,26.52519893899204,1
3948,Branch_4615,2504,2525,130.89005235602093,1
3949,Branch_4616,2250,2504,113.12217194570135,1
3950,Branch_4617,2727,2799,57.142857142857146,1
3951,Branch_4618,1953,2799,74.90636704119851,1
3952,Branch_4619,44,1482,877.1929824561404,1
3953,Branch_4620,44,47,390.625,1
3954,Branch_4621,38,47,9.514747859181732,1
3955,Branch_4622,39,47,9.48676596148373,1
3956,Branch_4623,44,45,353.35689045936397,1
3957,Branch_4624,40,45,9.908838684106223,1
3958,Branch_4625,41,45,9.813542688910697,1
3959,Branch_4626,44,46,314.4654088050315,1
3960,Branch_4627,42,46,10.068465565847765,1
3961,Branch_4628,43,46,10.024057738572575,1
3962,Branch_4629,2376,2714,24.563989191844755,1
3963,Branch_4630,2375,2714,6.695232994108195,1
3964,Branch_4631,8614,9083,9.399379640943698,1
3965,Branch_4632,9083,9401,14.755791648221926,1
3966,Branch_4633,9083,9487,3.872216844143272,1
3967,Branch_4634,9079,9083,9.821253191907287,1
3968,Branch_4636,8819,8817,6.818491749624983,1
3969,Branch_4637,4721,4722,12.306177701206005,1
3970,Branch_4638,4721,4723,8.880994671403197,1
3971,Branch_4639,4721,6202,283.28611898017,1
3972,Branch_4640,5559,7077,9.736150326161036,1
3973,Branch_4641,5559,6967,5.590339892665474,1
3974,Branch_4642,9912,9914,37.18854592785422,1
3975,Branch_4643,9913,9915,37.18854592785422,1
3976,Branch_4644,7878,8035,520.8333333333334,1
3977,Branch_4645,9916,9914,16.68613382279326,1
3978,Branch_4646,9916,9915,16.929067208396816,1
3979,Branch_4647,7878,8120,102.77492291880782,1
3980,Branch_4648,7878,8120,102.77492291880782,1
3981,Branch_4649,3296,3295,8.274036074797285,1
3982,Branch_4650,3168,3296,23.369946249123625,1
3983,Branch_4654,2967,3296,12.184720360667722,1
3984,Branch_4655,3156,3295,12.414649286157665,1
3985,Branch_4656,3275,3295,8.218952905399853,1
3986,Branch_4657,3295,3358,3.6391426179991995,1
3987,Branch_4658,3154,3295,7.15922107674685,1
3988,Branch_4659,3296,3677,12.871669455528382,1
3989,Branch_4660,2629,2630,4.370629370629371,1
3990,Branch_4661,2629,2630,4.80884828083674,1
3991,Branch_4663,4815,6785,111.48272017837235,1
3992,Branch_4664,4815,6828,197.23865877712032,1
3993,Branch_4665,8591,8916,17.205781142463866,1
3994,Branch_4666,1179,1373,123.45679012345678,1
3995,Branch_4667,1178,1373,61.12469437652812,1
3996,Branch_4668,7746,7747,7.987220447284345,1
3997,Branch_4669,7746,7918,7.980209081477935,1
3998,Branch_4670,7747,7985,2000.0,1
3999,Branch_4671,3174,3591,4.685376938574708,1
4000,Branch_4672,3174,3176,54.585152838427945,1
4001,Branch_4673,3174,3688,10.049241282283187,1
4002,Branch_4674,3176,7696,3.428414701042238,1
4003,Branch_4678,1177,1179,156.25,1
4004,Branch_4679,836,1179,208.33333333333334,1
4005,Branch_4680,5722,6425,24.515812699190977,1
4006,Branch_4681,2293,6425,11.032656663724625,1
4007,Branch_4682,6715,6874,6.3742988271290155,1
4008,Branch_4683,8920,9126,67.15916722632639,1
4009,Branch_4684,8883,9126,38.19709702062643,1
4010,Branch_4685,7263,7965,159.4896331738437,1
4011,Branch_4686,7263,7991,367.6470588235294,1
4012,Branch_4687,2880,2883,12.232415902140673,1
4013,Branch_4688,2880,2882,12.232415902140673,1
4014,Branch_4689,2880,2881,18.25150574922431,1
4015,Branch_4690,3760,3759,8.982304859426929,1
4016,Branch_4691,3558,3760,1428.5714285714287,1
4017,Branch_4692,9464,9465,5.396654074473826,1
4018,Branch_4693,8549,9465,27.107617240444565,1
4019,Branch_4694,8737,9439,1428.5714285714287,1
4020,Branch_4695,8841,9439,11.462631820265933,1
4021,Branch_4696,8596,9439,95.69377990430623,1
4022,Branch_4697,8546,9361,3.1017369727047144,1
4023,Branch_4698,9254,9464,3.286230693394676,1
4024,Branch_4699,477,1088,8.648274669203493,1
4025,Branch_4700,10024,10154,19.01863826550019,1
4026,Branch_4701,9519,10024,6.776445076912651,1
4027,Branch_4702,4125,4354,26.504108136761197,1
4028,Branch_4703,88,1510,103.09278350515464,1
4029,Branch_4704,921,1510,134.77088948787062,1
4030,Branch_4705,449,477,3.2372936225315634,1
4031,Branch_4707,267,1329,242.13075060532688,1
4032,Branch_4708,267,1330,245.09803921568627,1
4033,Branch_4709,345,1513,1428.5714285714287,1
4034,Branch_4710,1513,1636,297.6190476190476,1
4035,Branch_4711,1513,1515,2.7979071654402508,1
4036,Branch_4713,8911,8998,1470.5882352941176,1
4037,Branch_4714,8911,8912,8.64304235090752,1
4038,Branch_4715,8911,8913,8.64304235090752,1
4039,Branch_4716,9523,10278,62.93266205160478,1
4040,Branch_4717,4586,6235,261.0966057441253,1
4041,Branch_4719,4586,6905,225.22522522522522,1
4042,Branch_4720,10278,10277,14.255167498218103,1
4043,Branch_4721,1036,1030,4.738887309259786,1
4044,Branch_4722,1036,1031,4.738887309259786,1
4045,Branch_4723,1036,1032,4.738887309259786,1
4046,Branch_4724,1036,1033,4.738887309259786,1
4047,Branch_4725,1036,1034,4.738887309259786,1
4048,Branch_4726,1036,1035,4.738887309259786,1
4049,Branch_4727,1036,1037,4.739111890431733,1
4050,Branch_4728,1036,1038,4.739111890431733,1
4051,Branch_4729,1012,1014,2000.0,1
4052,Branch_4730,1014,1015,16.423057973394645,1
4053,Branch_4731,1014,1016,16.423057973394645,1
4054,Branch_4732,1118,1117,10.50309841403214,1
4055,Branch_4733,308,1727,297.6190476190476,1
4056,Branch_4734,308,1784,427.35042735042737,1
4057,Branch_4736,551,580,33.3000333000333,1
4058,Branch_4737,551,1838,119.9040767386091,1
4059,Branch_4738,241,1019,54.70459518599562,1
4060,Branch_4739,617,1019,666.6666666666666,1
4061,Branch_4740,1019,1026,900.9009009009009,1
4062,Branch_4741,4082,4237,21.720243266724587,1
4063,Branch_4742,9080,9516,15.119443604475356,1
4064,Branch_4743,8883,9516,59.31198102016607,1
4065,Branch_4745,8801,9312,4.198681613973212,1
4066,Branch_4746,9297,9298,2.392458969328676,1
4067,Branch_4749,9079,9297,21.677866897897246,1
4068,Branch_4750,9079,9297,34.34065934065934,1
4069,Branch_4752,5865,5866,9.054690329590729,1
4070,Branch_4753,7647,7990,2.1902446503274415,1
4071,Branch_4754,7647,7809,210.08403361344537,1
4072,Branch_4756,2905,3724,5.679559266200942,1
4073,Branch_4757,3348,3724,24.66091245376079,1
4074,Branch_4758,2912,3724,35.06311360448808,1
4075,Branch_4760,9674,9675,2000.0,1
4076,Branch_4761,2517,2518,4.883527860526445,1
4077,Branch_4762,4859,4858,13.908205841446453,1
4078,Branch_4763,5865,6425,4.546281142025823,1
4079,Branch_4765,1176,1812,284.9002849002849,1
4080,Branch_4766,3228,3438,16.283992835043154,1
4081,Branch_4767,3276,3438,69.58942240779402,1
4082,Branch_4769,9740,10127,37.0919881305638,1
4083,Branch_4770,895,1176,349.65034965034965,1
4084,Branch_4771,9519,9607,5.223023085762039,1
4085,Branch_4772,9607,10155,6.19463544570402,1
4086,Branch_4773,9256,9352,88.88888888888889,1
4087,Branch_4774,8493,9352,99.10802775024777,1
4088,Branch_4775,8737,9453,67.34006734006734,1
4089,Branch_4776,8493,9453,80.12820512820512,1
4090,Branch_4777,5112,5564,38.80481179666278,1
4091,Branch_4778,9312,9313,10.0,1
4092,Branch_4779,8614,9224,3.0700273232431767,1
4093,Branch_4780,2430,2432,38.58024691358025,1
4094,Branch_4781,2428,2432,56.91519635742743,1
4095,Branch_4782,2431,2432,12.73074474856779,1
4096,Branch_4783,650,1013,1886.7924528301887,1
4097,Branch_4784,1013,1398,298.5074626865672,1
4098,Branch_4785,8823,9265,14.186409419775854,1
4099,Branch_4786,8670,8823,25.387154100025388,1
4100,Branch_4787,600,1142,33.05785123966942,1
4101,Branch_4788,663,1142,330.03300330033005,1
4102,Branch_4789,4633,5826,8.780402142418122,1
4103,Branch_4790,8810,8811,17.55001755001755,1
4104,Branch_4791,8501,8810,9.214891264283082,1
4105,Branch_4792,2132,2131,8.316699933466401,1
4106,Branch_4793,700,1773,85.39709649871904,1
4107,Branch_4794,700,1684,70.92198581560284,1
4108,Branch_4795,1287,1532,73.20644216691069,1
4109,Branch_4796,947,1532,480.7692307692308,1
4110,Branch_4797,1532,1533,5.01002004008016,1
4111,Branch_4798,194,299,78.61635220125787,1
4112,Branch_4799,65,299,126.10340479192938,1
4113,Branch_4800,1277,1717,219.2982456140351,1
4114,Branch_4801,624,1717,122.54901960784314,1
4115,Branch_4802,6825,7051,4.593477262287552,1
4116,Branch_4803,5216,6825,5.588777734309507,1
4117,Branch_4804,469,595,27.59381898454746,1
4118,Branch_4807,7695,7697,2000.0,1
4119,Branch_4808,7696,7695,5.805515239477503,1
4120,Branch_4809,7696,7695,6.053635207942369,1
4121,Branch_4810,7166,7696,9.820288716488264,1
4122,Branch_4811,7311,7697,48.03073967339097,1
4123,Branch_4812,7670,7696,10.759629868732516,1
4124,Branch_4813,3656,7695,2000.0,1
4125,Branch_4814,7695,7934,37.03703703703704,1
4126,Branch_4815,8801,9452,1.8501387604070305,1
4127,Branch_4816,7511,7509,12.275963663147557,1
4128,Branch_4817,7511,7510,12.275963663147557,1
4129,Branch_4818,7511,8320,1851.851851851852,1
4130,Branch_4819,340,1254,255.10204081632654,1
4131,Branch_4820,339,340,2000.0,1
4132,Branch_4821,339,1581,55.005500550055004,1
4133,Branch_4822,8501,9257,5.884776084269993,1
4134,Branch_4823,8719,9257,2.9292012068308972,1
4135,Branch_4824,9247,9248,10.259567046270647,1
4136,Branch_4825,2535,9247,11.28158844765343,1
4137,Branch_4827,9248,9479,44.9034575662326,1
4138,Branch_4828,9247,9430,3.858917959404183,1
4139,Branch_4829,9248,9356,7.932730445819451,1
4140,Branch_4830,8630,9292,3.8476337052712584,1
4141,Branch_4831,2029,2027,14.355440712029859,1
4142,Branch_4832,2029,2028,5.370280865689275,1
4143,Branch_4833,8513,9354,11.640088464672331,1
4144,Branch_4834,231,467,344.82758620689657,1
4145,Branch_4835,231,895,318.47133757961785,1
4146,Branch_4837,8669,9276,14.092446448703495,1
4147,Branch_4838,7748,8083,7.00770847932726,1
4148,Branch_4839,7812,8084,9.512937595129376,1
4149,Branch_4840,7662,8083,24.06159769008662,1
4150,Branch_4841,9989,10176,5.007511266900351,1
4151,Branch_4842,3029,3361,2000.0,1
4152,Branch_4843,3009,3361,2000.0,1
4153,Branch_4844,554,566,100.20040080160321,1
4154,Branch_4845,556,566,218.34061135371178,1
4155,Branch_4846,567,566,11.990407673860911,1
4156,Branch_4847,554,563,98.71668311944718,1
4157,Branch_4848,556,563,198.80715705765408,1
4158,Branch_4849,561,563,12.202562538133009,1
4159,Branch_4850,554,564,54.31830526887561,1
4160,Branch_4851,556,564,-243.90243902439025,1
4161,Branch_4852,560,564,10.554089709762533,1
4162,Branch_4856,556,568,2000.0,1
4163,Branch_4857,556,616,112.4859392575928,1
4164,Branch_4858,441,554,378.7878787878788,1
4165,Branch_4859,557,1270,189.0359168241966,1
4166,Branch_4860,556,726,173.61111111111111,1
4167,Branch_4861,556,725,164.20361247947454,1
4168,Branch_4862,554,1592,78.61635220125787,1
4169,Branch_4863,557,1571,138.88888888888889,1
4170,Branch_4864,558,568,2000.0,1
4171,Branch_4865,556,1340,151.05740181268882,1
4172,Branch_4866,568,1339,85.91065292096219,1
4173,Branch_4867,554,802,79.93605115907275,1
4174,Branch_4868,8986,9045,2000.0,1
4175,Branch_4869,84,1009,47.57373929590866,1
4176,Branch_4870,84,534,99.00990099009901,1
4177,Branch_4872,84,1816,2000.0,1
4178,Branch_4873,10356,10355,7.202535292422933,1
4179,Branch_4874,10356,10357,2000.0,1
4180,Branch_4875,4654,5940,41.71881518564873,1
4181,Branch_4876,88,473,14.662756598240469,1
4182,Branch_4877,9045,9044,9.160025648071814,1
4183,Branch_4878,9045,9046,8.624407072013799,1
4184,Branch_4879,6357,6356,92.85051067780873,1
4185,Branch_4880,4674,6175,37.664783427495294,1
4186,Branch_4881,3931,3933,26.52519893899204,1
4187,Branch_4882,1147,1254,25.581990278843694,1
4188,Branch_4883,4920,4919,17.032873445750297,1
4189,Branch_4884,5940,6152,2000.0,1
4190,Branch_4885,465,845,147.71048744460856,1
4191,Branch_4886,464,465,30.339805825242717,1
4192,Branch_4887,463,464,7.432181345224824,1
4193,Branch_4888,464,1256,11.282861333634209,1
4194,Branch_4889,463,1608,6.846501437765302,1
4195,Branch_4890,463,854,5.553087516659263,1
4196,Branch_4891,463,1730,6.8756875687568755,1
4197,Branch_4892,80,464,24.044241404183698,1
4198,Branch_4893,464,1606,45.06534474988734,1
4199,Branch_4894,4542,4545,29.472443265546715,1
4200,Branch_4895,4541,4542,24.65483234714004,1
4201,Branch_4896,809,894,275.4820936639118,1
4202,Branch_4898,10274,10333,177.61989342806393,1
4203,Branch_4899,10333,10332,15.441630636195182,1
4204,Branch_4900,10274,10275,19.48178453146308,1
4205,Branch_4901,10274,10276,15.441630636195182,1
4206,Branch_4902,10274,10300,260.4166666666667,1
4207,Branch_4903,4498,5517,46.554934823091244,1
4208,Branch_4904,933,1017,224.2152466367713,1
4209,Branch_4906,4398,4396,6.916107614634484,1
4210,Branch_4907,4398,4397,15.124016938898972,1
4211,Branch_4908,4029,4398,108.45986984815619,1
4212,Branch_4909,3044,3160,44.38526409232135,1
4213,Branch_4910,3044,3452,350.87719298245617,1
4214,Branch_4911,3342,3346,69.15629322268326,1
4215,Branch_4912,3340,3346,719.4244604316547,1
4216,Branch_4913,3345,3346,10.684902233144566,1
4217,Branch_4914,3342,3341,68.58710562414267,1
4218,Branch_4915,3343,3341,662.2516556291391,1
4219,Branch_4916,3339,3341,10.481081647626034,1
4220,Branch_4917,3265,3343,23.713540431586434,1
4221,Branch_4918,3342,3412,73.85524372230428,1
4222,Branch_4919,3075,3344,20.124773596297043,1
4223,Branch_4921,3229,3342,39.77724741447892,1
4224,Branch_4922,3107,3344,13.614703880190605,1
4225,Branch_4923,3033,3340,934.5794392523364,1
4226,Branch_4924,3214,3343,2000.0,1
4227,Branch_4925,1017,1143,195.3125,1
4228,Branch_4927,4938,4939,12.603982858583313,1
4229,Branch_4928,4938,4936,12.531328320802006,1
4230,Branch_4929,4938,4937,12.56281407035176,1
4231,Branch_4930,4938,4940,2000.0,1
4232,Branch_4931,933,1012,131.75230566534916,1
4233,Branch_4932,933,950,41.77109440267335,1
4234,Branch_4933,187,933,2000.0,1
4235,Branch_4934,933,1820,1204.8192771084337,1
4236,Branch_4936,419,1745,81.43322475570032,1
4237,Branch_4937,418,1742,83.2639467110741,1
4238,Branch_4938,419,544,152.67175572519085,1
4239,Branch_4939,418,542,153.84615384615384,1
4240,Branch_4941,416,419,2000.0,1
4241,Branch_4942,417,418,2000.0,1
4242,Branch_4943,5940,6510,2000.0,1
4243,Branch_4944,5940,6511,2000.0,1
4244,Branch_4945,1156,1158,2000.0,1
4245,Branch_4946,701,1156,107.29613733905579,1
4246,Branch_4947,703,1156,78.80220646178093,1
4247,Branch_4948,1156,1414,214.13276231263384,1
4248,Branch_4949,1158,1413,217.8649237472767,1
4249,Branch_4950,1157,1158,2000.0,1
4250,Branch_4951,1156,1162,107.87486515641855,1
4251,Branch_4952,1156,1164,79.05138339920948,1
4252,Branch_4953,5426,5433,44.54342984409799,1
4253,Branch_4954,5429,5433,-2000.0,1
4254,Branch_4955,5431,5433,7.999360051195905,1
4255,Branch_4956,5426,5434,46.33920296570899,1
4256,Branch_4957,5430,5434,-454.54545454545456,1
4257,Branch_4958,5432,5434,8.967805577975069,1
4258,Branch_4959,5565,5568,25.44529262086514,1
4259,Branch_4960,5564,5568,-112.35955056179775,1
4260,Branch_4961,5569,5568,5.813953488372093,1
4261,Branch_4962,5565,5567,30.67484662576687,1
4262,Branch_4963,5564,5567,-370.3703703703704,1
4263,Branch_4964,5566,5567,10.893246187363834,1
4264,Branch_4965,5864,6439,57.24098454493417,1
4265,Branch_4966,6440,6439,9.374707040404987,1
4266,Branch_4967,4555,6439,512.8205128205128,1
4267,Branch_4968,4822,6439,7.6464291176020796,1
4268,Branch_4969,5641,6439,50.505050505050505,1
4269,Branch_4970,948,1388,284.09090909090907,1
4270,Branch_4971,707,948,641.025641025641,1
4271,Branch_4972,10129,10130,5.541701302299806,1
4272,Branch_4973,884,886,757.5757575757576,1
4273,Branch_4974,456,884,91.74311926605505,1
4274,Branch_4975,196,918,2000.0,1
4275,Branch_4976,668,918,34.83106931382793,1
4276,Branch_4977,4530,4529,5.589714924538849,1
4277,Branch_4978,917,918,2000.0,1
4278,Branch_4979,3926,3927,23.110700254217704,1
4279,Branch_4980,7136,7139,7.423904974016333,1
4280,Branch_4981,7136,7138,12.858428700012858,1
4281,Branch_4982,7137,7136,42.19409282700422,1
4282,Branch_4983,4764,7137,208.33333333333334,1
4283,Branch_4984,7164,7579,300.3003003003003,1
4284,Branch_4985,7164,7165,237.52969121140143,1
4285,Branch_4986,7163,7164,9.103322712790169,1
4286,Branch_4987,9633,9974,7.599939200486396,1
4287,Branch_4988,9633,9634,2000.0,1
4288,Branch_4989,9633,10134,22.639800769753226,1
4289,Branch_4990,7480,7479,10.670081092616304,1
4290,Branch_4991,78,100,129.5336787564767,1
4291,Branch_4992,100,1511,120.91898428053204,1
4292,Branch_4993,100,590,326.797385620915,1
4293,Branch_4995,100,101,6.315523556902868,1
4294,Branch_4996,101,385,2000.0,1
4295,Branch_4997,100,107,101.01010101010101,1
4296,Branch_4998,103,107,3.951007506914263,1
4297,Branch_4999,103,379,2000.0,1
4298,Branch_5000,104,107,3.951007506914263,1
4299,Branch_5001,104,380,2000.0,1
4300,Branch_5002,100,102,6.315523556902868,1
4301,Branch_5003,102,387,2000.0,1
4302,Branch_5004,100,108,101.01010101010101,1
4303,Branch_5005,105,108,3.951007506914263,1
4304,Branch_5006,105,379,2000.0,1
4305,Branch_5007,106,108,3.951007506914263,1
4306,Branch_5008,106,378,2000.0,1
4307,Branch_5009,100,109,101.01010101010101,1
4308,Branch_5010,111,109,3.951007506914263,1
4309,Branch_5011,111,376,2000.0,1
4310,Branch_5012,112,109,3.951007506914263,1
4311,Branch_5013,112,377,2000.0,1
4312,Branch_5014,100,110,101.01010101010101,1
4313,Branch_5015,113,110,3.951007506914263,1
4314,Branch_5016,113,376,2000.0,1
4315,Branch_5017,114,110,3.951007506914263,1
4316,Branch_5018,114,377,2000.0,1
4317,Branch_5019,9585,9589,46.27487274409995,1
4318,Branch_5020,9584,9589,-460.8294930875576,1
4319,Branch_5021,9583,9589,9.00657479960371,1
4320,Branch_5022,9585,9586,46.33920296570899,1
4321,Branch_5023,9582,9586,-454.54545454545456,1
4322,Branch_5024,9588,9586,8.932559178204556,1
4323,Branch_5025,3227,3640,5.533728072602512,1
4324,Branch_5026,3355,3640,8.037939072421832,1
4325,Branch_5027,3640,3709,1250.0,1
4326,Branch_5028,6286,6287,2.8612303290414878,1
4327,Branch_5030,8478,8977,71.68458781362007,1
4328,Branch_5031,8730,8977,175.7469244288225,1
4329,Branch_5032,8977,8978,2000.0,1
4330,Branch_5033,8977,8979,2000.0,1
4331,Branch_5034,8540,8585,5.601299501484345,1
4332,Branch_5035,8585,8647,11.870845204178538,1
4333,Branch_5036,9549,10195,2000.0,1
4334,Branch_5037,4437,5227,38.55050115651503,1
4335,Branch_5038,9402,9413,4.466279589102278,1
4336,Branch_5039,7878,7984,1449.2753623188405,1
4337,Branch_5040,7983,7984,10.175010175010176,1
4338,Branch_5041,881,1297,487.8048780487805,1
4339,Branch_5042,8846,8898,187.26591760299627,1
4340,Branch_5043,8846,8869,73.96449704142012,1
4341,Branch_5044,8898,8897,15.441630636195182,1
4342,Branch_5045,8846,8845,19.48178453146308,1
4343,Branch_5046,1297,1390,1724.1379310344828,1
4344,Branch_5047,5666,5989,109.89010989010988,1
4345,Branch_5048,5666,6991,2000.0,1
4346,Branch_5049,5666,5665,13.655605626109518,1
4347,Branch_5050,5666,5669,13.73437714599643,1
4348,Branch_5051,5664,5668,14.206563432305725,1
4349,Branch_5053,5666,5667,16.803898504453034,1
4350,Branch_5054,5241,6560,27.716186252771617,1
4351,Branch_5055,5664,6990,526.3157894736842,1
4352,Branch_5056,8688,8763,421.9409282700422,1
4353,Branch_5057,7054,10258,17.117425539198905,1
4354,Branch_5058,10250,10258,24.142926122646063,1
4355,Branch_5059,10259,10258,10.399334442595674,1
4356,Branch_5060,10255,10259,19.42124684404739,1
4357,Branch_5061,5078,6606,73.47538574577517,1
4358,Branch_5062,5078,6878,138.50415512465375,1
4359,Branch_5063,4698,5139,41.58004158004158,1
4360,Branch_5064,4698,6783,72.67441860465117,1
4361,Branch_5066,3457,9192,6.024822267743102,1
4362,Branch_5067,3457,3644,2000.0,1
4363,Branch_5068,3457,3458,2000.0,1
4364,Branch_5069,3456,3457,2000.0,1
4365,Branch_5070,3038,3098,33.61344537815126,1
4366,Branch_5071,3237,3555,2000.0,1
4367,Branch_5072,2676,2677,22.988505747126435,1
4368,Branch_5073,2676,2689,29.585798816568047,1
4369,Branch_5074,2673,2681,25.77319587628866,1
4370,Branch_5075,2673,2679,28.41716396703609,1
4371,Branch_5077,2680,2689,11.750881316098708,1
4372,Branch_5078,2673,2687,133.6898395721925,1
4373,Branch_5079,2683,2687,9.355412105903264,1
4374,Branch_5080,2684,2687,9.267840593141798,1
4375,Branch_5081,2673,2688,130.3780964797914,1
4376,Branch_5082,2685,2688,9.42151874882231,1
4377,Branch_5083,2686,2688,9.270418095856122,1
4378,Branch_5084,2678,2689,10.29230135858378,1
4379,Branch_5085,1715,1716,7.604562737642586,1
4380,Branch_5086,3505,3508,26.068821689259646,1
4381,Branch_5087,3509,3504,6.984215672579969,1
4382,Branch_5088,3506,3507,4.19621501405732,1
4383,Branch_5089,5564,5634,144.50867052023122,1
4384,Branch_5090,2802,2874,6.475006475006475,1
4385,Branch_5091,6731,6888,58.13953488372093,1
4386,Branch_5093,3890,4093,2000.0,1
4387,Branch_5094,3890,4093,2000.0,1
4388,Branch_5095,5096,5944,34.746351633078525,1
4389,Branch_5096,9059,9060,3.955539733396622,1
4390,Branch_5097,9041,9059,354.6099290780142,1
4391,Branch_5098,3906,4367,2000.0,1
4392,Branch_5099,9694,9693,10.002000400080016,1
4393,Branch_5100,9694,10292,325.7328990228013,1
4394,Branch_5101,9175,9176,2000.0,1
4395,Branch_5102,8478,9175,135.31799729364005,1
4396,Branch_5103,8881,9175,170.35775127768312,1
4397,Branch_5104,5277,5278,7.121999857560003,1
4398,Branch_5105,3929,3932,338.9830508474576,1
4399,Branch_5106,976,1322,440.52863436123346,1
4400,Branch_5107,1322,1645,127.38853503184713,1
4401,Branch_5108,6775,6774,2.881014116969173,1
4402,Branch_5109,1796,1797,4.459507670353193,1
4403,Branch_5110,1795,1797,10.464629552113855,1
4404,Branch_5111,1798,1797,0.8509841631847231,1
4405,Branch_5112,170,1796,2000.0,1
4406,Branch_5113,1145,1799,11.595547309833025,1
4407,Branch_5114,1604,1799,27.480076944215444,1
4408,Branch_5115,170,255,34.78260869565217,1
4409,Branch_5116,116,170,163.3986928104575,1
4410,Branch_5117,8536,9458,32.6797385620915,1
4411,Branch_5118,8536,8652,2.829494652255107,1
4412,Branch_5119,4956,6827,31.289111389236545,1
4413,Branch_5120,9009,9458,3.4236023143551644,1
4414,Branch_5125,3885,4218,2000.0,1
4415,Branch_5126,3926,4402,30.599755201958384,1
4416,Branch_5127,4471,4472,10.596587898696619,1
4417,Branch_5129,8658,9226,18.01801801801802,1
4418,Branch_5130,8658,8765,19.98800719568259,1
4419,Branch_5131,8644,8645,3.4904013961605584,1
4420,Branch_5132,8645,8658,549.4505494505495,1
4421,Branch_5133,6283,6484,6.98616738857063,1
4422,Branch_5135,7645,7706,1298.7012987012988,1
4423,Branch_5136,4065,4337,112.4859392575928,1
4424,Branch_5137,4065,4106,18.248175182481752,1
4425,Branch_5138,3946,3947,14.287755393627661,1
4426,Branch_5139,3946,3948,12.671059300557527,1
4427,Branch_5140,616,1745,133.33333333333334,1
4428,Branch_5141,722,1731,128.53470437017995,1
4429,Branch_5142,722,1541,127.06480304955528,1
4430,Branch_5144,7779,7780,10.05126143330988,1
4431,Branch_5145,942,1314,73.09941520467837,1
4432,Branch_5146,37,1314,1724.1379310344828,1
4433,Branch_5147,1313,1314,1515.1515151515152,1
4434,Branch_5148,690,1639,2000.0,1
4435,Branch_5149,686,1639,2000.0,1
4436,Branch_5150,690,685,49.333991119881595,1
4437,Branch_5151,686,685,49.333991119881595,1
4438,Branch_5152,685,688,17.58087201125176,1
4439,Branch_5153,685,687,14.795088030773783,1
4440,Branch_5154,685,689,14.721036360959811,1
4441,Branch_5155,685,691,14.795088030773783,1
4442,Branch_5156,163,157,4.739336492890995,1
4443,Branch_5157,163,158,4.739336492890995,1
4444,Branch_5158,163,159,4.7395611166405995,1
4445,Branch_5159,163,160,4.7395611166405995,1
4446,Branch_5160,163,161,4.739336492890995,1
4447,Branch_5161,163,162,4.739336492890995,1
4448,Branch_5162,163,164,4.739336492890995,1
4449,Branch_5163,163,165,4.739336492890995,1
4450,Branch_5164,8863,8877,1470.5882352941176,1
4451,Branch_5165,8863,8878,1851.851851851852,1
4452,Branch_5166,3361,3365,109.89010989010988,1
4453,Branch_5167,3365,3750,694.4444444444445,1
4454,Branch_5168,3088,3361,2000.0,1
4455,Branch_5169,9731,9732,12.627857052658165,1
4456,Branch_5170,9731,9732,10.76426264800861,1
4457,Branch_5171,682,683,2000.0,1
4458,Branch_5172,682,1665,44.58314757021846,1
4459,Branch_5173,439,682,141.24293785310735,1
4460,Branch_5174,682,984,84.17508417508418,1
4461,Branch_5175,683,1501,35.486160397445,1
4462,Branch_5176,682,886,85.47008547008546,1
4463,Branch_5177,683,684,2000.0,1
4464,Branch_5178,3324,3379,5.450779461462989,1
4465,Branch_5179,3323,3376,4.559547692868867,1
4466,Branch_5180,3325,3375,5.450779461462989,1
4467,Branch_5181,4643,6131,2000.0,1
4468,Branch_5182,4643,4642,6.4712353588300005,1
4469,Branch_5183,2486,2485,4.710759374411155,1
4470,Branch_5185,3186,3222,78.49293563579278,1
4471,Branch_5186,3037,3221,132.27513227513228,1
4472,Branch_5189,3265,3268,11.689070718877849,1
4473,Branch_5190,3264,3266,7.8982702788089405,1
4474,Branch_5191,3264,3266,7.8982702788089405,1
4475,Branch_5192,3265,3267,9.887284951552303,1
4476,Branch_5193,3264,3265,50.0,1
4477,Branch_5194,7531,7807,13.35113484646195,1
4478,Branch_5195,7807,7806,8.257638315441783,1
4479,Branch_5196,7807,7806,8.257638315441783,1
4480,Branch_5197,8968,9074,10.506408909434755,1
4481,Branch_5198,8899,9074,113.89521640091117,1
4482,Branch_5199,3904,3905,2000.0,1
4483,Branch_5200,943,1745,139.66480446927375,1
4484,Branch_5201,943,1393,248.75621890547265,1
4485,Branch_5202,8832,8966,343.64261168384877,1
4486,Branch_5203,8832,8967,343.64261168384877,1
4487,Branch_5204,8832,9265,99.30486593843098,1
4488,Branch_5205,8832,8895,19.68503937007874,1
4489,Branch_5206,8832,8861,343.64261168384877,1
4490,Branch_5207,8832,8862,343.64261168384877,1
4491,Branch_5208,2915,3728,14.338973329509606,1
4492,Branch_5210,3728,3787,7.287567409998543,1
4493,Branch_5211,3453,3728,6.612444620776301,1
4494,Branch_5213,8729,9395,21.4638334406525,1
4495,Branch_5215,5079,5777,2000.0,1
4496,Branch_5216,6566,6582,101.31712259371834,1
4497,Branch_5218,5606,6616,13.469827586206897,1
4498,Branch_5219,4004,4021,22.48201438848921,1
4499,Branch_5220,9961,9959,11.941724385001194,1
4500,Branch_5221,9961,9960,11.903344839900011,1
4501,Branch_5222,9961,10358,1010.10101010101,1
4502,Branch_5223,470,1151,158.9825119236884,1
4503,Branch_5224,404,1592,2000.0,1
4504,Branch_5225,406,1592,2000.0,1
4505,Branch_5226,401,1592,2000.0,1
4506,Branch_5227,404,405,19.23076923076923,1
4507,Branch_5228,401,402,14.388489208633093,1
4508,Branch_5229,406,403,14.41545336600836,1
4509,Branch_5230,232,1172,62.266500622665006,1
4510,Branch_5231,1172,1269,51.282051282051285,1
4511,Branch_5232,8819,8829,458.7155963302752,1
4512,Branch_5234,4590,4595,17.283097131005878,1
4513,Branch_5236,629,1421,195.3125,1
4514,Branch_5237,629,977,170.35775127768312,1
4515,Branch_5238,3927,4384,2000.0,1
4516,Branch_5239,629,974,117.50881316098707,1
4517,Branch_5240,629,1372,166.11295681063123,1
4518,Branch_5241,496,1375,153.84615384615384,1
4519,Branch_5245,150,149,3.4748766418792134,1
4520,Branch_5248,345,1813,230.94688221709006,1
4521,Branch_5249,345,549,1538.4615384615386,1
4522,Branch_5251,345,1093,106.04453870625663,1
4523,Branch_5252,345,344,8.066467693796886,1
4524,Branch_5253,345,342,7.769404086706549,1
4525,Branch_5254,345,341,7.980209081477935,1
4526,Branch_5255,345,343,8.166598611678236,1
4527,Branch_5256,394,1684,202.42914979757086,1
4528,Branch_5257,325,394,218.8183807439825,1
4529,Branch_5258,942,1731,193.42359767891682,1
4530,Branch_5259,9217,9212,15.358623867301489,1
4531,Branch_5260,9216,9209,15.344483658124904,1
4532,Branch_5261,9215,9213,33.523298692591354,1
4533,Branch_5262,9214,9211,33.50083752093802,1
4534,Branch_5263,9210,9214,2000.0,1
4535,Branch_5264,9210,9215,2000.0,1
4536,Branch_5265,9210,9217,1428.5714285714287,1
4537,Branch_5266,9210,9216,1250.0,1
4538,Branch_5267,8962,9210,42.680324370465215,1
4539,Branch_5268,9210,9371,26.888948642108094,1
4540,Branch_5269,8598,9210,39.04724716907458,1
4541,Branch_5270,8943,9210,40.08016032064128,1
4542,Branch_5271,2658,2827,78.80220646178093,1
4543,Branch_5272,2827,2834,57.50431282346176,1
4544,Branch_5274,2355,2356,361.01083032490976,1
4545,Branch_5275,2419,2436,155.03875968992247,1
4546,Branch_5276,2419,2543,29.753049687592977,1
4547,Branch_5277,2515,2672,61.804697156983934,1
4548,Branch_5278,2515,2752,95.41984732824427,1
4549,Branch_5279,2179,2515,22.512381809995496,1
4550,Branch_5280,2515,2699,36.88675765400221,1
4551,Branch_5281,2345,2515,63.05170239596469,1
4552,Branch_5282,1907,2515,108.34236186348862,1
4553,Branch_5283,2515,2550,32.98153034300792,1
4554,Branch_5284,1989,2178,37.257824143070046,1
4555,Branch_5285,1989,2660,32.927230819888045,1
4556,Branch_5286,9208,9227,163.66612111292963,1
4557,Branch_5287,8924,8949,1219.5121951219512,1
4558,Branch_5289,8924,9111,2000.0,1
4559,Branch_5291,8949,8950,9.112447603426281,1
4560,Branch_5292,8949,8951,9.112447603426281,1
4561,Branch_5293,1298,1301,195.69471624266146,1
4562,Branch_5294,1301,1404,94.9667616334283,1
4563,Branch_5295,148,1300,42.158516020236085,1
4564,Branch_5296,2117,2116,14.003640946646128,1
4565,Branch_5297,2117,2864,2000.0,1
4566,Branch_5298,1299,1300,320.5128205128205,1
4567,Branch_5299,7701,7859,5.5589526933125795,1
4568,Branch_5300,7859,7860,81.36696501220504,1
4569,Branch_5301,7859,8404,15.246226558926665,1
4570,Branch_5302,704,1300,632.9113924050633,1
4571,Branch_5303,1323,1449,2000.0,1
4572,Branch_5304,2463,2464,32.341526520051744,1
4573,Branch_5305,2458,2464,-378.7878787878788,1
4574,Branch_5306,2465,2464,6.811061163329247,1
4575,Branch_5307,2463,2458,36.77822728944465,1
4576,Branch_5308,2463,2460,-2000.0,1
4577,Branch_5309,2457,2460,46.04051565377532,1
4578,Branch_5310,2459,2460,4.929751047572098,1
4579,Branch_5311,2463,2462,-2000.0,1
4580,Branch_5312,2457,2462,46.125461254612546,1
4581,Branch_5313,2461,2462,4.870208931963181,1
4582,Branch_5314,9218,9268,33.47840642785403,1
4583,Branch_5315,2179,2176,43.17789291882556,1
4584,Branch_5319,2177,2174,74.6268656716418,1
4585,Branch_5320,2177,2181,56.78591709256104,1
4586,Branch_5321,9614,10069,2000.0,1
4587,Branch_5322,3141,10069,6.749460043196544,1
4588,Branch_5323,10069,10163,86.20689655172414,1
4589,Branch_5324,1894,1902,19.4325689856199,1
4590,Branch_5325,62,63,4.784688995215311,1
4591,Branch_5326,62,64,4.784688995215311,1
4592,Branch_5328,3387,3727,17.699115044247787,1
4593,Branch_5329,8968,9265,1098.901098901099,1
4594,Branch_5331,1997,2817,2000.0,1
4595,Branch_5332,2425,2817,9.05961224859576,1
4596,Branch_5334,852,851,7.693491306354824,1
4597,Branch_5335,8615,9423,5.750100626760968,1
4598,Branch_5336,2425,6845,8.161266628580755,1
4599,Branch_5337,650,651,112.2334455667789,1
4600,Branch_5338,650,852,1030.9278350515465,1
4601,Branch_5339,651,652,862.0689655172414,1
4602,Branch_5340,652,852,1030.9278350515465,1
4603,Branch_5341,8586,9218,9.276437847866418,1
4604,Branch_5342,8554,9218,12.244398187829068,1
4605,Branch_5344,8615,9308,40.14452027298274,1
4606,Branch_5345,8551,9193,8.676036786395974,1
4607,Branch_5346,8774,9193,47.37091425864519,1
4608,Branch_5347,852,853,6.325510784995888,1
4609,Branch_5348,2935,3419,934.5794392523364,1
4610,Branch_5349,2900,3151,3.5655708478927477,1
4611,Branch_5350,3152,3605,7.027900766041183,1
4612,Branch_5351,6166,7088,185.5287569573284,1
4613,Branch_5352,4625,6166,552.4861878453039,1
4614,Branch_5353,4686,6166,2000.0,1
4615,Branch_5354,4687,6166,2000.0,1
4616,Branch_5355,3067,3542,34.48275862068966,1
4617,Branch_5356,931,1612,393.7007874015748,1
4618,Branch_5357,485,931,401.60642570281124,1
4619,Branch_5358,8836,8839,2000.0,1
4620,Branch_5359,8839,8840,11.234692731153803,1
4621,Branch_5361,3916,4105,2000.0,1
4622,Branch_5362,3916,3917,21.27659574468085,1
4623,Branch_5363,3919,3920,49.14004914004914,1
4624,Branch_5365,3792,3789,12.003360941063498,1
4625,Branch_5366,3792,3790,11.14951499609767,1
4626,Branch_5367,3792,3791,11.161960040183056,1
4627,Branch_5368,3197,3517,200.80321285140562,1
4628,Branch_5369,3107,3197,135.8695652173913,1
4629,Branch_5370,3594,3792,65.14657980456026,1
4630,Branch_5371,3581,3678,31.959092361776925,1
4631,Branch_5372,3290,3678,15.441630636195182,1
4632,Branch_5373,3018,3020,43.55400696864111,1
4633,Branch_5374,3018,3021,40.58441558441559,1
4634,Branch_5375,3016,3017,21.128248468201985,1
4635,Branch_5376,3024,3025,38.46153846153846,1
4636,Branch_5377,3020,3023,15.4273372415921,1
4637,Branch_5378,3018,3022,10.25220422390814,1
4638,Branch_5379,3021,3019,15.176809834572772,1
4639,Branch_5380,9593,10097,6.2000124000248,1
4640,Branch_5381,347,1730,4.224221687154142,1
4641,Branch_5382,347,1145,5.556481635828193,1
4642,Branch_5383,3385,3386,2.9269720474169474,1
4643,Branch_5384,2912,2972,29.061319383900027,1
4644,Branch_5385,2972,3128,16.363933889707084,1
4645,Branch_5386,2916,2972,26.70940170940171,1
4646,Branch_5389,8569,8810,20.292207792207794,1
4647,Branch_5390,3658,3660,65.359477124183,1
4648,Branch_5391,2915,3421,591.7159763313609,1
4649,Branch_5392,2915,3055,147.71048744460856,1
4650,Branch_5393,3853,4337,26.72367717797969,1
4651,Branch_5394,9170,9169,11.241007194244604,1
4652,Branch_5395,9170,9392,2000.0,1
4653,Branch_5396,8578,9417,5.351027397260274,1
4654,Branch_5397,3971,3970,10.278548668927947,1
4655,Branch_5398,3707,7801,7.928327915642591,1
4656,Branch_5399,3317,3707,10.990218705352236,1
4657,Branch_5400,3355,3708,272.47956403269757,1
4658,Branch_5401,3708,3707,9.601536245799329,1
4659,Branch_5402,3707,3719,207.9002079002079,1
4660,Branch_5403,3853,4048,43.308791684712,1
4661,Branch_5404,588,1209,6.8728522336769755,1
4662,Branch_5405,3257,3766,28.161081385525204,1
4663,Branch_5406,3181,3766,446.42857142857144,1
4664,Branch_5407,3352,3766,4.015580452154359,1
4665,Branch_5409,7267,7268,14.06271972999578,1
4666,Branch_5410,3688,3687,10.165700925078784,1
4667,Branch_5411,3262,3688,3.693716987404425,1
4668,Branch_5412,3621,3687,22.716946842344388,1
4669,Branch_5414,7854,7862,1010.10101010101,1
4670,Branch_5417,2376,2730,37.0919881305638,1
4671,Branch_5418,8795,8812,46.08294930875576,1
4672,Branch_5425,8643,8693,35.701535166012135,1
4673,Branch_5426,8643,8752,79.6812749003984,1
4674,Branch_5427,194,457,123.91573729863693,1
4675,Branch_5428,883,1040,43.956043956043956,1
4676,Branch_5429,230,1040,7.8064012490242,1
4677,Branch_5430,582,602,53.56186395286556,1
4678,Branch_5431,602,1324,186.56716417910448,1
4679,Branch_5432,937,934,27.75464890369137,1
4680,Branch_5433,937,935,31.695721077654518,1
4681,Branch_5434,937,936,39.77724741447892,1
4682,Branch_5435,1195,1202,3.257328990228013,1
4683,Branch_5436,1195,1203,3.257328990228013,1
4684,Branch_5437,1195,1200,11.109876680368847,1
4685,Branch_5438,1195,1201,11.109876680368847,1
4686,Branch_5439,1195,1196,11.109876680368847,1
4687,Branch_5440,1195,1197,11.109876680368847,1
4688,Branch_5441,1195,1199,12.49843769528809,1
4689,Branch_5442,1195,1198,12.49843769528809,1
4690,Branch_5443,1195,1404,2000.0,1
4691,Branch_5444,2901,2903,46.57661853749418,1
4692,Branch_5445,2904,2903,-478.4688995215311,1
4693,Branch_5446,2902,2903,8.853474988933156,1
4694,Branch_5447,498,1662,781.25,1
4695,Branch_5448,498,501,16.854879487611665,1
4696,Branch_5449,498,499,16.89189189189189,1
4697,Branch_5450,498,500,16.854879487611665,1
4698,Branch_5451,1661,1665,19.043991620643688,1
4699,Branch_5452,303,1665,157.48031496062993,1
4700,Branch_5453,302,1665,147.92899408284023,1
4701,Branch_5454,1639,1662,662.2516556291391,1
4702,Branch_5455,1208,1662,117.23329425556858,1
4703,Branch_5456,706,1665,42.69854824935952,1
4704,Branch_5457,1481,1663,45.8295142071494,1
4705,Branch_5458,1664,1665,2000.0,1
4706,Branch_5459,1663,1667,2000.0,1
4707,Branch_5460,897,1662,217.3913043478261,1
4708,Branch_5461,1500,1665,50.787201625190455,1
4709,Branch_5462,466,1663,38.03727653100038,1
4710,Branch_5463,309,1663,81.03727714748784,1
4711,Branch_5464,908,1663,31.545741324921135,1
4712,Branch_5465,1661,1669,-186.21973929236498,1
4713,Branch_5466,1675,1669,16.16553507921112,1
4714,Branch_5467,1661,1670,-735.2941176470588,1
4715,Branch_5468,1673,1670,7.389890629618682,1
4716,Branch_5469,1663,1666,134.40860215053763,1
4717,Branch_5470,1662,1666,86.13264427217915,1
4718,Branch_5471,1674,1666,9.475080538184574,1
4719,Branch_5472,1662,1669,31.142946122703208,1
4720,Branch_5473,1662,1670,36.61662394727206,1
4721,Branch_5474,1665,1671,-401.60642570281124,1
4722,Branch_5475,1662,1671,55.005500550055004,1
4723,Branch_5477,1672,1671,9.838646202282566,1
4724,Branch_5478,1664,1660,84.67400508044031,1
4725,Branch_5479,1667,1668,79.11392405063292,1
4726,Branch_5480,1552,1554,2000.0,1
4727,Branch_5481,1551,1553,2000.0,1
4728,Branch_5482,1554,1738,96.61835748792271,1
4729,Branch_5483,1551,1740,95.87727708533077,1
4730,Branch_5484,9306,9304,14.768867227883621,1
4731,Branch_5485,9306,9307,19.31620629708325,1
4732,Branch_5486,9303,9305,19.31620629708325,1
4733,Branch_5487,8457,8456,9.017132551848512,1
4734,Branch_5488,1012,1023,290.69767441860466,1
4735,Branch_5489,4143,4351,2000.0,1
4736,Branch_5490,291,292,179.85611510791367,1
4737,Branch_5491,291,350,30.931023816888338,1
4738,Branch_5492,291,1575,140.8450704225352,1
4739,Branch_5493,289,292,2000.0,1
4740,Branch_5496,6952,6954,46.23208506703652,1
4741,Branch_5497,6953,6954,-462.962962962963,1
4742,Branch_5498,6955,6954,8.935751943526048,1
4743,Branch_5499,5533,6860,23.82654276864427,1
4744,Branch_5500,5533,5580,27.277686852154936,1
4745,Branch_5501,303,989,57.142857142857146,1
4746,Branch_5502,300,303,2000.0,1
4747,Branch_5503,301,302,2000.0,1
4748,Branch_5504,302,669,74.29420505200595,1
4749,Branch_5506,8731,8997,75.642965204236,1
4750,Branch_5507,8997,8998,2000.0,1
4751,Branch_5508,8997,8999,2000.0,1
4752,Branch_5509,3041,3219,68.02721088435374,1
4753,Branch_5510,3106,3219,18.542555164101614,1
4754,Branch_5511,4531,5898,92.5925925925926,1
4755,Branch_5514,8120,8320,263.1578947368421,1
4756,Branch_5515,8120,8320,263.1578947368421,1
4757,Branch_5516,3921,3922,136.23978201634878,1
4758,Branch_5517,3299,3301,9.601536245799329,1
4759,Branch_5518,3283,3299,5.318017443097213,1
4760,Branch_5519,3301,3310,8.285690612312536,1
4761,Branch_5520,3144,3300,192.30769230769232,1
4762,Branch_5521,3209,3299,13.88888888888889,1
4763,Branch_5522,3921,4378,16.672224074691563,1
4764,Branch_5523,8770,8769,13.415615776764154,1
4765,Branch_5524,8765,8770,32.467532467532465,1
4766,Branch_5525,5898,6670,35.22367030644593,1
4767,Branch_5526,9449,9446,5.555246930726071,1
4768,Branch_5527,81,1366,312.5,1
4769,Branch_5528,8547,9445,43.61098996947231,1
4770,Branch_5529,9447,9462,24.49179524859172,1
4771,Branch_5530,9447,9448,2000.0,1
4772,Branch_5531,9445,9448,2000.0,1
4773,Branch_5532,1365,1366,2000.0,1
4774,Branch_5533,1365,1389,24.467824810374356,1
4775,Branch_5534,8868,8872,24.515812699190977,1
4776,Branch_5535,8626,8869,75.9301442672741,1
4777,Branch_5536,8626,8869,75.8150113722517,1
4778,Branch_5538,8868,8869,2000.0,1
4779,Branch_5539,8870,9105,127.06480304955528,1
4780,Branch_5541,4852,5961,46.33920296570899,1
4781,Branch_5542,4852,6602,2000.0,1
4782,Branch_5543,2938,4852,57.903879559930516,1
4783,Branch_5544,9447,9449,303.030303030303,1
4784,Branch_5545,1373,1628,62.18905472636816,1
4785,Branch_5546,1373,1627,62.11180124223603,1
4786,Branch_5547,1373,1407,93.45794392523365,1
4787,Branch_5548,517,518,67.70480704129993,1
4788,Branch_5549,517,518,67.70480704129993,1
4789,Branch_5550,3700,3701,10.877841836179702,1
4790,Branch_5551,3702,3701,6.356874960269532,1
4791,Branch_5552,3699,3701,-117.6470588235294,1
4792,Branch_5553,3697,3700,148.3679525222552,1
4793,Branch_5554,6029,6808,321.54340836012864,1
4794,Branch_5555,1734,1777,390.625,1
4795,Branch_5556,1736,1777,442.4778761061947,1
4796,Branch_5557,305,861,155.27950310559007,1
4797,Branch_5558,3193,3192,7.979572294924992,1
4798,Branch_5559,305,1535,1960.7843137254902,1
4799,Branch_5560,333,334,120.1923076923077,1
4800,Branch_5562,334,645,70.52186177715092,1
4801,Branch_5563,334,448,2000.0,1
4802,Branch_5564,333,1548,100.70493454179255,1
4803,Branch_5565,330,333,227.27272727272728,1
4804,Branch_5568,9981,10241,490.19607843137254,1
4805,Branch_5569,9555,10241,60.64281382656155,1
4806,Branch_5570,9597,10242,114.5475372279496,1
4807,Branch_5571,328,1064,37.11952487008166,1
4808,Branch_5572,921,1064,41.84100418410042,1
4809,Branch_5573,9011,9010,18.005041411595247,1
4810,Branch_5574,9005,9011,23.512814483893724,1
4811,Branch_5575,8256,8257,2.6250853152727465,1
4812,Branch_5576,8255,8257,2.6250853152727465,1
4813,Branch_5577,5106,5454,2000.0,1
4814,Branch_5578,68,66,4.784688995215311,1
4815,Branch_5579,68,67,4.784688995215311,1
4816,Branch_5580,3569,3570,9.06947215672048,1
4817,Branch_5581,9391,9418,95.05703422053232,1
4818,Branch_5582,8523,9418,168.35016835016836,1
4819,Branch_5583,9281,9418,207.4688796680498,1
4820,Branch_5584,8893,8942,9.231053263177328,1
4821,Branch_5585,8604,8942,9.46521533364884,1
4822,Branch_5586,9327,9363,2.0071857248951246,1
4823,Branch_5587,8555,9327,6.6862797539449055,1
4824,Branch_5588,9041,9080,15.8052789631737,1
4825,Branch_5589,9041,9283,26.867275658248253,1
4826,Branch_5590,8771,9203,3.5123458958238207,1
4827,Branch_5591,8696,9400,14.602803738317757,1
4828,Branch_5593,8630,9203,4.750593824228028,1
4829,Branch_5594,8570,8694,3.6845983787767134,1
4830,Branch_5595,897,1639,317.46031746031747,1
4831,Branch_5596,368,1433,2000.0,1
4832,Branch_5597,365,390,2000.0,1
4833,Branch_5598,366,390,2000.0,1
4834,Branch_5599,8833,8909,211.864406779661,1
4835,Branch_5600,8833,8909,211.864406779661,1
4836,Branch_5601,7575,7762,14.259232853272493,1
4837,Branch_5602,7552,7762,11.705489874751258,1
4838,Branch_5603,7633,7762,21.308331557639036,1
4839,Branch_5606,9997,10050,500.0,1
4840,Branch_5607,365,363,16.764459346186086,1
4841,Branch_5608,368,367,14.398848092152628,1
4842,Branch_5609,368,369,16.669444907484582,1
4843,Branch_5610,366,364,17.540782318891424,1
4844,Branch_5611,10058,10179,5.1652892561983474,1
4845,Branch_5612,10135,10179,5.808887598024978,1
4846,Branch_5613,9981,9985,7.389890629618682,1
4847,Branch_5614,4892,4890,12.16397031991242,1
4848,Branch_5615,4892,4891,12.16397031991242,1
4849,Branch_5616,4892,4893,12.253400318588408,1
4850,Branch_5617,7645,7704,6.92952671332548,1
4851,Branch_5618,7518,7704,9.119095385737735,1
4852,Branch_5619,4706,6077,2000.0,1
4853,Branch_5620,4706,4707,8.11886011204027,1
4854,Branch_5621,4767,5860,67.02412868632707,1
4855,Branch_5622,6560,6726,47.641734159123395,1
4856,Branch_5623,9990,10058,82.71298593879239,1
4857,Branch_5624,10015,10058,14.9902563333833,1
4858,Branch_5625,9891,10347,2000.0,1
4859,Branch_5626,1388,1437,119.33174224343675,1
4860,Branch_5627,9555,9597,78.67820613690007,1
4861,Branch_5628,9556,10026,7.820442637053257,1
4862,Branch_5629,9556,9558,8.114248620577735,1
4863,Branch_5630,9555,9558,-53.908355795148246,1
4864,Branch_5631,9557,9558,0.6642355645005945,1
4865,Branch_5632,1940,8570,7.0298769771529,1
4866,Branch_5633,1940,1939,17.117425539198905,1
4867,Branch_5634,548,1939,7.036802476954472,1
4868,Branch_5635,266,1210,21.891418563922944,1
4869,Branch_5636,266,1581,95.32888465204957,1
4870,Branch_5637,3569,3577,152.67175572519085,1
4871,Branch_5638,3251,3577,2000.0,1
4872,Branch_5639,68,577,33.818058843422385,1
4873,Branch_5640,5573,6726,2000.0,1
4874,Branch_5641,68,1018,1282.051282051282,1
4875,Branch_5642,8965,8989,2000.0,1
4876,Branch_5643,3426,3658,65.359477124183,1
4877,Branch_5644,3272,3658,9.904912836767037,1
4878,Branch_5645,4522,6966,21.14611968703743,1
4879,Branch_5646,8593,9303,1000.0,1
4880,Branch_5647,8593,9306,1000.0,1
4881,Branch_5648,9202,9274,52.21932114882507,1
4882,Branch_5649,9202,9326,69.39625260235947,1
4883,Branch_5650,981,982,4.784688995215311,1
4884,Branch_5651,981,983,4.784688995215311,1
4885,Branch_5652,981,990,2000.0,1
4886,Branch_5653,990,1302,2000.0,1
4887,Branch_5654,481,1480,90.57971014492753,1
4888,Branch_5655,1000,1480,116.55011655011656,1
4889,Branch_5659,2316,2514,220.26431718061673,1
4890,Branch_5660,2438,2555,1960.7843137254902,1
4891,Branch_5661,2438,2555,1754.3859649122808,1
4892,Branch_5662,2222,2438,52.35602094240838,1
4893,Branch_5663,2705,2785,175.13134851138355,1
4894,Branch_5664,2454,2631,199.6007984031936,1
4895,Branch_5665,2342,2821,152.20700152207002,1
4896,Branch_5666,2222,2420,38.255547054322875,1
4897,Branch_5667,2043,2545,389.10505836575874,1
4898,Branch_5668,1917,2773,127.8772378516624,1
4899,Branch_5669,2545,2848,88.41732979664015,1
4900,Branch_5670,2671,2756,113.63636363636364,1
4901,Branch_5671,2606,2804,91.99632014719411,1
4902,Branch_5672,2502,2614,628.930817610063,1
4903,Branch_5673,2043,2406,446.42857142857144,1
4904,Branch_5674,1934,2555,66.13756613756614,1
4905,Branch_5675,1943,2222,64.59948320413437,1
4906,Branch_5676,2378,2454,84.60236886632826,1
4907,Branch_5677,1993,2316,57.24098454493417,1
4908,Branch_5678,2032,2279,105.70824524312897,1
4909,Branch_5679,1996,2316,128.2051282051282,1
4910,Branch_5680,2130,2316,77.22007722007721,1
4911,Branch_5683,2403,2632,122.39902080783354,1
4912,Branch_5685,2210,2758,194.9317738791423,1
4913,Branch_5686,1143,2758,28.58776443682104,1
4914,Branch_5687,845,1143,99.10802775024777,1
4915,Branch_5688,1942,2403,101.7293997965412,1
4916,Branch_5689,2403,2710,53.36179295624333,1
4917,Branch_5690,2001,2710,106.60980810234541,1
4918,Branch_5691,1942,2632,568.1818181818181,1
4919,Branch_5692,2001,2403,102.24948875255623,1
4920,Branch_5693,2025,2758,78.43137254901961,1
4921,Branch_5694,2025,2029,2000.0,1
4922,Branch_5695,2259,2571,38.24091778202677,1
4923,Branch_5696,1880,2421,17.765144785930005,1
4924,Branch_5697,1880,2571,50.89058524173028,1
4925,Branch_5698,2426,2719,48.07692307692308,1
4926,Branch_5699,2607,2654,36.3901018922853,1
4927,Branch_5700,2654,2719,30.91190108191654,1
4928,Branch_5701,2426,2571,59.665871121718375,1
4929,Branch_5702,2253,2544,28.71912693854107,1
4930,Branch_5703,2253,2395,33.266799733865604,1
4931,Branch_5704,2395,2654,18.744142455482663,1
4932,Branch_5705,2544,2654,294.11764705882354,1
4933,Branch_5706,2222,2454,81.03727714748784,1
4934,Branch_5707,2420,2631,97.5609756097561,1
4935,Branch_5708,2454,2631,206.61157024793388,1
4936,Branch_5709,2420,2601,178.89087656529517,1
4937,Branch_5710,2601,2622,171.52658662092625,1
4938,Branch_5711,2420,2631,97.27626459143968,1
4939,Branch_5712,2222,2597,88.41732979664015,1
4940,Branch_5713,2597,2606,157.23270440251574,1
4941,Branch_5714,2606,2818,147.05882352941177,1
4942,Branch_5715,2516,2780,243.30900243309003,1
4943,Branch_5716,1860,2257,169.20473773265653,1
4944,Branch_5717,2511,2763,163.1321370309951,1
4945,Branch_5718,2257,2763,63.73486297004462,1
4946,Branch_5719,2222,2818,106.49627263045794,1
4947,Branch_5720,2499,2820,76.21951219512195,1
4948,Branch_5721,2279,2820,132.4503311258278,1
4949,Branch_5722,1943,2633,96.52509652509653,1
4950,Branch_5723,1921,2633,225.22522522522522,1
4951,Branch_5724,2309,2671,127.8772378516624,1
4952,Branch_5725,2222,2555,52.32862375719519,1
4953,Branch_5726,2234,2875,60.16847172081829,1
4954,Branch_5727,2491,2875,149.92503748125938,1
4955,Branch_5728,2491,2875,150.15015015015015,1
4956,Branch_5729,2288,2614,71.99424046076314,1
4957,Branch_5730,2288,2491,92.33610341643583,1
4958,Branch_5731,2272,2308,90.82652134423252,1
4959,Branch_5732,2288,2393,89.92805755395683,1
4960,Branch_5733,2393,2731,63.69426751592356,1
4961,Branch_5734,2420,2620,121.50668286755771,1
4962,Branch_5735,2308,2516,130.54830287206266,1
4963,Branch_5736,2220,2620,162.33766233766235,1
4964,Branch_5737,2220,2773,149.7005988023952,1
4965,Branch_5738,1917,2606,158.73015873015873,1
4966,Branch_5739,2516,2601,303.951367781155,1
4967,Branch_5740,2280,2516,63.73486297004462,1
4968,Branch_5741,2280,2601,68.7757909215956,1
4969,Branch_5742,1860,2780,218.34061135371178,1
4970,Branch_5743,1855,2234,33.00330033003301,1
4971,Branch_5744,2234,2756,128.8659793814433,1
4972,Branch_5745,2785,2848,423.728813559322,1
4973,Branch_5746,2606,2785,82.50825082508251,1
4974,Branch_5747,2234,2555,66.18133686300463,1
4975,Branch_5748,2671,2875,82.57638315441784,1
4976,Branch_5749,2280,2821,106.49627263045794,1
4977,Branch_5750,1996,2342,61.72839506172839,1
4978,Branch_5751,1934,2264,70.62146892655367,1
4979,Branch_5752,2264,2875,27.677830058123444,1
4980,Branch_5753,2404,2731,96.61835748792271,1
4981,Branch_5754,2499,2502,427.35042735042737,1
4982,Branch_5755,2309,2406,159.4896331738437,1
4983,Branch_5756,2420,2514,131.4060446780552,1
4984,Branch_5757,2378,2633,39.65107057890563,1
4985,Branch_5759,1943,2130,29.368575624082233,1
4986,Branch_5762,2406,2724,94.42870632672333,1
4987,Branch_5763,2257,2622,67.24949562878278,1
4988,Branch_5764,2257,2724,193.42359767891682,1
4989,Branch_5765,2406,2779,95.32888465204957,1
4990,Branch_5766,2705,2804,233.1002331002331,1
4991,Branch_5767,2404,2516,52.493438320209975,1
4992,Branch_5768,2511,2779,840.3361344537815,1
4993,Branch_5770,2279,2875,116.95906432748538,1
4994,Branch_5771,1855,2032,27.716186252771617,1
4995,Branch_5772,2555,2804,97.5609756097561,1
4996,Branch_5773,1678,1680,214.13276231263384,1
4997,Branch_5774,1676,1681,214.13276231263384,1
4998,Branch_5775,1446,1678,186.56716417910448,1
4999,Branch_5776,1447,1676,135.68521031207598,1
5000,Branch_5777,265,1680,404.8582995951417,1
5001,Branch_5778,264,1681,374.53183520599254,1
5002,Branch_5779,1264,1678,111.60714285714286,1
5003,Branch_5780,1266,1676,83.33333333333333,1
5004,Branch_5781,1677,1680,404.8582995951417,1
5005,Branch_5782,1679,1681,404.8582995951417,1
5006,Branch_5783,9391,9392,2000.0,1
5007,Branch_5784,9265,9391,43.10344827586207,1
5008,Branch_5785,10052,10187,4.994007191370356,1
5009,Branch_5786,9996,10052,6.303183107469272,1
5010,Branch_5787,9613,10052,9.42684766214178,1
5011,Branch_5788,3667,3671,16.611295681063122,1
5012,Branch_5789,3668,3671,-172.1170395869191,1
5013,Branch_5790,3670,3671,8.981498113885396,1
5014,Branch_5791,3667,3673,16.611295681063122,1
5015,Branch_5792,3669,3673,-172.1170395869191,1
5016,Branch_5793,3672,3673,8.981498113885396,1
5017,Branch_5794,2993,3669,245.09803921568627,1
5018,Branch_5795,2960,3667,45.433893684688776,1
5019,Branch_5796,3593,3667,106.04453870625663,1
5020,Branch_5797,3593,3667,106.04453870625663,1
5021,Branch_5798,3667,6067,26.79528403001072,1
5022,Branch_5802,3608,10280,52.46589716684155,1
5023,Branch_5803,3611,10280,52.35602094240838,1
5024,Branch_5804,9872,10279,149.2537313432836,1
5025,Branch_5805,9947,10279,126.10340479192938,1
5026,Branch_5806,10279,10280,2000.0,1
5027,Branch_5807,6067,10280,61.919504643962846,1
5028,Branch_5808,6067,10280,61.919504643962846,1
5029,Branch_5809,2865,2869,26.041666666666668,1
5030,Branch_5810,2864,2869,-301.2048192771084,1
5031,Branch_5811,2870,2869,6.614194060453734,1
5032,Branch_5812,2865,2867,316.45569620253167,1
5033,Branch_5813,2864,2867,36.46973012399708,1
5034,Branch_5814,2868,2867,4.188306248952923,1
5035,Branch_5816,2321,2865,374.53183520599254,1
5036,Branch_5817,10279,10280,2000.0,1
5037,Branch_5818,22,1175,17.88908765652952,1
5038,Branch_5820,3253,3348,21.81500872600349,1
5039,Branch_5821,3253,3698,2.1577766269635767,1
5040,Branch_5822,5104,5737,60.56935190793458,1
5041,Branch_5823,5737,6514,5.675368898978434,1
5042,Branch_5824,5052,5459,9.619084263178145,1
5043,Branch_5825,5460,5458,7.336757153338224,1
5044,Branch_5826,5459,5458,7.704160246533128,1
5045,Branch_5827,5737,6424,49.26108374384236,1
5046,Branch_5828,4455,6988,2000.0,1
5047,Branch_5829,22,827,3.9345294302801386,1
5048,Branch_5830,22,854,40.74979625101874,1
5049,Branch_5831,1745,1837,2000.0,1
5050,Branch_5832,8631,8976,88.02816901408451,1
5051,Branch_5833,1837,1835,7.831466833737959,1
5052,Branch_5834,1837,1836,7.831466833737959,1
5053,Branch_5835,6220,6223,43.2152117545376,1
5054,Branch_5836,1778,1793,19.047619047619047,1
5055,Branch_5837,1778,1781,19.047619047619047,1
5056,Branch_5839,4863,4864,2000.0,1
5057,Branch_5840,4864,4865,2000.0,1
5058,Branch_5841,6062,6600,746.2686567164179,1
5059,Branch_5842,6635,7077,13.365410318096766,1
5060,Branch_5843,5963,6062,6.188501763723003,1
5061,Branch_5844,3036,6635,22.007042253521128,1
5062,Branch_5845,6062,6635,13.5080372821829,1
5063,Branch_5846,469,471,-166.11295681063123,1
5064,Branch_5847,470,471,23.250406882120437,1
5065,Branch_5848,472,471,5.9315499139925265,1
5066,Branch_5850,262,469,14.19244961680386,1
5067,Branch_5851,470,615,613.4969325153374,1
5068,Branch_5852,470,1508,98.13542688910697,1
5069,Branch_5853,469,1776,30.175015087507543,1
5070,Branch_5854,6191,6194,46.08294930875576,1
5071,Branch_5855,6192,6194,-432.9004329004329,1
5072,Branch_5856,6193,6194,8.977466558937069,1
5073,Branch_5858,9075,9116,2000.0,1
5074,Branch_5859,9075,9116,2000.0,1
5075,Branch_5860,5038,5041,74.12898443291327,1
5076,Branch_5861,5039,5041,66.3129973474801,1
5077,Branch_5862,5040,5041,5.213492518638236,1
5078,Branch_5863,4896,4894,14.920919128618323,1
5079,Branch_5864,4896,4895,14.841199168892846,1
5080,Branch_5865,7183,7220,53.27650506126798,1
5081,Branch_5867,6638,6645,10.02004008016032,1
5082,Branch_5868,6641,6645,-64.47453255963894,1
5083,Branch_5869,6646,6645,2.3433472371936075,1
5084,Branch_5874,5400,5406,45.97701149425287,1
5085,Branch_5875,5408,5406,-444.44444444444446,1
5086,Branch_5876,5407,5406,8.981498113885396,1
5087,Branch_5877,5408,5409,95.23809523809524,1
5088,Branch_5878,4886,4885,9.023641941887746,1
5089,Branch_5879,988,1812,2000.0,1
5090,Branch_5880,5674,5678,92.16589861751152,1
5091,Branch_5881,5676,5678,252.5252525252525,1
5092,Branch_5882,5682,5678,13.424620754463687,1
5093,Branch_5883,5674,5679,92.16589861751152,1
5094,Branch_5884,5675,5679,252.5252525252525,1
5095,Branch_5885,5681,5679,13.424620754463687,1
5096,Branch_5886,5675,5683,95.23809523809524,1
5097,Branch_5887,5676,5684,95.23809523809524,1
5098,Branch_5888,5677,5684,95.23809523809524,1
5099,Branch_5889,5680,5683,95.23809523809524,1
5100,Branch_5890,4805,6255,584.7953216374269,1
5101,Branch_5891,5192,6051,555.5555555555555,1
5102,Branch_5892,6050,6489,122.54901960784314,1
5103,Branch_5893,9191,9416,6.323110970597534,1
5104,Branch_5894,5743,6606,81.9000819000819,1
5105,Branch_5895,5693,6707,97.0873786407767,1
5106,Branch_5896,5693,6542,133.6898395721925,1
5107,Branch_5897,9748,9749,14.84560570071259,1
5108,Branch_5898,9746,9748,413.22314049586777,1
5109,Branch_5899,1255,1421,120.33694344163658,1
5110,Branch_5900,7724,7809,4.665920119447555,1
5111,Branch_5901,3930,3931,25.926886180969664,1
5112,Branch_5902,197,198,50.200803212851405,1
5113,Branch_5903,3163,3228,32.24766204450177,1
5114,Branch_5904,3163,3652,704.2253521126761,1
5115,Branch_5905,3168,3356,11.016855789357717,1
5116,Branch_5906,2923,3356,82.16926869350863,1
5117,Branch_5907,3356,3497,45.08566275924256,1
5118,Branch_5908,9407,9410,82.78145695364239,1
5119,Branch_5909,9404,9410,109.40919037199124,1
5120,Branch_5910,9405,9410,5.81767409389726,1
5121,Branch_5911,9407,9408,41.78854993731718,1
5122,Branch_5912,9404,9408,-552.4861878453039,1
5123,Branch_5913,9406,9408,6.17093489663684,1
5124,Branch_5914,8920,9404,7.247952453431905,1
5125,Branch_5915,9411,9409,78.43137254901961,1
5126,Branch_5917,9098,9407,60.06006006006006,1
5127,Branch_5918,8917,9404,16.49620587264929,1
5128,Branch_5919,1302,9404,16.545334215751158,1
5129,Branch_5920,1302,9404,17.421602787456447,1
5130,Branch_5921,2909,3168,19.569471624266146,1
5131,Branch_5922,2910,3168,35.637918745545264,1
5132,Branch_5923,3223,3308,18.99335232668566,1
5133,Branch_5924,3308,3498,9.390553103577801,1
5134,Branch_5925,5578,6010,95.51098376313276,1
5135,Branch_5926,4665,5687,43.40277777777778,1
5136,Branch_5927,5634,6010,64.55777921239509,1
5137,Branch_5928,9404,9411,71.42857142857143,1
5138,Branch_5929,9661,9665,2000.0,1
5139,Branch_5930,5139,6059,2000.0,1
5140,Branch_5932,3072,8438,4.901720503896867,1
5141,Branch_5933,3069,3072,12.706480304955527,1
5142,Branch_5934,4717,6656,48.16955684007707,1
5143,Branch_5935,4717,6031,2.5058888387711122,1
5144,Branch_5936,3449,10086,7.183908045977011,1
5145,Branch_5937,3270,3433,3.673499375505106,1
5146,Branch_5939,3170,3433,20.267531414673694,1
5147,Branch_5940,3433,3805,10.163634515702816,1
5148,Branch_5941,3434,3652,2000.0,1
5149,Branch_5942,3433,3651,396.8253968253968,1
5150,Branch_5943,3433,3453,9.659036028204385,1
5151,Branch_5944,3073,3433,69.58942240779402,1
5152,Branch_5946,3433,3529,17.304031839418585,1
5153,Branch_5947,9828,9829,9.104151493080845,1
5154,Branch_5948,473,1389,2000.0,1
5155,Branch_5949,8214,8215,46.27487274409995,1
5156,Branch_5950,8216,8215,-460.8294930875576,1
5157,Branch_5951,8217,8215,9.042408897730356,1
5158,Branch_5952,8214,8218,46.57661853749418,1
5159,Branch_5953,8216,8218,-478.4688995215311,1
5160,Branch_5954,8219,8218,8.995232526760816,1
5161,Branch_5955,5201,5814,144.3001443001443,1
5162,Branch_5956,4688,5201,26.427061310782243,1
5163,Branch_5957,4624,6091,203.66598778004072,1
5164,Branch_5959,4622,6091,185.5287569573284,1
5165,Branch_5960,6091,6110,254.4529262086514,1
5166,Branch_5961,5724,6803,2000.0,1
5167,Branch_5962,4816,4817,12.023566189731875,1
5168,Branch_5963,4816,4817,9.017945711966814,1
5169,Branch_5965,4812,4816,2000.0,1
5170,Branch_5966,9035,9036,14.070634585619812,1
5171,Branch_5967,9035,9037,13.00221037576388,1
5172,Branch_5968,8626,9035,512.8205128205128,1
5173,Branch_5971,422,1811,21.677866897897246,1
5174,Branch_5972,828,979,18.649757553151808,1
5175,Branch_5973,979,1593,36.8052999631947,1
5176,Branch_5974,3326,3322,4.971908715755979,1
5177,Branch_5975,3322,3324,2.2485047443450106,1
5178,Branch_5976,3322,3323,2.2365360529611737,1
5179,Branch_5977,3322,3325,2.2355860588853367,1
5180,Branch_5978,7620,8438,36.98224852071006,1
5181,Branch_5979,7953,8438,2000.0,1
5182,Branch_5980,8556,9345,5.476151360823613,1
5183,Branch_5981,9345,9510,4.798464491362764,1
5184,Branch_5983,5931,6472,24.648755237860488,1
5185,Branch_5984,5485,6472,9.276437847866418,1
5186,Branch_5985,5820,5941,27.63957987838585,1
5187,Branch_5986,9683,9706,2000.0,1
5188,Branch_5987,9706,9707,11.755025273304337,1
5189,Branch_5988,10290,10296,23.369946249123625,1
5190,Branch_5990,8767,8768,9.336196433572962,1
5191,Branch_5991,8767,8768,9.063717937097797,1
5192,Branch_5992,8719,8720,17.31301939058172,1
5193,Branch_5993,8720,9260,202.02020202020202,1
5194,Branch_5994,8720,8807,57.903879559930516,1
5195,Branch_5995,8806,9260,100.6036217303823,1
5196,Branch_5996,4988,9606,11.971746677840297,1
5197,Branch_5997,8719,9302,3.497726477789437,1
5198,Branch_5998,8759,8767,2000.0,1
5199,Branch_5999,9756,10290,103.41261633919338,1
5200,Branch_6000,9625,9756,98.23182711198429,1
5201,Branch_6001,9756,9757,2000.0,1
5202,Branch_6002,9756,9765,510.2040816326531,1
5203,Branch_6003,3517,3642,27.159152634437806,1
5204,Branch_6005,8648,9398,30.51571559353067,1
5205,Branch_6006,9356,9398,15.472690700912889,1
5206,Branch_6010,8781,9398,16.501650165016503,1
5207,Branch_6011,7172,7174,20.955574182732608,1
5208,Branch_6012,7174,7912,37.96507213363705,1
5209,Branch_6013,3684,3742,253.80710659898477,1
5210,Branch_6014,3742,3740,10.422094841063053,1
5211,Branch_6015,3742,3741,10.469011725293132,1
5212,Branch_6016,8681,9428,6.541933795629988,1
5213,Branch_6017,453,650,363.6363636363636,1
5214,Branch_6018,453,1595,43.956043956043956,1
5215,Branch_6019,5724,6885,43.7636761487965,1
5216,Branch_6020,6493,6491,55.83472920156337,1
5217,Branch_6021,6493,6491,56.21135469364812,1
5218,Branch_6022,6493,6490,55.83472920156337,1
5219,Branch_6023,6493,6490,55.83472920156337,1
5220,Branch_6024,8629,9455,112.10762331838565,1
5221,Branch_6025,5696,6407,2000.0,1
5222,Branch_6026,8985,8992,293.2551319648094,1
5223,Branch_6027,8992,8991,14.355440712029859,1
5224,Branch_6028,7718,7717,9.389671361502348,1
5225,Branch_6030,7567,7754,2000.0,1
5226,Branch_6031,7754,7753,16.118633139909736,1
5227,Branch_6033,7667,7753,29.154518950437318,1
5228,Branch_6034,177,176,11.263798152737102,1
5229,Branch_6035,6560,6583,24.354603019970774,1
5230,Branch_6036,586,710,66.40106241699867,1
5231,Branch_6037,708,1507,96.71179883945841,1
5232,Branch_6038,708,811,39.8247710075667,1
5233,Branch_6039,710,811,40.38772213247173,1
5234,Branch_6040,709,710,1960.7843137254902,1
5235,Branch_6041,5228,5227,27.693159789531986,1
5236,Branch_6042,5228,5227,28.1214848143982,1
5237,Branch_6043,5227,5346,32.25806451612903,1
5238,Branch_6044,5227,6028,51.150895140664964,1
5239,Branch_6045,7434,7991,304.8780487804878,1
5240,Branch_6046,7157,7434,119.18951132300357,1
5241,Branch_6047,9188,9226,8.982304859426929,1
5242,Branch_6048,3940,3939,9.991008092716555,1
5243,Branch_6049,3938,3939,11.914690813773383,1
5244,Branch_6050,3941,3939,8.975854950184004,1
5245,Branch_6051,4544,6061,301.2048192771084,1
5246,Branch_6052,4543,6060,301.2048192771084,1
5247,Branch_6053,4119,4118,2.024701356549909,1
5248,Branch_6054,4121,4118,10.0,1
5249,Branch_6055,4120,4118,-97.0873786407767,1
5250,Branch_6056,5800,5801,46.27487274409995,1
5251,Branch_6057,5799,5801,-460.8294930875576,1
5252,Branch_6058,5798,5801,8.97021887334051,1
5253,Branch_6059,3354,3720,4.900519455062237,1
5254,Branch_6060,3200,3677,2000.0,1
5255,Branch_6062,3426,3799,53.87931034482759,1
5256,Branch_6066,3179,3354,17.571604287471445,1
5257,Branch_6067,2920,3787,19.19754271453254,1
5258,Branch_6068,2973,3420,3.957888070925354,1
5259,Branch_6070,591,645,169.20473773265653,1
5260,Branch_6071,591,891,113.25028312570781,1
5261,Branch_6072,8182,8183,7.767593599502874,1
5262,Branch_6073,8182,8184,7.767593599502874,1
5263,Branch_6074,8181,8182,1098.901098901099,1
5264,Branch_6075,7540,8094,95.69377990430623,1
5265,Branch_6076,7442,8094,10.476689366160294,1
5266,Branch_6077,6656,6777,5.089058524173028,1
5267,Branch_6080,9635,9636,-51.04645227156713,1
5268,Branch_6081,9637,9638,-51.04645227156713,1
5269,Branch_6082,9636,10284,42.211903756859435,1
5270,Branch_6083,9638,10284,42.319085907744395,1
5271,Branch_6084,10035,10089,3.911138923654568,1
5272,Branch_6085,9679,10035,3.7982376177453663,1
5273,Branch_6086,9615,10035,4.189183528130368,1
5274,Branch_6088,4783,4798,2000.0,1
5275,Branch_6089,5100,5102,9.492168960607499,1
5276,Branch_6090,5099,5102,-46.728971962616825,1
5277,Branch_6091,5103,5102,2.566339886054509,1
5278,Branch_6092,3929,3930,31.377470975839348,1
5279,Branch_6093,881,1332,89.28571428571429,1
5280,Branch_6094,5564,6556,129.70168612191958,1
5281,Branch_6096,8207,8257,1111.111111111111,1
5282,Branch_6097,9254,9300,18.248175182481752,1
5283,Branch_6098,5537,6844,33.42245989304813,1
5284,Branch_6099,3900,4029,46.62004662004662,1
5285,Branch_6100,7221,7970,23.557126030624264,1
5286,Branch_6101,4798,4797,6.68851581833991,1
5287,Branch_6102,7375,8102,245.09803921568627,1
5288,Branch_6103,7551,8102,58.10575246949448,1
5289,Branch_6104,8604,9417,20.275750202757504,1
5290,Branch_6105,789,1207,159.23566878980893,1
5291,Branch_6106,293,1207,193.05019305019306,1
5292,Branch_6107,1207,1318,160.51364365971108,1
5293,Branch_6108,8683,9375,9.790483649892305,1
5294,Branch_6109,8683,9456,18.284878405558604,1
5295,Branch_6110,3542,3543,8.758101243650376,1
5296,Branch_6111,3542,3541,8.89125989152663,1
5297,Branch_6112,4075,4337,56.49717514124294,1
5298,Branch_6113,4210,4337,181.8181818181818,1
5299,Branch_6114,6036,6744,217.8649237472767,1
5300,Branch_6115,6035,6745,217.8649237472767,1
5301,Branch_6116,175,1609,217.3913043478261,1
5302,Branch_6117,1609,1821,34.940600978336825,1
5303,Branch_6118,1096,1609,2000.0,1
5304,Branch_6120,486,1609,90.74410163339383,1
5305,Branch_6121,1566,1609,41.11842105263158,1
5306,Branch_6122,1011,1609,77.33952049497293,1
5307,Branch_6123,1609,1610,6.4238453138048435,1
5308,Branch_6125,3164,3704,9.852216748768473,1
5309,Branch_6126,3164,3719,14.509576320371446,1
5310,Branch_6127,317,1208,2000.0,1
5311,Branch_6128,312,1208,2000.0,1
5312,Branch_6129,318,1208,2000.0,1
5313,Branch_6130,319,1208,2000.0,1
5314,Branch_6131,311,1208,2000.0,1
5315,Branch_6132,320,1208,2000.0,1
5316,Branch_6133,1208,1484,83.33333333333333,1
5317,Branch_6134,178,1833,2000.0,1
5318,Branch_6135,1833,1831,13.698630136986301,1
5319,Branch_6136,1833,1832,13.702384214853385,1
5320,Branch_6137,1833,1834,11.742602160638798,1
5321,Branch_6138,832,976,869.5652173913044,1
5322,Branch_6139,832,895,561.7977528089888,1
5323,Branch_6140,960,962,64.51612903225806,1
5324,Branch_6141,49,962,124.06947890818859,1
5325,Branch_6142,2370,2738,22.93577981651376,1
5326,Branch_6143,2737,2738,119.33174224343675,1
5327,Branch_6144,4020,4198,114.5475372279496,1
5328,Branch_6145,717,1607,2000.0,1
5329,Branch_6146,719,1607,2000.0,1
5330,Branch_6147,718,1607,2000.0,1
5331,Branch_6148,717,720,293.2551319648094,1
5332,Branch_6149,715,720,15.08523155830442,1
5333,Branch_6150,716,720,15.08523155830442,1
5334,Branch_6151,719,713,17.755681818181817,1
5335,Branch_6152,718,714,17.755681818181817,1
5336,Branch_6153,32,706,122.85012285012284,1
5337,Branch_6154,671,672,2000.0,1
5338,Branch_6155,672,1259,76.10350076103501,1
5339,Branch_6156,671,1727,92.50693802035153,1
5340,Branch_6157,672,980,145.98540145985402,1
5341,Branch_6158,672,920,134.58950201884252,1
5342,Branch_6159,977,1185,302.11480362537765,1
5343,Branch_6160,482,639,93.72071227741331,1
5344,Branch_6161,482,1190,76.98229407236336,1
5345,Branch_6162,481,1190,77.1604938271605,1
5346,Branch_6163,479,482,2000.0,1
5347,Branch_6164,480,481,2000.0,1
5348,Branch_6165,2221,2337,93.89671361502347,1
5349,Branch_6166,2221,2353,159.4896331738437,1
5350,Branch_6167,2221,2345,53.70569280343717,1
5351,Branch_6168,1988,2668,29.231218941829873,1
5352,Branch_6169,2593,2668,40.04805766920305,1
5353,Branch_6170,1983,2668,58.0046403712297,1
5354,Branch_6171,1908,2672,81.10300081103001,1
5355,Branch_6172,1908,2672,82.03445447087776,1
5356,Branch_6173,2391,2543,51.65289256198347,1
5357,Branch_6174,2391,2673,47.48338081671415,1
5358,Branch_6175,2479,2604,47.43833017077799,1
5359,Branch_6176,2457,2604,51.255766273705795,1
5360,Branch_6179,2770,2884,62.97229219143577,1
5361,Branch_6181,1953,2770,73.1528895391368,1
5362,Branch_6182,1028,1039,2000.0,1
5363,Branch_6183,681,1039,892.8571428571429,1
5364,Branch_6184,134,1049,2000.0,1
5365,Branch_6185,1049,1050,9.845426799251747,1
5366,Branch_6186,1049,1051,9.845426799251747,1
5367,Branch_6187,464,711,17.54385964912281,1
5368,Branch_6188,712,711,5.688282138794084,1
5369,Branch_6189,8917,8922,2000.0,1
5370,Branch_6190,166,1143,2000.0,1
5371,Branch_6191,4004,4003,19.157088122605366,1
5372,Branch_6192,4003,4240,30.422878004259204,1
5373,Branch_6193,4004,4002,9.70873786407767,1
5374,Branch_6194,4004,4001,13.157894736842104,1
5375,Branch_6195,4004,4005,5.497526113249038,1
5376,Branch_6196,3894,4003,23.97506593143131,1
5377,Branch_6197,4003,4361,217.3913043478261,1
5378,Branch_6198,1382,1461,10.355182768975872,1
5379,Branch_6199,711,1116,35.27336860670194,1
5380,Branch_6200,712,1382,29.832935560859188,1
5381,Branch_6201,166,167,19.50458357714063,1
5382,Branch_6202,166,168,14.353380221042055,1
5383,Branch_6203,166,169,14.34102968593145,1
5384,Branch_6205,536,855,206.61157024793388,1
5385,Branch_6206,536,1334,403.2258064516129,1
5386,Branch_6207,6484,6668,29.13752913752914,1
5387,Branch_6208,580,1506,26.136957658128594,1
5388,Branch_6209,1506,1550,25.73340195573855,1
5389,Branch_6210,5050,5864,26.212319790301443,1
5390,Branch_6211,4989,6800,67.29475100942126,1
5391,Branch_6214,6931,6939,9.650646593321753,1
5392,Branch_6219,6931,6943,19.451468585878235,1
5393,Branch_6220,9565,10142,2000.0,1
5394,Branch_6222,8494,8738,2000.0,1
5395,Branch_6223,311,315,19.719976336028395,1
5396,Branch_6224,317,310,15.096618357487923,1
5397,Branch_6225,312,316,15.11030522816561,1
5398,Branch_6226,318,313,15.600624024960998,1
5399,Branch_6227,319,314,15.096618357487923,1
5400,Branch_6228,320,321,14.999250037498125,1
5401,Branch_6230,6140,7126,2000.0,1
5402,Branch_6232,6140,7128,2000.0,1
5403,Branch_6233,2222,2223,5.523031039434442,1
5404,Branch_6234,2222,2224,5.523031039434442,1
5405,Branch_6235,6538,6731,225.22522522522522,1
5406,Branch_6236,6538,6800,112.61261261261261,1
5407,Branch_6237,7126,7129,-526.3157894736842,1
5408,Branch_6238,7120,7129,6.919457514530861,1
5409,Branch_6239,7121,7129,7.0467197519554645,1
5410,Branch_6243,7128,7131,763.3587786259542,1
5411,Branch_6244,7122,7131,7.124536905101168,1
5412,Branch_6245,7123,7131,7.2727272727272725,1
5413,Branch_6246,1965,1964,4.140615295432902,1
5414,Branch_6247,9867,9865,12.768130745658835,1
5415,Branch_6248,9867,9866,12.751849018107626,1
5416,Branch_6249,4387,9867,87.41258741258741,1
5417,Branch_6250,9930,9927,8.14265939255761,1
5418,Branch_6251,9930,9928,8.225037012666556,1
5419,Branch_6252,9930,9929,8.167265599477295,1
5420,Branch_6253,9867,9930,970.8737864077669,1
5421,Branch_6255,8873,8965,187.26591760299627,1
5422,Branch_6256,8873,8881,102.35414534288638,1
5423,Branch_6257,8873,9108,265.2519893899204,1
5424,Branch_6258,8873,9111,77.39938080495357,1
5425,Branch_6259,8872,8873,2000.0,1
5426,Branch_6261,3311,3698,65.01950585175553,1
5427,Branch_6262,3311,3579,35.62522265764161,1
5428,Branch_6264,8557,8607,98.32841691248771,1
5429,Branch_6265,8557,9374,109.17030567685589,1
5430,Branch_6266,3186,3394,70.8215297450425,1
5431,Branch_6267,4521,6168,2000.0,1
5432,Branch_6268,5762,5761,11.402508551881414,1
5433,Branch_6269,6167,6170,9.719117504130624,1
5434,Branch_6270,6168,6170,-75.8150113722517,1
5435,Branch_6271,6169,6170,4.1017227235438884,1
5436,Branch_6272,4690,6167,32.32062055591467,1
5437,Branch_6273,5281,6167,63.29113924050633,1
5438,Branch_6275,3684,3686,8.395600705230459,1
5439,Branch_6276,3684,3685,8.395600705230459,1
5440,Branch_6277,3599,3684,2000.0,1
5441,Branch_6278,7312,7999,16.220600162206,1
5442,Branch_6279,7812,7999,9.954210631096954,1
5443,Branch_6280,7726,7999,63.492063492063494,1
5444,Branch_6281,78,1398,483.09178743961354,1
5445,Branch_6282,9236,9353,8.320852055250457,1
5446,Branch_6284,6815,6818,53.53319057815846,1
5447,Branch_6285,6817,6818,-2000.0,1
5448,Branch_6286,6816,6818,8.792754770069463,1
5449,Branch_6287,2530,2529,4.88328938372888,1
5450,Branch_6290,2535,2616,28.481913984619766,1
5451,Branch_6291,1882,2615,9.68054211035818,1
5452,Branch_6292,2413,2615,7.423904974016333,1
5453,Branch_6293,1883,2298,12.690355329949238,1
5454,Branch_6294,3745,3747,184.1620626151013,1
5455,Branch_6295,3747,3746,7.352941176470588,1
5456,Branch_6296,258,582,91.24087591240875,1
5457,Branch_6297,584,855,109.2896174863388,1
5458,Branch_6298,583,584,2000.0,1
5459,Branch_6299,581,582,202.42914979757086,1
5460,Branch_6300,584,1565,141.84397163120568,1
5461,Branch_6301,7499,7498,4.738213693437574,1
5462,Branch_6302,3534,3537,5.107252298263534,1
5463,Branch_6303,357,601,76.51109410864575,1
5464,Branch_6304,601,1649,66.35700066357,1
5465,Branch_6305,4319,4320,5.423875901719368,1
5466,Branch_6306,488,1315,546.448087431694,1
5467,Branch_6307,488,1332,154.320987654321,1
5468,Branch_6308,488,487,11.013215859030836,1
5469,Branch_6309,488,491,11.230907457322552,1
5470,Branch_6310,488,489,11.013215859030836,1
5471,Branch_6311,488,490,11.013215859030836,1
5472,Branch_6312,5249,6464,29.985007496251875,1
5473,Branch_6313,5978,5977,1.763668430335097,1
5474,Branch_6314,5180,5977,52.38344683080147,1
5475,Branch_6315,5607,5977,21.39952921035737,1
5476,Branch_6316,5285,5977,53.61930294906166,1
5477,Branch_6317,9721,9719,8.017960230917256,1
5478,Branch_6318,9721,9720,8.381527114240214,1
5479,Branch_6319,9603,9721,840.3361344537815,1
5480,Branch_6320,4824,4825,5.356473297980609,1
5481,Branch_6322,8512,8513,5.537098560354374,1
5482,Branch_6323,8513,8515,6.218132073125234,1
5483,Branch_6324,8514,8515,26.295030239284774,1
5484,Branch_6325,8516,8515,1.275949625508785,1
5485,Branch_6326,8514,9363,33.3889816360601,1
5486,Branch_6327,8513,8834,13.32267519317879,1
5487,Branch_6328,8513,8807,22.4870699347875,1
5488,Branch_6329,9363,9430,3.224454261116306,1
5489,Branch_6330,8512,8514,2000.0,1
5490,Branch_6331,8512,8719,4.290924694271616,1
5491,Branch_6332,8512,9236,76.33587786259542,1
5492,Branch_6334,7700,7927,34.19972640218878,1
5493,Branch_6335,7927,7933,154.5595054095827,1
5494,Branch_6336,3016,3100,595.2380952380952,1
5495,Branch_6337,3018,3025,47.48338081671415,1
5496,Branch_6338,3024,3100,2000.0,1
5497,Branch_6339,4955,4953,6.359300476947536,1
5498,Branch_6340,4955,4954,16.043638697256537,1
5499,Branch_6341,9578,10199,7.702973347712217,1
5500,Branch_6342,9996,10199,15.076134479119554,1
5501,Branch_6343,9911,9910,15.394088669950738,1
5502,Branch_6344,439,1481,297.6190476190476,1
5503,Branch_6345,544,1555,155.27950310559007,1
5504,Branch_6346,1546,1555,120.33694344163658,1
5505,Branch_6347,271,1555,1162.7906976744187,1
5506,Branch_6348,179,182,2000.0,1
5507,Branch_6349,182,181,12.147716229348882,1
5508,Branch_6350,3599,3601,46.51162790697674,1
5509,Branch_6351,3600,3601,-485.43689320388347,1
5510,Branch_6352,3604,3601,8.880994671403197,1
5511,Branch_6353,3599,3602,46.27487274409995,1
5512,Branch_6354,3600,3602,-460.8294930875576,1
5513,Branch_6355,3603,3602,8.881783462119193,1
5514,Branch_6356,3599,3611,40.816326530612244,1
5515,Branch_6357,2971,3599,120.04801920768307,1
5516,Branch_6358,9572,9574,5.197505197505198,1
5517,Branch_6359,9572,9573,5.197505197505198,1
5518,Branch_6360,175,1425,159.23566878980893,1
5519,Branch_6361,175,1830,2000.0,1
5520,Branch_6362,244,247,2000.0,1
5521,Branch_6363,246,1277,343.64261168384877,1
5522,Branch_6364,247,1505,41.40786749482402,1
5523,Branch_6366,244,355,64.64124111182934,1
5524,Branch_6367,246,1271,292.39766081871346,1
5525,Branch_6368,243,247,2000.0,1
5526,Branch_6369,245,246,251.25628140703517,1
5527,Branch_6370,35,37,129.5336787564767,1
5528,Branch_6371,36,951,77.9423226812159,1
5529,Branch_6372,37,951,384.61538461538464,1
5530,Branch_6373,36,261,1960.7843137254902,1
5531,Branch_6374,35,1341,751.8796992481203,1
5532,Branch_6375,34,36,2000.0,1
5533,Branch_6376,33,35,2000.0,1
5534,Branch_6377,8764,9373,43.63001745200698,1
5535,Branch_6378,3704,3723,17.247326664367023,1
5536,Branch_6379,3648,3704,28.538812785388128,1
5537,Branch_6380,978,1285,507.61421319796955,1
5538,Branch_6381,4536,5745,73.74631268436578,1
5539,Branch_6384,1242,1250,84.10428931875526,1
5540,Branch_6385,1232,1233,130.3780964797914,1
5541,Branch_6386,1232,1250,460.8294930875576,1
5542,Branch_6387,1230,1233,207.0393374741201,1
5543,Branch_6388,1230,1237,101.21457489878543,1
5544,Branch_6389,1237,1242,93.02325581395348,1
5545,Branch_6390,1215,1228,8.009611533840609,1
5546,Branch_6391,1229,1250,205.3388090349076,1
5547,Branch_6392,1229,1250,163.3986928104575,1
5548,Branch_6393,1231,1234,2000.0,1
5549,Branch_6394,1231,1235,2000.0,1
5550,Branch_6395,1233,1242,236.4066193853428,1
5551,Branch_6396,1237,1242,94.6969696969697,1
5552,Branch_6397,1233,1250,117.096018735363,1
5553,Branch_6398,1238,1242,1149.4252873563219,1
5554,Branch_6399,1239,1242,1075.268817204301,1
5555,Branch_6400,1240,1242,990.0990099009902,1
5556,Branch_6401,1241,1242,1298.7012987012988,1
5557,Branch_6402,1231,1251,990.0990099009902,1
5558,Branch_6403,1231,1236,787.4015748031496,1
5559,Branch_6404,1231,1249,990.0990099009902,1
5560,Branch_6405,1236,1253,4.915454187966968,1
5561,Branch_6406,1226,1253,2.4986257558342913,1
5562,Branch_6407,1252,1253,4.959087527894868,1
5563,Branch_6409,1237,1228,5.612302166348636,1
5564,Branch_6410,1234,1227,5.7231156641675724,1
5565,Branch_6411,1235,1224,5.76435323956652,1
5566,Branch_6412,1238,1211,5.14668039114771,1
5567,Branch_6413,1239,1212,5.14668039114771,1
5568,Branch_6414,1240,1214,5.137690094533498,1
5569,Branch_6415,1241,1244,23.668639053254438,1
5570,Branch_6416,1229,1213,5.515111405250386,1
5571,Branch_6417,1229,1245,10.799136069114471,1
5572,Branch_6418,1243,1245,140.64697609001408,1
5573,Branch_6419,1246,1245,15.59332605644784,1
5574,Branch_6420,950,1343,581.3953488372093,1
5575,Branch_6421,950,1343,581.3953488372093,1
5576,Branch_6422,4346,4375,106.60980810234541,1
5577,Branch_6423,3241,3240,4.580852038479157,1
5578,Branch_6424,2940,3240,2000.0,1
5579,Branch_6425,3240,3710,85.32423208191126,1
5580,Branch_6426,517,523,32.278889606197545,1
5581,Branch_6427,5630,6471,18.311664530305805,1
5582,Branch_6428,1343,1732,55.46311702717693,1
5583,Branch_6430,1122,1343,170.94017094017093,1
5584,Branch_6431,485,1357,684.931506849315,1
5585,Branch_6432,485,1345,751.8796992481203,1
5586,Branch_6433,1225,1226,1492.5373134328358,1
5587,Branch_6434,1222,1252,900.9009009009009,1
5588,Branch_6435,1343,1358,47.82400765184122,1
5589,Branch_6436,1360,1358,78.98894154818325,1
5590,Branch_6437,1359,1358,4.982064567556796,1
5591,Branch_6438,1343,1350,48.5201358563804,1
5592,Branch_6439,1344,1350,77.9423226812159,1
5593,Branch_6440,1349,1350,4.988277547762758,1
5594,Branch_6441,1343,1351,69.97900629811056,1
5595,Branch_6442,1342,1351,56.274620146314014,1
5596,Branch_6443,1348,1351,4.858142246404975,1
5597,Branch_6444,1343,1353,53.908355795148246,1
5598,Branch_6445,1352,1353,66.57789613848202,1
5599,Branch_6446,1354,1353,5.104645227156713,1
5600,Branch_6447,1345,1346,-390.625,1
5601,Branch_6448,1343,1346,54.824561403508774,1
5602,Branch_6450,1347,1346,9.828009828009828,1
5603,Branch_6451,1357,1355,-243.30900243309003,1
5604,Branch_6452,1343,1355,54.34782608695652,1
5605,Branch_6453,1356,1355,10.53518752633797,1
5606,Branch_6454,1233,1360,2000.0,1
5607,Branch_6455,1233,1352,2000.0,1
5608,Branch_6456,1233,1342,2000.0,1
5609,Branch_6457,1233,1344,2000.0,1
5610,Branch_6459,1250,1251,66.00660066006601,1
5611,Branch_6460,1249,1250,2000.0,1
5612,Branch_6461,1219,1225,7.267441860465116,1
5613,Branch_6462,1223,1227,40.32258064516129,1
5614,Branch_6463,1216,1223,9.48316737790422,1
5615,Branch_6464,1217,1223,9.48316737790422,1
5616,Branch_6465,1218,1223,9.48316737790422,1
5617,Branch_6466,1219,1223,9.48316737790422,1
5618,Branch_6467,1220,1224,10.51967178624027,1
5619,Branch_6468,1221,1224,11.89767995240928,1
5620,Branch_6469,1222,1224,11.89767995240928,1
5621,Branch_6470,5630,7055,11.494252873563218,1
5622,Branch_6472,26,475,1612.9032258064517,1
5623,Branch_6473,26,920,1886.7924528301887,1
5624,Branch_6474,1433,1690,303.030303030303,1
5625,Branch_6475,390,1437,564.9717514124294,1
5626,Branch_6476,668,1436,27.53303964757709,1
5627,Branch_6479,1433,1607,153.1393568147014,1
5628,Branch_6480,1437,1438,-331.12582781456956,1
5629,Branch_6481,1433,1438,57.870370370370374,1
5630,Branch_6482,1439,1438,10.449320794148381,1
5631,Branch_6483,856,1549,285.7142857142857,1
5632,Branch_6484,1549,1584,133.5113484646195,1
5633,Branch_6485,4413,4412,15.342129487572874,1
5634,Branch_6486,4551,6334,1470.5882352941176,1
5635,Branch_6487,4551,4717,17.768301350390903,1
5636,Branch_6488,4551,4680,1470.5882352941176,1
5637,Branch_6491,9191,9510,5.515719801434087,1
5638,Branch_6492,9197,9510,3.7509377344336086,1
5639,Branch_6493,1972,3784,15.25320317266626,1
5640,Branch_6494,3053,3784,23.39728591483388,1
5641,Branch_6495,1152,1575,162.07455429497568,1
5642,Branch_6497,448,1152,58.10575246949448,1
5643,Branch_6499,7432,7433,110.74197120708749,1
5644,Branch_6501,7429,7430,46.92632566870014,1
5645,Branch_6502,7432,7431,5.787037037037037,1
5646,Branch_6503,7429,7428,5.793742757821553,1
5647,Branch_6504,670,841,55.09641873278237,1
5648,Branch_6505,577,841,126.10340479192938,1
5649,Branch_6506,6303,6302,10.50309841403214,1
5650,Branch_6507,6303,6304,2000.0,1
5651,Branch_6508,788,790,-122.85012285012284,1
5652,Branch_6509,789,790,22.281639928698752,1
5653,Branch_6510,793,790,7.783918424534911,1
5654,Branch_6511,788,791,-129.5336787564767,1
5655,Branch_6512,789,791,16.79261125104954,1
5656,Branch_6513,792,791,6.628222973420826,1
5657,Branch_6514,788,1597,24.752475247524753,1
5658,Branch_6515,355,788,57.8368999421631,1
5659,Branch_6516,789,1159,862.0689655172414,1
5660,Branch_6517,5759,5758,2.1114864864864864,1
5661,Branch_6518,8511,8901,2000.0,1
5662,Branch_6519,8508,8901,2000.0,1
5663,Branch_6520,8506,8901,2000.0,1
5664,Branch_6521,8511,8509,15.105740181268882,1
5665,Branch_6522,8508,8507,15.024038461538462,1
5666,Branch_6523,8506,8510,15.042117930204572,1
5667,Branch_6527,882,1204,793.6507936507936,1
5668,Branch_6528,882,895,363.6363636363636,1
5669,Branch_6529,1943,1942,50.68423720223011,1
5670,Branch_6530,1943,1942,50.68423720223011,1
5671,Branch_6531,864,939,1851.851851851852,1
5672,Branch_6532,537,540,2000.0,1
5673,Branch_6533,537,539,2000.0,1
5674,Branch_6534,941,1581,490.19607843137254,1
5675,Branch_6535,939,941,393.7007874015748,1
5676,Branch_6536,539,939,341.29692832764505,1
5677,Branch_6537,940,1581,425.531914893617,1
5678,Branch_6538,939,940,518.1347150259068,1
5679,Branch_6539,540,939,381.6793893129771,1
5680,Branch_6540,659,940,1369.86301369863,1
5681,Branch_6541,660,941,1298.7012987012988,1
5682,Branch_6542,863,939,1851.851851851852,1
5683,Branch_6543,537,538,10.208248264597795,1
5684,Branch_6544,9030,9232,88.65248226950355,1
5685,Branch_6545,8624,9030,34.940600978336825,1
5686,Branch_6546,3130,3775,125.0,1
5687,Branch_6547,3130,3773,125.0,1
5688,Branch_6548,677,1418,277.0083102493075,1
5689,Branch_6549,676,1417,346.02076124567475,1
5690,Branch_6550,442,677,377.35849056603774,1
5691,Branch_6551,675,677,313.47962382445144,1
5692,Branch_6552,674,676,242.13075060532688,1
5693,Branch_6553,676,1396,131.06159895150722,1
5694,Branch_6554,3102,3145,31.34796238244514,1
5695,Branch_6555,727,1404,42.337002540220155,1
5696,Branch_6556,2374,2610,17.035775127768314,1
5697,Branch_6557,2374,2593,35.51136363636363,1
5698,Branch_6558,2479,2570,66.44518272425249,1
5699,Branch_6559,2242,2479,64.14368184733804,1
5700,Branch_6560,2852,2884,34.3878954607978,1
5701,Branch_6561,2593,2852,28.192839018889202,1
5702,Branch_6562,1961,9356,12.884937508053087,1
5703,Branch_6564,2058,2749,2000.0,1
5704,Branch_6565,2657,2749,69.39625260235947,1
5705,Branch_6566,2657,2749,69.39625260235947,1
5706,Branch_6567,1398,1511,256.4102564102564,1
5707,Branch_6568,462,680,273.224043715847,1
5708,Branch_6569,680,1332,128.8659793814433,1
5709,Branch_6570,8538,9192,155.76323987538942,1
5710,Branch_6571,8538,9192,173.3102253032929,1
5711,Branch_6572,9323,9322,20.408163265306122,1
5712,Branch_6573,8923,9323,497.5124378109453,1
5713,Branch_6574,8537,8538,2000.0,1
5714,Branch_6575,656,1645,1315.7894736842106,1
5715,Branch_6576,656,1809,116.95906432748538,1
5716,Branch_6577,4956,6877,21.90580503833516,1
5717,Branch_6578,9975,9974,9.601536245799329,1
5718,Branch_6579,9519,9975,57.37234652897303,1
5719,Branch_6580,9974,10163,9.370314842578711,1
5720,Branch_6581,9974,10162,9.186954524575103,1
5721,Branch_6582,9740,9974,16.716817118020728,1
5722,Branch_6584,3402,3404,19.043991620643688,1
5723,Branch_6585,2088,2087,13.003901170351105,1
5724,Branch_6586,2052,2053,13.176966662274344,1
5725,Branch_6588,2051,2052,2000.0,1
5726,Branch_6589,2078,2077,13.689253935660506,1
5727,Branch_6590,2078,2079,2000.0,1
5728,Branch_6591,6731,7061,33.82949932341001,1
5729,Branch_6592,148,241,71.27583749109051,1
5730,Branch_6593,241,2277,46.468401486988846,1
5731,Branch_6594,7201,7538,704.2253521126761,1
5732,Branch_6595,7201,7199,17.577781683951486,1
5733,Branch_6596,7201,7200,15.482272797646694,1
5734,Branch_6597,3643,3644,2.6688017080330932,1
5735,Branch_6598,9973,10208,2000.0,1
5736,Branch_6599,1206,1414,227.27272727272728,1
5737,Branch_6600,1205,1413,220.7505518763797,1
5738,Branch_6601,213,1206,198.80715705765408,1
5739,Branch_6602,214,1205,202.83975659229208,1
5740,Branch_6603,3303,3391,15.271838729383017,1
5741,Branch_6605,3092,3303,3.2618977721238216,1
5742,Branch_6606,4311,4310,2.087246921310791,1
5743,Branch_6607,4312,4310,-55.248618784530386,1
5744,Branch_6608,4313,4310,2.189141856392294,1
5745,Branch_6611,9743,10290,763.3587786259542,1
5746,Branch_6612,9885,10290,159.4896331738437,1
5747,Branch_6613,9603,10289,49.97501249375313,1
5748,Branch_6614,9603,10289,49.75124378109453,1
5749,Branch_6615,10284,10289,37.79289493575208,1
5750,Branch_6616,10284,10289,37.79289493575208,1
5751,Branch_6617,3283,3321,1315.7894736842106,1
5752,Branch_6618,1267,1811,7.988496564946477,1
5753,Branch_6619,1593,1686,26.096033402922757,1
5754,Branch_6620,1302,1686,9.683354313934347,1
5755,Branch_6621,8716,9350,4.521613311629589,1
5756,Branch_6623,9349,9440,7.873395795606645,1
5757,Branch_6624,9349,9350,3.186743148502231,1
5758,Branch_6625,10289,10290,2000.0,1
5759,Branch_6626,10289,10290,2000.0,1
5760,Branch_6627,351,840,121.65450121654501,1
5761,Branch_6628,840,999,104.9317943336831,1
5762,Branch_6629,25,839,72.3589001447178,1
5763,Branch_6630,838,840,359.71223021582733,1
5764,Branch_6631,837,839,364.963503649635,1
5765,Branch_6632,839,1531,92.85051067780873,1
5766,Branch_6633,4688,5999,104.4932079414838,1
5767,Branch_6634,1009,1550,127.8772378516624,1
5768,Branch_6636,1009,1817,2000.0,1
5769,Branch_6637,5998,6582,90.57971014492753,1
5770,Branch_6638,5998,7052,28.176951253874332,1
5771,Branch_6639,7427,7426,14.326647564469914,1
5772,Branch_6640,7427,8072,2000.0,1
5773,Branch_6641,10351,10350,16.65278934221482,1
5774,Branch_6643,7177,7178,19.398642095053347,1
5775,Branch_6644,7177,7186,2000.0,1
5776,Branch_6645,7970,7971,41.16920543433512,1
5777,Branch_6646,7893,7971,2000.0,1
5778,Branch_6647,7176,7970,56.882821387940844,1
5779,Branch_6648,9038,9042,2000.0,1
5780,Branch_6649,9042,9043,8.671522719389525,1
5781,Branch_6650,7172,7178,14.423770373575653,1
5782,Branch_6652,7730,7731,11.856770215793217,1
5783,Branch_6653,5522,6826,9.48676596148373,1
5784,Branch_6654,7555,7730,495.0495049504951,1
5785,Branch_6655,4988,6826,7.651694850409366,1
5786,Branch_6656,6826,9547,5.393743257820928,1
5787,Branch_6657,273,1420,25.393600812595228,1
5788,Branch_6658,3257,3316,28.677946659019213,1
5789,Branch_6659,3136,3257,5.593779716954747,1
5790,Branch_6661,8764,8793,50.505050505050505,1
5791,Branch_6665,7415,7774,54.229934924078094,1
5792,Branch_6666,4763,4762,6.333924499619965,1
5793,Branch_6667,4763,4774,277.0083102493075,1
5794,Branch_6668,3114,3116,10.641694157709907,1
5795,Branch_6669,3114,3224,26.232948583420775,1
5796,Branch_6670,3116,3273,55.21811154058531,1
5797,Branch_6671,5112,6228,2000.0,1
5798,Branch_6672,5112,6228,2000.0,1
5799,Branch_6673,5986,5985,9.182736455463727,1
5800,Branch_6674,5989,5987,35.0754121360926,1
5801,Branch_6675,5985,5987,316.45569620253167,1
5802,Branch_6676,5988,5987,9.606147934678194,1
5803,Branch_6677,9594,9599,63.775510204081634,1
5804,Branch_6678,5587,5891,59.80861244019139,1
5805,Branch_6679,4989,5891,53.56186395286556,1
5806,Branch_6680,8999,9084,478.4688995215311,1
5807,Branch_6681,9084,9085,7.403568520026653,1
5808,Branch_6682,9084,9086,6.993006993006993,1
5809,Branch_6683,9204,9484,60.60606060606061,1
5810,Branch_6684,649,1602,76.51109410864575,1
5811,Branch_6685,1267,1602,12.042389210019268,1
5812,Branch_6686,1331,1602,89.28571428571429,1
5813,Branch_6687,3859,3997,8.071025020177563,1
5814,Branch_6688,424,649,4.799155348658636,1
5815,Branch_6689,4871,4870,170.64846416382252,1
5816,Branch_6690,4869,4870,8.408307407718826,1
5817,Branch_6691,4872,4870,8.408307407718826,1
5818,Branch_6692,827,829,7.432181345224824,1
5819,Branch_6694,351,352,2000.0,1
5820,Branch_6695,224,354,91.99632014719411,1
5821,Branch_6696,354,1543,182.14936247723134,1
5822,Branch_6697,350,1545,175.7469244288225,1
5823,Branch_6698,8978,9001,425.531914893617,1
5824,Branch_6699,9001,9002,9.152480322167307,1
5825,Branch_6700,9001,9003,9.063717937097797,1
5826,Branch_6701,352,570,63.371356147021544,1
5827,Branch_6702,349,354,2000.0,1
5828,Branch_6703,350,353,2000.0,1
5829,Branch_6704,348,352,2000.0,1
5830,Branch_6705,351,1642,50.0751126690035,1
5831,Branch_6706,5021,6283,26.35740643120717,1
5832,Branch_6707,4069,4207,2000.0,1
5833,Branch_6708,5267,5270,46.57661853749418,1
5834,Branch_6709,5264,5270,-478.4688995215311,1
5835,Branch_6710,5271,5270,8.92379082634303,1
5836,Branch_6711,5267,5268,826.4462809917355,1
5837,Branch_6712,5264,5268,45.47521600727603,1
5838,Branch_6713,5265,5268,23.51834430856068,1
5839,Branch_6714,4222,4353,19.18281220026856,1
5840,Branch_6715,8711,8830,217.8649237472767,1
5841,Branch_6716,8711,8954,11.144544745347153,1
5842,Branch_6717,999,1482,39.52569169960474,1
5843,Branch_6718,3764,3763,4.231550440081246,1
5844,Branch_6719,3600,3764,302.11480362537765,1
5845,Branch_6720,5838,6423,60.024009603841534,1
5846,Branch_6721,4497,6423,11.75226231049477,1
5847,Branch_6722,5838,6097,680.2721088435375,1
5848,Branch_6723,2930,3720,200.80321285140562,1
5849,Branch_6724,3718,3720,70.92198581560284,1
5850,Branch_6726,6064,9610,2000.0,1
5851,Branch_6727,6064,6065,33.95585738539898,1
5852,Branch_6728,5527,5973,104.16666666666667,1
5853,Branch_6729,4263,4345,2000.0,1
5854,Branch_6730,3179,3358,16.276041666666668,1
5855,Branch_6732,2927,3179,4.8718698236383124,1
5856,Branch_6734,895,1204,473.93364928909955,1
5857,Branch_6735,8695,9265,74.07407407407408,1
5858,Branch_6736,8695,8715,198.80715705765408,1
5859,Branch_6737,8696,9079,27.48763056624519,1
5860,Branch_6738,8696,9451,7.456009543692216,1
5861,Branch_6739,8836,9237,40.93327875562833,1
5862,Branch_6740,8953,9237,41.999160016799664,1
5863,Branch_6741,8923,9192,23.337222870478413,1
5864,Branch_6742,3554,3553,6.5359477124183005,1
5865,Branch_6743,3553,3554,9.950248756218906,1
5866,Branch_6744,3392,3554,87.03220191470844,1
5867,Branch_6745,3078,3553,6.014675808973896,1
5868,Branch_6746,7228,7801,12.007684918347742,1
5869,Branch_6747,7228,7934,22.099447513812155,1
5870,Branch_6748,3621,7228,26.281208935611037,1
5871,Branch_6749,81,1606,40.98360655737705,1
5872,Branch_6750,10030,10174,9.902951079421667,1
5873,Branch_6751,7577,7664,9.91768322919766,1
5874,Branch_6752,7664,7842,13.317352510320948,1
5875,Branch_6753,9978,10030,22.36636099306643,1
5876,Branch_6755,4621,6105,2000.0,1
5877,Branch_6756,5961,6105,2000.0,1
5878,Branch_6757,4696,6105,15.105740181268882,1
5879,Branch_6758,4794,4795,6.104633416763323,1
5880,Branch_6759,4794,4796,14.70155836518671,1
5881,Branch_6760,699,1596,245.09803921568627,1
5882,Branch_6761,699,1159,1562.5,1
5883,Branch_6762,699,1539,125.15644555694618,1
5884,Branch_6763,5028,5030,33.32222592469177,1
5885,Branch_6764,5028,5029,33.32222592469177,1
5886,Branch_6765,475,1390,1694.915254237288,1
5887,Branch_6767,151,909,657.8947368421053,1
5888,Branch_6768,407,1399,24.73410833539451,1
5889,Branch_6769,407,1399,22.593764121102577,1
5890,Branch_6770,8883,8920,25.201612903225808,1
5891,Branch_6771,8154,8155,16.4257555847569,1
5892,Branch_6772,8154,8156,16.4257555847569,1
5893,Branch_6773,7394,8154,2000.0,1
5894,Branch_6774,3922,4402,26.845637583892618,1
5895,Branch_6775,633,726,101.21457489878543,1
5896,Branch_6776,632,633,2000.0,1
5897,Branch_6777,630,631,2000.0,1
5898,Branch_6778,633,1647,230.4147465437788,1
5899,Branch_6779,630,1647,164.20361247947454,1
5900,Branch_6780,214,630,87.26003490401396,1
5901,Branch_6781,6410,10113,500.0,1
5902,Branch_6782,1110,1109,15.16530178950561,1
5903,Branch_6783,4491,4493,46.62004662004662,1
5904,Branch_6784,4492,4493,-473.93364928909955,1
5905,Branch_6785,4494,4493,8.992805755395684,1
5906,Branch_6786,4491,4495,46.59832246039143,1
5907,Branch_6787,4492,4495,-476.1904761904762,1
5908,Branch_6788,4496,4495,8.958165367732688,1
5909,Branch_6793,4910,4911,46.27487274409995,1
5910,Branch_6794,4912,4911,-460.8294930875576,1
5911,Branch_6795,4913,4911,9.00657479960371,1
5912,Branch_6796,4910,4915,46.27487274409995,1
5913,Branch_6797,4912,4915,-460.8294930875576,1
5914,Branch_6798,4914,4915,9.00657479960371,1
5915,Branch_6799,8844,8843,5.55926173004225,1
5916,Branch_6800,8798,8797,6.802721088435374,1
5917,Branch_6801,7166,7547,735.2941176470588,1
5918,Branch_6802,439,1259,73.20644216691069,1
5919,Branch_6803,439,435,12.373174956693887,1
5920,Branch_6804,439,435,8.788118463836893,1
5921,Branch_6805,439,435,9.479571523367143,1
5922,Branch_6806,437,427,4.563917666925288,1
5923,Branch_6807,437,428,4.563917666925288,1
5924,Branch_6808,437,429,4.558716265499635,1
5925,Branch_6809,434,432,12.379301807378065,1
5926,Branch_6810,438,436,13.672409078479628,1
5927,Branch_6811,433,430,2.39652982481367,1
5928,Branch_6812,434,430,3.150896430034345,1
5929,Branch_6813,434,430,3.108486167236556,1
5930,Branch_6814,433,431,1.9764017629503725,1
5931,Branch_6815,433,431,1.9764017629503725,1
5932,Branch_6816,433,431,2.0027638140634076,1
5933,Branch_6817,433,431,2.0298386278290876,1
5934,Branch_6818,3917,3918,26.63115845539281,1
5935,Branch_6819,3918,3919,43.10344827586207,1
5936,Branch_6820,3918,4378,41.16920543433512,1
5937,Branch_6821,4149,4308,2000.0,1
5938,Branch_6822,3918,4422,2000.0,1
5939,Branch_6823,8230,8234,46.57661853749418,1
5940,Branch_6824,8229,8234,-478.4688995215311,1
5941,Branch_6825,8232,8234,8.92379082634303,1
5942,Branch_6826,8231,8235,46.2962962962963,1
5943,Branch_6827,8229,8235,-458.7155963302752,1
5944,Branch_6828,8233,8235,8.933357155619081,1
5945,Branch_6829,468,1723,215.9827213822894,1
5946,Branch_6830,468,1802,571.4285714285714,1
5947,Branch_6831,468,1387,2000.0,1
5948,Branch_6832,2052,2088,714.2857142857143,1
5949,Branch_6833,2015,2014,10.018032458425166,1
5950,Branch_6834,2009,2015,2000.0,1
5951,Branch_6835,8652,9442,16.142050040355127,1
5952,Branch_6836,8779,9442,63.05170239596469,1
5953,Branch_6837,2079,2207,2000.0,1
5954,Branch_6838,1955,2207,50.607287449392715,1
5955,Branch_6839,2207,2554,112.99435028248588,1
5956,Branch_6840,2207,2361,53.821313240043054,1
5957,Branch_6841,1976,2207,19.029495718363464,1
5958,Branch_6842,2436,2732,19.654088050314467,1
5959,Branch_6843,2436,2531,20.554984583761563,1
5960,Branch_6844,2707,2732,15.693659761456372,1
5961,Branch_6845,2337,2372,145.5604075691412,1
5962,Branch_6846,2299,2372,1694.915254237288,1
5963,Branch_6847,2299,2372,1449.2753623188405,1
5964,Branch_6848,2372,2702,294.11764705882354,1
5965,Branch_6849,1955,2658,24.919013207077,1
5966,Branch_6850,9938,9939,11.310937676733401,1
5967,Branch_6851,9938,9940,11.258725512272012,1
5968,Branch_6852,9938,10284,666.6666666666666,1
5969,Branch_6853,6010,6908,2000.0,1
5970,Branch_6854,6006,6908,232.0185614849188,1
5971,Branch_6855,9025,9289,26.469031233456857,1
5972,Branch_6856,9258,9289,54.34782608695652,1
5973,Branch_6858,9503,9505,1.2225536701061177,1
5974,Branch_6859,9503,9504,1.2226284065483977,1
5975,Branch_6860,9289,9503,48.33252779120348,1
5976,Branch_6861,9289,9503,51.49330587023687,1
5977,Branch_6862,9187,9188,9.165902841429881,1
5978,Branch_6863,9188,9429,12.399256044637323,1
5979,Branch_6864,9187,9231,5.347307630607989,1
5980,Branch_6865,9188,9372,10.855405992184108,1
5981,Branch_6866,9187,9189,662.2516556291391,1
5982,Branch_6867,9189,9190,168.35016835016836,1
5983,Branch_6868,4536,6692,73.52941176470588,1
5984,Branch_6869,6012,6692,30.303030303030305,1
5985,Branch_6870,211,664,166.66666666666666,1
5986,Branch_6871,9224,9450,6.701065469409636,1
5987,Branch_6872,1305,9450,4.5551860793513415,1
5988,Branch_6873,272,664,421.9409282700422,1
5989,Branch_6874,7271,7877,87.48906386701663,1
5990,Branch_6878,3912,4382,2000.0,1
5991,Branch_6879,232,1269,26.75943270002676,1
5992,Branch_6880,232,1838,83.82229673093043,1
5993,Branch_6881,232,1077,2000.0,1
5994,Branch_6882,232,1507,145.1378809869376,1
5995,Branch_6883,232,1431,625.0,1
5996,Branch_6884,5159,5160,6.079027355623101,1
5997,Branch_6885,643,1691,47.43833017077799,1
5998,Branch_6887,643,1334,46.18937644341801,1
5999,Branch_6888,7800,7822,37.5234521575985,1
6000,Branch_6889,857,1570,216.91973969631238,1
6001,Branch_6890,605,857,106.83760683760684,1
6002,Branch_6891,56,57,2000.0,1
6003,Branch_6892,55,56,2000.0,1
6004,Branch_6893,55,51,13.106159895150721,1
6005,Branch_6897,4788,4789,10.60220525869381,1
6006,Branch_6898,4788,4790,10.501995379122032,1
6007,Branch_6899,3627,3630,18.315018315018314,1
6008,Branch_6900,3625,3628,15.28117359413203,1
6009,Branch_6901,3626,3629,15.377518068583731,1
6010,Branch_6902,3683,3682,10.002000400080016,1
6011,Branch_6903,3058,3241,216.45021645021646,1
6012,Branch_6904,3058,3313,5.443658138268916,1
6013,Branch_6905,3058,3431,3.5486160397444997,1
6014,Branch_6906,4305,4306,72.41129616220131,1
6015,Branch_6907,4304,4306,72.41129616220131,1
6016,Branch_6908,4307,4306,-72.41129616220131,1
6017,Branch_6910,3608,3732,94.6073793755913,1
6018,Branch_6911,2971,3732,174.52006980802793,1
6019,Branch_6912,4786,4787,12.009126936471718,1
6020,Branch_6914,4786,6227,321.54340836012864,1
6021,Branch_6917,2897,2898,2000.0,1
6022,Branch_6918,2899,6031,847.457627118644,1
6023,Branch_6919,6262,6260,15.420200462606013,1
6024,Branch_6920,6262,6261,8.862105636299185,1
6025,Branch_6921,6262,6263,16.803898504453034,1
6026,Branch_6922,2284,2283,3.486750348675035,1
6027,Branch_6923,5203,5249,66.75567423230974,1
6028,Branch_6924,8357,8356,17.24435247456458,1
6029,Branch_6925,8357,8356,17.24435247456458,1
6030,Branch_6926,8356,8359,7.754943776657619,1
6031,Branch_6927,8356,8360,7.814942169427947,1
6032,Branch_6928,8356,8358,7.754943776657619,1
6033,Branch_6929,9611,10186,8.091269520187717,1
6034,Branch_6930,9611,10349,4.932669067232279,1
6035,Branch_6931,9596,9611,15.482272797646694,1
6036,Branch_6933,7417,7416,7.767593599502874,1
6037,Branch_6934,5741,5742,4.492362982929021,1
6038,Branch_6936,3679,3680,8.031483414986749,1
6039,Branch_6937,3679,3681,8.065817067268915,1
6040,Branch_6938,3600,3679,45.78754578754579,1
6041,Branch_6939,834,1269,196.8503937007874,1
6042,Branch_6940,1269,1379,54.525627044711015,1
6043,Branch_6941,1269,1380,55.46311702717693,1
6044,Branch_6942,421,1269,30.816640986132512,1
6045,Branch_6943,1269,1625,54.17118093174431,1
6046,Branch_6944,925,924,14.291839359725596,1
6047,Branch_6945,3076,3101,19.297568506368197,1
6048,Branch_6946,600,1380,57.93742757821553,1
6049,Branch_6947,8278,8293,1176.4705882352941,1
6050,Branch_6948,9743,9744,13.368983957219251,1
6051,Branch_6949,9743,9745,13.502565487442615,1
6052,Branch_6950,518,521,12.95001295001295,1
6053,Branch_6951,518,522,12.916559028674762,1
6054,Branch_6952,518,519,5.313496280552604,1
6055,Branch_6953,518,520,5.353319057815845,1
6056,Branch_6954,514,509,10.721561059290233,1
6057,Branch_6955,514,507,10.81665765278529,1
6058,Branch_6956,514,506,10.616838305552607,1
6059,Branch_6957,514,508,10.763104079216445,1
6060,Branch_6958,514,510,10.626992561105208,1
6061,Branch_6959,514,505,5.394616173059287,1
6062,Branch_6960,514,513,9.230201218386561,1
6063,Branch_6961,514,512,7.763372408974458,1
6064,Branch_6962,514,504,12.936610608020699,1
6065,Branch_6963,516,511,9.685230024213075,1
6066,Branch_6964,515,511,9.933445912387008,1
6067,Branch_6965,511,532,26.31578947368421,1
6068,Branch_6966,502,532,3.067484662576687,1
6069,Branch_6967,503,532,3.058103975535168,1
6070,Branch_6968,525,526,10.001000100010002,1
6071,Branch_6969,524,526,10.001000100010002,1
6072,Branch_6970,526,528,5.000250012500625,1
6073,Branch_6971,526,529,12.048192771084338,1
6074,Branch_6973,511,531,11.574074074074074,1
6075,Branch_6974,503,531,5.87820362097343,1
6076,Branch_6975,502,531,5.906325674797708,1
6077,Branch_6976,255,511,102.56410256410257,1
6078,Branch_6977,511,1256,21.427040925648168,1
6079,Branch_6978,7795,7798,50.25125628140704,1
6080,Branch_6979,7080,7082,46.57661853749418,1
6081,Branch_6980,7079,7082,-480.7692307692308,1
6082,Branch_6981,7081,7082,9.01144453455889,1
6083,Branch_6982,3332,3558,1818.1818181818182,1
6084,Branch_6983,3091,3558,6.421782686873876,1
6085,Branch_6984,5585,6908,333.3333333333333,1
6086,Branch_6985,862,1165,4.84027105517909,1
6087,Branch_6986,4459,5585,384.61538461538464,1
6088,Branch_6987,174,834,55.80357142857143,1
6089,Branch_6988,27,263,60.93845216331505,1
6090,Branch_6989,7446,7774,2000.0,1
6091,Branch_6991,8891,8890,16.005121638924457,1
6092,Branch_6992,8888,8890,384.61538461538464,1
6093,Branch_6993,8889,8890,39.43217665615142,1
6094,Branch_6994,8889,9315,54.7645125958379,1
6095,Branch_6995,8889,9315,54.7645125958379,1
6096,Branch_6996,9565,10327,58.78894767783657,1
6097,Branch_6997,9861,10327,74.46016381236039,1
6098,Branch_6998,9070,9068,10.529640939243972,1
6099,Branch_6999,9070,9069,10.529640939243972,1
6100,Branch_7000,9062,9070,454.54545454545456,1
6101,Branch_7001,5635,5932,68.72852233676976,1
6102,Branch_7002,5934,5932,6.031363088057901,1
6103,Branch_7003,5933,5932,5.0208364713561275,1
6104,Branch_7004,5933,6459,17.7999288002848,1
6105,Branch_7005,5932,6664,25.131942699170647,1
6106,Branch_7006,2477,2801,61.95786864931846,1
6107,Branch_7008,2710,2711,43.89815627743635,1
6108,Branch_7009,2210,2211,40.600893219650835,1
6109,Branch_7010,9199,9476,90.33423667570008,1
6110,Branch_7011,961,1375,134.77088948787062,1
6111,Branch_7012,9145,9198,90.33423667570008,1
6112,Branch_7013,705,1375,165.8374792703151,1
6113,Branch_7014,392,393,5.720823798627002,1
6114,Branch_7015,2699,2775,66.35700066357,1
6115,Branch_7019,3979,3978,14.330753797649756,1
6116,Branch_7020,3979,3980,14.3000143000143,1
6117,Branch_7021,3979,3981,15.5448468832582,1
6118,Branch_7022,3384,3383,3.5855145213338115,1
6119,Branch_7023,3199,3225,7.548309178743962,1
6120,Branch_7024,9362,9365,7.224389539083948,1
6121,Branch_7025,8625,9365,1.1098163253981466,1
6122,Branch_7026,8616,9365,2.355601620653915,1
6123,Branch_7027,8644,9250,1.6270745200130166,1
6124,Branch_7028,4255,4316,124.84394506866417,1
6125,Branch_7029,7629,7800,18.618506795754982,1
6126,Branch_7030,7800,7801,7.110858280594468,1
6127,Branch_7031,8892,9353,5.151187348683871,1
6128,Branch_7032,3050,3227,1.6984272563606102,1
6129,Branch_7033,9292,9361,3.250975292587776,1
6130,Branch_7034,293,1596,141.44271570014143,1
6131,Branch_7035,7101,7107,12.169891687963977,1
6132,Branch_7036,7101,7106,12.192148256522799,1
6133,Branch_7037,7101,7102,12.169891687963977,1
6134,Branch_7038,7104,7110,12.112403100775193,1
6135,Branch_7039,7104,7109,12.19958521410272,1
6136,Branch_7040,7104,7105,12.135922330097088,1
6137,Branch_7041,7101,7103,27.878449958182326,1
6138,Branch_7042,7104,7108,27.808676307007786,1
6139,Branch_7043,6461,6998,2000.0,1
6140,Branch_7044,10004,10119,125.31328320802005,1
6141,Branch_7045,10018,10119,48.59086491739553,1
6142,Branch_7046,8737,8816,47.37091425864519,1
6143,Branch_7047,8737,9200,40.22526146419952,1
6144,Branch_7048,8737,9104,251.88916876574308,1
6145,Branch_7049,8737,9102,251.88916876574308,1
6146,Branch_7050,8737,9103,251.88916876574308,1
6147,Branch_7051,9101,9104,14.36988072998994,1
6148,Branch_7052,9100,9102,13.904338153503893,1
6149,Branch_7053,9099,9103,13.827433628318584,1
6150,Branch_7054,3225,3381,5.406282099799967,1
6151,Branch_7055,3225,3331,1.9062869343093523,1
6152,Branch_7056,7155,7156,2000.0,1
6153,Branch_7057,4633,5648,31.240237425804438,1
6154,Branch_7058,5399,6683,82.57638315441784,1
6155,Branch_7059,5107,5289,31.055900621118013,1
6156,Branch_7060,4587,5118,13.35291761249833,1
6157,Branch_7061,9894,9892,16.655562958027982,1
6158,Branch_7062,9894,9893,16.655562958027982,1
6159,Branch_7063,639,912,225.22522522522522,1
6160,Branch_7065,6344,6347,14.285714285714286,1
6161,Branch_7066,6346,6347,100.30090270812437,1
6162,Branch_7067,6345,6347,1.556250680859673,1
6163,Branch_7068,912,913,2000.0,1
6164,Branch_7070,873,912,110.49723756906077,1
6165,Branch_7072,357,765,103.62694300518135,1
6166,Branch_7073,10147,10148,54.112554112554115,1
6167,Branch_7074,10146,10148,101.9367991845056,1
6168,Branch_7075,10149,10148,6.914194842010648,1
6169,Branch_7076,2922,3538,2000.0,1
6170,Branch_7077,2967,3538,22.660321776569226,1
6171,Branch_7078,3309,3538,88.41732979664015,1
6172,Branch_7079,9160,9168,2000.0,1
6173,Branch_7080,9168,9167,7.217610970768676,1
6174,Branch_7081,7610,7609,5.887894488930758,1
6175,Branch_7082,7609,7620,9.92950054612253,1
6176,Branch_7083,7610,8404,14.351320321469576,1
6177,Branch_7084,2912,3467,69.25207756232687,1
6178,Branch_7085,3141,3642,73.04601899196494,1
6179,Branch_7086,3127,3142,53.648068669527895,1
6180,Branch_7087,3141,3142,2000.0,1
6181,Branch_7088,3858,4030,2000.0,1
6182,Branch_7089,3858,3856,42.24757076468103,1
6183,Branch_7090,3858,3857,42.24757076468103,1
6184,Branch_7091,3858,3855,42.24757076468103,1
6185,Branch_7092,3858,3854,75.7002271006813,1
6186,Branch_7093,7724,7723,7.523888345496953,1
6187,Branch_7094,7723,7986,9.609840476648088,1
6188,Branch_7095,7148,7723,12.493753123438282,1
6189,Branch_7096,7774,7985,17.01258931609391,1
6190,Branch_7097,4647,4646,12.750223128904755,1
6191,Branch_7098,4647,4651,183.4862385321101,1
6192,Branch_7099,5771,7112,122.85012285012284,1
6193,Branch_7100,1446,1468,50.70993914807302,1
6194,Branch_7101,1324,1447,51.94805194805195,1
6195,Branch_7102,1447,1448,2000.0,1
6196,Branch_7103,1446,1564,96.15384615384616,1
6197,Branch_7105,8601,9443,27.51031636863824,1
6198,Branch_7107,174,1067,88.49557522123894,1
6199,Branch_7108,1104,1112,354.6099290780142,1
6200,Branch_7109,425,1104,10.902747492368077,1
6201,Branch_7110,56,1742,1818.1818181818182,1
6202,Branch_7111,8805,8888,12.49843769528809,1
6203,Branch_7112,7381,7380,9.901970492127933,1
6204,Branch_7113,7381,7389,2000.0,1
6205,Branch_7114,397,553,28.256569652444192,1
6206,Branch_7115,395,397,117.37089201877934,1
6207,Branch_7116,396,398,118.48341232227489,1
6208,Branch_7117,397,1525,144.92753623188406,1
6209,Branch_7118,398,1525,144.3001443001443,1
6210,Branch_7119,1379,1709,47.68717215069147,1
6211,Branch_7120,966,1709,86.20689655172414,1
6212,Branch_7121,2337,2752,61.652281134401974,1
6213,Branch_7122,2013,2337,43.196544276457885,1
6214,Branch_7123,648,1714,102.6694045174538,1
6215,Branch_7124,915,1364,175.43859649122808,1
6216,Branch_7125,1364,1403,77.63975155279503,1
6217,Branch_7126,356,1403,89.04719501335708,1
6218,Branch_7127,356,1775,35.373187124159884,1
6219,Branch_7128,1509,1714,59.523809523809526,1
6220,Branch_7129,326,1262,17.88908765652952,1
6221,Branch_7130,229,1716,25.374270489723422,1
6222,Branch_7131,1412,1716,54.67468562055768,1
6223,Branch_7132,229,326,285.7142857142857,1
6224,Branch_7133,209,1323,366.3003663003663,1
6225,Branch_7134,420,1273,507.61421319796955,1
6226,Branch_7135,420,835,77.88161993769471,1
6227,Branch_7136,552,1273,352.11267605633805,1
6228,Branch_7137,235,552,352.11267605633805,1
6229,Branch_7138,420,1323,568.1818181818181,1
6230,Branch_7139,420,1762,93.02325581395348,1
6231,Branch_7140,420,1763,93.98496240601504,1
6232,Branch_7141,993,1482,14.757969303423849,1
6233,Branch_7142,209,993,92.42144177449168,1
6234,Branch_7143,209,1323,185.1851851851852,1
6235,Branch_7144,1323,1423,1562.5,1
6236,Branch_7145,235,1423,86.35578583765113,1
6237,Branch_7146,993,1482,14.723203769140165,1
6238,Branch_7147,993,1509,228.83295194508008,1
6239,Branch_7148,209,1509,108.69565217391305,1
6240,Branch_7149,76,1482,86.80555555555556,1
6241,Branch_7150,76,648,116.14401858304298,1
6242,Branch_7152,229,278,35.62522265764161,1
6243,Branch_7153,2379,2563,261.78010471204186,1
6244,Branch_7154,2379,2525,144.0922190201729,1
6245,Branch_7155,2059,2673,99.2063492063492,1
6246,Branch_7156,2000,2059,133.86880856760374,1
6247,Branch_7157,284,1377,49.26108374384236,1
6248,Branch_7158,284,673,54.34782608695652,1
6249,Branch_7159,284,833,925.925925925926,1
6250,Branch_7160,307,662,279.3296089385475,1
6251,Branch_7161,260,662,246.30541871921181,1
6252,Branch_7162,234,673,67.47638326585695,1
6253,Branch_7163,29,673,192.67822736030828,1
6254,Branch_7164,28,29,454.54545454545456,1
6255,Branch_7165,28,212,454.54545454545456,1
6256,Branch_7166,28,721,2000.0,1
6257,Branch_7167,234,260,67.56756756756756,1
6258,Branch_7168,260,594,58.51375073142189,1
6259,Branch_7169,594,1753,60.31363088057901,1
6260,Branch_7173,248,307,257.7319587628866,1
6261,Branch_7174,208,248,18.115942028985508,1
6262,Branch_7175,248,1753,143.47202295552367,1
6263,Branch_7176,208,1361,16.31055292774425,1
6264,Branch_7177,208,824,110.49723756906077,1
6265,Branch_7178,358,824,93.45794392523365,1
6266,Branch_7179,497,1377,56.78591709256104,1
6267,Branch_7180,474,497,510.2040816326531,1
6268,Branch_7181,358,1377,42.42681374628766,1
6269,Branch_7182,1603,1715,23.457658925639223,1
6270,Branch_7183,589,1715,78.36990595611286,1
6271,Branch_7184,589,642,11.771630370806356,1
6272,Branch_7185,642,916,137.7410468319559,1
6273,Branch_7186,550,1753,105.9322033898305,1
6274,Branch_7187,279,391,454.54545454545456,1
6275,Branch_7188,391,658,704.2253521126761,1
6276,Branch_7189,250,658,95.60229445506693,1
6277,Branch_7192,550,1753,90.00900090009002,1
6278,Branch_7193,2332,2333,3.5855145213338115,1
6279,Branch_7194,835,1482,76.4525993883792,1
6280,Branch_7195,9971,9979,13.119916032537391,1
6281,Branch_7196,9971,10166,9.980039920159681,1
6282,Branch_7197,3755,3756,15.832805573147562,1
6283,Branch_7198,3755,3757,6.892748828232699,1
6284,Branch_7199,3736,3755,2000.0,1
6285,Branch_7200,151,153,2000.0,1
6286,Branch_7201,30,151,11.67269756040621,1
6287,Branch_7202,998,997,6.70510929328148,1
6288,Branch_7203,8923,9444,114.41647597254004,1
6289,Branch_7204,422,1605,18.214936247723134,1
6290,Branch_7205,422,1683,25.012506253126563,1
6291,Branch_7207,2264,2265,32.701111837802486,1
6292,Branch_7208,984,1427,213.21961620469082,1
6293,Branch_7210,8841,9388,23.860653781913623,1
6294,Branch_7211,9387,9468,10.629251700680273,1
6295,Branch_7212,9258,9388,14.766686355581808,1
6296,Branch_7213,9388,9390,9.195402298850574,1
6297,Branch_7214,9387,9390,-62.853551225644246,1
6298,Branch_7215,9389,9390,0.7523831737027034,1
6299,Branch_7217,2265,2575,2000.0,1
6300,Branch_7218,8678,8682,104.82180293501048,1
6301,Branch_7219,8682,9195,41.339396444811904,1
6302,Branch_7220,8682,9374,40.11231448054553,1
6303,Branch_7221,8544,8679,105.26315789473684,1
6304,Branch_7222,8544,8915,17.6056338028169,1
6305,Branch_7223,8544,9359,79.1765637371338,1
6306,Branch_7224,8678,8680,2000.0,1
6307,Branch_7225,4432,5107,8.547008547008547,1
6308,Branch_7228,9625,9947,94.6969696969697,1
6309,Branch_7229,9629,9705,178.57142857142858,1
6310,Branch_7230,451,1275,135.13513513513513,1
6311,Branch_7231,451,1274,113.37868480725623,1
6312,Branch_7232,1274,1466,23.82654276864427,1
6313,Branch_7233,1274,1424,72.67441860465117,1
6314,Branch_7234,1275,1276,2000.0,1
6315,Branch_7235,1275,1525,9.686168151879116,1
6316,Branch_7236,1691,1694,23.803856224708404,1
6317,Branch_7237,1694,1696,2000.0,1
6318,Branch_7241,573,1690,263.85224274406335,1
6319,Branch_7242,573,1690,263.85224274406335,1
6320,Branch_7243,1169,1694,70.0280112044818,1
6321,Branch_7244,1167,1691,70.17543859649123,1
6322,Branch_7245,390,1697,45.02476361999099,1
6323,Branch_7246,1697,1734,56.40157924421884,1
6324,Branch_7247,661,1694,77.51937984496124,1
6325,Branch_7248,610,1694,390.625,1
6326,Branch_7249,611,1694,398.40637450199205,1
6327,Branch_7250,1607,1690,304.8780487804878,1
6328,Branch_7252,1508,1694,74.57121551081282,1
6329,Branch_7253,1697,1802,105.3740779768177,1
6330,Branch_7254,1691,1803,107.87486515641855,1
6331,Branch_7255,1693,1776,10.978153474585575,1
6332,Branch_7257,1691,1702,211.41649048625794,1
6333,Branch_7258,1690,1702,101.7293997965412,1
6334,Branch_7260,1705,1702,12.026458208057727,1
6335,Branch_7261,1697,1703,-248.75621890547265,1
6336,Branch_7262,1690,1703,54.614964500273075,1
6337,Branch_7264,1706,1703,10.580890911014707,1
6338,Branch_7265,1693,1704,13.252054068380598,1
6339,Branch_7266,1697,1704,-25.284450063211125,1
6340,Branch_7267,1707,1704,3.372795035245708,1
6341,Branch_7268,1695,1687,6.527415143603133,1
6342,Branch_7269,1701,1687,6.559958016268696,1
6343,Branch_7270,1696,1687,136.986301369863,1
6344,Branch_7271,1700,1688,5.02411575562701,1
6345,Branch_7272,1689,1688,5.094762584063583,1
6346,Branch_7273,1696,1688,-27.070925825663238,1
6347,Branch_7274,1698,1692,5.024368185700648,1
6348,Branch_7275,1699,1692,5.111690436027194,1
6349,Branch_7276,1696,1692,-29.086678301337987,1
6350,Branch_7282,4107,4215,102.35414534288638,1
6351,Branch_7283,4107,4416,45.537340619307834,1
6352,Branch_7284,5279,6983,99.60159362549801,1
6353,Branch_7285,10137,10159,40.783034257748774,1
6354,Branch_7286,5814,7070,47.66444232602478,1
6355,Branch_7287,1981,2843,152.9051987767584,1
6356,Branch_7288,1981,2277,39.714058776806986,1
6357,Branch_7289,8821,9384,16.142050040355127,1
6358,Branch_7290,9384,9383,17.31301939058172,1
6359,Branch_7291,8677,9383,39.21568627450981,1
6360,Branch_7292,5890,5894,8.021819348628268,1
6361,Branch_7293,9366,9383,49.382716049382715,1
6362,Branch_7294,8673,9384,61.34969325153374,1
6363,Branch_7295,8677,9245,8.361204013377927,1
6364,Branch_7296,638,639,84.45945945945945,1
6365,Branch_7300,860,1391,48.99559039686428,1
6366,Branch_7301,860,1022,105.04201680672269,1
6367,Branch_7302,861,1022,53.07855626326964,1
6368,Branch_7303,858,860,56.49717514124294,1
6369,Branch_7304,859,861,142.45014245014244,1
6370,Branch_7305,8894,8983,89.76660682226212,1
6371,Branch_7306,8983,9246,106.38297872340425,1
6372,Branch_7307,4107,4111,28.735632183908045,1
6373,Branch_7308,4106,4111,-120.48192771084338,1
6374,Branch_7309,4108,4111,4.477077363896848,1
6375,Branch_7310,4107,4112,31.436655139893116,1
6376,Branch_7311,4106,4112,-546.448087431694,1
6377,Branch_7312,4113,4112,9.991008092716555,1
6378,Branch_7313,4107,4110,30.693677102516883,1
6379,Branch_7314,4106,4110,-381.6793893129771,1
6380,Branch_7315,4109,4110,10.903936321011885,1
6381,Branch_7316,4106,4192,173.61111111111111,1
6382,Branch_7317,4107,6970,30.656039239730227,1
6383,Branch_7319,2349,2347,12.504689258471927,1
6384,Branch_7320,2349,2348,12.408487405385284,1
6385,Branch_7321,2349,2351,34.02517863218782,1
6386,Branch_7322,2074,2073,9.032607713846987,1
6387,Branch_7323,2011,2074,2000.0,1
6388,Branch_7324,8756,9380,110.13215859030836,1
6389,Branch_7325,8756,9380,110.01100110011001,1
6390,Branch_7326,8756,8796,41.49377593360996,1
6391,Branch_7327,8756,9496,57.37234652897303,1
6392,Branch_7329,8756,8757,2000.0,1
6393,Branch_7330,8756,8758,2000.0,1
6394,Branch_7331,8756,8842,67.24949562878278,1
6395,Branch_7332,1993,2519,2000.0,1
6396,Branch_7333,1993,2519,2000.0,1
6397,Branch_7334,2520,2521,57.77007510109763,1
6398,Branch_7335,2519,2521,-746.2686567164179,1
6399,Branch_7336,2524,2521,6.9993700566948975,1
6400,Branch_7337,2520,2522,56.433408577878104,1
6401,Branch_7338,2519,2522,-584.7953216374269,1
6402,Branch_7339,2523,2522,6.675567423230975,1
6403,Branch_7340,3380,3382,4.84824978182876,1
6404,Branch_7341,8916,9422,4.988775255674732,1
6405,Branch_7342,9678,10095,1587.3015873015872,1
6406,Branch_7343,9578,10153,51.41388174807198,1
6407,Branch_7344,9578,10174,3.8797284190106693,1
6408,Branch_7345,7403,7461,2000.0,1
6409,Branch_7346,7372,7461,211.41649048625794,1
6410,Branch_7347,7373,7461,1785.7142857142858,1
6411,Branch_7348,7373,8274,2000.0,1
6412,Branch_7349,9137,9136,7.046223224351747,1
6413,Branch_7350,8740,9137,2000.0,1
6414,Branch_7351,6843,6871,3.3261267254282387,1
6415,Branch_7352,1052,1441,94.07337723424271,1
6416,Branch_7353,599,1052,30.665440049064703,1
6417,Branch_7355,1052,1060,2000.0,1
6418,Branch_7356,2500,2501,8.055421298533913,1
6419,Branch_7357,6551,6577,5.06482982171799,1
6420,Branch_7358,65,972,135.31799729364005,1
6421,Branch_7359,485,972,120.33694344163658,1
6422,Branch_7361,3223,3587,3.9184952978056424,1
6423,Branch_7362,3057,3223,14.667057788207686,1
6424,Branch_7365,451,1459,448.4304932735426,1
6425,Branch_7366,5183,5281,45.537340619307834,1
6426,Branch_7367,9517,9518,6.761325219743069,1
6427,Branch_7368,211,298,125.94458438287154,1
6428,Branch_7369,5183,5181,9.017132551848512,1
6429,Branch_7370,5182,5181,-109.89010989010988,1
6430,Branch_7371,5184,5181,3.0609121518212428,1
6431,Branch_7372,5183,5179,9.68054211035818,1
6432,Branch_7373,5180,5179,178.57142857142858,1
6433,Branch_7374,5185,5179,3.248862897985705,1
6434,Branch_7375,211,624,2000.0,1
6435,Branch_7376,3007,3012,2000.0,1
6436,Branch_7377,3012,3013,10.584250635055039,1
6437,Branch_7378,8956,9054,202.83975659229208,1
6438,Branch_7379,8956,8957,2000.0,1
6439,Branch_7380,8956,8958,2000.0,1
6440,Branch_7381,8956,9061,58.89281507656066,1
6441,Branch_7382,255,1210,13.877324451845684,1
6442,Branch_7383,4800,4799,6.68851581833991,1
6443,Branch_7385,4783,4800,2000.0,1
6444,Branch_7386,2973,3787,3.3348896151537386,1
6445,Branch_7387,2599,2600,4.13992962119644,1
6446,Branch_7388,7145,7518,3.585385966799326,1
6447,Branch_7389,9840,9985,5.395489370885939,1
6448,Branch_7390,9902,9900,9.46880030300161,1
6449,Branch_7391,9902,9901,6.601531555320834,1
6450,Branch_7392,3935,4003,14.515894904920888,1
6451,Branch_7393,3717,3715,8.014104824491104,1
6452,Branch_7394,3717,3716,8.084074373484237,1
6453,Branch_7395,3679,3717,36.50967506389193,1
6454,Branch_7396,10159,10206,2000.0,1
6455,Branch_7397,1760,1763,1000.0,1
6456,Branch_7398,1760,1762,1000.0,1
6457,Branch_7399,9670,10327,2000.0,1
6458,Branch_7400,9670,9669,11.363636363636363,1
6459,Branch_7403,410,1736,328.94736842105266,1
6460,Branch_7404,411,1102,101.6260162601626,1
6461,Branch_7407,411,891,261.0966057441253,1
6462,Branch_7408,410,411,2000.0,1
6463,Branch_7409,410,412,2000.0,1
6464,Branch_7411,9665,9663,10.50089257586895,1
6465,Branch_7412,9665,9664,10.50089257586895,1
6466,Branch_7413,9661,9660,10.498687664041995,1
6467,Branch_7414,9661,9662,10.498687664041995,1
6468,Branch_7415,2085,2115,2000.0,1
6469,Branch_7416,2115,2114,4.669406051550243,1
6470,Branch_7417,9612,9970,14.273479874393377,1
6471,Branch_7418,9970,10022,12.307692307692308,1
6472,Branch_7419,9970,9991,5.050249987374375,1
6473,Branch_7420,9632,9704,84.38818565400844,1
6474,Branch_7421,9632,10284,19.86491855383393,1
6475,Branch_7422,9632,10284,19.9203187250996,1
6476,Branch_7423,5340,5422,5.161823155938677,1
6477,Branch_7424,5069,5422,512.8205128205128,1
6478,Branch_7425,5537,6637,151.9756838905775,1
6479,Branch_7426,4692,6637,42.918454935622314,1
6480,Branch_7427,4545,4555,98.61932938856016,1
6481,Branch_7428,6171,6439,115.47344110854503,1
6482,Branch_7429,6440,6596,240.96385542168676,1
6483,Branch_7430,6596,7074,7.549448890231013,1
6484,Branch_7431,7403,7401,9.79431929480901,1
6485,Branch_7432,7403,7402,9.782821365681862,1
6486,Branch_7433,4887,4889,6.741724533135576,1
6487,Branch_7434,4887,4888,6.741724533135576,1
6488,Branch_7435,4887,6660,59.630292188431724,1
6489,Branch_7436,777,1634,27.3224043715847,1
6490,Branch_7438,1363,1634,3.5998416069692936,1
6491,Branch_7439,4888,5581,4.425170369059209,1
6492,Branch_7440,8540,8640,10.396091069757771,1
6493,Branch_7441,4887,6471,26.73082063619353,1
6494,Branch_7442,8659,8713,7.817997029161129,1
6495,Branch_7443,4093,4106,20.55076037813399,1
6496,Branch_7444,3915,4093,97.75171065493646,1
6497,Branch_7445,5111,6068,56.85048322910745,1
6498,Branch_7446,5111,6069,38.095238095238095,1
6499,Branch_7447,4093,4360,133.86880856760374,1
6500,Branch_7449,4648,4776,37.764350453172206,1
6501,Branch_7450,9858,9859,6.636580833554553,1
6502,Branch_7451,9858,9860,7.8277886497064575,1
6503,Branch_7452,3964,4192,432.9004329004329,1
6504,Branch_7453,3964,3962,8.121497604158208,1
6505,Branch_7454,3964,3963,8.111615833874108,1
6506,Branch_7455,8984,9264,63.57279084551812,1
6507,Branch_7456,8984,9098,127.2264631043257,1
6508,Branch_7457,8984,8985,2000.0,1
6509,Branch_7458,4768,4769,8.203445447087777,1
6510,Branch_7459,4765,4768,2000.0,1
6511,Branch_7460,5068,5070,21.159542953872197,1
6512,Branch_7461,5068,5069,10.882576994232235,1
6513,Branch_7462,3890,4075,107.52688172043011,1
6514,Branch_7463,7024,7023,4.911591355599214,1
6515,Branch_7464,6015,6021,23.540489642184557,1
6516,Branch_7465,6018,6022,41.736227045075125,1
6517,Branch_7466,6018,6019,78.06401249024199,1
6518,Branch_7467,6015,6019,63.25110689437065,1
6519,Branch_7468,6020,6019,5.185915054711404,1
6520,Branch_7469,6068,6888,62.53908692933083,1
6521,Branch_7470,8328,8326,15.496668216333488,1
6522,Branch_7471,8328,8327,15.496668216333488,1
6523,Branch_7472,1062,1463,93.10986964618249,1
6524,Branch_7473,1062,1465,116.82242990654206,1
6525,Branch_7475,1465,1584,161.29032258064515,1
6526,Branch_7476,1462,1463,326.797385620915,1
6527,Branch_7477,1464,1465,326.797385620915,1
6528,Branch_7478,1302,1307,1785.7142857142858,1
6529,Branch_7479,1302,1308,1408.4507042253522,1
6530,Branch_7480,1596,1598,24.740227610094013,1
6531,Branch_7481,1597,1598,-284.9002849002849,1
6532,Branch_7482,1599,1598,7.089181908407769,1
6533,Branch_7483,1596,1600,23.435669088352473,1
6534,Branch_7484,1597,1600,-173.61111111111111,1
6535,Branch_7485,1601,1600,5.942829975634397,1
6536,Branch_7486,1319,1596,175.7469244288225,1
6537,Branch_7487,1277,1278,2000.0,1
6538,Branch_7488,1270,1277,157.23270440251574,1
6539,Branch_7490,1278,1522,621.1180124223603,1
6540,Branch_7491,2808,2809,12.60239445494644,1
6541,Branch_7492,2808,2811,12.60239445494644,1
6542,Branch_7493,2808,2812,12.60239445494644,1
6543,Branch_7494,2808,2813,12.60239445494644,1
6544,Branch_7495,2808,2810,16.002560409665545,1
6545,Branch_7496,2808,2807,16.002560409665545,1
6546,Branch_7497,7597,8294,5.842486562280907,1
6547,Branch_7501,9600,10008,2000.0,1
6548,Branch_7502,7938,7950,2000.0,1
6549,Branch_7503,7950,7951,10.152284263959391,1
6550,Branch_7504,4497,4765,5.823433496389471,1
6551,Branch_7505,4497,5968,4.753981459472308,1
6552,Branch_7506,9620,9661,212.31422505307856,1
6553,Branch_7507,1577,1579,-174.52006980802793,1
6554,Branch_7508,1575,1579,23.452157598499063,1
6555,Branch_7509,1580,1579,5.941770647653001,1
6556,Branch_7510,225,1575,34.61405330564209,1
6557,Branch_7511,476,1575,62.97229219143577,1
6558,Branch_7512,1577,1743,7.949757532395262,1
6559,Branch_7513,4309,4349,2000.0,1
6560,Branch_7514,4608,6555,60.71645415907711,1
6561,Branch_7515,4608,4607,11.276499774470004,1
6562,Branch_7516,611,1773,53.70569280343717,1
6563,Branch_7517,10127,10343,13.724951962668131,1
6564,Branch_7518,10343,10342,31.756113051762465,1
6565,Branch_7519,10145,10342,16.733601070950467,1
6566,Branch_7520,10016,10342,6.988120195667365,1
6567,Branch_7521,707,830,70.47216349541931,1
6568,Branch_7522,494,637,854.7008547008547,1
6569,Branch_7523,492,634,854.7008547008547,1
6570,Branch_7524,494,1329,43.85964912280702,1
6571,Branch_7525,493,494,137.7410468319559,1
6572,Branch_7526,492,495,138.50415512465375,1
6573,Branch_7527,492,742,63.775510204081634,1
6574,Branch_7528,2469,2471,724.6376811594203,1
6575,Branch_7529,2468,2470,724.6376811594203,1
6576,Branch_7530,2546,2572,142.2475106685633,1
6577,Branch_7531,1963,2572,78.98894154818325,1
6578,Branch_7532,2488,2891,102.56410256410257,1
6579,Branch_7533,2525,2891,51.59958720330237,1
6580,Branch_7534,1959,2488,55.09641873278237,1
6581,Branch_7535,2453,2488,64.93506493506493,1
6582,Branch_7536,2359,2488,80.0,1
6583,Branch_7537,2360,2488,79.36507936507937,1
6584,Branch_7539,2458,2488,36.65689149560117,1
6585,Branch_7540,2481,2488,36.114120621162876,1
6586,Branch_7541,1884,1975,103.19917440660474,1
6587,Branch_7542,1975,2660,88.10572687224669,1
6588,Branch_7543,483,1419,384.61538461538464,1
6589,Branch_7544,483,980,273.224043715847,1
6590,Branch_7545,8649,9201,148.3679525222552,1
6591,Branch_7546,8777,9201,86.95652173913044,1
6592,Branch_7547,8684,8899,18.54943424225561,1
6593,Branch_7549,8664,9364,103.7344398340249,1
6594,Branch_7550,9256,9364,76.80491551459293,1
6595,Branch_7551,4854,4853,18.453589223103894,1
6596,Branch_7552,3394,3396,8.395600705230459,1
6597,Branch_7553,3394,3397,8.468834688346883,1
6598,Branch_7555,3394,3395,2000.0,1
6599,Branch_7556,3394,9444,5.775672865888876,1
6600,Branch_7557,3395,3675,8.387150884844418,1
6601,Branch_7558,3037,3394,28.70264064293915,1
6602,Branch_7559,3069,3394,22.286605749944282,1
6603,Branch_7561,3293,3518,44.11116012351125,1
6604,Branch_7563,3189,3518,9.306654257794323,1
6605,Branch_7564,3518,3814,16.934801016088063,1
6606,Branch_7565,3247,3293,4.225114078080108,1
6607,Branch_7566,2907,3814,26.98327037236913,1
6608,Branch_7567,2907,3449,366.3003663003663,1
6609,Branch_7568,2907,3097,12.489072061945798,1
6610,Branch_7569,5549,6960,58.71990604815032,1
6611,Branch_7570,423,1154,253.80710659898477,1
6612,Branch_7571,6251,6660,30.147723846849562,1
6613,Branch_7573,423,1092,581.3953488372093,1
6614,Branch_7574,7360,7359,12.426991425375917,1
6615,Branch_7575,10106,10250,91.57509157509158,1
6616,Branch_7576,2937,3641,10.641694157709907,1
6617,Branch_7577,2937,3647,41.050903119868636,1
6618,Branch_7578,2937,3547,8.089305937550558,1
6619,Branch_7579,3065,3171,11.678150181011327,1
6620,Branch_7580,3065,3529,7.780284758422158,1
6621,Branch_7581,8663,9393,32.99241174529858,1
6622,Branch_7582,8779,9393,22.456770716370986,1
6623,Branch_7583,9225,9393,21.39495079161318,1
6624,Branch_7584,8662,8663,16.299918500407497,1
6625,Branch_7585,8662,8777,78.86435331230284,1
6626,Branch_7586,8662,9000,71.27583749109051,1
6627,Branch_7587,8567,8662,13.906271728549576,1
6628,Branch_7588,9525,10022,7.1438776968138304,1
6629,Branch_7589,3125,3175,36.24501631025734,1
6630,Branch_7590,2934,3175,43.78283712784589,1
6631,Branch_7591,2934,3106,11.168192986374805,1
6632,Branch_7592,9955,9954,16.08234158893535,1
6633,Branch_7593,9524,10106,41.06776180698152,1
6634,Branch_7594,10029,10227,254.4529262086514,1
6635,Branch_7595,10227,10240,8.640055296353896,1
6636,Branch_7596,10193,10227,5.804841237592152,1
6637,Branch_7597,10029,10169,19.46282600233554,1
6638,Branch_7598,9639,10170,26.838432635534083,1
6639,Branch_7599,10060,10240,59.45303210463734,1
6640,Branch_7600,10060,10215,9.70591089973794,1
6641,Branch_7601,9998,10060,16.246953696181965,1
6642,Branch_7602,5630,5967,27.90957298353335,1
6643,Branch_7603,5968,5967,6.741724533135576,1
6644,Branch_7604,5968,5967,6.8455640744797375,1
6645,Branch_7605,3096,3156,6.153467478924374,1
6646,Branch_7606,467,885,289.01734104046244,1
6647,Branch_7607,2917,3703,80.1924619085806,1
6648,Branch_7608,10225,10224,4.633920296570899,1
6649,Branch_7609,10226,10224,5.031446540880503,1
6650,Branch_7610,10006,10224,36.166365280289334,1
6651,Branch_7611,10224,10251,46.97040864255519,1
6652,Branch_7612,10046,10225,25.33569799847986,1
6653,Branch_7613,1875,1879,28.868360277136258,1
6654,Branch_7614,1875,1876,28.868360277136258,1
6655,Branch_7615,1875,1878,28.868360277136258,1
6656,Branch_7616,1875,1877,28.868360277136258,1
6657,Branch_7617,7328,7985,133.6898395721925,1
6658,Branch_7618,222,1557,73.69196757553426,1
6659,Branch_7619,223,1556,73.90983000739098,1
6660,Branch_7620,225,571,136.05442176870747,1
6661,Branch_7621,222,224,2000.0,1
6662,Branch_7622,223,225,2000.0,1
6663,Branch_7623,224,1641,107.29613733905579,1
6664,Branch_7624,575,670,53.937432578209275,1
6665,Branch_7625,670,1155,47.39336492890995,1
6666,Branch_7626,257,670,53.87931034482759,1
6667,Branch_7627,6076,6081,46.8384074941452,1
6668,Branch_7628,6077,6081,-502.51256281407035,1
6669,Branch_7629,6080,6081,8.949346697691068,1
6670,Branch_7630,6076,6082,47.778308647873864,1
6671,Branch_7631,6077,6082,-657.8947368421053,1
6672,Branch_7632,6083,6082,8.91583452211127,1
6673,Branch_7633,7895,7897,30.120481927710845,1
6674,Branch_7634,8095,8097,269.54177897574124,1
6675,Branch_7636,8325,8324,14.488554042306578,1
6676,Branch_7637,3770,3771,4.001760774740886,1
6677,Branch_7638,8713,8788,25.451768897938408,1
6678,Branch_7639,8647,8788,23.719165085388994,1
6679,Branch_7640,8788,9483,96.8054211035818,1
6680,Branch_7641,8666,8749,10.0999899000101,1
6681,Branch_7642,8666,9268,209.64360587002096,1
6682,Branch_7643,2935,2948,5.294086505373498,1
6683,Branch_7645,2948,3773,22.01188641866608,1
6684,Branch_7646,2932,2948,2000.0,1
6685,Branch_7647,2948,3092,1.796299622777079,1
6686,Branch_7648,4236,4331,15.335071308081583,1
6687,Branch_7649,4104,4331,11.20699316373417,1
6688,Branch_7651,8833,8894,121.65450121654501,1
6689,Branch_7652,8833,9075,97.27626459143968,1
6690,Branch_7653,8833,9328,46.948356807511736,1
6691,Branch_7654,8833,9328,46.92632566870014,1
6692,Branch_7655,8475,8901,362.3188405797101,1
6693,Branch_7656,8475,8901,99.60159362549801,1
6694,Branch_7657,208,209,14.326647564469914,1
6695,Branch_7658,208,209,14.326647564469914,1
6696,Branch_7659,8608,9235,19.98800719568259,1
6697,Branch_7660,9235,9470,25.819777949909632,1
6698,Branch_7661,8628,9234,143.47202295552367,1
6699,Branch_7663,2939,2940,7.002801120448179,1
6700,Branch_7664,4935,4963,2000.0,1
6701,Branch_7665,4601,4935,79.4912559618442,1
6702,Branch_7666,4575,4935,30.797659377887282,1
6703,Branch_7667,10162,10326,26.226068712300027,1
6704,Branch_7671,9622,9654,2000.0,1
6705,Branch_7672,8082,8293,140.4494382022472,1
6706,Branch_7673,8293,8295,8.800492827598346,1
6707,Branch_7674,8294,8295,-58.241118229470004,1
6708,Branch_7675,8296,8295,0.826637569024237,1
6709,Branch_7676,3334,3362,6.373080109616978,1
6710,Branch_7677,3092,3334,3.3324446814182886,1
6711,Branch_7678,1503,1505,1694.915254237288,1
6712,Branch_7679,1503,1743,5.527915975677169,1
6713,Branch_7680,1504,1505,2000.0,1
6714,Branch_7681,1503,1652,21.81976871045167,1
6715,Branch_7682,11,262,64.14368184733804,1
6716,Branch_7683,1895,1902,206.18556701030928,1
6717,Branch_7684,3340,3562,934.5794392523364,1
6718,Branch_7685,1902,3563,416.6666666666667,1
6719,Branch_7686,1897,3563,19.976028765481423,1
6720,Branch_7687,3201,3562,17.14089818306479,1
6721,Branch_7688,3340,3565,1041.6666666666667,1
6722,Branch_7689,1902,3564,300.3003003003003,1
6723,Branch_7690,1893,3564,18.76172607879925,1
6724,Branch_7692,1896,1902,202.42914979757086,1
6725,Branch_7693,1901,1905,11.295606009262396,1
6726,Branch_7694,1900,1901,-21.367521367521366,1
6727,Branch_7695,1900,1903,41.35649296939619,1
6728,Branch_7696,1902,1903,41.35649296939619,1
6729,Branch_7697,1898,1903,5.226298735235706,1
6730,Branch_7698,1900,1904,41.459369817578775,1
6731,Branch_7699,1902,1904,41.459369817578775,1
6732,Branch_7700,1899,1904,5.220024012110455,1
6733,Branch_7701,1896,1892,10.39176971838304,1
6734,Branch_7702,1897,1891,15.20450053215752,1
6735,Branch_7703,1893,1888,8.171269815329302,1
6736,Branch_7704,1893,1888,8.126777732629012,1
6737,Branch_7705,1894,1889,8.101758081503686,1
6738,Branch_7706,1895,1890,15.396458814472672,1
6739,Branch_7707,3201,3202,15.20450053215752,1
6740,Branch_7711,2945,2943,10.26167265264238,1
6741,Branch_7712,2945,2944,10.26167265264238,1
6742,Branch_7713,2945,7253,102.04081632653062,1
6743,Branch_7716,5394,6577,5.923117929277972,1
6744,Branch_7717,9228,9229,2000.0,1
6745,Branch_7718,9228,9256,74.8502994011976,1
6746,Branch_7719,4841,5138,18.443378827001105,1
6747,Branch_7720,3445,3652,2000.0,1
6748,Branch_7721,3336,3445,97.27626459143968,1
6749,Branch_7722,2833,2842,32.48862897985705,1
6750,Branch_7723,2834,2842,-359.71223021582733,1
6751,Branch_7724,2841,2842,6.763611768684478,1
6752,Branch_7725,2833,2838,32.84072249589491,1
6753,Branch_7726,2834,2838,-374.53183520599254,1
6754,Branch_7727,2837,2838,6.768647624204684,1
6755,Branch_7728,2833,2839,51.02040816326531,1
6756,Branch_7729,2832,2839,-574.7126436781609,1
6757,Branch_7730,2835,2839,7.112375533428165,1
6758,Branch_7731,2833,2836,57.636887608069166,1
6759,Branch_7732,2832,2836,2000.0,1
6760,Branch_7733,2840,2836,9.633911368015415,1
6761,Branch_7734,2381,2833,75.9301442672741,1
6762,Branch_7735,2381,2833,76.10350076103501,1
6763,Branch_7736,5435,6464,34.746351633078525,1
6764,Branch_7737,6843,7074,9.815469179426776,1
6765,Branch_7738,5337,5435,31.055900621118013,1
6766,Branch_7739,5435,6122,1587.3015873015872,1
6767,Branch_7740,5436,5435,8.450942280064227,1
6768,Branch_7741,4596,5435,22.872827081427264,1
6769,Branch_7742,655,1185,564.9717514124294,1
6770,Branch_7743,8660,8834,9.293680297397769,1
6771,Branch_7744,9379,9380,24.65483234714004,1
6772,Branch_7745,9379,9474,53.36179295624333,1
6773,Branch_7746,9278,9380,136.986301369863,1
6774,Branch_7747,9379,9515,26.954177897574123,1
6775,Branch_7748,9380,9385,72.3589001447178,1
6776,Branch_7749,8187,8186,6.112095837662735,1
6777,Branch_7750,8120,8187,2000.0,1
6778,Branch_7751,8117,8119,163.9344262295082,1
6779,Branch_7752,8113,8119,8.631851532153647,1
6780,Branch_7753,8114,8119,8.631851532153647,1
6781,Branch_7754,8117,8118,163.9344262295082,1
6782,Branch_7755,8115,8118,8.631851532153647,1
6783,Branch_7756,8116,8118,8.631851532153647,1
6784,Branch_7757,8117,8120,302.11480362537765,1
6785,Branch_7758,4463,4466,-89.68609865470852,1
6786,Branch_7759,4462,4466,24.807740014884644,1
6787,Branch_7760,4465,4466,5.05382321726386,1
6788,Branch_7761,4963,4961,14.122299110295156,1
6789,Branch_7762,4963,4962,14.122299110295156,1
6790,Branch_7763,152,663,35.536602700781806,1
6791,Branch_7764,663,1758,59.73715651135006,1
6792,Branch_7765,663,1756,38.669760247486465,1
6793,Branch_7768,138,1143,53.61930294906166,1
6794,Branch_7769,4330,4329,7.060650992021464,1
6795,Branch_7770,5519,6489,53.53319057815846,1
6796,Branch_7771,5519,5614,84.53085376162299,1
6797,Branch_7772,5381,5382,9.071940488070398,1
6798,Branch_7773,5384,5382,-82.78145695364239,1
6799,Branch_7774,5383,5382,2.1292451825827743,1
6800,Branch_7775,5219,5218,40.06410256410256,1
6801,Branch_7776,5219,5220,45.59963520291838,1
6802,Branch_7777,5219,5222,46.49000464900047,1
6803,Branch_7781,3859,4136,102.98661174047373,1
6804,Branch_7782,4136,4330,3.65884892612784,1
6805,Branch_7783,4136,4249,7.7417356971433,1
6806,Branch_7784,1096,1094,8.785030308354564,1
6807,Branch_7785,1096,1095,8.785030308354564,1
6808,Branch_7786,486,1427,299.4011976047904,1
6809,Branch_7787,1425,1778,84.38818565400844,1
6810,Branch_7788,1425,1426,63.89776357827476,1
6811,Branch_7789,1427,1428,92.85051067780873,1
6812,Branch_7790,4358,4359,512.8205128205128,1
6813,Branch_7791,4033,4359,65.31678641410842,1
6814,Branch_7792,4857,4856,7.909515146721506,1
6815,Branch_7794,4539,4857,2000.0,1
6816,Branch_7795,8212,8228,2000.0,1
6817,Branch_7796,298,476,119.33174224343675,1
6818,Branch_7797,5738,5912,337.8378378378378,1
6819,Branch_7798,5912,6811,7.009673349221926,1
6820,Branch_7799,1440,1541,95.69377990430623,1
6821,Branch_7800,1742,1745,38.095238095238095,1
6822,Branch_7801,1745,1751,1234.567901234568,1
6823,Branch_7802,1742,1750,952.3809523809524,1
6824,Branch_7803,1711,1742,98.81422924901186,1
6825,Branch_7804,1271,1750,52.493438320209975,1
6826,Branch_7805,147,1742,2000.0,1
6827,Branch_7807,1570,1751,113.37868480725623,1
6828,Branch_7808,1749,1751,2000.0,1
6829,Branch_7809,1748,1750,2000.0,1
6830,Branch_7810,1745,1746,21.533161068044787,1
6831,Branch_7811,1743,1746,-177.93594306049823,1
6832,Branch_7812,1747,1746,13.48254011055683,1
6833,Branch_7813,6436,6824,52.32862375719519,1
6834,Branch_7814,4550,6824,68.63417982155113,1
6835,Branch_7816,7918,7919,11.786892975011787,1
6836,Branch_7817,7920,7985,33.704078193461406,1
6837,Branch_7821,8830,9174,16.26545217957059,1
6838,Branch_7822,10028,10027,14.08649105507818,1
6839,Branch_7823,6166,6311,485.43689320388347,1
6840,Branch_7824,8598,9434,52.43838489774515,1
6841,Branch_7825,9433,9434,2000.0,1
6842,Branch_7826,9241,9433,149.2537313432836,1
6843,Branch_7827,9227,9433,71.3775874375446,1
6844,Branch_7828,2901,3735,1639.344262295082,1
6845,Branch_7829,3735,3733,6.516356053694774,1
6846,Branch_7830,3735,3734,6.516356053694774,1
6847,Branch_7831,9250,9302,1.952362358453729,1
6848,Branch_7832,173,171,11.743981209630064,1
6849,Branch_7833,173,172,11.743981209630064,1
6850,Branch_7834,173,1017,440.52863436123346,1
6851,Branch_7835,8623,9481,74.23904974016332,1
6852,Branch_7836,2204,2202,8.517887563884157,1
6853,Branch_7838,1883,2205,6.293266205160478,1
6854,Branch_7839,2204,3537,17.793594306049823,1
6855,Branch_7840,2202,2610,27.739251040221912,1
6856,Branch_7841,5796,6824,105.26315789473684,1
6857,Branch_7842,9879,10118,4.161984434178216,1
6858,Branch_7843,4405,4403,15.513496742165684,1
6859,Branch_7844,4405,4404,8.797395970792646,1
6860,Branch_7845,989,1455,272.47956403269757,1
6861,Branch_7846,9093,9096,2000.0,1
6862,Branch_7847,3422,3624,26.267402153926977,1
6863,Branch_7848,9711,9712,8.381527114240214,1
6864,Branch_7849,9711,9713,8.027614995584813,1
6865,Branch_7850,9705,9711,2000.0,1
6866,Branch_7851,7447,7990,826.4462809917355,1
6867,Branch_7852,7447,7448,12.764871074802144,1
6868,Branch_7855,2885,2884,35.49875754348598,1
6869,Branch_7856,2885,2884,35.49875754348598,1
6870,Branch_7857,9654,9655,8.336112037345782,1
6871,Branch_7858,9654,9656,8.336112037345782,1
6872,Branch_7859,9659,9658,12.990387113535983,1
6873,Branch_7860,9659,9657,12.990387113535983,1
6874,Branch_7861,9925,9922,14.271442842871414,1
6875,Branch_7862,9925,9923,14.275517487508923,1
6876,Branch_7863,9925,9924,14.275517487508923,1
6877,Branch_7864,9921,9925,2000.0,1
6878,Branch_7865,2802,4236,6.7123103772318435,1
6879,Branch_7866,3997,4236,11.14951499609767,1
6880,Branch_7867,3935,4235,2000.0,1
6881,Branch_7868,4236,4235,7.939658594680429,1
6882,Branch_7869,9097,9096,14.222727919214906,1
6883,Branch_7870,1318,1684,121.95121951219512,1
6884,Branch_7871,324,1684,99.50248756218906,1
6885,Branch_7872,9542,10029,5.662834815108443,1
6886,Branch_7873,9639,10161,4.986536351850005,1
6887,Branch_7874,3211,9639,5.56885894080303,1
6888,Branch_7875,1418,1571,537.6344086021505,1
6889,Branch_7876,1416,1418,2000.0,1
6890,Branch_7877,1415,1417,2000.0,1
6891,Branch_7878,1340,1417,480.7692307692308,1
6892,Branch_7879,3184,4776,20.837674515524068,1
6893,Branch_7882,2905,3080,21.45002145002145,1
6894,Branch_7884,69,203,90.41591320072332,1
6895,Branch_7885,69,553,37.764350453172206,1
6896,Branch_7886,69,696,273.224043715847,1
6897,Branch_7887,69,696,273.224043715847,1
6898,Branch_7888,69,72,303.951367781155,1
6899,Branch_7889,69,73,303.951367781155,1
6900,Branch_7890,69,74,319.4888178913738,1
6901,Branch_7891,69,75,260.4166666666667,1
6902,Branch_7892,72,70,3.7037037037037037,1
6903,Branch_7893,73,71,3.745318352059925,1
6904,Branch_7894,148,1020,2000.0,1
6905,Branch_7895,3079,3316,7.245851749873197,1
6906,Branch_7896,4650,6784,2000.0,1
6907,Branch_7897,4650,6967,5.274818018778352,1
6908,Branch_7898,3052,3275,5.653870074065698,1
6909,Branch_7899,7166,8374,170.64846416382252,1
6910,Branch_7900,785,1154,854.7008547008547,1
6911,Branch_7901,2397,2398,46.2962962962963,1
6912,Branch_7902,2396,2398,-458.7155963302752,1
6913,Branch_7903,2399,2398,8.987148377819718,1
6914,Branch_7904,2397,2401,46.8384074941452,1
6915,Branch_7905,2396,2401,-564.9717514124294,1
6916,Branch_7906,2400,2401,8.949346697691068,1
6917,Branch_7908,7467,7880,2000.0,1
6918,Branch_7909,637,1584,93.37068160597572,1
6919,Branch_7910,634,1584,93.37068160597572,1
6920,Branch_7911,635,637,101.41987829614604,1
6921,Branch_7912,634,636,101.01010101010101,1
6922,Branch_7913,6808,6807,11.876484560570072,1
6923,Branch_7914,2514,2720,2000.0,1
6924,Branch_7915,9196,9455,241.54589371980677,1
6925,Branch_7916,8558,9196,59.594755661501786,1
6926,Branch_7917,776,1466,77.10100231303007,1
6927,Branch_7918,8254,8253,15.394088669950738,1
6928,Branch_7919,7878,8254,2000.0,1
6929,Branch_7920,702,703,2000.0,1
6930,Branch_7921,703,1396,89.20606601248885,1
6931,Branch_7923,5139,7115,22.22222222222222,1
6932,Branch_7927,8527,9436,793.6507936507936,1
6933,Branch_7928,8526,9436,787.4015748031496,1
6934,Branch_7929,9414,9436,2000.0,1
6935,Branch_7930,7764,7766,13.575889220743958,1
6936,Branch_7932,7619,7620,9.548362455838824,1
6937,Branch_7933,7621,7863,2.8333427778092592,1
6938,Branch_7934,9768,9769,13.16309069369488,1
6939,Branch_7935,545,587,247.52475247524754,1
6940,Branch_7936,585,587,185.5287569573284,1
6941,Branch_7937,587,809,42.3728813559322,1
6942,Branch_7938,3204,3205,9.09338910611985,1
6943,Branch_7939,3204,3206,9.134922809902257,1
6944,Branch_7940,7679,7678,8.87154009936125,1
6945,Branch_7941,304,1419,2000.0,1
6946,Branch_7943,9473,9493,41.254125412541256,1
6947,Branch_7944,9473,9474,2000.0,1
6948,Branch_7945,5255,6423,8.95094880057286,1
6949,Branch_7946,3204,3575,316.45569620253167,1
6950,Branch_7947,4428,5280,31.017369727047146,1
6951,Branch_7948,4490,6005,6.6956812855708066,1
6952,Branch_7949,3251,3575,2000.0,1
6953,Branch_7950,649,862,10.060362173038229,1
6954,Branch_7951,9436,9435,10.70663811563169,1
6955,Branch_7952,9436,9437,10.70663811563169,1
6956,Branch_7953,9436,9438,10.70663811563169,1
6957,Branch_7954,9294,9481,84.45945945945945,1
6958,Branch_7955,3015,3014,1.953125,1
6959,Branch_7956,9872,9878,2000.0,1
6960,Branch_7957,9878,9877,7.766387076731904,1
6961,Branch_7958,9877,9875,8.132726089785296,1
6962,Branch_7959,9878,9876,16.5371258475277,1
6963,Branch_7960,623,856,222.71714922048997,1
6964,Branch_7961,4029,4192,42.034468263976464,1
6965,Branch_7962,4029,4082,35.56187766714083,1
6966,Branch_7963,7010,7011,3.9889903865331684,1
6967,Branch_7964,370,1711,49.6031746031746,1
6968,Branch_7965,1710,1711,2000.0,1
6969,Branch_7966,1712,1713,2000.0,1
6970,Branch_7967,276,1713,151.5151515151515,1
6971,Branch_7968,5523,5648,4.00416433090414,1
6972,Branch_7969,5523,7087,4.05104314360948,1
6973,Branch_7970,623,657,71.58196134574088,1
6974,Branch_7971,9294,9415,170.35775127768312,1
6975,Branch_7972,9294,9414,185.1851851851852,1
6976,Branch_7973,8699,9294,289.01734104046244,1
6977,Branch_7974,8699,9294,289.01734104046244,1
6978,Branch_7977,9075,9294,431.0344827586207,1
6979,Branch_7978,9076,9294,357.14285714285717,1
6980,Branch_7979,9075,9294,319.4888178913738,1
6981,Branch_7980,8539,9294,24.49779519843214,1
6982,Branch_7981,8541,9294,24.33682161109759,1
6983,Branch_7983,2305,2512,125.0,1
6984,Branch_7984,2305,2579,226.75736961451247,1
6985,Branch_7985,2356,2437,97.65625,1
6986,Branch_7986,2373,2437,72.72727272727273,1
6987,Branch_7987,1884,2437,165.8374792703151,1
6988,Branch_7988,2373,2723,35.61253561253561,1
6989,Branch_7989,2373,2653,83.33333333333333,1
6990,Branch_7990,1884,2832,47.05882352941177,1
6991,Branch_7991,6054,7113,2000.0,1
6992,Branch_7992,6054,7113,2000.0,1
6993,Branch_7993,5941,6750,47.03668861712136,1
6994,Branch_7994,6750,6748,15.067048365225252,1
6995,Branch_7995,6750,6747,15.14004542013626,1
6996,Branch_7996,6750,6749,21.867483052700635,1
6997,Branch_7997,4456,6750,84.60236886632826,1
6998,Branch_7998,3150,3170,36.27130939426913,1
6999,Branch_7999,3170,3238,305.8103975535168,1
7000,Branch_8000,3112,3150,51.4668039114771,1
7001,Branch_8001,5944,6750,20.238818053025703,1
7002,Branch_8002,3777,3778,10.827197921178,1
7003,Branch_8003,3777,3779,10.902747492368077,1
7004,Branch_8004,1830,1822,4.7395611166405995,1
7005,Branch_8005,1830,1823,4.7395611166405995,1
7006,Branch_8006,1830,1824,4.7395611166405995,1
7007,Branch_8007,1830,1825,4.7395611166405995,1
7008,Branch_8008,1830,1826,4.7395611166405995,1
7009,Branch_8009,1830,1827,4.7395611166405995,1
7010,Branch_8010,1830,1828,4.7395611166405995,1
7011,Branch_8011,1830,1829,4.7395611166405995,1
7012,Branch_8014,4934,4932,10.314595152140278,1
7013,Branch_8015,4934,4933,10.314595152140278,1
7014,Branch_8016,9034,9207,93.89671361502347,1
7015,Branch_8017,9034,9368,142.04545454545453,1
7016,Branch_8018,1101,1732,2000.0,1
7017,Branch_8019,1101,1099,10.902747492368077,1
7018,Branch_8020,1101,1100,10.902747492368077,1
7019,Branch_8021,9969,9996,5.3558995233249425,1
7020,Branch_8022,9278,9279,2000.0,1
7021,Branch_8023,9279,9378,101.11223458038423,1
7022,Branch_8024,136,138,2000.0,1
7023,Branch_8025,10017,10199,64.1025641025641,1
7024,Branch_8026,136,135,11.741223435481977,1
7025,Branch_8027,136,137,11.741223435481977,1
7026,Branch_8028,6054,6057,26.406126221283337,1
7027,Branch_8029,6054,6055,15.114873035066505,1
7028,Branch_8030,6054,6056,15.062509414068384,1
7029,Branch_8031,4841,6750,62.53908692933083,1
7030,Branch_8032,951,960,1408.4507042253522,1
7031,Branch_8033,951,961,1470.5882352941176,1
7032,Branch_8034,950,985,46.08294930875576,1
7033,Branch_8035,845,950,36.2844702467344,1
7034,Branch_8036,959,960,2000.0,1
7035,Branch_8037,958,961,2000.0,1
7036,Branch_8038,485,951,136.05442176870747,1
7037,Branch_8039,485,951,136.23978201634878,1
7038,Branch_8040,950,1820,43.196544276457885,1
7039,Branch_8041,951,952,-877.1929824561404,1
7040,Branch_8042,950,952,67.70480704129993,1
7041,Branch_8043,954,952,10.060362173038229,1
7042,Branch_8044,951,953,-724.6376811594203,1
7043,Branch_8045,950,953,66.53359946773121,1
7044,Branch_8046,955,953,10.006003602161297,1
7045,Branch_8047,951,956,-465.1162790697674,1
7046,Branch_8048,950,956,58.47953216374269,1
7047,Branch_8049,957,956,9.893153937475267,1
7048,Branch_8050,6140,6142,2000.0,1
7049,Branch_8051,6140,6143,2000.0,1
7050,Branch_8052,4669,6140,156.00624024961,1
7051,Branch_8053,5074,6721,6.145148405333988,1
7052,Branch_8054,3913,4380,2000.0,1
7053,Branch_8055,2936,3647,13.886960144424386,1
7054,Branch_8056,2936,3637,10.641694157709907,1
7055,Branch_8057,2936,3656,24.551927326295115,1
7056,Branch_8058,1328,1329,523.5602094240837,1
7057,Branch_8059,1326,1330,523.5602094240837,1
7058,Branch_8060,1325,1328,113.89521640091117,1
7059,Branch_8061,1326,1327,113.89521640091117,1
7060,Branch_8062,757,1330,104.4932079414838,1
7061,Branch_8063,850,1328,2000.0,1
7062,Branch_8064,849,1326,2000.0,1
7063,Branch_8065,4291,4292,4.098360655737705,1
7064,Branch_8066,4296,4297,30.67484662576687,1
7065,Branch_8067,4292,4297,-75.87253414264036,1
7066,Branch_8068,4298,4297,8.148631029986962,1
7067,Branch_8069,4295,4294,45.998160073597056,1
7068,Branch_8070,4292,4294,-440.52863436123346,1
7069,Branch_8071,4293,4294,8.98069151324652,1
7070,Branch_8072,645,1619,2000.0,1
7071,Branch_8073,645,1617,2000.0,1
7072,Branch_8074,645,1618,2000.0,1
7073,Branch_8075,645,1621,2000.0,1
7074,Branch_8076,645,1398,369.00369003690037,1
7075,Branch_8077,9603,10300,91.57509157509158,1
7076,Branch_8078,10300,10347,51.255766273705795,1
7077,Branch_8079,8983,9141,2000.0,1
7078,Branch_8080,8983,9142,2000.0,1
7079,Branch_8081,8983,9143,2000.0,1
7080,Branch_8082,8983,9144,2000.0,1
7081,Branch_8083,9140,9138,9.023641941887746,1
7082,Branch_8084,9140,9139,8.858180529719196,1
7083,Branch_8085,8983,9140,25.31645569620253,1
7084,Branch_8086,4324,4323,5.037022112527074,1
7085,Branch_8087,4214,4340,43.365134431916736,1
7086,Branch_8088,4214,4336,27.99552071668533,1
7087,Branch_8089,4215,4217,30.67484662576687,1
7088,Branch_8090,4214,4217,-384.61538461538464,1
7089,Branch_8091,4216,4217,10.905125408942203,1
7090,Branch_8092,4161,4215,81.9000819000819,1
7091,Branch_8093,4504,6960,4.095674967234601,1
7092,Branch_8094,442,444,-507.61421319796955,1
7093,Branch_8095,441,444,58.343057176196034,1
7094,Branch_8097,445,444,9.848335631278314,1
7095,Branch_8098,442,447,-507.61421319796955,1
7096,Branch_8099,441,447,58.37711617046118,1
7097,Branch_8101,446,447,9.86679822397632,1
7098,Branch_8102,441,802,104.16666666666667,1
7099,Branch_8103,441,800,104.16666666666667,1
7100,Branch_8104,441,1648,173.91304347826087,1
7101,Branch_8105,442,605,160.25641025641025,1
7102,Branch_8106,442,1395,208.33333333333334,1
7103,Branch_8107,3289,3625,2000.0,1
7104,Branch_8108,3289,3626,2000.0,1
7105,Branch_8109,3289,3627,2000.0,1
7106,Branch_8110,5228,5869,2000.0,1
7107,Branch_8111,9879,10255,8.324315325064513,1
7108,Branch_8112,10217,10255,9.317059536010435,1
7109,Branch_8114,1062,1194,2000.0,1
7110,Branch_8115,1062,1192,2000.0,1
7111,Branch_8116,1062,1566,21.150592216582066,1
7112,Branch_8118,573,897,103.30578512396694,1
7113,Branch_8119,897,1585,70.8215297450425,1
7114,Branch_8120,890,895,179.53321364452424,1
7115,Branch_8121,895,896,2000.0,1
7116,Branch_8124,895,898,-354.6099290780142,1
7117,Branch_8125,897,898,58.17335660267597,1
7118,Branch_8126,899,898,10.439503079653408,1
7119,Branch_8127,895,901,-241.54589371980677,1
7120,Branch_8128,897,901,54.43658138268917,1
7121,Branch_8129,900,901,10.700909577314071,1
7122,Branch_8130,895,902,-480.7692307692308,1
7123,Branch_8131,897,902,58.07200929152149,1
7124,Branch_8132,903,902,10.449320794148381,1
7125,Branch_8133,62,255,2000.0,1
7126,Branch_8135,4714,5379,1851.851851851852,1
7127,Branch_8136,4713,5380,1851.851851851852,1
7128,Branch_8137,5346,7052,87.18395815170008,1
7129,Branch_8138,8555,8910,13.837000138370001,1
7130,Branch_8139,9983,10118,12.518778167250876,1
7131,Branch_8140,7191,8013,42.73504273504273,1
7132,Branch_8141,7883,7884,32.1853878339234,1
7133,Branch_8142,7191,7883,56.2429696287964,1
7134,Branch_8143,9654,9659,383.1417624521073,1
7135,Branch_8144,8842,8864,1075.268817204301,1
7136,Branch_8145,8842,8865,1075.268817204301,1
7137,Branch_8146,3812,3813,485.43689320388347,1
7138,Branch_8147,3041,3812,14.118311449950586,1
7139,Branch_8148,3428,3812,26.109660574412533,1
7140,Branch_8149,3207,3263,38.98635477582846,1
7141,Branch_8150,3207,3422,4.872581981191834,1
7142,Branch_8151,2112,2113,3.5031177748195894,1
7143,Branch_8152,8160,8161,10.406910188365075,1
7144,Branch_8153,8160,8162,10.295480284155255,1
7145,Branch_8154,5578,6455,134.9527665317139,1
7146,Branch_8155,6131,6251,52.882072977260705,1
7147,Branch_8156,6131,6448,12.097749818533753,1
7148,Branch_8157,1959,2341,28.07411566535654,1
7149,Branch_8160,2588,2658,68.11989100817439,1
7150,Branch_8161,2570,2815,166.9449081803005,1
7151,Branch_8162,2178,2815,24.43195699975568,1
7152,Branch_8164,2010,2457,37.11952487008166,1
7153,Branch_8165,2010,2884,22.075055187637968,1
7154,Branch_8166,233,613,9.276437847866418,1
7155,Branch_8167,8970,8972,7.336757153338224,1
7156,Branch_8168,8970,8971,7.336757153338224,1
7157,Branch_8169,8973,8974,7.336757153338224,1
7158,Branch_8170,1949,2707,79.1765637371338,1
7159,Branch_8171,1930,1949,15.424957581366652,1
7160,Branch_8172,2935,3331,3.9067078173223426,1
7161,Branch_8173,9054,9264,143.67816091954023,1
7162,Branch_8174,8021,8022,518.1347150259068,1
7163,Branch_8176,1271,1272,2000.0,1
7164,Branch_8177,1189,4030,48.355899419729205,1
7165,Branch_8178,16,1188,787.4015748031496,1
7166,Branch_8179,16,1189,787.4015748031496,1
7167,Branch_8180,1187,1188,2000.0,1
7168,Branch_8181,1186,1189,2000.0,1
7169,Branch_8182,1188,1290,278.55153203342616,1
7170,Branch_8183,4456,6107,20.631318341242004,1
7171,Branch_8184,6107,6106,10.124531740407006,1
7172,Branch_8185,5453,5820,71.63323782234957,1
7173,Branch_8186,4192,4265,22.53267237494367,1
7174,Branch_8187,3853,4280,63.13131313131313,1
7175,Branch_8188,4192,4280,326.797385620915,1
7176,Branch_8189,4385,4384,3.881686204487229,1
7177,Branch_8191,8649,9004,66.48936170212765,1
7178,Branch_8192,8729,9004,65.87615283267458,1
7179,Branch_8193,9004,9005,2000.0,1
7180,Branch_8194,2791,2794,57.47126436781609,1
7181,Branch_8195,2792,2794,-714.2857142857143,1
7182,Branch_8196,2795,2794,7.02543206407194,1
7183,Branch_8197,2791,2793,49.62779156327544,1
7184,Branch_8198,2790,2793,-552.4861878453039,1
7185,Branch_8199,2796,2793,6.63129973474801,1
7186,Branch_8200,2791,2797,49.52947003467063,1
7187,Branch_8201,2790,2797,-555.5555555555555,1
7188,Branch_8202,2798,2797,6.609822195782933,1
7189,Branch_8203,2706,2707,14.473874656245476,1
7190,Branch_8204,2706,2789,33.18951211417192,1
7191,Branch_8206,2707,8883,14.9678191887442,1
7192,Branch_8207,1940,8681,8.60141063134354,1
7193,Branch_8208,2789,9487,4.486920626374119,1
7194,Branch_8209,5234,6598,57.17552887364208,1
7195,Branch_8210,8419,8418,14.492753623188406,1
7196,Branch_8211,8749,8863,43.15925766076823,1
7197,Branch_8212,8863,9261,46.16805170821792,1
7198,Branch_8213,8573,9301,294.11764705882354,1
7199,Branch_8214,8573,9206,67.02412868632707,1
7200,Branch_8215,8573,9200,108.34236186348862,1
7201,Branch_8216,574,577,1030.9278350515465,1
7202,Branch_8217,575,576,787.4015748031496,1
7203,Branch_8219,573,1585,224.2152466367713,1
7204,Branch_8221,575,610,57.01254275940707,1
7205,Branch_8222,16,573,81.43322475570032,1
7206,Branch_8223,16,573,81.43322475570032,1
7207,Branch_8225,3050,3372,131.06159895150722,1
7208,Branch_8226,3050,3373,543.4782608695652,1
7209,Branch_8227,3329,3373,3.905639743790033,1
7210,Branch_8228,5750,6736,2000.0,1
7211,Branch_8229,7761,7775,48.05382027871216,1
7212,Branch_8230,7513,8149,70.72135785007072,1
7213,Branch_8231,8670,9429,16.097875080489377,1
7214,Branch_8232,2606,2607,18.18512456810329,1
7215,Branch_8233,7603,7775,42.57130693912303,1
7216,Branch_8234,8548,8686,47.25897920604915,1
7217,Branch_8236,8686,9173,11.755025273304337,1
7218,Branch_8238,7682,8149,1020.4081632653061,1
7219,Branch_8239,7340,8108,2000.0,1
7220,Branch_8240,7338,7340,416.6666666666667,1
7221,Branch_8241,7338,7541,183.8235294117647,1
7222,Branch_8242,7761,7760,8.516436722875149,1
7223,Branch_8243,7513,7514,5.546927002440648,1
7224,Branch_8244,7338,8428,46.21072088724584,1
7225,Branch_8246,7603,7604,5.61104253170239,1
7226,Branch_8247,7682,7681,9.417969485778865,1
7227,Branch_8248,7282,7285,11.971746677840297,1
7228,Branch_8249,7279,7285,-67.38544474393531,1
7229,Branch_8250,7284,7285,0.8466755285371987,1
7230,Branch_8251,7283,7567,197.62845849802372,1
7231,Branch_8253,7282,8082,98.4251968503937,1
7232,Branch_8254,7239,7279,689.6551724137931,1
7233,Branch_8255,4098,4339,50.89058524173028,1
7234,Branch_8258,1190,1512,88.33922261484099,1
7235,Branch_8259,1512,1613,148.3679525222552,1
7236,Branch_8260,8547,8595,20.63983488132095,1
7237,Branch_8261,8547,8548,2000.0,1
7238,Branch_8262,5088,5092,48.56726566294318,1
7239,Branch_8263,5087,5092,-1020.4081632653061,1
7240,Branch_8264,5089,5092,7.702380035430949,1
7241,Branch_8265,5088,5091,46.49000464900047,1
7242,Branch_8266,5087,5091,-478.4688995215311,1
7243,Branch_8267,5090,5091,8.92299455697332,1
7244,Branch_8268,1190,1374,22.857142857142858,1
7245,Branch_8269,10120,10123,12.121212121212121,1
7246,Branch_8270,10120,10124,12.121212121212121,1
7247,Branch_8271,10120,10126,22.172949002217294,1
7248,Branch_8272,10120,10122,12.121212121212121,1
7249,Branch_8273,10120,10121,12.121212121212121,1
7250,Branch_8274,10120,10125,22.172949002217294,1
7251,Branch_8275,10120,10248,24.563989191844755,1
7252,Branch_8276,10120,10248,24.563989191844755,1
7253,Branch_8277,3263,3335,21.381227282446012,1
7254,Branch_8278,202,1483,76.10350076103501,1
7255,Branch_8279,200,1483,75.41478129713424,1
7256,Branch_8280,200,1266,39.29273084479372,1
7257,Branch_8281,201,202,2000.0,1
7258,Branch_8282,199,200,2000.0,1
7259,Branch_8283,202,1531,57.971014492753625,1
7260,Branch_8284,4622,5336,138.50415512465375,1
7261,Branch_8285,7733,8149,125.47051442910916,1
7262,Branch_8286,10016,10176,4.704996706502305,1
7263,Branch_8287,3236,3281,5.980503558399617,1
7264,Branch_8288,3054,3236,5.544774050457444,1
7265,Branch_8289,10145,10177,7.926442612555485,1
7266,Branch_8290,9642,10177,17.46419839329375,1
7267,Branch_8291,9678,10175,16.661112962345886,1
7268,Branch_8292,9642,10175,40.88307440719542,1
7269,Branch_8293,1501,1502,2000.0,1
7270,Branch_8294,309,1501,155.52099533437013,1
7271,Branch_8295,298,1391,124.22360248447205,1
7272,Branch_8296,272,1393,175.13134851138355,1
7273,Branch_8297,1391,1394,2000.0,1
7274,Branch_8298,1392,1393,2000.0,1
7275,Branch_8299,8588,8750,322.5806451612903,1
7276,Branch_8300,8589,9265,41.85851820845542,1
7277,Branch_8301,8588,8589,2000.0,1
7278,Branch_8302,8751,8749,5.820044232336166,1
7279,Branch_8303,8749,8750,8.045699573577922,1
7280,Branch_8304,8750,8842,88.49557522123894,1
7281,Branch_8306,4602,4603,-46.948356807511736,1
7282,Branch_8307,4357,4360,42.122999157540015,1
7283,Branch_8308,5673,6825,4.754885645000238,1
7284,Branch_8309,5331,5673,11.328877308258752,1
7285,Branch_8310,4249,5673,6.339948012426298,1
7286,Branch_8311,5518,5839,2000.0,1
7287,Branch_8312,372,627,46.425255338904364,1
7288,Branch_8313,627,1383,37.93626707132018,1
7289,Branch_8314,8821,9290,9.416195856873824,1
7290,Branch_8315,1378,1380,2000.0,1
7291,Branch_8317,8957,8970,2000.0,1
7292,Branch_8318,8958,8973,2000.0,1
7293,Branch_8319,82,1155,71.78750897343862,1
7294,Branch_8320,2453,2457,80.1924619085806,1
7295,Branch_8321,2195,2453,200.40080160320642,1
7296,Branch_8322,2658,2723,120.77294685990339,1
7297,Branch_8325,8208,8209,12.548625925461161,1
7298,Branch_8326,8208,8210,11.95457262402869,1
7299,Branch_8327,8198,8208,148.8095238095238,1
7300,Branch_8328,3160,3271,127.7139208173691,1
7301,Branch_8329,3337,3805,17.056114617090227,1
7302,Branch_8330,3551,3805,2000.0,1
7303,Branch_8331,5234,5814,71.42857142857143,1
7304,Branch_8332,5791,6499,53.96654074473826,1
7305,Branch_8333,5791,6500,53.96654074473826,1
7306,Branch_8334,328,329,12.746972594008923,1
7307,Branch_8335,328,1523,184.50184501845018,1
7308,Branch_8336,32,1646,337.8378378378378,1
7309,Branch_8338,79,328,14.695077149155033,1
7310,Branch_8340,9577,10192,22.722108611679165,1
7311,Branch_8342,8123,8124,7.465472191116088,1
7312,Branch_8343,3054,8893,3.1885721573879215,1
7313,Branch_8344,8624,8765,14.156285390713476,1
7314,Branch_8349,8787,8784,10.141987829614605,1
7315,Branch_8350,8582,8580,55.865921787709496,1
7316,Branch_8351,8705,8703,8.130081300813009,1
7317,Branch_8352,8704,8703,8.855827134254339,1
7318,Branch_8353,8706,8705,9.366804046459348,1
7319,Branch_8354,8704,9232,1666.6666666666667,1
7320,Branch_8355,8580,8706,2000.0,1
7321,Branch_8356,8607,9232,813.0081300813008,1
7322,Branch_8357,8607,9232,869.5652173913044,1
7323,Branch_8358,8919,9232,558.659217877095,1
7324,Branch_8359,8624,9232,24.826216484607745,1
7325,Branch_8361,8607,8612,8.136034496786266,1
7326,Branch_8362,8608,8612,-51.282051282051285,1
7327,Branch_8363,8606,8612,0.8480972937215357,1
7328,Branch_8364,8607,8611,8.233841086867024,1
7329,Branch_8365,8605,8611,-54.55537370430987,1
7330,Branch_8366,8613,8611,0.8535409144837358,1
7331,Branch_8367,8605,8608,2000.0,1
7332,Branch_8370,8607,8628,98.23182711198429,1
7333,Branch_8371,8919,9325,110.13215859030836,1
7334,Branch_8372,8789,9480,169.7792869269949,1
7335,Branch_8373,8729,8789,12.322858903265558,1
7336,Branch_8374,7227,7226,5.916109566349169,1
7337,Branch_8375,7227,7990,34.19972640218878,1
7338,Branch_8376,4381,4382,18.587360594795538,1
7339,Branch_8378,6067,6202,146.84287812041117,1
7340,Branch_8379,8649,9377,28.563267637817766,1
7341,Branch_8380,8866,9377,31.90810465858328,1
7342,Branch_8381,4773,4792,2000.0,1
7343,Branch_8382,4773,4791,2000.0,1
7344,Branch_8383,621,1192,137.93103448275863,1
7345,Branch_8384,619,1584,195.69471624266146,1
7346,Branch_8385,8652,8649,12.717792191275594,1
7347,Branch_8386,8652,8649,12.403870007442322,1
7348,Branch_8390,8543,8649,25.075225677031092,1
7349,Branch_8391,8500,8649,47.86979415988511,1
7350,Branch_8392,8649,8930,1886.7924528301887,1
7351,Branch_8393,8649,8931,1886.7924528301887,1
7352,Branch_8394,8603,8652,5.686341407938133,1
7353,Branch_8395,8652,9009,16.934801016088063,1
7354,Branch_8397,8504,8652,352.11267605633805,1
7355,Branch_8398,8579,8649,20.828993959591752,1
7356,Branch_8399,325,619,94.16195856873823,1
7357,Branch_8400,621,1280,146.41288433382138,1
7358,Branch_8401,620,621,165.01650165016503,1
7359,Branch_8402,619,622,126.42225031605562,1
7360,Branch_8403,10335,10336,43.15925766076823,1
7361,Branch_8404,995,1793,163.1321370309951,1
7362,Branch_8406,2056,2057,32.39390994493035,1
7363,Branch_8407,2058,2057,12.187690432663011,1
7364,Branch_8408,4519,4531,108.69565217391305,1
7365,Branch_8409,1167,1319,50.27652086475616,1
7366,Branch_8410,1168,1169,2000.0,1
7367,Branch_8411,1166,1167,2000.0,1
7368,Branch_8412,1169,1649,37.579857196542655,1
7369,Branch_8413,1969,2731,2000.0,1
7370,Branch_8414,7567,7740,10.612331529236974,1
7371,Branch_8418,6754,6757,45.80852038479157,1
7372,Branch_8419,6751,6757,-418.41004184100416,1
7373,Branch_8420,6761,6757,9.040773890245005,1
7374,Branch_8421,6751,6760,10.88139281828074,1
7375,Branch_8422,6752,6760,20.491803278688526,1
7376,Branch_8423,6762,6760,8.00640512409928,1
7377,Branch_8424,6751,6756,10.893246187363834,1
7378,Branch_8425,6752,6756,20.449897750511248,1
7379,Branch_8426,6763,6756,8.012820512820513,1
7380,Branch_8427,727,1441,54.46623093681917,1
7381,Branch_8428,329,727,2000.0,1
7382,Branch_8429,7877,7914,181.48820326678765,1
7383,Branch_8430,27,259,18.191740949608878,1
7384,Branch_8431,259,459,26.082420448617633,1
7385,Branch_8433,4575,4838,2000.0,1
7386,Branch_8434,6155,6158,2000.0,1
7387,Branch_8435,6156,6157,2000.0,1
7388,Branch_8436,6970,6972,2000.0,1
7389,Branch_8437,6970,6973,2000.0,1
7390,Branch_8441,6977,6971,33.200531208499335,1
7391,Branch_8442,6970,6971,89.92805755395683,1
7392,Branch_8443,6975,6971,17.5377060680463,1
7393,Branch_8444,6972,6978,106.72358591248666,1
7394,Branch_8445,6973,6979,105.59662090813094,1
7395,Branch_8446,2541,2540,4.289084280506112,1
7396,Branch_8447,8806,8954,137.5515818431912,1
7397,Branch_8449,6001,6000,9.558401835213152,1
7398,Branch_8450,6001,6000,8.124796880077998,1
7399,Branch_8451,6001,6965,2.9433406916850626,1
7400,Branch_8452,3951,4240,133.15579227696404,1
7401,Branch_8453,2770,2764,-31.026993484331367,1
7402,Branch_8454,2766,2764,4.010427110487267,1
7403,Branch_8455,2765,2764,3.980257920713262,1
7404,Branch_8456,2770,2767,57.43825387708214,1
7405,Branch_8457,2768,2767,4.220655889925294,1
7406,Branch_8458,2769,2767,4.218697266284171,1
7407,Branch_8459,6003,10209,5.124525981346725,1
7408,Branch_8460,1961,2770,20.36659877800407,1
7409,Branch_8461,8676,9355,5.482456140350878,1
7410,Branch_8462,6069,10151,18.907165815844206,1
7411,Branch_8463,3314,8676,9.363295880149813,1
7412,Branch_8464,4664,6164,2000.0,1
7413,Branch_8465,963,965,9.216589861751151,1
7414,Branch_8466,65,963,2000.0,1
7415,Branch_8467,65,964,2000.0,1
7416,Branch_8468,4100,4101,46.53327128897161,1
7417,Branch_8469,4099,4101,-483.09178743961354,1
7418,Branch_8470,4102,4101,8.960573476702509,1
7419,Branch_8471,10178,10309,649.3506493506494,1
7420,Branch_8472,9606,10309,4.602144599383313,1
7421,Branch_8473,6154,6155,150.37593984962405,1
7422,Branch_8474,6153,6156,150.37593984962405,1
7423,Branch_8475,8148,8147,18.358729575913348,1
7424,Branch_8476,2892,3567,35.38570417551309,1
7425,Branch_8477,2892,2893,10.797969981643451,1
7426,Branch_8478,8699,8701,8.94454382826476,1
7427,Branch_8479,8699,8702,13.206550449022716,1
7428,Branch_8480,8699,8700,13.319126265316996,1
7429,Branch_8481,4554,4670,52.35602094240838,1
7430,Branch_8482,4554,6464,246.30541871921181,1
7431,Branch_8483,4553,6785,192.67822736030828,1
7432,Branch_8484,4553,5435,320.5128205128205,1
7433,Branch_8485,4619,4618,8.810572687224669,1
7434,Branch_8486,4619,4617,8.810572687224669,1
7435,Branch_8487,1573,1724,248.13895781637717,1
7436,Branch_8488,1573,1778,218.8183807439825,1
7437,Branch_8489,1573,1574,17.765144785930005,1
7438,Branch_8490,9673,9671,8.336807002917883,1
7439,Branch_8491,9673,9672,8.336807002917883,1
7440,Branch_8492,9673,10292,138.88888888888889,1
7441,Branch_8493,6012,6028,833.3333333333334,1
7442,Branch_8494,5779,5783,75.01875468867217,1
7443,Branch_8495,5779,5782,68.11989100817439,1
7444,Branch_8496,10138,10349,78.18608287724786,1
7445,Branch_8497,4804,6238,719.4244604316547,1
7446,Branch_8498,4577,4804,136.23978201634878,1
7447,Branch_8499,10089,10135,6.91323885240235,1
7448,Branch_8500,4123,4183,2000.0,1
7449,Branch_8501,1044,1045,2000.0,1
7450,Branch_8502,1018,1044,2000.0,1
7451,Branch_8503,5921,5925,46.53327128897161,1
7452,Branch_8504,5920,5925,-483.09178743961354,1
7453,Branch_8505,5924,5925,8.92299455697332,1
7454,Branch_8506,5921,5926,39.69829297340215,1
7455,Branch_8507,5918,5926,-467.2897196261682,1
7456,Branch_8508,5927,5926,7.14694110920526,1
7457,Branch_8509,1045,1042,4.740235115661736,1
7458,Branch_8510,1045,1043,4.740235115661736,1
7459,Branch_8511,6200,6201,12.611930886618742,1
7460,Branch_8512,4698,6200,2000.0,1
7461,Branch_8513,4688,5813,38.729666924864446,1
7462,Branch_8514,5813,5964,37.993920972644375,1
7463,Branch_8515,5813,6809,72.20216606498195,1
7464,Branch_8516,83,370,71.58196134574088,1
7465,Branch_8517,8765,8798,2000.0,1
7466,Branch_8518,9632,10308,86.65511265164645,1
7467,Branch_8521,7952,7985,61.19951040391677,1
7468,Branch_8522,4659,5248,105.59662090813094,1
7469,Branch_8523,8549,8960,40.08016032064128,1
7470,Branch_8525,9110,9173,2000.0,1
7471,Branch_8526,9109,9173,2000.0,1
7472,Branch_8527,8574,9443,12.88161793121216,1
7473,Branch_8528,5748,6838,1000.0,1
7474,Branch_8529,1410,1440,112.10762331838565,1
7475,Branch_8530,4498,5202,54.49591280653951,1
7476,Branch_8531,9540,9999,3.9328273095528377,1
7477,Branch_8532,9540,9547,7.209805335255948,1
7478,Branch_8533,4051,4126,2000.0,1
7479,Branch_8534,4051,4196,73.26007326007326,1
7480,Branch_8537,7065,7064,17.067759003242873,1
7481,Branch_8538,5697,5913,116.55011655011656,1
7482,Branch_8540,6990,7064,1000.0,1
7483,Branch_8541,742,1443,44.84304932735426,1
7484,Branch_8542,1443,1647,94.07337723424271,1
7485,Branch_8543,9015,9014,11.62925921618793,1
7486,Branch_8544,9015,9013,11.603620329542817,1
7487,Branch_8545,7230,7758,2000.0,1
7488,Branch_8546,7230,7229,7.8945290913397015,1
7489,Branch_8547,7230,7231,3.780289570181076,1
7490,Branch_8548,7758,7757,8.707767328456983,1
7491,Branch_8549,7758,7757,1.4989582240342962,1
7492,Branch_8550,3868,3954,2000.0,1
7493,Branch_8551,3954,3953,7.909515146721506,1
7494,Branch_8552,3633,3635,2000.0,1
7495,Branch_8553,10182,10183,2.6758000642192017,1
7496,Branch_8555,597,1466,47.48338081671415,1
7497,Branch_8556,8621,8698,44.563279857397504,1
7498,Branch_8557,1466,1525,16.246953696181965,1
7499,Branch_8558,887,1778,72.41129616220131,1
7500,Branch_8560,6414,6413,7.425007425007425,1
7501,Branch_8561,6414,6413,7.425007425007425,1
7502,Branch_8562,6024,6025,11.901928112354202,1
7503,Branch_8563,6026,6027,18.953752843062926,1
7504,Branch_8564,5044,6528,2000.0,1
7505,Branch_8565,4041,4098,94.07337723424271,1
7506,Branch_8566,9766,10334,19.89258006763477,1
7507,Branch_8567,434,435,185.1851851851852,1
7508,Branch_8568,433,435,39.8406374501992,1
7509,Branch_8569,434,435,714.2857142857143,1
7510,Branch_8570,433,434,208.33333333333334,1
7511,Branch_8571,439,440,142.85714285714286,1
7512,Branch_8572,438,439,370.3703703703704,1
7513,Branch_8573,433,434,68.4931506849315,1
7514,Branch_8574,437,440,80.0,1
7515,Branch_8575,437,438,107.52688172043011,1
7516,Branch_8576,8626,8624,63.09148264984227,1
7517,Branch_8577,8626,8624,62.421972534332085,1
7518,Branch_8578,8625,8624,9.709680551509855,1
7519,Branch_8580,8626,8889,29.647198339756894,1
7520,Branch_8582,8626,8627,2000.0,1
7521,Branch_8583,9751,9750,11.990407673860911,1
7522,Branch_8584,9721,9751,371.74721189591077,1
7523,Branch_8588,5623,6146,160.25641025641025,1
7524,Branch_8589,5623,6235,171.23287671232876,1
7525,Branch_8591,1256,1302,8.830022075055188,1
7526,Branch_8592,8698,8697,6.715916722632639,1
7527,Branch_8593,27,1305,10.374520178441747,1
7528,Branch_8594,2896,2894,10.835410120273052,1
7529,Branch_8595,2896,2895,10.744600838078865,1
7530,Branch_8596,2896,3561,400.0,1
7531,Branch_8597,3108,3255,8.445232666159953,1
7532,Branch_8598,4098,4198,21.743857360295717,1
7533,Branch_8599,9264,9272,-18.684603886397607,1
7534,Branch_8600,9271,9272,13.431833445265278,1
7535,Branch_8601,9270,9272,13.726835964310226,1
7536,Branch_8602,9264,9266,-18.684603886397607,1
7537,Branch_8603,9269,9266,13.431833445265278,1
7538,Branch_8604,9267,9266,13.726835964310226,1
7539,Branch_8605,9268,9265,24.342745861733203,1
7540,Branch_8606,9268,9265,24.49179524859172,1
7541,Branch_8608,9264,9461,94.87666034155598,1
7542,Branch_8609,9245,9265,10.041168792047394,1
7543,Branch_8610,8759,9265,24.77086945751796,1
7544,Branch_8611,9120,9264,29.18855808523059,1
7545,Branch_8612,8617,9268,17.618040873854827,1
7546,Branch_8613,9265,9271,2000.0,1
7547,Branch_8614,9265,9271,2000.0,1
7548,Branch_8615,9265,9269,2000.0,1
7549,Branch_8616,9265,9269,2000.0,1
7550,Branch_8617,9268,9440,23.137436372049976,1
7551,Branch_8618,9264,9330,97.27626459143968,1
7552,Branch_8619,8774,9268,35.637918745545264,1
7553,Branch_8620,1028,1027,5.159426271798576,1
7554,Branch_8621,1028,1029,14.116318464144552,1
7555,Branch_8622,787,1572,9.157509157509157,1
7556,Branch_8623,4625,4628,-72.46376811594203,1
7557,Branch_8624,4626,4628,9.633911368015415,1
7558,Branch_8625,4627,4628,5.572582892170521,1
7559,Branch_8626,4625,6455,87.26003490401396,1
7560,Branch_8627,1302,1806,48.49660523763337,1
7561,Branch_8628,9025,9255,264.55026455026456,1
7562,Branch_8629,9255,9299,13.017443374121322,1
7563,Branch_8630,2853,2855,19.880715705765407,1
7564,Branch_8631,2853,2854,16.396130513198884,1
7565,Branch_8632,2853,2856,16.43115346697338,1
7566,Branch_8633,2403,2853,2000.0,1
7567,Branch_8634,2403,2853,2000.0,1
7568,Branch_8635,7991,7992,9.266123054114159,1
7569,Branch_8637,1524,1683,7.686395080707149,1
7570,Branch_8638,9172,9171,4.72768532526475,1
7571,Branch_8639,8594,8595,14.85663348685188,1
7572,Branch_8640,9533,9536,16.54807214959457,1
7573,Branch_8641,9533,9539,16.531658125309967,1
7574,Branch_8642,9532,9535,12.21001221001221,1
7575,Branch_8643,9533,9538,12.175818823815902,1
7576,Branch_8644,9532,9534,12.858428700012858,1
7577,Branch_8645,9532,9537,12.781186094069529,1
7578,Branch_8647,9789,9792,2.759838825412596,1
7579,Branch_8648,9778,9818,53.022269353128316,1
7580,Branch_8649,9778,9782,39.01677721420211,1
7581,Branch_8650,9793,9836,64.43298969072166,1
7582,Branch_8651,9785,9836,85.76329331046313,1
7583,Branch_8652,9836,9838,7.947230390209012,1
7584,Branch_8653,9837,9838,-70.57163020465772,1
7585,Branch_8654,9839,9838,5.911563017261764,1
7586,Branch_8655,9798,9795,22.639800769753226,1
7587,Branch_8656,9794,9795,-191.57088122605364,1
7588,Branch_8657,9800,9795,6.434592368573451,1
7589,Branch_8658,9797,9796,22.49212775528565,1
7590,Branch_8659,9794,9796,-192.30769230769232,1
7591,Branch_8660,9799,9796,6.463706289186219,1
7592,Branch_8661,9784,9789,34.85535029627048,1
7593,Branch_8662,9784,9831,28.042624789680314,1
7594,Branch_8663,9794,9819,86.13264427217915,1
7595,Branch_8667,9787,9837,18.726591760299627,1
7596,Branch_8668,9780,9824,46.554934823091244,1
7597,Branch_8669,9831,9837,22.3563603845294,1
7598,Branch_8670,9781,9830,56.49717514124294,1
7599,Branch_8671,9811,9830,115.87485515643105,1
7600,Branch_8672,9830,9832,7.886435331230284,1
7601,Branch_8673,9831,9832,-62.61740763932373,1
7602,Branch_8674,9833,9832,5.9262771127177905,1
7603,Branch_8675,9781,9794,39.88831272437176,1
7604,Branch_8676,9780,9788,33.72681281618887,1
7605,Branch_8677,9788,9811,110.98779134295228,1
7606,Branch_8678,9802,9818,16.084928422068522,1
7607,Branch_8679,9808,9804,22.634676324128566,1
7608,Branch_8680,9802,9804,-197.23865877712032,1
7609,Branch_8681,9806,9804,6.463288521199586,1
7610,Branch_8685,9783,9789,19.364833462432223,1
7611,Branch_8686,9782,9819,51.3347022587269,1
7612,Branch_8687,9782,9818,54.25935973955507,1
7613,Branch_8688,9782,9802,20.742584526031944,1
7614,Branch_8689,9793,9819,58.51375073142189,1
7615,Branch_8690,9782,9793,79.4912559618442,1
7616,Branch_8691,9778,9779,85.25149190110827,1
7617,Branch_8692,9787,9825,23.025558369790467,1
7618,Branch_8693,9783,9825,25.641025641025642,1
7619,Branch_8694,9779,9824,81.43322475570032,1
7620,Branch_8695,9824,9826,7.847445656438829,1
7621,Branch_8696,9825,9826,-60.790273556231,1
7622,Branch_8697,9827,9826,5.813953488372093,1
7623,Branch_8699,9812,9814,22.680880018144705,1
7624,Branch_8700,9811,9814,-193.7984496124031,1
7625,Branch_8701,9815,9814,6.459531038046638,1
7626,Branch_8702,9813,9816,22.568269013766646,1
7627,Branch_8703,9811,9816,-192.30769230769232,1
7628,Branch_8704,9817,9816,6.463706289186219,1
7629,Branch_8705,6267,6268,45.187528242205154,1
7630,Branch_8706,6266,6268,-467.2897196261682,1
7631,Branch_8707,6269,6268,7.662248103593594,1
7632,Branch_8708,6267,6270,45.187528242205154,1
7633,Branch_8709,6266,6270,-467.2897196261682,1
7634,Branch_8710,6271,6270,7.662248103593594,1
7635,Branch_8711,258,1288,157.9778830963665,1
7636,Branch_8712,949,1287,537.6344086021505,1
7637,Branch_8713,1288,1807,537.6344086021505,1
7638,Branch_8714,1286,1288,160.0,1
7639,Branch_8715,1287,1289,476.1904761904762,1
7640,Branch_8716,1520,1521,952.3809523809524,1
7641,Branch_8717,1518,1522,555.5555555555555,1
7642,Branch_8718,8887,8888,15.85288522511097,1
7643,Branch_8719,8529,8789,90.33423667570008,1
7644,Branch_8720,4416,6970,92.93680297397769,1
7645,Branch_8721,4521,5584,48.97159647404506,1
7646,Branch_8722,5584,6724,27.412280701754387,1
7647,Branch_8723,6359,6358,7.809449433814916,1
7648,Branch_8724,2627,2628,4.795013186286262,1
7649,Branch_8725,8914,9006,206.18556701030928,1
7650,Branch_8726,8500,9006,42.51700680272109,1
7651,Branch_8727,9006,9007,2000.0,1
7652,Branch_8728,7188,7912,27.816411682892905,1
7653,Branch_8729,17,1560,75.87253414264036,1
7654,Branch_8730,1558,1560,2000.0,1
7655,Branch_8731,1559,1561,2000.0,1
7656,Branch_8732,1291,1561,43.802014892685065,1
7657,Branch_8733,657,1560,85.39709649871904,1
7658,Branch_8734,657,1561,85.32423208191126,1
7659,Branch_8735,8729,8802,112.73957158962796,1
7660,Branch_8736,8802,8803,934.5794392523364,1
7661,Branch_8737,8803,8804,14.275517487508923,1
7662,Branch_8738,8802,8994,49.28536224741252,1
7663,Branch_8740,8826,8827,13.273161667109106,1
7664,Branch_8741,8876,8965,2000.0,1
7665,Branch_8742,8875,8876,14.148273910582908,1
7666,Branch_8743,8841,8848,2000.0,1
7667,Branch_8744,8848,8847,7.756748371082842,1
7668,Branch_8745,3317,3567,14.490653528474134,1
7669,Branch_8746,3316,3317,5.7405281285878305,1
7670,Branch_8747,3316,3317,7.4649148999701405,1
7671,Branch_8749,178,681,132.9787234042553,1
7672,Branch_8750,5615,5613,48.54368932038835,1
7673,Branch_8751,5612,5614,48.54368932038835,1
7674,Branch_8752,5579,5613,2000.0,1
7675,Branch_8753,5847,5848,2000.0,1
7676,Branch_8755,1194,1279,71.07320540156361,1
7677,Branch_8756,1193,1194,2000.0,1
7678,Branch_8757,1191,1192,2000.0,1
7679,Branch_8758,1723,1726,2000.0,1
7680,Branch_8759,1727,1728,2000.0,1
7681,Branch_8760,7740,8044,195.3125,1
7682,Branch_8761,7148,8044,13.865779256794232,1
7683,Branch_8762,5016,6542,64.89292667099286,1
7684,Branch_8763,1930,9356,9.813542688910697,1
7685,Branch_8764,2415,2417,10.123506782749544,1
7686,Branch_8765,1851,1853,32.78688524590164,1
7687,Branch_8766,1855,1853,-395.25691699604744,1
7688,Branch_8767,1856,1853,6.980802792321117,1
7689,Branch_8768,1851,1854,29.71768202080238,1
7690,Branch_8769,1855,1854,-369.00369003690037,1
7691,Branch_8770,1857,1854,4.919323101141283,1
7692,Branch_8771,1851,1858,30.111412225233362,1
7693,Branch_8772,1855,1858,-398.40637450199205,1
7694,Branch_8773,1859,1858,6.587615283267457,1
7695,Branch_8774,48,1724,206.18556701030928,1
7696,Branch_8775,1723,1781,245.09803921568627,1
7697,Branch_8776,1724,1725,2000.0,1
7698,Branch_8777,8543,8925,20.98635886673662,1
7699,Branch_8778,8620,8740,97.27626459143968,1
7700,Branch_8779,8620,8990,57.537399309551205,1
7701,Branch_8780,3087,3089,19.569471624266146,1
7702,Branch_8781,7252,7751,12.007684918347742,1
7703,Branch_8783,2353,2673,15.730690577316345,1
7704,Branch_8784,1907,2353,89.92805755395683,1
7705,Branch_8785,2356,2563,602.4096385542168,1
7706,Branch_8786,2471,2563,471.6981132075472,1
7707,Branch_8787,2358,2359,118.48341232227489,1
7708,Branch_8788,2358,2360,118.48341232227489,1
7709,Branch_8789,9540,9739,27.609055770292656,1
7710,Branch_8790,2969,3567,14.598540145985401,1
7711,Branch_8791,2969,3276,50.55611729019211,1
7712,Branch_8792,2969,3276,54.08328826392645,1
7713,Branch_8793,2969,3697,8.14265939255761,1
7714,Branch_8794,9049,9050,8.216926869350862,1
7715,Branch_8795,9049,9051,8.145312372729494,1
7716,Branch_8796,8493,9049,2000.0,1
7717,Branch_8797,921,922,57.6036866359447,1
7718,Branch_8798,2973,3459,45.59963520291838,1
7719,Branch_8800,459,460,23.293733985557886,1
7720,Branch_8801,459,1640,18.618506795754982,1
7721,Branch_8802,460,2369,18.355359765051396,1
7722,Branch_8803,459,1305,14.85001485001485,1
7723,Branch_8804,460,1302,60.790273556231,1
7724,Branch_8805,187,185,8.615490652192642,1
7725,Branch_8806,187,186,8.578536501672815,1
7726,Branch_8808,3038,3775,38.61003861003861,1
7727,Branch_8812,2083,2082,18.453589223103894,1
7728,Branch_8814,3107,3140,55.55555555555556,1
7729,Branch_8815,8783,8829,2000.0,1
7730,Branch_8816,8708,8829,2000.0,1
7731,Branch_8817,7161,7933,297.6190476190476,1
7732,Branch_8818,2559,2561,2.1872265966754156,1
7733,Branch_8819,2559,2562,2.1872265966754156,1
7734,Branch_8820,8693,8866,41.1522633744856,1
7735,Branch_8821,8866,8879,404.8582995951417,1
7736,Branch_8822,9678,10328,9.541074324968992,1
7737,Branch_8823,9710,9708,7.8982702788089405,1
7738,Branch_8824,9710,9709,7.8982702788089405,1
7739,Branch_8825,9622,9710,78.125,1
7740,Branch_8826,2381,2382,25.980774227071965,1
7741,Branch_8827,2380,2382,-296.7359050445104,1
7742,Branch_8828,2383,2382,18.17190623296384,1
7743,Branch_8829,2381,2385,25.094102885821833,1
7744,Branch_8830,2380,2385,-259.7402597402597,1
7745,Branch_8831,2384,2385,18.17190623296384,1
7746,Branch_8832,883,1608,42.06983592763988,1
7747,Branch_8833,2381,2749,146.84287812041117,1
7748,Branch_8834,2381,2749,146.84287812041117,1
7749,Branch_8835,421,1625,67.11409395973155,1
7750,Branch_8836,4459,4458,9.297136481963555,1
7751,Branch_8837,1844,1845,-39.032006245120996,1
7752,Branch_8838,1843,1847,-38.85003885003885,1
7753,Branch_8839,1840,1845,3.391785096496286,1
7754,Branch_8840,1841,1847,3.3846674564224064,1
7755,Branch_8841,1842,1839,3.108003108003108,1
7756,Branch_8842,1842,1845,6.840413160954922,1
7757,Branch_8843,1842,1847,6.868131868131868,1
7758,Branch_8844,2966,3750,2000.0,1
7759,Branch_8845,2966,2965,14.068655036578503,1
7760,Branch_8846,4458,6969,1162.7906976744187,1
7761,Branch_8847,3328,3331,251.25628140703517,1
7762,Branch_8848,3328,3362,6.520605112154408,1
7763,Branch_8849,3328,3622,4.1128567903265605,1
7764,Branch_8851,3332,3331,15.43924656476764,1
7765,Branch_8852,3494,3493,4.765308553728854,1
7766,Branch_8853,3494,3495,4.765308553728854,1
7767,Branch_8854,2931,3622,40.91653027823241,1
7768,Branch_8856,3362,3436,15.098897780462027,1
7769,Branch_8860,9596,9926,7.371369600471768,1
7770,Branch_8861,9926,10191,2.361330846064842,1
7771,Branch_8862,9926,10128,8.04634695848085,1
7772,Branch_8866,9926,10084,3.397893306150187,1
7773,Branch_8867,8716,8822,8.880206020779681,1
7774,Branch_8868,8691,9290,3.546853940554728,1
7775,Branch_8869,8691,8716,12.24889759921607,1
7776,Branch_8870,8691,9454,7.987220447284345,1
7777,Branch_8871,9519,10328,29.129041654529566,1
7778,Branch_8872,10096,10328,2000.0,1
7779,Branch_8873,2963,2962,11.054609772275038,1
7780,Branch_8874,2963,2964,5.369992482010526,1
7781,Branch_8875,2959,2963,436.68122270742356,1
7782,Branch_8876,2959,3736,140.4494382022472,1
7783,Branch_8877,2959,2957,15.160703456640388,1
7784,Branch_8878,2959,2958,5.369992482010526,1
7785,Branch_8879,3675,3676,2000.0,1
7786,Branch_8880,3648,3675,54.31830526887561,1
7787,Branch_8881,8816,9508,59.844404548174744,1
7788,Branch_8882,8796,9328,42.19409282700422,1
7789,Branch_8883,1455,1645,943.3962264150944,1
7790,Branch_8884,542,543,2000.0,1
7791,Branch_8885,10173,10190,9.746588693957115,1
7792,Branch_8886,9526,9679,4.125072188763303,1
7793,Branch_8887,9679,10207,2000.0,1
7794,Branch_8888,7638,7725,3.143764343424817,1
7795,Branch_8889,7163,7638,454.54545454545456,1
7796,Branch_8890,7540,7655,1369.86301369863,1
7797,Branch_8891,947,1813,323.62459546925567,1
7798,Branch_8892,8894,9075,398.40637450199205,1
7799,Branch_8893,8894,9076,277.0083102493075,1
7800,Branch_8894,8799,8894,2000.0,1
7801,Branch_8895,8800,8894,2000.0,1
7802,Branch_8896,5674,6708,1587.3015873015872,1
7803,Branch_8897,8718,9012,5.985873338920149,1
7804,Branch_8898,8814,9012,7.947230390209012,1
7805,Branch_8899,6708,6709,30.76923076923077,1
7806,Branch_8900,6707,6709,-357.14285714285717,1
7807,Branch_8901,6711,6709,8.176614881439084,1
7808,Branch_8902,6708,6712,30.76923076923077,1
7809,Branch_8903,6707,6712,-357.14285714285717,1
7810,Branch_8904,6713,6712,8.176614881439084,1
7811,Branch_8905,6710,6707,15.928639694170117,1
7812,Branch_8906,5565,6708,312.5,1
7813,Branch_8907,6556,6707,48.44961240310077,1
7814,Branch_8914,4944,6335,2000.0,1
7815,Branch_8915,4944,6336,2000.0,1
7816,Branch_8916,215,646,19.960079840319363,1
7817,Branch_8917,215,9427,2.6062027625749282,1
7818,Branch_8918,5842,5843,5.920663114268798,1
7819,Branch_8919,4860,6627,69.63788300835654,1
7820,Branch_8920,4488,6627,59.38242280285036,1
7821,Branch_8921,9130,9134,2000.0,1
7822,Branch_8922,9131,9135,1818.1818181818182,1
7823,Branch_8923,8715,9227,21.533161068044787,1
7824,Branch_8924,4702,6110,413.22314049586777,1
7825,Branch_8925,617,994,98.32841691248771,1
7826,Branch_8926,994,1431,43.066322136089575,1
7827,Branch_8927,3391,3423,6.052536012589275,1
7828,Branch_8928,3391,3556,152.4390243902439,1
7829,Branch_8929,9078,9077,15.264845061822623,1
7830,Branch_8930,9078,9421,16.276041666666668,1
7831,Branch_8931,3274,3510,52.19206680584551,1
7832,Branch_8932,3224,3274,43.2338953739732,1
7833,Branch_8933,2421,2420,24.277737314882252,1
7834,Branch_8934,7202,7205,46.21072088724584,1
7835,Branch_8935,7203,7205,-454.54545454545456,1
7836,Branch_8936,7204,7205,8.94854586129754,1
7837,Branch_8937,2420,2510,2000.0,1
7838,Branch_8938,8475,8597,105.9322033898305,1
7839,Branch_8939,8576,8597,38.16793893129771,1
7840,Branch_8940,8566,8600,5.380972879896685,1
7841,Branch_8941,8566,9053,5.629362756136006,1
7842,Branch_8942,6415,6419,12.737230925996688,1
7843,Branch_8943,6415,6420,13.75515818431912,1
7844,Branch_8944,6415,6418,86.80555555555556,1
7845,Branch_8945,6415,6417,5.420054200542006,1
7846,Branch_8946,6416,6417,-27.3224043715847,1
7847,Branch_8947,6421,6417,8.401243384020836,1
7848,Branch_8948,542,1369,37.67897513187641,1
7849,Branch_8949,337,545,162.07455429497568,1
7850,Branch_8950,544,546,2000.0,1
7851,Branch_8951,541,545,66.40106241699867,1
7852,Branch_8952,5702,5709,21.81976871045167,1
7853,Branch_8953,5702,5705,21.436227224008576,1
7854,Branch_8954,5703,5704,21.715526601520086,1
7855,Branch_8955,5703,5708,21.715526601520086,1
7856,Branch_8956,5702,5707,21.468441391155004,1
7857,Branch_8957,5702,5706,21.4638334406525,1
7858,Branch_8959,7833,7837,46.51162790697674,1
7859,Branch_8960,7836,7837,-485.43689320388347,1
7860,Branch_8961,7838,7837,8.997660608241857,1
7861,Branch_8962,7833,7834,46.57661853749418,1
7862,Branch_8963,7836,7834,-478.4688995215311,1
7863,Branch_8964,7835,7834,6.815238874122538,1
7864,Branch_8965,865,1732,1136.3636363636363,1
7865,Branch_8966,865,1484,113.76564277588169,1
7866,Branch_8967,865,867,38.639876352395675,1
7867,Branch_8968,866,867,2000.0,1
7868,Branch_8969,868,867,7.411250277921885,1
7869,Branch_8970,869,870,136.986301369863,1
7870,Branch_8971,865,870,87.18395815170008,1
7871,Branch_8972,871,870,9.899029895070283,1
7872,Branch_8976,693,1424,2000.0,1
7873,Branch_8977,3249,3250,23.391812865497077,1
7874,Branch_8978,3250,3560,2000.0,1
7875,Branch_8979,647,8684,8.56898029134533,1
7876,Branch_8980,8932,9047,33.7609723160027,1
7877,Branch_8981,8541,8932,7.946598855689765,1
7878,Branch_8982,1718,8932,10.785159620362382,1
7879,Branch_8983,8932,9342,28.546959748786755,1
7880,Branch_8984,3038,3423,4.3029259896729775,1
7881,Branch_8985,3092,3422,3.658313517468447,1
7882,Branch_8986,6238,6239,16.056518946692357,1
7883,Branch_8987,6238,6240,16.046213093709884,1
7884,Branch_8988,8622,8687,118.48341232227489,1
7885,Branch_8989,8583,8687,62.97229219143577,1
7886,Branch_8990,3290,3306,17.307026652821044,1
7887,Branch_8991,3262,3367,56.72149744753261,1
7888,Branch_8992,3262,3584,77.33952049497293,1
7889,Branch_8993,3220,3367,4.936077792586011,1
7890,Branch_8994,6871,7059,4.423995752964077,1
7891,Branch_8995,5649,6514,61.576354679802954,1
7892,Branch_8996,6871,6917,6.601531555320834,1
7893,Branch_8998,7926,7924,8.874689385871495,1
7894,Branch_8999,7926,7925,8.874689385871495,1
7895,Branch_9000,8498,8914,25.119316754584275,1
7896,Branch_9001,8987,8989,386.1003861003861,1
7897,Branch_9002,8987,8988,14.234875444839858,1
7898,Branch_9003,6561,6562,1.8456995201181248,1
7899,Branch_9004,1180,1182,2000.0,1
7900,Branch_9005,1162,1182,250.6265664160401,1
7901,Branch_9006,1164,1181,174.52006980802793,1
7902,Branch_9007,836,1182,146.84287812041117,1
7903,Branch_9008,4653,6294,50.45408678102926,1
7904,Branch_9009,4657,6294,219.2982456140351,1
7905,Branch_9010,4613,4619,250.0,1
7906,Branch_9011,3468,3476,9.932459276916964,1
7907,Branch_9012,3468,3482,9.921619208254787,1
7908,Branch_9013,3468,3485,9.94431185361973,1
7909,Branch_9014,3468,3480,9.852216748768473,1
7910,Branch_9015,3468,3483,9.875567845151096,1
7911,Branch_9016,3468,3481,9.818360333824252,1
7912,Branch_9020,3475,3488,-25.438819638768763,1
7913,Branch_9021,3468,3488,12.971851083149565,1
7914,Branch_9022,3478,3488,2.628259041211102,1
7915,Branch_9026,3475,3486,33.523298692591354,1
7916,Branch_9027,3468,3486,153.84615384615384,1
7917,Branch_9028,3484,3486,6.968641114982578,1
7918,Branch_9029,2202,9479,17.36111111111111,1
7919,Branch_9030,9219,9475,123.00123001230013,1
7920,Branch_9031,10306,10308,10.196798205363516,1
7921,Branch_9032,10307,10308,10.144045445323595,1
7922,Branch_9033,1278,1518,510.2040816326531,1
7923,Branch_9034,1518,1519,2000.0,1
7924,Branch_9035,1519,1520,2000.0,1
7925,Branch_9036,1160,1521,877.1929824561404,1
7926,Branch_9037,4969,4968,14.409221902017292,1
7927,Branch_9038,8823,8824,432.9004329004329,1
7928,Branch_9039,8823,8825,432.9004329004329,1
7929,Branch_9040,3076,3136,6.334325711028061,1
7930,Branch_9042,8941,9328,2000.0,1
7931,Branch_9043,8941,8940,11.234692731153803,1
7932,Branch_9045,7629,7748,3.1623553222440073,1
7933,Branch_9046,854,1422,12.805736970162632,1
7934,Branch_9049,3154,3172,8.101101749837978,1
7935,Branch_9050,8635,9475,2000.0,1
7936,Branch_9051,8635,9475,2000.0,1
7937,Branch_9052,8636,9475,2000.0,1
7938,Branch_9054,8635,9284,48.804294777940456,1
7939,Branch_9057,8579,8635,25.588536335721596,1
7940,Branch_9058,4823,6448,2000.0,1
7941,Branch_9059,4822,6448,2000.0,1
7942,Branch_9060,4365,4366,2.031281738777168,1
7943,Branch_9061,4364,4365,62.18905472636816,1
7944,Branch_9062,4150,4366,78.80220646178093,1
7945,Branch_9063,4360,4365,129.70168612191958,1
7946,Branch_9064,4773,5112,33.67003367003367,1
7947,Branch_9065,4773,6114,884.9557522123894,1
7948,Branch_9066,4535,5693,115.2073732718894,1
7949,Branch_9067,4535,6422,120.1923076923077,1
7950,Branch_9068,9325,9469,89.84725965858041,1
7951,Branch_9069,6448,6444,6.249609399412536,1
7952,Branch_9070,6448,6445,9.80872976949485,1
7953,Branch_9071,6448,6447,30.816640986132512,1
7954,Branch_9072,6448,6446,11.109876680368847,1
7955,Branch_9073,6448,6443,11.109876680368847,1
7956,Branch_9074,4823,5248,16.406890894175554,1
7957,Branch_9075,5478,6448,21.27659574468085,1
7958,Branch_9076,8688,9469,45.33091568449683,1
7959,Branch_9077,196,198,1.4760583338253528,1
7960,Branch_9078,947,946,1.7828807787623242,1
7961,Branch_9079,8881,8886,352.11267605633805,1
7962,Branch_9080,8886,8885,11.350737797956867,1
7963,Branch_9081,8884,8886,8.56898029134533,1
7964,Branch_9082,9752,9753,9.286775631500744,1
7965,Branch_9083,9752,9754,9.286775631500744,1
7966,Branch_9084,9752,10284,2000.0,1
7967,Branch_9085,668,1399,59.20663114268798,1
7968,Branch_9086,3306,3580,21.58894645941278,1
7969,Branch_9087,3078,3306,22.951572182694516,1
7970,Branch_9088,9953,9952,15.936254980079681,1
7971,Branch_9089,9947,9953,2000.0,1
7972,Branch_9090,5826,6121,408.16326530612247,1
7973,Branch_9091,5825,6121,408.16326530612247,1
7974,Branch_9092,4230,4225,54.88474204171241,1
7975,Branch_9093,4230,4229,75.41478129713424,1
7976,Branch_9094,4230,4228,62.53908692933083,1
7977,Branch_9095,4230,4232,11.983223487118035,1
7978,Branch_9096,4224,4232,-520.8333333333334,1
7979,Branch_9097,4226,4232,8.802042073761113,1
7980,Branch_9098,4230,4231,21.1864406779661,1
7981,Branch_9099,4223,4231,100.0,1
7982,Branch_9100,4227,4231,3.4904013961605584,1
7983,Branch_9101,5809,5899,2000.0,1
7984,Branch_9102,5194,5724,161.55088852988692,1
7985,Branch_9103,5194,5579,92.08103130755065,1
7986,Branch_9104,2783,2782,5.234779877506151,1
7987,Branch_9105,4282,4284,69.7350069735007,1
7988,Branch_9106,4281,4284,72.41129616220131,1
7989,Branch_9107,4283,4284,5.212677231025855,1
7990,Branch_9108,9965,10257,40.32258064516129,1
7991,Branch_9109,4371,4373,2000.0,1
7992,Branch_9110,1315,1381,806.4516129032259,1
7993,Branch_9111,8646,8835,177.61989342806393,1
7994,Branch_9112,8835,9394,26.70940170940171,1
7995,Branch_9113,9180,9179,18.573551263001487,1
7996,Branch_9114,9176,9180,2000.0,1
7997,Branch_9115,2900,3054,3.248862897985705,1
7998,Branch_9116,10000,10349,18.716077110237695,1
7999,Branch_9117,9885,9919,2000.0,1
8000,Branch_9118,9919,9917,8.6617583369424,1
8001,Branch_9119,9919,9918,8.625894936599671,1
8002,Branch_9120,4860,6950,26.12330198537095,1
8003,Branch_9121,8475,9274,34.036759700476516,1
8004,Branch_9123,5202,6950,39.032006245120996,1
8005,Branch_9124,2413,9292,4.653327128897161,1
8006,Branch_9125,9386,9488,66.05019815059445,1
8007,Branch_9126,9385,9386,2000.0,1
8008,Branch_9127,9227,9386,42.30118443316413,1
8009,Branch_9128,48,1803,53.13496280552604,1
8010,Branch_9129,7526,7527,64.14368184733804,1
8011,Branch_9130,7525,7527,152.20700152207002,1
8012,Branch_9131,7528,7527,8.450942280064227,1
8013,Branch_9132,7526,7529,46.99248120300752,1
8014,Branch_9133,7525,7529,-543.4782608695652,1
8015,Branch_9134,7530,7529,8.943743851176102,1
8016,Branch_9135,1974,1973,5.139274334463973,1
8017,Branch_9138,10272,10273,2.7524703421320633,1
8018,Branch_9139,615,830,235.8490566037736,1
8019,Branch_9141,8794,8867,16.409583196586805,1
8020,Branch_9142,49,485,68.1663258350375,1
8021,Branch_9143,4881,4880,13.646288209606986,1
8022,Branch_9144,4881,6560,2000.0,1
8023,Branch_9148,258,978,124.53300124533001,1
8024,Branch_9149,258,1720,2000.0,1
8025,Branch_9150,258,1719,2000.0,1
8026,Branch_9151,9129,9128,14.222727919214906,1
8027,Branch_9152,9127,9129,2000.0,1
8028,Branch_9156,4669,5336,115.07479861910241,1
8029,Branch_9157,203,1638,387.5968992248062,1
8030,Branch_9158,206,203,3.441866868589523,1
8031,Branch_9159,205,203,3.299894403379092,1
8032,Branch_9160,207,203,3.4441191665231616,1
8033,Branch_9161,205,204,4.026089057089942,1
8034,Branch_9162,5385,6584,3.0134096730450506,1
8035,Branch_9163,5385,6721,3.1729914963827897,1
8036,Branch_9164,180,1115,2000.0,1
8037,Branch_9165,180,4107,65.10416666666667,1
8038,Branch_9166,180,872,100.40160642570281,1
8039,Branch_9167,4381,4383,19.34984520123839,1
8040,Branch_9168,484,1320,119.76047904191617,1
8041,Branch_9169,9980,10110,27.464982147761603,1
8042,Branch_9170,484,1778,73.52941176470588,1
8043,Branch_9171,484,1018,854.7008547008547,1
8044,Branch_9172,8709,9475,81.30081300813008,1
8045,Branch_9179,3412,3413,35.85514521333811,1
8046,Branch_9180,3405,3413,-216.91973969631238,1
8047,Branch_9181,3415,3413,6.3315182980878815,1
8048,Branch_9182,3412,3414,35.85514521333811,1
8049,Branch_9183,3404,3414,-216.91973969631238,1
8050,Branch_9184,3416,3414,6.3315182980878815,1
8051,Branch_9185,3412,9861,36.19254433586681,1
8052,Branch_9186,9595,9596,2000.0,1
8053,Branch_9187,9519,9998,6.387327542156362,1
8054,Branch_9188,5531,9519,2.213466731595024,1
8055,Branch_9189,7157,7237,37.0919881305638,1
8056,Branch_9190,7157,7160,1000.0,1
8057,Branch_9191,153,154,10.52853232259423,1
8058,Branch_9192,153,155,10.930156301235108,1
8059,Branch_9193,8789,8790,55.77244841048522,1
8060,Branch_9194,8618,9229,93.28358208955224,1
8061,Branch_9195,8618,8740,51.89413596263622,1
8062,Branch_9196,8707,9480,20.846362309776943,1
8063,Branch_9197,10190,10189,11.05094485578517,1
8064,Branch_9198,3675,3683,114.15525114155251,1
8065,Branch_9199,237,1022,684.931506849315,1
8066,Branch_9200,240,1022,684.931506849315,1
8067,Branch_9201,9703,10257,1562.5,1
8068,Branch_9202,9703,10044,22.26179875333927,1
8069,Branch_9203,1054,1055,12.893243940175347,1
8070,Branch_9204,1054,1056,12.893243940175347,1
8071,Branch_9205,1054,1058,24.88181139586962,1
8072,Branch_9208,7660,7729,7.103786318107551,1
8073,Branch_9209,7364,7660,108.22510822510823,1
8074,Branch_9211,7729,7829,30.637254901960784,1
8075,Branch_9212,7673,7829,7.605719501064801,1
8076,Branch_9213,7673,7803,9.798157946306095,1
8077,Branch_9214,7512,7848,6.1255742725880555,1
8078,Branch_9216,7512,7585,7.742934572202865,1
8079,Branch_9217,7743,8371,53.022269353128316,1
8080,Branch_9218,7743,8354,3.1938677738741617,1
8081,Branch_9219,8367,8435,9.325748391308403,1
8082,Branch_9220,8435,8436,8.583690987124463,1
8083,Branch_9221,8436,8437,9.099181073703367,1
8084,Branch_9222,7573,8437,7.593014426727411,1
8085,Branch_9223,2179,2512,23.685457129322597,1
8086,Branch_9224,2099,2179,125.78616352201257,1
8087,Branch_9225,2179,2242,17.044486108743822,1
8088,Branch_9226,2179,2673,66.84491978609626,1
8089,Branch_9227,2179,2550,71.63323782234957,1
8090,Branch_9228,2178,2651,22.696323195642307,1
8091,Branch_9229,1937,2178,35.637918745545264,1
8092,Branch_9230,2178,2206,87.56567425569177,1
8093,Branch_9231,2177,2657,98.4251968503937,1
8094,Branch_9232,2177,2657,98.4251968503937,1
8095,Branch_9234,2177,2885,88.18342151675485,1
8096,Branch_9235,2177,2676,120.48192771084338,1
8097,Branch_9236,6455,6719,45.93477262287551,1
8098,Branch_9237,6554,6719,98.52216748768473,1
8099,Branch_9238,3895,3896,10.002000400080016,1
8100,Branch_9239,3893,3895,854.7008547008547,1
8101,Branch_9240,2212,2213,4.130183380142078,1
8102,Branch_9241,273,2212,3.9984006397441023,1
8103,Branch_9242,9146,9151,39.920159680638726,1
8104,Branch_9243,9148,9151,-354.6099290780142,1
8105,Branch_9244,9152,9151,11.444266422522317,1
8106,Branch_9245,9146,9150,41.00041000410004,1
8107,Branch_9246,9149,9150,-467.2897196261682,1
8108,Branch_9247,9153,9150,6.745362563237774,1
8109,Branch_9248,9075,9148,87.7963125548727,1
8110,Branch_9249,9075,9149,89.28571428571429,1
8111,Branch_9250,4832,6252,2000.0,1
8112,Branch_9251,4549,4550,73.31378299120234,1
8113,Branch_9252,3925,3959,2000.0,1
8114,Branch_9253,2298,2375,14.444604940054889,1
8115,Branch_9255,8962,8963,19.90049751243781,1
8116,Branch_9256,8961,8963,-138.88888888888889,1
8117,Branch_9257,8964,8963,3.4987054789727803,1
8118,Branch_9258,8712,8961,7.133176403452457,1
8119,Branch_9259,4675,6904,63.89776357827476,1
8120,Branch_9260,4674,6903,63.89776357827476,1
8121,Branch_9262,4599,4601,37.778617302606726,1
8122,Branch_9263,4599,6208,95.32888465204957,1
8123,Branch_9264,5098,6668,66.09385327164574,1
8124,Branch_9265,1472,1468,2.5021894157387714,1
8125,Branch_9266,1473,1468,2.5021894157387714,1
8126,Branch_9270,1468,1525,64.02048655569783,1
8127,Branch_9271,8546,9355,17.421602787456447,1
8128,Branch_9272,306,400,1851.851851851852,1
8129,Branch_9273,400,1565,230.94688221709006,1
8130,Branch_9274,7893,8012,925.925925925926,1
8131,Branch_9275,7360,8012,341.29692832764505,1
8132,Branch_9276,8012,8011,12.40694789081886,1
8133,Branch_9277,9492,9493,3.1985670419651995,1
8134,Branch_9278,1584,1586,88.88888888888889,1
8135,Branch_9279,1585,1586,134.9527665317139,1
8136,Branch_9280,1587,1586,9.926543577526305,1
8137,Branch_9281,1584,1590,50.377833753148614,1
8138,Branch_9282,1585,1590,-757.5757575757576,1
8139,Branch_9283,1588,1590,6.736728644570197,1
8140,Branch_9284,1584,1591,-315.45741324921136,1
8141,Branch_9285,1585,1591,43.802014892685065,1
8142,Branch_9286,1589,1591,11.997600479904019,1
8143,Branch_9287,730,1585,223.71364653243847,1
8144,Branch_9288,777,780,5.424758598242378,1
8145,Branch_9289,777,781,5.424758598242378,1
8146,Branch_9290,777,779,11.81753722524226,1
8147,Branch_9291,777,778,11.835720203574388,1
8148,Branch_9292,13,777,5.410377103284099,1
8149,Branch_9293,777,782,5.392289026691831,1
8150,Branch_9294,781,784,0.8576329331046312,1
8151,Branch_9295,777,783,2.1456925222615597,1
8152,Branch_9296,777,783,2.1456925222615597,1
8153,Branch_9297,777,786,6.5333856004181365,1
8154,Branch_9298,116,778,17.45810055865922,1
8155,Branch_9299,779,1718,170.06802721088437,1
8156,Branch_9300,778,779,2000.0,1
8157,Branch_9301,779,1146,39.87240829346093,1
8158,Branch_9302,8773,9423,3.711676935639522,1
8159,Branch_9303,4174,4176,46.27487274409995,1
8160,Branch_9304,4173,4176,-460.8294930875576,1
8161,Branch_9305,4175,4176,8.986340762041696,1
8162,Branch_9306,1007,1550,1041.6666666666667,1
8163,Branch_9307,1007,1008,4.1363335539377895,1
8164,Branch_9308,3642,3649,73.96449704142012,1
8165,Branch_9309,9067,9066,9.69274013763691,1
8166,Branch_9310,9007,9067,1408.4507042253522,1
8167,Branch_9311,8478,8483,48.33252779120348,1
8168,Branch_9312,8478,8479,235.2941176470588,1
8169,Branch_9313,8485,8479,61.53846153846154,1
8170,Branch_9314,8480,8479,7.928327915642591,1
8171,Branch_9317,8481,8474,34.940600978336825,1
8172,Branch_9318,8476,8473,34.940600978336825,1
8173,Branch_9319,8477,8472,34.940600978336825,1
8174,Branch_9320,8475,9230,58.445353594389246,1
8175,Branch_9321,8475,9206,29.507229271171436,1
8176,Branch_9322,8478,8850,21.34927412467976,1
8177,Branch_9324,8478,8881,76.10350076103501,1
8178,Branch_9325,8475,9511,36.46973012399708,1
8179,Branch_9326,8482,9120,35.323207347227125,1
8180,Branch_9327,8475,8484,2000.0,1
8181,Branch_9328,8475,8486,2000.0,1
8182,Branch_9329,8483,8484,9.385265133740027,1
8183,Branch_9330,8475,8481,1538.4615384615386,1
8184,Branch_9331,8475,8477,1538.4615384615386,1
8185,Branch_9332,8485,8486,9.385265133740027,1
8186,Branch_9333,8475,8476,1538.4615384615386,1
8187,Branch_9334,8478,8744,57.37234652897303,1
8188,Branch_9336,8478,8482,2000.0,1
8189,Branch_9337,8475,9230,58.445353594389246,1
8190,Branch_9339,4884,6075,2000.0,1
8191,Branch_9341,7372,7878,564.9717514124294,1
8192,Branch_9344,6075,6093,2000.0,1
8193,Branch_9345,6075,6094,2000.0,1
8194,Branch_9346,3050,3605,2.7873010563871006,1
8195,Branch_9347,3129,3263,2000.0,1
8196,Branch_9348,6422,6554,485.43689320388347,1
8197,Branch_9349,2017,2016,8.908685968819599,1
8198,Branch_9350,2017,2386,793.6507936507936,1
8199,Branch_9351,4861,4862,2000.0,1
8200,Branch_9352,3075,3309,168.0672268907563,1
8201,Branch_9353,3075,3690,11.75226231049477,1
8202,Branch_9354,3075,3094,18.198362147406733,1
8203,Branch_9355,5019,6877,8.670770831526923,1
8204,Branch_9358,2828,2829,3.5855145213338115,1
8205,Branch_9359,8688,9174,29.31691586045148,1
8206,Branch_9360,8689,8812,5.164755707055057,1
8207,Branch_9361,8688,8689,2000.0,1
8208,Branch_9362,8688,8915,61.53846153846154,1
8209,Branch_9363,9256,9368,80.25682182985554,1
8210,Branch_9364,1733,1734,141.84397163120568,1
8211,Branch_9365,1735,1736,140.4494382022472,1
8212,Branch_9366,4746,4749,14.729709824716453,1
8213,Branch_9367,4746,4750,14.3348623853211,1
8214,Branch_9368,4539,4746,2000.0,1
8215,Branch_9369,9593,9964,15.45833977430824,1
8216,Branch_9371,8050,8243,261.0966057441253,1
8217,Branch_9372,8050,8243,261.0966057441253,1
8218,Branch_9374,885,890,404.8582995951417,1
8219,Branch_9375,5356,6590,2000.0,1
8220,Branch_9376,5354,5353,46.53327128897161,1
8221,Branch_9377,5355,5353,-458.7155963302752,1
8222,Branch_9378,5359,5353,8.960573476702509,1
8223,Branch_9379,5354,5358,46.403712296983755,1
8224,Branch_9380,5356,5358,-450.45045045045043,1
8225,Branch_9381,5357,5358,9.000090000900009,1
8226,Branch_9382,4083,4362,2000.0,1
8227,Branch_9383,4083,4363,2000.0,1
8228,Branch_9384,2257,2258,22.055580061755624,1
8229,Branch_9385,2259,2258,-154.79876160990713,1
8230,Branch_9386,2260,2258,7.4766355140186915,1
8231,Branch_9387,5336,6905,198.80715705765408,1
8232,Branch_9388,7541,7544,49.75124378109453,1
8233,Branch_9389,7540,7544,-555.5555555555555,1
8234,Branch_9390,7545,7544,6.784260515603799,1
8235,Branch_9391,7541,7543,49.75124378109453,1
8236,Branch_9392,7540,7543,-555.5555555555555,1
8237,Branch_9393,7546,7543,6.784260515603799,1
8238,Branch_9394,4021,4257,20.669698222405952,1
8239,Branch_9395,4170,4257,19.98800719568259,1
8240,Branch_9396,4257,4335,23.963575365444523,1
8241,Branch_9397,4537,4541,98.61932938856016,1
8242,Branch_9398,9886,9887,9.1000091000091,1
8243,Branch_9399,9886,9888,9.1000091000091,1
8244,Branch_9400,9889,9890,14.070634585619812,1
8245,Branch_9401,3052,3588,3.9619651347068148,1
8246,Branch_9402,3052,3653,16.611295681063122,1
8247,Branch_9403,2995,2994,7.981482959533881,1
8248,Branch_9404,2967,2995,1010.10101010101,1
8249,Branch_9405,6925,10151,32.1853878339234,1
8250,Branch_9406,534,809,15.288182235132243,1
8251,Branch_9407,1317,1319,2000.0,1
8252,Branch_9408,1316,1318,2000.0,1
8253,Branch_9409,9496,9494,15.358623867301489,1
8254,Branch_9414,9488,9502,21.043771043771045,1
8255,Branch_9415,9492,9502,-127.06480304955528,1
8256,Branch_9416,9501,9502,2.7664047803474605,1
8257,Branch_9417,9328,9488,24.521824423737126,1
8258,Branch_9418,3348,3590,10.658708164570454,1
8259,Branch_9419,450,1165,9.25925925925926,1
8260,Branch_9420,9880,9881,56.21135469364812,1
8261,Branch_9421,5764,5767,5.717552887364208,1
8262,Branch_9422,5765,5767,-100.0,1
8263,Branch_9423,5766,5767,3.2562683165092805,1
8264,Branch_9424,10062,10061,7.162810686913545,1
8265,Branch_9425,2914,3714,621.1180124223603,1
8266,Branch_9426,2914,3461,98.61932938856016,1
8267,Branch_9427,7584,7607,273.224043715847,1
8268,Branch_9428,7584,7583,4.780114722753346,1
8269,Branch_9429,7584,7583,4.780114722753346,1
8270,Branch_9430,5305,5452,2000.0,1
8271,Branch_9431,4991,6664,36.67033370003667,1
8272,Branch_9432,4991,6122,49.97501249375313,1
8273,Branch_9433,5117,6982,2000.0,1
8274,Branch_9434,4237,4329,16.283992835043154,1
8275,Branch_9435,8599,9231,6.622955162593549,1
8276,Branch_9436,8576,9205,64.9772579597141,1
8277,Branch_9437,9205,9207,2000.0,1
8278,Branch_9438,9206,9207,2000.0,1
8279,Branch_9439,9460,9462,2000.0,1
8280,Branch_9440,9461,9460,43.49717268377555,1
8281,Branch_9441,8905,9460,54.94505494505494,1
8282,Branch_9443,9461,9463,2000.0,1
8283,Branch_9444,1305,1640,21.468441391155004,1
8284,Branch_9445,2481,2525,79.11392405063292,1
8285,Branch_9446,2651,2658,45.64125969876768,1
8286,Branch_9447,2392,2531,23.391812865497077,1
8287,Branch_9448,3310,3727,17.37921445950643,1
8288,Branch_9449,3309,3310,2000.0,1
8289,Branch_9450,5808,6797,26.462026991267532,1
8290,Branch_9451,6783,6797,66.53359946773121,1
8291,Branch_9454,4624,6175,2000.0,1
8292,Branch_9455,9251,9253,5.720823798627002,1
8293,Branch_9457,1122,1732,81.43322475570032,1
8294,Branch_9458,800,1732,102.24948875255623,1
8295,Branch_9459,800,1732,101.5228426395939,1
8296,Branch_9460,8126,8125,13.22576378785875,1
8297,Branch_9461,1625,1630,-354.6099290780142,1
8298,Branch_9462,1623,1630,58.17335660267597,1
8299,Branch_9463,1633,1630,10.439503079653408,1
8300,Branch_9464,1625,1629,-847.457627118644,1
8301,Branch_9465,1623,1629,65.27415143603133,1
8302,Branch_9466,1622,1629,9.789525208027412,1
8303,Branch_9467,1625,1631,-250.6265664160401,1
8304,Branch_9468,1623,1631,55.005500550055004,1
8305,Branch_9469,1632,1631,10.640561821664184,1
8306,Branch_9470,1625,1628,2000.0,1
8307,Branch_9471,1625,1627,2000.0,1
8308,Branch_9472,1624,1628,1886.7924528301887,1
8309,Branch_9473,1626,1627,2000.0,1
8310,Branch_9474,800,1623,122.69938650306749,1
8311,Branch_9475,800,1623,122.69938650306749,1
8312,Branch_9476,872,1623,123.45679012345678,1
8313,Branch_9477,872,1623,123.45679012345678,1
8314,Branch_9478,8537,9324,2000.0,1
8315,Branch_9480,1948,1947,2.66865926558497,1
8316,Branch_9481,8428,8427,44.96402877697842,1
8317,Branch_9482,8423,8427,440.52863436123346,1
8318,Branch_9483,8424,8427,6.0960741282613995,1
8319,Branch_9487,8428,8431,69.97900629811056,1
8320,Branch_9488,8423,8431,69.01311249137336,1
8321,Branch_9489,8432,8431,5.138482092389908,1
8322,Branch_9491,8551,9482,8.180628272251308,1
8323,Branch_9493,7825,7824,12.007684918347742,1
8324,Branch_9495,8389,8392,12.727504136438844,1
8325,Branch_9496,8389,8396,12.727504136438844,1
8326,Branch_9497,8389,8393,17.711654268508678,1
8327,Branch_9498,8390,8391,12.727504136438844,1
8328,Branch_9499,8390,8394,12.727504136438844,1
8329,Branch_9500,8390,8395,17.711654268508678,1
8330,Branch_9501,9622,10299,79.93605115907275,1
8331,Branch_9504,9622,10299,80.45052292839904,1
8332,Branch_9505,3881,3883,7.519927808693036,1
8333,Branch_9506,3881,3884,71.42857142857143,1
8334,Branch_9507,3881,3882,70.87172218284904,1
8335,Branch_9508,9166,9165,14.351320321469576,1
8336,Branch_9509,2919,3216,176.3668430335097,1
8337,Branch_9510,2941,3216,12.600806451612904,1
8338,Branch_9511,4500,6797,2000.0,1
8339,Branch_9512,9562,9563,18.740629685157423,1
8340,Branch_9513,9565,9562,21.77226213803614,1
8341,Branch_9514,9564,9563,2.606678309829784,1
8342,Branch_9515,9565,9563,-130.89005235602093,1
8343,Branch_9516,9565,9603,628.930817610063,1
8344,Branch_9517,9565,9603,847.457627118644,1
8345,Branch_9518,9562,9992,27.88622420524261,1
8346,Branch_9519,9562,9995,34.094783498124784,1
8347,Branch_9520,4675,5839,171.82130584192439,1
8348,Branch_9521,4675,4684,33.32222592469177,1
8349,Branch_9522,4674,4685,33.32222592469177,1
8350,Branch_9525,6501,6502,8.333333333333334,1
8351,Branch_9526,6501,6507,9.261831990367694,1
8352,Branch_9527,6501,6504,13.640703860319192,1
8353,Branch_9528,6501,6505,9.602458229306702,1
8354,Branch_9529,6501,6508,1.1577692102856216,1
8355,Branch_9530,5564,6501,14.9678191887442,1
8356,Branch_9531,9906,9907,10.646225912913872,1
8357,Branch_9532,9905,9907,-71.07320540156361,1
8358,Branch_9533,9908,9907,2.3710166919575113,1
8359,Branch_9534,5664,7064,353.35689045936397,1
8360,Branch_9537,7322,8082,2000.0,1
8361,Branch_9538,8564,9284,684.931506849315,1
8362,Branch_9539,1873,1874,5.203996669442132,1
8363,Branch_9540,9313,9454,8.554319931565441,1
8364,Branch_9541,4988,4987,7.017543859649122,1
8365,Branch_9542,4988,4987,7.661074082586379,1
8366,Branch_9543,4988,5074,4.705882352941177,1
8367,Branch_9544,5723,6531,2000.0,1
8368,Branch_9545,4987,5752,14.992503748125937,1
8369,Branch_9546,6869,6868,13.648150675583459,1
8370,Branch_9547,5664,6868,17.84439685938615,1
8371,Branch_9548,6424,6869,91.74311926605505,1
8372,Branch_9549,5912,6869,15.620118712902219,1
8373,Branch_9550,4504,6869,2.513004799839168,1
8374,Branch_9552,1905,2791,2000.0,1
8375,Branch_9553,9773,9774,62.814070351758794,1
8376,Branch_9554,9773,9777,88.96797153024912,1
8377,Branch_9555,9774,9775,230.4147465437788,1
8378,Branch_9556,5280,5607,64.47453255963894,1
8379,Branch_9557,3110,3698,42.78990158322636,1
8380,Branch_9558,6572,6573,11.381743683132257,1
8381,Branch_9559,6569,6573,5.899705014749262,1
8382,Branch_9560,6575,6573,-11.381743683132257,1
8383,Branch_9561,6570,6574,4.209994527007115,1
8384,Branch_9562,6569,6574,-22.537750732476898,1
8385,Branch_9563,6576,6574,1.0840460936399017,1
8386,Branch_9564,9244,9375,313.47962382445144,1
8387,Branch_9565,9164,9245,315.45741324921136,1
8388,Branch_9566,1112,1111,18.372221201543265,1
8389,Branch_9567,9244,9245,8.710801393728223,1
8390,Branch_9568,549,1807,165.56291390728478,1
8391,Branch_9569,3040,3228,22.84669865204478,1
8392,Branch_9570,3040,3690,33.557046979865774,1
8393,Branch_9571,3614,3616,-49.6031746031746,1
8394,Branch_9572,3615,3617,-49.6031746031746,1
8395,Branch_9573,617,618,2000.0,1
8396,Branch_9574,9125,9159,2000.0,1
8397,Branch_9575,9159,9157,14.080540692762602,1
8398,Branch_9576,9159,9158,14.080540692762602,1
8399,Branch_9577,2945,3713,132.27513227513228,1
8400,Branch_9578,3713,3711,11.669973159061735,1
8401,Branch_9579,3713,3712,11.556685542586386,1
8402,Branch_9580,3106,3510,12.751849018107626,1
8403,Branch_9581,1209,1406,12.853470437017995,1
8404,Branch_9582,679,1209,4.515692029803567,1
8405,Branch_9583,4271,4272,5.807200929152149,1
8406,Branch_9584,7798,7799,4.752851711026616,1
8407,Branch_9585,7217,7311,26.737967914438503,1
8408,Branch_9586,7312,7311,9.601536245799329,1
8409,Branch_9587,8695,8838,232.5581395348837,1
8410,Branch_9588,8447,8446,2.3245542667193564,1
8411,Branch_9589,7688,8447,2000.0,1
8412,Branch_9590,8838,8837,3.7158145065398336,1
8413,Branch_9591,9415,9436,1785.7142857142858,1
8414,Branch_9592,7629,8397,18.37897445322551,1
8415,Branch_9593,7863,8397,151.5151515151515,1
8416,Branch_9594,2553,2554,225.22522522522522,1
8417,Branch_9595,2013,2673,25.906735751295336,1
8418,Branch_9596,2554,2660,85.17887563884156,1
8419,Branch_9597,2660,2709,65.91957811470007,1
8420,Branch_9598,2657,2833,185.5287569573284,1
8421,Branch_9599,2657,2833,184.50184501845018,1
8422,Branch_9600,1906,2457,113.25028312570781,1
8423,Branch_9601,1906,2565,71.12375533428165,1
8424,Branch_9602,1068,1808,363.6363636363636,1
8425,Branch_9603,391,1068,606.060606060606,1
8426,Branch_9604,86,1808,1587.3015873015872,1
8427,Branch_9605,2098,2097,11.503508570113885,1
8428,Branch_9606,2098,2099,2000.0,1
8429,Branch_9608,2099,2168,1818.1818181818182,1
8430,Branch_9609,9526,10025,101.21457489878543,1
8431,Branch_9610,10025,10191,33.921302578018995,1
8432,Branch_9611,9550,10191,43.84042086804033,1
8433,Branch_9612,10025,10026,10.673497705197994,1
8434,Branch_9613,9740,10026,4.985293384515678,1
8435,Branch_9616,10163,10164,8.967805577975069,1
8436,Branch_9617,10161,10164,-57.80346820809248,1
8437,Branch_9618,10165,10164,4.517528008673654,1
8438,Branch_9619,10162,10163,2000.0,1
8439,Branch_9620,9542,10161,645.1612903225806,1
8440,Branch_9621,3246,10163,7.548878991469767,1
8441,Branch_9623,8766,9465,9.7551458394303,1
8442,Branch_9624,8513,8766,19.801980198019802,1
8443,Branch_9625,8766,9038,96.06147934678194,1
8444,Branch_9626,8766,9291,23.364485981308412,1
8445,Branch_9627,9904,9903,15.394088669950738,1
8446,Branch_9629,9773,9904,2000.0,1
8447,Branch_9630,8930,8928,22.90950744558992,1
8448,Branch_9631,8931,8929,22.81021897810219,1
8449,Branch_9632,9200,9485,2000.0,1
8450,Branch_9633,9326,9486,161.81229773462783,1
8451,Branch_9635,8851,8850,33.211557622052474,1
8452,Branch_9636,8852,8850,23.4246896228625,1
8453,Branch_9637,8744,8850,27.979854504756574,1
8454,Branch_9638,8851,8925,510.2040816326531,1
8455,Branch_9639,8852,8925,529.1005291005291,1
8456,Branch_9640,8953,8982,2000.0,1
8457,Branch_9641,8596,9326,126.74271229404309,1
8458,Branch_9642,8982,8981,13.297872340425531,1
8459,Branch_9643,8564,8667,104.27528675703859,1
8460,Branch_9644,7442,8166,751.8796992481203,1
8461,Branch_9645,1458,1729,229.3577981651376,1
8462,Branch_9646,4432,6836,16.105653084232564,1
8463,Branch_9647,6682,6836,2.928000468480075,1
8464,Branch_9648,4504,5485,7.752538956508256,1
8465,Branch_9649,3031,3177,45.16711833785005,1
8466,Branch_9650,4606,4612,2000.0,1
8467,Branch_9651,4606,6102,2000.0,1
8468,Branch_9652,9647,9646,32.74394237066143,1
8469,Branch_9653,9647,9645,20.50020500205002,1
8470,Branch_9654,9647,9644,20.597322348094746,1
8471,Branch_9655,4612,4611,29.940119760479043,1
8472,Branch_9656,4612,4609,18.231540565177756,1
8473,Branch_9657,4612,4610,18.20167455405897,1
8474,Branch_9658,6102,6101,29.559562518474728,1
8475,Branch_9659,6102,6100,17.99208348326736,1
8476,Branch_9660,6102,6103,17.879492222420883,1
8477,Branch_9661,9040,9295,76.62835249042145,1
8478,Branch_9662,8498,9040,120.62726176115802,1
8479,Branch_9663,5485,6836,2000.0,1
8480,Branch_9664,8759,8760,2000.0,1
8481,Branch_9665,8760,8761,6.306363120388472,1
8482,Branch_9666,8760,8761,6.306363120388472,1
8483,Branch_9667,8629,8836,12.575452716297786,1
8484,Branch_9668,1115,1113,16.289297931259163,1
8485,Branch_9669,1115,1114,16.39881928501148,1
8486,Branch_9670,1955,2775,102.45901639344262,1
8487,Branch_9671,6037,6463,2000.0,1
8488,Branch_9672,678,975,452.4886877828054,1
8489,Branch_9673,975,1405,144.50867052023122,1
8490,Branch_9674,8947,9463,561.7977528089888,1
8491,Branch_9675,10109,10258,74.4047619047619,1
8492,Branch_9676,3182,3228,40.16064257028113,1
8493,Branch_9677,3182,3271,79.30214115781126,1
8494,Branch_9678,10135,10134,9.380863039399625,1
8495,Branch_9679,10135,10197,9.539254030334828,1
8496,Branch_9680,9992,10134,10.058338362502514,1
8497,Branch_9681,79,80,2000.0,1
8498,Branch_9682,7469,7468,13.28374070138151,1
8499,Branch_9683,7469,7849,2000.0,1
8500,Branch_9684,1939,2173,13.659336156262805,1
8501,Branch_9685,2173,9318,9.40999341300461,1
8502,Branch_9686,2172,2177,44.18912947414936,1
8503,Branch_9687,2172,9061,164.74464579901152,1
8504,Branch_9688,2172,2173,20.716801325875284,1
8505,Branch_9689,2172,9315,69.54102920723227,1
8506,Branch_9690,7710,7714,9.94431185361973,1
8507,Branch_9691,7709,7711,9.875567845151096,1
8508,Branch_9692,7710,7715,9.909820632246557,1
8509,Branch_9693,7709,7713,9.791442279447763,1
8510,Branch_9694,7709,7712,9.754194303550527,1
8511,Branch_9695,7641,7709,2000.0,1
8512,Branch_9696,7555,8352,2000.0,1
8513,Branch_9697,7861,8349,126.10340479192938,1
8514,Branch_9698,7555,7861,2000.0,1
8515,Branch_9699,8347,8349,208.33333333333334,1
8516,Branch_9700,1108,1107,16.57550140891762,1
8517,Branch_9701,8352,8353,10.54407423028258,1
8518,Branch_9702,8349,8350,10.513036164844408,1
8519,Branch_9703,8347,8348,10.513036164844408,1
8520,Branch_9704,8347,8351,10.513036164844408,1
8521,Branch_9705,9968,10249,14.025245441795231,1
8522,Branch_9706,8517,8518,4.277891854893908,1
8523,Branch_9707,8517,8519,4.277891854893908,1
8524,Branch_9708,8517,8520,4.277891854893908,1
8525,Branch_9709,8517,8521,4.277891854893908,1
8526,Branch_9710,9292,9291,23.752969121140143,1
8527,Branch_9711,8517,9291,719.4244604316547,1
8528,Branch_9712,9093,9291,632.9113924050633,1
8529,Branch_9713,9291,9479,22.670596236681025,1
8530,Branch_9714,9127,9291,141.84397163120568,1
8531,Branch_9715,2375,2374,8.402655239055541,1
8532,Branch_9717,7171,7180,35.486160397445,1
8533,Branch_9718,7171,7911,35.1741118536757,1
8534,Branch_9719,7590,7612,16.94628029147602,1
8535,Branch_9720,2545,2544,19.443904335990666,1
8536,Branch_9721,8759,9328,77.39938080495357,1
8537,Branch_9723,8783,8782,6.242976651267324,1
8538,Branch_9724,8491,8492,9.178522257916475,1
8539,Branch_9725,8491,8492,9.178522257916475,1
8540,Branch_9726,8491,8783,2000.0,1
8541,Branch_9727,9705,9872,149.03129657228018,1
8542,Branch_9728,9098,9124,2000.0,1
8543,Branch_9729,9124,9122,11.503508570113885,1
8544,Branch_9730,9124,9123,11.503508570113885,1
8545,Branch_9731,3144,3330,39.69829297340215,1
8546,Branch_9732,3031,3330,17.6056338028169,1
8547,Branch_9733,8892,9292,46.36068613815485,1
8548,Branch_9734,2947,3727,259.7402597402597,1
8549,Branch_9735,178,1638,141.84397163120568,1
8550,Branch_9736,985,1108,564.9717514124294,1
8551,Branch_9737,986,987,8.655011251514628,1
8552,Branch_9738,985,986,729.92700729927,1
8553,Branch_9739,237,238,95.14747859181732,1
8554,Branch_9740,239,240,95.14747859181732,1
8555,Branch_9741,237,1641,156.98587127158555,1
8556,Branch_9742,240,1642,156.98587127158555,1
8557,Branch_9743,5451,5558,2.630402188494621,1
8558,Branch_9744,134,599,41.597337770382694,1
8559,Branch_9746,10312,10310,8.878629139660836,1
8560,Branch_9747,10312,10311,8.878629139660836,1
8561,Branch_9748,9668,9666,7.501875468867217,1
8562,Branch_9749,9668,9667,7.501875468867217,1
8563,Branch_9751,8622,8631,163.9344262295082,1
8564,Branch_9753,8935,8937,22.716946842344388,1
8565,Branch_9754,8576,8622,75.7002271006813,1
8566,Branch_9755,8576,8933,2000.0,1
8567,Branch_9756,8576,8935,2000.0,1
8568,Branch_9757,8576,8975,104.0582726326743,1
8569,Branch_9758,7625,7670,180.18018018018017,1
8570,Branch_9759,7662,7670,23.228803716608596,1
8571,Branch_9760,6188,6189,10.594342621040365,1
8572,Branch_9761,6188,6190,10.583130489998942,1
8573,Branch_9762,2960,6067,65.31678641410842,1
8574,Branch_9763,8074,8073,10.658708164570454,1
8575,Branch_9764,8075,8073,10.984182776801406,1
8576,Branch_9765,9834,9835,7.5392038600723765,1
8577,Branch_9766,1084,1820,2000.0,1
8578,Branch_9767,1084,1085,77.82101167315174,1
8579,Branch_9768,1084,1086,77.82101167315174,1
8580,Branch_9769,1084,1087,-148.3679525222552,1
8581,Branch_9770,1078,1085,9.424182452172275,1
8582,Branch_9771,1079,1085,9.406452826639075,1
8583,Branch_9772,1080,1086,9.424182452172275,1
8584,Branch_9773,1081,1086,9.406452826639075,1
8585,Branch_9774,1083,1087,9.54653937947494,1
8586,Branch_9775,1082,1087,9.287638153617536,1
8587,Branch_9776,1482,1543,27.034333603676668,1
8588,Branch_9777,1092,1483,42.319085907744395,1
8589,Branch_9778,1093,1483,45.06534474988734,1
8590,Branch_9779,1483,1486,2000.0,1
8591,Branch_9780,1483,1485,2000.0,1
8592,Branch_9781,1483,1526,32.98153034300792,1
8593,Branch_9782,1482,1530,33.222591362126245,1
8594,Branch_9783,1483,1488,-231.4814814814815,1
8595,Branch_9784,1484,1488,53.50454788657036,1
8596,Branch_9785,1489,1488,10.278548668927947,1
8597,Branch_9786,1482,1492,-331.12582781456956,1
8598,Branch_9787,1484,1492,57.8368999421631,1
8599,Branch_9789,1490,1492,10.472300764477955,1
8600,Branch_9790,1482,1494,-781.25,1
8601,Branch_9791,1484,1494,65.23157208088715,1
8602,Branch_9793,1495,1494,9.848335631278314,1
8603,Branch_9794,1483,1493,-492.61083743842363,1
8604,Branch_9795,1484,1493,58.20721769499418,1
8605,Branch_9797,1491,1493,9.891196834817013,1
8606,Branch_9798,7237,7985,28.555111364934323,1
8607,Branch_9799,8812,8828,2000.0,1
8608,Branch_9800,4419,4417,16.58649859014762,1
8609,Branch_9801,4419,4418,5.413892046992583,1
8610,Branch_9802,4419,4420,12.319822594554639,1
8611,Branch_9808,7466,7467,24.685262898049864,1
8612,Branch_9809,7466,7465,9.937394415184338,1
8613,Branch_9810,8993,9482,96.99321047526674,1
8614,Branch_9811,8993,9451,3.7505156959081876,1
8615,Branch_9812,456,590,746.2686567164179,1
8616,Branch_9813,4770,4771,14.801657785671996,1
8617,Branch_9814,4770,4772,4.802151363810987,1
8618,Branch_9815,3124,3123,4.622353702505316,1
8619,Branch_9816,4827,4828,3.827751196172249,1
8620,Branch_9817,1291,1374,47.14757190004715,1
8621,Branch_9818,1543,1544,215.05376344086022,1
8622,Branch_9819,1542,1545,293.2551319648094,1
8623,Branch_9820,1525,1545,71.89072609633357,1
8624,Branch_9821,4556,4562,2000.0,1
8625,Branch_9822,4556,4561,2000.0,1
8626,Branch_9823,4556,4563,2000.0,1
8627,Branch_9824,5643,5645,19.71608832807571,1
8628,Branch_9825,5643,5644,19.569471624266146,1
8629,Branch_9826,1160,1520,581.3953488372093,1
8630,Branch_9827,1159,1160,2000.0,1
8631,Branch_9828,1173,1604,4.479483963447411,1
8632,Branch_9830,988,1011,657.8947368421053,1
8633,Branch_9831,9943,9941,9.935419771485344,1
8634,Branch_9832,9943,9942,9.907856930545924,1
8635,Branch_9833,712,1534,13.345789403443213,1
8636,Branch_9834,1420,1534,11.571395510298542,1
8637,Branch_9835,1257,1458,71.94244604316546,1
8638,Branch_9836,233,1321,8.976660682226212,1
8639,Branch_9837,1321,1572,9.182736455463727,1
8640,Branch_9838,9357,9356,9.63948332369385,1
8641,Branch_9839,8910,9357,847.457627118644,1
8642,Branch_9840,1006,1004,16.5892501658925,1
8643,Branch_9841,1006,1005,16.5892501658925,1
8644,Branch_9842,1006,1143,367.6470588235294,1
8645,Branch_9843,3899,4348,20.060180541624874,1
8646,Branch_9844,4071,4072,5.2854122621564485,1
8647,Branch_9845,2918,3189,12.790995139421847,1
8648,Branch_9846,5085,6845,5.14827018121911,1
8649,Branch_9847,10244,10245,10.650761529449355,1
8650,Branch_9849,9984,10056,2000.0,1
8651,Branch_9850,894,893,9.42951438000943,1
8652,Branch_9851,3885,4210,90.9090909090909,1
8653,Branch_9852,5761,6806,239.8081534772182,1
8654,Branch_9853,6782,6806,132.80212483399734,1
8655,Branch_9854,9080,9082,9.469696969696969,1
8656,Branch_9855,9081,9082,0.7369957106849638,1
8657,Branch_9856,9079,9082,-27.389756231169542,1
8658,Branch_9858,8822,9079,3.9813672014969943,1
8659,Branch_9859,9642,10087,12.16397031991242,1
8660,Branch_9860,8664,8665,2000.0,1
8661,Branch_9861,8665,8975,289.8550724637681,1
8662,Branch_9862,8881,9108,174.82517482517483,1
8663,Branch_9863,7763,7842,13.014055179593962,1
8664,Branch_9864,9246,9328,69.7350069735007,1
8665,Branch_9865,9288,9370,8.15594160345812,1
8666,Branch_9866,6265,6264,23.245002324500234,1
8667,Branch_9867,9983,10270,7.245326764237067,1
8668,Branch_9868,9552,9983,10.937329104232747,1
8669,Branch_9869,6027,6414,37.299515106303616,1
8670,Branch_9871,4548,6602,117.096018735363,1
8671,Branch_9872,4765,6682,8.426729586247577,1
8672,Branch_9873,8571,9252,8.32639467110741,1
8673,Branch_9875,8571,8718,5.170630816959669,1
8674,Branch_9876,3661,3665,1315.7894736842106,1
8675,Branch_9877,1263,1264,2000.0,1
8676,Branch_9878,1265,1266,2000.0,1
8677,Branch_9879,1264,1526,118.2033096926714,1
8678,Branch_9882,9019,9219,429.18454935622316,1
8679,Branch_9883,6188,7132,250.6265664160401,1
8680,Branch_9884,408,409,3.069085105729982,1
8681,Branch_9885,5098,5216,3.0365601846228594,1
8682,Branch_9886,5097,6488,68.4931506849315,1
8683,Branch_9887,5096,7054,25.588536335721596,1
8684,Branch_9888,6210,6212,12.802458071949815,1
8685,Branch_9889,6210,6213,8.156606851549755,1
8686,Branch_9890,6211,6210,42.3728813559322,1
8687,Branch_9891,4710,6211,182.14936247723134,1
8688,Branch_9893,8895,9173,239.8081534772182,1
8689,Branch_9894,9000,9280,49.82561036372696,1
8690,Branch_9907,9056,9321,7.96241738991958,1
8691,Branch_9908,8741,9056,4.115734452813104,1
8692,Branch_9910,8827,9108,408.16326530612247,1
8693,Branch_9911,8450,8448,11.559357299734135,1
8694,Branch_9912,8450,8449,11.469205184080744,1
8695,Branch_9913,7354,8450,990.0990099009902,1
8696,Branch_9914,147,139,4.738887309259786,1
8697,Branch_9915,147,140,4.738887309259786,1
8698,Branch_9916,147,141,4.738887309259786,1
8699,Branch_9917,147,142,4.738887309259786,1
8700,Branch_9918,147,143,4.738887309259786,1
8701,Branch_9919,147,144,4.738887309259786,1
8702,Branch_9920,147,145,4.738887309259786,1
8703,Branch_9921,147,146,4.738887309259786,1
8704,Branch_9922,8867,9291,9.636696540425943,1
8705,Branch_9923,8174,8172,9.723842862699339,1
8706,Branch_9924,8174,8173,11.469205184080744,1
8707,Branch_9925,7354,8174,869.5652173913044,1
8708,Branch_9926,10063,10066,46.81647940074907,1
8709,Branch_9927,10065,10066,-507.61421319796955,1
8710,Branch_9928,10064,10066,5.130573085013596,1
8711,Branch_9929,304,1708,495.0495049504951,1
8712,Branch_9930,608,613,3.1187624750499,1
8713,Branch_9931,5698,5856,187.6172607879925,1
8714,Branch_9932,613,786,149.03129657228018,1
8715,Branch_9933,5698,6969,111.48272017837235,1
8716,Branch_9934,5183,5462,85.32423208191126,1
8717,Branch_9935,4695,5462,2000.0,1
8718,Branch_9936,4665,6903,238.6634844868735,1
8719,Branch_9937,4666,6904,238.6634844868735,1
8720,Branch_9938,4666,5399,140.8450704225352,1
8721,Branch_9939,4666,4668,85.6898029134533,1
8722,Branch_9940,4665,4667,85.6898029134533,1
8723,Branch_9941,5369,6825,5.297732570459843,1
8724,Branch_9942,5370,6751,30.864197530864196,1
8725,Branch_9943,5085,5369,5.169027189083015,1
8726,Branch_9944,5369,5370,11.538017768547364,1
8727,Branch_9945,9198,9238,172.1170395869191,1
8728,Branch_9946,8697,9238,31.017369727047146,1
8729,Branch_9947,9219,9238,58.03830528148578,1
8730,Branch_9948,11,665,129.19896640826875,1
8731,Branch_9949,666,665,2.8827582230678312,1
8732,Branch_9950,667,665,2.7092194738695783,1
8733,Branch_9952,1781,1788,21.41327623126338,1
8734,Branch_9954,1781,1785,21.41327623126338,1
8735,Branch_9955,1781,1790,21.41327623126338,1
8736,Branch_9956,1778,1789,21.41327623126338,1
8737,Branch_9957,1778,1787,26.939655172413794,1
8738,Branch_9959,1617,1616,16.469038208168644,1
8739,Branch_9960,1618,1620,16.488046166529266,1
8740,Branch_9961,7481,7884,118.76484560570071,1
8741,Branch_9962,5003,5001,46.21072088724584,1
8742,Branch_9963,5002,5001,-467.2897196261682,1
8743,Branch_9964,5004,5001,8.97102359379205,1
8744,Branch_9965,5641,6824,68.54009595613434,1
8745,Branch_9966,2286,2843,74.96251874062969,1
8746,Branch_9968,1067,2286,23.266635644485806,1
8747,Branch_9969,2129,2286,2000.0,1
8748,Branch_9970,1758,2286,10.82485386447283,1
8749,Branch_9971,7585,7751,11.927480916030534,1
8750,Branch_9974,3647,3650,41.084634346754314,1
8751,Branch_9976,5768,6484,5.359056806002144,1
8752,Branch_9978,5178,6967,63.57279084551812,1
8753,Branch_9979,6967,6966,10.620220900594733,1
8754,Branch_9980,6965,6964,2000.0,1
8755,Branch_9981,4696,6964,24.131274131274132,1
8756,Branch_9982,786,1604,28.058361391694724,1
8757,Branch_9983,825,1636,675.6756756756756,1
8758,Branch_9984,609,610,2000.0,1
8759,Branch_9985,611,612,2000.0,1
8760,Branch_9986,3045,3576,432.9004329004329,1
8761,Branch_9987,3045,3046,10.498687664041995,1
8762,Branch_9988,3045,3047,10.50089257586895,1
8763,Branch_9989,3251,3576,2000.0,1
8764,Branch_9990,134,179,306.7484662576687,1
8765,Branch_9991,179,1550,67.11409395973155,1
8766,Branch_9992,8558,8693,19.406171162429654,1
8767,Branch_9993,8502,8693,81.36696501220504,1
8768,Branch_9994,2594,2884,32.829940906106366,1
8769,Branch_9996,2594,2674,67.11409395973155,1
8770,Branch_9997,2498,2539,2000.0,1
8771,Branch_9998,2539,2878,75.75757575757575,1
8772,Branch_9999,1937,2702,125.62814070351759,1
8773,Branch_10000,254,1332,246.91358024691357,1
8774,Branch_10001,254,1564,153.60983102918587,1
8775,Branch_10002,8407,8414,49.504950495049506,1
8776,Branch_10003,8413,8414,5.700929251467989,1
8777,Branch_10004,8412,8414,5.651313930488839,1
8778,Branch_10005,8407,8415,46.860356138706656,1
8779,Branch_10006,8410,8415,5.728689275893675,1
8780,Branch_10007,8411,8415,5.6840788950150625,1
8781,Branch_10008,8407,8416,44.28697962798937,1
8782,Branch_10009,8408,8416,5.626828719333783,1
8783,Branch_10010,8408,8416,5.566998830930245,1
8784,Branch_10011,8407,8417,135.13513513513513,1
8785,Branch_10012,8409,8417,6.120700208103807,1
8786,Branch_10013,8409,8417,6.1109753116597405,1
8787,Branch_10014,4653,5602,69.88120195667365,1
8788,Branch_10016,6694,6695,6.406149903907751,1
8789,Branch_10017,6693,6695,42.19409282700422,1
8790,Branch_10018,6696,6695,3.9401103230890464,1
8791,Branch_10019,535,908,2000.0,1
8792,Branch_10020,8131,8132,46.04051565377532,1
8793,Branch_10021,8130,8132,-438.5964912280702,1
8794,Branch_10022,8134,8132,9.06947215672048,1
8795,Branch_10023,8131,8133,46.27487274409995,1
8796,Branch_10024,8130,8133,-460.8294930875576,1
8797,Branch_10025,8135,8133,8.916629514043692,1
8798,Branch_10026,3698,3703,16.35590448151783,1
8799,Branch_10028,8108,8109,105.70824524312897,1
8800,Branch_10029,8105,8109,8.203445447087777,1
8801,Branch_10030,8104,8109,8.203445447087777,1
8802,Branch_10031,8108,8110,105.70824524312897,1
8803,Branch_10032,8106,8110,8.203445447087777,1
8804,Branch_10033,8107,8110,8.203445447087777,1
8805,Branch_10034,1972,1988,23.277467411545622,1
8806,Branch_10035,8714,9047,49.23682914820286,1
8807,Branch_10036,270,271,79.55449482895784,1
8808,Branch_10037,271,1370,54.229934924078094,1
8809,Branch_10038,268,270,2000.0,1
8810,Branch_10039,270,275,87.18395815170008,1
8811,Branch_10040,269,277,87.7963125548727,1
8812,Branch_10041,2233,2494,57.077625570776256,1
8813,Branch_10042,4747,4749,27.731558513588464,1
8814,Branch_10043,2565,2579,38.55050115651503,1
8815,Branch_10044,4748,4750,27.731558513588464,1
8816,Branch_10045,1941,2242,86.88097306689835,1
8817,Branch_10047,2457,2884,25.01876407305479,1
8818,Branch_10048,1986,2457,53.022269353128316,1
8819,Branch_10049,2458,2851,58.61664712778429,1
8820,Branch_10051,2463,2791,41.52823920265781,1
8821,Branch_10052,2463,2885,141.04372355430183,1
8822,Branch_10053,2463,2885,141.44271570014143,1
8823,Branch_10054,2463,2833,107.29613733905579,1
8824,Branch_10056,9620,9681,227.27272727272728,1
8825,Branch_10057,133,1592,2000.0,1
8826,Branch_10058,133,129,97.37098344693281,1
8827,Branch_10059,121,129,5.7224606580829755,1
8828,Branch_10060,122,129,5.657708628005658,1
8829,Branch_10061,133,130,97.37098344693281,1
8830,Branch_10062,123,130,5.7224606580829755,1
8831,Branch_10063,124,130,5.657708628005658,1
8832,Branch_10064,133,131,97.37098344693281,1
8833,Branch_10065,125,131,5.7224606580829755,1
8834,Branch_10066,126,131,5.657708628005658,1
8835,Branch_10067,133,132,97.37098344693281,1
8836,Branch_10068,127,132,5.7224606580829755,1
8837,Branch_10069,128,132,5.657708628005658,1
8838,Branch_10070,9372,9511,8.424599831508003,1
8839,Branch_10071,3247,3246,7.199424046076314,1
8840,Branch_10072,4760,4757,12.094823415578132,1
8841,Branch_10073,4760,4758,12.094823415578132,1
8842,Branch_10074,4759,4760,2000.0,1
8843,Branch_10075,9632,9649,104.71204188481676,1
8844,Branch_10076,9649,10312,282.4858757062147,1
8845,Branch_10077,9649,9668,137.7410468319559,1
8846,Branch_10078,8493,8495,301.2048192771084,1
8847,Branch_10079,8494,8495,301.2048192771084,1
8848,Branch_10080,8493,8496,301.2048192771084,1
8849,Branch_10081,8494,8496,301.2048192771084,1
8850,Branch_10083,3128,3143,40.04805766920305,1
8851,Branch_10084,3544,3738,2000.0,1
8852,Branch_10085,3738,3737,11.37397634212921,1
8853,Branch_10086,8086,8087,11.579434923575729,1
8854,Branch_10087,8086,8088,11.486331265793705,1
8855,Branch_10088,8050,8086,2000.0,1
8856,Branch_10089,8808,9277,2000.0,1
8857,Branch_10090,9277,9299,9.799118079372857,1
8858,Branch_10091,8603,9321,7.949757532395262,1
8859,Branch_10092,7169,7725,500.0,1
8860,Branch_10093,7168,7627,3.366096674296486,1
8861,Branch_10094,9105,9111,49.800796812749006,1
8862,Branch_10095,2969,3769,141.04372355430183,1
8863,Branch_10096,3769,3768,13.338668800853675,1
8864,Branch_10097,3892,3934,213.67521367521368,1
8865,Branch_10098,218,216,5.688282138794084,1
8866,Branch_10099,217,219,3.1746031746031744,1
8867,Branch_10100,217,221,4.8076923076923075,1
8868,Branch_10101,217,220,4.8076923076923075,1
8869,Branch_10102,217,219,4.8076923076923075,1
8870,Branch_10103,216,1104,23.28288707799767,1
8871,Branch_10104,216,217,2000.0,1
8872,Branch_10105,8567,9480,58.13953488372093,1
8873,Branch_10106,8789,9286,500.0,1
8874,Branch_10107,9243,9287,40.816326530612244,1
8875,Branch_10108,218,288,6.25,1
8876,Branch_10109,216,548,97.18172983479106,1
8877,Branch_10110,218,1517,5.602240896358543,1
8878,Branch_10111,216,1806,36.36363636363637,1
8879,Branch_10112,9287,9480,143.0615164520744,1
8880,Branch_10113,218,450,19.940179461615156,1
8881,Branch_10114,218,9452,7.6923076923076925,1
8882,Branch_10116,218,8694,3.9215686274509802,1
8883,Branch_10117,17,1583,80.45052292839904,1
8884,Branch_10118,907,1583,51.440329218106996,1
8885,Branch_10119,1077,1076,8.598452278589853,1
8886,Branch_10120,3865,4359,25.01876407305479,1
8887,Branch_10121,3865,4235,41.40786749482402,1
8888,Branch_10122,3865,4334,13.054830287206267,1
8889,Branch_10123,8554,8685,9.643201542912246,1
8890,Branch_10124,7407,7878,775.1937984496124,1
8891,Branch_10125,9561,10214,2000.0,1
8892,Branch_10126,8282,8286,46.27487274409995,1
8893,Branch_10127,8283,8286,-460.8294930875576,1
8894,Branch_10128,8287,8286,9.00657479960371,1
8895,Branch_10129,8282,8284,46.27487274409995,1
8896,Branch_10130,8283,8284,-460.8294930875576,1
8897,Branch_10131,8285,8284,9.00657479960371,1
8898,Branch_10132,10236,10237,5.935070330583417,1
8899,Branch_10133,10238,10237,-125.78616352201257,1
8900,Branch_10134,10239,10237,3.0825190345550384,1
8901,Branch_10135,10070,10160,1000.0,1
8902,Branch_10136,3011,3010,6.527415143603133,1
8903,Branch_10137,8137,8139,269.54177897574124,1
8904,Branch_10139,4429,4430,11.402508551881414,1
8905,Branch_10140,4429,6235,174.52006980802793,1
8906,Branch_10144,3053,3710,37.34129947722181,1
8907,Branch_10146,4598,4805,73.85524372230428,1
8908,Branch_10147,4805,6258,2000.0,1
8909,Branch_10148,4805,6067,59.630292188431724,1
8910,Branch_10149,3273,3302,140.8450704225352,1
8911,Branch_10150,3167,3302,123.30456226880395,1
8912,Branch_10151,7407,7408,17.105713308244955,1
8913,Branch_10152,415,1116,13.991884706870016,1
8914,Branch_10155,3229,3233,37.72161448509996,1
8915,Branch_10156,3228,3233,-309.59752321981426,1
8916,Branch_10157,3231,3233,6.968155529231413,1
8917,Branch_10158,3229,3232,37.93626707132018,1
8918,Branch_10159,3228,3232,-319.4888178913738,1
8919,Branch_10160,3230,3232,6.3516260162601625,1
8920,Branch_10161,3228,3761,30.22974607013301,1
8921,Branch_10162,3228,3677,18.30831197363603,1
8922,Branch_10163,8790,8791,8.583690987124463,1
8923,Branch_10164,8790,8792,8.583690987124463,1
8924,Branch_10165,9052,9087,40.27386226339106,1
8925,Branch_10166,8853,8858,96.89922480620154,1
8926,Branch_10167,8855,8858,5.668291576918716,1
8927,Branch_10168,8854,8858,5.635390250774866,1
8928,Branch_10169,8853,8859,87.10801393728222,1
8929,Branch_10170,8857,8859,5.693463903438852,1
8930,Branch_10171,8856,8859,5.627778715740897,1
8931,Branch_10172,8860,9512,917.4311926605504,1
8932,Branch_10173,8860,9052,2000.0,1
8933,Branch_10174,8475,9052,29.472443265546715,1
8934,Branch_10175,9052,9053,271.00271002710025,1
8935,Branch_10176,4390,4391,45.187528242205154,1
8936,Branch_10177,4388,4391,-467.2897196261682,1
8937,Branch_10178,4392,4391,7.662248103593594,1
8938,Branch_10179,785,974,240.96385542168676,1
8939,Branch_10180,845,985,158.22784810126583,1
8940,Branch_10181,8713,8714,9.56846234810066,1
8941,Branch_10182,1305,9397,2.959543046553612,1
8942,Branch_10183,3942,4406,193.7984496124031,1
8943,Branch_10184,4248,4406,113.50737797956867,1
8944,Branch_10185,9020,9105,2000.0,1
8945,Branch_10186,9022,9023,24.479804161566708,1
8946,Branch_10187,9020,9022,2000.0,1
8947,Branch_10188,6699,6702,46.51162790697674,1
8948,Branch_10189,6698,6702,-485.43689320388347,1
8949,Branch_10190,6700,6702,8.907892392659896,1
8950,Branch_10191,6699,6706,43.85964912280702,1
8951,Branch_10192,6701,6706,218.8183807439825,1
8952,Branch_10193,6703,6706,9.94431185361973,1
8953,Branch_10194,5198,5563,29.197080291970803,1
8954,Branch_10195,5563,5743,36.114120621162876,1
8955,Branch_10196,5453,5563,39.09304143862393,1
8956,Branch_10197,7958,7959,6.238303181534623,1
8957,Branch_10198,7958,7960,6.238303181534623,1
8958,Branch_10199,7952,7958,217.8649237472767,1
8959,Branch_10200,6537,6566,118.62396204033215,1
8960,Branch_10201,6537,6809,139.27576601671308,1
8961,Branch_10202,8806,8887,11.68360789811894,1
8962,Branch_10203,9024,9025,2000.0,1
8963,Branch_10204,9413,9427,4.512635379061372,1
8964,Branch_10205,8632,9258,35.27336860670194,1
8965,Branch_10206,2982,2981,3.10896937665164,1
8966,Branch_10207,2980,2983,46.27487274409995,1
8967,Branch_10208,2981,2983,-460.8294930875576,1
8968,Branch_10209,2984,2983,9.00657479960371,1
8969,Branch_10210,2980,2985,45.187528242205154,1
8970,Branch_10211,2981,2985,-467.2897196261682,1
8971,Branch_10212,2986,2985,7.662248103593594,1
8972,Branch_10213,8692,9019,135.8695652173913,1
8973,Branch_10214,8853,8860,2000.0,1
8974,Branch_10215,5587,5860,223.21428571428572,1
8975,Branch_10216,5587,6878,28.481913984619766,1
8976,Branch_10217,31,30,17.969451931716083,1
8977,Branch_10218,31,273,78.06401249024199,1
8978,Branch_10219,3218,3294,3.8061888630913865,1
8979,Branch_10220,9197,9311,10.504201680672269,1
8980,Branch_10221,4279,4334,128.2051282051282,1
8981,Branch_10222,7266,7265,11.524720525527256,1
8982,Branch_10223,7266,7723,21.682567215958368,1
8983,Branch_10224,9603,10284,31.665611146295124,1
8984,Branch_10225,8540,8539,7.891414141414141,1
8985,Branch_10226,8539,8541,2000.0,1
8986,Branch_10227,8540,9329,16.663889351774703,1
8987,Branch_10228,8539,9328,34.129692832764505,1
8988,Branch_10230,466,1432,1282.051282051282,1
8989,Branch_10231,477,1089,7.974481658692185,1
8990,Branch_10232,1088,1089,42.7715996578272,1
8991,Branch_10233,454,1088,4.744283138817725,1
8992,Branch_10234,8849,9387,746.2686567164179,1
8993,Branch_10235,8729,9237,31.416902293433868,1
8994,Branch_10236,8730,8728,87.41258741258741,1
8995,Branch_10237,8729,8728,107.41138560687433,1
8996,Branch_10238,8725,8728,5.73394495412844,1
8997,Branch_10239,8730,8727,46.468401486988846,1
8998,Branch_10240,8729,8727,-456.62100456621005,1
8999,Branch_10241,8726,8727,11.734334663224596,1
9000,Branch_10242,8731,8733,2000.0,1
9001,Branch_10243,8729,9280,11.634671320535196,1
9002,Branch_10244,8730,8731,-49.75124378109453,1
9003,Branch_10245,8730,9015,217.8649237472767,1
9004,Branch_10247,2321,2318,13.039509714434738,1
9005,Branch_10250,7740,7741,9.810654370646523,1
9006,Branch_10251,7740,7741,8.32639467110741,1
9007,Branch_10252,7165,7741,12.470382840753212,1
9008,Branch_10253,7612,7740,28.70264064293915,1
9009,Branch_10254,8646,9309,15.410695022345507,1
9010,Branch_10255,9468,9467,10.574177857671566,1
9011,Branch_10256,10339,10340,3.913894324853229,1
9012,Branch_10259,5019,7055,17.280110592707793,1
9013,Branch_10261,6881,6882,46.36068613815485,1
9014,Branch_10262,6880,6882,-452.4886877828054,1
9015,Branch_10263,6879,6882,9.317927692881103,1
9016,Branch_10264,7175,7219,37.878787878787875,1
9017,Branch_10266,1376,1524,32.84072249589491,1
9018,Branch_10267,478,1376,8.952551477170994,1
9019,Branch_10268,31,1376,15.54243083618278,1
9020,Branch_10269,5836,6847,4.294425835265825,1
9021,Branch_10270,5873,5876,45.72473708276178,1
9022,Branch_10271,5872,5876,-425.531914893617,1
9023,Branch_10272,5874,5876,9.02608538676776,1
9024,Branch_10273,5873,5875,46.23208506703652,1
9025,Branch_10274,5872,5875,-462.962962962963,1
9026,Branch_10275,5877,5875,8.989572096368214,1
9027,Branch_10276,5872,6844,35.7653791130186,1
9028,Branch_10277,5245,5872,104.82180293501048,1
9029,Branch_10278,3868,4030,357.14285714285717,1
9030,Branch_10279,4533,5245,48.732943469785575,1
9031,Branch_10280,7775,7886,2000.0,1
9032,Branch_10282,3226,3321,6.47542575924367,1
9033,Branch_10283,8617,9358,75.13148009015778,1
9034,Branch_10285,2918,3108,5.519068381257243,1
9035,Branch_10286,3064,3108,7.062146892655367,1
9036,Branch_10287,8586,9345,15.015015015015015,1
9037,Branch_10288,8617,8685,83.12551953449709,1
9038,Branch_10289,10087,10193,7.044734061289186,1
9039,Branch_10290,8574,8575,9.565716472163766,1
9040,Branch_10291,8574,8575,9.565716472163766,1
9041,Branch_10292,3050,3692,131.06159895150722,1
9042,Branch_10293,6005,7019,6.364967220418815,1
9043,Branch_10294,9977,10087,2000.0,1
9044,Branch_10295,5514,7019,9.69274013763691,1
9045,Branch_10296,5514,6796,18.58045336306206,1
9046,Branch_10297,3934,4156,46.57661853749418,1
9047,Branch_10298,3934,4064,21.602937999567942,1
9048,Branch_10299,462,1405,591.7159763313609,1
9049,Branch_10300,9258,9259,40.38772213247173,1
9050,Branch_10303,4597,4598,-46.948356807511736,1
9051,Branch_10304,2918,3049,21.63097555699762,1
9052,Branch_10305,5016,5122,226.2443438914027,1
9053,Branch_10306,6224,6223,16.44195988161789,1
9054,Branch_10307,6224,6221,11.916110581506196,1
9055,Branch_10308,6224,6222,11.856770215793217,1
9056,Branch_10309,6463,7086,2000.0,1
9057,Branch_10310,8590,9253,25.70694087403599,1
9058,Branch_10311,3004,3578,480.7692307692308,1
9059,Branch_10312,3251,3578,2000.0,1
9060,Branch_10313,3064,9613,5.749108888122341,1
9061,Branch_10314,9681,9680,10.00300090027008,1
9062,Branch_10315,1023,1047,2000.0,1
9063,Branch_10316,1047,1046,11.429877700308607,1
9064,Branch_10317,1047,1048,16.02820964898221,1
9065,Branch_10318,606,1407,111.23470522803115,1
9066,Branch_10319,4106,4209,21.710811984368217,1
9067,Branch_10320,4394,4395,4.1363335539377895,1
9068,Branch_10321,3935,4394,2000.0,1
9069,Branch_10322,8241,8239,10.811979673478215,1
9070,Branch_10323,8241,8240,10.811979673478215,1
9071,Branch_10324,6258,6256,12.457954403886882,1
9072,Branch_10325,6258,6257,12.370113805047007,1
9073,Branch_10326,8494,8497,2000.0,1
9074,Branch_10327,4433,6463,56.21135469364812,1
9075,Branch_10328,7194,7893,340.13605442176873,1
9076,Branch_10329,7195,7194,8.298755186721992,1
9077,Branch_10330,7193,7194,8.298755186721992,1
9078,Branch_10331,5768,6924,4.2673039173849965,1
9079,Branch_10332,5825,6924,18.85014137606032,1
9080,Branch_10333,6924,7019,10.647359454855195,1
9081,Branch_10334,2952,3696,247.52475247524754,1
9082,Branch_10335,2952,2950,11.123470522803114,1
9083,Branch_10336,2952,2951,11.123470522803114,1
9084,Branch_10337,3674,3696,132.9787234042553,1
9085,Branch_10338,3696,3695,13.080444735120993,1
9086,Branch_10339,17,907,113.89521640091117,1
9087,Branch_10340,17,1291,41.911148365465216,1
9088,Branch_10341,17,19,-333.3333333333333,1
9089,Branch_10342,16,19,55.5247084952804,1
9090,Branch_10343,18,19,9.498480243161094,1
9091,Branch_10344,17,20,203.2520325203252,1
9092,Branch_10345,16,20,105.04201680672269,1
9093,Branch_10346,21,20,11.88212927756654,1
9094,Branch_10347,1411,1412,2000.0,1
9095,Branch_10348,1410,1412,2000.0,1
9096,Branch_10349,1408,1411,2000.0,1
9097,Branch_10350,1409,1410,2000.0,1
9098,Branch_10351,1411,1550,48.97159647404506,1
9099,Branch_10352,2302,2303,1.0945349868108534,1
9100,Branch_10353,968,1581,2000.0,1
9101,Branch_10354,3651,3652,13.468013468013469,1
9102,Branch_10355,323,324,258.3979328165375,1
9103,Branch_10356,322,325,203.2520325203252,1
9104,Branch_10357,8594,9311,28.169014084507044,1
9105,Branch_10358,3800,3803,2000.0,1
9106,Branch_10359,7290,7292,31.230480949406623,1
9107,Branch_10360,7289,7292,-78.98894154818325,1
9108,Branch_10361,7293,7292,8.14000814000814,1
9109,Branch_10362,7290,7291,47.48338081671415,1
9110,Branch_10363,7289,7291,-621.1180124223603,1
9111,Branch_10364,7294,7291,8.925383791503034,1
9112,Branch_10365,2036,2039,4.080133828389571,1
9113,Branch_10366,2037,2040,4.095339503644852,1
9114,Branch_10367,2036,2038,2000.0,1
9115,Branch_10368,2037,2038,2000.0,1
9116,Branch_10369,2030,2038,2000.0,1
9117,Branch_10370,5155,5810,2000.0,1
9118,Branch_10371,6856,6857,45.662100456621005,1
9119,Branch_10373,6856,6857,45.433893684688776,1
9120,Branch_10374,973,1741,34.317089910775564,1
9121,Branch_10375,2873,2884,138.50415512465375,1
9122,Branch_10376,2676,2885,159.23566878980893,1
9123,Branch_10377,2361,2490,42.6075841499787,1
9124,Branch_10378,1976,2490,50.27652086475616,1
9125,Branch_10379,4873,6272,2000.0,1
9126,Branch_10380,6075,6272,83.5421888053467,1
9127,Branch_10381,5281,6272,16.70843776106934,1
9128,Branch_10382,3431,3534,4.701457451810061,1
9129,Branch_10384,3452,3453,7.582075972401244,1
9130,Branch_10385,3148,3453,20.63983488132095,1
9131,Branch_10386,3242,3452,117.50881316098707,1
9132,Branch_10387,3073,3272,27.210884353741495,1
9133,Branch_10388,3055,3799,13.340448239060832,1
9134,Branch_10389,8129,8127,12.454851164528584,1
9135,Branch_10390,8129,8128,12.454851164528584,1
9136,Branch_10391,8030,8129,133.5113484646195,1
9137,Branch_10392,10019,10049,3.86458494357706,1
9138,Branch_10393,10006,10110,115.34025374855824,1
9139,Branch_10394,2583,2585,56.14823133071308,1
9140,Branch_10395,2582,2585,-653.59477124183,1
9141,Branch_10396,2586,2585,6.70196367535688,1
9142,Branch_10397,2583,2584,57.80346820809248,1
9143,Branch_10398,2582,2584,-769.2307692307693,1
9144,Branch_10399,2587,2584,6.997900629811057,1
9145,Branch_10400,14,1774,58.309037900874635,1
9146,Branch_10401,7869,7899,268.81720430107526,1
9147,Branch_10402,9718,9716,8.668515950069349,1
9148,Branch_10403,9718,9717,8.668515950069349,1
9149,Branch_10404,9704,9718,2000.0,1
9150,Branch_10405,3631,3634,125.0,1
9151,Branch_10406,3634,7172,9.871668311944719,1
9152,Branch_10407,10284,10347,793.6507936507936,1
9153,Branch_10408,9730,9728,8.395600705230459,1
9154,Branch_10409,9730,9729,12.504689258471927,1
9155,Branch_10410,9705,9730,653.59477124183,1
9156,Branch_10412,3220,3338,5.990176111177669,1
9157,Branch_10413,9843,9844,11.114816049794376,1
9158,Branch_10414,9843,9845,11.114816049794376,1
9159,Branch_10415,9843,9846,8.19000819000819,1
9160,Branch_10416,9843,9847,8.210180623973727,1
9161,Branch_10417,4387,9843,108.93246187363835,1
9162,Branch_10418,9848,9849,11.114816049794376,1
9163,Branch_10419,9848,9850,11.114816049794376,1
9164,Branch_10420,9843,9848,591.7159763313609,1
9165,Branch_10421,4577,4603,34.376074252320386,1
9166,Branch_10422,4597,4602,37.735849056603776,1
9167,Branch_10423,3497,3498,6.827802813054759,1
9168,Branch_10424,3498,6031,51.20327700972862,1
9169,Branch_10425,3535,3536,5.756389592447617,1
9170,Branch_10426,2438,2440,6.788405403570701,1
9171,Branch_10427,2438,2439,6.745817593092283,1
9172,Branch_10428,2438,2442,8.084727948904519,1
9173,Branch_10429,2438,2441,41.00041000410004,1
9174,Branch_10430,9650,10082,28.910089621277827,1
9175,Branch_10431,9994,10082,36.58982802780827,1
9176,Branch_10432,9650,9991,118.62396204033215,1
9177,Branch_10433,9650,10014,83.75209380234506,1
9178,Branch_10434,3525,3582,2000.0,1
9179,Branch_10435,1867,1866,5.139274334463973,1
9180,Branch_10436,8661,8660,8.710801393728223,1
9181,Branch_10437,8794,9318,61.387354205033766,1
9182,Branch_10438,9315,9316,41.35649296939619,1
9183,Branch_10439,9318,9316,-704.2253521126761,1
9184,Branch_10440,9320,9316,16.49348507339601,1
9185,Branch_10441,9315,9317,39.37007874015748,1
9186,Branch_10442,9318,9317,-387.5968992248062,1
9187,Branch_10443,9314,9317,15.96678907871627,1
9188,Branch_10444,9315,9319,58.41121495327103,1
9189,Branch_10445,8813,9318,11.479738261967627,1
9190,Branch_10446,8661,8771,15.723270440251572,1
9191,Branch_10447,8661,8773,17.649135192375574,1
9192,Branch_10448,3271,3272,8.161266628580755,1
9193,Branch_10449,3148,3272,20.70393374741201,1
9194,Branch_10450,8879,8880,10.650761529449355,1
9195,Branch_10451,3218,3533,156.73981191222572,1
9196,Branch_10452,8905,8908,70.47216349541931,1
9197,Branch_10453,8908,8906,11.862396204033214,1
9198,Branch_10454,8908,8907,11.310937676733401,1
9199,Branch_10455,7217,8166,19.790223629527013,1
9200,Branch_10457,5336,5827,37.53753753753754,1
9201,Branch_10458,5107,6601,16.31055292774425,1
9202,Branch_10459,4689,5425,421.9409282700422,1
9203,Branch_10460,8716,9456,8.242664029014177,1
9204,Branch_10461,5827,6925,79.42811755361397,1
9205,Branch_10462,5425,6601,12.655024044545685,1
9206,Branch_10464,3276,3278,12.656625743576763,1
9207,Branch_10465,3277,3278,-99.40357852882704,1
9208,Branch_10466,3279,3278,0.7161836008279082,1
9209,Branch_10467,3238,3277,21.317416329140908,1
9210,Branch_10468,3276,3336,66.13756613756614,1
9211,Branch_10469,3242,3276,440.52863436123346,1
9212,Branch_10470,4520,6924,4.101386268558773,1
9213,Branch_10471,4520,4519,4.633276189593662,1
9214,Branch_10472,8708,9403,254.4529262086514,1
9215,Branch_10473,6685,6688,46.57661853749418,1
9216,Branch_10474,6686,6688,-480.7692307692308,1
9217,Branch_10475,6687,6688,8.957362952346829,1
9218,Branch_10476,6685,6689,45.8295142071494,1
9219,Branch_10477,6686,6689,-414.9377593360996,1
9220,Branch_10478,6690,6689,8.987148377819718,1
9221,Branch_10479,392,449,7.4460163812360385,1
9222,Branch_10480,3533,3532,3.5045910142286396,1
9223,Branch_10481,3239,3336,223.71364653243847,1
9224,Branch_10482,3111,3148,45.87155963302752,1
9225,Branch_10483,2941,3106,31.51591553734636,1
9226,Branch_10485,226,929,163.9344262295082,1
9227,Branch_10488,226,751,53.333333333333336,1
9228,Branch_10490,1020,1021,16.564518800728838,1
9229,Branch_10491,1090,1092,2000.0,1
9230,Branch_10492,1091,1093,2000.0,1
9231,Branch_10493,5635,5653,56.46527385657821,1
9232,Branch_10494,4508,5653,65.96306068601584,1
9233,Branch_10495,5050,5653,60.75334143377886,1
9234,Branch_10501,8558,8667,35.0754121360926,1
9235,Branch_10502,4547,4546,61.08735491753207,1
9236,Branch_10503,2913,7253,36.67033370003667,1
9237,Branch_10504,2913,7253,36.67033370003667,1
9238,Branch_10505,694,695,813.0081300813008,1
9239,Branch_10508,8781,8959,50.787201625190455,1
9240,Branch_10510,8959,9283,125.15644555694618,1
9241,Branch_10511,693,694,1351.3513513513512,1
9242,Branch_10512,694,826,101.41987829614604,1
9243,Branch_10513,2137,2293,7.759757895553658,1
9244,Branch_10515,9598,9759,2000.0,1
9245,Branch_10516,9598,10173,14.983518130056938,1
9246,Branch_10517,3526,9759,9.767532721234616,1
9247,Branch_10518,9592,9759,502.51256281407035,1
9248,Branch_10519,9591,9759,502.51256281407035,1
9249,Branch_10520,278,281,6.4935064935064934,1
9250,Branch_10521,278,280,6.4935064935064934,1
9251,Branch_10522,279,282,6.802721088435374,1
9252,Branch_10523,278,283,11.904761904761905,1
9253,Branch_10524,278,279,7.575757575757576,1
9254,Branch_10525,278,279,7.575757575757576,1
9255,Branch_10526,3593,3595,46.33920296570899,1
9256,Branch_10527,3594,3595,-454.54545454545456,1
9257,Branch_10528,3598,3595,8.932559178204556,1
9258,Branch_10529,3593,3596,45.93477262287551,1
9259,Branch_10530,3594,3596,-446.42857142857144,1
9260,Branch_10531,3597,3596,8.946944618412813,1
9261,Branch_10532,3428,3758,102.35414534288638,1
9262,Branch_10533,3758,3767,1219.5121951219512,1
9263,Branch_10534,3568,3758,7.489514679448772,1
9264,Branch_10535,9541,10228,169.4915254237288,1
9265,Branch_10536,7165,7582,14.622020763269484,1
9266,Branch_10537,25,571,315.45741324921136,1
9267,Branch_10538,3011,3526,18.057060310581438,1
9268,Branch_10539,4137,4142,18.885741265344667,1
9269,Branch_10540,4137,4139,59.523809523809526,1
9270,Branch_10541,4138,4141,69.01311249137336,1
9271,Branch_10542,4137,4141,70.97232079489,1
9272,Branch_10543,4140,4141,4.768717215069146,1
9273,Branch_10544,1399,1401,-125.31328320802005,1
9274,Branch_10545,1398,1401,22.406453058480842,1
9275,Branch_10547,1402,1401,7.743534148985597,1
9276,Branch_10548,195,1398,166.9449081803005,1
9277,Branch_10551,9054,9055,2000.0,1
9278,Branch_10552,13,608,5.5263885051119095,1
9279,Branch_10553,8984,8986,2000.0,1
9280,Branch_10554,6874,6875,11.555350127108852,1
9281,Branch_10555,1121,1122,1562.5,1
9282,Branch_10556,1960,1972,27.824151363383418,1
9283,Branch_10557,3335,3528,5.814629608093965,1
9284,Branch_10559,7117,7116,9.775171065493646,1
9285,Branch_10560,4588,7117,2000.0,1
9286,Branch_10561,825,1372,414.9377593360996,1
9287,Branch_10563,9006,9008,2000.0,1
9288,Branch_10564,3777,3780,2000.0,1
9289,Branch_10565,3192,3194,19.043991620643688,1
9290,Branch_10566,3192,3195,19.043991620643688,1
9291,Branch_10567,9182,9181,7.5075075075075075,1
9292,Branch_10568,9182,9359,2000.0,1
9293,Branch_10569,4116,4213,500.0,1
9294,Branch_10570,8251,8250,7.776049766718507,1
9295,Branch_10571,8251,8252,8.120178643930167,1
9296,Branch_10572,8434,8433,3.4120376688958647,1
9297,Branch_10573,7552,7551,9.601536245799329,1
9298,Branch_10574,7551,7985,14.75143826523086,1
9299,Branch_10575,5058,5061,46.04051565377532,1
9300,Branch_10576,5059,5061,-438.5964912280702,1
9301,Branch_10577,5060,5061,9.031791907514451,1
9302,Branch_10578,6718,7056,5.431830526887561,1
9303,Branch_10579,8947,8948,14.088475626937166,1
9304,Branch_10580,8258,8260,1666.6666666666667,1
9305,Branch_10581,8243,8258,2000.0,1
9306,Branch_10582,9691,9692,12.934937265554263,1
9307,Branch_10583,9685,9691,1010.10101010101,1
9308,Branch_10584,3107,3525,1388.888888888889,1
9309,Branch_10585,3167,3525,176.99115044247787,1
9310,Branch_10589,9552,10178,7.580926389204761,1
9311,Branch_10590,3841,4064,19.447685725398678,1
9312,Branch_10592,4268,4269,51.38746145940391,1
9313,Branch_10594,3891,4350,2000.0,1
9314,Branch_10595,6255,6253,12.186205215695832,1
9315,Branch_10596,6255,6254,12.16397031991242,1
9316,Branch_10597,5281,5283,9.718172983479105,1
9317,Branch_10598,5280,5283,-75.75757575757575,1
9318,Branch_10599,5282,5283,4.1017227235438884,1
9319,Branch_10600,2924,3528,37.9794910748196,1
9320,Branch_10601,3436,3528,4.632417658776116,1
9321,Branch_10604,9647,9733,123.15270935960591,1
9322,Branch_10605,10051,10210,2000.0,1
9323,Branch_10606,4571,4570,9.414422895876482,1
9324,Branch_10607,4459,4570,735.2941176470588,1
9325,Branch_10608,4570,6707,142.45014245014244,1
9326,Branch_10609,4570,6006,257.7319587628866,1
9327,Branch_10610,7163,7591,48.732943469785575,1
9328,Branch_10611,9602,9605,2000.0,1
9329,Branch_10612,938,1040,34.770514603616135,1
9330,Branch_10613,5595,5599,55.49389567147614,1
9331,Branch_10614,5597,5599,398.40637450199205,1
9332,Branch_10615,5598,5599,8.553588230262596,1
9333,Branch_10616,5595,5601,47.84688995215311,1
9334,Branch_10617,5596,5601,-613.4969325153374,1
9335,Branch_10618,5600,5601,9.39584703561026,1
9336,Branch_10620,5698,5812,191.93857965451056,1
9337,Branch_10621,4571,5812,137.17421124828533,1
9338,Branch_10622,570,1547,66.84491978609626,1
9339,Branch_10623,570,572,2000.0,1
9340,Branch_10624,569,571,90.41591320072332,1
9341,Branch_10625,1370,1371,102.88065843621399,1
9342,Branch_10626,1368,1369,102.04081632653062,1
9343,Branch_10627,9359,9394,92.7643784786642,1
9344,Branch_10628,811,1370,89.60573476702508,1
9345,Branch_10629,809,1369,79.30214115781126,1
9346,Branch_10630,9283,9366,71.73601147776183,1
9347,Branch_10631,4918,4917,4.501462975467027,1
9348,Branch_10632,4918,6294,2000.0,1
9349,Branch_10633,9219,9223,3.780718336483932,1
9350,Branch_10634,9220,9222,2.3507287259050305,1
9351,Branch_10635,9220,9221,6.112469437652812,1
9352,Branch_10636,9220,9219,5.98014591556034,1
9353,Branch_10637,9220,9219,5.98014591556034,1
9354,Branch_10638,3090,3144,10.780508840017248,1
9355,Branch_10639,3090,3210,1818.1818181818182,1
9356,Branch_10640,3090,3586,40.86636697997548,1
9357,Branch_10641,8615,8673,16.716817118020728,1
9358,Branch_10642,9367,9482,7.028888732691361,1
9359,Branch_10643,10166,10180,53.36179295624333,1
9360,Branch_10644,9527,10166,260.4166666666667,1
9361,Branch_10645,8550,8764,68.30601092896175,1
9362,Branch_10646,8764,9172,1492.5373134328358,1
9363,Branch_10647,7961,7962,7.733952049497293,1
9364,Branch_10648,7963,7962,3.665689149560117,1
9365,Branch_10649,3809,3814,641.025641025641,1
9366,Branch_10650,261,393,31.201248049921997,1
9367,Branch_10651,9579,10097,6.780120686148213,1
9368,Branch_10652,9580,10106,42.24757076468103,1
9369,Branch_10653,9581,9580,5.301102629346905,1
9370,Branch_10654,9579,9580,5.301102629346905,1
9371,Branch_10655,9580,9965,85.47008547008546,1
9372,Branch_10656,1720,1722,10.137875101378752,1
9373,Branch_10657,1719,1721,9.742790335151987,1
9374,Branch_10658,4292,4379,68.96551724137932,1
9375,Branch_10659,1968,1966,3.4239539820584812,1
9376,Branch_10660,1968,1967,3.450893781489406,1
9377,Branch_10661,1968,2507,2000.0,1
9378,Branch_10662,2657,2660,35.36067892503536,1
9379,Branch_10663,2657,2661,32.425421530479895,1
9380,Branch_10664,2660,2661,-366.3003663003663,1
9381,Branch_10665,2656,2661,6.806888571234089,1
9382,Branch_10666,2657,2663,28.52253280091272,1
9383,Branch_10667,2658,2663,-148.5884101040119,1
9384,Branch_10668,2659,2663,6.868603612885501,1
9385,Branch_10669,2657,2664,32.1853878339234,1
9386,Branch_10670,2658,2664,-369.00369003690037,1
9387,Branch_10671,2662,2664,6.746272684341901,1
9388,Branch_10672,2020,2021,4.1363335539377895,1
9389,Branch_10673,2020,2022,4.1363335539377895,1
9390,Branch_10674,2020,2519,2000.0,1
9391,Branch_10675,7315,7316,47.14757190004715,1
9392,Branch_10676,7314,7316,-595.2380952380952,1
9393,Branch_10677,7317,7316,8.93814801573114,1
9394,Branch_10678,7315,7319,46.27487274409995,1
9395,Branch_10679,7314,7319,-460.8294930875576,1
9396,Branch_10680,7318,7319,9.02445627650934,1
9397,Branch_10681,7315,7988,47.48338081671415,1
9398,Branch_10682,7315,7988,47.66444232602478,1
9399,Branch_10683,7507,7506,10.990218705352236,1
9400,Branch_10685,7220,7931,111.11111111111111,1
9401,Branch_10687,9759,10243,114.15525114155251,1
9402,Branch_10688,14,938,8.16259897151253,1
9403,Branch_10689,384,388,10.137875101378752,1
9404,Branch_10690,386,389,10.137875101378752,1
9405,Branch_10691,375,383,168.63406408094434,1
9406,Branch_10692,381,382,182.14936247723134,1
9407,Branch_10693,386,387,60.64281382656155,1
9408,Branch_10694,384,385,59.31198102016607,1
9409,Branch_10695,378,380,125.15644555694618,1
9410,Branch_10696,375,381,125.15644555694618,1
9411,Branch_10697,378,383,11.575413821044103,1
9412,Branch_10698,380,382,11.575413821044103,1
9413,Branch_10699,3942,3951,58.07200929152149,1
9414,Branch_10701,2749,9315,32.1853878339234,1
9415,Branch_10702,2749,9315,32.1853878339234,1
9416,Branch_10703,2493,2492,3.5855145213338115,1
9417,Branch_10704,8735,9440,52.35602094240838,1
9418,Branch_10705,802,1592,2000.0,1
9419,Branch_10706,9739,10053,14.26126640045636,1
9420,Branch_10707,8772,8773,41.18616144975288,1
9421,Branch_10708,10078,10116,4.493978069387022,1
9422,Branch_10709,10078,10168,5.846927439630474,1
9423,Branch_10710,10078,10174,11.143302874972141,1
9424,Branch_10712,9416,9432,4.85649069982031,1
9425,Branch_10713,8844,9277,43.10344827586207,1
9426,Branch_10714,2186,2187,49.6031746031746,1
9427,Branch_10715,2189,2187,-943.3962264150944,1
9428,Branch_10716,2188,2187,9.00657479960371,1
9429,Branch_10717,2186,2184,48.804294777940456,1
9430,Branch_10718,2190,2184,-934.5794392523364,1
9431,Branch_10719,2185,2184,9.0049527239982,1
9432,Branch_10720,2183,2189,95.23809523809524,1
9433,Branch_10721,2183,2190,95.23809523809524,1
9434,Branch_10722,3900,3902,77.7000777000777,1
9435,Branch_10723,3902,4209,67.11409395973155,1
9436,Branch_10724,3901,3902,15.080681646810437,1
9437,Branch_10725,6579,7070,59.630292188431724,1
9438,Branch_10726,9244,9432,2.7777777777777777,1
9439,Branch_10727,8616,9432,222.71714922048997,1
9440,Branch_10728,6909,7070,395.25691699604744,1
9441,Branch_10729,1290,3868,46.10419548178884,1
9442,Branch_10730,7253,8243,290.69767441860466,1
9443,Branch_10731,7253,8243,290.69767441860466,1
9444,Branch_10732,3868,4107,228.31050228310502,1
9445,Branch_10733,3868,4107,227.79043280182233,1
9446,Branch_10734,872,3868,39.01677721420211,1
9447,Branch_10735,872,3868,39.01677721420211,1
9448,Branch_10736,8809,9318,9.683354313934347,1
9449,Branch_10737,8660,9318,625.0,1
9450,Branch_10738,4342,4341,2.1108179419525066,1
9451,Branch_10739,4342,4357,20.48760499897562,1
9452,Branch_10740,4248,4342,53.61930294906166,1
9453,Branch_10741,3249,3503,31.79650238473768,1
9454,Branch_10742,3061,3503,18.726591760299627,1
9455,Branch_10743,9521,10049,21.01723413198823,1
9456,Branch_10744,9521,9579,416.6666666666667,1
9457,Branch_10745,3061,3063,10.111223458038422,1
9458,Branch_10746,653,1612,40.53506282934739,1
9459,Branch_10747,8553,9275,5.3276505061267985,1
9460,Branch_10748,9698,9699,7.733952049497293,1
9461,Branch_10749,4696,4697,381.6793893129771,1
9462,Branch_10750,1332,1381,212.7659574468085,1
9463,Branch_10751,7985,7986,2000.0,1
9464,Branch_10752,7988,7985,45.00450045004501,1
9465,Branch_10753,7988,7985,45.08566275924256,1
9466,Branch_10754,2852,8590,30.50640634533252,1
9467,Branch_10755,3351,3355,63.85696040868455,1
9468,Branch_10756,4218,4346,257.0694087403599,1
9469,Branch_10757,3106,3107,9.858044164037855,1
9470,Branch_10758,3106,3107,9.858044164037855,1
9471,Branch_10759,2938,3107,86.35578583765113,1
9472,Branch_10760,9240,9241,2000.0,1
9473,Branch_10761,9239,9240,2000.0,1
9474,Branch_10762,9239,9242,2000.0,1
9475,Branch_10763,3915,4247,180.50541516245488,1
9476,Branch_10764,4218,4247,1818.1818181818182,1
9477,Branch_10765,371,372,115.47344110854503,1
9478,Branch_10766,276,372,218.34061135371178,1
9479,Branch_10767,9683,9697,195.3125,1
9480,Branch_10768,9683,10316,91.32420091324201,1
9481,Branch_10769,2926,3031,10.922992900054615,1
9482,Branch_10770,9071,9072,10.195758564437194,1
9483,Branch_10771,9071,9073,10.646225912913872,1
9484,Branch_10772,9063,9071,2000.0,1
9485,Branch_10773,2925,3321,31.17206982543641,1
9486,Branch_10775,5524,5762,333.3333333333333,1
9487,Branch_10776,5761,6146,826.4462809917355,1
9488,Branch_10777,9697,9695,6.9046468273147825,1
9489,Branch_10778,9697,9696,6.903693476009665,1
9490,Branch_10779,10316,10314,10.29230135858378,1
9491,Branch_10780,10316,10315,10.301844030081385,1
9492,Branch_10781,5524,5526,6.666222251849876,1
9493,Branch_10782,5524,5525,6.666222251849876,1
9494,Branch_10783,3661,3662,4.245743641998896,1
9495,Branch_10784,3661,3663,4.254957024934048,1
9496,Branch_10785,3661,3664,3.01504507492387,1
9497,Branch_10786,4468,5249,61.05006105006105,1
9498,Branch_10787,9980,10151,17.488632388947185,1
9499,Branch_10788,4468,5563,261.78010471204186,1
9500,Branch_10790,7689,7691,2000.0,1
9501,Branch_10791,8402,8403,2000.0,1
9502,Branch_10792,5656,5657,2000.0,1
9503,Branch_10793,5307,5310,2000.0,1
9504,Branch_10794,5308,5309,2000.0,1
9505,Branch_10795,4130,4131,2000.0,1
9506,Branch_10796,4130,4131,2000.0,1
9507,Branch_10797,4130,4131,1000.0,1
9508,Branch_10798,7243,7242,14.005602240896359,1
9509,Branch_10799,6779,6778,4.733727810650888,1
9510,Branch_10800,6780,6778,5.106469897359955,1
9511,Branch_10801,10174,10173,6.053635207942369,1
9512,Branch_10802,6436,6778,67.98096532970769,1
9513,Branch_10803,4437,6778,48.1000481000481,1
9514,Branch_10804,5890,6779,40.83299305839118,1
9515,Branch_10805,5893,6779,7.496251874062969,1
9516,Branch_10806,5455,6999,68.96551724137932,1
9517,Branch_10807,8535,9476,88.49557522123894,1
9518,Branch_10808,8534,8577,46.10419548178884,1
9519,Branch_10809,5918,5922,38.095238095238095,1
9520,Branch_10810,5919,5920,38.095238095238095,1
9521,Branch_10811,306,1332,181.48820326678765,1
9522,Branch_10812,669,1332,54.7645125958379,1
9523,Branch_10813,485,705,146.84287812041117,1
9524,Branch_10814,5428,5429,95.23809523809524,1
9525,Branch_10815,5427,5430,95.23809523809524,1
9526,Branch_10816,7914,7913,12.871669455528382,1
9527,Branch_10817,7916,7915,13.403029084573113,1
9528,Branch_10818,7914,7916,359.71223021582733,1
9529,Branch_10819,8259,8260,38.446751249519416,1
9530,Branch_10820,10302,10305,265.9574468085106,1
9531,Branch_10821,5739,5741,56.657223796033996,1
9532,Branch_10822,4151,4154,39.51007506914263,1
9533,Branch_10823,4152,4154,346.02076124567475,1
9534,Branch_10824,4153,4154,6.797634423220719,1
9535,Branch_10825,10305,10303,8.372404554588078,1
9536,Branch_10826,10305,10304,8.428860418071476,1
9537,Branch_10827,10302,10301,10.860121633362294,1
9538,Branch_10828,3943,3944,12.00192030724916,1
9539,Branch_10829,3943,3945,12.607160867372668,1
9540,Branch_10830,7614,7617,41.61464835622139,1
9541,Branch_10831,9156,9154,7.975753708725475,1
9542,Branch_10832,9156,9155,7.975753708725475,1
9543,Branch_10833,9156,9259,2000.0,1
9544,Branch_10834,7615,7614,6.324710644488015,1
9545,Branch_10836,3459,3502,36.52300949598247,1
9546,Branch_10837,3502,3589,5.849663644340451,1
9547,Branch_10838,5285,5287,2.2399928320229376,1
9548,Branch_10839,5285,5286,3.538069629210303,1
9549,Branch_10840,5285,5288,4.888541259288228,1
9550,Branch_10841,8927,8939,219.2982456140351,1
9551,Branch_10842,8939,8938,11.588828369451848,1
9552,Branch_10843,5350,5349,5.824111822947001,1
9553,Branch_10844,8736,8774,259.0673575129534,1
9554,Branch_10845,8741,8740,5.049229992426155,1
9555,Branch_10846,8744,8747,39.920159680638726,1
9556,Branch_10847,8744,8748,41.00041000410004,1
9557,Branch_10848,8743,8747,-354.6099290780142,1
9558,Branch_10849,8742,8748,-467.2897196261682,1
9559,Branch_10850,8745,8747,6.684491978609626,1
9560,Branch_10851,8746,8748,6.744452687664396,1
9561,Branch_10852,8740,9048,35.6887937187723,1
9562,Branch_10853,8740,8743,2000.0,1
9563,Branch_10854,8740,8742,2000.0,1
9564,Branch_10855,4534,5978,2.0,1
9565,Branch_10856,5182,5285,588.2352941176471,1
9566,Branch_10857,4428,5285,11.899095668729176,1
9567,Branch_10858,5285,6724,7.859163784973279,1
9568,Branch_10859,335,337,2000.0,1
9569,Branch_10860,336,338,2000.0,1
9570,Branch_10861,336,811,30.778701138811943,1
9571,Branch_10862,337,1395,46.707146193367585,1
9572,Branch_10863,4490,6710,8.363301831563101,1
9573,Branch_10864,6519,6721,13.424620754463687,1
9574,Branch_10865,9522,9579,21.01723413198823,1
9575,Branch_10866,6354,6355,15.290519877675841,1
9576,Branch_10867,8697,8925,943.3962264150944,1
9577,Branch_10868,152,1292,30.73140749846343,1
9578,Branch_10869,3096,3568,6.941552131056504,1
9579,Branch_10870,3327,3568,4.1426736815941005,1
9580,Branch_10871,5440,5611,2000.0,1
9581,Branch_10872,9733,9737,9.379103357719002,1
9582,Branch_10873,9734,9737,13.65001365001365,1
9583,Branch_10874,9738,9737,11.037527593818984,1
9584,Branch_10875,845,2749,14.757969303423849,1
9585,Branch_10876,845,2749,14.757969303423849,1
9586,Branch_10877,252,692,52.00208008320333,1
9587,Branch_10878,692,1606,40.899795501022496,1
9588,Branch_10880,5964,6670,41.01722723543888,1
9589,Branch_10881,845,843,79.55449482895784,1
9590,Branch_10882,845,843,79.30214115781126,1
9591,Branch_10885,6206,6205,9.586808551433228,1
9592,Branch_10886,8669,8670,7.697636825494573,1
9593,Branch_10887,2101,2100,14.575134819997086,1
9594,Branch_10888,588,1458,9.337068160597573,1
9595,Branch_10891,4537,6660,85.17887563884156,1
9596,Branch_10892,3392,3393,12.345679012345679,1
9597,Branch_10893,597,826,71.58196134574088,1
9598,Branch_10894,826,1261,17.885888034340905,1
9599,Branch_10895,826,1260,17.873100983020553,1
9600,Branch_10896,9195,9359,86.4304235090752,1
9601,Branch_10897,1568,1571,169.4915254237288,1
9602,Branch_10898,1569,1570,99.30486593843098,1
9603,Branch_10899,4368,4369,2000.0,1
9604,Branch_10900,8503,8752,60.790273556231,1
9605,Branch_10901,4186,4370,2000.0,1
9606,Branch_10902,3784,3802,2000.0,1
9607,Branch_10903,3462,3665,1315.7894736842106,1
9608,Branch_10904,3462,3526,27.540622418066647,1
9609,Branch_10905,7140,7141,15.792798483891346,1
9610,Branch_10906,7140,7142,8.843296781039971,1
9611,Branch_10907,3462,3508,86.05851979345955,1
9612,Branch_10908,3504,3505,41.23711340206186,1
9613,Branch_10909,3505,3507,16.633399866932802,1
9614,Branch_10910,3801,3802,14.427932477276006,1
9615,Branch_10911,4104,4335,5.128205128205129,1
9616,Branch_10912,2874,6715,3.8327392587482274,1
9617,Branch_10913,2591,2874,3.424188467333242,1
9618,Branch_10914,2425,2874,8.791981712678037,1
9619,Branch_10915,10003,10235,2000.0,1
9620,Branch_10916,9979,10003,8.733624454148472,1
9621,Branch_10917,10003,10085,8.481044864727334,1
9622,Branch_10918,7617,7618,8.960573476702509,1
9623,Branch_10919,3088,3089,13.605442176870747,1
9624,Branch_10920,3086,3087,10.54407423028258,1
9625,Branch_10921,3029,3026,10.454783063251437,1
9626,Branch_10922,3027,3028,9.851246182642104,1
9627,Branch_10923,3365,3366,8.39630562552477,1
9628,Branch_10924,3365,3366,7.680491551459293,1
9629,Branch_10925,3750,3749,5.5432372505543235,1
9630,Branch_10926,3008,3009,7.0821529745042495,1
9631,Branch_10927,8299,8300,2000.0,1
9632,Branch_10928,8299,8298,10.358400662937642,1
9633,Branch_10929,8261,8299,2000.0,1
9634,Branch_10930,6196,6197,2000.0,1
9635,Branch_10931,6195,6197,2000.0,1
9636,Branch_10932,4596,6197,85.91065292096219,1
9637,Branch_10933,4631,4635,2000.0,1
9638,Branch_10934,4631,5462,61.72839506172839,1
9639,Branch_10935,4631,6501,17.761989342806395,1
9640,Branch_10936,7413,7414,7.767593599502874,1
9641,Branch_10937,3026,3028,26.99055330634278,1
9642,Branch_10939,1279,1282,2000.0,1
9643,Branch_10940,1280,1283,2000.0,1
9644,Branch_10941,1279,1281,2000.0,1
9645,Branch_10942,1280,1284,2000.0,1
9646,Branch_10945,5551,6472,34.447123665173955,1
9647,Branch_10946,6183,6185,1162.7906976744187,1
9648,Branch_10947,6183,6185,1162.7906976744187,1
9649,Branch_10948,8546,9464,13.550135501355014,1
9650,Branch_10949,8563,9308,20.77706212341575,1
9651,Branch_10950,9741,9742,7.334604664808567,1
9652,Branch_10951,9739,9741,2000.0,1
9653,Branch_10952,8753,9256,106.04453870625663,1
9654,Branch_10953,8990,9256,309.59752321981426,1
9655,Branch_10955,9299,9309,19.466614755693985,1
9656,Branch_10956,8148,8151,138.88888888888889,1
9657,Branch_10957,8151,8160,42.955326460481096,1
9658,Branch_10958,9881,9882,2000.0,1
9659,Branch_10959,9882,9886,552.4861878453039,1
9660,Branch_10960,9882,9889,395.25691699604744,1
9661,Branch_10961,7480,8151,980.3921568627451,1
9662,Branch_10962,3599,3772,636.9426751592357,1
9663,Branch_10963,3599,3772,636.9426751592357,1
9664,Branch_10964,3593,7894,60.132291040288635,1
9665,Branch_10965,7877,7894,125.47051442910916,1
9666,Branch_10966,3593,7877,40.65040650406504,1
9667,Branch_10968,7471,7877,48.61448711716091,1
9668,Branch_10969,7879,8428,36.83241252302026,1
9669,Branch_10970,7877,7892,24.108003857280618,1
9670,Branch_10971,3100,7892,50.42864346949067,1
9671,Branch_10972,7893,8198,386.1003861003861,1
9672,Branch_10973,7877,8152,2000.0,1
9673,Branch_10974,7471,7879,109.64912280701755,1
9674,Branch_10975,9880,10296,52.43838489774515,1
9675,Branch_10976,9911,10296,2000.0,1
9676,Branch_10977,3772,3780,1470.5882352941176,1
9677,Branch_10978,3772,9880,64.14368184733804,1
9678,Branch_10979,7892,8198,82.78145695364239,1
9679,Branch_10981,3772,9880,64.14368184733804,1
9680,Branch_10982,9880,10296,52.43838489774515,1
9681,Branch_10983,10296,10357,2000.0,1
9682,Branch_10984,2546,2653,134.04825737265415,1
9683,Branch_10985,2250,2470,90.09009009009009,1
9684,Branch_10986,2250,2546,147.05882352941177,1
9685,Branch_10990,2471,2832,49.40711462450593,1
9686,Branch_10991,2359,2834,87.33624454148472,1
9687,Branch_10992,2480,2832,161.0305958132045,1
9688,Branch_10993,2490,2834,27.129679869777537,1
9689,Branch_10994,1944,2834,45.146726862302486,1
9690,Branch_10995,2826,2834,95.14747859181732,1
9691,Branch_10996,2709,2832,32.372936225315634,1
9692,Branch_10997,2089,2107,2000.0,1
9693,Branch_10998,2089,2108,2000.0,1
9694,Branch_10999,4336,4337,23.80952380952381,1
9695,Branch_11000,4335,4336,15.037593984962406,1
9696,Branch_11001,4265,4336,32.97065611605671,1
9697,Branch_11002,4004,4335,10.006003602161297,1
9698,Branch_11003,3892,4335,15.89825119236884,1
9699,Branch_11004,8553,9402,6.142506142506143,1
9700,Branch_11005,8030,8031,10.529640939243972,1
9701,Branch_11006,8030,8032,10.529640939243972,1
9702,Branch_11007,7271,8030,257.7319587628866,1
9703,Branch_11008,7890,7911,22.411474675033617,1
9704,Branch_11009,3057,3653,8.000640051204096,1
9705,Branch_11011,3870,4144,137.17421124828533,1
9706,Branch_11012,4083,4240,83.19467554076539,1
9707,Branch_11013,4083,4375,230.94688221709006,1
9708,Branch_11014,4088,4083,1.444627430585652,1
9709,Branch_11015,4087,4083,1.4308403325272934,1
9710,Branch_11016,4086,4083,1.4359769669294504,1
9711,Branch_11017,4084,4083,1.427429484983442,1
9712,Branch_11018,4084,4083,1.5013662432813861,1
9713,Branch_11019,4085,4083,1.768972227136034,1
9714,Branch_11020,4089,4083,1.7155601303825698,1
9715,Branch_11021,9061,9062,2000.0,1
9716,Branch_11022,9061,9063,2000.0,1
9717,Branch_11023,927,929,259.7402597402597,1
9718,Branch_11025,3959,3957,8.514986376021799,1
9719,Branch_11026,3959,3958,8.473858147614608,1
9720,Branch_11027,1026,1024,11.50483202945237,1
9721,Branch_11028,1026,1025,10.486577181208053,1
9722,Branch_11029,3996,4208,2000.0,1
9723,Branch_11030,4208,4258,2000.0,1
9724,Branch_11031,8176,8177,8.430992327796982,1
9725,Branch_11032,8176,8178,8.429570934839417,1
9726,Branch_11033,7237,8176,39.29273084479372,1
9727,Branch_11034,7386,7385,8.3236224404861,1
9728,Branch_11035,7386,7387,8.3236224404861,1
9729,Branch_11036,7237,7386,32.62642740619902,1
9730,Branch_11037,2862,2860,6.013229104028864,1
9731,Branch_11038,7459,7460,12.50312578144536,1
9732,Branch_11039,7459,7733,2000.0,1
9733,Branch_11040,1291,1293,-366.3003663003663,1
9734,Branch_11041,1290,1293,56.59309564233163,1
9735,Branch_11042,1296,1293,9.476876421531463,1
9736,Branch_11043,1291,1294,-335.5704697986577,1
9737,Branch_11044,1290,1294,55.80357142857143,1
9738,Branch_11045,1295,1294,9.383503800319039,1
9739,Branch_11046,1291,1292,2000.0,1
9740,Branch_11047,9725,9727,5.818012566907145,1
9741,Branch_11048,9724,9727,-558.659217877095,1
9742,Branch_11049,9726,9727,1.945449593401035,1
9743,Branch_11050,624,626,7.899518129394107,1
9744,Branch_11051,625,624,4.066363044892648,1
9745,Branch_11052,625,624,4.162504162504162,1
9746,Branch_11053,3894,4342,43.38394793926247,1
9747,Branch_11054,3969,3967,8.120178643930167,1
9748,Branch_11055,3969,3968,8.120178643930167,1
9749,Branch_11056,2067,2069,45.187528242205154,1
9750,Branch_11057,2066,2069,-467.2897196261682,1
9751,Branch_11058,2068,2069,7.662248103593594,1
9752,Branch_11059,2071,2070,44.50378282153983,1
9753,Branch_11060,2066,2070,-323.62459546925567,1
9754,Branch_11061,2072,2070,9.004141905276427,1
9755,Branch_11062,3876,4159,500.0,1
9756,Branch_11063,7202,7891,2000.0,1
9757,Branch_11064,7202,7891,2000.0,1
9758,Branch_11065,7890,7891,41.16920543433512,1
9759,Branch_11066,7203,7890,574.7126436781609,1
9760,Branch_11067,3690,3693,245.7002457002457,1
9761,Branch_11068,3693,3748,225.73363431151242,1
9762,Branch_11069,5235,5236,14.41545336600836,1
9763,Branch_11070,5235,5237,8.781173164734808,1
9764,Branch_11071,5227,5235,39.69829297340215,1
9765,Branch_11072,5227,5235,48.355899419729205,1
9766,Branch_11073,5235,6598,25.056376847907792,1
9767,Branch_11074,8895,8896,483.09178743961354,1
9768,Branch_11075,4521,5787,18.298261665141812,1
9769,Branch_11076,5280,5787,56.91519635742743,1
9770,Branch_11077,10284,10287,20.69108214359611,1
9771,Branch_11078,10284,10288,20.69108214359611,1
9772,Branch_11080,8245,8248,45.187528242205154,1
9773,Branch_11081,8244,8248,-467.2897196261682,1
9774,Branch_11082,8247,8248,7.662248103593594,1
9775,Branch_11083,8245,8249,46.2962962962963,1
9776,Branch_11084,8244,8249,-458.7155963302752,1
9777,Branch_11085,8246,8249,8.933357155619081,1
9778,Branch_11086,3899,4079,2000.0,1
9779,Branch_11087,4325,4353,2000.0,1
9780,Branch_11088,4332,4352,2000.0,1
9781,Branch_11089,1641,1643,2000.0,1
9782,Branch_11090,1642,1644,2000.0,1
9783,Branch_11091,4203,4205,42.24757076468103,1
9784,Branch_11092,4203,4202,42.24757076468103,1
9785,Branch_11093,4203,4204,42.24757076468103,1
9786,Branch_11094,4203,4206,75.7002271006813,1
9787,Branch_11096,1060,1061,11.668611435239207,1
9788,Branch_11097,9424,9426,11.560693641618498,1
9789,Branch_11098,9424,9425,11.55802126675913,1
9790,Branch_11099,9403,9424,2000.0,1
9791,Branch_11100,4578,9609,588.2352941176471,1
9792,Branch_11101,2369,2370,2000.0,1
9793,Branch_11102,8921,9282,2000.0,1
9794,Branch_11103,9282,9283,13.468013468013469,1
9795,Branch_11104,5531,6616,14.6756677428823,1
9796,Branch_11105,4524,6171,65.57377049180327,1
9797,Branch_11106,4524,5913,128.2051282051282,1
9798,Branch_11107,736,775,324.6753246753247,1
9799,Branch_11108,748,751,1333.3333333333333,1
9800,Branch_11110,730,735,2000.0,1
9801,Branch_11111,752,765,2000.0,1
9802,Branch_11112,751,765,2000.0,1
9803,Branch_11113,742,757,2000.0,1
9804,Branch_11114,741,757,2000.0,1
9805,Branch_11115,742,1613,60.132291040288635,1
9806,Branch_11116,751,1000,70.2247191011236,1
9807,Branch_11117,730,872,131.06159895150722,1
9808,Branch_11118,730,872,131.06159895150722,1
9809,Branch_11119,730,771,55.0357732526142,1
9810,Branch_11120,742,771,-427.35042735042737,1
9811,Branch_11121,739,771,9.869719699960521,1
9812,Branch_11122,761,772,-67.38544474393531,1
9813,Branch_11123,742,772,7.540909433677702,1
9814,Branch_11124,775,772,1.928491533922166,1
9815,Branch_11125,730,773,58.0046403712297,1
9816,Branch_11126,751,773,-336.7003367003367,1
9817,Branch_11127,770,773,10.466820180029307,1
9818,Branch_11130,748,731,-27.647221454243848,1
9819,Branch_11131,744,731,4.63907960660605,1
9820,Branch_11132,754,731,4.733279689496852,1
9821,Branch_11142,735,734,40.06410256410256,1
9822,Branch_11143,750,734,5.681495369581274,1
9823,Branch_11144,743,734,5.631899076368551,1
9824,Branch_11145,735,737,44.150110375275936,1
9825,Branch_11146,755,737,5.636343140570398,1
9826,Branch_11147,745,737,5.5735146583435515,1
9827,Branch_11148,735,733,40.43671653861706,1
9828,Branch_11149,740,733,5.674080798910577,1
9829,Branch_11150,749,733,5.624613307835086,1
9830,Branch_11151,195,678,80.77544426494346,1
9831,Branch_11152,9613,10272,91.91176470588235,1
9832,Branch_11153,514,516,92.67840593141798,1
9833,Branch_11154,514,515,90.57971014492753,1
9834,Branch_11155,517,525,127.06480304955528,1
9835,Branch_11156,517,524,127.06480304955528,1
9836,Branch_11157,511,517,1562.5,1
9837,Branch_11158,511,517,2000.0,1
9838,Branch_11159,597,598,2000.0,1
9839,Branch_11160,8805,9383,12.108003390240949,1
9840,Branch_11161,2107,2109,19.27153594141453,1
9841,Branch_11162,2104,2109,10.52520787285549,1
9842,Branch_11163,2103,2109,10.619093129446744,1
9843,Branch_11164,2108,2110,19.27153594141453,1
9844,Branch_11165,2106,2110,10.52520787285549,1
9845,Branch_11166,2105,2110,10.619093129446744,1
9846,Branch_11168,8157,8158,8.987956138774043,1
9847,Branch_11169,8157,8159,8.922198429693076,1
9848,Branch_11170,7405,8157,57.43825387708214,1
9849,Branch_11171,3004,3005,10.513036164844408,1
9850,Branch_11172,3004,3006,10.513036164844408,1
9851,Branch_11173,9648,10302,53.99568034557235,1
9852,Branch_11174,4545,5965,2000.0,1
9853,Branch_11175,1595,1708,193.7984496124031,1
9854,Branch_11176,9164,9166,2000.0,1
9855,Branch_11177,7786,7787,64.14368184733804,1
9856,Branch_11178,5487,5489,46.04051565377532,1
9857,Branch_11179,5488,5489,-438.5964912280702,1
9858,Branch_11180,5490,5489,9.013881377321075,1
9859,Branch_11181,5487,5492,46.27487274409995,1
9860,Branch_11182,5488,5492,-460.8294930875576,1
9861,Branch_11183,5493,5492,9.013881377321075,1
9862,Branch_11184,6677,6676,5.244663554832957,1
9863,Branch_11185,6678,6680,46.2962962962963,1
9864,Branch_11186,6679,6680,-458.7155963302752,1
9865,Branch_11187,6681,6680,8.951750067138125,1
9866,Branch_11188,6676,6679,95.23809523809524,1
9867,Branch_11189,1383,1385,2000.0,1
9868,Branch_11190,1384,1386,2000.0,1
9869,Branch_11191,809,1383,120.48192771084338,1
9870,Branch_11192,809,1384,119.76047904191617,1
9871,Branch_11193,1121,1119,8.606592649969876,1
9872,Branch_11194,1121,1120,8.606592649969876,1
9873,Branch_11195,4007,4009,15.581177937052042,1
9874,Branch_11196,4007,4010,15.790304752881731,1
9875,Branch_11197,10013,10011,9.149967975112087,1
9876,Branch_11198,10013,10012,9.067005168192946,1
9877,Branch_11199,10013,10010,9.094216078574027,1
9878,Branch_11200,4876,4874,9.487666034155598,1
9879,Branch_11201,4876,4875,9.428625306430323,1
9880,Branch_11202,7848,7849,7.81983109164842,1
9881,Branch_11203,4837,6032,72.09805335255948,1
9882,Branch_11204,90,89,4.738887309259786,1
9883,Branch_11205,90,99,4.738887309259786,1
9884,Branch_11206,90,91,4.738887309259786,1
9885,Branch_11207,90,92,4.738887309259786,1
9886,Branch_11208,90,93,4.738887309259786,1
9887,Branch_11209,90,94,4.738887309259786,1
9888,Branch_11210,90,95,4.738887309259786,1
9889,Branch_11211,90,96,4.738887309259786,1
9890,Branch_11212,90,97,4.738887309259786,1
9891,Branch_11213,90,98,4.738887309259786,1
9892,Branch_11214,8814,8813,17.31301939058172,1
9893,Branch_11215,8814,9428,5.396654074473826,1
9894,Branch_11216,8814,9399,324.6753246753247,1
9895,Branch_11217,8627,8944,65.359477124183,1
9896,Branch_11218,8944,8945,15.441630636195182,1
9897,Branch_11219,8944,8946,15.441630636195182,1
9898,Branch_11220,1070,1594,2000.0,1
9899,Branch_11221,1070,1069,3.863987635239567,1
9900,Branch_11222,1737,1738,2000.0,1
9901,Branch_11223,1739,1740,2000.0,1
9902,Branch_11224,1649,1738,116.68611435239207,1
9903,Branch_11225,1649,1740,116.68611435239207,1
9904,Branch_11226,4221,4347,56.433408577878104,1
9905,Branch_11227,8270,8273,47.68717215069147,1
9906,Branch_11228,8271,8272,47.68717215069147,1
9907,Branch_11229,8274,8273,17.33102253032929,1
9908,Branch_11230,8274,8272,17.23246596587972,1
9909,Branch_11231,3093,3697,12.067093037287318,1
9910,Branch_11232,1065,1066,13.145786775338504,1
9911,Branch_11233,255,1065,51.733057423693744,1
9912,Branch_11234,3258,3259,5.05050505050505,1
9913,Branch_11235,3258,3260,5.067653169817057,1
9914,Branch_11236,3258,3261,5.033472592741733,1
9915,Branch_11237,9119,9230,62.11180124223603,1
9916,Branch_11238,23,1461,82.3045267489712,1
9917,Branch_11239,14,23,104.9317943336831,1
9918,Branch_11240,10018,10209,7.378440197742197,1
9919,Branch_11241,3761,3804,35.12469265893923,1
9920,Branch_11242,5087,5580,64.93506493506493,1
9921,Branch_11243,4578,4579,8.962982880702699,1
9922,Branch_11244,4578,4580,8.962982880702699,1
9923,Branch_11245,4340,4361,18.5459940652819,1
9924,Branch_11246,7034,7037,383.1417624521073,1
9925,Branch_11247,7035,7036,383.1417624521073,1
9926,Branch_11248,6115,6135,2000.0,1
9927,Branch_11249,4080,4081,5.558643690939411,1
9928,Branch_11251,9615,9976,3.772873042822109,1
9929,Branch_11252,4060,4053,46.44681839294008,1
9930,Branch_11253,4054,4053,21.312872975277067,1
9931,Branch_11254,4055,4053,87.33624454148472,1
9932,Branch_11255,4057,4063,46.59832246039143,1
9933,Branch_11256,4054,4063,-476.1904761904762,1
9934,Branch_11257,4062,4063,8.975854950184004,1
9935,Branch_11258,8979,9018,228.31050228310502,1
9936,Branch_11259,9018,9016,8.599191675982457,1
9937,Branch_11260,9018,9017,9.120758847136083,1
9938,Branch_11261,9862,9864,8.336112037345782,1
9939,Branch_11262,9862,9863,14.084507042253522,1
9940,Branch_11263,9757,9862,2000.0,1
9941,Branch_11264,6796,6795,19.876764062810576,1
9942,Branch_11265,6796,6795,18.751171948246764,1
9943,Branch_11269,6782,7112,127.8772378516624,1
9944,Branch_11271,3094,3095,11.266336187471834,1
9945,Branch_11273,5200,5558,19.249278152069298,1
9946,Branch_11274,5200,6601,87.7963125548727,1
9947,Branch_11275,9635,10292,62.30529595015577,1
9948,Branch_11276,9637,10292,62.5,1
9949,Branch_11277,10294,10295,2.375014843842774,1
9950,Branch_11278,10293,10295,-826.4462809917355,1
9951,Branch_11279,10292,10295,22.246941045606228,1
9952,Branch_11280,9683,10292,65.96306068601584,1
9953,Branch_11281,9683,10292,66.05019815059445,1
9954,Branch_11282,9126,9163,2000.0,1
9955,Branch_11283,9163,9161,9.903931860948797,1
9956,Branch_11284,9163,9162,9.963136395337251,1
9957,Branch_11285,7492,7493,269.54177897574124,1
9958,Branch_11286,7223,7962,2000.0,1
9959,Branch_11288,9653,10138,78.18608287724786,1
9960,Branch_11289,7134,7135,17.857142857142858,1
9961,Branch_11290,4690,7134,2000.0,1
9962,Branch_11291,8604,9254,12.823800974608874,1
9963,Branch_11292,8604,9466,5.437146585471944,1
9964,Branch_11293,276,277,103.84215991692628,1
9965,Branch_11294,257,657,52.79831045406547,1
9966,Branch_11295,3544,3545,56.49717514124294,1
9967,Branch_11296,3547,3545,-609.7560975609756,1
9968,Branch_11297,3546,3545,6.6970265202250205,1
9969,Branch_11298,3544,3548,56.59309564233163,1
9970,Branch_11299,3547,3548,-598.8023952095808,1
9971,Branch_11300,3549,3548,6.68493883280968,1
9972,Branch_11301,8050,8320,274.72527472527474,1
9973,Branch_11302,8050,8320,274.72527472527474,1
9974,Branch_11304,787,1517,18.832391713747647,1
9975,Branch_11305,787,1685,106.38297872340425,1
9976,Branch_11306,1753,1755,17.167381974248926,1
9977,Branch_11307,1449,1452,16.307893020221787,1
9978,Branch_11308,1449,1454,16.307893020221787,1
9979,Branch_11310,1449,1451,18.11922449719152,1
9980,Branch_11311,1323,1449,2000.0,1
9981,Branch_11312,10212,10266,90.41591320072332,1
9982,Branch_11313,4129,4132,45.578851412944395,1
9983,Branch_11314,4130,4132,-400.0,1
9984,Branch_11315,4133,4132,8.92379082634303,1
9985,Branch_11316,9715,9714,8.810572687224669,1
9986,Branch_11317,9703,9715,45.22840343735866,1
9987,Branch_11318,4092,4091,12.007684918347742,1
9988,Branch_11320,9725,9945,2000.0,1
9989,Branch_11323,2360,2480,170.94017094017093,1
9990,Branch_11324,2206,2674,259.7402597402597,1
9991,Branch_11325,1945,2674,65.01950585175553,1
9992,Branch_11327,1941,2565,30.61849357011635,1
9993,Branch_11329,1986,2055,229.88505747126436,1
9994,Branch_11330,285,286,4.60426354804549,1
9995,Branch_11331,1338,1340,253.80710659898477,1
9996,Branch_11333,1539,1540,2000.0,1
9997,Branch_11335,1535,1539,2000.0,1
9998,Branch_11336,4653,4654,29.061319383900027,1
9999,Branch_11337,3054,3053,9.480470231323473,1
10000,Branch_11338,3053,8549,11.52073732718894,1
10001,Branch_11339,3157,3314,7.002801120448179,1
10002,Branch_11340,3212,3241,24.05002405002405,1
10003,Branch_11341,3212,3314,9.416195856873824,1
10004,Branch_11342,1801,1802,2000.0,1
10005,Branch_11343,1800,1803,2000.0,1
10006,Branch_11344,1562,1564,2000.0,1
10007,Branch_11345,1563,1565,2000.0,1
10008,Branch_11346,1944,2490,68.02721088435374,1
10009,Branch_11347,2000,2727,99.60159362549801,1
10010,Branch_11348,1915,2851,30.959752321981423,1
10011,Branch_11349,1983,2851,204.08163265306123,1
10012,Branch_11351,8943,9344,158.9825119236884,1
10013,Branch_11352,9263,9261,5.356186395286556,1
10014,Branch_11353,9262,9261,5.356186395286556,1
10015,Branch_11354,8525,8524,3.3478406427854033,1
10016,Branch_11355,8523,8524,20.798668885191347,1
10017,Branch_11356,8522,8524,-154.5595054095827,1
10018,Branch_11357,8522,9261,296.7359050445104,1
10019,Branch_11358,8657,9484,56.2429696287964,1
10020,Branch_11359,424,425,12.189176011701608,1
10021,Branch_11360,415,932,26.695141484249866,1
10022,Branch_11361,9065,9064,3.34817691766833,1
10023,Branch_11362,9008,9065,1408.4507042253522,1
10024,Branch_11363,425,909,8.629616845012082,1
10025,Branch_11364,425,932,2000.0,1
10026,Branch_11365,50,679,746.2686567164179,1
10027,Branch_11366,236,424,1428.5714285714287,1
10028,Branch_11367,873,966,101.9367991845056,1
10029,Branch_11368,873,967,100.30090270812437,1
10030,Branch_11369,7188,7189,33.211557622052474,1
10031,Branch_11370,7188,7189,41.16920543433512,1
10032,Branch_11371,7189,7877,172.1170395869191,1
10033,Branch_11372,9028,9026,7.422802850356295,1
10034,Branch_11373,9028,9027,7.422802850356295,1
10035,Branch_11374,9029,9028,33.333333333333336,1
10036,Branch_11375,9024,9029,57.17552887364208,1
10037,Branch_11376,5495,5503,11.827321111768185,1
10038,Branch_11377,5500,5503,-113.76564277588169,1
10039,Branch_11378,5504,5503,5.889628364450203,1
10040,Branch_11379,5494,5506,10.703200256876807,1
10041,Branch_11380,5499,5506,-75.58578987150416,1
10042,Branch_11381,5505,5506,8.31739166597355,1
10043,Branch_11382,5495,5496,46.51162790697674,1
10044,Branch_11383,5502,5496,-485.43689320388347,1
10045,Branch_11384,5498,5496,8.959770629871874,1
10046,Branch_11385,9765,9763,9.668374746205163,1
10047,Branch_11386,9765,9764,9.668374746205163,1
10048,Branch_11388,9991,9992,8.160600620205647,1
10049,Branch_11389,9994,9995,13.468013468013469,1
10050,Branch_11390,10327,10329,2000.0,1
10051,Branch_11391,10329,10330,11.363636363636363,1
10052,Branch_11392,9048,9295,40.79967360261118,1
10053,Branch_11394,8787,9232,645.1612903225806,1
10054,Branch_11395,1302,1305,13.548299688389108,1
10055,Branch_11396,1302,1305,13.71553970648745,1
10056,Branch_11397,1307,1304,18.914318138831096,1
10057,Branch_11398,1308,1303,16.998130205677377,1
10058,Branch_11399,1302,1581,34.23485107839781,1
10059,Branch_11400,1302,1581,34.23485107839781,1
10060,Branch_11401,1305,1363,8.900756564307967,1
10061,Branch_11402,647,1302,16.215339711366955,1
10062,Branch_11403,969,970,4.784688995215311,1
10063,Branch_11404,969,971,4.784688995215311,1
10064,Branch_11405,968,969,2000.0,1
10065,Branch_11406,118,119,4.740235115661736,1
10066,Branch_11407,118,120,4.740235115661736,1
10067,Branch_11408,118,969,2000.0,1
10068,Branch_11409,2938,3638,47.80114722753346,1
10069,Branch_11410,4692,5724,60.20469596628537,1
10070,Branch_11411,4711,4712,10.025062656641603,1
10071,Branch_11412,1147,1148,2.886752691896885,1
10072,Branch_11414,1146,1147,2000.0,1
10073,Branch_11415,10071,10073,46.27487274409995,1
10074,Branch_11416,10072,10073,-460.8294930875576,1
10075,Branch_11417,10074,10073,8.932559178204556,1
10076,Branch_11418,236,1321,4.5024763619991,1
10077,Branch_11419,424,679,67.02412868632707,1
10078,Branch_11420,230,477,32.010243277848915,1
10079,Branch_11421,230,533,33.333333333333336,1
10080,Branch_11422,3134,3496,34.04834865509023,1
10081,Branch_11423,3143,3496,35.12469265893923,1
10082,Branch_11424,4734,4731,12.204051745179399,1
10083,Branch_11425,4734,4733,11.203226529240421,1
10084,Branch_11426,4734,4732,12.204051745179399,1
10085,Branch_11427,4734,6215,438.5964912280702,1
10086,Branch_11428,4659,5932,25.4323499491353,1
10087,Branch_11429,2470,2826,102.6694045174538,1
10088,Branch_11430,9700,10296,151.5151515151515,1
10089,Branch_11431,9700,9701,10.26167265264238,1
10090,Branch_11432,9700,9702,10.24485196188915,1
10091,Branch_11433,4690,7093,561.7977528089888,1
10092,Branch_11434,4657,4690,1298.7012987012988,1
10093,Branch_11435,6554,6908,152.67175572519085,1
10094,Branch_11436,2129,2128,14.308198597796537,1
10095,Branch_11438,809,811,38.095238095238095,1
10096,Branch_11439,809,812,2000.0,1
10097,Branch_11440,809,814,2000.0,1
10098,Branch_11441,811,816,2000.0,1
10099,Branch_11442,810,811,2000.0,1
10100,Branch_11443,809,817,2000.0,1
10101,Branch_11444,800,803,2000.0,1
10102,Branch_11445,800,807,2000.0,1
10103,Branch_11446,802,805,2000.0,1
10104,Branch_11448,138,800,161.55088852988692,1
10105,Branch_11449,802,1023,218.8183807439825,1
10106,Branch_11450,812,794,23.391812865497077,1
10107,Branch_11451,814,797,23.386342376052387,1
10108,Branch_11452,816,804,39.65107057890563,1
10109,Branch_11453,810,801,60.56935190793458,1
10110,Branch_11454,817,796,85.1063829787234,1
10111,Branch_11455,803,799,88.18342151675485,1
10112,Branch_11456,807,798,44.923629829290206,1
10113,Branch_11457,805,795,45.49590536851683,1
10114,Branch_11459,646,647,6.103515625,1
10115,Branch_11460,4279,4379,15.283509093687911,1
10116,Branch_11462,4279,4329,54.141851651326476,1
10117,Branch_11463,8035,8036,11.827321111768185,1
10118,Branch_11464,8675,9376,45.31037607612143,1
10119,Branch_11465,6862,6867,24.993751562109473,1
10120,Branch_11466,6865,6863,24.993751562109473,1
10121,Branch_11467,6866,6864,19.996000799840033,1
10122,Branch_11468,5036,6862,2000.0,1
10123,Branch_11469,5036,6865,2000.0,1
10124,Branch_11470,5036,6866,2000.0,1
10125,Branch_11479,8569,9466,4.127115146512588,1
10126,Branch_11480,5036,5387,2000.0,1
10127,Branch_11481,5036,5387,2000.0,1
10128,Branch_11484,1161,1162,1086.9565217391305,1
10129,Branch_11485,1163,1164,1041.6666666666667,1
10130,Branch_11489,1921,1922,2.632271650434325,1
10131,Branch_11490,1526,1527,2000.0,1
10132,Branch_11491,1528,1531,2000.0,1
10133,Branch_11492,1529,1530,2000.0,1
10134,Branch_11493,1525,1530,353.35689045936397,1
10135,Branch_11494,10084,10083,5.590027391134217,1
10136,Branch_11495,8583,9230,78.92659826361484,1
10137,Branch_11496,2225,2346,48.426150121065376,1
10138,Branch_11497,1955,2225,341.29692832764505,1
10139,Branch_11498,9227,9281,53.41880341880342,1
10140,Branch_11499,8642,8722,42.73504273504273,1
10141,Branch_11500,9227,9378,112.4859392575928,1
10142,Branch_11501,8386,8387,6.25,1
10143,Branch_11502,3403,3405,19.043991620643688,1
10144,Branch_11503,1817,1818,9.67305088024763,1
10145,Branch_11504,1817,1819,9.673986649898422,1
10146,Branch_11505,8550,9484,92.85051067780873,1
10147,Branch_11506,8642,9484,98.81422924901186,1
10148,Branch_11507,1333,1334,2000.0,1
10149,Branch_11509,10115,10263,2000.0,1
10150,Branch_11510,10115,10264,2000.0,1
10151,Branch_11511,10263,10262,3.7815761609438816,1
10152,Branch_11512,10264,10265,3.7688915689895603,1
10153,Branch_11513,9088,9089,10.66894270777766,1
10154,Branch_11514,8624,9088,2000.0,1
10155,Branch_11515,5337,5563,42.46284501061571,1
10156,Branch_11516,1816,1815,9.004141905276427,1
10157,Branch_11517,8619,8821,7.311544929443591,1
10158,Branch_11518,8565,8619,13.30671989354624,1
10159,Branch_11519,6128,6124,27.277686852154936,1
10160,Branch_11520,6127,6125,27.700831024930746,1
10161,Branch_11521,6127,6126,39.635354736424894,1
10162,Branch_11522,5446,5447,-80.51529790660226,1
10163,Branch_11523,5445,5447,14.718869590815425,1
10164,Branch_11524,5443,5447,19.043991620643688,1
10165,Branch_11525,5442,5444,18.37897445322551,1
10166,Branch_11526,6120,6127,2000.0,1
10167,Branch_11527,6120,6128,2000.0,1
10168,Branch_11528,5446,5946,2000.0,1
10169,Branch_11529,5442,5946,2000.0,1
10170,Branch_11531,9330,9337,41.084634346754314,1
10171,Branch_11532,9328,9337,-454.54545454545456,1
10172,Branch_11533,9338,9337,6.72449734382355,1
10173,Branch_11534,9328,9340,9.469696969696969,1
10174,Branch_11535,9329,9340,-27.389756231169542,1
10175,Branch_11536,9339,9340,0.9746778689643073,1
10176,Branch_11543,9329,9367,17.33402669440111,1
10177,Branch_11544,6674,7056,10.507512871703268,1
10178,Branch_11545,9683,10296,62.46096189881324,1
10179,Branch_11547,3648,3657,2000.0,1
10180,Branch_11548,9986,10119,10.066438494060801,1
10181,Branch_11549,6584,6674,8.54627809588924,1
10182,Branch_11550,10185,10251,125.31328320802005,1
10183,Branch_11551,7253,8452,144.0922190201729,1
10184,Branch_11552,8452,8453,8.699434536755112,1
10185,Branch_11553,8452,8454,15.441630636195182,1
10186,Branch_11554,8452,8455,12.118274357731458,1
10187,Branch_11555,6409,10002,2000.0,1
10188,Branch_11556,6992,6990,12.470382840753212,1
10189,Branch_11557,6992,6990,12.470382840753212,1
10190,Branch_11558,6991,6994,77.51937984496124,1
10191,Branch_11559,6990,6994,65.359477124183,1
10192,Branch_11560,6995,6994,5.13083632632119,1
10193,Branch_11561,6991,6996,77.51937984496124,1
10194,Branch_11562,6990,6996,65.359477124183,1
10195,Branch_11563,6993,6996,5.13083632632119,1
10196,Branch_11564,10261,10271,2000.0,1
10197,Branch_11565,10079,10080,9.390553103577801,1
10198,Branch_11566,6992,7087,5.877858108505261,1
10199,Branch_11567,3731,3729,17.898693395382136,1
10200,Branch_11568,3731,3730,17.898693395382136,1
10201,Branch_11569,3667,3731,847.457627118644,1
10202,Branch_11570,7803,7804,14.413375612568464,1
10203,Branch_11571,8401,8400,7.012622720897616,1
10204,Branch_11572,4884,4883,8.594018563080096,1
10205,Branch_11573,6186,6187,24.224806201550386,1
10206,Branch_11574,4699,6186,234.192037470726,1
10207,Branch_11575,6557,6558,5.241090146750524,1
10208,Branch_11576,6197,6876,34.65003465003465,1
10209,Branch_11577,2001,2004,50.505050505050505,1
10210,Branch_11578,2003,2004,-326.797385620915,1
10211,Branch_11579,2005,2004,6.66000666000666,1
10212,Branch_11580,2001,2006,51.49330587023687,1
10213,Branch_11581,2003,2006,-344.82758620689657,1
10214,Branch_11582,2007,2006,6.607638430025109,1
10215,Branch_11583,10031,10201,2000.0,1
10216,Branch_11584,8942,8952,2000.0,1
10217,Branch_11585,7782,7783,5.767012687427912,1
10218,Branch_11586,7729,7728,14.30615164520744,1
10219,Branch_11587,7729,7728,8.435970980259828,1
10220,Branch_11588,4488,6583,90.17132551848512,1
10221,Branch_11589,4488,5817,33.9328130302002,1
10222,Branch_11590,2199,2201,6.802258349772124,1
10223,Branch_11591,2200,2198,6.802258349772124,1
10224,Branch_11592,2640,2642,4.597701149425287,1
10225,Branch_11593,2640,2641,2.0504408447816282,1
10226,Branch_11595,5412,6406,2000.0,1
10227,Branch_11596,4837,6028,78.67820613690007,1
10228,Branch_11597,9965,10079,59.701492537313435,1
10229,Branch_11598,7256,7257,46.08294930875576,1
10230,Branch_11599,7255,7257,-460.8294930875576,1
10231,Branch_11600,7259,7257,8.94854586129754,1
10232,Branch_11601,7256,7258,46.06172270842929,1
10233,Branch_11602,7255,7258,-462.962962962963,1
10234,Branch_11603,7260,7258,8.992805755395684,1
10235,Branch_11605,6014,6524,2000.0,1
10236,Branch_11606,4657,4655,36.062026685899745,1
10237,Branch_11607,4657,4656,36.062026685899745,1
10238,Branch_11608,3924,4402,2000.0,1
10239,Branch_11609,5903,5908,93.10986964618249,1
10240,Branch_11610,5904,5908,211.41649048625794,1
10241,Branch_11611,5909,5908,12.514078338130396,1
10242,Branch_11612,5903,5906,90.09009009009009,1
10243,Branch_11613,5902,5906,265.9574468085106,1
10244,Branch_11614,5907,5906,13.238019592268996,1
10245,Branch_11615,7532,7533,46.33920296570899,1
10246,Branch_11616,7531,7533,-454.54545454545456,1
10247,Branch_11617,7534,7533,8.94854586129754,1
10248,Branch_11618,3705,3706,12.035142616440005,1
10249,Branch_11619,1757,1758,109.64912280701755,1
10250,Branch_11620,4634,4658,2000.0,1
10251,Branch_11621,4634,6165,59.06674542232723,1
10252,Branch_11622,9651,10309,1190.4761904761904,1
10253,Branch_11623,9651,9652,5.29436679373147,1
10254,Branch_11624,6457,6458,5.555246930726071,1
10255,Branch_11625,6457,6917,5.974072525240456,1
10256,Branch_11626,5791,6990,28.49002849002849,1
10257,Branch_11629,8166,8167,2000.0,1
10258,Branch_11630,4702,5156,714.2857142857143,1
10259,Branch_11631,5156,6146,2000.0,1
10260,Branch_11632,7675,7674,7.089181908407769,1
10261,Branch_11633,7684,7685,5.668934240362812,1
10262,Branch_11634,9971,10046,8.869179600886918,1
10263,Branch_11635,1000,1001,2000.0,1
10264,Branch_11639,1649,1653,-529.1005291005291,1
10265,Branch_11640,1648,1653,51.440329218106996,1
10266,Branch_11641,1655,1653,10.165700925078784,1
10267,Branch_11642,1652,1650,-168.35016835016836,1
10268,Branch_11643,1647,1650,23.207240659085635,1
10269,Branch_11644,1659,1650,5.9112135721463615,1
10270,Branch_11645,1647,1656,133.33333333333334,1
10271,Branch_11646,1648,1656,88.261253309797,1
10272,Branch_11647,1654,1656,9.885330170027679,1
10273,Branch_11648,1652,1657,-174.52006980802793,1
10274,Branch_11649,1647,1657,23.452157598499063,1
10275,Branch_11650,1658,1657,5.977286312014345,1
10276,Branch_11651,213,1647,58.07200929152149,1
10277,Branch_11653,5118,5745,45.662100456621005,1
10278,Branch_11654,5697,5745,155.52099533437013,1
10279,Branch_11655,1760,1772,2000.0,1
10280,Branch_11656,1760,1772,2000.0,1
10281,Branch_11657,8697,9412,60.09615384615385,1
10282,Branch_11658,8577,9412,41.98152812762385,1
10283,Branch_11659,2913,3705,408.16326530612247,1
10284,Branch_11660,1455,1456,5.430355688297584,1
10285,Branch_11661,704,1301,2000.0,1
10286,Branch_11662,9218,9275,5.561735261401557,1
10287,Branch_11663,8499,9275,30.211480362537763,1
10288,Branch_11664,5714,5713,10.554089709762533,1
10289,Branch_11665,5711,5713,-165.28925619834712,1
10290,Branch_11666,5715,5713,2.401998462720984,1
10291,Branch_11667,4682,6177,2000.0,1
10292,Branch_11668,6072,6750,34.27004797806717,1
10293,Branch_11669,6072,6876,261.78010471204186,1
10294,Branch_11670,5635,6134,114.94252873563218,1
10295,Branch_11671,6134,6838,111.98208286674132,1
10296,Branch_11672,5748,6828,94.9667616334283,1
10297,Branch_11673,6665,6664,6.231306081754735,1
10298,Branch_11674,6665,6718,27.3224043715847,1
10299,Branch_11675,5467,5464,45.97701149425287,1
10300,Branch_11676,5465,5464,-444.44444444444446,1
10301,Branch_11677,5466,5464,8.981498113885396,1
10302,Branch_11678,5467,5471,45.187528242205154,1
10303,Branch_11679,5465,5471,-467.2897196261682,1
10304,Branch_11680,5472,5471,7.662248103593594,1
10305,Branch_11683,604,605,2000.0,1
10306,Branch_11684,603,606,2000.0,1
10307,Branch_11685,5953,5952,7.610350076103501,1
10308,Branch_11686,5951,5952,100.0,1
10309,Branch_11687,5955,5952,3.0712530712530715,1
10310,Branch_11688,7675,8044,37.105751391465674,1
10311,Branch_11689,7684,8044,23.266635644485806,1
10312,Branch_11690,443,606,166.9449081803005,1
10313,Branch_11691,5341,5716,2000.0,1
10314,Branch_11692,6114,7088,16.466326362588507,1
10315,Branch_11693,6075,6114,68.3526999316473,1
10316,Branch_11694,6114,6501,50.403225806451616,1
10317,Branch_11695,6114,6501,51.36106831022085,1
10318,Branch_11696,6114,6501,50.68423720223011,1
10319,Branch_11697,5564,6104,35.29827038475115,1
10320,Branch_11698,4535,6104,97.0873786407767,1
10321,Branch_11699,5122,6104,201.61290322580646,1
10322,Branch_11700,1124,1123,10.186411327289395,1
10323,Branch_11701,1396,1397,2000.0,1
10324,Branch_11702,5775,5770,30.959752321981423,1
10325,Branch_11703,5771,5770,-384.61538461538464,1
10326,Branch_11704,5774,5770,8.176614881439084,1
10327,Branch_11705,5775,5769,30.959752321981423,1
10328,Branch_11706,5771,5769,-384.61538461538464,1
10329,Branch_11707,5772,5769,10.81081081081081,1
10330,Branch_11708,8152,8151,56.21135469364812,1
10331,Branch_11709,7877,7926,193.05019305019306,1
10332,Branch_11710,8101,8100,10.498687664041995,1
10333,Branch_11711,2417,2593,53.05039787798408,1
10334,Branch_11712,2479,2878,51.3347022587269,1
10335,Branch_11713,1945,1947,2000.0,1
10336,Branch_11714,1945,2132,2000.0,1
10337,Branch_11715,2055,2498,1666.6666666666667,1
10338,Branch_11717,872,4107,39.666798889329634,1
10339,Branch_11719,1963,2702,147.92899408284023,1
10340,Branch_11720,6074,6579,15.126304643775526,1
10341,Branch_11721,5791,6074,120.91898428053204,1
10342,Branch_11722,3092,3091,10.612331529236974,1
10343,Branch_11723,3092,3091,10.574177857671566,1
10344,Branch_11724,3091,3093,2000.0,1
10345,Branch_11725,6241,6242,14.677821811243211,1
10346,Branch_11726,6241,6243,10.529640939243972,1
10347,Branch_11727,6241,6244,15.812776723592663,1
10348,Branch_11729,6229,6241,1960.7843137254902,1
10349,Branch_11730,7995,7997,10.702054794520548,1
10350,Branch_11731,7996,7997,-71.83908045977012,1
10351,Branch_11732,7998,7997,2.6010508245331114,1
10352,Branch_11739,346,1515,68.02721088435374,1
10353,Branch_11740,873,874,-248.75621890547265,1
10354,Branch_11741,872,874,54.614964500273075,1
10355,Branch_11742,875,874,10.619093129446744,1
10356,Branch_11743,873,877,-248.75621890547265,1
10357,Branch_11744,872,877,55.09641873278237,1
10358,Branch_11745,878,877,10.771219302024988,1
10359,Branch_11746,873,879,-243.90243902439025,1
10360,Branch_11747,872,879,54.31830526887561,1
10361,Branch_11748,880,879,10.573059843518715,1
10362,Branch_11749,3794,3793,15.28117359413203,1
10363,Branch_11750,2946,3794,2000.0,1
10364,Branch_11751,2444,2447,27.100271002710027,1
10365,Branch_11752,2443,2447,-476.1904761904762,1
10366,Branch_11753,2449,2447,19.29384526336099,1
10367,Branch_11754,2444,2448,27.233115468409586,1
10368,Branch_11755,2443,2448,-375.9398496240602,1
10369,Branch_11756,2450,2448,6.572461386789352,1
10370,Branch_11757,2444,2445,26.595744680851062,1
10371,Branch_11758,2443,2445,-270.27027027027026,1
10372,Branch_11759,2446,2445,6.574621959237344,1
10373,Branch_11760,229,1550,2000.0,1
10374,Branch_11761,229,1550,2000.0,1
